Id,Label
0,453783
1,9606
2,1883
3,319939
4,2781735
5,1894999
6,40324
7,861299
8,2565559
9,2898793
10,374
11,1542730
12,416169
13,1766
14,1710
15,40323
16,85006
17,356
18,2842456
19,1389922
20,191495
21,80840
22,1873
23,286
24,2851650
25,2884022
26,85023
27,666685
28,338584
29,32008
30,32033
31,304895
32,157920
33,119060
34,2933797
35,2015316
36,2997333
37,46165
38,128785
39,85007
40,1762
41,95486
42,2937800
43,2703788
44,496014
45,56
46,1861
47,1849581
48,2812560
49,35754
50,28056
51,2937801
52,2944128
53,1827
54,33882
55,13687
56,1866885
57,2851648
58,138336
59,2756133
60,72557
61,1822464
62,1725411
63,2795216
64,477641
65,2599293
66,2949664
67,1763
68,940133
69,53362
70,2070
71,2062
72,1906273
73,94132
74,68
75,1736675
76,2995304
77,1775411
78,1839
79,41297
80,1747
81,1798223
82,94625
83,150026
84,222
85,2601898
86,35753
87,284016
88,1813
89,338
90,1437360
91,2732067
92,3015177
93,2501295
94,146017
95,407
96,331696
97,482462
98,1877
99,54571
100,103733
101,2802641
102,587753
103,2219224
104,80864
105,2028343
106,665007
107,2599640
108,37330
109,83451
110,2851567
111,1813880
112,135614
113,339268
114,1664560
115,2567884
116,544
117,582680
118,2001
119,927083
120,2775496
121,3075430
122,1045317
123,2742128
124,445710
125,443156
126,2571746
127,1355477
128,2202249
129,85698
130,34073
131,2778082
132,2562284
133,674703
134,53360
135,217204
136,37927
137,560555
138,2732487
139,107709
140,715475
141,1483604
142,582702
143,1391654
144,204457
145,1909395
146,13690
147,2865833
148,404386
149,53359
150,386874
151,252970
152,75682
153,212767
154,2836373
155,1411117
156,624315
157,240495
158,2591145
159,93944
160,2742131
161,379
162,2528023
163,1141883
164,218821
165,2969621
166,83618
167,106589
168,2981134
169,28450
170,1824
171,2781978
172,75309
173,2020377
174,2591108
175,715472
176,323415
177,1436133
178,87883
179,2045
180,546
181,2736640
182,298654
183,550
184,39643
185,1076
186,1586287
187,2994496
188,2995142
189,40214
190,659352
191,2567896
192,1993
193,53461
194,29539
195,2724914
196,1076124
197,2951806
198,2777475
199,1176646
200,43767
201,196914
202,649831
203,3068632
204,1219491
205,710705
206,2728827
207,2053
208,41294
209,659012
210,3049772
211,101571
212,2903901
213,53358
214,2722752
215,2789776
216,2020412
217,2587808
218,103731
219,2932773
220,1836
221,715473
222,1764
223,2013
224,68287
225,231455
226,88688
227,1268
228,1707785
229,3014784
230,2763498
231,1817
232,2884263
233,56438
234,3075432
235,2750812
236,912630
237,67304
238,82380
239,69
240,191
241,2589903
242,2849779
243,701042
244,2843215
245,2020
246,2840469
247,2789216
248,511
249,588673
250,946334
251,85015
252,2010829
253,28095
254,2714944
255,871742
256,2006
257,2843216
258,122358
259,1325095
260,1325112
261,2136173
262,2704468
263,1988
264,294
265,3040509
266,2764186
267,3004093
268,217203
269,37326
270,1658665
271,134536
272,3052846
273,86188
274,1865
275,543
276,41275
277,3016096
278,164546
279,2732249
280,3075199
281,1904616
282,3034358
283,314722
284,33910
285,3004092
286,2558918
287,406548
288,34071
289,488446
290,48
291,1855352
292,2981136
293,2849501
294,455432
295,1866
296,43357
297,47989
298,2731680
299,2726118
300,2778070
301,2018025
302,398
303,48736
304,435897
305,85030
306,577492
307,2509455
308,47853
309,2939415
310,1716
311,37331
312,85012
313,299146
314,231454
315,2051959
316,860235
317,80816
318,433659
319,227318
320,2878388
321,2682487
322,1980001
323,2954771
324,467976
325,1034889
326,1867
327,292
328,522259
329,2759943
330,319707
331,1971
332,2048898
333,165695
334,1324796
335,2705012
336,1894
337,70411
338,2078691
339,2995223
340,2745196
341,419479
342,1795
343,390989
344,2268449
345,2034
346,2712223
347,2038343
348,1798224
349,363835
350,149698
351,2981138
352,223967
353,3027808
354,135487
355,1643322
356,182640
357,34072
358,2774151
359,2074
360,113562
361,2527974
362,2802971
363,2823693
364,47760
365,2055
366,2493671
367,37919
368,1847
369,80865
370,3037797
371,1867715
372,2896848
373,2742603
374,83681
375,3061628
376,1707
377,2918170
378,722472
379,56458
380,196162
381,117157
382,2714943
383,858423
384,2931390
385,68246
386,1907575
387,2033
388,758802
389,76892
390,285450
391,2024580
392,2653857
393,52
394,82633
395,2911537
396,1708
397,2840457
398,2548456
399,2865832
400,904039
401,944492
402,216778
403,1002689
404,75
405,73044
406,2602070
407,2792008
408,3061627
409,303
410,2867410
411,1653480
412,2714941
413,211114
414,2813578
415,3039158
416,1814
417,2509458
418,1849967
419,337
420,2419774
421,184914
422,3039159
423,1690815
424,83656
425,2728020
426,1933044
427,293
428,255045
429,2684469
430,1882749
431,42684
432,507
433,1804986
434,85009
435,524884
436,2175864
437,329
438,2598579
439,2894081
440,2942996
441,2497863
442,3015152
443,1325100
444,114
445,83637
446,193462
447,477697
448,2290922
449,2781734
450,2898149
451,158899
452,3031330
453,2026199
454,1325107
455,2045208
456,1544730
457,715471
458,49319
459,173480
460,2917724
461,1881
462,1882757
463,2992573
464,69666
465,2653203
466,83291
467,391953
468,2714939
469,68270
470,60550
471,2498135
472,1855912
473,1542737
474,2763008
475,29303
476,2135430
477,2918171
478,343
479,165697
480,2751189
481,445576
482,2804617
483,3015999
484,1617967
485,2686304
486,3064278
487,2842453
488,1938334
489,2547399
490,1616117
491,3015154
492,47857
493,288000
494,339
495,2780091
496,1848900
497,1926494
498,3002436
499,279058
500,33886
501,75105
502,488447
503,2017486
504,480035
505,642780
506,322009
507,3056648
508,404589
509,204434
510,2981135
511,280236
512,161492
513,45398
514,3028804
515,1325090
516,449461
517,3075627
518,273251
519,374432
520,2571747
521,307121
522,1526658
523,2716812
524,2904253
525,1775910
526,91347
527,261654
528,2900152
529,1969
530,2071607
531,2571748
532,114615
533,68214
534,3064139
535,3044187
536,1927
537,262209
538,2126346
539,2768066
540,115808
541,1335043
542,1575
543,68212
544,85025
545,151416
546,47865
547,261302
548,2710756
549,546874
550,2675222
551,2742137
552,2745
553,53457
554,2862869
555,67385
556,1387353
557,28068
558,412690
559,2582905
560,169427
561,1835
562,2720714
563,28447
564,546871
565,948107
566,134537
567,1535208
568,53462
569,439387
570,152480
571,420953
572,2768069
573,2753607
574,709879
575,37329
576,2880933
577,1740163
578,1690220
579,1679497
580,53399
581,3036374
582,3062779
583,3015151
584,3043848
585,2914159
586,200618
587,2518370
588,1888
589,1767
590,47875
591,1636152
592,946333
593,2807512
594,94
595,1842539
596,1494466
597,2487344
598,2721173
599,375
600,2892996
601,104336
602,1379270
603,135621
604,1914461
605,1038928
606,2865112
607,335929
608,1521768
609,367477
610,2857058
611,319706
612,1573
613,466153
614,33914
615,2730915
616,1885
617,92647
618,2898431
619,47872
620,66880
621,2923272
622,2904252
623,3057122
624,658062
625,2831000
626,871203
627,2996826
628,2932244
629,161493
630,29580
631,642
632,204455
633,2987751
634,1605891
635,1896961
636,2825844
637,160826
638,2861782
639,270351
640,2782665
641,39956
642,47858
643,1772
644,3018446
645,356852
646,82115
647,2763317
648,2760089
649,249586
650,2662065
651,2768068
652,504468
653,116188
654,3062449
655,1774216
656,940615
657,299152
658,258505
659,29448
660,106370
661,3030210
662,2898796
663,3039153
664,2717324
665,2202148
666,2714942
667,2811111
668,2782169
669,285578
670,2949637
671,564369
672,148447
673,2663857
674,152500
675,2896849
676,2014920
677,242606
678,2602016
679,2763006
680,2589080
681,1641402
682,1696
683,457921
684,1176198
685,2797636
686,158500
687,318424
688,1775
689,710111
690,2184053
691,105219
692,165696
693,419476
694,44255
695,3016000
696,40318
697,2063
698,33075
699,2760705
700,1890
701,2066
702,84531
703,2769491
704,1488356
705,155892
706,2742136
707,2998080
708,162426
709,215691
710,632569
711,204441
712,2973977
713,501023
714,2833628
715,1226757
716,940614
717,2938948
718,2692234
719,228602
720,51201
721,2929509
722,2419771
723,1090615
724,28214
725,283811
726,2782641
727,1901
728,1828
729,2496836
730,60548
731,384
732,1838286
733,1545728
734,2010972
735,1854
736,1658671
737,2782654
738,3039386
739,1413221
740,2976241
741,2909587
742,573
743,128780
744,53458
745,1333528
746,2136401
747,2931983
748,517
749,2907545
750,57975
751,1642299
752,305
753,47763
754,2057741
755,1841249
756,341045
757,285665
758,204447
759,858422
760,2057
761,319947
762,2742135
763,1800
764,2872154
765,33903
766,1385591
767,2964669
768,2203204
769,1323731
770,2282738
771,279113
772,265
773,160791
774,2483798
775,2899123
776,2567934
777,69367
778,66425
779,2654982
780,963
781,190721
782,450734
783,53522
784,2782168
785,212765
786,43
787,220927
788,2749844
789,2908642
790,2708539
791,2714952
792,1714373
793,215580
794,2499145
795,163604
796,185642
797,1609758
798,3015996
799,469
800,3075824
801,53376
802,3043734
803,84757
804,2201350
805,2709380
806,2991545
807,40566
808,2695266
809,216929
810,2585716
811,1522432
812,131568
813,2283195
814,2911539
815,2714844
816,44010
817,2880218
818,483545
819,93064
820,114616
821,2061
822,2819238
823,571913
824,2721244
825,758793
826,266062
827,1827580
828,2589074
829,287
830,1892855
831,2911538
832,1859
833,1552759
834,31
835,2055889
836,2592654
837,3053466
838,1535768
839,1915
840,2712222
841,2917725
842,2822368
843,2305220
844,467094
845,2984338
846,399176
847,1813879
848,2591633
849,2820884
850,1938607
851,46351
852,1327635
853,173860
854,1003110
855,2904523
856,3064529
857,3056937
858,1286180
859,2594473
860,362257
861,370526
862,2762325
863,553510
864,39695
865,56689
866,2576891
867,1663
868,2866715
869,3075825
870,574727
871,66871
872,2803858
873,1858
874,43348
875,1133546
876,1162966
877,1274631
878,515350
879,242605
880,1442032
881,2736757
882,36818
883,1801
884,209247
885,392734
886,1805827
887,273677
888,1045776
889,1670831
890,2742132
891,370777
892,191494
893,2801029
894,2382165
895,32
896,2049881
897,1286181
898,2698682
899,1858653
900,80860
901,2897332
902,684552
903,1420889
904,31958
905,57704
906,453304
907,2606451
908,3028709
909,2508722
910,3073064
911,119045
912,1597781
913,1780
914,413882
915,110319
916,455344
917,1654
918,1823
919,57043
920,2775403
921,1907
922,2861283
923,2879846
924,2498704
925,2708082
926,1911175
927,675864
928,39692
929,613
930,2903629
931,1750527
932,1771
933,2675754
934,37332
935,335406
936,2511995
937,65496
938,589382
939,1077946
940,2483401
941,2602015
942,1950
943,2763071
944,106592
945,2969308
946,1619308
947,38304
948,2653200
949,1914
950,68223
951,1882682
952,1325120
953,85693
954,3028316
955,269660
956,1473598
957,530584
958,380
959,1977088
960,2762611
961,2653852
962,2884264
963,55508
964,941907
965,2589797
966,722731
967,2750011
968,2507582
969,627624
970,2797167
971,2878150
972,2592334
973,1355015
974,192
975,41
976,1670830
977,3031124
978,1871049
979,2684468
980,2755382
981,2942449
982,83461
983,1072463
984,1940610
985,83676
986,37921
987,2872652
988,3075198
989,404405
990,83627
991,316
992,33877
993,2072505
994,1270
995,2895565
996,2995141
997,129921
998,2766784
999,3068633
1000,912
1001,1960
1002,408
1003,2749991
1004,2486272
1005,630515
1006,2899220
1007,34029
1008,2202149
1009,3033811
1010,1275
1011,42881
1012,1889
1013,2596828
1014,1561022
1015,2681549
1016,28105
1017,2202828
1018,311230
1019,356302
1020,420952
1021,106590
1022,2908837
1023,1176533
1024,2758442
1025,286727
1026,1608957
1027,1792
1028,1736046
1029,67287
1030,2801030
1031,2914710
1032,67282
1033,3051092
1034,1911
1035,3075197
1036,3028710
1037,190148
1038,72763
1039,125216
1040,3039155
1041,1761016
1042,2045452
1043,2518371
1044,2662397
1045,156977
1046,1797
1047,3023370
1048,334852
1049,2585135
1050,3018339
1051,348043
1052,648995
1053,67267
1054,35621
1055,2590785
1056,2293571
1057,179636
1058,2735133
1059,2819978
1060,2970464
1061,68895
1062,1071679
1063,39688
1064,1792307
1065,864828
1066,1047172
1067,2654191
1068,2493674
1069,2099693
1070,2704467
1071,2795387
1072,28077
1073,862751
1074,1437009
1075,2590774
1076,202862
1077,139208
1078,1391653
1079,2933290
1080,357
1081,1906274
1082,2807101
1083,1842727
1084,2928472
1085,1404888
1086,1288636
1087,2728021
1088,114686
1089,2810513
1090,1235591
1091,29405
1092,2782662
1093,2662361
1094,3068634
1095,2963431
1096,67367
1097,1967
1098,1893
1099,1521117
1100,2012
1101,2025949
1102,1470176
1103,388459
1104,39691
1105,204525
1106,3016086
1107,2041
1108,2925843
1109,152142
1110,2202825
1111,487698
1112,2051553
1113,39694
1114,709883
1115,2725477
1116,376175
1117,36813
1118,1682113
1119,2294034
1120,2771436
1121,2763107
1122,134601
1123,204891
1124,120959
1125,2878153
1126,83453
1127,76862
1128,2566013
1129,38300
1130,2740529
1131,2861282
1132,2761578
1133,2799326
1134,2765360
1135,2685869
1136,344163
1137,257708
1138,2600304
1139,2943498
1140,1791
1141,68200
1142,2904790
1143,1896164
1144,1871086
1145,95485
1146,117567
1147,1932
1148,67581
1149,434008
1150,2599401
1151,1592106
1152,639200
1153,2925842
1154,1804
1155,2493670
1156,2975441
1157,2909588
1158,36809
1159,434009
1160,3015161
1161,2820808
1162,1333996
1163,2968085
1164,887464
1165,2059884
1166,2781962
1167,397260
1168,2672569
1169,2838850
1170,3009077
1171,2004
1172,2211211
1173,2932247
1174,1675686
1175,415229
1176,1463158
1177,2171623
1178,370524
1179,1269
1180,2714938
1181,358
1182,2483799
1183,2962064
1184,41899
1185,3024246
1186,35
1187,2716225
1188,2795690
1189,2985506
1190,1736306
1191,1404864
1192,1503055
1193,1784
1194,1795630
1195,2509457
1196,767452
1197,1325115
1198,588932
1199,2979467
1200,1804624
1201,662548
1202,2014887
1203,2303331
1204,2653851
1205,44249
1206,28894
1207,590652
1208,2748629
1209,2968084
1210,2665642
1211,40988
1212,36863
1213,717785
1214,1063
1215,2528964
1216,2879618
1217,399736
1218,1389020
1219,1541170
1220,2901869
1221,110937
1222,3074430
1223,53437
1224,47885
1225,1892
1226,3019553
1227,2035
1228,2676871
1229,2875706
1230,2079793
1231,67081
1232,273678
1233,321985
1234,3039384
1235,40567
1236,2837956
1237,2735134
1238,465721
1239,3058426
1240,11
1241,36814
1242,2944250
1243,1276
1244,1249101
1245,2744474
1246,442121
1247,372663
1248,2763257
1249,89966
1250,1813468
1251,2816956
1252,284035
1253,370764
1254,3028312
1255,3012344
1256,2213200
1257,2761107
1258,863372
1259,2603276
1260,2174846
1261,43668
1262,2493672
1263,2865673
1264,2083284
1265,3002640
1266,1868589
1267,506
1268,180282
1269,80842
1270,356851
1271,2714937
1272,207745
1273,1891644
1274,675281
1275,2488560
1276,311231
1277,1197460
1278,13689
1279,85021
1280,2583243
1281,333966
1282,1179673
1283,2662028
1284,1678
1285,2721246
1286,3050069
1287,169430
1288,283
1289,1404768
1290,2596916
1291,2735433
1292,42197
1293,482957
1294,352475
1295,82541
1296,2584466
1297,2962047
1298,424188
1299,2571115
1300,2508882
1301,2857060
1302,375286
1303,1310165
1304,2929802
1305,2736649
1306,535
1307,745310
1308,60920
1309,1711
1310,3064286
1311,1138587
1312,151783
1313,2867005
1314,1796921
1315,84595
1316,1758689
1317,2729175
1318,2963432
1319,33899
1320,28047
1321,141349
1322,53451
1323,2698673
1324,2927875
1325,34070
1326,1274
1327,1283
1328,1169025
1329,2508168
1330,32002
1331,2969247
1332,2005046
1333,2976824
1334,3031131
1335,2582831
1336,1690221
1337,2592652
1338,1207504
1339,386911
1340,1460244
1341,3015149
1342,2070347
1343,1795631
1344,2697032
1345,2203205
1346,2760083
1347,2849093
1348,66892
1349,292462
1350,3049070
1351,1431246
1352,40989
1353,402297
1354,470076
1355,2806262
1356,1653478
1357,34
1358,67345
1359,2609253
1360,1936029
1361,2480810
1362,2025349
1363,78327
1364,921
1365,964
1366,1632864
1367,2705439
1368,3018036
1369,34018
1370,1389713
1371,904291
1372,85413
1373,2884874
1374,1793
1375,2608402
1376,31989
1377,28049
1378,633392
1379,92645
1380,60894
1381,700274
1382,2935861
1383,1353891
1384,93220
1385,1914233
1386,2509459
1387,186189
1388,96344
1389,1609977
1390,2021
1391,2905871
1392,1210884
1393,2978473
1394,2654547
1395,2675524
1396,1572644
1397,2613770
1398,98668
1399,2003551
1400,2736875
1401,433
1402,2675523
1403,3073562
1404,1593482
1405,1078471
1406,67296
1407,1736691
1408,743009
1409,3016093
1410,171437
1411,47312
1412,748247
1413,47420
1414,2593653
1415,80867
1416,93217
1417,3034022
1418,445709
1419,2774189
1420,1912
1421,219314
1422,56448
1423,1523415
1424,528244
1425,2976822
1426,3016092
1427,2681552
1428,1560345
1429,2934161
1430,340345
1431,2607753
1432,2991729
1433,3061626
1434,2871170
1435,2968083
1436,410
1437,2996782
1438,33050
1439,444597
1440,2714931
1441,446860
1442,354356
1443,1534349
1444,1810
1445,2571749
1446,399
1447,57493
1448,1285192
1449,36805
1450,414996
1451,2991972
1452,1549949
1453,2839983
1454,410837
1455,2292766
1456,2603206
1457,2768162
1458,2558931
1459,60552
1460,3033808
1461,321984
1462,342113
1463,2565782
1464,486698
1465,1259258
1466,2984843
1467,74313
1468,2903960
1469,2782166
1470,1648182
1471,2698679
1472,2099694
1473,51671
1474,2760308
1475,2799325
1476,3039154
1477,67305
1478,2819979
1479,2567881
1480,3049069
1481,234612
1482,1268041
1483,2934158
1484,2976823
1485,2082387
1486,945844
1487,1871048
1488,2898276
1489,388357
1490,2589976
1491,43356
1492,29549
1493,3051119
1494,459858
1495,110932
1496,2771361
1497,2991075
1498,1702325
1499,2233851
1500,2082949
1501,671077
1502,1812480
1503,2991728
1504,247333
1505,1789672
1506,68249
1507,119219
1508,795665
1509,2597660
1510,1630693
1511,168695
1512,1768
1513,2966192
1514,412963
1515,1446794
1516,1799
1517,300028
1518,2099695
1519,1223566
1520,1920
1521,2202827
1522,132473
1523,75294
1524,1296669
1525,1297742
1526,81475
1527,1582356
1528,85968
1529,1652028
1530,3064901
1531,3028808
1532,390988
1533,2919322
1534,1746199
1535,2843330
1536,2714945
1537,1069221
1538,2897774
1539,169765
1540,2202826
1541,2071
1542,2782167
1543,2925844
1544,110505
1545,3069708
1546,2219696
1547,2651974
1548,206389
1549,2898433
1550,2992140
1551,2662261
1552,2493673
1553,1881016
1554,2014
1555,46913
1556,1404367
1557,2006110
1558,2493669
1559,68232
1560,2201999
1561,2591463
1562,2594265
1563,33889
1564,1404443
1565,2768161
1566,3065910
1567,2735434
1568,1282
1569,2072590
1570,2894310
1571,2040
1572,2614638
1573,1312364
1574,1549858
1575,3049073
1576,522
1577,2675225
1578,1906742
1579,1298
1580,3016090
1581,2493676
1582,1778
1583,1926868
1584,547188
1585,2182432
1586,2994664
1587,2854170
1588,875808
1589,2762322
1590,1850238
1591,39
1592,538381
1593,3016089
1594,75385
1595,2906072
1596,563996
1597,39122
1598,75697
1599,2995138
1600,2107713
1601,2929795
1602,3049047
1603,37928
1604,3068324
1605,2541726
1606,398694
1607,2738409
1608,2014534
1609,2080742
1610,2937788
1611,2861750
1612,2420509
1613,2596913
1614,2875948
1615,69665
1616,2734618
1617,1447062
1618,1404411
1619,2575440
1620,3015156
1621,1783515
1622,2056258
1623,85643
1624,1829
1625,2651334
1626,2963406
1627,2599297
1628,2708084
1629,1806508
1630,56464
1631,3050384
1632,3004094
1633,2997354
1634,436397
1635,870903
1636,1484109
1637,2005884
1638,105560
1639,2000
1640,2528009
1641,418699
1642,3074437
1643,2614639
1644,2830998
1645,1547487
1646,1793722
1647,3055080
1648,83455
1649,179879
1650,2982531
1651,2509614
1652,2665643
1653,1789
1654,1905847
1655,66374
1656,1809410
1657,337004
1658,134623
1659,36821
1660,2857059
1661,3051120
1662,2060312
1663,2527989
1664,2708338
1665,2970906
1666,1802
1667,1136941
1668,2949093
1669,76731
1670,1069220
1671,2570229
1672,3020055
1673,2987701
1674,3019890
1675,88138
1676,225991
1677,653931
1678,2585717
1679,3074855
1680,444103
1681,1079
1682,1969806
1683,1719132
1684,2999062
1685,436515
1686,83614
1687,1897060
1688,2593973
1689,2775420
1690,137722
1691,2996261
1692,1850374
1693,188770
1694,316612
1695,426
1696,2054
1697,2175648
1698,2728835
1699,2995145
1700,68278
1701,99653
1702,1903186
1703,1817965
1704,40990
1705,479978
1706,556288
1707,1758194
1708,1302308
1709,2758710
1710,463025
1711,2203210
1712,1285901
1713,2575923
1714,126673
1715,2742602
1716,38501
1717,2880219
1718,1437453
1719,2579971
1720,879274
1721,2806347
1722,2590772
1723,39687
1724,198107
1725,2937787
1726,356837
1727,2039870
1728,340268
1729,69277
1730,2268461
1731,33057
1732,84292
1733,2770322
1734,991904
1735,38310
1736,1882747
1737,223390
1738,37923
1739,1938605
1740,1503054
1741,36873
1742,2972485
1743,3039156
1744,7
1745,1332264
1746,68280
1747,2719023
1748,36861
1749,2762323
1750,1935379
1751,1522758
1752,347
1753,674079
1754,2774190
1755,3003272
1756,69395
1757,31998
1758,1073531
1759,463040
1760,43669
1761,3049071
1762,71999
1763,1804990
1764,2770551
1765,39689
1766,2711156
1767,1827195
1768,543877
1769,1670800
1770,1555112
1771,2175620
1772,2219043
1773,2890321
1774,1004901
1775,1874630
1776,2175645
1777,69578
1778,1225128
1779,2811104
1780,2596912
1781,1534348
1782,3025663
1783,191493
1784,2762331
1785,2528022
1786,113
1787,1331682
1788,2609257
1789,488729
1790,2604047
1791,47759
1792,1416806
1793,2813577
1794,72000
1795,3055079
1796,3031712
1797,155177
1798,2493680
1799,1852
1800,3026420
1801,68192
1802,2565555
1803,1671680
1804,33900
1805,3049072
1806,3003271
1807,2895818
1808,1788
1809,2615214
1810,683047
1811,2762748
1812,545619
1813,993502
1814,2986949
1815,3015167
1816,80866
1817,488731
1818,244734
1819,3015997
1820,2895559
1821,1561023
1822,2608999
1823,1325724
1824,3026192
1825,1978566
1826,2282523
1827,281472
1828,2840373
1829,2820278
1830,208439
1831,56454
1832,1349819
1833,3016419
1834,551760
1835,76116
1836,48935
1837,49
1838,185951
1839,2070761
1840,1325102
1841,3015163
1842,475937
1843,1784719
1844,2683590
1845,2968086
1846,2873270
1847,2734
1848,1482074
1849,42256
1850,1774
1851,1794
1852,192812
1853,2016596
1854,562
1855,2017685
1856,2738142
1857,2741720
1858,1082851
1859,2578107
1860,2094119
1861,68175
1862,2782659
1863,248026
1864,3073268
1865,627192
1866,2220096
1867,1166950
1868,1748
1869,3064287
1870,2575374
1871,2867012
1872,2971235
1873,2878151
1874,2500546
1875,2060
1876,2759526
1877,2108445
1878,1385
1879,2082386
1880,2826993
1881,132919
1882,3032282
1883,359
1884,53635
1885,3075605
1886,3035531
1887,2771430
1888,40137
1889,2944810
1890,202907
1891,652764
1892,2211140
1893,2861285
1894,1050370
1895,36822
1896,129985
1897,1862145
1898,2746961
1899,65656
1900,570
1901,83677
1902,3014995
1903,2949090
1904,2027405
1905,2898442
1906,2932245
1907,1564114
1908,3028735
1909,37487
1910,2831662
1911,3016103
1912,547
1913,463014
1914,76259
1915,2482763
1916,2152891
1917,2601677
1918,2233999
1919,2979468
1920,1749
1921,2304600
1922,2663859
1923,2175655
1924,2779671
1925,2594003
1926,1229164
1927,2779775
1928,857417
1929,337191
1930,29314
1931,1061
1932,282217
1933,1312183
1934,2527983
1935,2841594
1936,47850
1937,1906741
1938,2743470
1939,1701758
1940,290399
1941,593909
1942,1729695
1943,424800
1944,33883
1945,2759167
1946,497727
1947,76115
1948,111015
1949,237610
1950,2744518
1951,556499
1952,1810504
1953,39960
1954,2546351
1955,103816
1956,2026624
1957,279
1958,2971236
1959,709810
1960,1938841
1961,399497
1962,59814
1963,2725414
1964,2029849
1965,187137
1966,290
1967,93221
1968,1230998
1969,69362
1970,2995140
1971,307486
1972,1416803
1973,1517554
1974,1745854
1975,2599600
1976,1288494
1977,2811421
1978,1517551
1979,2175646
1980,29447
1981,1725
1982,249058
1983,1744
1984,31988
1985,2773266
1986,1491
1987,2528026
1988,33918
1989,886343
1990,2877941
1991,2789739
1992,1704044
1993,93219
1994,1325114
1995,2942909
1996,3068893
1997,1030157
1998,31957
1999,279828
2000,2290923
2001,37914
2002,450378
2003,1897061
2004,1882831
2005,400770
2006,2699395
2007,447217
2008,3019544
2009,146919
2010,93218
2011,1851544
2012,2814653
2013,907364
2014,1697043
2015,296591
2016,2175650
2017,2763010
2018,146922
2019,2725666
2020,2917991
2021,1644061
2022,2017484
2023,2650471
2024,2768071
2025,346
2026,2211210
2027,1229727
2028,36808
2029,1016987
2030,20
2031,2950605
2032,322509
2033,1660
2034,1357916
2035,267128
2036,2493675
2037,1913979
2038,173479
2039,364317
2040,1930058
2041,3040935
2042,2715959
2043,1273
2044,103855
2045,29311
2046,80679
2047,2831968
2048,2897773
2049,1742992
2050,2565554
2051,2816950
2052,748811
2053,712122
2054,43057
2055,249567
2056,114687
2057,2561924
2058,2565366
2059,2338327
2060,65741
2061,1842537
2062,2017485
2063,1715720
2064,546160
2065,2027911
2066,2795215
2067,41977
2068,1577075
2069,2716227
2070,332249
2071,2774875
2072,512402
2073,2879617
2074,1545044
2075,190323
2076,1357915
2077,121719
2078,238749
2079,2758041
2080,2855503
2081,2878152
2082,2067960
2083,2915130
2084,200252
2085,2711215
2086,2831106
2087,141948
2088,219687
2089,2220095
2090,3003247
2091,1852022
2092,2019
2093,2976533
2094,2021234
2095,1495650
2096,2795488
2097,656178
2098,692370
2099,1610493
2100,2108470
2101,1379903
2102,2175666
2103,223392
2104,2591109
2105,33996
2106,1981880
2107,1176536
2108,2811415
2109,1005039
2110,73919
2111,2660554
2112,655015
2113,2856555
2114,2872309
2115,392593
2116,1392877
2117,280333
2118,3072793
2119,656179
2120,216465
2121,2811424
2122,2831967
2123,3003265
2124,2067415
2125,2760310
2126,353
2127,47
2128,682998
2129,199591
2130,2657486
2131,502394
2132,1644131
2133,2109914
2134,2782004
2135,2880934
2136,408015
2137,2801335
2138,434014
2139,1750
2140,374606
2141,1546107
2142,2940492
2143,488730
2144,94624
2145,1659
2146,1842540
2147,702113
2148,33051
2149,2742129
2150,335928
2151,748280
2152,2803845
2153,1919
2154,434010
2155,2116657
2156,140098
2157,2780074
2158,42253
2159,300019
2160,3031114
2161,2789856
2162,2691571
2163,3017325
2164,758782
2165,2109913
2166,2486273
2167,2806348
2168,334542
2169,2654248
2170,2822761
2171,244566
2172,2603292
2173,1849032
2174,2071627
2175,292913
2176,2697363
2177,913
2178,2600159
2179,33011
2180,2860336
2181,3038773
2182,182639
2183,48664
2184,2991496
2185,139021
2186,2897334
2187,2968500
2188,2486855
2189,2875729
2190,1637869
2191,317577
2192,1144307
2193,2528010
2194,2589974
2195,56460
2196,67308
2197,1742993
2198,281362
2199,2972479
2200,2183911
2201,78331
2202,1108595
2203,2597701
2204,309887
2205,2057246
2206,317
2207,444444
2208,225326
2209,234
2210,2033869
2211,55518
2212,2003315
2213,2708079
2214,56453
2215,133
2216,83262
2217,2748098
2218,1837283
2219,2070348
2220,2528024
2221,2102
2222,2816248
2223,2721243
2224,1637853
2225,2911495
2226,312306
2227,712270
2228,205844
2229,2978974
2230,394964
2231,80880
2232,119981
2233,1851
2234,2996004
2235,134
2236,156980
2237,1798193
2238,2609255
2239,1032851
2240,2829815
2241,2918765
2242,152682
2243,2759707
2244,2865838
2245,2830997
2246,405212
2247,52771
2248,1579979
2249,2483403
2250,2813744
2251,310581
2252,323620
2253,53408
2254,2991074
2255,33888
2256,1914471
2257,111831
2258,2846775
2259,2597659
2260,43263
2261,2830667
2262,1208324
2263,199596
2264,1085
2265,199683
2266,3016094
2267,1515612
2268,1961362
2269,540747
2270,78587
2271,125287
2272,35799
2273,467975
2274,1211322
2275,1390395
2276,2499144
2277,2079792
2278,2509675
2279,569860
2280,67258
2281,2742204
2282,193
2283,1842534
2284,3074897
2285,3041765
2286,1267217
2287,2979324
2288,34007
2289,199592
2290,58346
2291,1290
2292,1694
2293,33887
2294,396
2295,56455
2296,488732
2297,2589967
2298,708113
2299,1763828
2300,2995154
2301,391905
2302,549
2303,1964449
2304,2565556
2305,679318
2306,286802
2307,499555
2308,664962
2309,84159
2310,1637862
2311,2726185
2312,1226968
2313,1982042
2314,670516
2315,2802975
2316,2866627
2317,1325111
2318,1734031
2319,1768242
2320,2116510
2321,2589888
2322,2862880
2323,3041175
2324,256618
2325,2054227
2326,3039801
2327,2282397
2328,332055
2329,59737
2330,1644056
2331,1288495
2332,3038927
2333,553814
2334,1118379
2335,615
2336,2740807
2337,2829499
2338,3018929
2339,2976459
2340,29449
2341,1921510
2342,66428
2343,2992441
2344,150203
2345,2024551
2346,382
2347,147645
2348,2079227
2349,46352
2350,35806
2351,2059672
2352,2588711
2353,1663591
2354,227605
2355,3039385
2356,536
2357,2058657
2358,1963268
2359,33008
2360,2072414
2361,321983
2362,2070337
2363,61624
2364,1149133
2365,194963
2366,2774137
2367,1870985
2368,1427356
2369,135719
2370,358220
2371,1592790
2372,2008794
2373,2995166
2374,2841257
2375,1612173
2376,2843200
2377,47960
2378,150123
2379,388463
2380,2871820
2381,2714924
2382,1620215
2383,1508451
2384,2293838
2385,311180
2386,2940488
2387,47880
2388,28209
2389,2818388
2390,1578165
2391,172043
2392,3032001
2393,1033854
2394,265976
2395,2103230
2396,2496847
2397,1042
2398,2743089
2399,1532023
2400,2493679
2401,2877940
2402,38286
2403,2821832
2404,2744523
2405,2840468
2406,2901164
2407,2865839
2408,1419277
2409,191302
2410,2777556
2411,1053
2412,2235
2413,3016097
2414,1335048
2415,924
2416,2876939
2417,2897772
2418,2879427
2419,2978683
2420,2986919
2421,1315974
2422,1842533
2423,1795032
2424,84112
2425,108010
2426,1826607
2427,2072936
2428,76758
2429,2961599
2430,453230
2431,134034
2432,1981173
2433,475662
2434,1967501
2435,555315
2436,2744522
2437,639313
2438,56688
2439,2800818
2440,80869
2441,1969821
2442,1961713
2443,2571029
2444,3043847
2445,123899
2446,670052
2447,2824561
2448,376
2449,1914525
2450,71433
2451,162496
2452,270
2453,2040586
2454,1069
2455,2211108
2456,1639348
2457,1972846
2458,1881061
2459,37930
2460,2878391
2461,3049774
2462,285
2463,2005885
2464,74329
2465,1850250
2466,1891094
2467,3057176
2468,351052
2469,2737050
2470,120962
2471,1634516
2472,1972068
2473,31963
2474,2853163
2475,1867719
2476,2982692
2477,357808
2478,376489
2479,2744516
2480,515361
2481,256821
2482,2217913
2483,57480
2484,1783348
2485,2926709
2486,447588
2487,2651199
2488,377615
2489,1250539
2490,2875777
2491,2973976
2492,2828862
2493,2850561
2494,1353889
2495,1943633
2496,3034026
2497,1105204
2498,192843
2499,2981137
2500,2419844
2501,74712
2502,1763524
2503,2976680
2504,2829500
2505,728066
2506,2587844
2507,521689
2508,2109915
2509,1908
2510,2518343
2511,1248727
2512,3028711
2513,551759
2514,293958
2515,931866
2516,1735038
2517,409290
2518,1830
2519,1851167
2520,1874061
2521,2686094
2522,1643826
2523,2930049
2524,1414719
2525,3016006
2526,2817475
2527,2974552
2528,3016091
2529,2961596
2530,1742989
2531,96773
2532,2962671
2533,85085
2534,2676077
2535,43927
2536,33069
2537,3061629
2538,280
2539,2861288
2540,3041766
2541,2835787
2542,100225
2543,2755559
2544,2560053
2545,2714923
2546,2894192
2547,354
2548,85016
2549,1760988
2550,345370
2551,2161816
2552,2995143
2553,38305
2554,328692
2555,296544
2556,3068889
2557,682798
2558,2053930
2559,2083786
2560,2653850
2561,74829
2562,1652545
2563,3031998
2564,2806442
2565,925818
2566,2861279
2567,2341112
2568,146827
2569,2066070
2570,1962974
2571,2583822
2572,2762729
2573,2744574
2574,2502843
2575,3064288
2576,2991715
2577,2744515
2578,558537
2579,55395
2580,117207
2581,2251
2582,2805590
2583,380021
2584,157592
2585,2547601
2586,375549
2587,2772401
2588,2953749
2589,2493678
2590,260554
2591,2714925
2592,2851598
2593,2897342
2594,3026162
2595,75692
2596,133453
2597,2885079
2598,1245526
2599,361575
2600,1386
2601,2816454
2602,2082188
2603,2518599
2604,50338
2605,186650
2606,2654282
2607,2792603
2608,2973512
2609,73141
2610,2769067
2611,500
2612,59405
2613,2743090
2614,165301
2615,2860285
2616,1805478
2617,2605946
2618,35760
2619,869886
2620,1792508
2621,2859226
2622,106634
2623,186192
2624,41276
2625,2742145
2626,404941
2627,1853682
2628,2480625
2629,80868
2630,2498452
2631,1853690
2632,2752515
2633,3033386
2634,2862331
2635,1364945
2636,2080419
2637,2835531
2638,1267766
2639,266
2640,2760307
2641,1263728
2642,52774
2643,120107
2644,2865837
2645,351604
2646,1494608
2647,2962676
2648,414
2649,2823043
2650,1795043
2651,121428
2652,3025315
2653,2952527
2654,2986923
2655,1395974
2656,980427
2657,47671
2658,2483404
2659,293089
2660,186931
2661,2663121
2662,35554
2663,1077935
2664,1765967
2665,853
2666,2690837
2667,2927975
2668,2872646
2669,1710540
2670,110321
2671,1682490
2672,1331258
2673,1401995
2674,1853699
2675,204286
2676,2528021
2677,53412
2678,1453760
2679,2202254
2680,1404741
2681,1138383
2682,3032579
2683,1192162
2684,2004797
2685,2909673
2686,2493668
2687,1938606
2688,3075121
2689,69823
2690,2906514
2691,3034023
2692,2807096
2693,2886935
2694,644
2695,2065379
2696,2806210
2697,1121358
2698,943830
2699,2259340
2700,283878
2701,2904243
2702,2781021
2703,575200
2704,135613
2705,2740185
2706,381
2707,1661694
2708,2798724
2709,74426
2710,926
2711,2051957
2712,716925
2713,1223514
2714,34004
2715,1712261
2716,2613773
2717,1777866
2718,1796
2719,370622
2720,2952477
2721,680248
2722,2789327
2723,173366
2724,1396826
2725,2527982
2726,2930091
2727,56450
2728,2886938
2729,2917691
2730,1752398
2731,2072413
2732,2697569
2733,2821406
2734,2907154
2735,1184720
2736,2320867
2737,56459
2738,1282737
2739,2079536
2740,80878
2741,2744521
2742,1727
2743,2764185
2744,2560010
2745,2881056
2746,1940612
2747,2811788
2748,1855519
2749,2715678
2750,1486262
2751,3052086
2752,75291
2753,207340
2754,2680004
2755,3032592
2756,1843368
2757,158787
2758,1796606
2759,2782674
2760,755307
2761,3036127
2762,33010
2763,297
2764,1703
2765,2080740
2766,59930
2767,300
2768,3031996
2769,1273155
2770,2995170
2771,364410
2772,518
2773,561184
2774,2811423
2775,654
2776,2931975
2777,2587849
2778,82367
2779,1402135
2780,2782568
2781,2962065
2782,358099
2783,291594
2784,3051137
2785,2812648
2786,506591
2787,2319844
2788,2970925
2789,204037
2790,2781022
2791,55968
2792,39645
2793,1897729
2794,1945662
2795,2918299
2796,2489212
2797,3025670
2798,432329
2799,29570
2800,376170
2801,556533
2802,645517
2803,656366
2804,2961595
2805,396595
2806,1823759
2807,2761047
2808,1548548
2809,940557
2810,1112
2811,187303
2812,2884455
2813,3026161
2814,1384459
2815,203135
2816,1198301
2817,1928
2818,2698828
2819,2949993
2820,1655
2821,164608
2822,2704462
2823,1571470
2824,1883416
2825,2678260
2826,2847991
2827,370038
2828,2782678
2829,1040979
2830,1049
2831,3049801
2832,32013
2833,2697563
2834,1432792
2835,2751478
2836,2983246
2837,1353136
2838,379684
2839,178339
2840,2527979
2841,659350
2842,1267768
2843,2840183
2844,1223565
2845,2211160
2846,349751
2847,215813
2848,274
2849,2963434
2850,2893890
2851,680247
2852,1586233
2853,3047478
2854,44750
2855,2744517
2856,321846
2857,128
2858,2711231
2859,2739433
2860,68909
2861,1547898
2862,2804758
2863,311182
2864,1649184
2865,1458426
2866,1603606
2867,1855416
2868,2170729
2869,34003
2870,573737
2871,646637
2872,110322
2873,2079791
2874,462710
2875,67294
2876,32012
2877,69964
2878,3068275
2879,22
2880,453842
2881,46429
2882,692036
2883,2583377
2884,2795974
2885,536018
2886,146937
2887,2603598
2888,2961939
2889,1484118
2890,2815343
2891,675090
2892,2675218
2893,2931976
2894,2861284
2895,1916917
2896,2932250
2897,1656
2898,28256
2899,347534
2900,2750025
2901,138118
2902,2895796
2903,60136
2904,2782660
2905,387343
2906,2239
2907,3068640
2908,1484116
2909,199136
2910,2722820
2911,869889
2912,53335
2913,2184519
2914,1416614
2915,1670
2916,1795874
2917,3020843
2918,629680
2919,2175619
2920,1903704
2921,1260
2922,1705399
2923,47878
2924,55080
2925,157782
2926,2653853
2927,1484693
2928,461393
2929,699433
2930,758826
2931,1348774
2932,42255
2933,1295382
2934,62140
2935,2847989
2936,57497
2937,2736
2938,29288
2939,2589076
2940,1768108
2941,2604537
2942,292800
2943,32003
2944,401471
2945,1915078
2946,936337
2947,200450
2948,47421
2949,2854260
2950,2651583
2951,1851395
2952,2953750
2953,12916
2954,1333523
2955,2039234
2956,2894187
2957,1461694
2958,553982
2959,1756988
2960,2733867
2961,2909672
2962,1309411
2963,1458425
2964,1075
2965,1325564
2966,2807626
2967,88723
2968,1188315
2969,2898151
2970,367825
2971,2600596
2972,191292
2973,2023772
2974,404432
2975,2830995
2976,2961893
2977,1084
2978,1547448
2979,2956797
2980,1081866
2981,662
2982,1879050
2983,2057800
2984,2604158
2985,2742133
2986,2057798
2987,2060726
2988,168471
2989,160699
2990,2964616
2991,2021862
2992,2478662
2993,2493681
2994,2705399
2995,345632
2996,2982694
2997,93222
2998,1833
2999,2811422
3000,1949083
3001,1138189
3002,2565558
3003,1902245
3004,1917485
3005,2773308
3006,2867233
3007,1856685
3008,2860258
3009,1564506
3010,2731112
3011,556257
3012,229731
3013,158080
3014,441500
3015,1896196
3016,2697565
3017,1048396
3018,2979461
3019,363952
3020,206351
3021,3050071
3022,263913
3023,2872158
3024,34002
3025,2597769
3026,2906474
3027,2594795
3028,129337
3029,1781
3030,2886936
3031,340320
3032,1763535
3033,1552990
3034,2762576
3035,2953657
3036,3041435
3037,1225769
3038,2771012
3039,533
3040,89154
3041,2202141
3042,3019602
3043,1773
3044,2603277
3045,2856823
3046,2902623
3047,3030011
3048,38302
3049,2058624
3050,2692330
3051,1737425
3052,2816475
3053,2930199
3054,47716
3055,544580
3056,634157
3057,1549850
3058,191610
3059,2604832
3060,2692125
3061,2497861
3062,262324
3063,2963433
3064,2986920
3065,2944234
3066,67351
3067,3016341
3068,2847992
3069,3032281
3070,379895
3071,171865
3072,2847045
3073,393765
3074,285983
3075,33074
3076,43306
3077,186802
3078,28104
3079,3019098
3080,660522
3081,1495638
3082,35746
3083,407020
3084,89184
3085,980254
3086,2182384
3087,1548547
3088,337243
3089,186822
3090,28901
3091,1306787
3092,1886
3093,2587851
3094,2764705
3095,1064539
3096,1872427
3097,71254
3098,2508289
3099,2811108
3100,641491
3101,2079535
3102,2723776
3103,1009682
3104,1072256
3105,2830992
3106,2609252
3107,2879621
3108,435
3109,2745518
3110,2806346
3111,2605945
3112,3073561
3113,110539
3114,1404244
3115,2587852
3116,2173174
3117,39775
3118,531813
3119,2739057
3120,47883
3121,2041385
3122,2931382
3123,62320
3124,61647
3125,159346
3126,1851505
3127,3031126
3128,2908006
3129,2748873
3130,2746
3131,2816859
3132,169176
3133,2675099
3134,2020312
3135,2587163
3136,308754
3137,1586232
3138,2169400
3139,2528642
3140,2949307
3141,68239
3142,1294143
3143,2794089
3144,2962673
3145,441501
3146,76947
3147,2023229
3148,2708301
3149,2962672
3150,68203
3151,2974023
3152,156978
3153,56730
3154,34062
3155,216816
3156,445930
3157,57494
3158,1932360
3159,2752316
3160,1299
3161,3029055
3162,59779
3163,1658672
3164,2836432
3165,3002901
3166,1526572
3167,361183
3168,38289
3169,81479
3170,2840474
3171,1123043
3172,1526412
3173,2527995
3174,2851642
3175,3033389
3176,368607
3177,2607656
3178,3021811
3179,304378
3180,400061
3181,1609966
3182,2077182
3183,2735528
3184,2796927
3185,2613965
3186,2674991
3187,1759059
3188,195105
3189,1411902
3190,213422
3191,3032283
3192,1344094
3193,1684
3194,2724527
3195,60035
3196,2055955
3197,2886940
3198,3039157
3199,1890424
3200,2497325
3201,398053
3202,2880932
3203,1538159
3204,216851
3205,2949995
3206,555316
3207,1307763
3208,1858609
3209,2938695
3210,130049
3211,2714936
3212,2734634
3213,53413
3214,1138194
3215,2494234
3216,2527984
3217,2724121
3218,2819280
3219,85017
3220,2745495
3221,2961574
3222,2527972
3223,1407499
3224,1550733
3225,166501
3226,2259622
3227,2994972
3228,1904944
3229,2932251
3230,3046670
3231,1046
3232,2511069
3233,3027225
3234,1716143
3235,2953748
3236,502682
3237,147206
3238,2493093
3239,3075123
3240,1891671
3241,1873716
3242,352
3243,649841
3244,3016087
3245,2202000
3246,28097
3247,189691
3248,2698684
3249,1138190
3250,651
3251,1231
3252,13134
3253,2775404
3254,2830996
3255,458032
3256,59561
3257,1188319
3258,28448
3259,3015150
3260,1281578
3261,2779519
3262,2884876
3263,1288970
3264,194924
3265,416
3266,1262452
3267,2953890
3268,873
3269,2951804
3270,2961598
3271,2527867
3272,3038546
3273,2773299
3274,1795053
3275,1938604
3276,43675
3277,1562974
3278,2867011
3279,3029084
3280,2964609
3281,74031
3282,604330
3283,1874
3284,191028
3285,2614442
3286,293088
3287,1889240
3288,2842357
3289,1537215
3290,2054919
3291,266951
3292,2982524
3293,2714934
3294,2527978
3295,2867231
3296,2993564
3297,2184083
3298,2724123
3299,3058420
3300,482
3301,29581
3302,3059028
3303,1773489
3304,2838237
3305,221822
3306,2596911
3307,2830983
3308,2737173
3309,3031113
3310,76760
3311,2931399
3312,2594007
3313,2731096
3314,225194
3315,296
3316,1335613
3317,1532555
3318,2733571
3319,1411621
3320,2994971
3321,43771
3322,1463165
3323,3033809
3324,413
3325,187491
3326,3038545
3327,1395951
3328,1775881
3329,2058625
3330,2590775
3331,244596
3332,1050
3333,1487865
3334,1695218
3335,2681310
3336,2733487
3337,2724122
3338,2871169
3339,651740
3340,2694929
3341,2714935
3342,1136497
3343,2885078
3344,73010
3345,2057743
3346,3015995
3347,1335757
3348,74318
3349,1637837
3350,1960083
3351,2733488
3352,3033810
3353,3009083
3354,33072
3355,521
3356,1755504
3357,3015158
3358,2901142
3359,2907343
3360,2951988
3361,3031916
3362,2876190
3363,1183401
3364,1718
3365,2494374
3366,2851959
3367,413810
3368,3053904
3369,2590869
3370,2015348
3371,2584094
3372,2997335
3373,60890
3374,81032
3375,1434011
3376,2699430
3377,2883169
3378,2919917
3379,3024400
3380,702114
3381,1696072
3382,1930532
3383,2908651
3384,1678128
3385,182210
3386,196024
3387,2919578
3388,2984530
3389,92644
3390,261284
3391,2674997
3392,3031727
3393,63745
3394,901
3395,1357074
3396,223182
3397,2675878
3398,1620421
3399,686597
3400,169133
3401,2654249
3402,78448
3403,1041
3404,1520670
3405,237609
3406,2886045
3407,29284
3408,413496
3409,106591
3410,1393
3411,2725563
3412,2726189
3413,2583532
3414,35814
3415,28232
3416,2909249
3417,320497
3418,2175149
3419,1850093
3420,2812658
3421,2494550
3422,2742
3423,84993
3424,1323948
3425,169292
3426,126
3427,1434191
3428,1499392
3429,373
3430,122277
3431,2939414
3432,1382803
3433,2020486
3434,2495430
3435,2866311
3436,2874628
3437,2943192
3438,3033390
3439,157783
3440,1821625
3441,2829501
3442,1871022
3443,2937524
3444,2886932
3445,3033392
3446,553
3447,1748965
3448,1860122
3449,296842
3450,645
3451,1457250
3452,2527980
3453,2883205
3454,2902624
3455,2968969
3456,55148
3457,70775
3458,745377
3459,1771309
3460,2321394
3461,1907662
3462,240521
3463,156453
3464,2585118
3465,2876194
3466,471189
3467,52022
3468,2489213
3469,2867238
3470,273384
3471,2878535
3472,2652443
3473,564137
3474,2587847
3475,2026885
3476,35701
3477,206506
3478,2508880
3479,517719
3480,88724
3481,2749906
3482,38284
3483,2709392
3484,63
3485,184917
3486,2072412
3487,2579977
3488,1017351
3489,319501
3490,1368430
3491,163202
3492,171163
3493,2011159
3494,465541
3495,2572921
3496,2678261
3497,879
3498,2009329
3499,2982699
3500,652
3501,1630135
3502,2731552
3503,2925841
3504,1335061
3505,2587842
3506,2878680
3507,33052
3508,29442
3509,442
3510,2072405
3511,2247
3512,2953809
3513,92945
3514,146923
3515,2599595
3516,2721245
3517,2772253
3518,1279
3519,2898441
3520,3042026
3521,3017783
3522,187304
3523,1906
3524,2682228
3525,638849
3526,2692233
3527,2587855
3528,3033387
3529,1701090
3530,200451
3531,2086585
3532,2961597
3533,418223
3534,538949
3535,2675378
3536,2789857
3537,108486
3538,2916410
3539,2081791
3540,881
3541,1531429
3542,1852390
3543,2831149
3544,285091
3545,29404
3546,3026418
3547,1028989
3548,1537274
3549,3032584
3550,869888
3551,2748080
3552,2987689
3553,1715989
3554,2704463
3555,2758573
3556,3027470
3557,355249
3558,1434010
3559,2830842
3560,1094342
3561,2978392
3562,2175621
3563,3033388
3564,423349
3565,1933880
3566,2003188
3567,3061632
3568,289370
3569,416273
3570,1173025
3571,2683284
3572,2759954
3573,121292
3574,1496080
3575,1661
3576,1667168
3577,2594459
3578,2910984
3579,160674
3580,1710539
3581,2830999
3582,2986803
3583,3042299
3584,2666185
3585,2759525
3586,2758038
3587,2987533
3588,741759
3589,421628
3590,1636423
3591,2866808
3592,1108
3593,392610
3594,83564
3595,2081970
3596,2126321
3597,2609254
3598,2964610
3599,507626
3600,2682776
3601,63561
3602,2853258
3603,2599399
3604,158836
3605,1679096
3606,2055947
3607,2609258
3608,1125847
3609,119484
3610,1881017
3611,2867016
3612,3034025
3613,163359
3614,3068314
3615,2991051
3616,426114
3617,471827
3618,2877939
3619,2898795
3620,405559
3621,2518644
3622,265959
3623,2821543
3624,290400
3625,446660
3626,635
3627,1619153
3628,571177
3629,125
3630,1705310
3631,2175664
3632,3045156
3633,43770
3634,930166
3635,2879622
3636,2987688
3637,658446
3638,239759
3639,1930622
3640,2049
3641,2750620
3642,2886821
3643,191390
3644,2495594
3645,131081
3646,1529068
3647,1912216
3648,2718938
3649,3019968
3650,392011
3651,2781024
3652,648
3653,1003114
3654,1872084
3655,2867022
3656,95301
3657,2045451
3658,2775080
3659,73918
3660,328813
3661,1457
3662,152794
3663,158822
3664,2560058
3665,3059027
3666,651822
3667,180
3668,2585119
3669,2954094
3670,214856
3671,2781023
3672,75293
3673,1436290
3674,274537
3675,2983233
3676,3045175
3677,401472
3678,172827
3679,1821621
3680,2806263
3681,2855836
3682,53374
3683,1990687
3684,2175660
3685,1898738
3686,2584944
3687,2705472
3688,87
3689,2527990
3690,2999067
3691,52773
3692,1176649
3693,2500532
3694,2817656
3695,2954092
3696,2901189
3697,179637
3698,2017482
3699,2830994
3700,136857
3701,29543
3702,847
3703,135740
3704,1916956
3705,2975049
3706,2861281
3707,3015166
3708,487184
3709,2020716
3710,2094021
3711,2986927
3712,651143
3713,894
3714,145458
3715,204461
3716,2904242
3717,3040943
3718,186817
3719,2763540
3720,2610902
3721,2909283
3722,2932248
3723,359110
3724,1479019
3725,1806885
3726,1881069
3727,2282124
3728,1758178
3729,555573
3730,84096
3731,255984
3732,1379040
3733,277
3734,2906497
3735,1232427
3736,1442136
3737,3034024
3738,1565605
3739,2237
3740,2306583
3741,2496837
3742,2961570
3743,2675219
3744,2917727
3745,299262
3746,3029060
3747,104087
3748,133926
3749,1605838
3750,2730847
3751,28090
3752,2867236
3753,2986928
3754,2583374
3755,2932249
3756,2931977
3757,72274
3758,82996
3759,106633
3760,1608628
3761,2731681
3762,387341
3763,65958
3764,83654
3765,1891926
3766,218936
3767,2775159
3768,2967130
3769,539813
3770,933080
3771,154
3772,2747817
3773,2678258
3774,153496
3775,2730359
3776,1985254
3777,2175667
3778,706438
3779,2044521
3780,2714933
3781,2718876
3782,2745490
3783,2972478
3784,1198456
3785,2028345
3786,1161
3787,2008795
3788,2871174
3789,2175644
3790,2953881
3791,2982533
3792,3017782
3793,1573719
3794,1618207
3795,1678028
3796,1649453
3797,2746321
3798,2825975
3799,3048007
3800,721785
3801,1936990
3802,2231055
3803,2722825
3804,2884875
3805,2939437
3806,33059
3807,1844971
3808,2918527
3809,876
3810,3038924
3811,33071
3812,1538158
3813,413497
3814,44252
3815,1231000
3816,2665156
3817,2796366
3818,310783
3819,2870750
3820,39791
3821,133924
3822,768507
3823,361111
3824,451876
3825,1126833
3826,2583231
3827,2876193
3828,225992
3829,2871694
3830,74033
3831,427923
3832,1854057
3833,2049589
3834,224402
3835,485898
3836,1197717
3837,414371
3838,1902
3839,2678688
3840,3022676
3841,1458461
3842,94254
3843,145357
3844,184748
3845,1883414
3846,1930273
3847,231439
3848,447020
3849,77635
3850,1335746
3851,2035811
3852,215221
3853,2175641
3854,2946593
3855,430679
3856,430914
3857,1134435
3858,1703340
3859,2055893
3860,420402
3861,1940
3862,364197
3863,1470347
3864,1046043
3865,2726956
3866,3064531
3867,68209
3868,2884220
3869,2933779
3870,2954096
3871,106649
3872,2036
3873,2742134
3874,3026423
3875,83655
3876,1648404
3877,2842355
3878,436
3879,2528017
3880,2823518
3881,302484
3882,2953747
3883,47879
3884,49283
3885,2502781
3886,2711328
3887,2754725
3888,119
3889,1603886
3890,2583823
3891,2866381
3892,1813451
3893,2879620
3894,3058963
3895,470932
3896,2321403
3897,2798804
3898,3021710
3899,1481672
3900,154981
3901,195913
3902,302485
3903,33934
3904,2782655
3905,2822760
3906,2496867
3907,2796139
3908,3016342
3909,419475
3910,472181
3911,481
3912,1288121
3913,216142
3914,2961571
3915,1537400
3916,1765219
3917,256701
3918,1925550
3919,2842356
3920,683042
3921,1775880
3922,1891787
3923,418240
3924,28099
3925,2954084
3926,1111069
3927,1649486
3928,2867020
3929,648999
3930,69525
3931,1639133
3932,1984801
3933,81412
3934,37931
3935,1148509
3936,1499686
3937,33995
3938,1297617
3939,1916
3940,2093857
3941,2913412
3942,2153485
3943,1073
3944,1798205
3945,2060066
3946,2493677
3947,3074146
3948,636
3949,2527996
3950,2886046
3951,2995155
3952,748197
3953,1680
3954,2740163
3955,2785627
3956,60847
3957,313985
3958,370111
3959,56957
3960,915099
3961,2603215
3962,2795779
3963,3075620
3964,29494
3965,476157
3966,71655
3967,72276
3968,99
3969,2650975
3970,2706126
3971,2806252
3972,511062
3973,84110
3974,947919
3975,1808979
3976,2319843
3977,2712698
3978,1356852
3979,2734129
3980,2735906
3981,1478019
3982,265960
3983,2911520
3984,186188
3985,198618
3986,2072406
3987,2813727
3988,34008
3989,38288
3990,42906
3991,2774562
3992,43617
3993,1785161
3994,3028314
3995,582
3996,1336740
3997,2883100
3998,2931974
3999,1985873
4000,2596915
4001,2749086
4002,3075619
4003,370324
4004,1736226
4005,183795
4006,2880651
4007,3067904
4008,348826
4009,564064
4010,2364647
4011,2681547
4012,2813778
4013,2954091
4014,44012
4015,2072407
4016,2505977
4017,2978474
4018,353800
4019,388408
4020,1330547
4021,2584940
4022,2866592
4023,2867264
4024,2605989
4025,2563602
4026,626119
4027,679663
4028,2718
4029,3025782
4030,61652
4031,1049583
4032,1190508
4033,1903858
4034,2866382
4035,3026424
4036,3070658
4037,2795687
4038,2796143
4039,2953753
4040,13769
4041,2952571
4042,3017361
4043,95300
4044,1505757
4045,517398
4046,1334193
4047,227319
4048,2590016
4049,2041036
4050,333367
4051,1176257
4052,2175674
4053,79263
4054,2918528
4055,2718875
4056,712528
4057,2812896
4058,3002903
4059,1353147
4060,379347
4061,121872
4062,1543721
4063,245188
4064,2615203
4065,28141
4066,367298
4067,648794
4068,203263
4069,2201
4070,2697027
4071,2855502
4072,2963939
4073,119977
4074,403
4075,41295
4076,640205
4077,93681
4078,152260
4079,1827469
4080,1881022
4081,89053
4082,167964
4083,1906738
4084,244366
4085,253239
4086,2984842
4087,61645
4088,2025658
4089,2527691
4090,743836
4091,2185142
4092,2684212
4093,2709410
4094,328814
4095,83986
4096,1277350
4097,196013
4098,1842535
4099,2126281
4100,29571
4101,35798
4102,69527
4103,1871109
4104,2953746
4105,1265601
4106,2173831
4107,3022791
4108,3041098
4109,1007105
4110,2257
4111,2842349
4112,3034020
4113,482564
4114,1030
4115,2364787
4116,2779361
4117,456327
4118,555317
4119,699041
4120,875328
4121,3057114
4122,2743
4123,588898
4124,91915
4125,1930276
4126,2282849
4127,2599296
4128,198620
4129,204038
4130,2493633
4131,31993
4132,929813
4133,271
4134,2986947
4135,548
4136,1636608
4137,1683
4138,1911573
4139,2528027
4140,2881234
4141,1263550
4142,1769779
4143,1550024
4144,2728024
4145,876364
4146,2741953
4147,2895495
4148,463024
4149,2305221
4150,2918755
4151,658644
4152,712411
4153,1898733
4154,2707299
4155,2745199
4156,312285
4157,44742
4158,596707
4159,2835648
4160,336203
4161,43768
4162,45989
4163,665914
4164,2488819
4165,2738410
4166,454171
4167,2599819
4168,332158
4169,33871
4170,44930
4171,536441
4172,74030
4173,897
4174,218208
4175,644652
4176,214851
4177,2315862
4178,2740462
4179,2792015
4180,83219
4181,2502779
4182,2878678
4183,3028878
4184,914
4185,129338
4186,2978973
4187,435905
4188,2691354
4189,2703885
4190,3041497
4191,3068341
4192,98671
4193,1510150
4194,1685
4195,208223
4196,2108523
4197,2707525
4198,575
4199,1421430
4200,1446467
4201,156976
4202,1803177
4203,2730848
4204,657387
4205,661488
4206,1510570
4207,2871487
4208,472569
4209,585455
4210,1912215
4211,2768834
4212,2909671
4213,306
4214,463192
4215,571
4216,970
4217,2866588
4218,3020832
4219,86185
4220,1909299
4221,2691357
4222,48074
4223,92947
4224,1331910
4225,169134
4226,1214604
4227,1332188
4228,2675877
4229,2016196
4230,2609808
4231,59282
4232,1880678
4233,239935
4234,2744520
4235,28026
4236,32062
4237,483547
4238,2675216
4239,2996034
4240,3039400
4241,1160973
4242,1525
4243,2127060
4244,232348
4245,406552
4246,2600177
4247,33907
4248,2754044
4249,61858
4250,178440
4251,28028
4252,3059080
4253,1420917
4254,283686
4255,2860286
4256,84111
4257,1866326
4258,2762577
4259,1930277
4260,2600320
4261,65551
4262,1758466
4263,1817405
4264,2529408
4265,2719588
4266,2488665
4267,255475
4268,2678259
4269,2692235
4270,2698900
4271,2796470
4272,3062685
4273,46677
4274,524
4275,67260
4276,146939
4277,2880989
4278,2916397
4279,2979861
4280,32046
4281,1788301
4282,2745504
4283,44251
4284,2726989
4285,2932254
4286,421
4287,1283291
4288,2495645
4289,3035471
4290,1664033
4291,169435
4292,2292447
4293,392733
4294,44013
4295,86265
4296,239934
4297,2498848
4298,2602067
4299,2894755
4300,2907159
4301,3045157
4302,1566351
4303,1703338
4304,181663
4305,1863
4306,2093824
4307,321327
4308,56956
4309,46680
4310,202956
4311,2219057
4312,2282475
4313,2822844
4314,2872311
4315,434
4316,1689
4317,2980556
4318,47886
4319,563835
4320,712710
4321,1076588
4322,256319
4323,2815309
4324,37929
4325,556325
4326,652787
4327,1428684
4328,1679444
4329,1769
4330,872
4331,1183413
4332,168934
4333,169760
4334,2599307
4335,2895486
4336,29542
4337,2980100
4338,1301032
4339,1548602
4340,2004710
4341,2263
4342,2558360
4343,2859228
4344,2883126
4345,1179675
4346,2592049
4347,46679
4348,1932004
4349,2259620
4350,2320270
4351,252514
4352,2562582
4353,29489
4354,437900
4355,1935
4356,251699
4357,43663
4358,1710541
4359,274539
4360,3004095
4361,40215
4362,129817
4363,2986280
4364,42838
4365,1134687
4366,1182568
4367,1265399
4368,2745519
4369,2785785
4370,3017781
4371,3058903
4372,551996
4373,638619
4374,650
4375,742013
4376,2420135
4377,2565368
4378,2979332
4379,33007
4380,1724
4381,2138101
4382,2728023
4383,28151
4384,160808
4385,2994661
4386,69223
4387,122
4388,158327
4389,161899
4390,1643824
4391,2048283
4392,986106
4393,104663
4394,1080068
4395,1632780
4396,1778675
4397,497967
4398,551
4399,2604421
4400,2605730
4401,2654218
4402,2763056
4403,2842354
4404,3020907
4405,33905
4406,135619
4407,2559073
4408,2592655
4409,281093
4410,913107
4411,1177712
4412,12960
4413,1699371
4414,1903411
4415,225422
4416,2608981
4417,271420
4418,2751170
4419,2904129
4420,470
4421,1115757
4422,2161747
4423,2252
4424,2490858
4425,2587846
4426,2979870
4427,3004129
4428,53501
4429,1234
4430,1380432
4431,1385664
4432,2434
4433,2862866
4434,3003351
4435,3076685
4436,747
4437,114707
4438,158627
4439,370405
4440,57495
4441,1839801
4442,2594455
4443,2784880
4444,318683
4445,405
4446,1550579
4447,1573718
4448,1580596
4449,1931241
4450,2487892
4451,626932
4452,146826
4453,2078786
4454,2505979
4455,2709394
4456,2866573
4457,2971798
4458,797277
4459,959
4460,1287736
4461,1632865
4462,171549
4463,2026255
4464,2163011
4465,2303528
4466,927
4467,161879
4468,2749999
4469,2997337
4470,44675
4471,614
4472,702115
4473,86173
4474,137584
4475,1873524
4476,33038
4477,81462
4478,3062782
4479,519081
4480,1034015
4481,1280948
4482,1765049
4483,1903409
4484,1987723
4485,2303750
4486,2815360
4487,1280
4488,147802
4489,1986146
4490,2175639
4491,221352
4492,299308
4493,899
4494,1100
4495,2735316
4496,292414
4497,3017784
4498,1385715
4499,1604004
4500,161896
4501,2853257
4502,2866626
4503,2983230
4504,570267
4505,2562282
4506,569
4507,59505
4508,85072
4509,208216
4510,394733
4511,515393
4512,61592
4513,1619313
4514,2304594
4515,2590776
4516,332411
4517,47884
4518,53460
4519,69218
4520,121871
4521,131110
4522,1510225
4523,2020311
4524,2587850
4525,265606
4526,2705548
4527,2806553
4528,2817025
4529,2996051
4530,739141
4531,816
4532,1008152
4533,1129704
4534,216572
4535,225971
4536,2714355
4537,2830990
4538,1812935
4539,1879049
4540,2059875
4541,2582913
4542,2841662
4543,2871095
4544,2886359
4545,618
4546,135079
4547,2973088
4548,1239307
4549,2175622
4550,2483402
4551,285473
4552,2732163
4553,2769486
4554,2979863
4555,3070815
4556,45462
4557,470934
4558,1550728
4559,2710758
4560,2761579
4561,219572
4562,43769
4563,79328
4564,2507162
4565,2956836
4566,2964670
4567,1056
4568,1528099
4569,1852381
4570,2175673
4571,2954093
4572,73029
4573,118126
4574,173559
4575,2823875
4576,442694
4577,447471
4578,2745482
4579,480418
4580,1930071
4581,2073078
4582,2801033
4583,2857077
4584,2979862
4585,712435
4586,1748242
4587,2249
4588,2810562
4589,3050898
4590,577
4591,2306165
4592,2735795
4593,2920387
4594,980251
4595,1097
4596,2946605
4597,2954086
4598,310575
4599,43765
4600,529
4601,68043
4602,930805
4603,1484898
4604,267212
4605,2795293
4606,29510
4607,1332080
4608,1870820
4609,2070369
4610,3029061
4611,323450
4612,661481
4613,67376
4614,200452
4615,2109593
4616,2153354
4617,2594913
4618,2601894
4619,2778064
4620,2975482
4621,3029053
4622,398049
4623,470931
4624,52227
4625,2527968
4626,2794344
4627,365617
4628,50741
4629,1853130
4630,1891279
4631,1743
4632,1853232
4633,1942
4634,28065
4635,2971912
4636,48073
4637,57706
4638,2055160
4639,2785907
4640,2929493
4641,324057
4642,712116
4643,1050174
4644,1073996
4645,2874213
4646,428712
4647,1400387
4648,1506334
4649,1516059
4650,2213015
4651,2371
4652,2495582
4653,2927876
4654,1590041
4655,278153
4656,2933562
4657,539
4658,1178482
4659,1538553
4660,164759
4661,2995658
4662,321662
4663,2730360
4664,2976335
4665,3057115
4666,629
4667,78258
4668,1163710
4669,1811807
4670,2705547
4671,2804761
4672,302406
4673,2219225
4674,2703789
4675,3038925
4676,38301
4677,42443
4678,714067
4679,1306526
4680,1637831
4681,2895480
4682,84565
4683,1051
4684,1477518
4685,157779
4686,181487
4687,2722756
4688,301375
4689,55601
4690,907
4691,2895485
4692,502558
4693,655307
4694,132132
4695,1751150
4696,2901380
4697,665913
4698,1691904
4699,2725558
4700,2867516
4701,920
4702,1389004
4703,204042
4704,729
4705,1120045
4706,1646
4707,1884263
4708,251701
4709,2735870
4710,285107
4711,393662
4712,79604
4713,1796620
4714,2171755
4715,2482728
4716,2867025
4717,2908637
4718,2994951
4719,3051171
4720,590
4721,188786
4722,2594454
4723,2697043
4724,2738883
4725,28231
4726,2892442
4727,2961994
4728,48296
4729,49546
4730,76761
4731,2492438
4732,698828
4733,85336
4734,1155739
4735,1930
4736,1930274
4737,2662363
4738,1715691
4739,1979527
4740,237
4741,2587853
4742,2724468
4743,2785909
4744,2815936
4745,1070314
4746,1434072
4747,1809
4748,2500533
4749,2979868
4750,375489
4751,441209
4752,489632
4753,561
4754,19
4755,204039
4756,2956832
4757,349971
4758,76890
4759,1422
4760,2683591
4761,2923366
4762,2952525
4763,3067903
4764,1444770
4765,2597515
4766,2931930
4767,3074378
4768,418719
4769,2809708
4770,194197
4771,2606626
4772,2850559
4773,423351
4774,60137
4775,85874
4776,1209493
4777,2906062
4778,28025
4779,2841064
4780,2952228
4781,715179
4782,875171
4783,1471761
4784,1566379
4785,1681
4786,189381
4787,2917990
4788,2934340
4789,418701
4790,678932
4791,1234841
4792,126734
4793,2686360
4794,349221
4795,1914861
4796,2201356
4797,2920382
4798,520
4799,2594462
4800,2883106
4801,3046383
4802,28037
4803,2922394
4804,407217
4805,437505
4806,154116
4807,155925
4808,33986
4809,81
4810,1536772
4811,2579935
4812,2610895
4813,2749040
4814,2899122
4815,301
4816,36746
4817,84996
4818,1206777
4819,265175
4820,2758572
4821,3056445
4822,518898
4823,556
4824,99807
4825,1075398
4826,1076596
4827,108981
4828,1612552
4829,161895
4830,162209
4831,2079234
4832,2886352
4833,55211
4834,59732
4835,83263
4836,1052
4837,1609967
4838,2735563
4839,42239
4840,535744
4841,59932
4842,1082704
4843,1172565
4844,1176587
4845,1628392
4846,2714932
4847,1349409
4848,2758440
4849,2894156
4850,2897177
4851,3035454
4852,41202
4853,47917
4854,607712
4855,936456
4856,1236179
4857,155894
4858,2609415
4859,2691359
4860,2961896
4861,379893
4862,447237
4863,562959
4864,1259973
4865,1272
4866,1396
4867,2774460
4868,2793010
4869,46355
4870,1459637
4871,1535304
4872,2751171
4873,2895473
4874,3049799
4875,388950
4876,441
4877,487
4878,55779
4879,794846
4880,81682
4881,2011015
4882,2527971
4883,2614538
4884,2714353
4885,2718620
4886,2968968
4887,63612
4888,1068
4889,116718
4890,1178516
4891,1513468
4892,172042
4893,2267833
4894,260552
4895,2911367
4896,3034675
4897,323284
4898,416213
4899,66269
4900,1389192
4901,1612551
4902,2774459
4903,2998079
4904,43674
4905,453162
4906,53246
4907,1653176
4908,35757
4909,670
4910,1203471
4911,2594457
4912,2598458
4913,93378
4914,946435
4915,1457365
4916,1689834
4917,1855380
4918,2502979
4919,252130
4920,2594463
4921,2830993
4922,2867010
4923,565
4924,79329
4925,1096868
4926,122355
4927,1499308
4928,154046
4929,2305508
4930,241368
4931,67825
4932,1005665
4933,2490452
4934,3015983
4935,495
4936,51288
4937,1450
4938,1686
4939,2081702
4940,2483033
4941,266809
4942,90627
4943,1930593
4944,2175632
4945,2714358
4946,2813780
4947,2929803
4948,3031408
4949,1827305
4950,1834519
4951,2745947
4952,2838156
4953,2842346
4954,2949630
4955,414771
4956,664426
4957,1678129
4958,2043170
4959,2838157
4960,425
4961,865757
4962,1536648
4963,1573711
4964,1611770
4965,1851514
4966,1936003
4967,2048897
4968,2185111
4969,2203219
4970,2739434
4971,2866810
4972,2895522
4973,579
4974,1175445
4975,1476754
4976,2789424
4977,2853159
4978,2878542
4979,47877
4980,584
4981,1118963
4982,1702043
4983,2047
4984,206662
4985,34037
4986,712157
4987,1920191
4988,2027860
4989,2919914
4990,40545
4991,703
4992,1218177
4993,2576756
4994,2745510
4995,2895493
4996,566
4997,58180
4998,658630
4999,1033
5000,1510841
5001,1561005
5002,1717717
5003,195250
5004,2956833
5005,2993314
5006,3025671
5007,1301
5008,1778540
5009,2903900
5010,2934937
5011,472693
5012,592316
5013,1389005
5014,1646377
5015,1717
5016,2494702
5017,2716226
5018,2732364
5019,2758724
5020,2908839
5021,1862358
5022,2878545
5023,2899133
5024,2956823
5025,37448
5026,437897
5027,1109412
5028,2528019
5029,2774461
5030,2785056
5031,38313
5032,48076
5033,2052956
5034,2709403
5035,2895494
5036,40216
5037,53946
5038,1076926
5039,120961
5040,1280380
5041,1379910
5042,146825
5043,1536773
5044,2377
5045,2725288
5046,2855441
5047,33943
5048,395598
5049,563
5050,632
5051,1125966
5052,1217908
5053,2714951
5054,2867023
5055,2870346
5056,316277
5057,44577
5058,84999
5059,1082930
5060,1295327
5061,1385663
5062,168384
5063,2810563
5064,29573
5065,2986281
5066,3051123
5067,2144175
5068,252307
5069,2798577
5070,2956824
5071,54911
5072,1965282
5073,2020313
5074,2741301
5075,1379870
5076,1827285
5077,2072642
5078,2664893
5079,2880221
5080,2929798
5081,2956834
5082,1853278
5083,2661630
5084,42817
5085,1844006
5086,187145
5087,1921421
5088,2175635
5089,2795031
5090,2895352
5091,45663
5092,520734
5093,1981174
5094,321332
5095,34038
5096,394935
5097,454601
5098,55212
5099,95619
5100,1132836
5101,1553431
5102,1573712
5103,254250
5104,2729423
5105,2881377
5106,2946555
5107,3002643
5108,3023076
5109,574987
5110,756892
5111,1033922
5112,131111
5113,1471400
5114,169669
5115,2527994
5116,2918899
5117,3059030
5118,318147
5119,326454
5120,42353
5121,1475485
5122,1628086
5123,1649877
5124,167642
5125,1705
5126,1448929
5127,1873425
5128,221341
5129,2364271
5130,2572088
5131,3036302
5132,3047030
5133,307580
5134,35703
5135,626937
5136,1761794
5137,267363
5138,2740515
5139,2870860
5140,34102
5141,355243
5142,1176721
5143,2054902
5144,2782176
5145,2792013
5146,2950604
5147,37637
5148,862126
5149,1178515
5150,218673
5151,2976983
5152,1416627
5153,1615494
5154,2762320
5155,2962597
5156,2966453
5157,67313
5158,898
5159,1400866
5160,158892
5161,2813843
5162,2834406
5163,3028622
5164,38290
5165,53407
5166,576610
5167,67780
5168,914153
5169,2528007
5170,2675298
5171,2745511
5172,2956798
5173,304207
5174,492670
5175,60893
5176,84642
5177,1050635
5178,1069494
5179,1891675
5180,2528020
5181,2559597
5182,257438
5183,2800686
5184,2883127
5185,1045808
5186,107445
5187,1159327
5188,1749259
5189,1842532
5190,2293862
5191,2547598
5192,2691417
5193,2931921
5194,2944933
5195,367188
5196,1177211
5197,160799
5198,187493
5199,2072408
5200,2426
5201,2809020
5202,371601
5203,43658
5204,502
5205,75787
5206,777
5207,1349410
5208,1436085
5209,158823
5210,2778902
5211,29320
5212,3067902
5213,55209
5214,78543
5215,1282863
5216,1986204
5217,2733484
5218,2782686
5219,32207
5220,33987
5221,340146
5222,354349
5223,395922
5224,45401
5225,1406
5226,1785145
5227,1807790
5228,186803
5229,2094151
5230,2684406
5231,2728022
5232,2782643
5233,2814292
5234,2852117
5235,2895491
5236,3028807
5237,576131
5238,58169
5239,120
5240,1613
5241,2268024
5242,2527976
5243,2823109
5244,301301
5245,3031919
5246,3043332
5247,1249552
5248,2666139
5249,2735317
5250,2866278
5251,2983222
5252,396015
5253,44260
5254,588067
5255,106
5256,160825
5257,184117
5258,208962
5259,2483360
5260,2871826
5261,2936507
5262,3046382
5263,672
5264,823
5265,107
5266,1704499
5267,182337
5268,1866325
5269,266009
5270,269261
5271,2815358
5272,2909669
5273,3029399
5274,911
5275,993689
5276,101564
5277,1279031
5278,1292
5279,158877
5280,1805933
5281,1874277
5282,2350
5283,254246
5284,2675231
5285,2812000
5286,3041264
5287,1177
5288,1420916
5289,1842536
5290,271065
5291,2774873
5292,2789425
5293,2954079
5294,505
5295,651666
5296,657
5297,76759
5298,1584
5299,222819
5300,258224
5301,2609809
5302,2898794
5303,2993563
5304,580
5305,67824
5306,1177574
5307,1336806
5308,1536774
5309,155077
5310,2008793
5311,2052056
5312,2935040
5313,2961531
5314,664683
5315,1536769
5316,1549855
5317,1646340
5318,2837969
5319,28449
5320,2983212
5321,3024245
5322,633415
5323,930
5324,158481
5325,171404
5326,2057025
5327,2743575
5328,28031
5329,2872157
5330,473531
5331,66228
5332,1649468
5333,2083206
5334,2246
5335,2565926
5336,2970818
5337,2983220
5338,338565
5339,54736
5340,556054
5341,713030
5342,135622
5343,1379909
5344,157
5345,1763998
5346,1920883
5347,2081477
5348,29466
5349,41170
5350,542
5351,54298
5352,1473112
5353,1815583
5354,2051
5355,554344
5356,59753
5357,887061
5358,1397108
5359,1921087
5360,233100
5361,2509456
5362,2558361
5363,2842350
5364,298
5365,3064892
5366,36739
5367,61646
5368,881260
5369,1076550
5370,1445505
5371,1870819
5372,1870862
5373,1874317
5374,1908198
5375,2358
5376,2490851
5377,2499157
5378,2592814
5379,2739061
5380,2895490
5381,371036
5382,504090
5383,676
5384,114529
5385,1229
5386,146474
5387,1818004
5388,1871021
5389,215743
5390,2872648
5391,446683
5392,476552
5393,17
5394,2530390
5395,2580515
5396,2662033
5397,3062598
5398,656
5399,911045
5400,2072409
5401,2527964
5402,2881428
5403,2919913
5404,475088
5405,981384
5406,1089444
5407,2080757
5408,2338073
5409,2822410
5410,2996785
5411,905
5412,971
5413,1903410
5414,2678257
5415,29438
5416,299767
5417,131318
5418,1408191
5419,1664069
5420,1751046
5421,1987356
5422,2479392
5423,2527973
5424,38303
5425,397865
5426,40520
5427,54006
5428,1162
5429,1225337
5430,160386
5431,180957
5432,1906272
5433,2785908
5434,2983214
5435,413503
5436,485870
5437,585423
5438,75612
5439,1306993
5440,1852377
5441,2597702
5442,2651972
5443,2747268
5444,2980557
5445,2983219
5446,3036945
5447,477680
5448,1303
5449,1898042
5450,1917421
5451,2698458
5452,2778058
5453,2785911
5454,2810535
5455,2895475
5456,2912855
5457,291990
5458,576611
5459,595468
5460,1619311
5461,2056231
5462,2609807
5463,2666025
5464,2832500
5465,2855434
5466,2903536
5467,2983229
5468,490
5469,1050638
5470,1249553
5471,213115
5472,2545798
5473,2666183
5474,2744519
5475,2866807
5476,29388
5477,485880
5478,1158459
5479,200254
5480,2291597
5481,2883512
5482,2891570
5483,300181
5484,38308
5485,431306
5486,456163
5487,1462996
5488,1662285
5489,1727196
5490,257984
5491,2608982
5492,2782013
5493,2854257
5494,61434
5495,81028
5496,84566
5497,1124597
5498,1174501
5499,118323
5500,1536771
5501,158841
5502,2512235
5503,2605424
5504,496056
5505,568768
5506,631220
5507,1211807
5508,1442551
5509,1898684
5510,2047767
5511,2754694
5512,702967
5513,1038856
5514,1492898
5515,203192
5516,2682091
5517,2907205
5518,29382
5519,2955313
5520,2992143
5521,50340
5522,561879
5523,1526571
5524,2731755
5525,3039392
5526,519
5527,96472
5528,99598
5529,108980
5530,1173101
5531,1570939
5532,2494701
5533,2867024
5534,2895496
5535,2906798
5536,35787
5537,566027
5538,1168287
5539,1954172
5540,254247
5541,2676868
5542,2681984
5543,2778876
5544,2801844
5545,3069118
5546,57320
5547,817
5548,85026
5549,118163
5550,1333845
5551,163011
5552,2086584
5553,2725560
5554,2792224
5555,3020899
5556,585425
5557,1211326
5558,1372
5559,1504981
5560,1697
5561,179
5562,2093823
5563,2782609
5564,2987521
5565,44250
5566,450367
5567,1304
5568,1415568
5569,152053
5570,2083054
5571,2588534
5572,28132
5573,2976884
5574,3039851
5575,39948
5576,416344
5577,92490
5578,1442555
5579,1737446
5580,2026240
5581,2054914
5582,245876
5583,2745498
5584,2867408
5585,2929491
5586,3020906
5587,45655
5588,85
5589,938406
5590,105751
5591,1114970
5592,2183582
5593,2236
5594,2895476
5595,2938232
5596,2998559
5597,39488
5598,423477
5599,671990
5600,1310
5601,2424
5602,2597518
5603,2707005
5604,2742639
5605,28453
5606,2866628
5607,3060154
5608,189425
5609,2107708
5610,219574
5611,260364
5612,2708020
5613,2773294
5614,2782629
5615,935199
5616,102134
5617,1175444
5618,137545
5619,1706369
5620,2494548
5621,2520506
5622,2614693
5623,28129
5624,2814293
5625,2906456
5626,2909339
5627,2917832
5628,2953738
5629,2968831
5630,37482
5631,492
5632,571256
5633,69541
5634,85020
5635,88190
5636,882104
5637,95641
5638,1219
5639,1458307
5640,1579316
5641,1610576
5642,2082587
5643,28108
5644,29471
5645,2983228
5646,3025666
5647,317660
5648,39486
5649,682956
5650,75588
5651,138074
5652,2047966
5653,2759736
5654,2895471
5655,3016636
5656,3037258
5657,512763
5658,586
5659,86795
5660,1173032
5661,1338368
5662,1689272
5663,1761012
5664,258255
5665,2813779
5666,2932492
5667,649756
5668,712538
5669,1331736
5670,133539
5671,1591409
5672,182180
5673,1827300
5674,2005464
5675,2867014
5676,2906443
5677,2910158
5678,2933777
5679,3037696
5680,166309
5681,1912324
5682,2217867
5683,2259638
5684,2591606
5685,2689107
5686,2950108
5687,3039160
5688,67827
5689,1232428
5690,1274359
5691,2355
5692,2420306
5693,2496028
5694,2692134
5695,2742624
5696,2812647
5697,2859001
5698,2977320
5699,3009078
5700,332951
5701,518753
5702,55213
5703,89153
5704,133549
5705,1400864
5706,1442556
5707,2703787
5708,2811425
5709,28123
5710,29347
5711,3019969
5712,33958
5713,529884
5714,641148
5715,838
5716,1104324
5717,1436084
5718,1486991
5719,1615674
5720,2478464
5721,2587856
5722,2676309
5723,375288
5724,438
5725,552
5726,85683
5727,107637
5728,1884907
5729,2661553
5730,271865
5731,28100
5732,2812863
5733,2867015
5734,2932253
5735,2964606
5736,2980108
5737,2986922
5738,3031125
5739,483937
5740,525917
5741,762210
5742,1259844
5743,1404
5744,1813871
5745,2086471
5746,2599305
5747,2954078
5748,45404
5749,521520
5750,537
5751,1184
5752,1207075
5753,1343
5754,1353134
5755,1442554
5756,150829
5757,1777867
5758,2320
5759,2596949
5760,2739063
5761,2780922
5762,2810347
5763,2854186
5764,53419
5765,587
5766,82977
5767,1401
5768,220697
5769,252966
5770,2743772
5771,2966552
5772,49338
5773,673
5774,1737359
5775,2071710
5776,2895472
5777,3020900
5778,490759
5779,661191
5780,70799
5781,108007
5782,1126
5783,13373
5784,1853276
5785,2027919
5786,208479
5787,2795724
5788,2879114
5789,3019932
5790,3074898
5791,100716
5792,1398
5793,1525371
5794,2018065
5795,210
5796,2107709
5797,2242
5798,2283318
5799,2508306
5800,278132
5801,2837504
5802,391613
5803,468
5804,485448
5805,65700
5806,833
5807,857252
5808,1085622
5809,1173586
5810,1380604
5811,1639108
5812,1736
5813,2714594
5814,2811789
5815,2823902
5816,2842348
5817,2854261
5818,3045816
5819,43657
5820,565560
5821,81416
5822,1307761
5823,1702221
5824,1814290
5825,1945512
5826,2126069
5827,2267264
5828,232346
5829,2527775
5830,2735554
5831,2853432
5832,2946699
5833,33025
5834,45065
5835,51589
5836,1921086
5837,2033033
5838,2303332
5839,269673
5840,2745514
5841,2778078
5842,2875540
5843,2983236
5844,3075222
5845,311181
5846,55079
5847,1055104
5848,1163398
5849,1470434
5850,1605721
5851,1913578
5852,1968839
5853,204
5854,2479767
5855,2702
5856,2775920
5857,2895489
5858,2986924
5859,3022697
5860,359408
5861,484429
5862,61648
5863,1027273
5864,1188228
5865,1616788
5866,28112
5867,2907534
5868,2986951
5869,554
5870,82995
5871,141451
5872,1692041
5873,169480
5874,1719
5875,178899
5876,2689109
5877,2745509
5878,2879116
5879,3065396
5880,401469
5881,51366
5882,550984
5883,643674
5884,9
5885,111769
5886,1564
5887,171
5888,1723645
5889,1851148
5890,2033032
5891,203557
5892,2162713
5893,2213202
5894,2684113
5895,2974039
5896,948519
5897,1068590
5898,192421
5899,2528037
5900,2763667
5901,2856851
5902,2864102
5903,3047468
5904,326522
5905,37636
5906,820
5907,1033846
5908,1050624
5909,1092
5910,1389223
5911,1508419
5912,1909699
5913,2594461
5914,2760713
5915,2912188
5916,2971264
5917,2978283
5918,2980181
5919,379067
5920,712361
5921,94122
5922,104102
5923,1278232
5924,1423
5925,1850526
5926,1855617
5927,1968541
5928,2024615
5929,219181
5930,2268026
5931,232537
5932,2492396
5933,2495429
5934,2579248
5935,263819
5936,2684405
5937,2911176
5938,2983235
5939,35742
5940,69221
5941,86170
5942,1055101
5943,1408
5944,1648923
5945,1816183
5946,1868325
5947,1936021
5948,2107707
5949,2335
5950,241425
5951,259
5952,2609256
5953,2893469
5954,2907624
5955,2982691
5956,33938
5957,818
5958,88058
5959,1117707
5960,1137095
5961,157687
5962,1592728
5963,1643685
5964,1730
5965,1963025
5966,266805
5967,2710596
5968,2742676
5969,2742796
5970,28111
5971,282402
5972,2913614
5973,485447
5974,535712
5975,65058
5976,666
5977,72803
5978,999141
5979,1094
5980,1712410
5981,200644
5982,2296
5983,2489010
5984,2528593
5985,2766537
5986,2875539
5987,2878915
5988,2946797
5989,3024248
5990,40576
5991,568
5992,674
5993,1042156
5994,1173273
5995,1400865
5996,146786
5997,1750598
5998,2067958
5999,237258
6000,2508307
6001,253237
6002,2665646
6003,2694930
6004,2933778
6005,29385
6006,2986424
6007,34087
6008,44935
6009,1478
6010,171523
6011,174633
6012,1855377
6013,190893
6014,191412
6015,198119
6016,2041044
6017,2750929
6018,2872754
6019,2937442
6020,545
6021,63743
6022,136
6023,1402
6024,1452
6025,1649480
6026,1671721
6027,1743174
6028,1752063
6029,2591634
6030,2609667
6031,2704465
6032,2730851
6033,2811781
6034,2829502
6035,2867021
6036,2894079
6037,35841
6038,46506
6039,622681
6040,670486
6041,82987
6042,1144323
6043,1179670
6044,1307
6045,1350
6046,1531
6047,1532905
6048,1874361
6049,2264
6050,2506452
6051,2562449
6052,2865840
6053,2866279
6054,3027472
6055,339617
6056,497725
6057,564
6058,1032
6059,1107
6060,1129264
6061,1161942
6062,1721
6063,190146
6064,2058152
6065,2067959
6066,2497875
6067,253
6068,2717374
6069,28091
6070,2864103
6071,29486
6072,2950541
6073,374981
6074,387090
6075,400092
6076,446692
6077,485
6078,54291
6079,1050646
6080,1534110
6081,1871034
6082,189426
6083,1968788
6084,2571116
6085,2709302
6086,2709396
6087,2745197
6088,2854036
6089,3034230
6090,3050305
6091,32011
6092,379097
6093,452
6094,48075
6095,52972
6096,529883
6097,563843
6098,767892
6099,919
6100,1173026
6101,1481665
6102,155978
6103,1573720
6104,1589
6105,1620392
6106,186826
6107,2126319
6108,2487072
6109,2546350
6110,2763669
6111,307249
6112,3073902
6113,446
6114,481146
6115,571915
6116,999183
6117,104204
6118,1055688
6119,1134405
6120,1234143
6121,129958
6122,1399
6123,1416779
6124,1485
6125,1725232
6126,1796646
6127,200991
6128,2058136
6129,2060084
6130,226
6131,2498451
6132,2502791
6133,263377
6134,2653858
6135,265883
6136,2664899
6137,2761623
6138,2867026
6139,2954083
6140,3038539
6141,335405
6142,43662
6143,511745
6144,680
6145,890
6146,1236046
6147,135577
6148,1397264
6149,1605
6150,1642646
6151,1778678
6152,2080449
6153,2099786
6154,221350
6155,2259595
6156,2592815
6157,2721545
6158,2745503
6159,2749808
6160,28131
6161,2867013
6162,296745
6163,3074148
6164,33070
6165,376490
6166,551989
6167,60478
6168,62322
6169,824
6170,837
6171,931531
6172,1305
6173,1426
6174,1758730
6175,178606
6176,1974213
6177,2161677
6178,2233542
6179,2293
6180,2748760
6181,2829569
6182,2929492
6183,2976431
6184,3032582
6185,359370
6186,497726
6187,538
6188,577469
6189,90244
6190,916
6191,116085
6192,16
6193,2238
6194,2724191
6195,2842201
6196,3019933
6197,3042028
6198,32052
6199,361177
6200,46503
6201,493
6202,52694
6203,57487
6204,61435
6205,821
6206,1096
6207,1493872
6208,1667
6209,1727214
6210,1833852
6211,1982295
6212,2020965
6213,2100422
6214,2100764
6215,2518989
6216,2563897
6217,265949
6218,2709303
6219,279826
6220,2835869
6221,2908648
6222,2925837
6223,2933959
6224,29430
6225,3031999
6226,3064797
6227,33035
6228,53409
6229,5761
6230,630
6231,754476
6232,879567
6233,90245
6234,90964
6235,915
6236,106648
6237,1102
6238,1265445
6239,170573
6240,1882918
6241,200
6242,2067572
6243,2518971
6244,2518994
6245,2587854
6246,2714855
6247,2719119
6248,2871493
6249,2949629
6250,3051997
6251,330734
6252,863643
6253,1055487
6254,1295392
6255,1500687
6256,1597
6257,161154
6258,163003
6259,1675036
6260,1712516
6261,1803865
6262,1912795
6263,1973486
6264,2083053
6265,2569541
6266,2834768
6267,2849039
6268,2942275
6269,373687
6270,54304
6271,82135
6272,1016
6273,1353138
6274,1577685
6275,1630141
6276,194
6277,2026
6278,2316383
6279,2496266
6280,2596890
6281,2697023
6282,2708346
6283,2709304
6284,2714940
6285,2763672
6286,2840467
6287,2880990
6288,358766
6289,45634
6290,572511
6291,97478
6292,1155384
6293,1397703
6294,1525218
6295,1563222
6296,1982251
6297,2018052
6298,2320431
6299,238834
6300,2569540
6301,2789740
6302,2819999
6303,34090
6304,436114
6305,487173
6306,521720
6307,55206
6308,568766
6309,641
6310,645292
6311,70771
6312,84030
6313,86304
6314,88431
6315,1500254
6316,165179
6317,1705353
6318,1765964
6319,1871025
6320,2042057
6321,2069256
6322,212743
6323,2153385
6324,2681983
6325,2895483
6326,3042029
6327,3058394
6328,336261
6329,47715
6330,1173270
6331,1451
6332,1674922
6333,1884913
6334,1905730
6335,2172098
6336,2222
6337,2352
6338,2571030
6339,2576904
6340,2662448
6341,2758563
6342,2954087
6343,2966554
6344,3073092
6345,324767
6346,408139
6347,409
6348,438033
6349,43948
6350,445
6351,51197
6352,53442
6353,687
6354,1125
6355,1173283
6356,1291540
6357,135616
6358,147268
6359,1499973
6360,1571
6361,1652495
6362,1884905
6363,1925020
6364,24
6365,246787
6366,255519
6367,2806989
6368,2810516
6369,2864204
6370,291644
6371,2975055
6372,32064
6373,323449
6374,40544
6375,81408
6376,82976
6377,92942
6378,103808
6379,1295642
6380,1530123
6381,156213
6382,1573676
6383,170679
6384,186814
6385,195253
6386,2079575
6387,208224
6388,2211106
6389,2433
6390,2592345
6391,2800373
6392,2800681
6393,2864207
6394,2886044
6395,2994495
6396,3048493
6397,458033
6398,459472
6399,459526
6400,553611
6401,83561
6402,880
6403,984
6404,1201031
6405,1472
6406,1538644
6407,1623
6408,172713
6409,1752064
6410,2029983
6411,2054915
6412,2184581
6413,2224
6414,228745
6415,2487074
6416,2587861
6417,2767842
6418,28264
6419,2854796
6420,2877527
6421,45243
6422,487316
6423,82983
6424,84405
6425,863
6426,1168034
6427,129577
6428,139438
6429,1442557
6430,158483
6431,1653434
6432,181486
6433,1852373
6434,1982279
6435,199
6436,2005388
6437,2018067
6438,2560057
6439,2583851
6440,2666100
6441,2666138
6442,2749807
6443,2795973
6444,2819994
6445,2820280
6446,2900738
6447,2908842
6448,314275
6449,332410
6450,38293
6451,46257
6452,546367
6453,54914
6454,595671
6455,658629
6456,1017
6457,1050657
6458,110662
6459,1389011
6460,159743
6461,1628059
6462,1827144
6463,187327
6464,2691580
6465,271097
6466,2741553
6467,28454
6468,2875962
6469,2917790
6470,2937774
6471,3016339
6472,3075221
6473,496057
6474,616991
6475,674529
6476,79967
6477,839
6478,119864
6479,120212
6480,1286
6481,1563
6482,1653831
6483,1654782
6484,166486
6485,2004646
6486,2099583
6487,2175091
6488,2785918
6489,2891210
6490,2912314
6491,2968475
6492,3026967
6493,3070678
6494,316279
6495,328812
6496,446679
6497,98228
6498,118613
6499,1442159
6500,1500686
6501,166314
6502,171695
6503,1807358
6504,1886807
6505,2014076
6506,203
6507,2079596
6508,215689
6509,240427
6510,2485124
6511,2604941
6512,2715679
6513,2778054
6514,2819096
6515,2864203
6516,2864205
6517,2969431
6518,2973072
6519,2976883
6520,3022126
6521,3045147
6522,454662
6523,58138
6524,82654
6525,942880
6526,1073986
6527,1165
6528,1503041
6529,1666906
6530,1697053
6531,1776384
6532,1840297
6533,1903412
6534,1906275
6535,2303538
6536,246969
6537,2738126
6538,2751178
6539,2821536
6540,2864209
6541,29287
6542,29370
6543,2950245
6544,84567
6545,860353
6546,113653
6547,1654740
6548,1858656
6549,242527
6550,265488
6551,2698672
6552,2939495
6553,29495
6554,2986929
6555,2991500
6556,3025672
6557,387661
6558,543349
6559,59893
6560,773
6561,885040
6562,1055323
6563,106654
6564,131112
6565,1464
6566,148814
6567,1496
6568,2294119
6569,2507935
6570,2572577
6571,2576917
6572,2777983
6573,2792977
6574,28113
6575,2929494
6576,3021011
6577,3044166
6578,376805
6579,478
6580,528343
6581,54299
6582,669
6583,69710
6584,712471
6585,1017270
6586,121277
6587,129726
6588,1308
6589,137816
6590,142864
6591,2058175
6592,2169583
6593,220687
6594,2291
6595,248903
6596,2592817
6597,2731756
6598,2766984
6599,2815577
6600,2870840
6601,2942204
6602,2995161
6603,3043330
6604,33936
6605,380393
6606,444
6607,475
6608,65555
6609,1238
6610,1522056
6611,1565
6612,1618022
6613,1620816
6614,1632
6615,1642647
6616,1954171
6617,221345
6618,2271
6619,2713573
6620,2715212
6621,2763670
6622,2871094
6623,2891294
6624,296199
6625,2975052
6626,2980099
6627,331648
6628,33951
6629,351671
6630,412593
6631,413501
6632,496
6633,51229
6634,54005
6635,54120
6636,56636
6637,61651
6638,665568
6639,714
6640,1149953
6641,1306274
6642,137591
6643,1428
6644,1580
6645,160233
6646,1688404
6647,1691
6648,1940690
6649,1941349
6650,2002831
6651,2133944
6652,2254
6653,2299
6654,2726122
6655,2766701
6656,2779445
6657,2793103
6658,28152
6659,2820002
6660,2857064
6661,2867409
6662,2914041
6663,29330
6664,2951137
6665,35786
6666,381751
6667,484
6668,82985
6669,867076
6670,906
6671,1008
6672,1096856
6673,1131703
6674,1150
6675,1173284
6676,118000
6677,1318
6678,1481663
6679,1524258
6680,1572645
6681,1581680
6682,1926290
6683,1931275
6684,1983755
6685,213118
6686,2184575
6687,2201271
6688,2282309
6689,2575375
6690,2675053
6691,2814294
6692,2816357
6693,2839024
6694,2880988
6695,2913616
6696,2918516
6697,2933816
6698,3032287
6699,332999
6700,430522
6701,45668
6702,54077
6703,54913
6704,607711
6705,666507
6706,708131
6707,78398
6708,122420
6709,1263979
6710,1302
6711,1590
6712,1703969
6713,184755
6714,1971364
6715,2005462
6716,2050
6717,2339259
6718,240411
6719,2679963
6720,2764720
6721,2768165
6722,2913620
6723,29380
6724,2955497
6725,3025669
6726,3058393
6727,470933
6728,481743
6729,497
6730,55208
6731,637971
6732,657323
6733,882626
6734,1170562
6735,120652
6736,125316
6737,146785
6738,153493
6739,155977
6740,1761789
6741,1795355
6742,194196
6743,2083055
6744,2269
6745,229980
6746,2305987
6747,2341117
6748,2487118
6749,2576839
6750,2576902
6751,258
6752,2593655
6753,262
6754,2772557
6755,2827482
6756,2861765
6757,289435
6758,290053
6759,2955314
6760,2996035
6761,3058398
6762,33043
6763,347213
6764,488
6765,51101
6766,520056
6767,644410
6768,65093
6769,70863
6770,84163
6771,84980
6772,930802
6773,933262
6774,1230341
6775,1335745
6776,1465
6777,1758189
6778,185300
6779,1853224
6780,1855880
6781,201500
6782,2036037
6783,2211212
6784,224012
6785,2292255
6786,233055
6787,2506430
6788,264686
6789,2653189
6790,2685905
6791,2764711
6792,2809707
6793,28119
6794,2834459
6795,2954080
6796,2995174
6797,390884
6798,433296
6799,435912
6800,447792
6801,568386
6802,649776
6803,738
6804,76634
6805,768528
6806,82801
6807,83984
6808,92172
6809,981385
6810,1118153
6811,138851
6812,1556
6813,1656823
6814,1922217
6815,2004644
6816,2005456
6817,2008790
6818,2083052
6819,2098
6820,2218628
6821,2488639
6822,2578106
6823,2588536
6824,2599890
6825,2678343
6826,2681307
6827,2738843
6828,2814275
6829,2856523
6830,2908840
6831,2916755
6832,2935863
6833,2954088
6834,3025190
6835,3072790
6836,329854
6837,33060
6838,332186
6839,336820
6840,351672
6841,383750
6842,432330
6843,476
6844,563172
6845,663
6846,680114
6847,712036
6848,71998
6849,72361
6850,885581
6851,984207
6852,1196083
6853,1234545
6854,126385
6855,1273132
6856,1313
6857,1323375
6858,135618
6859,1411316
6860,1427149
6861,1434100
6862,1499687
6863,1502
6864,1505907
6865,151895
6866,1709477
6867,1743162
6868,1869241
6869,1906945
6870,1912897
6871,2546366
6872,2562892
6873,2738867
6874,2750995
6875,2772483
6876,2778916
6877,2813035
6878,2819101
6879,2820710
6880,2823317
6881,2829596
6882,2884805
6883,2917715
6884,2929490
6885,2980554
6886,3032580
6887,42862
6888,457083
6889,76335
6890,76885
6891,78259
6892,942
6893,116092
6894,1200300
6895,1217282
6896,1230533
6897,1261031
6898,1273541
6899,1758398
6900,178399
6901,1789226
6902,1840265
6903,1855883
6904,2099584
6905,242703
6906,2606450
6907,2709784
6908,272131
6909,2755562
6910,28124
6911,2821559
6912,2829597
6913,2843729
6914,2895487
6915,2916802
6916,2929495
6917,2963092
6918,2979464
6919,3048535
6920,309805
6921,31953
6922,33945
6923,359303
6924,412034
6925,453161
6926,516051
6927,53336
6928,716816
6929,97477
6930,128574
6931,134813
6932,1520
6933,1705566
6934,1727164
6935,173566
6936,2051906
6937,2099387
6938,2546360
6939,2547962
6940,2735868
6941,2767188
6942,2861799
6943,2864212
6944,28885
6945,2929800
6946,294699
6947,29485
6948,2966625
6949,31979
6950,334543
6951,39491
6952,407035
6953,43661
6954,474394
6955,54252
6956,621
6957,632773
6958,696485
6959,109266
6960,1112103
6961,1254
6962,1382237
6963,1441095
6964,1461582
6965,1636610
6966,1646498
6967,1660083
6968,1778263
6969,182710
6970,1940790
6971,197222
6972,215591
6973,2487742
6974,2545632
6975,2734195
6976,2761580
6977,28258
6978,2861280
6979,29498
6980,2979869
6981,2982615
6982,3035470
6983,3050112
6984,326523
6985,365349
6986,404582
6987,454154
6988,454155
6989,456827
6990,45972
6991,46124
6992,486
6993,49899
6994,53952
6995,681157
6996,76123
6997,79880
6998,86665
6999,88233
7000,10319
7001,1042877
7002,1074311
7003,109262
7004,1178
7005,1227
7006,1232575
7007,1302235
7008,1337936
7009,1376
7010,145260
7011,1471
7012,150830
7013,1522
7014,1578
7015,1743159
7016,1807691
7017,1844051
7018,187492
7019,187878
7020,1918945
7021,1925548
7022,1982259
7023,198467
7024,200615
7025,2008440
7026,2231053
7027,2580412
7028,2588299
7029,261964
7030,2706887
7031,2734194
7032,2735562
7033,2769490
7034,2778056
7035,28035
7036,28171
7037,2829809
7038,2831895
7039,2856556
7040,2862945
7041,2864213
7042,2866201
7043,2878098
7044,2890317
7045,290425
7046,2925845
7047,2991054
7048,3056835
7049,398736
7050,400634
7051,451
7052,452627
7053,47493
7054,685565
7055,81461
7056,1085624
7057,1117645
7058,1118202
7059,1173288
7060,1353
7061,1390
7062,1442558
7063,1623281
7064,1636609
7065,1703250
7066,171438
7067,1732569
7068,1743168
7069,195522
7070,225848
7071,2520507
7072,2560251
7073,2592382
7074,2715735
7075,2724
7076,2781952
7077,28263
7078,2835041
7079,2847778
7080,2904245
7081,2912675
7082,2914983
7083,2956470
7084,2966586
7085,2976818
7086,3042615
7087,3046369
7088,3047864
7089,373994
7090,390641
7091,411483
7092,47951
7093,48461
7094,556053
7095,935293
7096,1007869
7097,1050714
7098,105841
7099,1096243
7100,1166130
7101,1320552
7102,1486245
7103,1841651
7104,1868734
7105,1871047
7106,1891207
7107,207949
7108,2108399
7109,213483
7110,247480
7111,254758
7112,2675054
7113,2685834
7114,273376
7115,2742683
7116,2778059
7117,28118
7118,28173
7119,284581
7120,2845816
7121,2864217
7122,2879939
7123,2881052
7124,29483
7125,2991053
7126,2994078
7127,3040675
7128,3050355
7129,311808
7130,329857
7131,40577
7132,454
7133,553239
7134,575378
7135,622
7136,744515
7137,986
7138,104609
7139,1193713
7140,1218315
7141,1507808
7142,152161
7143,1687
7144,1748967
7145,1884914
7146,188710
7147,191393
7148,2006115
7149,2012495
7150,202951
7151,2223
7152,2546356
7153,2592625
7154,2597770
7155,2676233
7156,2686359
7157,2733155
7158,2740837
7159,2762318
7160,28133
7161,2864202
7162,2886361
7163,2898483
7164,291645
7165,2956353
7166,2986279
7167,3047872
7168,3057550
7169,3070677
7170,3074147
7171,352858
7172,370623
7173,408956
7174,504
7175,640030
7176,646
7177,797291
7178,79883
7179,815
7180,83265
7181,1056807
7182,1084719
7183,115561
7184,1173280
7185,132920
7186,1405
7187,1455
7188,1743165
7189,1796616
7190,192073
7191,2016373
7192,2039166
7193,2282310
7194,2689110
7195,2708053
7196,273528
7197,2748863
7198,2800061
7199,28072
7200,28135
7201,28183
7202,2834819
7203,2864208
7204,2911172
7205,2932257
7206,2942997
7207,2956696
7208,2963940
7209,3022127
7210,3024242
7211,33024
7212,33039
7213,339862
7214,366522
7215,37734
7216,53433
7217,651561
7218,691
7219,70346
7220,831
7221,104623
7222,1227948
7223,1353277
7224,1442553
7225,1536770
7226,1561924
7227,1623295
7228,1855909
7229,191026
7230,192149
7231,1982256
7232,1982898
7233,198483
7234,2016361
7235,2044467
7236,2081041
7237,213849
7238,248315
7239,2518645
7240,254
7241,256818
7242,2576930
7243,2654238
7244,2676755
7245,2691913
7246,2741499
7247,2751313
7248,28169
7249,2819100
7250,2895482
7251,2895488
7252,2904120
7253,2937909
7254,29394
7255,2948788
7256,29497
7257,2954082
7258,2956212
7259,2956463
7260,2962858
7261,3047873
7262,3051121
7263,3053655
7264,3070682
7265,314343
7266,33952
7267,35755
7268,38027
7269,483913
7270,486398
7271,51515
7272,573600
7273,658641
7274,682410
7275,755175
7276,79209
7277,85018
7278,870
7279,96232
7280,1149952
7281,1160
7282,1241978
7283,1351
7284,137583
7285,1379
7286,138072
7287,1456591
7288,148813
7289,1598
7290,1602166
7291,170651
7292,1731
7293,1758390
7294,1779135
7295,1789224
7296,1855616
7297,186764
7298,188932
7299,1987584
7300,2055892
7301,256839
7302,2587858
7303,2598455
7304,2607663
7305,2681766
7306,2734266
7307,2751179
7308,2796146
7309,28127
7310,2818390
7311,28262
7312,2852098
7313,2884482
7314,2920269
7315,2931400
7316,2961941
7317,2970966
7318,2994555
7319,2996794
7320,300231
7321,3020715
7322,3036300
7323,3050362
7324,556548
7325,69967
7326,70864
7327,732
7328,82989
7329,90736
7330,91604
7331,930972
7332,102106
7333,1082702
7334,1164
7335,1243
7336,1264
7337,1336
7338,1394889
7339,1600
7340,1610
7341,1623285
7342,1679449
7343,172
7344,1775403
7345,1821960
7346,1884904
7347,1930557
7348,1977402
7349,1982265
7350,1982880
7351,1982881
7352,1983734
7353,202950
7354,2136182
7355,2194
7356,2214
7357,2220073
7358,230089
7359,2570911
7360,2589987
7361,2599866
7362,2663009
7363,2675230
7364,2707174
7365,2810537
7366,2815361
7367,28223
7368,2831148
7369,2844380
7370,2895477
7371,2992242
7372,3003256
7373,3024247
7374,3028070
7375,3047867
7376,3058432
7377,3070997
7378,32067
7379,33959
7380,36874
7381,386490
7382,39777
7383,402384
7384,423605
7385,45610
7386,471
7387,55583
7388,60520
7389,60961
7390,1115758
7391,1157948
7392,118968
7393,1233873
7394,133448
7395,1365176
7396,1382
7397,1495066
7398,153491
7399,1566358
7400,158
7401,166935
7402,1944646
7403,2003121
7404,200454
7405,208199
7406,2199
7407,224372
7408,246167
7409,2494375
7410,250
7411,2562285
7412,256326
7413,265668
7414,2662262
7415,2668067
7416,2704651
7417,2734193
7418,2743000
7419,2743001
7420,2770234
7421,2774055
7422,2777984
7423,279006
7424,28084
7425,2822846
7426,2890406
7427,2892541
7428,2908843
7429,2925411
7430,2926710
7431,2943497
7432,29487
7433,2956085
7434,2961619
7435,2975157
7436,2976127
7437,3003392
7438,3026433
7439,3050324
7440,3057057
7441,317936
7442,319318
7443,322095
7444,33926
7445,357276
7446,367190
7447,398041
7448,415095
7449,44000
7450,45658
7451,480
7452,544645
7453,545501
7454,583
7455,59610
7456,683737
7457,712
7458,713
7459,756828
7460,844
7461,97050
7462,1006576
7463,1031538
7464,1050655
7465,111781
7466,1196095
7467,120831
7468,1407071
7469,1444684
7470,1563703
7471,1623280
7472,1704307
7473,1737490
7474,1758374
7475,187880
7476,1940636
7477,1982297
7478,206379
7479,2547394
7480,2564040
7481,2566012
7482,2576926
7483,2583587
7484,2587843
7485,2662364
7486,2725684
7487,2755338
7488,2781961
7489,2785912
7490,28082
7491,2812551
7492,28128
7493,28251
7494,28446
7495,285458
7496,2913621
7497,2932258
7498,2948708
7499,2955509
7500,3003258
7501,3003259
7502,3050323
7503,3060215
7504,31909
7505,363852
7506,420336
7507,45067
7508,558541
7509,561061
7510,59
7511,633
7512,658642
7513,931099
7514,940
7515,102116
7516,133925
7517,1400862
7518,1441386
7519,1472767
7520,1479
7521,1522312
7522,1534743
7523,1592897
7524,1632866
7525,1639
7526,1677857
7527,1740721
7528,1855619
7529,1982275
7530,2059264
7531,209
7532,2093856
7533,2162846
7534,218284
7535,2207
7536,2208
7537,2234
7538,234828
7539,2364272
7540,2447890
7541,2497456
7542,2557993
7543,2572090
7544,2576932
7545,2594005
7546,2599641
7547,2704140
7548,2734196
7549,274591
7550,2777367
7551,2799184
7552,2805750
7553,28184
7554,2829795
7555,2873269
7556,2951138
7557,2996112
7558,3041619
7559,3070215
7560,356322
7561,386891
7562,399742
7563,400946
7564,417574
7565,42858
7566,456
7567,555319
7568,623
7569,676210
7570,715
7571,718
7572,85404
7573,884684
7574,911092
7575,96230
7576,972
7577,990268
7578,1028752
7579,111501
7580,1156568
7581,1179672
7582,1186
7583,129728
7584,136073
7585,1380685
7586,1397
7587,1509244
7588,1583341
7589,1624
7590,1712654
7591,1754
7592,1855646
7593,1871076
7594,2070537
7595,2081049
7596,2282419
7597,228899
7598,2558174
7599,2576903
7600,2587597
7601,264697
7602,265426
7603,2656760
7604,2675713
7605,2714110
7606,2744479
7607,2746932
7608,2758037
7609,2772226
7610,2803751
7611,28116
7612,28172
7613,2864101
7614,2890407
7615,2895474
7616,2895484
7617,2895568
7618,2898725
7619,2908645
7620,291112
7621,29362
7622,2948789
7623,2949635
7624,2985324
7625,3003262
7626,3035289
7627,3035472
7628,3039116
7629,3049085
7630,351679
7631,35817
7632,371142
7633,377315
7634,411486
7635,626940
7636,64898
7637,649196
7638,693750
7639,750
7640,751585
7641,75985
7642,848
7643,889453
7644,119206
7645,1296
7646,129727
7647,1346287
7648,1348114
7649,1357545
7650,13773
7651,1435069
7652,1470200
7653,1481923
7654,1563479
7655,1581
7656,1599
7657,162
7658,1637
7659,1676142
7660,1721091
7661,1824638
7662,1840293
7663,1855895
7664,2172099
7665,2202721
7666,2213194
7667,2546359
7668,2590900
7669,2592816
7670,2656761
7671,2698686
7672,2709685
7673,2734218
7674,2734221
7675,2738983
7676,2774154
7677,2774188
7678,2776706
7679,2778911
7680,2807620
7681,2841264
7682,2864211
7683,2880008
7684,288004
7685,2895286
7686,290110
7687,2904122
7688,2911514
7689,29375
7690,29465
7691,2948963
7692,2956343
7693,2972775
7694,2983606
7695,3016343
7696,3028315
7697,3033391
7698,3047871
7699,3050138
7700,3070683
7701,309806
7702,34061
7703,373672
7704,384636
7705,43305
7706,46228
7707,63186
7708,638
7709,64471
7710,71190
7711,712633
7712,727
7713,787
7714,83552
7715,84022
7716,84032
7717,85402
7718,859144
7719,86102
7720,936476
7721,985
7722,1018
7723,104
7724,1060
7725,110164
7726,111782
7727,1131707
7728,1147
7729,1241981
7730,1357
7731,1363
7732,1510
7733,1582259
7734,1643513
7735,1727163
7736,1878942
7737,197
7738,1970738
7739,2014541
7740,2027857
7741,2066133
7742,213119
7743,232259
7744,235888
7745,2487276
7746,2518176
7747,2572923
7748,2576923
7749,2686077
7750,271098
7751,2717
7752,2731377
7753,2769351
7754,279359
7755,2815720
7756,2829812
7757,2836161
7758,2864206
7759,2929488
7760,2937286
7761,29419
7762,29459
7763,2948573
7764,2948936
7765,2954090
7766,2955344
7767,2955990
7768,29575
7769,2965074
7770,2995171
7771,3024411
7772,3047866
7773,3050322
7774,3059082
7775,308865
7776,338645
7777,348824
7778,36854
7779,390846
7780,400060
7781,418008
7782,421058
7783,46125
7784,461876
7785,507763
7786,56112
7787,57705
7788,589437
7789,67575
7790,693075
7791,71667
7792,728
7793,93465
7794,953
7795,1043206
7796,111500
7797,1144748
7798,1177213
7799,1177216
7800,1358
7801,136468
7802,1381597
7803,1407
7804,1501
7805,1585976
7806,1607
7807,1617283
7808,1647413
7809,1702250
7810,170861
7811,1763536
7812,1763883
7813,1854492
7814,1914019
7815,1940621
7816,1982900
7817,1983110
7818,2100821
7819,2161821
7820,2173034
7821,2209
7822,2277
7823,240426
7824,2422
7825,243899
7826,2487929
7827,256
7828,2560028
7829,2567937
7830,2584467
7831,2586643
7832,2675229
7833,2697033
7834,2722751
7835,2734192
7836,2748865
7837,2773709
7838,2778052
7839,2778065
7840,2787629
7841,2798861
7842,2810512
7843,28187
7844,2851540
7845,2853439
7846,2861775
7847,2879938
7848,2895947
7849,2904246
7850,2924033
7851,292566
7852,2939127
7853,29484
7854,2948772
7855,2954085
7856,2956317
7857,3015160
7858,3031802
7859,3049075
7860,3050072
7861,3051122
7862,33940
7863,410072
7864,413403
7865,43990
7866,491948
7867,501783
7868,548913
7869,554880
7870,60217
7871,60919
7872,651457
7873,67826
7874,79885
7875,995
7876,1019
7877,1089121
7878,1170699
7879,118562
7880,1293412
7881,1322
7882,1324352
7883,1387555
7884,1402861
7885,1472345
7886,1481914
7887,1508404
7888,152331
7889,1583
7890,1678078
7891,1796652
7892,1869339
7893,1884634
7894,188709
7895,1903414
7896,1903694
7897,1927128
7898,1968775
7899,2005460
7900,2033438
7901,2039
7902,2053287
7903,212667
7904,2172103
7905,227945
7906,2502784
7907,2547970
7908,2560588
7909,2582419
7910,2590015
7911,2594883
7912,2663022
7913,2697030
7914,2704653
7915,271881
7916,2724135
7917,2729421
7918,2734279
7919,2774015
7920,2779359
7921,277988
7922,2813842
7923,2845657
7924,2849641
7925,2885633
7926,2906078
7927,2949614
7928,2954077
7929,2954099
7930,2961948
7931,2963105
7932,2986827
7933,3003260
7934,3025667
7935,3050271
7936,3067275
7937,3070995
7938,307643
7939,311400
7940,326544
7941,336988
7942,357794
7943,404011
7944,412384
7945,416916
7946,447467
7947,45495
7948,45656
7949,458197
7950,47770
7951,513223
7952,52258
7953,61635
7954,628
7955,63363
7956,664643
7957,680279
7958,724
7959,74349
7960,754477
7961,81947
7962,875170
7963,907046
7964,909656
7965,909930
7966,92944
7967,958
7968,960
7969,995019
7970,10257
7971,104264
7972,1136535
7973,1160721
7974,1170711
7975,1188795
7976,1240404
7977,1247
7978,1285600
7979,1381081
7980,1469144
7981,1497681
7982,1508420
7983,1536775
7984,159191
7985,1604
7986,1623306
7987,174
7988,1813611
7989,1855823
7990,1982257
7991,1982300
7992,2065312
7993,2068655
7994,2169658
7995,227866
7996,2482769
7997,2500548
7998,253245
7999,2545455
8000,257758
8001,2587848
8002,2601695
8003,2602769
8004,2605747
8005,2613334
8006,2614801
8007,2653681
8008,2706014
8009,2711221
8010,2762896
8011,2763022
8012,2778066
8013,2778068
8014,2781599
8015,278860
8016,2792978
8017,2793708
8018,2803864
8019,2817385
8020,2841925
8021,2843401
8022,2850441
8023,2866282
8024,2893885
8025,2897176
8026,2912824
8027,2920939
8028,2923375
8029,2926399
8030,293091
8031,2935858
8032,2948781
8033,2955963
8034,2956200
8035,2956352
8036,2980026
8037,2986837
8038,300876
8039,3020716
8040,3029174
8041,3049084
8042,3070680
8043,320778
8044,33968
8045,347202
8046,360911
8047,38986
8048,433286
8049,488142
8050,585
8051,620
8052,658643
8053,668
8054,66969
8055,680026
8056,70348
8057,75906
8058,781
8059,826
8060,912801
8061,914150
8062,935222
8063,1028416
8064,114380
8065,1269201
8066,1311
8067,1334
8068,1338
8069,1453352
8070,149016
8071,1521
8072,1570
8073,1588
8074,1617448
8075,166485
8076,1670455
8077,167375
8078,1678309
8079,1699621
8080,1699623
8081,1758179
8082,1796613
8083,1816219
8084,1819725
8085,1870984
8086,194424
8087,1982751
8088,2071621
8089,2083051
8090,2203
8091,2203724
8092,238836
8093,2448483
8094,246432
8095,2479367
8096,2479546
8097,2498113
8098,2560489
8099,2560719
8100,2576919
8101,2590884
8102,2650157
8103,2651284
8104,2701
8105,2708348
8106,2719313
8107,2734236
8108,2738399
8109,2764325
8110,2767577
8111,2772254
8112,2773454
8113,2777185
8114,2778370
8115,2782006
8116,2791037
8117,283734
8118,2837508
8119,2841528
8120,2843352
8121,2904247
8122,2907623
8123,2912315
8124,2924034
8125,2929489
8126,2932867
8127,29389
8128,2946794
8129,2949996
8130,2955351
8131,2955391
8132,2956211
8133,2997336
8134,3048188
8135,3050260
8136,3050295
8137,343403
8138,343874
8139,360422
8140,388413
8141,388640
8142,406020
8143,577309
8144,591197
8145,669359
8146,71997
8147,726
8148,861445
8149,86331
8150,86664
8151,871694
8152,89373
8153,927786
8154,1006155
8155,101385
8156,1073987
8157,114527
8158,115782
8159,116090
8160,1221500
8161,1229621
8162,1253
8163,1314
8164,1338689
8165,1345
8166,1355330
8167,1366
8168,142877
8169,1519
8170,1529
8171,1532350
8172,153265
8173,1550241
8174,155322
8175,1573704
8176,1577791
8177,1601
8178,160453
8179,1612624
8180,1642
8181,1656159
8182,1658616
8183,1756993
8184,1761453
8185,1776741
8186,186824
8187,1892259
8188,1902136
8189,190897
8190,191579
8191,1982102
8192,1982288
8193,1982307
8194,2004650
8195,2024974
8196,2054316
8197,212663
8198,213419
8199,217
8200,233316
8201,2490855
8202,2507538
8203,2518973
8204,2552945
8205,2576928
8206,2587865
8207,2591216
8208,2601575
8209,266748
8210,2682541
8211,2686358
8212,2733202
8213,2734292
8214,2738979
8215,2759528
8216,2759692
8217,2762277
8218,28038
8219,280473
8220,2810514
8221,2831673
8222,2831893
8223,2843734
8224,2862870
8225,2866199
8226,2866211
8227,2893883
8228,2893884
8229,2927224
8230,2940301
8231,29423
8232,2948800
8233,2955392
8234,2955604
8235,2955960
8236,2956015
8237,2956529
8238,298657
8239,3031997
8240,3054208
8241,3058433
8242,3059081
8243,3067276
8244,3070999
8245,322019
8246,34085
8247,347208
8248,389348
8249,39496
8250,398743
8251,414778
8252,46234
8253,511746
8254,52443
8255,53346
8256,552386
8257,589873
8258,59843
8259,69968
8260,71452
8261,72360
8262,730
8263,84406
8264,86332
8265,878220
8266,102115
8267,10258
8268,10294
8269,1071983
8270,1124835
8271,1130723
8272,1176482
8273,1204537
8274,1288
8275,1305738
8276,1327989
8277,1340830
8278,1408204
8279,142058
8280,1424294
8281,1434046
8282,147212
8283,150247
8284,1515
8285,1569
8286,1581011
8287,1623292
8288,1678728
8289,1714845
8290,1763538
8291,1798222
8292,1840303
8293,186823
8294,1980944
8295,1981510
8296,1982626
8297,1982755
8298,1982899
8299,1983750
8300,2005473
8301,2005703
8302,2036206
8303,2045200
8304,2054173
8305,2077090
8306,2115978
8307,213
8308,213121
8309,2358187
8310,2419841
8311,246
8312,2487065
8313,2496866
8314,2497436
8315,2560029
8316,2571246
8317,2675710
8318,2714948
8319,2715164
8320,2724469
8321,2734240
8322,2756
8323,2779363
8324,2787628
8325,2810196
8326,2819993
8327,28229
8328,2845650
8329,2875764
8330,2886360
8331,28895
8332,2897333
8333,2901381
8334,2905121
8335,292628
8336,29292
8337,2932259
8338,293387
8339,29379
8340,2954101
8341,29552
8342,2955566
8343,2956386
8344,2983215
8345,2983299
8346,2986829
8347,2986834
8348,3002962
8349,3003261
8350,3035288
8351,3036126
8352,3050252
8353,3050256
8354,3050334
8355,3050336
8356,3070656
8357,312279
8358,313603
8359,33034
8360,38875
8361,39152
8362,393921
8363,39950
8364,404583
8365,430451
8366,44008
8367,453816
8368,459529
8369,463
8370,46507
8371,489
8372,498846
8373,53945
8374,55197
8375,631
8376,641107
8377,658632
8378,65959
8379,675
8380,713887
8381,74109
8382,766
8383,786
8384,83771
8385,103810
8386,10702
8387,1099853
8388,1147042
8389,1184387
8390,1195073
8391,1316941
8392,1328770
8393,1330330
8394,134676
8395,1352
8396,1392
8397,143223
8398,1501662
8399,1603
8400,1623284
8401,1647476
8402,1659194
8403,167474
8404,1690818
8405,1729720
8406,1737405
8407,1750535
8408,1774273
8409,1776742
8410,1835254
8411,187101
8412,1871111
8413,1884915
8414,1891186
8415,190895
8416,1918946
8417,1982262
8418,1982887
8419,1983736
8420,2017483
8421,2049305
8422,206403
8423,2109558
8424,2126553
8425,214
8426,2265
8427,2275
8428,2283194
8429,2319
8430,235
8431,247
8432,2507161
8433,2516559
8434,2587862
8435,2588449
8436,2588535
8437,2590895
8438,2594495
8439,2598453
8440,2609251
8441,261524
8442,2652177
8443,2696063
8444,2704654
8445,2705458
8446,2714926
8447,2733367
8448,2734245
8449,2734252
8450,2742675
8451,2745198
8452,2779528
8453,2785124
8454,2785746
8455,2795738
8456,28087
8457,2808900
8458,2828656
8459,2831890
8460,2831891
8461,2846609
8462,2879119
8463,2885951
8464,2892396
8465,2893889
8466,2903099
8467,2904123
8468,2923279
8469,2930131
8470,2932252
8471,2936682
8472,2944252
8473,2948710
8474,2956110
8475,2956429
8476,2976236
8477,3003229
8478,3030492
8479,3034146
8480,3070681
8481,33962
8482,33990
8483,34020
8484,342950
8485,347209
8486,363408
8487,379064
8488,394751
8489,42422
8490,43080
8491,446374
8492,47678
8493,483
8494,489910
8495,51173
8496,512649
8497,53345
8498,53410
8499,54248
8500,558152
8501,59754
8502,627445
8503,72275
8504,76258
8505,770
8506,795750
8507,836
8508,841
8509,96241
8510,96345
8511,1081631
8512,1137606
8513,1199245
8514,1218801
8515,1295609
8516,1348613
8517,1382466
8518,1386941
8519,1399115
8520,1406512
8521,1561
8522,1608473
8523,1610872
8524,161213
8525,161398
8526,1636606
8527,167
8528,171552
8529,1727145
8530,1738770
8531,1740262
8532,1808001
8533,1813182
8534,1844999
8535,185008
8536,1855910
8537,1866938
8538,1937005
8539,1971488
8540,1979344
8541,1980674
8542,1982308
8543,2004647
8544,2024263
8545,2066483
8546,2132
8547,2191
8548,2330
8549,2360
8550,247523
8551,2494373
8552,255247
8553,2560305
8554,2582914
8555,2585771
8556,2588937
8557,2593652
8558,2599308
8559,2652721
8560,2656551
8561,2681308
8562,2683272
8563,2733154
8564,2733169
8565,2734190
8566,2734215
8567,2734229
8568,2734251
8569,2745512
8570,2749995
8571,2778051
8572,2779518
8573,2779527
8574,2795384
8575,2806551
8576,2812025
8577,28189
8578,2829187
8579,2831969
8580,2838877
8581,2859768
8582,2864040
8583,2893886
8584,2921087
8585,29378
8586,2939494
8587,2948917
8588,29533
8589,2955347
8590,2955609
8591,2956025
8592,2956029
8593,2956122
8594,2956401
8595,2956474
8596,2984846
8597,298596
8598,2999116
8599,300825
8600,3045146
8601,3047874
8602,3047875
8603,3059078
8604,3061989
8605,316068
8606,349064
8607,364102
8608,375175
8609,39765
8610,39778
8611,403957
8612,45056
8613,45497
8614,51669
8615,558016
8616,56877
8617,570278
8618,58231
8619,633404
8620,648802
8621,65553
8622,656519
8623,659
8624,693153
8625,712357
8626,72
8627,752201
8628,784
8629,810
8630,85034
8631,851
8632,859
8633,865
8634,89059
8635,92793
8636,1113728
8637,114528
8638,1241979
8639,1250205
8640,1255
8641,132604
8642,1329841
8643,14
8644,1408281
8645,1433513
8646,1437443
8647,1492737
8648,150120
8649,1581038
8650,1581557
8651,1587
8652,161360
8653,1635327
8654,1636607
8655,1641
8656,1705394
8657,1706372
8658,1743173
8659,176102
8660,1810868
8661,186807
8662,1868793
8663,1890302
8664,1906744
8665,1917830
8666,1923
8667,1967666
8668,1982258
8669,1982305
8670,1982358
8671,1985731
8672,198832
8673,199441
8674,2066049
8675,2086577
8676,2120
8677,2173853
8678,220684
8679,2259
8680,238
8681,2488810
8682,2506420
8683,2507160
8684,252356
8685,2545800
8686,2557994
8687,2560595
8688,2570191
8689,2591118
8690,2608253
8691,2656554
8692,2681309
8693,2682456
8694,2703794
8695,2705471
8696,2708340
8697,2714946
8698,2726434
8699,2726954
8700,2732161
8701,2733639
8702,2742598
8703,2772432
8704,2777577
8705,2778060
8706,2781390
8707,280145
8708,2817969
8709,2821140
8710,28253
8711,2828763
8712,2832317
8713,2843722
8714,2844018
8715,2846396
8716,285530
8717,2855394
8718,2939731
8719,2946819
8720,2956123
8721,2956133
8722,2956316
8723,2956376
8724,2969672
8725,2977321
8726,2986835
8727,3015165
8728,3018315
8729,301953
8730,3019934
8731,3025668
8732,3035453
8733,3050267
8734,3050637
8735,3064001
8736,3070676
8737,34067
8738,342948
8739,395631
8740,470565
8741,505341
8742,51665
8743,52133
8744,580165
8745,589436
8746,59512
8747,666686
8748,69539
8749,74700
8750,748770
8751,75984
8752,762
8753,766224
8754,768
8755,76853
8756,77095
8757,883811
8758,936902
8759,948
8760,981330
8761,983548
8762,999
8763,1051143
8764,107327
8765,108150
8766,1101
8767,1129
8768,1182
8769,118882
8770,1190813
8771,1195070
8772,1287640
8773,1303590
8774,1307839
8775,1359
8776,1449788
8777,1470540
8778,1494
8779,152267
8780,1534
8781,1547283
8782,1574161
8783,158849
8784,158898
8785,1604335
8786,1621989
8787,1637975
8788,164452
8789,1674923
8790,1702170
8791,1758395
8792,1769012
8793,1784713
8794,1784714
8795,1789762
8796,1821563
8797,1835724
8798,1855331
8799,1855652
8800,191411
8801,1980948
8802,1982306
8803,1982901
8804,1982902
8805,2015076
8806,2037915
8807,2081052
8808,213421
8809,2141
8810,214888
8811,2169540
8812,2169651
8813,2215
8814,223785
8815,2249356
8816,2276
8817,2282170
8818,2283160
8819,2321114
8820,235559
8821,236753
8822,2421
8823,242600
8824,2483794
8825,2516557
8826,2560261
8827,2560484
8828,2560493
8829,2565914
8830,2571250
8831,2576922
8832,2583805
8833,2587529
8834,2656550
8835,2662362
8836,2682455
8837,2696560
8838,2699836
8839,2700081
8840,2704655
8841,2714949
8842,2728853
8843,2733170
8844,2734274
8845,2734277
8846,2746060
8847,2748320
8848,2773264
8849,2778055
8850,2778063
8851,2778550
8852,2782163
8853,2785630
8854,2792979
8855,2802577
8856,2836091
8857,2838015
8858,2864201
8859,2867247
8860,2884832
8861,2885981
8862,2886510
8863,288965
8864,2893202
8865,2908210
8866,2913495
8867,2930219
8868,2932256
8869,2937790
8870,2937985
8871,2948855
8872,2948926
8873,29521
8874,2954089
8875,2955352
8876,2955573
8877,29562
8878,2956326
8879,2976354
8880,2980027
8881,2994319
8882,2998077
8883,3015952
8884,3033384
8885,3035694
8886,3047542
8887,3050137
8888,3050277
8889,3073816
8890,320324
8891,33047
8892,333962
8893,35762
8894,36839
8895,387093
8896,411153
8897,46255
8898,477967
8899,477976
8900,484770
8901,491950
8902,499229
8903,51161
8904,529881
8905,54261
8906,54526
8907,55802
8908,56812
8909,573591
8910,577489
8911,58050
8912,59739
8913,626
8914,649777
8915,683124
8916,69499
8917,698776
8918,708126
8919,745
8920,754
8921,754429
8922,755731
8923,779
8924,859143
8925,904
8926,92245
8927,93682
8928,1008460
8929,1032072
8930,1034136
8931,107401
8932,1100891
8933,111770
8934,1146873
8935,1173263
8936,1220717
8937,1249480
8938,1286698
8939,1302376
8940,1306519
8941,1326
8942,1348
8943,1353260
8944,1467
8945,147322
8946,1513297
8947,151781
8948,1547
8949,1578720
8950,1612150
8951,1623301
8952,1632019
8953,1647470
8954,1647471
8955,1679002
8956,1706371
8957,1715806
8958,1720083
8959,1742359
8960,1759089
8961,1891280
8962,191303
8963,1923542
8964,192389
8965,196117
8966,1982282
8967,1982879
8968,2025808
8969,2026186
8970,2052660
8971,2094025
8972,2100116
8973,2183896
8974,2216012
8975,2226
8976,2293317
8977,2560782
8978,2589790
8979,2652881
8980,2675707
8981,2675726
8982,2689102
8983,2705473
8984,2708352
8985,2733115
8986,2733194
8987,2734230
8988,2734278
8989,2742601
8990,2776868
8991,2811482
8992,2815775
8993,28182
8994,2819619
8995,2820270
8996,2831894
8997,2843385
8998,2861801
8999,2866570
9000,2894082
9001,2894593
9002,2897181
9003,2908650
9004,2925830
9005,2930213
9006,2946815
9007,2950074
9008,29546
9009,2955329
9010,2955564
9011,2955956
9012,2956001
9013,2956114
9014,2956131
9015,2956191
9016,2956325
9017,2956431
9018,2969821
9019,2986824
9020,3003257
9021,3023936
9022,3028318
9023,3040348
9024,3048179
9025,3050249
9026,3050254
9027,3050292
9028,3050333
9029,305976
9030,3059992
9031,3070660
9032,3070661
9033,3070814
9034,33033
9035,33042
9036,36853
9037,426117
9038,431057
9039,50719
9040,522262
9041,528191
9042,54254
9043,573658
9044,60519
9045,673862
9046,735
9047,75658
9048,759811
9049,762833
9050,76859
9051,780
9052,875932
9053,1004301
9054,104628
9055,1048758
9056,104955
9057,1109711
9058,1109713
9059,1118
9060,113107
9061,1131316
9062,1138822
9063,1152
9064,1166
9065,1183239
9066,1215089
9067,1246
9068,1249
9069,13076
9070,1340
9071,1346829
9072,135575
9073,136094
9074,1474
9075,1488
9076,157688
9077,1580092
9078,162289
9079,1640
9080,1643951
9081,1716543
9082,1736674
9083,1778264
9084,1803846
9085,1807141
9086,182141
9087,1821559
9088,1825069
9089,182773
9090,185007
9091,185588
9092,1884916
9093,1890438
9094,191301
9095,1921582
9096,1933929
9097,197614
9098,1982280
9099,1982286
9100,1982895
9101,1982903
9102,1983719
9103,201
9104,2024614
9105,2058133
9106,2081042
9107,2099788
9108,2108365
9109,2123
9110,216938
9111,2173
9112,2213226
9113,227388
9114,236
9115,2488567
9116,2493639
9117,2502431
9118,2560360
9119,2560506
9120,2560778
9121,2560847
9122,2579791
9123,2591217
9124,2593672
9125,260714
9126,2651167
9127,2665645
9128,2678256
9129,2686229
9130,2692425
9131,2715131
9132,2715163
9133,2725268
9134,2732368
9135,2734268
9136,2734276
9137,2734285
9138,2743404
9139,2762563
9140,2766470
9141,2772433
9142,2777186
9143,2785025
9144,2785331
9145,279303
9146,2805839
9147,28137
9148,28196
9149,2829816
9150,2837511
9151,2843366
9152,2846064
9153,2856180
9154,2864210
9155,2866200
9156,2896860
9157,2933872
9158,29341
9159,2934315
9160,29360
9161,2937786
9162,2944251
9163,2948773
9164,2948808
9165,29507
9166,2953752
9167,2955340
9168,2955349
9169,2955353
9170,2955428
9171,2955567
9172,2955968
9173,2955996
9174,2956030
9175,2956113
9176,2956466
9177,2979330
9178,301865
9179,3021405
9180,3047865
9181,3050259
9182,3050348
9183,3052090
9184,3068305
9185,3074822
9186,312277
9187,313598
9188,314281
9189,32049
9190,320787
9191,33046
9192,36745
9193,367743
9194,38323
9195,391290
9196,44011
9197,51367
9198,548914
9199,689
9200,712362
9201,747522
9202,747763
9203,76887
9204,79601
9205,83555
9206,84107
9207,861914
9208,87541
9209,90322
9210,938288
9211,93973
9212,1006
9213,1007
9214,1014
9215,104268
9216,104270
9217,1151742
9218,1183412
9219,118969
9220,1216297
9221,13
9222,1302659
9223,1325083
9224,1335
9225,1336796
9226,1349
9227,1353976
9228,135620
9229,135742
9230,1413
9231,1486034
9232,1490
9233,1492
9234,1493
9235,1495331
9236,1497
9237,150055
9238,1501392
9239,1503929
9240,1506553
9241,151081
9242,152268
9243,153151
9244,155866
9245,157692
9246,158850
9247,1608357
9248,1623288
9249,1629
9250,1638
9251,163877
9252,1647472
9253,1690805
9254,1699624
9255,1714848
9256,1714849
9257,1751095
9258,1756150
9259,1816218
9260,1848904
9261,1867846
9262,1868135
9263,1913577
9264,1925780
9265,195248
9266,197162
9267,198
9268,1982268
9269,1982270
9270,1982897
9271,1983106
9272,1983108
9273,2048654
9274,2068654
9275,2126929
9276,2163644
9277,2282148
9278,2303
9279,2483366
9280,2487063
9281,2496865
9282,2497879
9283,2517362
9284,2518177
9285,253703
9286,254245
9287,2560303
9288,2560388
9289,2560502
9290,2560514
9291,2560700
9292,2560848
9293,2567941
9294,2572594
9295,2594269
9296,261825
9297,263
9298,2675775
9299,2695882
9300,2714930
9301,2733196
9302,2733618
9303,2734239
9304,2734250
9305,2734271
9306,2736252
9307,2738
9308,2738844
9309,2746230
9310,2748
9311,2767881
9312,2767886
9313,2775246
9314,2795386
9315,2795389
9316,2801997
9317,2808963
9318,281120
9319,2811778
9320,2831896
9321,2840180
9322,2844358
9323,2844659
9324,2849642
9325,2856519
9326,2879107
9327,2894202
9328,290335
9329,2904119
9330,2904121
9331,2908211
9332,2910755
9333,2916693
9334,2926099
9335,2930198
9336,2930200
9337,2940299
9338,2940302
9339,2940489
9340,2942908
9341,2948610
9342,2955229
9343,2955339
9344,2955350
9345,2955862
9346,2955912
9347,2956092
9348,2956136
9349,2956579
9350,2956711
9351,2956713
9352,2972483
9353,2993656
9354,3003263
9355,3015170
9356,301585
9357,3034674
9358,303541
9359,3035514
9360,3040201
9361,3042300
9362,3047366
9363,3047786
9364,3050269
9365,310037
9366,32257
9367,333965
9368,34064
9369,341027
9370,342409
9371,37372
9372,375929
9373,387092
9374,39441
9375,396811
9376,40269
9377,407392
9378,409316
9379,409322
9380,413888
9381,41675
9382,419257
9383,446372
9384,451514
9385,45851
9386,458639
9387,46126
9388,465797
9389,529731
9390,54262
9391,56193
9392,56426
9393,571800
9394,583319
9395,591154
9396,659243
9397,66219
9398,676208
9399,691437
9400,69328
9401,710648
9402,76517
9403,769
9404,77608
9405,81468
9406,83558
9407,856
9408,86106
9409,89093
9410,89152
9411,91844
9412,983544
9413,985002
9414,992289
9415,996
9416,10279
9417,105
9418,1081
9419,1160784
9420,1165090
9421,1183377
9422,1185412
9423,120577
9424,1218
9425,123824
9426,1241982
9427,1255301
9428,1293
9429,1299429
9430,1354
9431,1355374
9432,135735
9433,1375
9434,137779
9435,1394
9436,1449
9437,1458842
9438,1476025
9439,1505
9440,1517
9441,1541
9442,1548417
9443,1550240
9444,157673
9445,158846
9446,158847
9447,1591088
9448,160798
9449,1612
9450,1622
9451,1623283
9452,1633
9453,1633874
9454,170673
9455,1720323
9456,1756149
9457,1798216
9458,1798219
9459,1798221
9460,1805459
9461,1811193
9462,1827481
9463,186490
9464,188711
9465,1911586
9466,1915310
9467,1920305
9468,1929477
9469,1930764
9470,1935446
9471,1982274
9472,198251
9473,1982561
9474,1982883
9475,1983735
9476,2014742
9477,2018305
9478,2029986
9479,2030797
9480,2038776
9481,2049890
9482,2058134
9483,207244
9484,2079134
9485,212790
9486,214473
9487,2161872
9488,2169722
9489,2169730
9490,2182395
9491,2201181
9492,2202
9493,2203895
9494,2210
9495,221027
9496,2267253
9497,230666
9498,2315
9499,2370
9500,247481
9501,2478663
9502,2486578
9503,248906
9504,2500547
9505,2507159
9506,2529032
9507,2560485
9508,2560608
9509,2560679
9510,2594042
9511,2601646
9512,2614441
9513,2652883
9514,2654676
9515,2656546
9516,2686361
9517,2704652
9518,2719989
9519,2723402
9520,2734242
9521,2734581
9522,2763062
9523,2768133
9524,2778067
9525,2779360
9526,2795383
9527,28045
9528,2818469
9529,28188
9530,28198
9531,2822137
9532,2823904
9533,2824673
9534,283699
9535,2841063
9536,2843733
9537,2843896
9538,2845656
9539,2870839
9540,2878390
9541,2878534
9542,2893471
9543,2906076
9544,2912187
9545,2917812
9546,2924031
9547,2926907
9548,29324
9549,2939131
9550,2940297
9551,2946160
9552,2946813
9553,2948912
9554,2948939
9555,2954098
9556,2955327
9557,2955335
9558,2955413
9559,2955565
9560,2955597
9561,2955709
9562,2955754
9563,2956059
9564,2956112
9565,2956236
9566,2956314
9567,2956358
9568,2956385
9569,2956389
9570,2956432
9571,2956534
9572,2956557
9573,2956639
9574,2968490
9575,2976982
9576,2980107
9577,2981578
9578,2992244
9579,3023090
9580,3025665
9581,3038367
9582,3042315
9583,3070659
9584,3071082
9585,33028
9586,33037
9587,33941
9588,367791
9589,373407
9590,373891
9591,400065
9592,421767
9593,444051
9594,44674
9595,447032
9596,46254
9597,510690
9598,553981
9599,57029
9600,58049
9601,584609
9602,59600
9603,633807
9604,652716
9605,68295
9606,69965
9607,718192
9608,753
9609,762954
9610,77022
9611,82348
9612,82688
9613,830
9614,83559
9615,849864
9616,868
9617,869806
9618,909929
9619,93466
9620,93929
9621,1002672
9622,1004303
9623,100886
9624,1076626
9625,1089135
9626,119394
9627,1194088
9628,1194427
9629,1204525
9630,1211642
9631,1216932
9632,1239415
9633,126738
9634,1278212
9635,1281
9636,1284
9637,1292359
9638,1329
9639,1336802
9640,138
9641,1448857
9642,1498
9643,1505652
9644,154288
9645,155194
9646,1560339
9647,1589748
9648,160
9649,1636720
9650,1643949
9651,164451
9652,1648
9653,169679
9654,1751056
9655,1796635
9656,1798806
9657,1835721
9658,1852374
9659,1852970
9660,1854574
9661,186818
9662,1872114
9663,1903416
9664,1905288
9665,195498
9666,1959104
9667,1961678
9668,1972867
9669,1980936
9670,1982301
9671,1983117
9672,2021971
9673,2026188
9674,2070463
9675,2081051
9676,2093
9677,2099789
9678,2115968
9679,216933
9680,2170239
9681,2170745
9682,2171497
9683,2204145
9684,221402
9685,2267
9686,227
9687,227942
9688,2320858
9689,2320868
9690,248039
9691,2483110
9692,2483368
9693,2487064
9694,2528203
9695,2560298
9696,2560359
9697,2560499
9698,2560509
9699,2582830
9700,2583452
9701,2584122
9702,2589990
9703,2609418
9704,2704034
9705,2713263
9706,272774
9707,2733153
9708,2733195
9709,2734225
9710,2734253
9711,2734272
9712,2734280
9713,2734282
9714,2734333
9715,2735321
9716,2739062
9717,2740427
9718,2746231
9719,2749996
9720,2751
9721,2756107
9722,2759705
9723,2770636
9724,2776856
9725,2778053
9726,2778057
9727,2785531
9728,279280
9729,279383
9730,2806008
9731,28125
9732,2813777
9733,2819290
9734,2820817
9735,2822842
9736,2829498
9737,2836048
9738,2843412
9739,2845590
9740,2846047
9741,2856522
9742,2856608
9743,2862509
9744,2871165
9745,2873296
9746,2886040
9747,28898
9748,2893057
9749,2893572
9750,2894335
9751,2898076
9752,2916633
9753,2926671
9754,292833
9755,2929481
9756,2929512
9757,2939492
9758,2948731
9759,2948878
9760,2951104
9761,2954054
9762,2955325
9763,2955343
9764,2955378
9765,2955513
9766,2955568
9767,2955888
9768,295596
9769,2955983
9770,2956116
9771,2956119
9772,2956125
9773,2956132
9774,2956237
9775,2956357
9776,2956533
9777,2956658
9778,2956784
9779,2986838
9780,2993618
9781,2993714
9782,3038077
9783,3038772
9784,3047868
9785,3048238
9786,3050245
9787,3050278
9788,3050344
9789,3073563
9790,314282
9791,328515
9792,330922
9793,332101
9794,336810
9795,337479
9796,35795
9797,39485
9798,399320
9799,417280
9800,436516
9801,44009
9802,444163
9803,447897
9804,47466
9805,480520
9806,498374
9807,513050
9808,51668
9809,52959
9810,543886
9811,570156
9812,57665
9813,58290
9814,64160
9815,66821
9816,673372
9817,701045
9818,704125
9819,754397
9820,76831
9821,84156
9822,877455
9823,939
9824,94138
9825,949
9826,954
9827,97084
9828,101192
9829,1034111
9830,10704
9831,1074467
9832,1085647
9833,1164882
9834,1178825
9835,1179669
9836,118060
9837,11864
9838,1191912
9839,1193503
9840,1232667
9841,1234680
9842,1235689
9843,126740
9844,128944
9845,1295
9846,130369
9847,1310418
9848,1316596
9849,1324350
9850,1328881
9851,1336795
9852,1354726
9853,1377
9854,1379908
9855,1383885
9856,1390185
9857,1415657
9858,1421
9859,143361
9860,1434099
9861,1507512
9862,1513258
9863,1527513
9864,1532552
9865,1535204
9866,1542963
9867,1570339
9868,1586715
9869,1609531
9870,1615909
9871,1622118
9872,1630406
9873,165096
9874,1659192
9875,1685010
9876,1686399
9877,1703970
9878,171284
9879,1751286
9880,1755811
9881,1763534
9882,1778262
9883,1778653
9884,1798225
9885,1802984
9886,1815972
9887,1843210
9888,1890422
9889,1966265
9890,1973475
9891,1980923
9892,1982239
9893,1982284
9894,1982557
9895,1982590
9896,1982905
9897,1983120
9898,1985733
9899,1985736
9900,2005060
9901,2039240
9902,2039639
9903,204456
9904,2049886
9905,2058137
9906,2077136
9907,208226
9908,2108123
9909,2146
9910,2160
9911,2169731
9912,2171500
9913,225362
9914,2283483
9915,231049
9916,233181
9917,2419611
9918,2478552
9919,2485839
9920,249188
9921,2499023
9922,2518495
9923,2545799
9924,2560492
9925,2560501
9926,2564099
9927,2565531
9928,2575699
9929,2590012
9930,2592653
9931,2599847
9932,2601122
9933,2607662
9934,2609668
9935,2650158
9936,2652879
9937,265570
9938,2672567
9939,2675233
9940,2675331
9941,2681470
9942,2683193
9943,2686366
9944,2697010
9945,270918
9946,2714929
9947,2733959
9948,2734065
9949,2734228
9950,2734243
9951,2734246
9952,2734281
9953,2734291
9954,2735723
9955,2743910
9956,2744027
9957,2745562
9958,2746072
9959,2746225
9960,2749961
9961,2759662
9962,2762398
9963,2762410
9964,2762819
9965,2765402
9966,2767885
9967,2781243
9968,2795691
9969,2801834
9970,2806609
9971,281
9972,28107
9973,28197
9974,2820661
9975,2839759
9976,2843308
9977,2843355
9978,2843726
9979,2845591
9980,2845655
9981,2869553
9982,2894293
9983,2906077
9984,2910754
9985,2920386
9986,2924032
9987,292691
9988,2927281
9989,29291
9990,2929796
9991,2929799
9992,293371
9993,29433
9994,29461
9995,2948679
9996,2955239
9997,2955326
9998,2955363
9999,2955364
10000,2955577
10001,2955753
10002,2955962
10003,2956084
10004,2956109
10005,2956340
10006,2956341
10007,2956559
10008,2956563
10009,2956578
10010,2956580
10011,2956581
10012,2961895
10013,3050243
10014,3050282
10015,3050300
10016,3050304
10017,3050319
10018,3052091
10019,3058373
10020,3059076
10021,3071081
10022,3073271
10023,3074101
10024,3074145
10025,317658
10026,319426
10027,31984
10028,326329
10029,334715
10030,33865
10031,36845
10032,373405
10033,374106
10034,39664
10035,43659
10036,449
10037,470150
10038,472834
10039,47735
10040,518738
10041,519472
10042,53344
10043,540068
10044,550542
10045,556259
10046,556287
10047,56146
10048,573501
10049,586733
10050,59277
10051,60480
10052,643214
10053,69896
10054,69966
10055,70258
10056,71237
10057,72293
10058,731
10059,746691
10060,754417
10061,76594
10062,795748
10063,803
10064,809
10065,813
10066,85991
10067,861047
10068,933
10069,955
10070,102862
10071,102886
10072,1032892
10073,1034150
10074,103690
10075,10492
10076,10493
10077,1071080
10078,109790
10079,110163
10080,1109712
10081,1114861
10082,111844
10083,112234
10084,1146875
10085,1155388
10086,1178778
10087,1217416
10088,1244
10089,1245
10090,1245814
10091,1250400
10092,1266052
10093,1294
10094,1294262
10095,1300
10096,130310
10097,1318743
10098,1329899
10099,1336794
10100,1353246
10101,1395624
10102,1406197
10103,145262
10104,1452732
10105,1457141
10106,1474867
10107,1476
10108,1482
10109,150340
10110,1511
10111,1522127
10112,155085
10113,1555235
10114,1561003
10115,157691
10116,1623278
10117,1636271
10118,164393
10119,165779
10120,1660073
10121,1714860
10122,173
10123,1734049
10124,1747271
10125,1755682
10126,176292
10127,1779134
10128,1785996
10129,1814128
10130,183417
10131,1838072
10132,1840301
10133,1846278
10134,1848399
10135,1854498
10136,187452
10137,1882662
10138,1886670
10139,1887657
10140,188913
10141,1912064
10142,1914850
10143,1915309
10144,1917158
10145,1936081
10146,1967665
10147,1970189
10148,1971485
10149,1977865
10150,1980922
10151,1982148
10152,1982151
10153,1982238
10154,1982266
10155,1982267
10156,1982290
10157,1982298
10158,1982559
10159,1982746
10160,1982750
10161,1982889
10162,1987580
10163,2003316
10164,2003370
10165,2018044
10166,202
10167,2024265
10168,2025351
10169,202746
10170,2035399
10171,203804
10172,206042
10173,2092
10174,2124
10175,2169611
10176,2169636
10177,2201441
10178,2234087
10179,2234092
10180,224027
10181,2304606
10182,2322
10183,234827
10184,2382163
10185,241244
10186,2419
10187,244582
10188,2479547
10189,2490853
10190,2497860
10191,2509341
10192,2509785
10193,254839
10194,254955
10195,255507
10196,2560440
10197,2560487
10198,2560596
10199,2560611
10200,2560784
10201,2576307
10202,2579250
10203,2583584
10204,2583591
10205,2599870
10206,260373
10207,2652405
10208,266749
10209,267375
10210,2675776
10211,2676247
10212,267889
10213,2686228
10214,2686363
10215,2689569
10216,2714947
10217,2719912
10218,2732017
10219,2732594
10220,2733152
10221,2733171
10222,2733215
10223,2733592
10224,2733613
10225,2733946
10226,2733958
10227,2734148
10228,2734201
10229,2734202
10230,2734219
10231,2734263
10232,2734575
10233,2742653
10234,2748316
10235,2749962
10236,2759392
10237,2759660
10238,2797313
10239,2803850
10240,2806552
10241,2809031
10242,2811503
10243,2818493
10244,28228
10245,2827233
10246,2830782
10247,2843450
10248,2843841
10249,2844661
10250,2844866
10251,2845108
10252,2845954
10253,2846038
10254,2846392
10255,2846393
10256,2847299
10257,2855841
10258,2886031
10259,28903
10260,2898187
10261,2909581
10262,291048
10263,2918526
10264,2919598
10265,2923363
10266,292486
10267,2925782
10268,2929510
10269,2931922
10270,2940300
10271,2943841
10272,2948935
10273,2951085
10274,2955309
10275,2955317
10276,2955338
10277,2955341
10278,2955346
10279,2955403
10280,2955538
10281,29556
10282,2955845
10283,2955893
10284,2956185
10285,2956261
10286,2956315
10287,2956441
10288,2956443
10289,2956641
10290,2956682
10291,2962659
10292,2964608
10293,2967301
10294,2976343
10295,2983836
10296,2986823
10297,2986831
10298,2991418
10299,2991940
10300,2993937
10301,299566
10302,3002900
10303,3015168
10304,3026145
10305,3032586
10306,3048363
10307,3050311
10308,3050313
10309,3050326
10310,3050345
10311,3070679
10312,308354
10313,313588
10314,315393
10315,326320
10316,33055
10317,333926
10318,33991
10319,34019
10320,34105
10321,373213
10322,379547
10323,450
10324,46867
10325,47251
10326,51664
10327,519450
10328,52584
10329,53444
10330,549298
10331,558314
10332,573569
10333,574697
10334,59734
10335,691963
10336,699370
10337,710191
10338,712368
10339,712623
10340,74969
10341,754409
10342,77021
10343,81466
10344,83683
10345,86660
10346,86663
10347,877500
10348,88916
10349,90426
10350,951
10351,1032623
10352,10375
10353,1056831
10354,108015
10355,109328
10356,1109716
10357,1116375
10358,111955
10359,1129771
10360,1131315
10361,114090
10362,115987
10363,1183411
10364,1211641
10365,1279082
10366,1296340
10367,130308
10368,1309
10369,1312072
10370,1336804
10371,1364
10372,138563
10373,1424653
10374,1439319
10375,1457153
10376,1458846
10377,1462527
10378,1468409
10379,1471399
10380,148943
10381,1509
10382,151276
10383,1513
10384,152297
10385,157268
10386,1596
10387,1618
10388,1623282
10389,1643512
10390,1653476
10391,1654781
10392,1655500
10393,1673428
10394,1741
10395,1758196
10396,179237
10397,182262
10398,1826872
10399,1836467
10400,1839785
10401,1845000
10402,1849015
10403,1849031
10404,1855336
10405,1888890
10406,1892254
10407,1912871
10408,1917441
10409,1920107
10410,1922460
10411,1925021
10412,1942464
10413,1945658
10414,196
10415,196118
10416,1967782
10417,1982086
10418,1982095
10419,1982101
10420,1982255
10421,1982277
10422,1982285
10423,1982555
10424,1982560
10425,1982747
10426,1985727
10427,1986018
10428,1986540
10429,2005520
10430,2010992
10431,2011079
10432,2011088
10433,202747
10434,2049885
10435,2052657
10436,2054641
10437,2060307
10438,2067065
10439,2069432
10440,2079570
10441,2083300
10442,2095
10443,2147
10444,2169705
10445,2169812
10446,2170099
10447,2177
10448,2182400
10449,2201427
10450,2206
10451,2212850
10452,225143
10453,2259672
10454,2259673
10455,228229
10456,2285
10457,2307
10458,2325
10459,2331
10460,2336
10461,2341050
10462,2419948
10463,244310
10464,2490939
10465,252967
10466,2547600
10467,2560297
10468,2560302
10469,2560407
10470,2560785
10471,2563669
10472,2570561
10473,2588512
10474,2591213
10475,2594004
10476,2596974
10477,2608247
10478,2610896
10479,2654281
10480,2656538
10481,267
10482,2672570
10483,2675772
10484,267888
10485,2686078
10486,2686365
10487,269259
10488,2697371
10489,2713414
10490,2715209
10491,2724901
10492,2731208
10493,2731219
10494,2733156
10495,2733220
10496,2733591
10497,2733593
10498,2733643
10499,2733939
10500,2734217
10501,2734220
10502,2734227
10503,2734283
10504,2742655
10505,2742656
10506,2742657
10507,2745560
10508,2748319
10509,2755560
10510,2764326
10511,2767877
10512,2767888
10513,2776839
10514,2776867
10515,2779362
10516,2782653
10517,2792084
10518,2794998
10519,28110
10520,2811091
10521,2816908
10522,2819098
10523,28199
10524,2822847
10525,2832315
10526,2836007
10527,2843732
10528,2843778
10529,2844019
10530,2844223
10531,2845593
10532,2846050
10533,2848886
10534,2859476
10535,2883998
10536,2895470
10537,2897413
10538,2908646
10539,291183
10540,2912228
10541,2925318
10542,2929157
10543,2930315
10544,2932255
10545,2942966
10546,2943016
10547,2944914
10548,2946834
10549,294702
10550,2948776
10551,2949997
10552,2954008
10553,29553
10554,2955574
10555,2955755
10556,2955890
10557,2955977
10558,2955979
10559,2956026
10560,2956033
10561,2956042
10562,2956043
10563,2956090
10564,2956095
10565,2956192
10566,2956196
10567,2956235
10568,2956310
10569,2956396
10570,2956442
10571,2956476
10572,2956531
10573,2956535
10574,2956575
10575,2956577
10576,2956707
10577,2967302
10578,2983208
10579,2985323
10580,2985648
10581,2993455
10582,3003393
10583,302167
10584,3034029
10585,3047352
10586,3047751
10587,3050244
10588,3050258
10589,3050261
10590,3050281
10591,3050301
10592,3052604
10593,3052775
10594,3052808
10595,3058374
10596,3059026
10597,3070996
10598,3078438
10599,310769
10600,313590
10601,315405
10602,320912
10603,327575
10604,338190
10605,34098
10606,353852
10607,35818
10608,376418
10609,392332
10610,394958
10611,39669
10612,40222
10613,417127
10614,417367
10615,46354
10616,466051
10617,468911
10618,499235
10619,508451
10620,516075
10621,51663
10622,588
10623,596095
10624,61015
10625,622488
10626,64104
10627,64895
10628,653940
10629,663364
10630,665099
10631,68298
10632,68892
10633,697331
10634,712310
10635,715451
10636,717609
10637,718217
10638,720
10639,722755
10640,754070
10641,76860
10642,76936
10643,79206
10644,84135
10645,84590
10646,85108
10647,861
10648,88773
10649,945
10650,971279
10651,97138
10652,101534
10653,1032243
10654,1034100
10655,109472
10656,1133329
10657,1156431
10658,1162633
10659,1178540
10660,118883
10661,1218493
10662,1222016
10663,1224749
10664,1281486
10665,1296540
10666,1324864
10667,1328
10668,1341
10669,134287
10670,135858
10671,1374
10672,137732
10673,1390131
10674,141
10675,1410606
10676,143222
10677,1435347
10678,1443036
10679,1449781
10680,1450761
10681,1463809
10682,1498228
10683,1506716
10684,1514105
10685,1516159
10686,1542
10687,1579
10688,1579506
10689,1609559
10690,1621534
10691,1623293
10692,1643
10693,165694
10694,1660063
10695,1698709
10696,1699622
10697,1702238
10698,1720344
10699,1761895
10700,1780362
10701,1785128
10702,1805431
10703,1812112
10704,1819736
10705,1821553
10706,1840239
10707,184064
10708,1847728
10709,1850246
10710,1870884
10711,1883371
10712,1888195
10713,1896175
10714,189779
10715,1903276
10716,1904463
10717,1920860
10718,1923478
10719,1929246
10720,1930546
10721,1936080
10722,194195
10723,195
10724,1963270
10725,1980925
10726,1980926
10727,1982076
10728,1982091
10729,1982097
10730,1982098
10731,1982105
10732,1982107
10733,1982236
10734,1982252
10735,1982264
10736,1982273
10737,1982357
10738,1982374
10739,1982894
10740,1983118
10741,1983751
10742,1987940
10743,1993867
10744,2006139
10745,2026191
10746,203491
10747,2044912
10748,2057791
10749,2066024
10750,2066491
10751,208596
10752,2107
10753,2112
10754,2118
10755,2126985
10756,2162
10757,216931
10758,2173169
10759,218144
10760,2195
10761,2212991
10762,2259883
10763,225999
10764,2261
10765,2289
10766,2317
10767,2321111
10768,233067
10769,2337
10770,2375
10771,2419772
10772,2419842
10773,2419957
10774,2423
10775,246875
10776,2487150
10777,2496265
10778,2500132
10779,251540
10780,2547432
10781,254785
10782,2560122
10783,2560214
10784,2560300
10785,2560495
10786,2560505
10787,2560591
10788,2560625
10789,2560688
10790,2560689
10791,2560721
10792,2560802
10793,2560834
10794,2561898
10795,2565596
10796,2570586
10797,2571247
10798,2571252
10799,2571750
10800,2589818
10801,2590021
10802,2591117
10803,2591215
10804,2596745
10805,2603820
10806,2608867
10807,264636
10808,2653275
10809,2663241
10810,2675791
10811,2675794
10812,2678565
10813,267890
10814,2686235
10815,2686362
10816,2686378
10817,2697370
10818,2709390
10819,2712979
10820,2714927
10821,2719181
10822,2720029
10823,2724470
10824,2725994
10825,2731220
10826,2733092
10827,2733178
10828,2733200
10829,2733208
10830,2733330
10831,2733352
10832,2733590
10833,2733920
10834,2734068
10835,2734126
10836,2734143
10837,2734160
10838,2734247
10839,2734261
10840,2734284
10841,2742677
10842,2746233
10843,2751176
10844,2762559
10845,2767358
10846,2775245
10847,2776851
10848,2781774
10849,2813165
10850,2813371
10851,2823905
10852,2825845
10853,2839744
10854,2843389
10855,2843724
10856,2843725
10857,2843794
10858,2843897
10859,2844665
10860,2845589
10861,2845819
10862,2846044
10863,2846052
10864,2846403
10865,2846408
10866,2853158
10867,2886822
10868,288793
10869,2899121
10870,2906468
10871,2910589
10872,2911527
10873,2912628
10874,2916754
10875,2918453
10876,2923352
10877,2929515
10878,2932268
10879,29329
10880,2933796
10881,29348
10882,2936912
10883,2942452
10884,2948705
10885,2948726
10886,2948946
10887,2951084
10888,2954068
10889,2954097
10890,2955318
10891,2955342
10892,2955348
10893,2955377
10894,2955504
10895,2955514
10896,2955546
10897,2955710
10898,2955737
10899,2955842
10900,2955878
10901,29559
10902,2955916
10903,2955917
10904,2955942
10905,2956031
10906,2956032
10907,2956044
10908,2956055
10909,2956075
10910,2956157
10911,2956210
10912,2956238
10913,2956311
10914,2956398
10915,2956532
10916,2956637
10917,2956662
10918,2956664
10919,2956689
10920,2956702
10921,2961520
10922,2975529
10923,2978980
10924,2992843
10925,299568
10926,3015951
10927,3024576
10928,3026968
10929,3030529
10930,3031803
10931,3035452
10932,3040676
10933,3047750
10934,3048237
10935,3048336
10936,3049086
10937,3050136
10938,3050270
10939,3050280
10940,3050321
10941,3074130
10942,309868
10943,319017
10944,325455
10945,332157
10946,338191
10947,33964
10948,33970
10949,33989
10950,353851
10951,35788
10952,374422
10953,374982
10954,37665
10955,39478
10956,40091
10957,40542
10958,413889
10959,41997
10960,42879
10961,430531
10962,448181
10963,53435
10964,536044
10965,542343
10966,54297
10967,554406
10968,570266
10969,59195
10970,624
10971,634113
10972,637
10973,644524
10974,650378
10975,651456
10976,680118
10977,69657
10978,72273
10979,73780
10980,747548
10981,754423
10982,754516
10983,75905
10984,76832
10985,774
10986,83560
10987,846
10988,849
10989,85701
10990,882697
10991,89586
10992,931101
10993,938155
10994,944
10995,94694
10996,985043
10997,985762
10998,996801
10999,1006005
11000,1033997
11001,1034101
11002,1034114
11003,1034152
11004,104267
11005,1070130
11006,1085644
11007,10879
11008,109232
11009,1100043
11010,1105106
11011,1147043
11012,1148157
11013,114885
11014,1163
11015,1179817
11016,11885
11017,1191459
11018,1193095
11019,1195085
11020,1218494
11021,1234606
11022,1273748
11023,1287055
11024,1316593
11025,1330546
11026,1354512
11027,1378
11028,138853
11029,139
11030,1390119
11031,1414737
11032,143495
11033,145263
11034,1462
11035,1462615
11036,1470067
11037,1486473
11038,1501269
11039,1513458
11040,1526927
11041,1529069
11042,1539298
11043,1547445
11044,1548
11045,1564138
11046,1565532
11047,1582
11048,1583098
11049,1610509
11050,1614
11051,1625
11052,1628248
11053,164516
11054,1647
11055,1647283
11056,1650
11057,1660078
11058,1678179
11059,1679721
11060,168169
11061,1698417
11062,1703960
11063,172045
11064,1747384
11065,1749074
11066,1755100
11067,1759399
11068,1777061
11069,1778601
11070,1812111
11071,1812115
11072,1826864
11073,1848580
11074,1853231
11075,1859475
11076,1862978
11077,189834
11078,1908341
11079,1913654
11080,1914871
11081,1917232
11082,1920762
11083,1920774
11084,1922327
11085,1922329
11086,1922359
11087,1933220
11088,1937004
11089,1945657
11090,1965231
11091,1970093
11092,1980942
11093,1982108
11094,1982278
11095,1982287
11096,1982567
11097,1982591
11098,1982745
11099,1983107
11100,1983119
11101,1984784
11102,1986019
11103,1993859
11104,1993872
11105,2017966
11106,201828
11107,2024312
11108,2024616
11109,2026187
11110,2042961
11111,2053669
11112,2058135
11113,205872
11114,2060617
11115,2069255
11116,2099
11117,2107999
11118,2109
11119,2110
11120,2111
11121,211464
11122,2129
11123,213116
11124,2137
11125,216932
11126,216945
11127,2169613
11128,2169657
11129,2169873
11130,2169963
11131,217159
11132,2180
11133,2182
11134,225842
11135,2260
11136,2303527
11137,2358479
11138,2382161
11139,2419773
11140,2478954
11141,2497989
11142,2509662
11143,2518322
11144,255474
11145,2560111
11146,2560163
11147,2560244
11148,2560406
11149,2560488
11150,2560508
11151,2560546
11152,2560590
11153,2560592
11154,2560657
11155,2560671
11156,2560751
11157,2560783
11158,2560792
11159,2563662
11160,2570468
11161,2575361
11162,2583589
11163,2590022
11164,2591226
11165,2594456
11166,2594458
11167,2597167
11168,261963
11169,2654325
11170,2664091
11171,2675787
11172,2681469
11173,2686014
11174,269258
11175,2697019
11176,2708117
11177,2713267
11178,2714928
11179,2719987
11180,2724150
11181,2725619
11182,2731623
11183,2732530
11184,2732587
11185,2733109
11186,2733219
11187,2733295
11188,2733369
11189,2733904
11190,2733926
11191,2733956
11192,2734083
11193,2734140
11194,2734241
11195,2734249
11196,2734255
11197,2734258
11198,2734571
11199,2736273
11200,2737
11201,2738852
11202,2740404
11203,2742626
11204,2742627
11205,2745558
11206,2747
11207,2747320
11208,2758906
11209,2785910
11210,2810070
11211,2813673
11212,2835951
11213,2837506
11214,2843362
11215,2843629
11216,2843721
11217,2845594
11218,2845621
11219,2846399
11220,2846407
11221,2846673
11222,2848881
11223,2850493
11224,2859634
11225,286104
11226,2861800
11227,2861802
11228,2864218
11229,2869556
11230,288021
11231,2881426
11232,2886823
11233,2887345
11234,2892440
11235,2902747
11236,2910954
11237,2911526
11238,2912654
11239,2916816
11240,2923362
11241,2926097
11242,2927284
11243,2929514
11244,2930259
11245,2937792
11246,29391
11247,2942894
11248,2948647
11249,2948823
11250,2948833
11251,2948866
11252,2955328
11253,2955420
11254,2955425
11255,2955496
11256,2955544
11257,2955572
11258,2955592
11259,2955843
11260,2955859
11261,2955885
11262,2955887
11263,2955892
11264,2955966
11265,2956078
11266,2956082
11267,2956087
11268,2956106
11269,2956121
11270,2956126
11271,2956195
11272,2956344
11273,2956365
11274,2956366
11275,2956367
11276,2956382
11277,2956433
11278,2956464
11279,2956475
11280,2956537
11281,2956543
11282,2956567
11283,2956635
11284,2956660
11285,2956706
11286,2956712
11287,2961702
11288,2972784
11289,2978125
11290,2979331
11291,2983213
11292,2983267
11293,2984951
11294,3003601
11295,3020829
11296,3031993
11297,3035369
11298,3040674
11299,3047737
11300,3047794
11301,3048413
11302,3050309
11303,3050347
11304,3051419
11305,305899
11306,3059077
11307,3060017
11308,3060303
11309,3072977
11310,3072978
11311,315358
11312,32014
11313,326319
11314,33045
11315,33994
11316,34021
11317,359407
11318,361101
11319,362787
11320,386487
11321,393598
11322,400947
11323,402236
11324,415001
11325,41673
11326,417368
11327,41980
11328,437329
11329,444612
11330,447909
11331,449520
11332,46127
11333,46541
11334,46632
11335,47901
11336,487686
11337,50339
11338,505249
11339,51049
11340,511435
11341,515256
11342,522485
11343,54258
11344,543314
11345,57863
11346,580459
11347,617123
11348,638660
11349,650003
11350,663275
11351,669357
11352,684066
11353,691966
11354,702745
11355,712150
11356,718286
11357,739
11358,745410
11359,74706
11360,753085
11361,754069
11362,754517
11363,766894
11364,81852
11365,827
11366,83554
11367,83556
11368,83557
11369,83816
11370,84023
11371,84377
11372,850
11373,861044
11374,861045
11375,868131
11376,913109
11377,994692
11378,998086
11379,10
11380,1007676
11381,1032242
11382,1034110
11383,10454
11384,10509
11385,106578
11386,1071078
11387,111504
11388,1127515
11389,113267
11390,1157947
11391,1161927
11392,1170710
11393,1178537
11394,118062
11395,1188794
11396,122866
11397,1235990
11398,1244531
11399,1252
11400,1267021
11401,12914
11402,1298633
11403,129875
11404,1312524
11405,1315211
11406,1329200
11407,1340709
11408,1340713
11409,1340827
11410,1388755
11411,140
11412,1410383
11413,1420727
11414,142649
11415,1432563
11416,144
11417,145261
11418,1458492
11419,1458726
11420,1476901
11421,1501226
11422,1514074
11423,1518149
11424,1522671
11425,1527536
11426,1532031
11427,1542390
11428,155863
11429,1560514
11430,1564681
11431,1572712
11432,157339
11433,1577788
11434,159
11435,1598147
11436,1603038
11437,1631871
11438,1636603
11439,1644130
11440,164514
11441,1654780
11442,1658781
11443,1660079
11444,1660080
11445,1703972
11446,171288
11447,1718166
11448,1720526
11449,1740
11450,1750719
11451,1785960
11452,1790137
11453,1798217
11454,1806216
11455,1813019
11456,1825023
11457,1839799
11458,1840257
11459,1843490
11460,1850252
11461,1858563
11462,1868794
11463,1873889
11464,1873891
11465,1883379
11466,190063
11467,190065
11468,1902580
11469,1903056
11470,1903266
11471,1903686
11472,1904
11473,191291
11474,1914851
11475,1920110
11476,1920749
11477,1920752
11478,1921531
11479,1922376
11480,1922699
11481,1923083
11482,1923391
11483,1954378
11484,1963026
11485,1963360
11486,1965384
11487,197482
11488,1980950
11489,1981047
11490,1982080
11491,1982219
11492,1982254
11493,1982271
11494,1982281
11495,1982283
11496,1982292
11497,1982375
11498,198252
11499,1982562
11500,1982570
11501,1982571
11502,1982904
11503,1982916
11504,1983109
11505,1983742
11506,1984776
11507,1985177
11508,1985292
11509,1986118
11510,1987921
11511,1993865
11512,2006134
11513,2026193
11514,2027290
11515,2039723
11516,2044576
11517,2057808
11518,205876
11519,205879
11520,206
11521,2079257
11522,2083214
11523,2094
11524,2096
11525,2115
11526,212
11527,2126984
11528,2128
11529,2130
11530,213465
11531,2139
11532,2143
11533,215578
11534,2163016
11535,2169652
11536,2169653
11537,2170003
11538,2170091
11539,2170174
11540,2172
11541,2175
11542,2218618
11543,2232
11544,223262
11545,2249302
11546,225148
11547,2267275
11548,2267618
11549,2268451
11550,2283289
11551,2286
11552,230361
11553,2419967
11554,244787
11555,246273
11556,2483661
11557,2488957
11558,2494563
11559,2499213
11560,2508687
11561,2509787
11562,2512240
11563,251538
11564,2517899
11565,2545797
11566,2546128
11567,255527
11568,2560094
11569,2560134
11570,2560335
11571,2560435
11572,2560494
11573,2560497
11574,2560500
11575,2560511
11576,2560628
11577,2560683
11578,2560705
11579,2563896
11580,2590020
11581,2591214
11582,2599927
11583,2652803
11584,2653271
11585,2662034
11586,2675783
11587,2675793
11588,267818
11589,267893
11590,2683822
11591,2704035
11592,2718942
11593,2719988
11594,2725997
11595,2731207
11596,2732034
11597,2732593
11598,2732683
11599,2732970
11600,2733332
11601,2733363
11602,2733596
11603,2733629
11604,2733866
11605,2733925
11606,2733927
11607,2733979
11608,2734030
11609,2734034
11610,2734042
11611,2734074
11612,2734081
11613,2734084
11614,2734088
11615,2734125
11616,2734153
11617,2734159
11618,2734188
11619,2734213
11620,2734214
11621,2734216
11622,2734238
11623,2734273
11624,2734385
11625,2742673
11626,2743999
11627,2747322
11628,2751177
11629,2752475
11630,2755405
11631,2761539
11632,2762280
11633,2762389
11634,2762415
11635,2763531
11636,2767353
11637,2770092
11638,2770780
11639,2776857
11640,2781608
11641,2783673
11642,2785518
11643,2787706
11644,2790985
11645,2799495
11646,2799564
11647,2806205
11648,28109
11649,2816906
11650,2819997
11651,28200
11652,28250
11653,282676
11654,2829393
11655,2832319
11656,2834348
11657,2834378
11658,2841302
11659,2842934
11660,2843069
11661,2843318
11662,2843421
11663,2843723
11664,2844016
11665,2844071
11666,2844121
11667,2844666
11668,2844667
11669,2845092
11670,2845104
11671,2845481
11672,2845587
11673,2845596
11674,2845758
11675,2846061
11676,2846069
11677,2846404
11678,2846689
11679,2850078
11680,2859655
11681,2863847
11682,2866192
11683,2871175
11684,2871538
11685,2874282
11686,2874846
11687,2885973
11688,2885983
11689,2894587
11690,2902622
11691,2923364
11692,292461
11693,2924888
11694,29384
11695,2944392
11696,2948775
11697,2948847
11698,2948877
11699,2948931
11700,2954081
11701,2954102
11702,2955324
11703,2955332
11704,2955337
11705,2955345
11706,2955375
11707,2955390
11708,2955399
11709,2955404
11710,2955423
11711,2955427
11712,29555
11713,2955512
11714,2955539
11715,2955554
11716,2955576
11717,2955636
11718,2955700
11719,2955724
11720,2955904
11721,2955961
11722,2955965
11723,2955978
11724,2956000
11725,2956056
11726,2956093
11727,2956094
11728,29561
11729,2956118
11730,2956268
11731,2956309
11732,2956318
11733,2956319
11734,2956342
11735,2956362
11736,2956390
11737,2956391
11738,2956437
11739,2956571
11740,2956661
11741,2956666
11742,2956669
11743,2976237
11744,2983232
11745,2991499
11746,2999013
11747,3003623
11748,3003729
11749,3018276
11750,3036714
11751,3039168
11752,3039426
11753,3047354
11754,3047735
11755,3047749
11756,3047756
11757,3047953
11758,3048172
11759,3048181
11760,3048313
11761,3048334
11762,3048370
11763,3050262
11764,3050272
11765,3050297
11766,3050299
11767,3050312
11768,3051417
11769,3051421
11770,3052245
11771,312539
11772,327511
11773,338192
11774,33992
11775,342949
11776,35792
11777,364103
11778,381899
11779,405041
11780,446807
11781,45362
11782,46021
11783,466052
11784,47874
11785,497724
11786,526525
11787,526944
11788,52764
11789,53558
11790,536079
11791,540065
11792,54259
11793,545123
11794,55205
11795,561996
11796,563798
11797,56635
11798,57037
11799,573174
11800,573570
11801,58172
11802,582419
11803,630749
11804,649161
11805,663557
11806,67572
11807,682314
11808,683292
11809,683846
11810,694581
11811,700220
11812,73913
11813,76857
11814,78526
11815,807
11816,80850
11817,81459
11818,83526
11819,84025
11820,84378
11821,870484
11822,873191
11823,90243
11824,92758
11825,931100
11826,933845
11827,94869
11828,97481
11829,979
11830,985052
11831,985782
11832,994696
11833,100217
11834,1034103
11835,10358
11836,1041504
11837,10506
11838,1054033
11839,10719
11840,1074214
11841,1080223
11842,108080
11843,1089111
11844,1089119
11845,1091
11846,1094892
11847,1109717
11848,1111760
11849,1129146
11850,114186
11851,114627
11852,1147044
11853,114880
11854,114883
11855,1165908
11856,116598
11857,116759
11858,1183410
11859,1184396
11860,11867
11861,1187849
11862,1193515
11863,1198980
11864,120576
11865,1218495
11866,1225862
11867,1229909
11868,1231049
11869,123841
11870,1240483
11871,12431
11872,1263
11873,1340825
11874,1354514
11875,135569
11876,1390132
11877,142
11878,142651
11879,1427364
11880,143
11881,1430884
11882,1432056
11883,1437839
11884,1445727
11885,1449778
11886,1463811
11887,1471398
11888,147709
11889,1490057
11890,1499987
11891,1501268
11892,1501348
11893,1504
11894,1505596
11895,1511891
11896,1523522
11897,1524882
11898,1538
11899,1540096
11900,155615
11901,1567473
11902,1582439
11903,1582879
11904,158684
11905,1594731
11906,1602
11907,1603555
11908,160795
11909,1609968
11910,1643948
11911,164450
11912,1647415
11913,1647473
11914,1654388
11915,1655651
11916,1660076
11917,1667322
11918,1701853
11919,171285
11920,1720343
11921,172049
11922,1746064
11923,1763363
11924,1794699
11925,1813595
11926,182709
11927,1836608
11928,1840267
11929,1848766
11930,184912
11931,186804
11932,186828
11933,1887643
11934,1888915
11935,1890450
11936,1891761
11937,1897640
11938,190062
11939,1910992
11940,1913650
11941,1913684
11942,1914852
11943,1920866
11944,1921117
11945,1921125
11946,1921548
11947,1921699
11948,1923081
11949,1923214
11950,1923435
11951,1930825
11952,1932669
11953,1932713
11954,1932881
11955,1933904
11956,1934253
11957,1935204
11958,1940319
11959,1955558
11960,1962299
11961,1977141
11962,1980937
11963,198110
11964,1982093
11965,1982112
11966,1982228
11967,1982229
11968,1982240
11969,1982241
11970,1982291
11971,1982373
11972,1982577
11973,1982890
11974,1983737
11975,1983738
11976,1983740
11977,1985720
11978,1985729
11979,1986022
11980,1993879
11981,2003502
11982,2003504
11983,200415
11984,2005262
11985,2006133
11986,2015361
11987,2015871
11988,203492
11989,2054179
11990,2072025
11991,2077137
11992,2082385
11993,2126928
11994,2133959
11995,2151
11996,2163605
11997,216934
11998,216935
11999,216937
12000,216942
12001,216963
12002,2169709
12003,2169827
12004,2169910
12005,2170236
12006,2170253
12007,2171499
12008,2176
12009,2190
12010,2202146
12011,2220003
12012,222136
12013,223919
12014,224719
12015,225588
12016,2267655
12017,2269374
12018,227979
12019,2287
12020,229155
12021,2338395
12022,238800
12023,2419609
12024,2419610
12025,2419964
12026,246861
12027,2483367
12028,2508237
12029,2518373
12030,2529121
12031,2530021
12032,2530023
12033,2530392
12034,2560096
12035,2560139
12036,2560387
12037,2560392
12038,2560397
12039,2560434
12040,2560491
12041,2560593
12042,2560594
12043,2560607
12044,2560651
12045,2560686
12046,2560729
12047,2563664
12048,2563668
12049,2583631
12050,2583989
12051,2590551
12052,2590932
12053,2591406
12054,2594453
12055,2594496
12056,2596898
12057,2597325
12058,2601574
12059,2601632
12060,2601660
12061,2601668
12062,2606912
12063,2607407
12064,2607911
12065,2661922
12066,2666127
12067,2675792
12068,2675796
12069,2681987
12070,2682810
12071,2683680
12072,2713260
12073,2714036
12074,2720720
12075,2726117
12076,273135
12077,2731942
12078,2732591
12079,2732765
12080,2732910
12081,2733350
12082,2733368
12083,2733589
12084,2733615
12085,2733619
12086,2733659
12087,2733660
12088,2733661
12089,2733875
12090,2733922
12091,2733937
12092,2733954
12093,2733975
12094,2734087
12095,2734096
12096,2734102
12097,2734114
12098,2734144
12099,2734158
12100,2734187
12101,2734203
12102,2734222
12103,2734256
12104,2734264
12105,2734289
12106,2734572
12107,2735
12108,2735436
12109,2739834
12110,2740297
12111,2740405
12112,2741717
12113,2742195
12114,2742625
12115,2742678
12116,2746232
12117,2749994
12118,2762329
12119,2762412
12120,2763068
12121,2767878
12122,2782231
12123,2787014
12124,2799680
12125,2812864
12126,2815206
12127,2819099
12128,282132
12129,2832322
12130,283735
12131,2842329
12132,2842545
12133,2842852
12134,2843105
12135,2843422
12136,2843625
12137,2843677
12138,2843728
12139,2843900
12140,2844092
12141,2844164
12142,2844191
12143,2844211
12144,2844294
12145,2844671
12146,2844696
12147,2844982
12148,2845090
12149,2845109
12150,2845253
12151,2845488
12152,2845498
12153,2845756
12154,2845873
12155,2845962
12156,2845970
12157,2846041
12158,2846071
12159,2846089
12160,2846183
12161,2846405
12162,2846622
12163,2850492
12164,2851979
12165,2856338
12166,2859488
12167,2859633
12168,286130
12169,2863193
12170,2866193
12171,2866384
12172,2869555
12173,2870563
12174,2871520
12175,2871688
12176,2874284
12177,2883075
12178,2885974
12179,2902422
12180,2920380
12181,2920384
12182,2933293
12183,2935450
12184,2943019
12185,2948712
12186,2948771
12187,2948807
12188,2948872
12189,2948873
12190,29518
12191,2953978
12192,2954018
12193,2954053
12194,2955228
12195,2955333
12196,2955501
12197,2955542
12198,2955575
12199,2955596
12200,2955611
12201,2955620
12202,2955629
12203,2955631
12204,2955683
12205,2955704
12206,2955723
12207,2955741
12208,2955788
12209,2955877
12210,2955879
12211,2955880
12212,2955911
12213,2955913
12214,2955947
12215,2955949
12216,2955952
12217,2955971
12218,2955973
12219,2956053
12220,2956057
12221,2956061
12222,2956066
12223,2956091
12224,2956138
12225,2956234
12226,2956257
12227,2956260
12228,2956263
12229,2956321
12230,2956327
12231,2956330
12232,2956377
12233,2956387
12234,2956465
12235,2956477
12236,2956517
12237,2956536
12238,2956540
12239,2956638
12240,2956640
12241,2956665
12242,2956700
12243,2964607
12244,2980498
12245,2982871
12246,2984146
12247,2985325
12248,298656
12249,2989727
12250,2992243
12251,2993654
12252,3004105
12253,3015169
12254,3018314
12255,3019889
12256,3021711
12257,3038653
12258,3047782
12259,3048330
12260,3048335
12261,3048337
12262,3048365
12263,3048452
12264,3048891
12265,3050131
12266,3050255
12267,3050279
12268,3050314
12269,3050337
12270,3051118
12271,3051996
12272,3052000
12273,3052262
12274,3052348
12275,3052371
12276,3052534
12277,3052600
12278,3056647
12279,3068307
12280,3068322
12281,307466
12282,311229
12283,312532
12284,31899
12285,32025
12286,324078
12287,33040
12288,33056
12289,334204
12290,335797
12291,338644
12292,33923
12293,34095
12294,345201
12295,346883
12296,351745
12297,35789
12298,362534
12299,365348
12300,36835
12301,36855
12302,379899
12303,385025
12304,39766
12305,401619
12306,42094
12307,43687
12308,44449
12309,447199
12310,44746
12311,45363
12312,46239
12313,488546
12314,511678
12315,515417
12316,53953
12317,542837
12318,57372
12319,595605
12320,59748
12321,603050
12322,62088
12323,634
12324,640330
12325,647
12326,657445
12327,658401
12328,66229
12329,68288
12330,70255
12331,708186
12332,716
12333,728003
12334,73497
12335,740971
12336,754515
12337,765840
12338,785
12339,788
12340,83617
12341,84599
12342,86840
12343,893
12344,92401
12345,92402
12346,950
12347,1026955
12348,10273
12349,1034149
12350,10379
12351,10484
12352,10497
12353,1051138
12354,1054034
12355,105850
12356,10814
12357,1097754
12358,111418
12359,1119533
12360,1128151
12361,1146877
12362,1148491
12363,114881
12364,1150991
12365,115778
12366,1173754
12367,11780
12368,1185359
12369,11878
12370,11884
12371,1195075
12372,1196056
12373,1206566
12374,120682
12375,1211282
12376,1211644
12377,1233460
12378,1274351
12379,1280052
12380,129953
12381,130370
12382,130371
12383,1305708
12384,1327035
12385,1327776
12386,1327952
12387,1329402
12388,1329969
12389,1330070
12390,1330545
12391,1335638
12392,134375
12393,1345117
12394,1346
12395,135727
12396,141391
12397,1414742
12398,1415630
12399,142650
12400,1430411
12401,1435008
12402,1450746
12403,1458841
12404,1465751
12405,1470066
12406,1513263
12407,1517681
12408,1527463
12409,1527770
12410,1541887
12411,154347
12412,1545702
12413,155493
12414,1566868
12415,1569353
12416,1573458
12417,1574269
12418,1576550
12419,1586714
12420,159183
12421,1609546
12422,1623289
12423,1636270
12424,1638165
12425,1639814
12426,1643950
12427,1653174
12428,1655649
12429,1663208
12430,167957
12431,169402
12432,1698441
12433,1701845
12434,1702097
12435,1705617
12436,171282
12437,1714370
12438,1718171
12439,1718278
12440,1775248
12441,1788439
12442,1798220
12443,180170
12444,181083
12445,1815608
12446,1815969
12447,1837862
12448,1838081
12449,1839798
12450,1840283
12451,1850254
12452,1859492
12453,186328
12454,186806
12455,187218
12456,1873895
12457,1884878
12458,1897732
12459,1898749
12460,190061
12461,1906173
12462,1909732
12463,1910936
12464,1910993
12465,1911587
12466,1912760
12467,1920751
12468,1921018
12469,1921120
12470,1921407
12471,1921713
12472,1922210
12473,1922493
12474,1922498
12475,1922536
12476,1923238
12477,1923309
12478,1923701
12479,1925779
12480,1933911
12481,1938820
12482,1940555
12483,1940789
12484,1941347
12485,1945565
12486,1955013
12487,1967783
12488,1972134
12489,1977864
12490,1978544
12491,1980961
12492,1981024
12493,1981048
12494,1982088
12495,1982092
12496,1982096
12497,1982237
12498,1982253
12499,1982304
12500,1982363
12501,1982365
12502,1982368
12503,1982554
12504,1982569
12505,1982578
12506,1982892
12507,1982893
12508,1982917
12509,1982918
12510,1983116
12511,1984777
12512,1984781
12513,1984783
12514,1984787
12515,1985183
12516,1985342
12517,1985740
12518,1986538
12519,1993863
12520,1993887
12521,1993889
12522,2003503
12523,2003505
12524,2005519
12525,2006136
12526,2006137
12527,2006145
12528,2006169
12529,2006171
12530,2006173
12531,2006668
12532,2006671
12533,2007306
12534,2010273
12535,2015370
12536,2015795
12537,2024608
12538,2025876
12539,2034343
12540,2041855
12541,204269
12542,2052899
12543,205868
12544,205870
12545,205875
12546,2060094
12547,2065797
12548,2072411
12549,2073163
12550,207921
12551,2079397
12552,2094023
12553,2097
12554,2104
12555,2113
12556,2116
12557,2133
12558,2134
12559,2145
12560,2148
12561,216944
12562,216946
12563,2169536
12564,216964
12565,2169799
12566,2169811
12567,2169862
12568,2169871
12569,2169872
12570,2169883
12571,2169973
12572,2169990
12573,2170042
12574,2170123
12575,2171498
12576,2186
12577,2187
12578,2189
12579,2198
12580,2201426
12581,2219092
12582,225084
12583,2259647
12584,2267891
12585,2268087
12586,2272
12587,2279
12588,2282409
12589,2283
12590,229545
12591,2302
12592,2303505
12593,230709
12594,2419952
12595,2419963
12596,2419968
12597,2479393
12598,2485784
12599,2490635
12600,249402
12601,2499620
12602,2505970
12603,2507290
12604,2508726
12605,2509380
12606,2509586
12607,2509666
12608,2509748
12609,2510522
12610,2530391
12611,2560086
12612,2560147
12613,2560150
12614,2560154
12615,2560158
12616,2560256
12617,2560393
12618,2560455
12619,2560498
12620,2560545
12621,2560655
12622,2560667
12623,2560752
12624,2560762
12625,2560833
12626,2562174
12627,2565781
12628,2572529
12629,2575355
12630,2576376
12631,2583530
12632,2586965
12633,2589986
12634,2591003
12635,2598457
12636,2601635
12637,2604840
12638,261164
12639,2613771
12640,261726
12641,264691
12642,2653718
12643,2656530
12644,2661583
12645,2675232
12646,2675741
12647,2675778
12648,2681861
12649,2681986
12650,2683967
12651,2686210
12652,2686311
12653,2686313
12654,2698683
12655,2704413
12656,2715232
12657,2719194
12658,2719911
12659,2730357
12660,2731932
12661,2732590
12662,2732686
12663,2732691
12664,2732710
12665,2732711
12666,2733088
12667,2733102
12668,2733128
12669,2733331
12670,2733354
12671,2733371
12672,2733377
12673,2733588
12674,2733595
12675,2733601
12676,2733603
12677,2733610
12678,2733623
12679,2733624
12680,2733650
12681,2733662
12682,2733883
12683,2733890
12684,2733892
12685,2733895
12686,2733918
12687,2733928
12688,2733932
12689,2733938
12690,2733951
12691,2733952
12692,2734027
12693,2734053
12694,2734079
12695,2734089
12696,2734104
12697,2734111
12698,2734118
12699,2734145
12700,2734198
12701,2734200
12702,2734224
12703,2734244
12704,2734259
12705,2734260
12706,2734262
12707,2734334
12708,2734395
12709,2738837
12710,2739681
12711,2742630
12712,2742636
12713,2745561
12714,2747317
12715,2766781
12716,2767879
12717,2767887
12718,2767893
12719,2772023
12720,2776864
12721,2777363
12722,2781976
12723,2783539
12724,2783669
12725,2785123
12726,2785913
12727,2790983
12728,2792859
12729,279530
12730,2795692
12731,2796140
12732,2801918
12733,2806443
12734,28070
12735,28080
12736,2812759
12737,2816909
12738,2816910
12739,2816911
12740,2816912
12741,28227
12742,2822848
12743,2834256
12744,2834276
12745,2836044
12746,2836086
12747,2836181
12748,2840371
12749,2841279
12750,2841300
12751,2842796
12752,2842979
12753,2843161
12754,2843374
12755,2843388
12756,2843411
12757,2843414
12758,2843623
12759,2843630
12760,2843664
12761,2843680
12762,2843681
12763,2843756
12764,2843793
12765,2843872
12766,2844032
12767,2844037
12768,2844165
12769,2844204
12770,2844466
12771,2844599
12772,2844646
12773,2844663
12774,2844670
12775,2845093
12776,2845103
12777,2845137
12778,2845142
12779,2845531
12780,2845588
12781,2845592
12782,2845654
12783,2845695
12784,2845960
12785,2845969
12786,2845985
12787,2846045
12788,2846051
12789,2846075
12790,2846108
12791,2846185
12792,2846388
12793,2846400
12794,2846414
12795,2846434
12796,2846599
12797,2846604
12798,2846672
12799,2847108
12800,2848887
12801,2849865
12802,2851575
12803,285729
12804,2859072
12805,2859653
12806,2863583
12807,2865672
12808,2866195
12809,2866198
12810,2867004
12811,2867473
12812,2869549
12813,2869557
12814,2879149
12815,288
12816,2884834
12817,2885975
12818,2886375
12819,289201
12820,2894788
12821,2896845
12822,2900297
12823,2905879
12824,2913506
12825,2925838
12826,2926084
12827,2926098
12828,2927622
12829,2928154
12830,2928831
12831,2933563
12832,2936914
12833,2940491
12834,29407
12835,2942480
12836,2943015
12837,2944951
12838,2945019
12839,2945587
12840,294671
12841,2946820
12842,2948904
12843,2948922
12844,29501
12845,29519
12846,29520
12847,2954023
12848,2954031
12849,2954095
12850,2955331
12851,2955374
12852,2955379
12853,2955380
12854,2955394
12855,2955405
12856,2955426
12857,2955536
12858,2955603
12859,2955656
12860,2955718
12861,2955840
12862,2955844
12863,2955846
12864,2955872
12865,2955900
12866,2955905
12867,2955921
12868,2955945
12869,2955974
12870,2955975
12871,2955994
12872,2955998
12873,2956069
12874,2956072
12875,2956076
12876,2956079
12877,2956080
12878,2956083
12879,2956089
12880,2956117
12881,2956135
12882,2956240
12883,2956258
12884,2956259
12885,2956440
12886,2956469
12887,2956520
12888,2956568
12889,2956572
12890,2956636
12891,2956656
12892,2956657
12893,2956659
12894,2956663
12895,2956679
12896,2956681
12897,2956690
12898,2956691
12899,2956695
12900,2963128
12901,2968248
12902,2969250
12903,2975532
12904,2975533
12905,2983210
12906,298334
12907,2989772
12908,2991700
12909,2992719
12910,2992801
12911,2992805
12912,299583
12913,2999281
12914,3004096
12915,3026425
12916,3031799
12917,3034648
12918,3035291
12919,3039167
12920,3040677
12921,3045953
12922,3047343
12923,3047355
12924,3047716
12925,3047752
12926,3047762
12927,3047765
12928,3048148
12929,3048150
12930,3048254
12931,3048296
12932,3048316
12933,3048360
12934,3050285
12935,3050287
12936,3050288
12937,3050290
12938,3050296
12939,3050298
12940,3050320
12941,3050331
12942,3050332
12943,3050346
12944,3050349
12945,3050383
12946,3051418
12947,3051614
12948,3051620
12949,3052033
12950,3052175
12951,3052316
12952,3052555
12953,3052605
12954,3052699
12955,3052740
12956,3060048
12957,3060827
12958,307461
12959,315953
12960,31757
12961,32069
12962,324079
12963,33932
12964,33993
12965,340071
12966,341029
12967,345199
12968,347215
12969,35288
12970,35773
12971,35793
12972,35794
12973,36344
12974,391036
12975,392416
12976,39420
12977,39640
12978,39725
12979,39768
12980,399025
12981,40631
12982,412965
12983,43660
12984,44001
12985,440250
12986,44822
12987,455364
12988,45654
12989,45667
12990,457382
12991,478174
12992,48003
12993,498741
12994,544718
12995,545908
12996,55603
12997,558017
12998,563119
12999,56811
13000,57747
13001,583357
13002,590745
13003,61
13004,621376
13005,632112
13006,65123
13007,656190
13008,669502
13009,67760
13010,680287
13011,68242
13012,706422
13013,71188
13014,712624
13015,74968
13016,754049
13017,754056
13018,754058
13019,76629
13020,775
13021,776
13022,782
13023,783
13024,82986
13025,83171
13026,85011
13027,87791
13028,90060
13029,92713
13030,944547
13031,96495
13032,994695
13033,999883
13034,10244
13035,10256
13036,10276
13037,1028381
13038,1031542
13039,1034107
13040,1034113
13041,1034135
13042,1034142
13043,1035662
13044,1041406
13045,104580
13046,10486
13047,1051631
13048,10652
13049,10663
13050,1070990
13051,1072672
13052,1074304
13053,108098
13054,1089116
13055,1089129
13056,1089132
13057,1091052
13058,110456
13059,1105378
13060,1110389
13061,1127744
13062,1145276
13063,1146874
13064,1147129
13065,1157337
13066,1161906
13067,1168281
13068,1170424
13069,1173297
13070,117563
13071,1175848
13072,1175851
13073,1177763
13074,11788
13075,1179777
13076,11807
13077,1186051
13078,11866
13079,1194642
13080,11983
13081,1198451
13082,119858
13083,12216
13084,1221880
13085,1224145
13086,1225069
13087,1225785
13088,12303
13089,1234144
13090,1234888
13091,12433
13092,125593
13093,1258
13094,12639
13095,12643
13096,1273707
13097,1273711
13098,1276936
13099,1282995
13100,128827
13101,129951
13102,129954
13103,1300004
13104,1301280
13105,1301915
13106,1302411
13107,130328
13108,1327036
13109,1327772
13110,1327773
13111,1329836
13112,1330068
13113,1333713
13114,1340708
13115,134821
13116,1348384
13117,1348611
13118,1354510
13119,136609
13120,137
13121,1381133
13122,1383059
13123,1389960
13124,1390116
13125,1391180
13126,1399967
13127,1401087
13128,1408194
13129,1415145
13130,1429904
13131,1434042
13132,1434102
13133,1434103
13134,1449783
13135,1456752
13136,1458859
13137,1460070
13138,1460363
13139,1462747
13140,1500960
13141,1511761
13142,1513188
13143,1513202
13144,1513252
13145,1513256
13146,1513268
13147,1519385
13148,1524461
13149,1526048
13150,1527515
13151,153135
13152,1536592
13153,1538804
13154,1541824
13155,1544364
13156,1545835
13157,1551710
13158,1551711
13159,155537
13160,1567005
13161,1567466
13162,1567468
13163,1567487
13164,1568974
13165,1583100
13166,1586712
13167,1586713
13168,1592572
13169,1592576
13170,1605379
13171,1611836
13172,1615583
13173,1618238
13174,1630300
13175,1636182
13176,1636618
13177,1638161
13178,1638164
13179,1644057
13180,1653839
13181,1655662
13182,1660074
13183,1674146
13184,1675029
13185,1678143
13186,1678176
13187,1678905
13188,1685772
13189,1686313
13190,1692248
13191,1692257
13192,1698420
13193,1701257
13194,1703964
13195,1706375
13196,171279
13197,171281
13198,171286
13199,1714268
13200,1715860
13201,1737406
13202,1737424
13203,1740646
13204,174587
13205,1755681
13206,178599
13207,1785995
13208,1788438
13209,1793721
13210,1797140
13211,1806891
13212,1813599
13213,1837130
13214,1840323
13215,1857889
13216,186171
13217,1864622
13218,1864623
13219,186827
13220,1868655
13221,1869285
13222,1873696
13223,1898474
13224,190064
13225,1903434
13226,1910991
13227,1911008
13228,1912590
13229,1913651
13230,1914195
13231,1914855
13232,1914894
13233,1914897
13234,1914899
13235,1915209
13236,1918005
13237,1918540
13238,1918721
13239,1918724
13240,1919083
13241,1920758
13242,1920764
13243,1920777
13244,1920865
13245,1921017
13246,1921129
13247,1921130
13248,1921526
13249,1921544
13250,1921565
13251,1922330
13252,1922332
13253,1922499
13254,1922547
13255,1922645
13256,1922714
13257,1922729
13258,1922836
13259,1923089
13260,1923400
13261,1923470
13262,1923549
13263,1923604
13264,1923623
13265,1923716
13266,1927127
13267,1933909
13268,1954379
13269,1959287
13270,195950
13271,1962300
13272,1963254
13273,1964448
13274,1965093
13275,1970800
13276,1972576
13277,197575
13278,1980427
13279,1980432
13280,1980931
13281,1980947
13282,1981026
13283,1981049
13284,1982077
13285,1982078
13286,1982083
13287,1982084
13288,1982090
13289,1982153
13290,1982225
13291,1982244
13292,1982261
13293,1982276
13294,1982303
13295,1982355
13296,1982558
13297,1982563
13298,1982564
13299,1982573
13300,1982592
13301,1982595
13302,1982596
13303,1982882
13304,1982886
13305,1982888
13306,1982891
13307,1983570
13308,1983744
13309,1984778
13310,1985325
13311,1985328
13312,1985690
13313,1985724
13314,1985730
13315,1985735
13316,1985737
13317,1987019
13318,1987729
13319,1987994
13320,1993862
13321,1993885
13322,2003308
13323,2005055
13324,2005692
13325,2006138
13326,2011080
13327,2023057
13328,2024214
13329,2024979
13330,2025492
13331,2033437
13332,2033844
13333,2044610
13334,204619
13335,2051905
13336,2053832
13337,2058324
13338,2060092
13339,2069324
13340,2070199
13341,2083198
13342,2105
13343,2116188
13344,2116363
13345,2116384
13346,2121
13347,2136
13348,2138
13349,2149
13350,215173
13351,2158
13352,2163996
13353,216427
13354,216936
13355,2169529
13356,2169534
13357,2169689
13358,2169707
13359,2169708
13360,2169824
13361,2169858
13362,2169870
13363,2169882
13364,2170002
13365,2170006
13366,2170101
13367,2170139
13368,2170171
13369,2170205
13370,2170221
13371,2175329
13372,2182344
13373,2182397
13374,2184469
13375,219745
13376,221065
13377,2217832
13378,2233998
13379,224467
13380,2248
13381,2250409
13382,2267679
13383,2280
13384,2292426
13385,2301
13386,2303507
13387,2314
13388,2315803
13389,2316020
13390,231992
13391,2320140
13392,2338394
13393,234831
13394,235899
13395,2364644
13396,2419630
13397,2419945
13398,2419947
13399,2420310
13400,2420313
13401,2425
13402,242710
13403,2483673
13404,2487928
13405,2494525
13406,2500559
13407,2501943
13408,2501948
13409,2501966
13410,2509764
13411,251542
13412,251749
13413,2529386
13414,2529843
13415,255431
13416,2559074
13417,2560127
13418,2560132
13419,2560153
13420,2560161
13421,2560197
13422,2560202
13423,2560220
13424,2560233
13425,2560283
13426,2560301
13427,2560306
13428,2560307
13429,2560394
13430,2560395
13431,2560400
13432,2560431
13433,2560478
13434,2560490
13435,2560496
13436,2560503
13437,2560504
13438,2560507
13439,2560512
13440,2560513
13441,2560541
13442,2560631
13443,2560658
13444,2560665
13445,2560685
13446,2560691
13447,2560697
13448,2560703
13449,2560722
13450,2560790
13451,2560791
13452,2560849
13453,2562451
13454,2562463
13455,2565304
13456,2565372
13457,2565509
13458,2569586
13459,2576760
13460,2578113
13461,2578114
13462,2583592
13463,2587857
13464,2588487
13465,2588498
13466,2591189
13467,2591379
13468,2592193
13469,2593335
13470,2594460
13471,2596676
13472,2598861
13473,2607629
13474,2614160
13475,2652880
13476,265294
13477,265522
13478,2660638
13479,2663019
13480,2663232
13481,2663326
13482,2665175
13483,2675059
13484,2675101
13485,2675779
13486,2675781
13487,2675784
13488,2675785
13489,2675790
13490,2675795
13491,2686098
13492,2686208
13493,2686312
13494,2690380
13495,2692113
13496,2692624
13497,2699396
13498,2712024
13499,2713291
13500,2716879
13501,2718943
13502,2719231
13503,2725651
13504,2730850
13505,2731622
13506,2731675
13507,2731690
13508,2731935
13509,2732027
13510,2732037
13511,2732684
13512,2732763
13513,2732785
13514,2732787
13515,2732877
13516,2732928
13517,2732929
13518,2732982
13519,2733117
13520,2733192
13521,2733197
13522,2733201
13523,2733207
13524,2733221
13525,2733321
13526,2733329
13527,2733333
13528,2733334
13529,2733346
13530,2733351
13531,2733353
13532,2733358
13533,2733364
13534,2733365
13535,2733366
13536,2733370
13537,2733578
13538,2733580
13539,2733581
13540,2733594
13541,2733602
13542,2733607
13543,2733617
13544,2733640
13545,2733655
13546,2733657
13547,2733667
13548,2733886
13549,2733888
13550,2733893
13551,2733894
13552,2733896
13553,2733898
13554,2733941
13555,2733942
13556,2733945
13557,2733947
13558,2733950
13559,2733965
13560,2733977
13561,2734018
13562,2734020
13563,2734032
13564,2734045
13565,2734070
13566,2734076
13567,2734080
13568,2734101
13569,2734103
13570,2734105
13571,2734108
13572,2734109
13573,2734115
13574,2734116
13575,2734124
13576,2734127
13577,2734141
13578,2734147
13579,2734149
13580,2734189
13581,2734223
13582,2734226
13583,2734254
13584,2734267
13585,2734270
13586,2734286
13587,2734288
13588,2734290
13589,2734556
13590,2734564
13591,2734576
13592,2734577
13593,2738125
13594,2740298
13595,2742641
13596,2742650
13597,2745563
13598,2745893
13599,2745895
13600,2748871
13601,2749432
13602,2749809
13603,2753656
13604,2759395
13605,2763527
13606,2763529
13607,2766982
13608,2767890
13609,2770089
13610,2770776
13611,2770786
13612,2771471
13613,2776861
13614,2782213
13615,2782652
13616,2783549
13617,2785295
13618,2800128
13619,2801524
13620,28034
13621,280701
13622,2810348
13623,2819103
13624,2821409
13625,2822114
13626,2829367
13627,2831671
13628,2831892
13629,2836009
13630,2836011
13631,2836041
13632,28369
13633,2841299
13634,2842457
13635,2842588
13636,2842653
13637,2842716
13638,2842888
13639,2842972
13640,2842976
13641,2843386
13642,2843397
13643,2843399
13644,2843403
13645,2843440
13646,2843466
13647,2843467
13648,2843476
13649,2843478
13650,2843621
13651,2843624
13652,2843675
13653,2843713
13654,2843731
13655,2843736
13656,2843777
13657,2843788
13658,2843889
13659,2843959
13660,2843971
13661,2844009
13662,2844017
13663,2844047
13664,2844087
13665,2844119
13666,2844129
13667,2844154
13668,2844228
13669,2844291
13670,2844508
13671,2844560
13672,2844668
13673,2844669
13674,2844672
13675,2844674
13676,2844675
13677,2844676
13678,2844728
13679,2844740
13680,2844776
13681,2844793
13682,2844816
13683,2844825
13684,2844859
13685,2844986
13686,2845095
13687,2845110
13688,2845111
13689,2845118
13690,2845126
13691,2845136
13692,2845151
13693,2845189
13694,2845436
13695,2845494
13696,2845519
13697,2845524
13698,2845544
13699,2845580
13700,2845595
13701,2845597
13702,2845620
13703,2845651
13704,2845652
13705,2845653
13706,2845662
13707,2845704
13708,2845837
13709,2845961
13710,2845965
13711,2845987
13712,2846000
13713,2846040
13714,2846046
13715,2846048
13716,2846073
13717,2846074
13718,2846092
13719,2846179
13720,2846180
13721,2846181
13722,2846302
13723,2846389
13724,2846395
13725,2846398
13726,2846402
13727,2846406
13728,2846415
13729,2846435
13730,2846623
13731,2846631
13732,2846739
13733,2846779
13734,2849625
13735,2849666
13736,285013
13737,2850494
13738,2851068
13739,2851069
13740,2851101
13741,2853091
13742,2853534
13743,2857501
13744,2859656
13745,2859658
13746,2866191
13747,2866196
13748,2866695
13749,2869543
13750,2869544
13751,2869547
13752,2873534
13753,2874884
13754,2876028
13755,2879113
13756,2883107
13757,2883238
13758,2886042
13759,2886505
13760,28874
13761,2890836
13762,2894203
13763,2898580
13764,2902694
13765,2907493
13766,2912630
13767,2914443
13768,291612
13769,2924887
13770,2929011
13771,293388
13772,2937284
13773,2937793
13774,2939129
13775,2942993
13776,2942994
13777,2943013
13778,2948640
13779,2948694
13780,2948861
13781,2951391
13782,2953975
13783,2953976
13784,2953991
13785,2954055
13786,2954056
13787,2954057
13788,2954100
13789,2955237
13790,2955253
13791,2955285
13792,2955294
13793,2955336
13794,2955385
13795,2955388
13796,29554
13797,2955400
13798,2955406
13799,2955416
13800,2955502
13801,2955515
13802,2955521
13803,2955537
13804,2955549
13805,2955553
13806,2955560
13807,2955582
13808,2955615
13809,2955624
13810,2955633
13811,2955634
13812,2955637
13813,2955638
13814,2955641
13815,2955645
13816,2955647
13817,2955659
13818,2955663
13819,2955676
13820,2955685
13821,2955692
13822,2955706
13823,2955711
13824,2955719
13825,2955735
13826,2955763
13827,2955764
13828,2955857
13829,2955860
13830,2955882
13831,2955891
13832,2955894
13833,2955897
13834,2955907
13835,2955918
13836,2955920
13837,2955958
13838,2955976
13839,2955989
13840,2956035
13841,2956048
13842,2956052
13843,2956070
13844,2956081
13845,2956096
13846,2956102
13847,2956115
13848,2956120
13849,2956124
13850,2956134
13851,2956194
13852,2956214
13853,2956223
13854,2956255
13855,2956256
13856,2956262
13857,2956264
13858,2956294
13859,2956354
13860,2956355
13861,2956364
13862,2956393
13863,2956453
13864,2956503
13865,2956521
13866,2956560
13867,2956566
13868,2956570
13869,2956574
13870,2956655
13871,2956667
13872,2956668
13873,2956683
13874,2956686
13875,2956687
13876,2956692
13877,2956710
13878,2967299
13879,2968613
13880,2968923
13881,2975050
13882,2981351
13883,2983842
13884,2984142
13885,2985571
13886,2986524
13887,2995234
13888,3020045
13889,3020826
13890,3029088
13891,3033930
13892,3037654
13893,3044672
13894,3045841
13895,3047349
13896,3047353
13897,3047687
13898,3047710
13899,3047733
13900,3047753
13901,3047754
13902,3047759
13903,3047787
13904,3047824
13905,3047825
13906,3047831
13907,3047837
13908,3047848
13909,3047850
13910,3047947
13911,3048163
13912,3048170
13913,3048195
13914,3048196
13915,3048275
13916,3048291
13917,3048299
13918,3048333
13919,3048338
13920,3048356
13921,3048371
13922,3048379
13923,3048420
13924,3048425
13925,3048442
13926,3050134
13927,3050251
13928,3050253
13929,3050257
13930,3050268
13931,3050273
13932,3050276
13933,3050294
13934,3050302
13935,3050315
13936,3050316
13937,3050317
13938,3050339
13939,3050356
13940,3050360
13941,3051116
13942,3051616
13943,3051617
13944,3051618
13945,3051619
13946,3051998
13947,3052103
13948,3052182
13949,3052194
13950,3052226
13951,3052236
13952,3052300
13953,3052305
13954,3052358
13955,3052388
13956,3052422
13957,3052501
13958,3052507
13959,3052529
13960,3052540
13961,3052606
13962,3052625
13963,3052677
13964,3052701
13965,3053609
13966,3059834
13967,3073964
13968,3074204
13969,312278
13970,31977
13971,323273
13972,32629
13973,334205
13974,336179
13975,336486
13976,338473
13977,354328
13978,357441
13979,35790
13980,35791
13981,35829
13982,362830
13983,362837
13984,367806
13985,369643
13986,37124
13987,373996
13988,375919
13989,37692
13990,38322
13991,393005
13992,393065
13993,395331
13994,401562
13995,419435
13996,423476
13997,438482
13998,445435
13999,449719
14000,45361
14001,45498
14002,459532
14003,470314
14004,472
14005,47589
14006,47835
14007,499
14008,50052
14009,504346
14010,512749
14011,51364
14012,51365
14013,518693
14014,538220
14015,53988
14016,540067
14017,547987
14018,563122
14019,563177
14020,566270
14021,594679
14022,599
14023,61644
14024,633417
14025,642926
14026,644610
14027,648800
14028,64897
14029,650377
14030,657334
14031,658666
14032,664662
14033,67082
14034,671267
14035,678
14036,680115
14037,688436
14038,693419
14039,69655
14040,69656
14041,71253
14042,747457
14043,753084
14044,754067
14045,754514
14046,755272
14047,756275
14048,759620
14049,762660
14050,764348
14051,80852
14052,860
14053,866790
14054,871584
14055,880161
14056,881944
14057,906669
14058,907197
14059,92400
14060,925984
14061,926474
14062,929509
14063,929832
14064,929833
14065,929834
14066,944644
14067,97195
14068,977913
14069,984991
14070,1000373
14071,100177
14072,1002724
14073,1003177
14074,100379
14075,1003836
14076,1003891
14077,1004049
14078,1005056
14079,1006972
14080,100755
14081,1008292
14082,100887
14083,100901
14084,100953
14085,101513
14086,1016852
14087,101764
14088,102234
14089,10240
14090,10242
14091,10243
14092,10245
14093,10255
14094,10260
14095,10261
14096,10264
14097,10265
14098,10266
14099,102684
14100,10270
14101,10271
14102,1027232
14103,1027244
14104,1027245
14105,1027247
14106,1027248
14107,1027468
14108,1027627
14109,1027869
14110,1027880
14111,1027947
14112,10282
14113,1028409
14114,1028414
14115,1028419
14116,1028420
14117,10286
14118,10288
14119,10291
14120,1030595
14121,1031708
14122,1032457
14123,1032478
14124,1032893
14125,103371
14126,1034067
14127,1034099
14128,1034108
14129,1034109
14130,1034112
14131,1034133
14132,1034137
14133,1034140
14134,1034145
14135,1034377
14136,1034806
14137,10365
14138,1036613
14139,1036614
14140,103723
14141,103782
14142,103807
14143,1038082
14144,103881
14145,10406
14146,104097
14147,1041806
14148,1041831
14149,1041883
14150,1042122
14151,1042123
14152,104263
14153,1043184
14154,104388
14155,104389
14156,104392
14157,104393
14158,10442
14159,104581
14160,104637
14161,1046402
14162,1046571
14163,1046572
14164,1046573
14165,1046574
14166,104664
14167,10474
14168,10475
14169,1048434
14170,10491
14171,10494
14172,10501
14173,10508
14174,1050903
14175,1051140
14176,1051792
14177,10537
14178,1054649
14179,1054968
14180,10552
14181,10561
14182,10564
14183,10565
14184,10566
14185,10567
14186,1056833
14187,10570
14188,10571
14189,10623
14190,10639
14191,10660
14192,10661
14193,10664
14194,10665
14195,10679
14196,10683
14197,10685
14198,10689
14199,1069378
14200,106966
14201,10707
14202,10708
14203,1071177
14204,1071502
14205,1072176
14206,10724
14207,1072517
14208,10726
14209,1073767
14210,1074044
14211,10742
14212,1074210
14213,1074213
14214,1074306
14215,1074325
14216,1074863
14217,1074864
14218,1074865
14219,10752
14220,10753
14221,1075399
14222,10756
14223,10761
14224,1076136
14225,1076255
14226,1076345
14227,1076630
14228,10778
14229,1077832
14230,1077859
14231,10780
14232,107804
14233,10803
14234,1080349
14235,1080798
14236,1080799
14237,10811
14238,10812
14239,10815
14240,10817
14241,1081702
14242,10820
14243,10821
14244,10825
14245,10827
14246,10831
14247,10832
14248,10834
14249,10835
14250,10836
14251,10837
14252,10839
14253,10840
14254,10841
14255,10848
14256,10855
14257,10860
14258,10869
14259,1087068
14260,1087070
14261,10882
14262,1088890
14263,1089110
14264,1089115
14265,1089118
14266,1089120
14267,1089128
14268,1089138
14269,1089387
14270,1090133
14271,1091556
14272,1092564
14273,109270
14274,1093100
14275,1093773
14276,1093901
14277,1093928
14278,1093958
14279,1095076
14280,109663
14281,1096935
14282,1097752
14283,10979
14284,10986
14285,10987
14286,10989
14287,1099
14288,10990
14289,10991
14290,10993
14291,11006
14292,11008
14293,110103
14294,11019
14295,11020
14296,11021
14297,11023
14298,11024
14299,11029
14300,11033
14301,11034
14302,11036
14303,11039
14304,1105171
14305,1105379
14306,1105380
14307,1105381
14308,1105385
14309,1105386
14310,1108070
14311,1108810
14312,11095
14313,1110702
14314,11118
14315,1112008
14316,1112769
14317,1112770
14318,11137
14319,111470
14320,1114867
14321,1114980
14322,11155
14323,1115692
14324,1115696
14325,111970
14326,112023
14327,112040
14328,112227
14329,112228
14330,112229
14331,1123754
14332,1123964
14333,112436
14334,112437
14335,1124654
14336,1124849
14337,1125677
14338,1125764
14339,1126885
14340,1127516
14341,1127518
14342,1127767
14343,1128073
14344,1128108
14345,1128118
14346,1128119
14347,1129033
14348,1129035
14349,1129145
14350,11292
14351,1130981
14352,1131
14353,1131462
14354,1131702
14355,11318
14356,11320
14357,1133557
14358,1133653
14359,1133751
14360,113553
14361,1136061
14362,1137801
14363,1137931
14364,1141134
14365,1141137
14366,1141221
14367,1141625
14368,114185
14369,114378
14370,114424
14371,1146872
14372,1146876
14373,1147137
14374,1147144
14375,1147151
14376,1147158
14377,1148
14378,114892
14379,114921
14380,114922
14381,114923
14382,1150353
14383,11520
14384,115232
14385,11569
14386,115714
14387,11572
14388,1157338
14389,1157339
14390,1158
14391,11584
14392,1159195
14393,1159901
14394,1159902
14395,1159903
14396,1159904
14397,1159906
14398,1159907
14399,1159908
14400,115991
14401,116056
14402,1160795
14403,1160968
14404,1161126
14405,1161132
14406,11617
14407,1162280
14408,1163537
14409,11636
14410,11642
14411,1165135
14412,11657
14413,1165907
14414,11660
14415,11663
14416,11665
14417,11673
14418,11676
14419,1167690
14420,1167886
14421,1168547
14422,1168548
14423,1168549
14424,1168594
14425,1170422
14426,1170425
14427,1170656
14428,11709
14429,117198
14430,1172191
14431,1172193
14432,11723
14433,1172985
14434,1173709
14435,1173741
14436,1173757
14437,11746
14438,1175505
14439,1175662
14440,11757
14441,1175849
14442,1175850
14443,1175852
14444,1175853
14445,1175854
14446,1175855
14447,1176145
14448,1176146
14449,1176147
14450,1176148
14451,1176149
14452,1176150
14453,1176153
14454,1176422
14455,1176423
14456,1176484
14457,1176736
14458,11768
14459,1177214
14460,1177630
14461,1177632
14462,1177751
14463,1177752
14464,1177753
14465,1177757
14466,1177758
14467,1177759
14468,1177762
14469,1177764
14470,1177765
14471,1177766
14472,1177767
14473,11786
14474,1179155
14475,1179664
14476,1179812
14477,1179813
14478,1179815
14479,118027
14480,11808
14481,11809
14482,118140
14483,11819
14484,1182518
14485,11834
14486,11840
14487,11855
14488,11856
14489,1187894
14490,1187973
14491,1188
14492,11886
14493,1188792
14494,1188793
14495,1188812
14496,11901
14497,1190451
14498,119164
14499,1193420
14500,1193712
14501,119423
14502,1195163
14503,1195166
14504,1195378
14505,11958
14506,1196236
14507,11970
14508,11974
14509,11976
14510,1197730
14511,1197731
14512,1197732
14513,1197733
14514,1197734
14515,11978
14516,1197952
14517,1198137
14518,1198140
14519,1198144
14520,1198147
14521,1198219
14522,1198450
14523,119910
14524,120168
14525,1202142
14526,1202713
14527,12036
14528,12042
14529,12045
14530,1204543
14531,1204684
14532,12058
14533,1206110
14534,12064
14535,1208309
14536,1208583
14537,12092
14538,12109
14539,12110
14540,1211283
14541,1211388
14542,1211481
14543,1213187
14544,1213406
14545,12141
14546,1214459
14547,12161
14548,12162
14549,12163
14550,12165
14551,12167
14552,12169
14553,12171
14554,12172
14555,12173
14556,12175
14557,12177
14558,12178
14559,12179
14560,12180
14561,12181
14562,12182
14563,12183
14564,1218492
14565,1218506
14566,1218507
14567,12187
14568,1218727
14569,12188
14570,12194
14571,12195
14572,12196
14573,12197
14574,12198
14575,12199
14576,1220025
14577,12201
14578,12202
14579,12203
14580,12204
14581,12205
14582,12208
14583,12209
14584,12210
14585,12211
14586,1221206
14587,1221437
14588,12215
14589,12222
14590,12224
14591,12227
14592,12228
14593,12229
14594,122291
14595,12230
14596,12232
14597,1223260
14598,12238
14599,12239
14600,12240
14601,12241
14602,1224144
14603,12242
14604,1224510
14605,1224515
14606,12253
14607,1225789
14608,1225794
14609,1225861
14610,12266
14611,12270
14612,1227354
14613,1227356
14614,1227357
14615,12285
14616,12286
14617,12288
14618,1229186
14619,1229324
14620,12294
14621,12295
14622,1229760
14623,123
14624,12301
14625,12302
14626,12305
14627,12313
14628,12315
14629,12317
14630,12319
14631,1231903
14632,12321
14633,1232493
14634,1232640
14635,12327
14636,12328
14637,1233177
14638,1233383
14639,1233488
14640,1233675
14641,1234171
14642,12345
14643,12348
14644,1234872
14645,1235662
14646,1235850
14647,1236047
14648,1236391
14649,1236392
14650,1236395
14651,1236400
14652,1236405
14653,1236409
14654,1239439
14655,1239452
14656,1239565
14657,1239566
14658,1239567
14659,1239568
14660,1239569
14661,1239571
14662,1239573
14663,1239574
14664,1239575
14665,1239578
14666,1239582
14667,1239583
14668,12402
14669,12407
14670,1241370
14671,12417
14672,1241918
14673,1241957
14674,12430
14675,1243178
14676,12432
14677,1244203
14678,1244563
14679,1244565
14680,12450
14681,1245890
14682,1245909
14683,12465
14684,12466
14685,1246650
14686,1246849
14687,12471
14688,1247114
14689,1247115
14690,1247116
14691,12472
14692,12473
14693,12475
14694,12480
14695,1248330
14696,1249467
14697,1249648
14698,1249676
14699,1249677
14700,1250303
14701,1250316
14702,12538
14703,12541
14704,1254420
14705,1254425
14706,12558
14707,1256869
14708,1262523
14709,1264880
14710,1264898
14711,1266451
14712,1266458
14713,1266977
14714,1267277
14715,1273128
14716,1273699
14717,1273739
14718,1273740
14719,1273741
14720,1273742
14721,1273744
14722,127441
14723,127509
14724,1276181
14725,12804
14726,1281454
14727,1281455
14728,1282443
14729,1282444
14730,1283076
14731,1283077
14732,12844
14733,1285589
14734,1285598
14735,1286143
14736,128818
14737,12888
14738,12893
14739,12901
14740,12907
14741,129141
14742,129143
14743,129395
14744,1295080
14745,1296573
14746,1296654
14747,129732
14748,1297645
14749,1297661
14750,1297894
14751,1298531
14752,129876
14753,129950
14754,129955
14755,129956
14756,1300113
14757,1301220
14758,1301279
14759,1302179
14760,1302410
14761,1302848
14762,1302849
14763,1302850
14764,130309
14765,130327
14766,130478
14767,130499
14768,1306518
14769,1307958
14770,1308863
14771,1310424
14772,131082
14773,131083
14774,131226
14775,1312445
14776,1312873
14777,1312874
14778,1312929
14779,1316444
14780,1317107
14781,1319
14782,1323525
14783,1323528
14784,1324128
14785,132477
14786,1324959
14787,1325446
14788,1327037
14789,1327764
14790,1327771
14791,1327774
14792,1327935
14793,1327937
14794,1327939
14795,1327940
14796,1327947
14797,1327948
14798,1327968
14799,1327969
14800,1327974
14801,1327987
14802,1327993
14803,1329380
14804,1329649
14805,1329650
14806,1329781
14807,1329812
14808,1329816
14809,1329823
14810,1330066
14811,1330491
14812,1330520
14813,1330521
14814,1330524
14815,1331744
14816,1333313
14817,1335053
14818,1335626
14819,1335768
14820,1340746
14821,1340801
14822,1340820
14823,1340822
14824,1340833
14825,1340836
14826,1341019
14827,1341165
14828,134374
14829,134386
14830,1343920
14831,1345661
14832,1345662
14833,134632
14834,134681
14835,1348394
14836,1348911
14837,1351702
14838,1352227
14839,135246
14840,1353241
14841,1353795
14842,135615
14843,135617
14844,135624
14845,1357669
14846,1357707
14847,1357710
14848,1357714
14849,136084
14850,136234
14851,136241
14852,13642
14853,1366055
14854,1367126
14855,1367435
14856,1371
14857,1373
14858,137475
14859,137758
14860,137854
14861,1379692
14862,1379695
14863,1379707
14864,1379710
14865,1379711
14866,1379712
14867,1379713
14868,1379714
14869,1379718
14870,1379719
14871,1379720
14872,1379721
14873,1379725
14874,1379788
14875,138073
14876,1380894
14877,1381007
14878,1381464
14879,1383054
14880,1384490
14881,1385385
14882,1385658
14883,1386090
14884,1387160
14885,1387301
14886,1389204
14887,138948
14888,138949
14889,138950
14890,138951
14891,138982
14892,1391181
14893,1391190
14894,1391431
14895,1391432
14896,1391455
14897,1391456
14898,1391702
14899,1391746
14900,1392388
14901,1396815
14902,139871
14903,1398939
14904,140052
14905,1400526
14906,1403390
14907,1403565
14908,140410
14909,1406134
14910,1406782
14911,1406784
14912,1406788
14913,1406816
14914,1407638
14915,1408133
14916,1408137
14917,1408894
14918,1408895
14919,1409
14920,1410062
14921,1410467
14922,1411681
14923,1414644
14924,1414739
14925,1415665
14926,1416026
14927,1416334
14928,1417304
14929,141860
14930,1419711
14931,1420600
14932,1425362
14933,1425363
14934,1425365
14935,142577
14936,1427159
14937,1427476
14938,1427523
14939,1428189
14940,1428190
14941,142843
14942,1428763
14943,1431460
14944,1432856
14945,1432857
14946,1435450
14947,1435485
14948,1436892
14949,1437364
14950,143919
14951,1440170
14952,1441796
14953,1441800
14954,1443109
14955,1445557
14956,1445858
14957,1446792
14958,144752
14959,1448274
14960,1448276
14961,1449437
14962,1449896
14963,1449897
14964,1454023
14965,1454024
14966,1454025
14967,1454026
14968,1454027
14969,1454028
14970,1454029
14971,1454030
14972,1454066
14973,1454552
14974,1455653
14975,1457165
14976,1457322
14977,1458186
14978,1458187
14979,1458714
14980,1458716
14981,1458724
14982,1458852
14983,1458860
14984,1458861
14985,1458862
14986,1458863
14987,1459003
14988,1459800
14989,146
14990,1460374
14991,1461743
14992,1461792
14993,1462681
14994,1462682
14995,1464127
14996,1464778
14997,1464786
14998,146499
14999,146500
15000,1465639
15001,1468169
15002,1468172
15003,1468597
15004,146897
15005,1469905
15006,1469906
15007,1469908
15008,1469956
15009,1472425
15010,1472912
15011,1473
15012,1475062
15013,1476485
15014,1476487
15015,147711
15016,147712
15017,1481186
15018,1481452
15019,1481465
15020,1483485
15021,1483681
15022,1485012
15023,1485186
15024,1485922
15025,148603
15026,1486425
15027,1486428
15028,1486469
15029,1487185
15030,1487956
15031,1488557
15032,148879
15033,148880
15034,1489714
15035,1490052
15036,1490227
15037,1492296
15038,1493829
15039,1493858
15040,1495316
15041,1497019
15042,149715
15043,1497848
15044,1498204
15045,1498504
15046,1500510
15047,1500713
15048,1500757
15049,1500865
15050,1500866
15051,1501716
15052,1502101
15053,150284
15054,150285
15055,1503293
15056,1504569
15057,1504733
15058,1504801
15059,1505597
15060,1506574
15061,1507401
15062,1508220
15063,1508224
15064,1508228
15065,1508644
15066,1508657
15067,1508710
15068,1508712
15069,151043
15070,1510466
15071,1511772
15072,1511776
15073,1511779
15074,1511781
15075,1511783
15076,1511803
15077,1511805
15078,1511809
15079,1511847
15080,1511853
15081,1511892
15082,1511894
15083,1511895
15084,1513247
15085,1513248
15086,1513250
15087,1513251
15088,1513253
15089,1513254
15090,1513255
15091,1513257
15092,1513259
15093,1513260
15094,1513261
15095,1513262
15096,1513264
15097,1513265
15098,1513272
15099,1513273
15100,1513274
15101,1513275
15102,1513276
15103,151341
15104,1513516
15105,1513519
15106,1513520
15107,1513521
15108,1513527
15109,1513528
15110,1513530
15111,1513531
15112,1514665
15113,1514896
15114,151528
15115,151536
15116,1516075
15117,1518574
15118,1519097
15119,1519387
15120,1519388
15121,1519389
15122,1519391
15123,1521255
15124,1521386
15125,1521387
15126,1521388
15127,1521390
15128,1521392
15129,152177
15130,1522059
15131,152217
15132,1523858
15133,1524881
15134,1525173
15135,1527523
15136,1527535
15137,1529058
15138,1530251
15139,153057
15140,1532528
15141,1534544
15142,1534547
15143,1534553
15144,1536596
15145,1538101
15146,1540099
15147,154048
15148,1540823
15149,1541211
15150,154122
15151,1541743
15152,1541823
15153,1542103
15154,1542744
15155,1542745
15156,1543207
15157,154339
15158,1546178
15159,1547219
15160,1547495
15161,1547577
15162,1547580
15163,1548713
15164,1548720
15165,1548721
15166,1548722
15167,1549128
15168,1552409
15169,1552662
15170,155414
15171,1555201
15172,1555208
15173,1557
15174,1557033
15175,1557034
15176,1557035
15177,1558469
15178,155862
15179,1559
15180,1560342
15181,1560351
15182,1561171
15183,1561172
15184,1561705
15185,1562065
15186,1562066
15187,1564182
15188,1564903
15189,1565088
15190,1566298
15191,1566869
15192,156690
15193,1566990
15194,1566995
15195,1567006
15196,1567011
15197,1567012
15198,1567013
15199,1567014
15200,1567404
15201,1567453
15202,1568973
15203,1569052
15204,1569053
15205,1569057
15206,157018
15207,1570330
15208,1572745
15209,1573459
15210,1573714
15211,1574141
15212,1574287
15213,1574422
15214,1576597
15215,157777
15216,1577776
15217,1577997
15218,1578134
15219,157837
15220,157897
15221,1580591
15222,1580605
15223,1580606
15224,1580607
15225,1581151
15226,1582094
15227,158463
15228,1585246
15229,1585924
15230,1587517
15231,1587907
15232,1588048
15233,1588049
15234,1589270
15235,1590154
15236,1590155
15237,1591
15238,159132
15239,1591444
15240,1592081
15241,1592083
15242,1592084
15243,1592085
15244,1592087
15245,1592088
15246,1592089
15247,1592090
15248,1592092
15249,1592094
15250,1592095
15251,1592096
15252,1592097
15253,1592098
15254,1592099
15255,1592100
15256,1592101
15257,1592102
15258,1592103
15259,1592104
15260,1592109
15261,1592110
15262,1592113
15263,1592116
15264,1592117
15265,1592118
15266,1592119
15267,1592120
15268,1592123
15269,1592124
15270,1592127
15271,1592128
15272,1592129
15273,1592207
15274,1592211
15275,1592212
15276,159252
15277,1592828
15278,1592930
15279,1593424
15280,160057
15281,1602124
15282,160358
15283,160484
15284,1604871
15285,1606497
15286,1606498
15287,1606499
15288,1606501
15289,1606502
15290,1606504
15291,160796
15292,1608048
15293,1608049
15294,1608064
15295,1608072
15296,1608085
15297,1608087
15298,1608089
15299,1608090
15300,1608100
15301,1608112
15302,1608134
15303,160842
15304,160843
15305,160844
15306,1608440
15307,1608533
15308,1609634
15309,1611875
15310,1612611
15311,161378
15312,161675
15313,1616781
15314,1618232
15315,1618233
15316,1618234
15317,1618235
15318,1618236
15319,1618237
15320,1618239
15321,1618243
15322,1618244
15323,1618245
15324,1618247
15325,1618248
15326,1618249
15327,1618250
15328,1618252
15329,1618255
15330,1618256
15331,1618257
15332,1618259
15333,1618260
15334,162171
15335,1622024
15336,1623275
15337,1623276
15338,1623286
15339,1623287
15340,1623290
15341,1623299
15342,1623300
15343,1623302
15344,1623303
15345,1623304
15346,1623305
15347,1623309
15348,1623686
15349,1628753
15350,1629132
15351,1629656
15352,1629671
15353,1631303
15354,163164
15355,1633785
15356,1634381
15357,1634476
15358,1636200
15359,1636617
15360,1637492
15361,1637496
15362,1637747
15363,1640277
15364,1640969
15365,1642588
15366,1643324
15367,1647308
15368,1647391
15369,1647414
15370,1647458
15371,1647805
15372,1647924
15373,1648481
15374,1648482
15375,1648483
15376,1648484
15377,1649
15378,1649459
15379,1650654
15380,1652133
15381,165215
15382,1653395
15383,1653398
15384,1654339
15385,1654355
15386,1654356
15387,1654357
15388,1654603
15389,1655644
15390,1655645
15391,1655646
15392,1655647
15393,1655648
15394,1655650
15395,1655652
15396,1655653
15397,1655654
15398,1655656
15399,1655657
15400,1655658
15401,1655659
15402,1655660
15403,1655661
15404,165826
15405,1659771
15406,1661257
15407,1661392
15408,1661396
15409,1662272
15410,1662286
15411,1663127
15412,1663209
15413,1663210
15414,1667230
15415,1670669
15416,1670975
15417,167129
15418,167132
15419,1671382
15420,1673640
15421,1673646
15422,1675028
15423,1675317
15424,1675548
15425,1675553
15426,1675555
15427,1675598
15428,1675689
15429,1675864
15430,1676181
15431,1676182
15432,1676183
15433,1676185
15434,1676267
15435,1678144
15436,1678145
15437,1678146
15438,1678147
15439,1678160
15440,1678161
15441,1678162
15442,1678163
15443,1678164
15444,1678165
15445,1678166
15446,1678167
15447,1678168
15448,1678170
15449,1678171
15450,1678175
15451,1678177
15452,1678178
15453,1678180
15454,1678208
15455,1678906
15456,1679172
15457,1679239
15458,1679530
15459,167955
15460,167968
15461,1680158
15462,168135
15463,1682186
15464,1682187
15465,1685109
15466,1685724
15467,1685727
15468,1685730
15469,1685732
15470,1685733
15471,1685734
15472,1685735
15473,1685740
15474,1685741
15475,1685744
15476,1685745
15477,1685747
15478,1685748
15479,1685749
15480,1685750
15481,1685753
15482,1685754
15483,1685755
15484,1685756
15485,1685757
15486,1685758
15487,1685759
15488,1685760
15489,1685761
15490,1685763
15491,1685764
15492,1685765
15493,1685766
15494,1685767
15495,1685768
15496,1685769
15497,1685770
15498,1685771
15499,1685775
15500,1685776
15501,1685777
15502,1685779
15503,1685780
15504,1685781
15505,1685783
15506,1685784
15507,1685785
15508,1685786
15509,1685953
15510,1688637
15511,1690666
15512,1691889
15513,1691958
15514,1692045
15515,1692243
15516,1692244
15517,1692246
15518,1692247
15519,1692252
15520,1692253
15521,1692254
15522,1692255
15523,1692258
15524,1692259
15525,1692260
15526,1692261
15527,1692262
15528,1692263
15529,169683
15530,1697349
15531,1698713
15532,1698714
15533,170
15534,1701404
15535,1701405
15536,1701549
15537,1701814
15538,1701824
15539,1701826
15540,1701828
15541,1701837
15542,1701849
15543,1701850
15544,1702121
15545,1703961
15546,1703962
15547,1703965
15548,1703966
15549,1703967
15550,1703968
15551,1703971
15552,1705092
15553,1705393
15554,1708574
15555,1708654
15556,170965
15557,1711684
15558,1712387
15559,1712389
15560,1712675
15561,1714362
15562,1714364
15563,1714366
15564,1714367
15565,1714368
15566,1714570
15567,1714619
15568,1716041
15569,1716042
15570,171632
15571,1718158
15572,1720324
15573,1720493
15574,1720498
15575,1721090
15576,172278
15577,172391
15578,172394
15579,172667
15580,1728964
15581,1729670
15582,1732064
15583,1732176
15584,1732177
15585,1732178
15586,1732179
15587,1732180
15588,173443
15589,1735466
15590,1735586
15591,1737555
15592,1738045
15593,174142
15594,1742594
15595,1742595
15596,1742596
15597,1746057
15598,1746058
15599,1746059
15600,1746060
15601,1746061
15602,1746062
15603,1746063
15604,1746065
15605,1746066
15606,1746067
15607,1746068
15608,1746069
15609,1746070
15610,1746071
15611,1746072
15612,1746073
15613,1746074
15614,174708
15615,1747287
15616,1747326
15617,1747500
15618,175304
15619,1755198
15620,1755467
15621,1755588
15622,1755590
15623,1755689
15624,1755781
15625,1756157
15626,1756615
15627,1756832
15628,1758139
15629,1758881
15630,175950
15631,176106
15632,1761477
15633,1761891
15634,1765736
15635,1765754
15636,176652
15637,1766557
15638,1766559
15639,1766828
15640,1768064
15641,1769780
15642,1770265
15643,1770613
15644,1770618
15645,1772258
15646,1774200
15647,1774276
15648,1774743
15649,1775140
15650,1775963
15651,1776109
15652,1776177
15653,1777015
15654,1777016
15655,1777052
15656,1777053
15657,1777064
15658,1777072
15659,1777491
15660,177758
15661,1778559
15662,1778570
15663,1778573
15664,1779339
15665,1779714
15666,1780507
15667,1781241
15668,1784982
15669,1785753
15670,1788440
15671,1788441
15672,1788442
15673,1788443
15674,1788444
15675,1788445
15676,1788449
15677,1788450
15678,1788451
15679,1788454
15680,1788455
15681,1792583
15682,1795648
15683,1798085
15684,179986
15685,1803956
15686,1803957
15687,180399
15688,1804155
15689,1804157
15690,180504
15691,180526
15692,1805494
15693,180587
15694,1805948
15695,1805950
15696,1805951
15697,1805952
15698,1805953
15699,1805956
15700,1805958
15701,1806636
15702,180822
15703,1808960
15704,180903
15705,1809243
15706,1809767
15707,181082
15708,181084
15709,1810947
15710,1811230
15711,1812179
15712,1812308
15713,1813613
15714,1813771
15715,1814283
15716,1815581
15717,1816232
15718,1816235
15719,181667
15720,1819306
15721,1820160
15722,1821222
15723,1821227
15724,1821749
15725,1821750
15726,1821751
15727,1822365
15728,1825688
15729,1825924
15730,1825950
15731,1825976
15732,1826170
15733,1830242
15734,1833938
15735,183405
15736,183407
15737,1837089
15738,1837217
15739,183754
15740,1838077
15741,1840315
15742,1840528
15743,1843491
15744,1843763
15745,1843764
15746,1843765
15747,1843766
15748,1843767
15749,1843769
15750,1843770
15751,1843771
15752,1843772
15753,1848040
15754,1848042
15755,1848169
15756,1848517
15757,1849328
15758,1849533
15759,1849535
15760,1849539
15761,1849542
15762,1849544
15763,1849545
15764,1850255
15765,185218
15766,1852564
15767,1852629
15768,1853230
15769,1853762
15770,1853865
15771,1856030
15772,1856031
15773,1856120
15774,1856406
15775,1856642
15776,1856767
15777,1857323
15778,185782
15779,1857843
15780,1857844
15781,1857845
15782,1857890
15783,185793
15784,1859161
15785,185954
15786,185955
15787,186165
15788,186187
15789,1862127
15790,1862824
15791,1862961
15792,1862962
15793,186532
15794,186533
15795,186534
15796,186637
15797,186642
15798,186772
15799,186786
15800,186805
15801,186820
15802,186821
15803,1868215
15804,186846
15805,1868472
15806,1868596
15807,1868621
15808,1868658
15809,1868659
15810,1868829
15811,186938
15812,1870981
15813,1871054
15814,1871106
15815,1871153
15816,1871321
15817,1871624
15818,1871631
15819,1871681
15820,1871687
15821,1871690
15822,187217
15823,1872708
15824,1873698
15825,1873778
15826,1873887
15827,1873998
15828,1874267
15829,1874539
15830,1874540
15831,1874886
15832,1876758
15833,187764
15834,187850
15835,187978
15836,1881013
15837,1881104
15838,188141
15839,188143
15840,1881950
15841,1882382
15842,1883200
15843,1883202
15844,188333
15845,1883377
15846,188350
15847,1884450
15848,1884453
15849,1884460
15850,1884461
15851,1884818
15852,1884873
15853,1884874
15854,1884875
15855,1884991
15856,1885565
15857,1887218
15858,1887644
15859,1887645
15860,1887649
15861,1888308
15862,1888309
15863,1888311
15864,1888317
15865,1888318
15866,1890365
15867,1890426
15868,1890464
15869,1891097
15870,1891098
15871,1891704
15872,1891713
15873,1891718
15874,1891719
15875,1891720
15876,1891721
15877,1891725
15878,1891726
15879,1891727
15880,1891729
15881,1891731
15882,1891732
15883,1891733
15884,1891734
15885,1891735
15886,1891736
15887,1891737
15888,1891738
15889,1891739
15890,1891740
15891,1891741
15892,1891742
15893,1891743
15894,1891745
15895,1891746
15896,1891747
15897,1891748
15898,1891749
15899,1891750
15900,1891751
15901,1891752
15902,1891754
15903,1891755
15904,1891756
15905,1891757
15906,1891758
15907,1891759
15908,1891762
15909,1891763
15910,1891764
15911,1891765
15912,1891766
15913,1891768
15914,1891769
15915,1891770
15916,1891771
15917,1891772
15918,1891773
15919,1891774
15920,1892251
15921,1892252
15922,1892404
15923,1892895
15924,1892896
15925,189330
15926,1895333
15927,1896336
15928,1897087
15929,1897529
15930,1897538
15931,1897555
15932,1897731
15933,1898060
15934,1898175
15935,1899566
15936,1902501
15937,1902502
15938,1904410
15939,1904439
15940,190478
15941,1904876
15942,1904881
15943,1904882
15944,1904884
15945,1905556
15946,1906170
15947,1906179
15948,1906245
15949,1906317
15950,1906668
15951,1906673
15952,190729
15953,1907771
15954,1907787
15955,1908804
15956,1908806
15957,1908807
15958,1908808
15959,1908811
15960,1908813
15961,191032
15962,1910928
15963,1910931
15964,1910935
15965,1910937
15966,1910951
15967,1910952
15968,1910968
15969,1910969
15970,1911006
15971,1911007
15972,1911009
15973,1911010
15974,1911102
15975,1911104
15976,1911434
15977,1911435
15978,1911438
15979,1911439
15980,1911443
15981,1911555
15982,1911604
15983,1911605
15984,1911606
15985,1911685
15986,1911929
15987,1912234
15988,1912492
15989,191289
15990,1913024
15991,1913081
15992,1913124
15993,1913125
15994,1913642
15995,1913643
15996,1913649
15997,1913652
15998,1913653
15999,1913655
16000,1913656
16001,1913657
16002,1913658
16003,1913683
16004,1913685
16005,1913686
16006,1913995
16007,1914020
16008,1914021
16009,1914155
16010,1914160
16011,1914161
16012,1914162
16013,1914165
16014,1914192
16015,1914193
16016,1914194
16017,1914199
16018,1914200
16019,1914201
16020,1914202
16021,1914203
16022,1914205
16023,1914206
16024,1914207
16025,1914208
16026,1914209
16027,191436
16028,1914410
16029,1914442
16030,1914568
16031,1914574
16032,1914575
16033,1914576
16034,191460
16035,191463
16036,1914788
16037,1914853
16038,1914854
16039,1914856
16040,1914893
16041,1914895
16042,1914898
16043,1914900
16044,1915202
16045,1915203
16046,1915205
16047,1915206
16048,1915207
16049,1915208
16050,1916111
16051,1916647
16052,1917080
16053,1917980
16054,1917990
16055,1918006
16056,1918007
16057,1918008
16058,1918009
16059,1918010
16060,1918011
16061,1918012
16062,1918014
16063,1918017
16064,1918192
16065,1918193
16066,1918194
16067,1918522
16068,1918524
16069,1918525
16070,1918720
16071,1918722
16072,1918723
16073,1918725
16074,1918726
16075,1918727
16076,1918729
16077,1918731
16078,1919247
16079,192022
16080,192026
16081,1920493
16082,1920498
16083,1920698
16084,1920750
16085,1920753
16086,1920754
16087,1920755
16088,1920756
16089,1920757
16090,1920759
16091,1920760
16092,1920761
16093,1920763
16094,1920765
16095,1920772
16096,1920778
16097,1920779
16098,1920780
16099,1920781
16100,1920861
16101,1920862
16102,1920864
16103,1920988
16104,1920989
16105,1920993
16106,1920994
16107,1920995
16108,1920996
16109,1920998
16110,1920999
16111,1921000
16112,1921002
16113,1921004
16114,1921005
16115,1921008
16116,1921009
16117,1921016
16118,1921118
16119,1921119
16120,1921121
16121,1921123
16122,1921126
16123,1921127
16124,1921128
16125,1921184
16126,1921185
16127,1921186
16128,1921187
16129,1921188
16130,1921189
16131,1921408
16132,1921409
16133,1921410
16134,1921411
16135,1921412
16136,1921413
16137,1921432
16138,1921528
16139,1921529
16140,1921530
16141,1921545
16142,1921546
16143,1921547
16144,1921553
16145,1921554
16146,1921555
16147,1921556
16148,1921561
16149,1921563
16150,1921696
16151,1921698
16152,1921704
16153,1921705
16154,1921706
16155,1921709
16156,1921710
16157,1921711
16158,1921712
16159,1921773
16160,1921778
16161,1921824
16162,1921825
16163,192203
16164,1922208
16165,1922211
16166,1922212
16167,1922213
16168,1922242
16169,1922243
16170,1922246
16171,1922247
16172,1922328
16173,1922331
16174,1922352
16175,1922353
16176,1922355
16177,1922356
16178,1922357
16179,1922360
16180,1922361
16181,1922362
16182,1922365
16183,1922368
16184,1922370
16185,1922377
16186,1922378
16187,1922379
16188,1922381
16189,1922385
16190,1922386
16191,1922387
16192,1922388
16193,1922392
16194,1922428
16195,1922429
16196,1922430
16197,1922431
16198,1922432
16199,1922433
16200,1922434
16201,1922435
16202,1922436
16203,1922437
16204,1922439
16205,1922440
16206,1922441
16207,1922442
16208,1922443
16209,1922444
16210,1922445
16211,1922448
16212,1922449
16213,1922451
16214,1922452
16215,1922455
16216,1922456
16217,1922458
16218,1922461
16219,1922464
16220,1922471
16221,1922483
16222,1922492
16223,1922496
16224,1922497
16225,1922504
16226,1922513
16227,1922524
16228,1922525
16229,1922527
16230,1922528
16231,1922529
16232,1922530
16233,1922531
16234,1922532
16235,1922533
16236,1922534
16237,1922535
16238,1922538
16239,1922539
16240,1922540
16241,1922541
16242,1922542
16243,1922543
16244,1922544
16245,1922545
16246,1922546
16247,1922548
16248,1922549
16249,1922550
16250,1922551
16251,1922552
16252,1922553
16253,1922554
16254,1922556
16255,1922557
16256,1922558
16257,1922559
16258,1922560
16259,1922561
16260,1922562
16261,1922563
16262,1922564
16263,1922566
16264,1922567
16265,1922569
16266,1922570
16267,1922571
16268,1922573
16269,1922575
16270,1922576
16271,1922578
16272,1922582
16273,1922583
16274,1922584
16275,1922585
16276,1922586
16277,1922587
16278,1922588
16279,1922589
16280,1922590
16281,1922591
16282,1922592
16283,1922594
16284,1922595
16285,1922596
16286,1922597
16287,1922598
16288,1922599
16289,1922600
16290,1922601
16291,1922602
16292,1922603
16293,1922604
16294,1922606
16295,1922607
16296,1922608
16297,1922609
16298,1922610
16299,1922611
16300,1922612
16301,1922613
16302,1922614
16303,1922615
16304,1922616
16305,1922617
16306,1922618
16307,1922619
16308,1922620
16309,1922621
16310,1922622
16311,1922624
16312,1922626
16313,1922627
16314,1922628
16315,1922629
16316,1922630
16317,1922631
16318,1922632
16319,1922633
16320,1922634
16321,1922636
16322,1922637
16323,1922638
16324,1922639
16325,1922641
16326,1922644
16327,1922646
16328,1922647
16329,1922648
16330,1922657
16331,1922658
16332,1922659
16333,1922660
16334,1922661
16335,1922662
16336,1922666
16337,1922667
16338,1922668
16339,1922669
16340,1922671
16341,1922672
16342,1922673
16343,1922674
16344,1922675
16345,1922676
16346,1922677
16347,1922680
16348,1922681
16349,1922682
16350,1922683
16351,1922684
16352,1922685
16353,1922686
16354,1922687
16355,1922688
16356,1922689
16357,1922693
16358,1922694
16359,1922695
16360,1922697
16361,1922698
16362,1922701
16363,1922702
16364,1922703
16365,1922704
16366,1922705
16367,1922706
16368,1922707
16369,1922708
16370,1922709
16371,1922710
16372,1922711
16373,1922712
16374,1922713
16375,1922715
16376,1922716
16377,1922717
16378,1922718
16379,1922720
16380,1922721
16381,1922722
16382,1922723
16383,1922725
16384,1922726
16385,1922728
16386,1922730
16387,1922734
16388,1922736
16389,1922737
16390,1922738
16391,1922740
16392,1922741
16393,1922742
16394,1922743
16395,1922744
16396,1922745
16397,1922746
16398,1922748
16399,1922749
16400,1922750
16401,1922751
16402,1922752
16403,1922753
16404,1922754
16405,1922757
16406,1922758
16407,1922759
16408,1922760
16409,1922761
16410,1922764
16411,1922765
16412,1922766
16413,1922767
16414,1922768
16415,1922769
16416,1922770
16417,1922771
16418,1922772
16419,1922776
16420,1922777
16421,1922779
16422,1922782
16423,1922783
16424,1922784
16425,1922785
16426,1922787
16427,1922788
16428,1922789
16429,1922791
16430,1922792
16431,1922793
16432,1922794
16433,1922795
16434,1922796
16435,1922797
16436,1922798
16437,1922799
16438,1922800
16439,1922801
16440,1922803
16441,1922805
16442,1922807
16443,1922808
16444,1922809
16445,1922811
16446,1922812
16447,1922813
16448,1922814
16449,1922815
16450,1922816
16451,1922817
16452,1922818
16453,1922819
16454,1922821
16455,1922822
16456,1922823
16457,1922824
16458,1922826
16459,1922827
16460,1922832
16461,1922833
16462,1922835
16463,1922837
16464,1922860
16465,1922861
16466,1922867
16467,1922868
16468,1922870
16469,1922873
16470,1922874
16471,1922875
16472,1922876
16473,1922877
16474,1922878
16475,1922879
16476,1922883
16477,1922892
16478,1922893
16479,1922894
16480,1922895
16481,1922896
16482,1922898
16483,1922899
16484,1922900
16485,1922901
16486,1922902
16487,1922905
16488,1922922
16489,1922923
16490,1922925
16491,1922926
16492,1922927
16493,1922928
16494,1922930
16495,1922931
16496,1922932
16497,1922933
16498,1922936
16499,1922938
16500,1922941
16501,1922943
16502,1922947
16503,1922948
16504,1922949
16505,1922950
16506,1922952
16507,1922955
16508,1922956
16509,1922958
16510,1922960
16511,1922962
16512,1922972
16513,1922988
16514,1922989
16515,1922990
16516,1922993
16517,1922997
16518,1922998
16519,1922999
16520,1923000
16521,1923001
16522,1923002
16523,1923009
16524,1923011
16525,1923012
16526,1923017
16527,1923073
16528,1923074
16529,1923075
16530,1923077
16531,1923078
16532,1923079
16533,1923080
16534,1923082
16535,1923088
16536,1923090
16537,1923091
16538,1923092
16539,1923093
16540,1923094
16541,1923095
16542,1923096
16543,1923097
16544,1923100
16545,1923101
16546,1923102
16547,1923104
16548,1923105
16549,1923106
16550,1923107
16551,1923108
16552,1923109
16553,1923110
16554,1923111
16555,1923112
16556,1923113
16557,1923114
16558,1923115
16559,1923116
16560,1923117
16561,1923118
16562,1923119
16563,1923120
16564,1923121
16565,1923122
16566,1923123
16567,1923124
16568,1923125
16569,1923126
16570,1923127
16571,1923128
16572,1923129
16573,1923130
16574,1923131
16575,1923132
16576,1923133
16577,1923134
16578,1923135
16579,1923136
16580,1923137
16581,1923138
16582,1923140
16583,1923141
16584,1923142
16585,1923143
16586,1923144
16587,1923145
16588,1923146
16589,1923147
16590,1923148
16591,1923149
16592,1923150
16593,1923151
16594,1923152
16595,1923153
16596,1923154
16597,1923155
16598,1923156
16599,1923157
16600,1923158
16601,1923159
16602,1923160
16603,1923161
16604,1923162
16605,1923163
16606,1923164
16607,1923165
16608,1923168
16609,1923169
16610,1923170
16611,1923185
16612,1923186
16613,1923194
16614,1923196
16615,1923197
16616,1923199
16617,1923200
16618,1923201
16619,1923204
16620,1923205
16621,1923206
16622,1923208
16623,1923209
16624,1923210
16625,1923211
16626,1923213
16627,1923215
16628,1923216
16629,1923217
16630,1923218
16631,1923220
16632,1923221
16633,1923222
16634,1923225
16635,1923228
16636,1923229
16637,1923230
16638,1923233
16639,1923234
16640,1923235
16641,1923236
16642,1923237
16643,1923239
16644,1923240
16645,1923243
16646,1923244
16647,1923245
16648,1923246
16649,1923247
16650,1923248
16651,1923249
16652,1923250
16653,1923252
16654,1923253
16655,1923254
16656,1923255
16657,1923256
16658,1923257
16659,1923258
16660,1923259
16661,1923260
16662,1923261
16663,1923262
16664,1923263
16665,1923264
16666,1923265
16667,1923266
16668,1923267
16669,1923268
16670,1923269
16671,1923270
16672,1923272
16673,1923273
16674,1923274
16675,1923275
16676,1923277
16677,1923278
16678,1923279
16679,1923281
16680,1923282
16681,1923284
16682,1923285
16683,1923287
16684,1923288
16685,1923289
16686,1923291
16687,1923292
16688,1923293
16689,1923294
16690,1923295
16691,1923296
16692,1923298
16693,1923300
16694,1923301
16695,1923303
16696,1923304
16697,1923305
16698,1923306
16699,1923307
16700,1923308
16701,1923310
16702,1923313
16703,1923316
16704,1923320
16705,1923321
16706,1923322
16707,1923323
16708,1923324
16709,1923326
16710,1923327
16711,1923330
16712,1923331
16713,1923332
16714,1923333
16715,1923335
16716,1923336
16717,1923338
16718,1923340
16719,1923342
16720,1923343
16721,1923344
16722,1923345
16723,1923350
16724,1923351
16725,1923355
16726,1923356
16727,1923357
16728,1923365
16729,1923366
16730,1923367
16731,1923369
16732,1923370
16733,1923371
16734,1923372
16735,1923373
16736,1923374
16737,1923377
16738,1923378
16739,1923380
16740,1923381
16741,1923382
16742,1923383
16743,1923384
16744,1923385
16745,1923386
16746,1923387
16747,1923388
16748,1923389
16749,1923390
16750,1923392
16751,1923393
16752,1923394
16753,1923398
16754,1923399
16755,1923401
16756,1923403
16757,1923404
16758,1923405
16759,1923406
16760,1923407
16761,1923408
16762,1923409
16763,1923414
16764,1923415
16765,1923416
16766,1923417
16767,1923418
16768,1923419
16769,1923420
16770,1923421
16771,1923422
16772,1923423
16773,1923425
16774,1923429
16775,1923430
16776,1923431
16777,1923433
16778,1923439
16779,1923440
16780,1923441
16781,1923442
16782,1923443
16783,1923444
16784,1923445
16785,1923446
16786,1923447
16787,1923448
16788,1923449
16789,1923450
16790,1923451
16791,1923452
16792,1923454
16793,1923455
16794,1923463
16795,1923464
16796,1923466
16797,1923467
16798,1923468
16799,1923469
16800,1923474
16801,1923475
16802,1923476
16803,1923477
16804,1923485
16805,1923486
16806,1923487
16807,1923488
16808,1923489
16809,1923493
16810,1923494
16811,1923495
16812,1923496
16813,1923501
16814,1923502
16815,1923507
16816,1923509
16817,1923529
16818,1923530
16819,1923531
16820,1923532
16821,1923533
16822,1923534
16823,1923535
16824,1923536
16825,1923537
16826,1923540
16827,1923541
16828,1923543
16829,1923545
16830,1923546
16831,1923547
16832,1923551
16833,1923553
16834,1923554
16835,1923555
16836,1923557
16837,1923558
16838,1923559
16839,1923561
16840,1923562
16841,1923563
16842,1923564
16843,1923565
16844,1923566
16845,1923578
16846,1923579
16847,1923580
16848,1923582
16849,1923593
16850,1923594
16851,1923595
16852,1923596
16853,1923597
16854,1923598
16855,1923599
16856,1923601
16857,1923602
16858,1923603
16859,1923605
16860,1923606
16861,1923607
16862,1923608
16863,1923609
16864,1923610
16865,1923611
16866,1923612
16867,1923613
16868,1923614
16869,1923615
16870,1923617
16871,1923618
16872,1923619
16873,1923621
16874,1923622
16875,1923625
16876,1923626
16877,1923627
16878,1923628
16879,1923629
16880,1923630
16881,1923631
16882,1923632
16883,1923633
16884,1923634
16885,1923635
16886,1923636
16887,1923637
16888,1923639
16889,1923640
16890,1923641
16891,1923642
16892,1923643
16893,1923644
16894,1923646
16895,1923649
16896,1923650
16897,1923651
16898,1923652
16899,1923653
16900,1923654
16901,1923655
16902,1923656
16903,1923657
16904,1923658
16905,1923659
16906,1923660
16907,1923662
16908,1923663
16909,1923664
16910,1923665
16911,1923667
16912,1923668
16913,1923669
16914,1923670
16915,1923671
16916,1923672
16917,1923673
16918,1923674
16919,1923675
16920,1923676
16921,1923677
16922,1923678
16923,1923679
16924,1923680
16925,1923682
16926,1923683
16927,1923684
16928,1923685
16929,1923687
16930,1923688
16931,1923689
16932,1923690
16933,1923691
16934,1923692
16935,1923693
16936,1923695
16937,1923696
16938,1923697
16939,1923698
16940,1923699
16941,1923702
16942,1923703
16943,1923704
16944,1923705
16945,1923706
16946,1923707
16947,1923709
16948,1923710
16949,1923713
16950,1923714
16951,1923715
16952,1923717
16953,1923721
16954,1923722
16955,1923723
16956,1923724
16957,1923725
16958,1923726
16959,1923727
16960,1923730
16961,1923732
16962,1923735
16963,1923738
16964,1923739
16965,1923740
16966,1923742
16967,1923743
16968,1923744
16969,1923745
16970,1923746
16971,1923748
16972,1923751
16973,1923752
16974,1923753
16975,1923754
16976,1923755
16977,1923756
16978,1923757
16979,1923758
16980,1923759
16981,1923760
16982,1923761
16983,1923764
16984,1923765
16985,1923768
16986,1923769
16987,1923770
16988,1923775
16989,1923778
16990,1923779
16991,1923780
16992,1923781
16993,1924285
16994,1924286
16995,1924287
16996,192452
16997,1924729
16998,1924730
16999,1924731
17000,1924732
17001,1924733
17002,1924734
17003,1925019
17004,1925152
17005,1925781
17006,1925782
17007,1926117
17008,1926498
17009,1926511
17010,1926881
17011,1926967
17012,1926968
17013,1926969
17014,1926996
17015,1926997
17016,1926998
17017,1928621
17018,1929030
17019,1929150
17020,1929963
17021,1929964
17022,1930269
17023,1930302
17024,1930304
17025,1930507
17026,1930508
17027,1930509
17028,1930510
17029,1930920
17030,193121
17031,193122
17032,1931369
17033,1931370
17034,1931371
17035,1932006
17036,1932118
17037,1932910
17038,1932912
17039,1932923
17040,1932926
17041,1932927
17042,1933176
17043,1933178
17044,1933180
17045,1933181
17046,1933185
17047,1933263
17048,1933903
17049,1933905
17050,1933906
17051,1933907
17052,1933908
17053,1933910
17054,1933912
17055,1934254
17056,1934322
17057,1935922
17058,1936269
17059,1936988
17060,1937789
17061,1937817
17062,1938656
17063,1939619
17064,1940570
17065,1941234
17066,1941236
17067,1941238
17068,194440
17069,194441
17070,194443
17071,1945560
17072,1945561
17073,1945562
17074,1945575
17075,1945582
17076,1945584
17077,1945585
17078,1945586
17079,1945588
17080,1945589
17081,1945739
17082,1945740
17083,1945850
17084,194699
17085,194802
17086,1949196
17087,1949197
17088,1949203
17089,194965
17090,194966
17091,195061
17092,195062
17093,1954248
17094,1954380
17095,1955054
17096,1955137
17097,1955153
17098,1955175
17099,1955196
17100,1955197
17101,1955198
17102,1955199
17103,1955493
17104,1958777
17105,1958778
17106,1958784
17107,1958785
17108,1958786
17109,1958957
17110,1959843
17111,1959844
17112,1959848
17113,1959930
17114,1960046
17115,1960084
17116,1960710
17117,1961665
17118,1961666
17119,1961679
17120,1961680
17121,1961681
17122,1961682
17123,1961683
17124,1961783
17125,1961784
17126,1961785
17127,1961786
17128,1961787
17129,1962264
17130,1962301
17131,1962302
17132,1963247
17133,1963256
17134,1963260
17135,196398
17136,196400
17137,196403
17138,1964370
17139,1964372
17140,1964806
17141,1965018
17142,1965074
17143,1965089
17144,1965225
17145,1965238
17146,1965306
17147,1965312
17148,1965355
17149,1965376
17150,1965378
17151,1965379
17152,1965380
17153,1965382
17154,1965383
17155,1965385
17156,196690
17157,196691
17158,1967296
17159,1967781
17160,1969351
17161,1969397
17162,1969400
17163,1969830
17164,1971410
17165,1971411
17166,1971414
17167,1971417
17168,1971418
17169,1971419
17170,1971421
17171,1971423
17172,1971424
17173,1971425
17174,1971427
17175,1971429
17176,1971430
17177,1971431
17178,1971432
17179,1971436
17180,1971439
17181,1971443
17182,1971445
17183,1972431
17184,1972565
17185,1972566
17186,1972567
17187,1972568
17188,1972569
17189,1972570
17190,1972571
17191,1972572
17192,1972573
17193,1972574
17194,1972575
17195,1972577
17196,1972578
17197,1972580
17198,1972581
17199,1972584
17200,1972586
17201,1972587
17202,1972588
17203,1972589
17204,1972592
17205,1972593
17206,1972594
17207,1972595
17208,1972596
17209,1972597
17210,1972611
17211,1972612
17212,1972613
17213,1972614
17214,1972615
17215,1972616
17216,1972617
17217,1972618
17218,1972619
17219,1972620
17220,1972621
17221,1972622
17222,1972623
17223,1972624
17224,1972625
17225,1972626
17226,1972637
17227,1972639
17228,1972683
17229,1972684
17230,1972685
17231,1972686
17232,1972687
17233,1972700
17234,1972716
17235,1972994
17236,1977075
17237,1977105
17238,1977142
17239,1977143
17240,1977297
17241,1977298
17242,1977299
17243,1977304
17244,1977307
17245,1977392
17246,1977411
17247,1977412
17248,1977566
17249,197771
17250,197772
17251,1978413
17252,1978533
17253,1978534
17254,1978535
17255,1978536
17256,1978537
17257,1978538
17258,1978539
17259,1978540
17260,1978541
17261,1978542
17262,1978543
17263,1978545
17264,1978546
17265,1979541
17266,1979848
17267,1980160
17268,1980419
17269,1980425
17270,1980426
17271,1980428
17272,1980429
17273,1980430
17274,1980431
17275,1980433
17276,1980442
17277,1980456
17278,1980457
17279,1980458
17280,1980517
17281,1980538
17282,1980540
17283,1980541
17284,1980625
17285,1980631
17286,1980633
17287,1980915
17288,1980916
17289,1980917
17290,1980918
17291,1980928
17292,1980930
17293,1980938
17294,1980941
17295,1980943
17296,1980945
17297,1980946
17298,1980949
17299,1980955
17300,1980956
17301,1980957
17302,1980958
17303,1980959
17304,1980960
17305,1980962
17306,1980964
17307,1980966
17308,1981020
17309,1981023
17310,1981027
17311,1981032
17312,1981041
17313,1981042
17314,1981043
17315,1981162
17316,1981166
17317,1981167
17318,1981916
17319,1981932
17320,1981933
17321,1982079
17322,1982081
17323,1982082
17324,1982085
17325,1982087
17326,1982089
17327,1982099
17328,1982100
17329,1982106
17330,1982152
17331,1982154
17332,1982227
17333,1982245
17334,1982246
17335,1982247
17336,1982248
17337,1982260
17338,1982263
17339,1982269
17340,1982272
17341,1982302
17342,1982360
17343,1982364
17344,1982367
17345,1982369
17346,1982371
17347,1982372
17348,1982376
17349,1982377
17350,1982378
17351,1982379
17352,1982380
17353,1982381
17354,1982556
17355,1982565
17356,1982566
17357,1982574
17358,1982575
17359,1982576
17360,1982583
17361,1982584
17362,1982585
17363,1982588
17364,1982594
17365,1982660
17366,1982675
17367,1982756
17368,1982884
17369,1982885
17370,1982926
17371,1982928
17372,1982929
17373,1983535
17374,1983561
17375,1983562
17376,1983563
17377,1983564
17378,1983569
17379,1983578
17380,1983579
17381,1983581
17382,1983739
17383,1983741
17384,1983771
17385,1984773
17386,1984774
17387,1984775
17388,1984779
17389,1984780
17390,1984785
17391,1984788
17392,1984789
17393,1984790
17394,1984796
17395,1984798
17396,1984799
17397,1984800
17398,1985159
17399,1985175
17400,1985176
17401,1985178
17402,1985179
17403,1985180
17404,1985181
17405,1985182
17406,1985284
17407,1985290
17408,1985291
17409,1985293
17410,1985303
17411,1985304
17412,1985305
17413,1985307
17414,1985308
17415,1985309
17416,1985310
17417,1985326
17418,1985327
17419,1985329
17420,1985336
17421,1985337
17422,1985338
17423,1985339
17424,1985340
17425,1985341
17426,1985353
17427,1985354
17428,1985365
17429,1985366
17430,1985368
17431,1985688
17432,1985689
17433,1985691
17434,1985693
17435,1985694
17436,1985695
17437,1985696
17438,1985697
17439,1985698
17440,1985699
17441,1985702
17442,1985703
17443,1985704
17444,1985706
17445,1985708
17446,1985710
17447,1985711
17448,1985712
17449,1985713
17450,1985714
17451,1985715
17452,1985716
17453,1985717
17454,1985718
17455,1985722
17456,1985723
17457,1985725
17458,1985726
17459,1985732
17460,1985734
17461,1985738
17462,1985739
17463,198589
17464,1985968
17465,1985982
17466,198599
17467,1986015
17468,1986017
17469,1986020
17470,1986021
17471,1986023
17472,1986024
17473,1986027
17474,1986029
17475,1986034
17476,1986112
17477,1986113
17478,1986350
17479,1986950
17480,1986958
17481,1986960
17482,1987013
17483,1987017
17484,1987018
17485,1987123
17486,1987124
17487,1987125
17488,1987126
17489,1987127
17490,1987128
17491,1987129
17492,1987130
17493,1987146
17494,1987148
17495,1987149
17496,1987150
17497,1987152
17498,1987153
17499,1987154
17500,1987155
17501,1987156
17502,1987157
17503,1987158
17504,1987360
17505,1987403
17506,1987500
17507,1987727
17508,1987728
17509,1987938
17510,1987942
17511,1987987
17512,1987988
17513,1987989
17514,1987993
17515,198929
17516,1993630
17517,1993631
17518,1993639
17519,1993647
17520,1993649
17521,1993651
17522,1993652
17523,1993860
17524,1993861
17525,1993864
17526,1993871
17527,1993873
17528,1993876
17529,1993882
17530,1993883
17531,1993884
17532,1993886
17533,1993888
17534,1993907
17535,199587
17536,2003120
17537,2003327
17538,2003391
17539,2003398
17540,2003498
17541,2003499
17542,2003506
17543,2003649
17544,2003650
17545,2003651
17546,2003652
17547,2003672
17548,2003673
17549,2003678
17550,2003680
17551,2004415
17552,2004457
17553,2004460
17554,2005044
17555,2005463
17556,2005469
17557,2005509
17558,2005525
17559,2005691
17560,2005693
17561,2005694
17562,2005695
17563,2005696
17564,2005700
17565,2005701
17566,2005702
17567,2006135
17568,2006158
17569,2006170
17570,2006172
17571,2006175
17572,2006177
17573,2006178
17574,2006179
17575,2006180
17576,2006394
17577,2006498
17578,2006642
17579,200667
17580,2006928
17581,2007196
17582,2009331
17583,2010268
17584,2010269
17585,2010275
17586,2010278
17587,2010279
17588,2010280
17589,2010281
17590,2010316
17591,2010317
17592,2010319
17593,2010321
17594,2010323
17595,2010326
17596,2010327
17597,2010331
17598,2010333
17599,2011073
17600,2011075
17601,2011077
17602,2011078
17603,2011081
17604,2011082
17605,2012856
17606,2012857
17607,2013564
17608,2013968
17609,2014347
17610,2014434
17611,2014542
17612,201490
17613,2015372
17614,2015374
17615,2015375
17616,2015376
17617,2015816
17618,2015864
17619,2016034
17620,2016426
17621,2016427
17622,2016448
17623,2016456
17624,2016457
17625,2016460
17626,2016461
17627,2016467
17628,2016468
17629,2016517
17630,2017081
17631,2017082
17632,2017083
17633,2017714
17634,2017716
17635,2018312
17636,2018313
17637,201847
17638,2018471
17639,2018500
17640,2018501
17641,2018502
17642,2018503
17643,2018564
17644,201862
17645,2018685
17646,2019445
17647,2020286
17648,2020287
17649,2020881
17650,2021212
17651,2021666
17652,2021667
17653,2021738
17654,2022475
17655,2022656
17656,2022738
17657,2022739
17658,2023155
17659,2024274
17660,2024275
17661,2024277
17662,2024279
17663,2024526
17664,2024611
17665,202462
17666,2024724
17667,2024975
17668,2025079
17669,2025333
17670,2025338
17671,2025339
17672,2025360
17673,2025388
17674,2025396
17675,2025397
17676,2025398
17677,2025595
17678,202568
17679,2026189
17680,2026195
17681,2026248
17682,2026601
17683,2027243
17684,2027645
17685,2029293
17686,2029303
17687,2029304
17688,2029305
17689,2029306
17690,2029771
17691,2030126
17692,2030909
17693,2030954
17694,2030964
17695,2031165
17696,2031166
17697,2031200
17698,203168
17699,2032563
17700,2032573
17701,2032989
17702,2034156
17703,2034157
17704,2034996
17705,2035708
17706,2038470
17707,2038729
17708,2039267
17709,204050
17710,2040624
17711,2040655
17712,2040656
17713,2040657
17714,2040658
17715,2040659
17716,2040662
17717,2040663
17718,204090
17719,2041350
17720,2041419
17721,2041496
17722,2041504
17723,2041505
17724,2041859
17725,2042206
17726,2043550
17727,2045011
17728,2045186
17729,2045345
17730,2045373
17731,2045504
17732,2047761
17733,2047765
17734,2047786
17735,2047832
17736,204873
17737,204933
17738,2049444
17739,204987
17740,2049887
17741,2049888
17742,2049892
17743,2049893
17744,2049933
17745,2049935
17746,2049937
17747,2049938
17748,2050018
17749,2050019
17750,2050020
17751,2050021
17752,2050037
17753,2050039
17754,2050971
17755,2050976
17756,2052157
17757,2052561
17758,2052563
17759,2053079
17760,2053080
17761,2053697
17762,2054611
17763,2054916
17764,2054920
17765,2055262
17766,2055263
17767,2056161
17768,2056194
17769,2056385
17770,2056780
17771,2056878
17772,2056880
17773,2056881
17774,2056882
17775,2056886
17776,2057198
17777,2057942
17778,2058093
17779,2058097
17780,2058174
17781,2058298
17782,2058316
17783,2058317
17784,2058318
17785,2058320
17786,2058322
17787,2058328
17788,2058330
17789,2058396
17790,2058620
17791,2058884
17792,205895
17793,205896
17794,205899
17795,205908
17796,205910
17797,2059380
17798,2059867
17799,2060093
17800,2060112
17801,2060142
17802,2060511
17803,2060778
17804,206392
17805,2065033
17806,2065202
17807,2065211
17808,2069319
17809,2069320
17810,2069321
17811,2069322
17812,2069323
17813,2069325
17814,2069326
17815,2069327
17816,2069608
17817,2069609
17818,2070152
17819,2070759
17820,207240
17821,2072410
17822,2073044
17823,207343
17824,2074132
17825,2077147
17826,2077299
17827,2077300
17828,2077302
17829,2077303
17830,2077304
17831,2077305
17832,2077306
17833,2077307
17834,207809
17835,2079148
17836,2079458
17837,2079465
17838,2079554
17839,2080107
17840,2080759
17841,2080823
17842,2081631
17843,208215
17844,2082585
17845,2082586
17846,2082658
17847,2083181
17848,2083182
17849,2083199
17850,2083207
17851,2083275
17852,2083444
17853,2083445
17854,209052
17855,2093224
17856,2093273
17857,2093274
17858,2093276
17859,2093496
17860,2093789
17861,2093834
17862,2094187
17863,2094259
17864,2094260
17865,2094261
17866,2094282
17867,2094713
17868,2094720
17869,2094736
17870,2099352
17871,2099521
17872,2099567
17873,2100421
17874,2100760
17875,2108109
17876,2108111
17877,2108200
17878,2108201
17879,2108204
17880,2108205
17881,210827
17882,2108549
17883,2108552
17884,2109380
17885,2109686
17886,211595
17887,2116174
17888,2116176
17889,2116179
17890,2116182
17891,2116189
17892,2116195
17893,2116197
17894,2116198
17895,2116201
17896,2116202
17897,2116207
17898,2116210
17899,2116599
17900,2116702
17901,2116706
17902,211977
17903,2122733
17904,2126099
17905,213034
17906,2136037
17907,2136038
17908,213633
17909,2137352
17910,2137353
17911,2137354
17912,2137541
17913,2137542
17914,2137544
17915,2137546
17916,213769
17917,213775
17918,2137858
17919,2138326
17920,2144
17921,2144178
17922,214439
17923,215167
17924,2152567
17925,2152923
17926,2155
17927,2159
17928,2161803
17929,2161807
17930,2161809
17931,2161875
17932,2161876
17933,2161878
17934,2162637
17935,2162642
17936,2163422
17937,216371
17938,2163965
17939,2164061
17940,2164100
17941,216614
17942,2169532
17943,2169571
17944,2169607
17945,2169621
17946,2169622
17947,2169623
17948,2169624
17949,2169625
17950,2169643
17951,2169647
17952,2169663
17953,2169666
17954,2169668
17955,2169669
17956,2169685
17957,2169686
17958,2169687
17959,2169688
17960,2169690
17961,2169692
17962,2169693
17963,2169699
17964,2169700
17965,2169701
17966,2169704
17967,2169706
17968,2169721
17969,2169723
17970,2169725
17971,2169734
17972,2169735
17973,2169738
17974,2169739
17975,2169740
17976,2169741
17977,2169742
17978,2169744
17979,2169747
17980,2169757
17981,2169760
17982,2169775
17983,2169798
17984,2169801
17985,2169802
17986,2169803
17987,2169807
17988,2169808
17989,2169809
17990,2169810
17991,2169814
17992,2169825
17993,2169829
17994,2169834
17995,2169843
17996,2169853
17997,2169854
17998,2169857
17999,2169859
18000,2169860
18001,2169861
18002,2169864
18003,2169865
18004,2169866
18005,2169867
18006,2169868
18007,2169876
18008,2169877
18009,2169878
18010,2169879
18011,2169880
18012,2169881
18013,2169884
18014,2169885
18015,2169886
18016,2169893
18017,2169894
18018,2169902
18019,2169904
18020,2169905
18021,2169918
18022,2169919
18023,2169920
18024,2169922
18025,2169923
18026,2169925
18027,2169926
18028,2169927
18029,2169936
18030,2169937
18031,2169960
18032,2169961
18033,2169965
18034,2169966
18035,2169970
18036,2169971
18037,2169974
18038,2169975
18039,2169976
18040,2169978
18041,2169979
18042,2169980
18043,2169981
18044,2169991
18045,2170000
18046,2170001
18047,2170004
18048,2170005
18049,2170007
18050,2170008
18051,2170030
18052,2170041
18053,2170044
18054,2170045
18055,2170046
18056,2170047
18057,2170049
18058,2170050
18059,2170052
18060,2170053
18061,2170061
18062,2170064
18063,2170098
18064,2170100
18065,2170103
18066,2170105
18067,2170106
18068,2170108
18069,2170109
18070,2170110
18071,2170114
18072,2170115
18073,2170119
18074,2170121
18075,2170124
18076,2170126
18077,2170132
18078,2170135
18079,2170170
18080,2170172
18081,2170173
18082,2170191
18083,2170193
18084,2170194
18085,2170195
18086,2170197
18087,2170198
18088,2170199
18089,2170200
18090,2170201
18091,2170203
18092,2170204
18093,2170206
18094,2170215
18095,2170216
18096,2170217
18097,2170222
18098,2170224
18099,2170233
18100,2170234
18101,2170235
18102,2170237
18103,2170240
18104,2170246
18105,2170247
18106,2170248
18107,2170250
18108,2170251
18109,2170255
18110,2170256
18111,2170403
18112,2170408
18113,2170423
18114,2172548
18115,2174902
18116,2174956
18117,2175117
18118,2175118
18119,217615
18120,217686
18121,218111
18122,2182585
18123,2183
18124,2184
18125,2184051
18126,2184399
18127,2185086
18128,2185281
18129,218667
18130,218849
18131,218923
18132,219174
18133,219299
18134,219584
18135,219596
18136,219744
18137,2200716
18138,2200830
18139,2200955
18140,2201042
18141,2202225
18142,2202565
18143,2202647
18144,220340
18145,2204155
18146,220608
18147,220812
18148,221036
18149,221054
18150,2211641
18151,2212477
18152,221262
18153,2213167
18154,2213168
18155,2217825
18156,2217830
18157,2218594
18158,2218617
18159,2218619
18160,2219118
18161,2219120
18162,2219133
18163,2219134
18164,2219137
18165,2219138
18166,2219139
18167,2219141
18168,2219143
18169,2219217
18170,2220
18171,2220002
18172,222079
18173,222450
18174,222474
18175,2225
18176,222557
18177,222645
18178,2231056
18179,2231334
18180,2231706
18181,223252
18182,223260
18183,223264
18184,223282
18185,223284
18186,223287
18187,2233
18188,223301
18189,223303
18190,223305
18191,223307
18192,223308
18193,223313
18194,223314
18195,223316
18196,223317
18197,223321
18198,223323
18199,223324
18200,223332
18201,223337
18202,223342
18203,223344
18204,223345
18205,223346
18206,223347
18207,223352
18208,223356
18209,223358
18210,2234086
18211,223901
18212,224578
18213,2250219
18214,2250368
18215,2250389
18216,2250412
18217,2250414
18218,2250452
18219,2250469
18220,2259335
18221,2259792
18222,226584
18223,226613
18224,2267265
18225,2268
18226,2268125
18227,2268743
18228,2270
18229,2273
18230,227470
18231,227507
18232,2282173
18233,2282206
18234,2282485
18235,2282642
18236,2282643
18237,2282644
18238,2282645
18239,2282646
18240,2283027
18241,2283028
18242,2283236
18243,2283388
18244,2283800
18245,2284
18246,228578
18247,228582
18248,228897
18249,229030
18250,2292642
18251,2292651
18252,2293277
18253,2293280
18254,2293285
18255,2293289
18256,2293290
18257,2293291
18258,2293292
18259,2293294
18260,2293295
18261,2293296
18262,2293298
18263,2293300
18264,2293304
18265,2293305
18266,2293309
18267,2293310
18268,2293720
18269,2294149
18270,2294150
18271,2294151
18272,2294152
18273,2294156
18274,230158
18275,2301635
18276,2301693
18277,2301720
18278,2301721
18279,2301722
18280,2301732
18281,2303160
18282,2303411
18283,2304056
18284,2304463
18285,2304477
18286,2304480
18287,2304505
18288,2304510
18289,2304516
18290,2304617
18291,2304618
18292,2304619
18293,2304620
18294,2304647
18295,2305250
18296,2305257
18297,2305465
18298,2306623
18299,2306727
18300,2306813
18301,230871
18302,231374
18303,2315478
18304,2315627
18305,2315724
18306,2315806
18307,2315807
18308,2315809
18309,2315813
18310,2316
18311,2316740
18312,2320184
18313,2320522
18314,2320870
18315,2321115
18316,2321187
18317,232237
18318,232380
18319,232800
18320,233051
18321,233894
18322,2340808
18323,235201
18324,235266
18325,2358449
18326,2364201
18327,2364202
18328,2364281
18329,2364291
18330,2364645
18331,2364646
18332,2365005
18333,2365010
18334,2365012
18335,2365015
18336,2365016
18337,2365017
18338,2365021
18339,2365026
18340,2365027
18341,2365028
18342,2365030
18343,2365031
18344,2365032
18345,2365037
18346,2365038
18347,2365039
18348,2365041
18349,2365042
18350,2365043
18351,2365044
18352,2365045
18353,2365048
18354,2365051
18355,2365055
18356,2365056
18357,237020
18358,237716
18359,2382122
18360,239
18361,239365
18362,240865
18363,241651
18364,2419619
18365,2419628
18366,2419631
18367,2419632
18368,2419635
18369,2419636
18370,2419638
18371,2419640
18372,2419649
18373,2419660
18374,2419666
18375,2419667
18376,2419747
18377,2419748
18378,2419804
18379,2419805
18380,2419940
18381,2420
18382,2420300
18383,2420301
18384,2420305
18385,2420308
18386,2420309
18387,243550
18388,243563
18389,244050
18390,2448811
18391,245685
18392,246144
18393,246280
18394,2468
18395,2474
18396,2479372
18397,2480172
18398,2480175
18399,2480177
18400,2480178
18401,2480179
18402,2480188
18403,2480193
18404,2483307
18405,2483609
18406,2483878
18407,2486070
18408,2486281
18409,2486665
18410,2488595
18411,2488596
18412,2490633
18413,2490812
18414,2490813
18415,2490814
18416,2490815
18417,2490816
18418,2490817
18419,2491019
18420,2491323
18421,249184
18422,2492447
18423,2492466
18424,2492468
18425,2493107
18426,2493108
18427,2493109
18428,2494552
18429,2495532
18430,249583
18431,249584
18432,2496634
18433,2497644
18434,2499159
18435,2499242
18436,2499618
18437,2499621
18438,2499622
18439,2499625
18440,2499677
18441,2499678
18442,2499680
18443,2499685
18444,2499930
18445,2499932
18446,2500166
18447,2500542
18448,2500543
18449,2500560
18450,2501271
18451,2501272
18452,2501923
18453,2501925
18454,2501926
18455,2501927
18456,2501928
18457,2501929
18458,2501933
18459,2501934
18460,2501935
18461,2501936
18462,2501937
18463,2501938
18464,2501942
18465,2501944
18466,2501945
18467,2501946
18468,2501947
18469,2501950
18470,2501954
18471,2501955
18472,2501956
18473,2501957
18474,2501958
18475,2501960
18476,2501961
18477,2501962
18478,2501964
18479,2501965
18480,2501969
18481,2501999
18482,2502000
18483,2507301
18484,2507303
18485,2507320
18486,2507498
18487,2507499
18488,2507500
18489,2507501
18490,2507502
18491,2507503
18492,2507504
18493,2507505
18494,2507689
18495,2508185
18496,2508186
18497,2508187
18498,2508203
18499,2508226
18500,2508233
18501,2508235
18502,2508251
18503,2508252
18504,2508254
18505,2508255
18506,2508259
18507,2509152
18508,2509266
18509,2509286
18510,2509379
18511,2509381
18512,2509382
18513,2509383
18514,2509395
18515,2509576
18516,2509664
18517,2509728
18518,2509729
18519,2509750
18520,2509781
18521,2510428
18522,2510494
18523,251535
18524,2517212
18525,2518008
18526,2528965
18527,2530028
18528,2530161
18529,253629
18530,253700
18531,253701
18532,253702
18533,2544873
18534,2544984
18535,2546034
18536,2547312
18537,2547964
18538,255066
18539,255238
18540,255248
18541,255255
18542,2557875
18543,2557970
18544,2558055
18545,2558066
18546,2558458
18547,2560065
18548,2560092
18549,2560099
18550,2560102
18551,2560124
18552,2560128
18553,2560131
18554,2560133
18555,2560141
18556,2560144
18557,2560145
18558,2560149
18559,2560156
18560,2560160
18561,2560172
18562,2560176
18563,2560189
18564,2560196
18565,2560210
18566,2560226
18567,2560238
18568,2560245
18569,2560248
18570,2560255
18571,2560259
18572,2560260
18573,2560262
18574,2560263
18575,2560264
18576,2560266
18577,2560267
18578,2560268
18579,2560269
18580,2560272
18581,2560273
18582,2560274
18583,2560275
18584,2560276
18585,2560279
18586,2560280
18587,2560281
18588,2560282
18589,2560284
18590,2560285
18591,2560286
18592,2560287
18593,2560288
18594,2560289
18595,2560290
18596,2560291
18597,2560292
18598,2560293
18599,2560294
18600,2560296
18601,2560299
18602,2560304
18603,2560308
18604,2560309
18605,2560329
18606,2560330
18607,2560331
18608,2560332
18609,2560333
18610,2560334
18611,2560336
18612,2560337
18613,2560340
18614,2560343
18615,2560350
18616,2560353
18617,2560354
18618,2560355
18619,2560356
18620,2560358
18621,2560366
18622,2560367
18623,2560370
18624,2560376
18625,2560377
18626,2560379
18627,2560381
18628,2560383
18629,2560384
18630,2560386
18631,2560389
18632,2560390
18633,2560398
18634,2560399
18635,2560405
18636,2560409
18637,2560414
18638,2560415
18639,2560416
18640,2560417
18641,2560418
18642,2560419
18643,2560420
18644,2560421
18645,2560422
18646,2560423
18647,2560424
18648,2560425
18649,2560426
18650,2560427
18651,2560428
18652,2560429
18653,2560430
18654,2560432
18655,2560433
18656,2560436
18657,2560437
18658,2560438
18659,2560439
18660,2560442
18661,2560443
18662,2560444
18663,2560445
18664,2560446
18665,2560447
18666,2560448
18667,2560449
18668,2560451
18669,2560452
18670,2560453
18671,2560454
18672,2560456
18673,2560460
18674,2560462
18675,2560463
18676,2560464
18677,2560466
18678,2560469
18679,2560470
18680,2560471
18681,2560472
18682,2560473
18683,2560474
18684,2560475
18685,2560476
18686,2560479
18687,2560482
18688,2560486
18689,2560510
18690,2560515
18691,2560530
18692,2560531
18693,2560534
18694,2560535
18695,2560539
18696,2560540
18697,2560542
18698,2560543
18699,2560544
18700,2560548
18701,2560551
18702,2560552
18703,2560553
18704,2560554
18705,2560555
18706,2560557
18707,2560560
18708,2560561
18709,2560574
18710,2560578
18711,2560579
18712,2560589
18713,2560597
18714,2560598
18715,2560604
18716,2560606
18717,2560612
18718,2560615
18719,2560618
18720,2560619
18721,2560620
18722,2560621
18723,2560622
18724,2560623
18725,2560629
18726,2560630
18727,2560632
18728,2560633
18729,2560634
18730,2560636
18731,2560640
18732,2560644
18733,2560648
18734,2560649
18735,2560652
18736,2560653
18737,2560654
18738,2560656
18739,2560660
18740,2560661
18741,2560662
18742,2560664
18743,2560666
18744,2560668
18745,2560669
18746,2560670
18747,2560672
18748,2560673
18749,2560674
18750,2560676
18751,2560677
18752,2560678
18753,2560680
18754,2560682
18755,2560684
18756,2560687
18757,2560690
18758,2560692
18759,2560695
18760,2560699
18761,2560701
18762,2560702
18763,2560704
18764,2560706
18765,2560720
18766,2560723
18767,2560724
18768,2560725
18769,2560727
18770,2560728
18771,2560731
18772,2560732
18773,2560733
18774,2560734
18775,2560735
18776,2560736
18777,2560738
18778,2560739
18779,2560740
18780,2560744
18781,2560745
18782,2560747
18783,2560748
18784,2560753
18785,2560755
18786,2560756
18787,2560757
18788,2560758
18789,2560759
18790,2560760
18791,2560761
18792,2560763
18793,2560765
18794,2560774
18795,2560775
18796,2560781
18797,2560786
18798,2560787
18799,2560788
18800,2560789
18801,2560804
18802,2560809
18803,2560811
18804,2560812
18805,2560814
18806,2560822
18807,2560829
18808,2560831
18809,2560835
18810,2560836
18811,2560839
18812,2560842
18813,2560843
18814,2560845
18815,2562181
18816,2562518
18817,2562807
18818,256325
18819,2563665
18820,2563666
18821,2563667
18822,2563670
18823,2563671
18824,2565557
18825,2565560
18826,2565561
18827,2569569
18828,2571
18829,2571156
18830,2571287
18831,2572050
18832,2572065
18833,2572069
18834,2572074
18835,2572082
18836,2572083
18837,2572084
18838,2572085
18839,257277
18840,2575
18841,2575328
18842,2575357
18843,2575832
18844,2576356
18845,2576406
18846,2576606
18847,2576759
18848,2576762
18849,2576763
18850,2576871
18851,2578110
18852,2578115
18853,257816
18854,2580409
18855,2582827
18856,2583590
18857,2583593
18858,2585772
18859,2586199
18860,2586645
18861,2587225
18862,2587564
18863,2587565
18864,2587859
18865,2587860
18866,2587863
18867,2587864
18868,2587866
18869,2587867
18870,2587869
18871,2588096
18872,2588133
18873,2589659
18874,2589991
18875,2589992
18876,2590931
18877,2591025
18878,2591069
18879,2591110
18880,2591121
18881,2591209
18882,2591635
18883,2591696
18884,2592163
18885,2592216
18886,2593322
18887,2593324
18888,2593327
18889,2593331
18890,2593656
18891,2593922
18892,2593930
18893,2594494
18894,2596709
18895,2596714
18896,2596827
18897,2596881
18898,2596882
18899,2596883
18900,2596899
18901,2596902
18902,2597809
18903,259901
18904,2599343
18905,2599622
18906,2600160
18907,2600161
18908,2600347
18909,260121
18910,2601256
18911,2601269
18912,260149
18913,2601608
18914,2601630
18915,2601652
18916,2603244
18917,2603245
18918,2603260
18919,2603296
18920,2603316
18921,2603322
18922,2603436
18923,260374
18924,260375
18925,260378
18926,260379
18927,2603849
18928,2604334
18929,2606911
18930,2608085
18931,2608254
18932,2608320
18933,2608606
18934,2608978
18935,2609058
18936,260908
18937,260909
18938,260915
18939,260917
18940,2609813
18941,2613793
18942,261827
18943,262078
18944,262588
18945,262968
18946,263001
18947,263004
18948,263437
18949,263793
18950,2651595
18951,2652411
18952,2653507
18953,2653508
18954,2653660
18955,2653709
18956,2654280
18957,2654843
18958,2655
18959,2656740
18960,265877
18961,2660749
18962,2660750
18963,2660760
18964,2661587
18965,2661817
18966,2661921
18967,2662136
18968,2662277
18969,2662283
18970,2663020
18971,2663234
18972,2664131
18973,2664236
18974,2664558
18975,2664939
18976,2664940
18977,2664941
18978,2664942
18979,2666132
18980,266799
18981,2672571
18982,267285
18983,2674975
18984,2675773
18985,2675774
18986,2675777
18987,2675780
18988,2675782
18989,2675786
18990,2675788
18991,2675789
18992,2675797
18993,2676436
18994,2678528
18995,267970
18996,2679995
18997,2681265
18998,2681674
18999,2682577
19000,2683043
19001,2683823
19002,2686202
19003,2686238
19004,2686301
19005,2686305
19006,2686364
19007,268748
19008,2689370
19009,269145
19010,269213
19011,269277
19012,2696355
19013,2696356
19014,2696386
19015,2696411
19016,2696416
19017,2696442
19018,2696462
19019,2698923
19020,2699468
19021,270117
19022,270146
19023,2703869
19024,2704172
19025,270478
19026,2705123
19027,2706523
19028,270673
19029,2708110
19030,2708350
19031,2709781
19032,2711179
19033,2711183
19034,2711185
19035,2712025
19036,271257
19037,2712833
19038,2712846
19039,2712941
19040,2712957
19041,2712970
19042,2712971
19043,2712977
19044,2713208
19045,2713224
19046,2713258
19047,2713269
19048,2713283
19049,2713289
19050,2713293
19051,2713302
19052,2713312
19053,2713320
19054,2713326
19055,2714177
19056,2715094
19057,2715962
19058,2719198
19059,2720886
19060,272136
19061,2721748
19062,2721749
19063,2723896
19064,2724322
19065,2725417
19066,272636
19067,272751
19068,2730579
19069,2730845
19070,2730846
19071,2730849
19072,2730854
19073,2730914
19074,2731621
19075,2731624
19076,2731625
19077,2731643
19078,2731674
19079,2731677
19080,2731691
19081,2731928
19082,2731937
19083,2731941
19084,2731958
19085,2731966
19086,2731981
19087,2731985
19088,2731989
19089,2732019
19090,2732020
19091,2732021
19092,2732022
19093,2732023
19094,2732028
19095,2732029
19096,2732031
19097,2732033
19098,2732035
19099,2732038
19100,2732062
19101,2732068
19102,2732254
19103,2732554
19104,2732555
19105,2732589
19106,2732592
19107,2732595
19108,2732596
19109,2732597
19110,2732598
19111,2732599
19112,2732600
19113,2732601
19114,2732603
19115,2732604
19116,2732605
19117,2732655
19118,2732675
19119,2732677
19120,2732679
19121,2732688
19122,2732689
19123,2732693
19124,2732697
19125,2732698
19126,2732699
19127,2732700
19128,2732701
19129,2732704
19130,2732705
19131,2732708
19132,2732709
19133,2732712
19134,2732713
19135,2732714
19136,2732762
19137,2732764
19138,2732775
19139,2732776
19140,2732777
19141,2732778
19142,2732779
19143,2732780
19144,2732781
19145,2732782
19146,2732783
19147,2732784
19148,2732786
19149,2732788
19150,2732789
19151,2732892
19152,2732912
19153,2732913
19154,2732916
19155,2732917
19156,2732918
19157,2732921
19158,2732926
19159,2732930
19160,2732932
19161,2732939
19162,2732960
19163,2732962
19164,2732963
19165,2732964
19166,2732965
19167,2732968
19168,2732969
19169,2732972
19170,2733095
19171,2733098
19172,2733099
19173,2733104
19174,2733112
19175,2733122
19176,2733124
19177,2733127
19178,2733130
19179,2733139
19180,2733141
19181,2733142
19182,2733146
19183,2733150
19184,2733160
19185,2733161
19186,2733162
19187,2733167
19188,2733174
19189,2733175
19190,2733203
19191,2733205
19192,2733216
19193,2733297
19194,2733315
19195,2733316
19196,2733317
19197,2733318
19198,2733319
19199,2733320
19200,2733322
19201,2733325
19202,2733326
19203,2733327
19204,2733328
19205,2733335
19206,2733336
19207,2733337
19208,2733338
19209,2733339
19210,2733340
19211,2733342
19212,2733343
19213,2733345
19214,2733348
19215,2733349
19216,2733355
19217,2733356
19218,2733357
19219,2733359
19220,2733360
19221,2733362
19222,2733372
19223,2733373
19224,2733374
19225,2733375
19226,2733376
19227,2733574
19228,2733575
19229,2733576
19230,2733577
19231,2733579
19232,2733583
19233,2733585
19234,2733586
19235,2733587
19236,2733597
19237,2733598
19238,2733599
19239,2733600
19240,2733604
19241,2733605
19242,2733606
19243,2733608
19244,2733609
19245,2733611
19246,2733612
19247,2733614
19248,2733616
19249,2733620
19250,2733621
19251,2733622
19252,2733625
19253,2733627
19254,2733628
19255,2733630
19256,2733631
19257,2733632
19258,2733633
19259,2733634
19260,2733635
19261,2733636
19262,2733637
19263,2733638
19264,2733641
19265,2733642
19266,2733644
19267,2733645
19268,2733646
19269,2733647
19270,2733648
19271,2733649
19272,2733651
19273,2733652
19274,2733653
19275,2733654
19276,2733656
19277,2733658
19278,2733663
19279,2733664
19280,2733665
19281,2733666
19282,2733668
19283,2733669
19284,2733670
19285,2733671
19286,2733672
19287,2733673
19288,2733674
19289,2733675
19290,2733676
19291,2733677
19292,2733678
19293,2733679
19294,2733680
19295,2733681
19296,2733682
19297,2733683
19298,2733684
19299,2733685
19300,2733870
19301,2733871
19302,2733872
19303,2733873
19304,2733874
19305,2733876
19306,2733877
19307,2733878
19308,2733879
19309,2733880
19310,2733881
19311,2733882
19312,2733884
19313,2733885
19314,2733887
19315,2733889
19316,2733891
19317,2733897
19318,2733899
19319,2733900
19320,2733901
19321,2733902
19322,2733903
19323,2733905
19324,2733906
19325,2733907
19326,2733916
19327,2733917
19328,2733919
19329,2733921
19330,2733923
19331,2733924
19332,2733929
19333,2733930
19334,2733931
19335,2733933
19336,2733934
19337,2733935
19338,2733936
19339,2733940
19340,2733943
19341,2733944
19342,2733948
19343,2733949
19344,2733953
19345,2733955
19346,2733957
19347,2733960
19348,2733961
19349,2733962
19350,2733963
19351,2733964
19352,2733966
19353,2733967
19354,2733968
19355,2733969
19356,2733970
19357,2733971
19358,2733972
19359,2733973
19360,2733974
19361,2733976
19362,2733978
19363,2733981
19364,2733982
19365,2733983
19366,2733984
19367,2733985
19368,2733986
19369,2733987
19370,2733988
19371,2733989
19372,2733990
19373,2733991
19374,2733992
19375,2733993
19376,2733994
19377,2733995
19378,2733996
19379,2733997
19380,2733998
19381,2733999
19382,2734000
19383,2734001
19384,2734002
19385,2734003
19386,2734004
19387,2734005
19388,2734007
19389,2734008
19390,2734009
19391,2734010
19392,2734011
19393,2734012
19394,2734013
19395,2734014
19396,2734015
19397,2734016
19398,2734019
19399,2734021
19400,2734022
19401,2734023
19402,2734024
19403,2734025
19404,2734026
19405,2734028
19406,2734029
19407,2734031
19408,2734033
19409,2734035
19410,2734036
19411,2734037
19412,2734038
19413,2734040
19414,2734041
19415,2734043
19416,2734044
19417,2734046
19418,2734047
19419,2734048
19420,2734049
19421,2734050
19422,2734051
19423,2734052
19424,2734056
19425,2734057
19426,2734059
19427,2734061
19428,2734064
19429,2734072
19430,2734073
19431,2734078
19432,2734082
19433,2734085
19434,2734086
19435,2734091
19436,2734092
19437,2734093
19438,2734094
19439,2734095
19440,2734097
19441,2734098
19442,2734100
19443,2734106
19444,2734110
19445,2734113
19446,2734117
19447,2734120
19448,2734121
19449,2734122
19450,2734128
19451,2734130
19452,2734131
19453,2734132
19454,2734133
19455,2734134
19456,2734135
19457,2734136
19458,2734137
19459,2734138
19460,2734139
19461,2734142
19462,2734146
19463,2734150
19464,2734151
19465,2734152
19466,2734154
19467,2734155
19468,2734156
19469,2734157
19470,2734161
19471,2734162
19472,2734163
19473,2734186
19474,2734191
19475,2734197
19476,2734199
19477,2734204
19478,2734205
19479,2734206
19480,2734207
19481,2734208
19482,2734209
19483,2734210
19484,2734211
19485,2734212
19486,2734231
19487,2734232
19488,2734233
19489,2734234
19490,2734235
19491,2734237
19492,2734248
19493,2734257
19494,2734265
19495,2734269
19496,2734275
19497,2734287
19498,2734294
19499,2734295
19500,2734328
19501,2734332
19502,2734335
19503,2734336
19504,2734338
19505,2734339
19506,2734340
19507,2734341
19508,2734345
19509,2734347
19510,2734348
19511,2734349
19512,2734350
19513,2734351
19514,2734352
19515,2734366
19516,2734367
19517,2734368
19518,2734369
19519,2734370
19520,2734371
19521,2734372
19522,2734373
19523,2734374
19524,2734375
19525,2734376
19526,2734377
19527,2734379
19528,2734380
19529,2734382
19530,2734383
19531,2734384
19532,2734386
19533,2734387
19534,2734388
19535,2734389
19536,2734390
19537,2734392
19538,2734394
19539,2734396
19540,2734397
19541,2734398
19542,2734399
19543,2734400
19544,2734401
19545,2734402
19546,2734403
19547,2734404
19548,2734405
19549,2734406
19550,2734408
19551,2734409
19552,2734410
19553,2734414
19554,2734418
19555,2734422
19556,2734427
19557,2734433
19558,2734434
19559,2734435
19560,2734436
19561,2734437
19562,2734438
19563,2734439
19564,2734484
19565,2734485
19566,2734488
19567,2734489
19568,2734500
19569,2734501
19570,2734502
19571,2734503
19572,2734511
19573,2734512
19574,2734513
19575,2734515
19576,2734518
19577,2734519
19578,2734523
19579,2734524
19580,2734525
19581,2734535
19582,2734536
19583,2734551
19584,2734554
19585,2734555
19586,2734560
19587,2734561
19588,2734566
19589,2734567
19590,2734568
19591,2734569
19592,2734570
19593,2734573
19594,2734574
19595,2734582
19596,2734583
19597,2734584
19598,2734585
19599,2734588
19600,2734591
19601,2734592
19602,2734593
19603,2734595
19604,2734846
19605,2735301
19606,2736192
19607,2736271
19608,2736272
19609,2736647
19610,2736691
19611,2737068
19612,2737072
19613,2737073
19614,273810
19615,2738413
19616,2738469
19617,2738555
19618,2738980
19619,2741068
19620,2741642
19621,2741801
19622,2742112
19623,2742113
19624,2742620
19625,2742621
19626,2742628
19627,2742629
19628,2742631
19629,2742640
19630,2742642
19631,2742643
19632,2742644
19633,2742646
19634,2742647
19635,2742654
19636,2742669
19637,2742670
19638,2742671
19639,2742717
19640,2742948
19641,2743971
19642,2744412
19643,2745133
19644,2745565
19645,2745566
19646,2745890
19647,2745891
19648,2745892
19649,2745894
19650,2746248
19651,2746363
19652,2746925
19653,2746928
19654,2747210
19655,2747318
19656,2747319
19657,2747321
19658,2747323
19659,2747343
19660,2747372
19661,2747493
19662,2747940
19663,2748241
19664,2748244
19665,2748249
19666,2748250
19667,2748254
19668,2748302
19669,2748378
19670,2748762
19671,2748764
19672,2748958
19673,2748959
19674,2748967
19675,2748968
19676,2748973
19677,2749260
19678,2749412
19679,2749668
19680,2749927
19681,2749931
19682,2749935
19683,2750648
19684,2750853
19685,2751480
19686,2752331
19687,2754975
19688,2754999
19689,2755000
19690,2755147
19691,2755482
19692,2755483
19693,2755484
19694,2755588
19695,2759195
19696,2759197
19697,2759403
19698,2759404
19699,2759405
19700,2759407
19701,2759464
19702,2759706
19703,2761123
19704,2762286
19705,2762326
19706,2762327
19707,2762328
19708,2762426
19709,2762427
19710,2762429
19711,2762721
19712,2763538
19713,2764701
19714,2766566
19715,2767029
19716,2767194
19717,2767195
19718,2767196
19719,2767265
19720,2767553
19721,2767565
19722,2767581
19723,2767889
19724,2767892
19725,2769078
19726,2769516
19727,2770772
19728,2770788
19729,2771210
19730,2771212
19731,2771380
19732,2771381
19733,2771472
19734,2772448
19735,2776148
19736,2776703
19737,2776813
19738,2776866
19739,2777364
19740,2777710
19741,2777947
19742,2777957
19743,2778077
19744,2778671
19745,277944
19746,2781641
19747,2782229
19748,2782564
19749,2783546
19750,2783667
19751,2783674
19752,2785212
19753,2787157
19754,2789208
19755,2789210
19756,2789855
19757,2790029
19758,2790987
19759,2790996
19760,2791001
19761,2791015
19762,2791164
19763,2791982
19764,2793719
19765,2793721
19766,2793722
19767,2793723
19768,2793728
19769,2793733
19770,2793737
19771,2793738
19772,2793742
19773,2793743
19774,2793799
19775,2794574
19776,2794960
19777,2795181
19778,2795238
19779,279538
19780,279539
19781,2795688
19782,2795689
19783,2795745
19784,2796141
19785,2797303
19786,2798729
19787,2798807
19788,2799672
19789,2799681
19790,2801326
19791,2801354
19792,2801356
19793,2801357
19794,2801506
19795,2801553
19796,2801566
19797,2802554
19798,2803865
19799,2803971
19800,2805939
19801,280702
19802,2807095
19803,2807625
19804,2809036
19805,2809160
19806,2810280
19807,2810370
19808,2810799
19809,2810802
19810,2810803
19811,2810810
19812,2811963
19813,2812031
19814,2812900
19815,2813545
19816,2814367
19817,2816460
19818,2816467
19819,2816839
19820,2816840
19821,2816951
19822,2816952
19823,2816953
19824,2817418
19825,28176
19826,2817738
19827,2818228
19828,2819097
19829,2819102
19830,2819104
19831,2819996
19832,2820395
19833,2820912
19834,282263
19835,2822843
19836,2822864
19837,2823683
19838,2824520
19839,2824522
19840,2824647
19841,2825847
19842,282712
19843,2827437
19844,2827439
19845,282786
19846,28295
19847,2829835
19848,2829836
19849,2829853
19850,28300
19851,2830843
19852,2831178
19853,2831519
19854,2831966
19855,28321
19856,28322
19857,2833771
19858,2833772
19859,2834247
19860,2834265
19861,2834422
19862,28347
19863,28350
19864,28354
19865,28355
19866,2835563
19867,2835654
19868,2835936
19869,2835941
19870,2836105
19871,2836132
19872,2836135
19873,2836142
19874,2836297
19875,2836364
19876,2836365
19877,2836366
19878,2836367
19879,2837485
19880,28375
19881,2838076
19882,2838077
19883,2838134
19884,2838238
19885,283824
19886,2838328
19887,2838395
19888,2839003
19889,2840017
19890,2840018
19891,2840070
19892,2841037
19893,2841278
19894,2841282
19895,2841283
19896,2841303
19897,2841656
19898,2842319
19899,2842328
19900,2842332
19901,2842333
19902,2842394
19903,2842397
19904,2842458
19905,28425
19906,2842540
19907,2842570
19908,2842573
19909,2842583
19910,2842586
19911,2842593
19912,2842609
19913,2842616
19914,2842620
19915,2842639
19916,2842710
19917,2842711
19918,2842721
19919,2842725
19920,2842727
19921,2842738
19922,2842740
19923,2842751
19924,2842752
19925,2842756
19926,2842816
19927,2842820
19928,2842828
19929,2842862
19930,2842870
19931,2842942
19932,2842946
19933,2842950
19934,2842966
19935,2842993
19936,2843048
19937,2843096
19938,2843109
19939,2843141
19940,2843343
19941,2843346
19942,2843347
19943,2843351
19944,2843368
19945,2843370
19946,2843380
19947,2843381
19948,2843383
19949,2843384
19950,2843400
19951,2843416
19952,2843418
19953,2843419
19954,2843425
19955,2843426
19956,2843428
19957,2843430
19958,2843431
19959,2843435
19960,2843436
19961,2843444
19962,2843445
19963,2843447
19964,2843455
19965,2843458
19966,2843470
19967,2843482
19968,2843613
19969,2843615
19970,2843616
19971,2843617
19972,2843618
19973,2843619
19974,2843620
19975,2843622
19976,2843626
19977,2843627
19978,2843628
19979,2843631
19980,2843632
19981,2843633
19982,2843634
19983,2843635
19984,2843636
19985,2843637
19986,2843638
19987,2843639
19988,2843640
19989,2843641
19990,2843643
19991,2843644
19992,2843645
19993,2843647
19994,2843648
19995,2843649
19996,2843650
19997,2843651
19998,2843652
19999,2843653
20000,2843654
20001,2843655
20002,2843656
20003,2843657
20004,2843658
20005,2843659
20006,2843660
20007,2843661
20008,2843663
20009,2843666
20010,2843668
20011,2843672
20012,2843673
20013,2843674
20014,2843676
20015,2843678
20016,2843679
20017,2843682
20018,2843683
20019,2843684
20020,2843685
20021,2843686
20022,2843687
20023,2843688
20024,2843689
20025,2843690
20026,2843691
20027,2843692
20028,2843693
20029,2843695
20030,2843696
20031,2843697
20032,2843698
20033,2843699
20034,2843700
20035,2843701
20036,2843702
20037,2843703
20038,2843704
20039,2843705
20040,2843706
20041,2843707
20042,2843708
20043,2843709
20044,2843710
20045,2843711
20046,2843712
20047,2843714
20048,2843715
20049,2843716
20050,2843719
20051,2843720
20052,2843727
20053,2843737
20054,2843738
20055,2843739
20056,2843740
20057,2843741
20058,2843742
20059,2843743
20060,2843745
20061,2843747
20062,2843749
20063,2843750
20064,2843752
20065,2843753
20066,2843757
20067,2843758
20068,2843760
20069,2843761
20070,2843762
20071,2843763
20072,2843764
20073,2843765
20074,2843766
20075,2843767
20076,2843768
20077,2843769
20078,2843770
20079,2843771
20080,2843772
20081,2843773
20082,2843774
20083,2843775
20084,2843779
20085,2843780
20086,2843781
20087,2843782
20088,2843783
20089,2843784
20090,2843785
20091,2843786
20092,2843790
20093,2843792
20094,2843795
20095,2843796
20096,2843798
20097,2843799
20098,2843800
20099,2843801
20100,2843802
20101,2843803
20102,2843804
20103,2843805
20104,2843809
20105,2843810
20106,2843811
20107,2843812
20108,2843813
20109,2843814
20110,2843815
20111,2843816
20112,2843817
20113,2843819
20114,2843821
20115,2843822
20116,2843823
20117,2843824
20118,2843825
20119,2843826
20120,2843827
20121,2843828
20122,2843829
20123,2843832
20124,2843834
20125,2843835
20126,2843836
20127,2843837
20128,2843838
20129,2843840
20130,2843842
20131,2843843
20132,2843844
20133,2843845
20134,2843846
20135,2843847
20136,2843848
20137,2843849
20138,2843850
20139,2843851
20140,2843852
20141,2843854
20142,2843855
20143,2843857
20144,2843858
20145,2843859
20146,2843860
20147,2843861
20148,2843862
20149,2843863
20150,2843864
20151,2843865
20152,2843867
20153,2843868
20154,2843869
20155,2843870
20156,2843871
20157,2843873
20158,2843874
20159,2843875
20160,2843876
20161,2843877
20162,2843878
20163,2843879
20164,2843881
20165,2843882
20166,2843883
20167,2843885
20168,2843886
20169,2843887
20170,2843888
20171,2843890
20172,2843891
20173,2843892
20174,2843894
20175,2843895
20176,2843899
20177,2843902
20178,2843903
20179,2843904
20180,2843905
20181,2843907
20182,2843908
20183,2843909
20184,2843917
20185,2843918
20186,2843919
20187,2843920
20188,2843921
20189,2843922
20190,2843923
20191,2843924
20192,2843925
20193,2843926
20194,2843927
20195,2843928
20196,2843929
20197,2843930
20198,2843932
20199,2843933
20200,2843934
20201,2843935
20202,2843937
20203,2843938
20204,2843939
20205,2843940
20206,2843942
20207,2843943
20208,2843944
20209,2843945
20210,2843946
20211,2843947
20212,2843948
20213,2843950
20214,2843951
20215,2843952
20216,2843953
20217,2843954
20218,2843955
20219,2843956
20220,2843957
20221,2843958
20222,2843961
20223,2843965
20224,2843966
20225,2843967
20226,2843968
20227,2843969
20228,2843970
20229,2843972
20230,2843974
20231,2843979
20232,2843980
20233,2843984
20234,2843985
20235,2843986
20236,2843987
20237,2843988
20238,2843989
20239,2843990
20240,2843991
20241,2843992
20242,2843993
20243,2843995
20244,2843996
20245,2843999
20246,2844001
20247,2844002
20248,2844003
20249,2844004
20250,2844005
20251,2844006
20252,2844007
20253,2844008
20254,2844010
20255,2844013
20256,2844014
20257,2844020
20258,2844027
20259,2844030
20260,2844031
20261,2844034
20262,2844035
20263,2844036
20264,2844038
20265,2844039
20266,2844041
20267,2844042
20268,2844043
20269,2844044
20270,2844045
20271,2844046
20272,2844048
20273,2844050
20274,2844051
20275,2844053
20276,2844054
20277,2844059
20278,2844063
20279,2844064
20280,2844066
20281,2844067
20282,2844068
20283,2844069
20284,2844074
20285,2844075
20286,2844078
20287,2844080
20288,2844081
20289,2844082
20290,2844083
20291,2844084
20292,2844085
20293,2844086
20294,2844090
20295,2844093
20296,2844094
20297,2844095
20298,2844096
20299,2844097
20300,2844098
20301,2844105
20302,2844106
20303,2844107
20304,2844109
20305,2844113
20306,2844116
20307,2844117
20308,2844118
20309,2844120
20310,2844123
20311,2844124
20312,2844126
20313,2844127
20314,2844128
20315,2844130
20316,2844131
20317,2844132
20318,2844134
20319,2844135
20320,2844138
20321,2844139
20322,2844140
20323,2844141
20324,2844142
20325,2844143
20326,2844144
20327,2844146
20328,2844147
20329,2844148
20330,2844149
20331,2844150
20332,2844151
20333,2844152
20334,2844153
20335,2844155
20336,2844156
20337,2844158
20338,2844161
20339,2844163
20340,2844166
20341,2844167
20342,2844168
20343,2844169
20344,2844171
20345,2844175
20346,2844178
20347,2844180
20348,2844181
20349,2844185
20350,2844186
20351,2844187
20352,2844188
20353,2844189
20354,2844190
20355,2844192
20356,2844193
20357,2844194
20358,2844195
20359,2844196
20360,2844197
20361,2844198
20362,2844199
20363,2844200
20364,2844201
20365,2844202
20366,2844203
20367,2844205
20368,2844206
20369,2844208
20370,2844209
20371,2844210
20372,2844212
20373,2844213
20374,2844214
20375,2844215
20376,2844216
20377,2844220
20378,2844225
20379,2844226
20380,2844227
20381,2844229
20382,2844231
20383,2844232
20384,2844233
20385,2844234
20386,2844235
20387,2844238
20388,2844239
20389,2844240
20390,2844241
20391,2844242
20392,2844243
20393,2844245
20394,2844249
20395,2844252
20396,2844253
20397,2844254
20398,2844255
20399,2844256
20400,2844258
20401,2844259
20402,2844260
20403,2844261
20404,2844262
20405,2844263
20406,2844264
20407,2844265
20408,2844266
20409,2844267
20410,2844270
20411,2844271
20412,2844273
20413,2844275
20414,2844276
20415,2844277
20416,2844278
20417,2844280
20418,2844284
20419,2844286
20420,2844287
20421,2844288
20422,2844289
20423,2844292
20424,2844295
20425,2844297
20426,2844298
20427,2844300
20428,2844301
20429,2844302
20430,2844303
20431,2844304
20432,2844305
20433,2844307
20434,2844309
20435,2844310
20436,2844311
20437,2844312
20438,2844383
20439,2844405
20440,2844406
20441,2844407
20442,2844408
20443,2844409
20444,2844411
20445,2844412
20446,2844414
20447,2844415
20448,2844416
20449,2844417
20450,2844418
20451,2844419
20452,2844424
20453,2844425
20454,2844426
20455,2844427
20456,2844428
20457,2844429
20458,2844430
20459,2844431
20460,2844433
20461,2844436
20462,2844437
20463,2844440
20464,2844441
20465,2844442
20466,2844443
20467,2844444
20468,2844445
20469,2844446
20470,2844447
20471,2844456
20472,2844457
20473,2844460
20474,2844461
20475,2844462
20476,2844463
20477,2844464
20478,2844465
20479,2844467
20480,2844468
20481,2844469
20482,2844471
20483,2844472
20484,2844474
20485,2844475
20486,2844476
20487,2844477
20488,2844483
20489,2844484
20490,2844485
20491,2844498
20492,2844500
20493,2844501
20494,2844502
20495,2844505
20496,2844506
20497,2844507
20498,2844509
20499,2844510
20500,2844511
20501,2844512
20502,2844513
20503,2844514
20504,2844515
20505,2844516
20506,2844518
20507,2844519
20508,2844521
20509,2844522
20510,2844523
20511,2844524
20512,2844525
20513,2844526
20514,2844527
20515,2844528
20516,2844529
20517,2844530
20518,2844531
20519,2844533
20520,2844535
20521,2844536
20522,2844537
20523,2844538
20524,2844539
20525,2844540
20526,2844541
20527,2844542
20528,2844543
20529,2844544
20530,2844548
20531,2844549
20532,2844550
20533,2844551
20534,2844552
20535,2844553
20536,2844554
20537,2844555
20538,2844558
20539,2844559
20540,2844561
20541,2844562
20542,2844563
20543,2844564
20544,2844565
20545,2844566
20546,2844567
20547,2844568
20548,2844569
20549,2844571
20550,2844572
20551,2844575
20552,2844576
20553,2844577
20554,2844578
20555,2844579
20556,2844580
20557,2844581
20558,2844582
20559,2844583
20560,2844585
20561,2844587
20562,2844588
20563,2844590
20564,2844595
20565,2844597
20566,2844600
20567,2844603
20568,2844604
20569,2844609
20570,2844610
20571,2844611
20572,2844612
20573,2844613
20574,2844614
20575,2844616
20576,2844618
20577,2844619
20578,2844620
20579,2844621
20580,2844625
20581,2844626
20582,2844627
20583,2844628
20584,2844629
20585,2844630
20586,2844632
20587,2844636
20588,2844638
20589,2844639
20590,2844640
20591,2844641
20592,2844642
20593,2844643
20594,2844645
20595,2844649
20596,2844650
20597,2844651
20598,2844652
20599,2844653
20600,2844655
20601,2844656
20602,2844657
20603,2844658
20604,2844660
20605,2844662
20606,2844664
20607,2844673
20608,2844677
20609,2844678
20610,2844679
20611,2844680
20612,2844681
20613,2844689
20614,2844690
20615,2844691
20616,2844692
20617,2844693
20618,2844694
20619,2844695
20620,2844697
20621,2844698
20622,2844699
20623,2844700
20624,2844701
20625,2844702
20626,2844703
20627,2844704
20628,2844705
20629,2844706
20630,2844707
20631,2844708
20632,2844709
20633,2844711
20634,2844712
20635,2844713
20636,2844714
20637,2844715
20638,2844716
20639,2844718
20640,2844719
20641,2844720
20642,2844721
20643,2844723
20644,2844724
20645,2844725
20646,2844726
20647,2844727
20648,2844729
20649,2844730
20650,2844731
20651,2844732
20652,2844734
20653,2844735
20654,2844736
20655,2844737
20656,2844738
20657,2844739
20658,2844741
20659,2844742
20660,2844743
20661,2844744
20662,2844745
20663,2844746
20664,2844747
20665,2844748
20666,2844749
20667,2844750
20668,2844751
20669,2844752
20670,2844753
20671,2844754
20672,2844755
20673,2844756
20674,2844757
20675,2844758
20676,2844760
20677,2844761
20678,2844762
20679,2844763
20680,2844764
20681,2844765
20682,2844766
20683,2844767
20684,2844769
20685,2844770
20686,2844771
20687,2844772
20688,2844773
20689,2844774
20690,2844775
20691,2844778
20692,2844780
20693,2844781
20694,2844782
20695,2844784
20696,2844785
20697,2844787
20698,2844790
20699,2844792
20700,2844794
20701,2844795
20702,2844796
20703,2844799
20704,2844800
20705,2844802
20706,2844804
20707,2844806
20708,2844808
20709,2844809
20710,2844810
20711,2844811
20712,2844818
20713,2844819
20714,2844820
20715,2844822
20716,2844826
20717,2844828
20718,2844830
20719,2844831
20720,2844832
20721,2844833
20722,2844834
20723,2844835
20724,2844837
20725,2844838
20726,2844839
20727,2844842
20728,2844843
20729,2844846
20730,2844847
20731,2844848
20732,2844849
20733,2844850
20734,2844851
20735,2844852
20736,2844856
20737,2844857
20738,2844858
20739,2844861
20740,2844862
20741,2844961
20742,2844962
20743,2844963
20744,2844965
20745,2844966
20746,2844970
20747,2844971
20748,2844972
20749,2844973
20750,2844974
20751,2844975
20752,2844977
20753,2844978
20754,2844981
20755,2844983
20756,2844985
20757,2844987
20758,2844989
20759,2844994
20760,2844995
20761,2844996
20762,2844997
20763,2844999
20764,2845000
20765,2845001
20766,2845003
20767,2845004
20768,2845005
20769,2845006
20770,2845007
20771,2845008
20772,2845009
20773,2845010
20774,2845012
20775,2845013
20776,2845014
20777,2845015
20778,2845016
20779,2845017
20780,2845018
20781,2845019
20782,2845020
20783,2845023
20784,2845024
20785,2845025
20786,2845026
20787,2845027
20788,2845028
20789,2845031
20790,2845033
20791,2845034
20792,2845035
20793,2845036
20794,2845037
20795,2845038
20796,2845039
20797,2845041
20798,2845042
20799,2845043
20800,2845044
20801,2845045
20802,2845046
20803,2845047
20804,2845048
20805,2845049
20806,2845050
20807,2845051
20808,2845052
20809,2845054
20810,2845055
20811,2845056
20812,2845057
20813,2845060
20814,2845061
20815,2845062
20816,2845064
20817,2845066
20818,2845069
20819,2845070
20820,2845071
20821,2845073
20822,2845074
20823,2845075
20824,2845076
20825,2845077
20826,2845078
20827,2845079
20828,2845080
20829,2845081
20830,2845082
20831,2845083
20832,2845084
20833,2845085
20834,2845086
20835,2845087
20836,2845088
20837,2845089
20838,2845091
20839,2845094
20840,2845105
20841,2845106
20842,2845107
20843,2845112
20844,2845113
20845,2845114
20846,2845115
20847,2845116
20848,2845117
20849,2845119
20850,2845122
20851,2845127
20852,2845128
20853,2845130
20854,2845131
20855,2845134
20856,2845135
20857,2845138
20858,2845143
20859,2845145
20860,2845148
20861,2845149
20862,2845150
20863,2845152
20864,2845153
20865,2845154
20866,2845155
20867,2845156
20868,2845157
20869,2845158
20870,2845159
20871,2845160
20872,2845161
20873,2845162
20874,2845163
20875,2845164
20876,2845165
20877,2845167
20878,2845168
20879,2845170
20880,2845171
20881,2845172
20882,2845173
20883,2845174
20884,2845175
20885,2845176
20886,2845177
20887,2845178
20888,2845179
20889,2845180
20890,2845181
20891,2845182
20892,2845183
20893,2845184
20894,2845185
20895,2845186
20896,2845187
20897,2845188
20898,2845190
20899,2845191
20900,2845386
20901,2845387
20902,2845388
20903,2845389
20904,2845390
20905,2845391
20906,2845392
20907,2845393
20908,2845394
20909,2845395
20910,2845396
20911,2845397
20912,2845398
20913,2845399
20914,2845400
20915,2845401
20916,2845402
20917,2845403
20918,2845404
20919,2845405
20920,2845406
20921,2845407
20922,2845409
20923,2845410
20924,2845411
20925,2845412
20926,2845413
20927,2845414
20928,2845419
20929,2845420
20930,2845421
20931,2845422
20932,2845425
20933,2845426
20934,2845427
20935,2845428
20936,2845430
20937,2845431
20938,2845432
20939,2845433
20940,2845434
20941,2845435
20942,2845437
20943,2845438
20944,2845439
20945,2845440
20946,2845441
20947,2845445
20948,2845446
20949,2845447
20950,2845448
20951,2845449
20952,2845450
20953,2845451
20954,2845455
20955,2845456
20956,2845458
20957,2845459
20958,2845460
20959,2845461
20960,2845462
20961,2845463
20962,2845464
20963,2845465
20964,2845466
20965,2845467
20966,2845469
20967,2845470
20968,2845471
20969,2845472
20970,2845473
20971,2845474
20972,2845475
20973,2845476
20974,2845477
20975,2845478
20976,2845479
20977,2845480
20978,2845482
20979,2845483
20980,2845484
20981,2845485
20982,2845486
20983,2845487
20984,2845489
20985,2845490
20986,2845491
20987,2845492
20988,2845493
20989,2845497
20990,2845499
20991,2845501
20992,2845502
20993,2845503
20994,2845504
20995,2845506
20996,2845509
20997,2845510
20998,2845511
20999,2845512
21000,2845513
21001,2845516
21002,2845517
21003,2845520
21004,2845523
21005,2845525
21006,2845527
21007,2845528
21008,2845529
21009,2845530
21010,2845532
21011,2845533
21012,2845534
21013,2845536
21014,2845537
21015,2845538
21016,2845539
21017,2845548
21018,2845550
21019,2845552
21020,2845553
21021,2845556
21022,2845557
21023,2845558
21024,2845559
21025,2845562
21026,2845564
21027,2845565
21028,2845569
21029,2845570
21030,2845573
21031,2845574
21032,2845575
21033,2845577
21034,2845578
21035,2845579
21036,2845583
21037,2845584
21038,2845585
21039,2845598
21040,2845599
21041,2845600
21042,2845601
21043,2845603
21044,2845604
21045,2845605
21046,2845606
21047,2845607
21048,2845608
21049,2845610
21050,2845611
21051,2845612
21052,2845613
21053,2845614
21054,2845615
21055,2845617
21056,2845618
21057,2845619
21058,2845622
21059,2845623
21060,2845625
21061,2845626
21062,2845631
21063,2845632
21064,2845634
21065,2845635
21066,2845636
21067,2845637
21068,2845638
21069,2845639
21070,2845640
21071,2845641
21072,2845642
21073,2845643
21074,2845644
21075,2845645
21076,2845647
21077,2845648
21078,2845649
21079,2845658
21080,2845659
21081,2845660
21082,2845661
21083,2845663
21084,2845664
21085,2845665
21086,2845666
21087,2845667
21088,2845669
21089,2845670
21090,2845671
21091,2845672
21092,2845673
21093,2845674
21094,2845675
21095,2845676
21096,2845678
21097,2845679
21098,2845680
21099,2845681
21100,2845682
21101,2845683
21102,2845685
21103,2845686
21104,2845688
21105,2845689
21106,2845690
21107,2845691
21108,2845692
21109,2845693
21110,2845697
21111,2845698
21112,2845699
21113,2845700
21114,2845701
21115,2845702
21116,2845703
21117,2845705
21118,2845706
21119,2845707
21120,2845709
21121,2845710
21122,2845711
21123,2845712
21124,2845713
21125,2845714
21126,2845715
21127,2845716
21128,2845717
21129,2845718
21130,2845720
21131,2845721
21132,2845722
21133,2845723
21134,2845724
21135,2845725
21136,2845726
21137,2845728
21138,2845729
21139,2845730
21140,2845733
21141,2845734
21142,2845739
21143,2845741
21144,2845743
21145,2845744
21146,2845749
21147,2845751
21148,2845752
21149,2845753
21150,2845754
21151,2845755
21152,2845757
21153,2845759
21154,2845760
21155,2845767
21156,2845768
21157,2845769
21158,2845770
21159,2845771
21160,2845772
21161,2845773
21162,2845774
21163,2845775
21164,2845776
21165,2845777
21166,2845778
21167,2845779
21168,2845780
21169,2845781
21170,2845782
21171,2845785
21172,2845786
21173,2845787
21174,2845788
21175,2845789
21176,2845790
21177,2845791
21178,2845793
21179,2845794
21180,2845795
21181,2845796
21182,2845798
21183,2845799
21184,2845801
21185,2845802
21186,2845804
21187,2845805
21188,2845806
21189,2845807
21190,2845831
21191,2845832
21192,2845833
21193,2845834
21194,2845835
21195,2845836
21196,2845838
21197,2845839
21198,2845840
21199,2845841
21200,2845842
21201,2845843
21202,2845845
21203,2845846
21204,2845847
21205,2845848
21206,2845849
21207,2845850
21208,2845852
21209,2845853
21210,2845854
21211,2845855
21212,2845856
21213,2845857
21214,2845858
21215,2845859
21216,2845860
21217,2845861
21218,2845862
21219,2845863
21220,2845864
21221,2845865
21222,2845866
21223,2845867
21224,2845868
21225,2845869
21226,2845870
21227,2845872
21228,2845874
21229,2845875
21230,2845877
21231,2845878
21232,2845883
21233,2845885
21234,2845886
21235,2845887
21236,2845888
21237,2845889
21238,2845893
21239,2845895
21240,2845896
21241,2845897
21242,2845899
21243,2845900
21244,2845902
21245,2845903
21246,2845905
21247,2845906
21248,2845909
21249,2845924
21250,2845933
21251,2845934
21252,2845935
21253,2845936
21254,2845938
21255,2845939
21256,2845940
21257,2845941
21258,2845942
21259,2845943
21260,2845944
21261,2845945
21262,2845946
21263,2845947
21264,2845948
21265,2845949
21266,2845950
21267,2845951
21268,2845952
21269,2845953
21270,2845955
21271,2845956
21272,2845957
21273,2845958
21274,2845959
21275,2845963
21276,2845964
21277,2845966
21278,2845967
21279,2845968
21280,2845971
21281,2845974
21282,2845978
21283,2845979
21284,2845980
21285,2845981
21286,2845982
21287,2845983
21288,2845984
21289,2845986
21290,2845988
21291,2845989
21292,2845990
21293,2845991
21294,2845992
21295,2845993
21296,2845994
21297,2845995
21298,2845996
21299,2845997
21300,2845998
21301,2845999
21302,2846001
21303,2846002
21304,2846003
21305,2846005
21306,2846006
21307,2846007
21308,2846008
21309,2846009
21310,2846010
21311,2846011
21312,2846015
21313,2846016
21314,2846017
21315,2846018
21316,2846020
21317,2846021
21318,2846022
21319,2846025
21320,2846026
21321,2846029
21322,2846030
21323,2846031
21324,2846032
21325,2846033
21326,2846034
21327,2846035
21328,2846036
21329,2846037
21330,2846039
21331,2846042
21332,2846043
21333,2846049
21334,2846055
21335,2846058
21336,2846059
21337,2846063
21338,2846065
21339,2846066
21340,2846067
21341,2846068
21342,2846072
21343,2846076
21344,2846078
21345,2846079
21346,2846082
21347,2846084
21348,2846085
21349,2846087
21350,2846088
21351,2846091
21352,2846093
21353,2846094
21354,2846095
21355,2846096
21356,2846098
21357,2846099
21358,2846100
21359,2846101
21360,2846102
21361,2846103
21362,2846105
21363,2846106
21364,2846107
21365,2846109
21366,2846110
21367,2846111
21368,2846112
21369,2846113
21370,2846114
21371,2846115
21372,2846116
21373,2846117
21374,2846118
21375,2846119
21376,2846120
21377,2846121
21378,2846122
21379,2846123
21380,2846124
21381,2846125
21382,2846126
21383,2846127
21384,2846128
21385,2846129
21386,2846130
21387,2846131
21388,2846132
21389,2846133
21390,2846134
21391,2846135
21392,2846136
21393,2846137
21394,2846138
21395,2846139
21396,2846140
21397,2846141
21398,2846142
21399,2846144
21400,2846146
21401,2846147
21402,2846148
21403,2846149
21404,2846150
21405,2846151
21406,2846153
21407,2846154
21408,2846156
21409,2846157
21410,2846158
21411,2846159
21412,2846160
21413,2846161
21414,2846165
21415,2846166
21416,2846168
21417,2846169
21418,2846170
21419,2846171
21420,2846172
21421,2846174
21422,2846175
21423,2846177
21424,2846182
21425,2846184
21426,2846186
21427,2846187
21428,2846188
21429,2846190
21430,2846191
21431,2846193
21432,2846194
21433,2846195
21434,2846196
21435,2846198
21436,2846199
21437,2846200
21438,2846201
21439,2846203
21440,2846204
21441,2846205
21442,2846206
21443,2846208
21444,2846209
21445,2846210
21446,2846212
21447,2846214
21448,2846215
21449,2846217
21450,2846226
21451,2846232
21452,2846233
21453,2846234
21454,2846235
21455,2846236
21456,2846237
21457,2846239
21458,2846241
21459,2846242
21460,2846243
21461,2846244
21462,2846253
21463,2846259
21464,2846262
21465,2846269
21466,2846271
21467,2846275
21468,2846286
21469,2846291
21470,2846379
21471,2846383
21472,2846384
21473,2846385
21474,2846386
21475,2846387
21476,2846390
21477,2846391
21478,2846394
21479,2846397
21480,2846401
21481,2846409
21482,2846410
21483,2846411
21484,2846413
21485,2846416
21486,2846417
21487,2846418
21488,2846419
21489,2846420
21490,2846423
21491,2846425
21492,2846426
21493,2846427
21494,2846429
21495,2846430
21496,2846431
21497,2846432
21498,2846433
21499,2846436
21500,2846437
21501,2846439
21502,2846440
21503,2846442
21504,2846443
21505,2846446
21506,2846447
21507,2846449
21508,2846450
21509,2846451
21510,2846454
21511,2846455
21512,2846570
21513,2846571
21514,2846572
21515,2846573
21516,2846576
21517,2846578
21518,2846579
21519,2846580
21520,2846581
21521,2846583
21522,2846584
21523,2846587
21524,2846588
21525,2846589
21526,2846590
21527,2846592
21528,2846593
21529,2846594
21530,2846595
21531,2846596
21532,2846597
21533,2846600
21534,2846601
21535,2846603
21536,2846605
21537,2846606
21538,2846607
21539,2846608
21540,2846610
21541,2846612
21542,2846613
21543,2846614
21544,2846616
21545,2846617
21546,2846618
21547,2846620
21548,2846621
21549,2846624
21550,2846625
21551,2846626
21552,2846627
21553,2846628
21554,2846629
21555,2846630
21556,2846632
21557,2846634
21558,2846635
21559,2846636
21560,2846637
21561,2846638
21562,2846642
21563,2846643
21564,2846644
21565,2846645
21566,2846646
21567,2846647
21568,2846648
21569,2846649
21570,2846650
21571,2846652
21572,2846653
21573,2846654
21574,2846655
21575,2846656
21576,2846657
21577,2846660
21578,2846661
21579,2846662
21580,2846663
21581,2846664
21582,2846665
21583,2846666
21584,2846667
21585,2846668
21586,2846670
21587,2846671
21588,2846675
21589,2846676
21590,2846677
21591,2846678
21592,2846679
21593,2846680
21594,2846681
21595,2846682
21596,2846683
21597,2846684
21598,2846685
21599,2846686
21600,2846687
21601,2846691
21602,2846692
21603,2846693
21604,2846694
21605,2846695
21606,2846696
21607,2846700
21608,2846701
21609,284687
21610,284688
21611,2849081
21612,2849244
21613,2849246
21614,2849626
21615,2849971
21616,2849972
21617,2851015
21618,2851077
21619,2851978
21620,2851980
21621,2851981
21622,2851982
21623,2852099
21624,2852116
21625,2855688
21626,2856573
21627,2857061
21628,2859227
21629,2859474
21630,2859477
21631,2859632
21632,2860051
21633,2860269
21634,2860374
21635,2860376
21636,2860377
21637,2860396
21638,2860997
21639,2861002
21640,2862773
21641,2862998
21642,2863194
21643,2863195
21644,2863832
21645,2865787
21646,2865793
21647,2865794
21648,2865806
21649,2866277
21650,2866663
21651,2866684
21652,2867265
21653,2867479
21654,2867550
21655,2869545
21656,2869552
21657,2869569
21658,2871166
21659,2871539
21660,2872567
21661,2872675
21662,2872676
21663,2872811
21664,2873234
21665,2873349
21666,2873352
21667,2873372
21668,2873373
21669,2873413
21670,2873460
21671,2873557
21672,2873951
21673,2874031
21674,287412
21675,2874141
21676,2874627
21677,2874879
21678,2874885
21679,2874886
21680,2874887
21681,2874888
21682,2874889
21683,2874890
21684,2875710
21685,2875722
21686,2875723
21687,2875798
21688,2875839
21689,2875869
21690,2876597
21691,2876620
21692,2876713
21693,2876789
21694,2877507
21695,2877511
21696,2877945
21697,2878088
21698,2878269
21699,2879117
21700,2879287
21701,2879396
21702,2879398
21703,2879399
21704,2879515
21705,2880839
21706,2880993
21707,2883236
21708,288456
21709,2885152
21710,2885687
21711,2885976
21712,2886209
21713,2886224
21714,2886377
21715,2886398
21716,2886399
21717,2886400
21718,2886401
21719,2886402
21720,2886406
21721,28871
21722,28873
21723,28875
21724,28876
21725,28882
21726,28884
21727,2888526
21728,28896
21729,28907
21730,2891955
21731,2894297
21732,2894344
21733,2894356
21734,2894367
21735,2894395
21736,2894588
21737,2894747
21738,2894753
21739,2894778
21740,2894779
21741,2894786
21742,2894787
21743,2894789
21744,2894790
21745,2894793
21746,2894794
21747,2894795
21748,2894796
21749,2894801
21750,2894809
21751,2894929
21752,2895509
21753,2895623
21754,2897335
21755,2898581
21756,2899077
21757,2899887
21758,290028
21759,290030
21760,2902690
21761,2902692
21762,2903266
21763,2904972
21764,2905464
21765,2905465
21766,2905564
21767,2905565
21768,2905566
21769,2905567
21770,2905569
21771,2905570
21772,2905571
21773,2905620
21774,2906028
21775,290611
21776,2906742
21777,2906743
21778,2907287
21779,2908099
21780,2908628
21781,2908630
21782,2908744
21783,2908746
21784,2909205
21785,2909736
21786,2909742
21787,2910155
21788,2910948
21789,2910949
21790,2910950
21791,2910951
21792,2911664
21793,2911954
21794,2911956
21795,2911957
21796,2912260
21797,2912296
21798,2912606
21799,2912629
21800,2912631
21801,2912825
21802,291286
21803,2912878
21804,2912895
21805,2913478
21806,2913600
21807,2913660
21808,2914024
21809,2914027
21810,2914028
21811,2914029
21812,2914178
21813,2914454
21814,2914456
21815,2914457
21816,2914460
21817,2914477
21818,2914480
21819,2914481
21820,2914483
21821,2914484
21822,2914485
21823,2914486
21824,2914487
21825,2914488
21826,2917160
21827,2917713
21828,2917714
21829,2917716
21830,2918454
21831,2918920
21832,2918921
21833,2918927
21834,2919376
21835,2919614
21836,2919921
21837,2919922
21838,292029
21839,2920374
21840,292052
21841,2920934
21842,2921215
21843,2921791
21844,2921792
21845,2921793
21846,2922857
21847,2922858
21848,2922859
21849,2923088
21850,292477
21851,2924880
21852,2924881
21853,2924884
21854,2924885
21855,2924904
21856,2924906
21857,2924907
21858,29252
21859,29255
21860,29256
21861,29257
21862,2926108
21863,292627
21864,2926475
21865,29271
21866,29272
21867,2927243
21868,2927268
21869,2927283
21870,2927787
21871,2927788
21872,2928187
21873,2928256
21874,2928257
21875,2929005
21876,2929007
21877,2929250
21878,2929252
21879,2929287
21880,2931039
21881,29323
21882,293386
21883,293389
21884,2935866
21885,2936613
21886,2936906
21887,2936919
21888,2937408
21889,2939128
21890,2939132
21891,2940487
21892,29429
21893,2942964
21894,2942979
21895,2942980
21896,2942989
21897,2942991
21898,2942992
21899,2943001
21900,2943011
21901,2943014
21902,2944850
21903,2945588
21904,2945589
21905,2945916
21906,2945982
21907,2946038
21908,2946156
21909,2946162
21910,2946166
21911,2946167
21912,2946169
21913,2946170
21914,2946173
21915,2946175
21916,2946180
21917,294631
21918,2946811
21919,2946816
21920,2946822
21921,2946830
21922,2946836
21923,2948639
21924,2948641
21925,2948643
21926,2948645
21927,2948648
21928,2948652
21929,2948659
21930,2948665
21931,2948678
21932,2948680
21933,2948688
21934,2948690
21935,2948713
21936,2948755
21937,2948767
21938,2948768
21939,2948769
21940,2948774
21941,2948787
21942,2948791
21943,2948826
21944,2948856
21945,2948876
21946,2948898
21947,2948900
21948,2948901
21949,2948910
21950,2948913
21951,2948940
21952,2948949
21953,2950075
21954,2950076
21955,2950460
21956,2951256
21957,2951261
21958,2951390
21959,2951616
21960,2951617
21961,2951618
21962,2951619
21963,2951978
21964,2953667
21965,2953674
21966,2953971
21967,2953972
21968,2953974
21969,2953979
21970,2953980
21971,2953981
21972,2953982
21973,2953983
21974,2953984
21975,2953986
21976,2953987
21977,2953988
21978,2953989
21979,2953990
21980,2953993
21981,2953994
21982,2953995
21983,2953997
21984,2953998
21985,2953999
21986,2954002
21987,2954003
21988,2954004
21989,2954005
21990,2954006
21991,2954007
21992,2954009
21993,2954011
21994,2954012
21995,2954013
21996,2954014
21997,2954015
21998,2954016
21999,2954017
22000,2954019
22001,2954021
22002,2954025
22003,2954027
22004,2954028
22005,2954030
22006,2954033
22007,2954034
22008,2954037
22009,2954039
22010,2954040
22011,2954041
22012,2954042
22013,2954043
22014,2954044
22015,2954045
22016,2954046
22017,2954049
22018,2954050
22019,2954051
22020,2954052
22021,2954060
22022,2954061
22023,2954062
22024,2954063
22025,2954064
22026,2954065
22027,2954066
22028,2954067
22029,2955190
22030,2955232
22031,2955233
22032,2955234
22033,2955235
22034,2955236
22035,2955240
22036,2955242
22037,2955243
22038,2955245
22039,2955246
22040,2955248
22041,2955249
22042,2955250
22043,2955254
22044,2955259
22045,2955260
22046,2955261
22047,2955262
22048,2955263
22049,2955264
22050,2955265
22051,2955266
22052,2955267
22053,2955268
22054,2955269
22055,2955270
22056,2955271
22057,2955272
22058,2955273
22059,2955274
22060,2955275
22061,2955276
22062,2955277
22063,2955278
22064,2955279
22065,2955280
22066,2955281
22067,2955282
22068,2955283
22069,2955284
22070,2955286
22071,2955287
22072,2955289
22073,2955290
22074,2955291
22075,2955292
22076,2955295
22077,2955296
22078,2955298
22079,2955300
22080,2955302
22081,2955303
22082,2955304
22083,2955305
22084,2955306
22085,2955307
22086,2955308
22087,2955319
22088,2955320
22089,2955321
22090,2955322
22091,2955323
22092,2955330
22093,2955334
22094,2955354
22095,2955355
22096,2955356
22097,2955357
22098,2955358
22099,2955361
22100,2955362
22101,2955365
22102,2955367
22103,2955381
22104,2955382
22105,2955383
22106,2955384
22107,2955386
22108,2955393
22109,2955395
22110,2955396
22111,2955397
22112,2955398
22113,2955401
22114,2955402
22115,2955407
22116,2955410
22117,2955411
22118,2955412
22119,2955414
22120,2955415
22121,2955417
22122,2955418
22123,2955419
22124,2955421
22125,2955422
22126,2955424
22127,2955429
22128,2955431
22129,2955433
22130,2955434
22131,2955435
22132,2955436
22133,2955437
22134,2955438
22135,2955440
22136,2955441
22137,2955442
22138,2955443
22139,2955444
22140,2955445
22141,2955446
22142,2955447
22143,2955448
22144,2955449
22145,2955450
22146,2955451
22147,2955452
22148,2955453
22149,2955454
22150,2955455
22151,2955456
22152,2955457
22153,2955458
22154,2955462
22155,2955464
22156,2955465
22157,2955466
22158,2955467
22159,2955468
22160,2955470
22161,2955472
22162,2955474
22163,2955475
22164,2955476
22165,2955477
22166,2955479
22167,2955482
22168,2955483
22169,2955485
22170,2955486
22171,2955487
22172,2955488
22173,2955490
22174,2955491
22175,2955492
22176,2955493
22177,2955494
22178,2955495
22179,2955498
22180,2955499
22181,2955500
22182,2955503
22183,2955505
22184,2955506
22185,2955507
22186,2955508
22187,2955510
22188,2955511
22189,2955518
22190,2955519
22191,2955520
22192,2955522
22193,2955524
22194,2955525
22195,2955526
22196,2955527
22197,2955528
22198,2955531
22199,2955532
22200,2955533
22201,2955534
22202,2955535
22203,2955540
22204,2955541
22205,2955543
22206,2955545
22207,2955547
22208,2955548
22209,2955550
22210,2955551
22211,2955552
22212,2955555
22213,2955556
22214,2955557
22215,2955558
22216,2955559
22217,2955561
22218,2955562
22219,2955563
22220,2955569
22221,2955570
22222,2955571
22223,2955578
22224,2955579
22225,2955580
22226,2955581
22227,2955583
22228,2955584
22229,2955585
22230,2955586
22231,2955587
22232,2955588
22233,2955589
22234,2955590
22235,2955591
22236,2955593
22237,2955594
22238,2955595
22239,2955598
22240,2955599
22241,2955600
22242,2955601
22243,2955602
22244,2955605
22245,2955606
22246,2955607
22247,2955608
22248,2955610
22249,2955612
22250,2955613
22251,2955614
22252,2955616
22253,2955617
22254,2955618
22255,2955619
22256,2955621
22257,2955622
22258,2955623
22259,2955625
22260,2955626
22261,2955627
22262,2955628
22263,2955630
22264,2955632
22265,2955635
22266,2955639
22267,2955640
22268,2955642
22269,2955644
22270,2955646
22271,2955648
22272,2955650
22273,2955651
22274,2955652
22275,2955653
22276,2955654
22277,2955655
22278,2955657
22279,2955658
22280,2955660
22281,2955661
22282,2955662
22283,2955664
22284,2955665
22285,2955666
22286,2955667
22287,2955669
22288,2955670
22289,2955671
22290,2955672
22291,2955673
22292,2955674
22293,2955675
22294,2955677
22295,2955678
22296,2955679
22297,2955680
22298,2955681
22299,2955682
22300,2955684
22301,2955686
22302,2955687
22303,2955688
22304,2955689
22305,2955690
22306,2955691
22307,2955693
22308,2955694
22309,2955697
22310,2955698
22311,2955699
22312,2955701
22313,2955702
22314,2955703
22315,2955705
22316,2955707
22317,2955708
22318,2955712
22319,2955720
22320,2955721
22321,2955722
22322,2955725
22323,2955726
22324,2955727
22325,2955728
22326,2955729
22327,2955730
22328,2955732
22329,2955734
22330,2955738
22331,2955739
22332,2955740
22333,2955742
22334,2955743
22335,2955744
22336,2955746
22337,2955747
22338,2955749
22339,2955750
22340,2955751
22341,2955752
22342,2955756
22343,2955757
22344,2955758
22345,2955759
22346,2955760
22347,2955761
22348,2955762
22349,2955765
22350,2955766
22351,2955767
22352,2955768
22353,2955770
22354,2955772
22355,2955774
22356,2955775
22357,2955776
22358,2955777
22359,2955778
22360,2955779
22361,2955781
22362,2955783
22363,2955784
22364,2955785
22365,2955786
22366,2955787
22367,2955790
22368,2955792
22369,2955793
22370,2955794
22371,2955795
22372,2955796
22373,2955797
22374,2955798
22375,2955799
22376,2955800
22377,2955801
22378,2955802
22379,2955803
22380,2955804
22381,2955805
22382,2955806
22383,2955833
22384,2955835
22385,2955836
22386,2955837
22387,2955838
22388,2955839
22389,2955847
22390,2955848
22391,2955849
22392,2955850
22393,2955851
22394,2955852
22395,2955853
22396,2955855
22397,2955856
22398,2955861
22399,2955863
22400,2955864
22401,2955865
22402,2955868
22403,2955869
22404,2955870
22405,2955873
22406,2955874
22407,2955875
22408,2955881
22409,2955883
22410,2955884
22411,2955895
22412,2955896
22413,2955898
22414,2955899
22415,2955901
22416,2955902
22417,2955903
22418,2955906
22419,2955908
22420,2955909
22421,2955910
22422,2955914
22423,2955915
22424,2955919
22425,2955922
22426,2955923
22427,2955924
22428,2955926
22429,2955927
22430,2955928
22431,2955929
22432,2955935
22433,2955938
22434,2955939
22435,2955940
22436,2955941
22437,2955948
22438,2955950
22439,2955951
22440,2955953
22441,2955957
22442,2955959
22443,2955964
22444,2955967
22445,2955969
22446,2955970
22447,2955972
22448,2955980
22449,2955981
22450,2955982
22451,2955984
22452,2955985
22453,2955986
22454,2955987
22455,2955988
22456,2955992
22457,2955993
22458,2955995
22459,2955997
22460,2955999
22461,2956002
22462,2956003
22463,2956005
22464,2956008
22465,2956009
22466,2956010
22467,2956011
22468,2956012
22469,2956013
22470,2956014
22471,2956028
22472,2956034
22473,2956036
22474,2956037
22475,2956038
22476,2956039
22477,2956040
22478,2956041
22479,2956045
22480,2956046
22481,2956047
22482,2956050
22483,2956051
22484,2956054
22485,2956058
22486,2956060
22487,2956062
22488,2956063
22489,2956064
22490,2956065
22491,2956067
22492,2956068
22493,2956071
22494,2956073
22495,2956074
22496,2956077
22497,2956086
22498,2956088
22499,2956097
22500,2956099
22501,2956100
22502,2956101
22503,2956103
22504,2956104
22505,2956105
22506,2956107
22507,2956108
22508,2956111
22509,2956130
22510,2956137
22511,2956139
22512,2956140
22513,2956141
22514,2956142
22515,2956143
22516,2956144
22517,2956145
22518,2956146
22519,2956147
22520,2956148
22521,2956149
22522,2956150
22523,2956151
22524,2956153
22525,2956154
22526,2956155
22527,2956158
22528,2956160
22529,2956161
22530,2956163
22531,2956167
22532,2956168
22533,2956169
22534,2956170
22535,2956171
22536,2956172
22537,2956173
22538,2956175
22539,2956176
22540,2956177
22541,2956178
22542,2956179
22543,2956180
22544,2956181
22545,2956183
22546,2956184
22547,2956186
22548,2956187
22549,2956188
22550,2956190
22551,2956193
22552,2956198
22553,2956199
22554,2956201
22555,2956202
22556,2956203
22557,2956204
22558,2956205
22559,2956206
22560,2956207
22561,2956208
22562,2956209
22563,2956213
22564,2956221
22565,2956222
22566,2956224
22567,2956229
22568,2956230
22569,2956231
22570,2956232
22571,2956241
22572,2956243
22573,2956245
22574,2956246
22575,2956247
22576,2956248
22577,2956249
22578,2956250
22579,2956252
22580,2956253
22581,2956265
22582,2956266
22583,2956269
22584,2956270
22585,2956271
22586,2956272
22587,2956274
22588,2956275
22589,2956276
22590,2956277
22591,2956278
22592,2956281
22593,2956282
22594,2956283
22595,2956284
22596,2956287
22597,2956288
22598,2956290
22599,2956292
22600,2956293
22601,2956296
22602,2956297
22603,2956299
22604,2956300
22605,2956301
22606,2956302
22607,2956303
22608,2956304
22609,2956305
22610,2956306
22611,2956307
22612,2956308
22613,2956312
22614,2956313
22615,2956320
22616,2956331
22617,2956332
22618,2956333
22619,2956334
22620,2956335
22621,2956336
22622,2956337
22623,2956338
22624,2956339
22625,2956345
22626,2956346
22627,2956347
22628,2956348
22629,2956349
22630,2956350
22631,2956351
22632,2956356
22633,2956359
22634,2956360
22635,2956361
22636,2956363
22637,2956368
22638,2956369
22639,2956370
22640,2956371
22641,2956372
22642,2956373
22643,2956374
22644,2956378
22645,2956379
22646,2956380
22647,2956388
22648,2956392
22649,2956394
22650,2956395
22651,2956399
22652,2956400
22653,2956402
22654,2956403
22655,2956404
22656,2956405
22657,2956406
22658,2956409
22659,2956410
22660,2956411
22661,2956412
22662,2956413
22663,2956414
22664,2956415
22665,2956416
22666,2956417
22667,2956419
22668,2956420
22669,2956421
22670,2956422
22671,2956425
22672,2956426
22673,2956430
22674,2956439
22675,2956444
22676,2956445
22677,2956446
22678,2956447
22679,2956448
22680,2956449
22681,2956450
22682,2956451
22683,2956454
22684,2956455
22685,2956456
22686,2956457
22687,2956458
22688,2956459
22689,2956460
22690,2956461
22691,2956462
22692,2956467
22693,2956468
22694,2956473
22695,2956478
22696,2956479
22697,2956480
22698,2956481
22699,2956482
22700,2956483
22701,2956484
22702,2956485
22703,2956486
22704,2956487
22705,2956488
22706,2956489
22707,2956490
22708,2956491
22709,2956492
22710,2956493
22711,2956494
22712,2956496
22713,2956497
22714,2956498
22715,2956499
22716,2956500
22717,2956501
22718,2956504
22719,2956505
22720,2956506
22721,2956509
22722,2956510
22723,2956512
22724,2956513
22725,2956514
22726,2956515
22727,2956516
22728,2956518
22729,2956519
22730,2956522
22731,2956523
22732,2956524
22733,2956525
22734,2956526
22735,2956527
22736,2956528
22737,2956530
22738,2956538
22739,2956539
22740,2956541
22741,2956542
22742,2956546
22743,2956548
22744,2956551
22745,2956554
22746,2956556
22747,2956558
22748,2956561
22749,2956562
22750,2956564
22751,2956565
22752,2956569
22753,2956573
22754,2956576
22755,2956583
22756,2956584
22757,2956586
22758,2956587
22759,2956588
22760,2956593
