Id,Label
0,Bradyrhizobium_sp._CCBAU_53351
1,Bradyrhizobium_sp._195
2,Bradyrhizobium_sp._200
3,Bradyrhizobium_sp._CCBAU_51753
4,Bradyrhizobium_sp._170
5,Bradyrhizobium_sp._CCBAU_051011
6,Bradyrhizobium_sp._A19
7,Bradyrhizobium_sp._CCBAU_51765
8,Bradyrhizobium_sp._BTAi1
9,Bradyrhizobium_sp._ORS_278
10,Bradyrhizobium_sp._ORS_285
11,Bradyrhizobium_sp._SK17
12,Bradyrhizobium_sp._186
13,Bradyrhizobium_sp._1(2017)
14,Bradyrhizobium_sp._191
15,Bradyrhizobium_sp._I71
16,Bradyrhizobium_sp._CCBAU_53340
17,Bradyrhizobium_sp._CCBAU_53338
18,Bradyrhizobium_sp._CCBAU_53421
19,Bradyrhizobium_sp._CCGE-LA001
20,Bradyrhizobium_sp._6(2017)
21,Bradyrhizobium_sp._S2-11-2
22,Bradyrhizobium_sp._S2-20-1
23,Bradyrhizobium_sp._41S5
24,Bradyrhizobium_sp._S2-11-4
25,Bradyrhizobium_sp._C-145
26,Bradyrhizobium_sp.
27,Bradyrhizobium_sp._4
28,Bradyrhizobium_sp._40
29,Bradyrhizobium_sp._192
30,Bradyrhizobium_sp._144S4
31,Bradyrhizobium_sp._323S2
32,Bradyrhizobium_sp._LCT2
33,Bradyrhizobium_sp._SG09
34,Bradyrhizobium_sp._TM102
35,Bradyrhizobium_sp._187
36,Bradyrhizobium_sp._1S5
37,Bradyrhizobium_sp._38S5
38,Bradyrhizobium_sp._172
39,Bradyrhizobium_sp._131
40,Bradyrhizobium_sp._CW1
41,Bradyrhizobium_sp._155
42,Bradyrhizobium_sp._CCBAU_21365
43,Bradyrhizobium_diazoefficiens
44,Bradyrhizobium_erythrophlei
45,Bradyrhizobium_guangxiense
46,Bradyrhizobium_icense
47,Bradyrhizobium_paxllaeri
48,Bradyrhizobium_lablabi
49,Bradyrhizobium_japonicum
50,Bradyrhizobium_genosp._L
51,Bradyrhizobium_oligotrophicum
52,Bradyrhizobium_canariense
53,Bradyrhizobium_arachidis
54,Bradyrhizobium_vignae
55,Bradyrhizobium_guangdongense
56,Bradyrhizobium_amphicarpaeae
57,Bradyrhizobium_cosmicum
58,Bradyrhizobium_genosp._B
59,Bradyrhizobium_guangzhouense
60,Bradyrhizobium_quebecense
61,Bradyrhizobium_daqingense
62,Bradyrhizobium_symbiodeficiens
63,Bradyrhizobium_septentrionale
64,Bradyrhizobium_betae
65,Bradyrhizobium_zhanjiangense
66,Bradyrhizobium_elkanii
67,Bradyrhizobium_ottawaense
68,Rhodopseudomonas_palustris
69,Rhodopseudomonas_sp._SK50-23
70,Rhodopseudomonas_boonkerdii
71,Tardiphaga_sp._37S4
72,Tardiphaga_sp._vice154
73,Tardiphaga_sp._vice278
74,Tardiphaga_sp._vice304
75,Tardiphaga_sp._vice352
76,Tardiphaga_robiniae
77,Variibacter_gotjawalensis
78,Afipia_carboxidovorans
79,Afipia_sp._GAS231
80,Nitrobacter_hamburgensis
81,Nitrobacter_winogradskyi
82,Rhizobium_sp._BG4
83,Rhizobium_sp._WYJ-E13
84,Rhizobium_sp._AB2/73
85,Rhizobium_sp._NXC24
86,Rhizobium_sp._ACO-34A
87,Rhizobium_sp._SL42
88,Rhizobium_sp._WL3
89,Rhizobium_sp._11515TR
90,Rhizobium_sp._NZLR1
91,Rhizobium_sp._CIAT894
92,Rhizobium_sp._NXC14
93,Rhizobium_sp._NLR16a
94,Rhizobium_sp._K102
95,Rhizobium_sp._C104
96,Rhizobium_sp._L51/94
97,Rhizobium_sp._X9
98,Rhizobium_sp._007
99,Rhizobium_sp._Kim5
100,Rhizobium_sp._IE4771
101,Rhizobium_sp._TAL182
102,Rhizobium_sp._NIBRBAC000502774
103,Rhizobium_sp._ZX09
104,Rhizobium_sp._B230/85
105,Rhizobium_sp._Y9
106,Rhizobium_sp._N324
107,Rhizobium_sp._CCGE531
108,Rhizobium_sp._T136
109,Rhizobium_sp._B21/90
110,Rhizobium_sp._CCGE532
111,Rhizobium_leguminosarum
112,Rhizobium_etli
113,Rhizobium_pseudoryzae
114,Rhizobium_jaguaris
115,Rhizobium_gallicum
116,Rhizobium_phaseoli
117,Rhizobium_bangladeshense
118,Rhizobium_tropici
119,Rhizobium_lentis
120,Rhizobium_rhizoryzae
121,Rhizobium_daejeonense
122,Rhizobium_rosettiformans
123,Rhizobium_binae
124,Rhizobium_indicum
125,Rhizobium_acidisoli
126,Rhizobium_pusense
127,Rhizobium_oryzihabitans
128,Rhizobium_laguerreae
129,Rhizobium_hidalgonense
130,Rhizobium_ruizarguesonis
131,Rhizobium_favelukesii
132,Neorhizobium_galegae
133,Neorhizobium_sp._SOG26
134,Neorhizobium_sp._NCHU2750
135,Agrobacterium_tumefaciens
136,Agrobacterium_fabrum
137,Agrobacterium_fabacearum
138,Agrobacterium_vitis
139,Agrobacterium_sp._T29
140,Agrobacterium_sp._RAC06
141,Agrobacterium_sp._MA01
142,Agrobacterium_sp._CGMCC_11546
143,Agrobacterium_sp._S7/73
144,Agrobacterium_vaccinii
145,Agrobacterium_larrymoorei
146,Agrobacterium_rubi
147,Agrobacterium_salinitolerans
148,Agrobacterium_rhizogenes
149,Pseudorhizobium_flavum
150,Pseudorhizobium_banfieldiae
151,Sinorhizobium_meliloti
152,Sinorhizobium_fredii
153,Sinorhizobium_americanum
154,Sinorhizobium_sp._BG8
155,Sinorhizobium_sp._CCBAU_05631
156,Sinorhizobium_medicae
157,Ensifer_adhaerens
158,Ensifer_mexicanus
159,Ensifer_alkalisoli
160,Ensifer_sojae
161,Ensifer_sp._PDNC004
162,Ensifer_sp._T173
163,Shinella_sp._HZN7
164,Shinella_sp._PSBB067
165,Shinella_sp._XGS7
166,Shinella_sp._H4-D48
167,Shinella_zoogloeoides
168,Shinella_oryzae
169,Ciceribacter_thiooxidans
170,Georhizobium_profundi
171,Peteryoungia_desertarenae
172,Candidatus_Liberibacter_africanus
173,Liberibacter_crescens
174,Candidatus_Liberibacter_solanacearum
175,Candidatus_Liberibacter_asiaticus
176,Candidatus_Liberibacter_americanus
177,Mesorhizobium_sp._8
178,Mesorhizobium_sp._J8
179,Mesorhizobium_sp._B2-8-5
180,Mesorhizobium_sp._Pch-S
181,Mesorhizobium_sp._DCY119
182,Mesorhizobium_sp._M3A.F.Ca.ET.080.04.2.1
183,Mesorhizobium_sp._B1-1-8
184,Mesorhizobium_sp._M1B.F.Ca.ET.045.04.1.1
185,Mesorhizobium_sp._B2-1-1
186,Mesorhizobium_sp._M1E.F.Ca.ET.045.02.1.1
187,Mesorhizobium_sp._M1D.F.Ca.ET.043.01.1.1
188,Mesorhizobium_sp._M1A.F.Ca.IN.022.06.1.1
189,Mesorhizobium_sp._131-2-1
190,Mesorhizobium_sp._PAMC28654
191,Mesorhizobium_sp._INR15
192,Mesorhizobium_sp._M4B.F.Ca.ET.058.02.1.1
193,Mesorhizobium_sp._L-2-11
194,Mesorhizobium_sp._M9A.F.Ca.ET.002.03.1.2
195,Mesorhizobium_sp._M2A.F.Ca.ET.043.05.1.1
196,Mesorhizobium_sp._B2-1-8
197,Mesorhizobium_sp._M6A.T.Cr.TU.016.01.1.1
198,Mesorhizobium_sp._B4-1-4
199,Mesorhizobium_sp._M8A.F.Ca.ET.057.01.1.1
200,Mesorhizobium_sp._M7D.F.Ca.US.005.01.1.1
201,Mesorhizobium_sp._NZP2077
202,Mesorhizobium_sp._113-3-3
203,Mesorhizobium_sp._M7A.F.Ce.TU.012.03.2.1
204,Mesorhizobium_sp._113-1-2
205,Mesorhizobium_sp._L-8-10
206,Mesorhizobium_sp._NBSH29
207,Mesorhizobium_sp._L-8-3
208,Mesorhizobium_sp._113-3-9
209,Mesorhizobium_sp._M2A.F.Ca.ET.046.03.2.1
210,Mesorhizobium_sp._NZP2298
211,Mesorhizobium_sp._M2A.F.Ca.ET.043.02.1.1
212,Mesorhizobium_sp._AA22
213,Mesorhizobium_sp._WSM1497
214,Mesorhizobium_sp._131-3-5
215,Mesorhizobium_sp._131-2-5
216,Mesorhizobium_sp._NZP2234
217,Mesorhizobium_terrae
218,Mesorhizobium_opportunistum
219,Mesorhizobium_amorphae
220,Mesorhizobium_loti
221,Mesorhizobium_australicum
222,Mesorhizobium_ciceri
223,Mesorhizobium_erdmanii
224,Mesorhizobium_huakuii
225,Mesorhizobium_japonicum
226,Aquibium_microcysteis
227,Aquibium_oceanicum
228,Aminobacter_sp._MSH1
229,Aminobacter_sp._SR38
230,Aminobacter_sp._MDW-2
231,Aminobacter_aminovorans
232,Nitratireductor_sp._SY7
233,Nitratireductor_sp._OM-1
234,Nitratireductor_kimnyeongensis
235,Phyllobacterium_sp._T1018
236,Phyllobacterium_sp._628
237,Phyllobacterium_sp._T1293
238,Phyllobacterium_zundukense
239,Roseitalea_porphyridii
240,Hoeflea_sp._IMCC20628
241,Hoeflea_phototrophica
242,Oricola_thermophila
243,Salaquimonas_pukyongi
244,Lentilitoribacter_sp._Alg239-R112
245,Methylobacterium_nodulans
246,Methylobacterium_sp._17Sr1-1
247,Methylobacterium_sp._WL1
248,Methylobacterium_sp._C1
249,Methylobacterium_sp._XJLW
250,Methylobacterium_aquaticum
251,Methylobacterium_durans
252,Methylobacterium_radiodurans
253,Methylobacterium_currus
254,Methylobacterium_organophilum
255,Methylobacterium_terrae
256,Methylobacterium_mesophilicum
257,Methylobacterium_brachiatum
258,Methylobacterium_tardum
259,Methylobacterium_indicum
260,Methylobacterium_oryzae
261,Methylobacterium_radiotolerans
262,Methylobacterium_phyllosphaerae
263,Microvirga_sp._VF16
264,Microvirga_sp._17_mud_1-3
265,Microvirga_ossetica
266,Microvirga_thermotolerans
267,Methylorubrum_populi
268,Methylorubrum_extorquens
269,Methylorubrum_sp._B1-46
270,Methylorubrum_zatmanii
271,Pseudolabrys_sp._FHR47
272,Pseudolabrys_taiwanensis
273,Starkeya_sp._ORNL1
274,Starkeya_novella
275,Xanthobacter_dioxanivorans
276,Xanthobacter_sp._YC-JY1
277,Xanthobacter_autotrophicus
278,Ancylobacter_sp._TS-1
279,Ancylobacter_polymorphus
280,Ancylobacter_pratisalsi
281,Labrys_sp._KNU-23
282,Azorhizobium_caulinodans
283,Rhodoplanes_sp._Z2-YC6860
284,Hyphomicrobium_denitrificans
285,Hyphomicrobium_nitrativorans
286,Hyphomicrobium_sp._MC1
287,Methyloceanibacter_sp._wino2
288,Methyloceanibacter_caenitepidi
289,Aquabacter_sp._L1I39
290,Methyloligella_sp._GL2
291,Rhodomicrobium_vannielii
292,Caenibius_sp._WL
293,Caenibius_tardaugens
294,Candidatus_Filomicrobium_marinum
295,Devosia_sp._A16
296,Devosia_sp._JXJ_CY_41
297,Devosia_sp._SL43
298,Devosia_sp._1566
299,Devosia_sp._I507
300,Devosia_sp._MC521
301,Devosia_ginsengisoli
302,Devosia_salina
303,Devosia_beringensis
304,Devosia_oryziradicis
305,Devosia_rhizoryzae
306,Youhaiella_tibetensis
307,Paradevosia_shaoguanensis
308,Pelagibacterium_halotolerans
309,Maritalea_myrionectae
310,Bosea_sp._Tri-49
311,Bosea_sp._F3-2
312,Bosea_sp._RAC05
313,Bosea_sp._AS-1
314,Bosea_sp._ANAM02
315,Bosea_sp._PAMC_26642
316,Bosea_vaviloviae
317,Aureimonas_sp._SA4125
318,Aureimonas_sp._AU20
319,Aureimonas_sp._OT7
320,Aureimonas_populi
321,Aureimonas_mangrovi
322,Aureimonas_altamirensis
323,Martelella_sp._AD-3
324,Martelella_mediterranea
325,Martelella_endophytica
326,Martelella_lutilitoris
327,Aurantimonas_sp._HBX-1
328,Pseudorhodoplanes_sinuspersici
329,Nordella_sp._HKS_07
330,Terrihabitans_soli
331,Candidatus_Hodgkinia_cicadicola
332,Methylocystis_bryophila
333,Methylocystis_parvus
334,Methylocystis_heyeri
335,Methylocystis_sp._SC2
336,Methylocystis_sp._SB2
337,Methylocystis_rosea
338,Methylosinus_trichosporium
339,Methylosinus_sp._C49
340,Phreatobacter_stygius
341,Phreatobacter_cathodiphilus
342,Phreatobacter_sp._NMCR1094
343,Stappia_indica
344,Stappia_sp._ES.058
345,Pannonibacter_phragmitetus
346,Roseibium_aggregatum
347,Roseibium_alexandrii
348,Labrenzia_sp._VG12
349,Labrenzia_sp._PHM005
350,Labrenzia_sp._THAF82
351,Pseudovibrio_sp._FO-BEG1
352,Pseudovibrio_brasiliensis
353,Kaustia_mangrovi
354,Parvibaculum_lavamentivorans
355,Pyruvatibacter_mobilis
356,Candidatus_Phaeomarinobacter_ectocarpi
357,Chelatococcus_sp._CO-6
358,Chelatococcus_daeguensis
359,Methylocella_silvestris
360,Methylocella_tundrae
361,Methylovirgula_ligni
362,Methylovirgula_sp._HY1
363,Beijerinckia_indica
364,Blastochloris_tepida
365,Blastochloris_viridis
366,Kaistia_sp._32K
367,Brucella_anthropi
368,Brucella_intermedia
369,Brucella_sp._BTU1
370,Brucella_sp._10RB9215
371,Brucella_sp._09RB8910
372,Brucella_sp._6810
373,Brucella_sp._09RB8471
374,Brucella_sp._2280
375,Brucella_sp._BO3
376,Brucella_sp._458
377,Brucella_sp._BO2
378,[Ochrobactrum]_quorumnocens
379,Brucella_pseudogrignonensis
380,Brucella_pituitosa
381,Brucella_melitensis
382,Brucella_inopinata
383,Brucella_suis
384,Brucella_abortus
385,Brucella_ovis
386,Brucella_pinnipedialis
387,Pseudochrobactrum_sp._XF203
388,Pseudochrobactrum_sp._Wa41.01b-1
389,Pseudochrobactrum_algeriensis
390,Acuticoccus_sp._I52.16.1
391,Hartmannibacter_diazotrophicus
392,Breoghania_sp._L-A4
393,Lichenihabitans_psoromatis
394,Lichenihabitans_sp._PAMC28606
395,Cohaesibacter_sp._ES.047
396,Bartonella_apis
397,Bartonella_sp._HY038
398,Bartonella_sp._46A
399,Bartonella_sp._WD16.2
400,Bartonella_australis
401,Bartonella_quintana
402,Bartonella_vinsonii
403,Bartonella_bacilliformis
404,Bartonella_ancashensis
405,Bartonella_henselae
406,Bartonella_krasnovii
407,Bartonella_birtlesii
408,Bartonella_alsatica
409,Bartonella_kosoyi
410,Bartonella_clarridgeiae
411,Bartonella_bovis
412,Bartonella_grahamii
413,Sphingomonas_sp._DM2-R-LB4
414,Sphingomonas_sp._S8-45
415,Sphingomonas_sp._HDW15A
416,Sphingomonas_sp._Cra20
417,Sphingomonas_sp._LM7
418,Sphingomonas_sp._CL5.1
419,Sphingomonas_sp._MM-1
420,Sphingomonas_sp._AK-PDB1-5
421,Sphingomonas_sp._S2-65
422,Sphingomonas_sp._AP4-R1
423,Sphingomonas_sp._AAP5
424,Sphingomonas_sp._NBWT7
425,Sphingomonas_sp._FARSPH
426,Sphingomonas_sp._PAMC26645
427,Sphingomonas_sp._HMP9
428,Sphingomonas_sp._KC8
429,Sphingomonas_sp._HMP6
430,Sphingomonas_sp._LK11
431,Sphingomonas_sp._NIC1
432,Sphingomonas_sp._IC081
433,Sphingomonas_sediminicola
434,Sphingomonas_lutea
435,Sphingomonas_daechungensis
436,Sphingomonas_sabuli
437,Sphingomonas_sinipercae
438,Sphingomonas_ginsengisoli_An_et_al._2013
439,Sphingomonas_rhizophila
440,Sphingomonas_piscis
441,Sphingomonas_alpina
442,Sphingomonas_xanthus
443,Sphingomonas_profundi
444,Sphingomonas_sanxanigenens
445,Sphingomonas_hengshuiensis
446,Sphingomonas_changnyeongensis
447,Sphingomonas_koreensis
448,Sphingomonas_panacis
449,Sphingomonas_taxi
450,Sphingomonas_panacisoli
451,Sphingomonas_suaedae
452,Sphingomonas_radiodurans
453,Sphingomonas_insulae
454,Sphingomonas_aliaeris
455,Sphingomonas_paucimobilis
456,Sphingomonas_sanguinis
457,Sphingomonas_melonis
458,Sphingomonas_lacunae
459,Sphingomonas_paeninsulae
460,Sphingobium_sp._SYK-6
461,Sphingobium_sp._Cam5-1
462,Sphingobium_sp._TKS
463,Sphingobium_sp._EP60837
464,Sphingobium_sp._CAP-1
465,Sphingobium_sp._YG1
466,Sphingobium_sp._SCG-1
467,Sphingobium_sp._RAC03
468,Sphingobium_sp._KCTC_72723
469,Sphingobium_sp._MI1205
470,Sphingobium_sp._PAMC28499
471,Sphingobium_sp._YBL2
472,Sphingobium_sp._RSMS
473,Sphingobium_sp._LF-16
474,Sphingobium_yanoikuyae
475,Sphingobium_amiense
476,Sphingobium_indicum
477,Sphingobium_phenoxybenzoativorans
478,Sphingobium_cloacae
479,Sphingobium_xenophagum
480,Sphingobium_chlorophenolicum
481,Sphingobium_baderi
482,Sphingobium_herbicidovorans
483,Sphingobium_fuliginis
484,Sphingopyxis_sp._QXT-31
485,Sphingopyxis_sp._YF1
486,Sphingopyxis_sp._OPL5
487,Sphingopyxis_sp._PAMC25046
488,Sphingopyxis_sp._BSN-002
489,Sphingopyxis_sp._113P3
490,Sphingopyxis_sp._FD7
491,Sphingopyxis_sp._EG6
492,Sphingopyxis_sp._MG
493,Sphingopyxis_macrogoltabida
494,Sphingopyxis_terrae
495,Sphingopyxis_lindanitolerans
496,Sphingopyxis_fribergensis
497,Sphingopyxis_granuli
498,Sphingopyxis_alaskensis
499,Novosphingobium_sp._Gsoil_351
500,Novosphingobium_sp._Sx8-5
501,Novosphingobium_sp._EMRT-2
502,Novosphingobium_sp._P6W
503,Novosphingobium_sp._ES2-1
504,Novosphingobium_sp._THN1
505,Novosphingobium_sp._PP1Y
506,Novosphingobium_sp._KA1
507,Novosphingobium_aromaticivorans
508,Novosphingobium_resinovorum
509,Novosphingobium_decolorationis
510,Novosphingobium_ginsenosidimutans
511,Novosphingobium_pentaromativorans
512,Rhizorhabdus_wittichii
513,Rhizorhabdus_dicambivorans
514,Rhizorhabdus_phycosphaerae
515,Allosphingosinicella_indica
516,Sphingosinithalassobacter_sp._CS137
517,Sphingosinithalassobacter_tenebrarum
518,Parasphingopyxis_algicola
519,Parasphingopyxis_sp._CP4
520,Sphingorhabdus_sp._YGSMI21
521,Sphingorhabdus_sp._SMR4y
522,Sphingorhabdus_sp._M41
523,Sphingorhabdus_lacus
524,Sphingorhabdus_lutea
525,Blastomonas_sp._RAC04
526,Blastomonas_fulva
527,Hankyongella_ginsenosidimutans
528,Tardibacter_chloracetimidivorans
529,Citromicrobium_sp._JL477
530,Novosphingopyxis_iocasae
531,Aquisediminimonas_profunda
532,Parasphingorhabdus_halotolerans
533,Parasphingorhabdus_sp._JHSY0214
534,Parasphingorhabdus_litoris
535,Erythrobacter_sp._HL-111
536,Erythrobacter_sp._HKB08
537,Erythrobacter_sp._SDW2
538,Erythrobacter_sp._JK5
539,Erythrobacter_sp._THAF29
540,Erythrobacter_sp._LQ02-29
541,Erythrobacter_sp._3-20A1M
542,Erythrobacter_sp._A30-3
543,Erythrobacter_sp._KY5
544,Erythrobacter_sp._SCSIO_43205
545,Erythrobacter_litoralis
546,Erythrobacter_mangrovi
547,Erythrobacter_neustonensis
548,Erythrobacter_aureus
549,Porphyrobacter_sp._CACIAM_03H1
550,Porphyrobacter_sp._LM_6
551,Porphyrobacter_sp._GA68
552,Porphyrobacter_sp._HT-58-2
553,Qipengyuania_flava
554,Qipengyuania_sediminis
555,Qipengyuania_soli
556,Qipengyuania_aurantiaca
557,Qipengyuania_gelatinilytica
558,Qipengyuania_seohaensis
559,Qipengyuania_xiapuensis
560,Qipengyuania_aquimaris
561,Qipengyuania_psychrotolerans
562,Altererythrobacter_sp._B11
563,Altererythrobacter_sp._TH136
564,Altererythrobacter_sp._BO-6
565,Altererythrobacter_sp._ZODW24
566,Altererythrobacter_epoxidivorans
567,Altererythrobacter_ishigakiensis
568,Tsuneonella_dongtanensis
569,Tsuneonella_amylolytica
570,Tsuneonella_mangrovi
571,Tsuneonella_flava
572,Croceicoccus_sp._YJ47
573,Croceicoccus_sp._Ery5
574,Croceicoccus_sp._Ery15
575,Croceicoccus_marinus
576,Croceicoccus_naphthovorans
577,Croceibacterium_atlanticum
578,Aurantiacibacter_gangjinensis
579,Aurantiacibacter_atlanticus
580,Pelagerythrobacter_marensis
581,Paraurantiacibacter_namhicola
582,Sphingosinicella_sp._BN140058
583,Sphingosinicella_flava
584,Sphingosinicella_microcystinivorans
585,Polymorphobacter_sp._PAMC_29362
586,Polymorphobacter_sp._PAMC_29334
587,Sandaracinobacter_sp._M6
588,Zymomonas_mobilis
589,Azospirillum_sp._B510
590,Azospirillum_sp._TSH100
591,Azospirillum_sp._TSA2s
592,Azospirillum_sp._TSH58
593,Azospirillum_brasilense
594,Azospirillum_thermophilum
595,Azospirillum_thiophilum
596,Azospirillum_ramasamyi
597,Azospirillum_humicireducens
598,Azospirillum_lipoferum
599,Azospirillum_oryzae
600,Azospirillum_baldaniorum
601,Skermanella_mucosa
602,Skermanella_rosea
603,Skermanella_sp._TT6
604,Skermanella_pratensis
605,Nitrospirillum_amazonense
606,Indioceanicola_profundi
607,Niveispirillum_cyanobacteriorum
608,Roseomonas_sp._OT10
609,Roseomonas_sp._S08
610,Roseomonas_sp._FDAARGOS_362
611,Roseomonas_gilardii
612,Roseomonas_haemaphysalidis
613,Roseomonas_marmotae
614,Roseomonas_mucosa
615,Rhodovastum_atsumiense
616,Komagataeibacter_xylinus
617,Komagataeibacter_saccharivorans
618,Komagataeibacter_nataicola
619,Komagataeibacter_oboediens
620,Komagataeibacter_europaeus
621,Komagataeibacter_medellinensis
622,Komagataeibacter_rhaeticus
623,Acidiphilium_multivorum
624,Acidiphilium_cryptum
625,Roseococcus_microcysteis
626,Sediminicoccus_rosea
627,Acidibrevibacterium_fodinaquatile
628,Lichenicola_cladoniae
629,Acetobacter_aceti
630,Acetobacter_persici
631,Acetobacter_sp._KACC_21233
632,Acetobacter_ghanensis
633,Acetobacter_pasteurianus
634,Acetobacter_tropicalis
635,Acetobacter_orientalis
636,Acetobacter_senegalensis
637,Acetobacter_ascendens
638,Acetobacter_oryzoeni
639,Acetobacter_oryzifermentans
640,Acetobacter_pomorum
641,Gluconobacter_oxydans
642,Gluconobacter_albidus
643,Gluconobacter_sphaericus
644,Gluconobacter_frateurii
645,Gluconobacter_thailandicus
646,Gluconacetobacter_diazotrophicus
647,Granulibacter_bethesdensis
648,Asaia_bogorensis
649,Neoasaia_chiangmaiensis
650,Kozakia_baliensis
651,Novacetimonas_hansenii
652,Oecophyllibacter_saccharovorans
653,Parasaccharibacter_sp._TMW_2.1888
654,Parasaccharibacter_apium
655,Swingsia_sp._F3b2
656,Swingsia_samuiensis
657,Neokomagataea_tanensis
658,Entomobacter_blattae
659,Bombella_sp._KACC_21507
660,Hypericibacter_adhaerens
661,Hypericibacter_terrae
662,Magnetospirillum_sp._XM-1
663,Magnetospirillum_sp._ME-1
664,Magnetospirillum_gryphiswaldense
665,Magnetospirillum_magneticum
666,Ferrovibrio_terrae
667,Rhodospirillum_centenum
668,Rhodospirillum_rubrum
669,Tistrella_mobilis
670,Defluviicoccus_vanus
671,Pararhodospirillum_photometricum
672,Haematospirillum_jordaniae
673,Candidatus_Endolissoclinum_faulkneri
674,Stella_humosa
675,Elioraea_tepida
676,Thalassospira_sp._A40-3
677,Thalassospira_sp._B30-1
678,Thalassospira_marina
679,Thalassospira_indica
680,Thalassospira_xiamenensis
681,Magnetospira_sp._QH-2
682,Terasakiella_sp._SH-1
683,Paracoccus_sp._MC1862
684,Paracoccus_sp._MA
685,Paracoccus_sp._AK26
686,Paracoccus_sp._H4-D09
687,Paracoccus_sp._S8-55
688,Paracoccus_sp._Arc7-R13
689,Paracoccus_sanguinis
690,Paracoccus_yeei
691,Paracoccus_liaowanqingii
692,Paracoccus_denitrificans
693,Paracoccus_zhejiangensis
694,Paracoccus_pantotrophus
695,Paracoccus_aminovorans
696,Paracoccus_suum
697,Paracoccus_contaminans
698,Paracoccus_aminophilus
699,Paracoccus_jeotgali
700,Paracoccus_tegillarcae
701,Paracoccus_kondratievae
702,Paracoccus_marcusii
703,Paracoccus_mutanolyticus
704,Cereibacter_sphaeroides
705,Cereibacter_azotoformans
706,Rhodobacter_sp._CZR27
707,Rhodobacter_sp._N10
708,Rhodobacter_sp._LPB0142
709,Rhodobacter_capsulatus
710,Rhodovulum_sp._P5
711,Rhodovulum_sp._MB263
712,Rhodovulum_sulfidophilum
713,Polymorphum_gilvum
714,Paroceanicella_profunda
715,Pikeienuella_piscinae
716,Thioclava_electrotropha
717,Thioclava_nitratireducens
718,Pontivivens_ytuae
719,Silicimonas_algicola
720,Pelagovum_pacificum
721,Frigidibacter_mobilis
722,Pukyongiella_litopenaei
723,Brevirhabdus_pacifica
724,Fuscovulum_blasticum
725,Gymnodinialimonas_ceratoperidinii
726,Haematobacter_massiliensis
727,Falsirhodobacter_sp._PG104
728,Gemmobacter_aquarius
729,Pseudopuniceibacterium_antarcticum
730,Pacificitalea_manganoxidans
731,Tabrizicola_piscis
732,Pseudooceanicola_algae
733,Monaibacterium_sp._h42
734,Roseicitreum_antarcticum
735,Tritonibacter_mobilis
736,Yoonia_vestfoldensis
737,Qingshengfaniella_alkalisoli
738,Rhodophyticola_sp._CCM32
739,Pseudohalocynthiibacter_aestuariivivens
740,Profundibacter_amoris
741,Rhodobaca_barguzinensis
742,Pseudorhodobacter_turbinis
743,Parasedimentitalea_marina
744,Cognatishimia_activa
745,Aestuarium_zhoushanense
746,Planktomarina_temperata
747,Roseovarius_sp._SCSIO_43702
748,Roseovarius_sp._THAF9
749,Roseovarius_sp._THAF27
750,Roseovarius_sp._THAF8
751,Roseovarius_sp._TM1035
752,Roseovarius_indicus
753,Roseovarius_faecimaris
754,Roseovarius_mucosus
755,Sulfitobacter_sp._JK7-1
756,Sulfitobacter_sp._THAF37
757,Sulfitobacter_sp._D7
758,Sulfitobacter_sp._JL08
759,Sulfitobacter_sp._SK011
760,Sulfitobacter_sp._BSw21498
761,Sulfitobacter_sp._DSM_110093
762,Sulfitobacter_sp._SK012
763,Sulfitobacter_sp._SK025
764,Sulfitobacter_sp._CB2047
765,Sulfitobacter_sp._B30-2
766,Sulfitobacter_alexandrii
767,Sulfitobacter_mediterraneus
768,Sulfitobacter_indolifex
769,Sulfitobacter_dubius
770,Sulfitobacter_pontiacus
771,Salipiger_profundus
772,Salipiger_abyssi
773,Salipiger_sp._CCB-MM3
774,Roseivivax_sp._THAF30
775,Roseivivax_sp._THAF197b
776,Roseivivax_sp._THAF40
777,Roseivivax_marinus
778,Celeribacter_indicus
779,Celeribacter_ethanolicus
780,Celeribacter_baekdonensis
781,Celeribacter_marinus
782,Phaeobacter_gallaeciensis
783,Phaeobacter_inhibens
784,Phaeobacter_piscinae
785,Phaeobacter_porticola
786,Phaeobacter_sp._LSS9
787,Leisingera_aquaemixtae
788,Leisingera_sp._NJS201
789,Leisingera_sp._NJS204
790,Leisingera_methylohalidivorans
791,Ruegeria_sp._TM1040
792,Ruegeria_sp._THAF33
793,Ruegeria_sp._SCSIO_43209
794,Ruegeria_sp._AD91A
795,Ruegeria_pomeroyi
796,Sulfitobacter_pseudonitzschiae
797,Pseudosulfitobacter_sp._DSM_107133
798,Sagittula_sp._P11
799,Yangia_pacifica
800,Ponticoccus_alexandrii
801,Mameliella_alba
802,Dinoroseobacter_shibae
803,Roseobacter_ponti
804,Roseobacter_denitrificans
805,Roseobacter_litoralis
806,Ketogulonicigenium_vulgare
807,Ketogulonicigenium_robustum
808,Octadecabacter_sp._SW4
809,Octadecabacter_arcticus
810,Octadecabacter_antarcticus
811,Octadecabacter_temperatus
812,Oceanicola_sp._D3
813,Actibacterium_sp._EMB200-NS6
814,Roseibacterium_elongatum
815,Thalassococcus_sp._S3
816,Maribius_sp._THAF1
817,Tateyamaria_omphalii
818,Antarctobacter_heliothermus
819,Jannaschia_sp._CCS1
820,Thalassobius_gelatinovorus
821,Falsihalocynthiibacter_arcticus
822,Caulobacter_sp._S6
823,Caulobacter_sp._FWC26
824,Caulobacter_segnis
825,Caulobacter_mirabilis
826,Caulobacter_flavus
827,Caulobacter_vibrioides
828,Caulobacter_rhizosphaerae
829,Caulobacter_soli
830,Caulobacter_henricii
831,Brevundimonas_sp._PAMC22021
832,Brevundimonas_sp._M20
833,Brevundimonas_sp._LM2
834,Brevundimonas_sp._MF30-B
835,Brevundimonas_sp._AJA228-03
836,Brevundimonas_sp._SGAir0440
837,Brevundimonas_sp._CS1
838,Brevundimonas_sp._DS20
839,Brevundimonas_sp._GW460-12-10-14-LB2
840,Brevundimonas_sp._'scallop'
841,Brevundimonas_sp._Bb-A
842,Brevundimonas_naejangsanensis
843,Brevundimonas_goettingensis
844,Brevundimonas_albigilva
845,Brevundimonas_subvibrioides
846,Brevundimonas_pondensis
847,Brevundimonas_vitisensis
848,Brevundimonas_diminuta
849,Brevundimonas_mediterranea
850,Brevundimonas_nasdae
851,Brevundimonas_vesicularis
852,Brevundimonas_vancanneytii
853,Phenylobacterium_zucineum
854,Phenylobacterium_parvum
855,Terricaulis_silvestris
856,Asticcacaulis_excentricus
857,Asticcacaulis_sp._AND118
858,Candidatus_Viadribacter_manganicus
859,Hyphomonas_sp._CACIAM_19H1
860,Hyphomonas_sp._Mor2
861,Hyphomonas_sp._KY3
862,Hyphomonas_neptunium
863,Hirschia_baltica
864,Marinicauda_algicola
865,Maricaulis_maris
866,Glycocaulis_alkaliphilus
867,Hyphobacterium_sp._CCMP332
868,Aquisalinus_flavus
869,Parvularcula_bermudensis
870,Anaplasma_ovis
871,Anaplasma_platys
872,Anaplasma_phagocytophilum
873,Anaplasma_marginale
874,Wolbachia_endosymbiont_of_Folsomia_candida
875,Wolbachia_endosymbiont_of_Cruorifilaria_tuberocauda
876,Wolbachia_endosymbiont_of_Ctenocephalides_felis_wCfeJ
877,Ehrlichia_ruminantium
878,Ehrlichia_canis
879,Neorickettsia_findlayensis
880,Candidatus_Neoehrlichia_mikurensis
881,Rickettsia_tillamookensis
882,Rickettsia_endosymbiont_of_Ixodes_scapularis
883,Rickettsia_akari
884,Rickettsia_conorii
885,Rickettsia_endosymbiont_of_Oedothorax_gibbosus
886,Rickettsia_endosymbiont_of_Bemisia_tabaci
887,Rickettsia_bellii
888,Rickettsia_canadensis
889,Rickettsia_typhi
890,Orientia_tsutsugamushi
891,Candidatus_Sneabacter_namystus
892,Candidatus_Phycorickettsia_trachydisci
893,Candidatus_Midichloria_mitochondrii
894,Candidatus_Fokinia_solitaria
895,Rickettsiales_endosymbiont_of_Stachyamoeba_lipophora
896,Candidatus_Deianiraea_vastatrix
897,Micavibrio_aeruginosavorus
898,Candidatus_Puniceispirillum_marinum
899,Luteithermobacter_gelatinilyticus
900,Paremcibacter_congregatus
901,Candidatus_Hydrogenosomobacter_endosymbioticus
902,endosymbiont_of_Acanthamoeba_sp._UWC8
903,Candidatus_Cytomitobacter_indipagum
904,Candidatus_Cytomitobacter_primus
905,Candidatus_Nesciobacter_abundans
906,Candidatus_Gromoviella_agglomerans
907,Candidatus_Nucleicultrix_amoebiphila
908,Candidatus_Paracaedibacter_acanthamoebae
909,Magnetococcus_marinus
910,Candidatus_Pelagibacter_sp._RS40
911,Candidatus_Pelagibacter_sp._IMCC9063
912,Candidatus_Pelagibacter_sp._HIMB1321
913,Candidatus_Pelagibacter_sp._RS39
914,Candidatus_Pelagibacter_sp._FZCC0015
915,Candidatus_Fonsibacter_ubiquis
916,Kordiimonas_pumila
917,Burkholderia_multivorans
918,Burkholderia_ubonensis
919,Burkholderia_cenocepacia
920,Burkholderia_cepacia
921,Burkholderia_pyrrocinia
922,Burkholderia_contaminans
923,Burkholderia_ambifaria
924,Burkholderia_stagnalis
925,Burkholderia_anthina
926,Burkholderia_dolosa
927,Burkholderia_stabilis
928,Burkholderia_lata
929,Burkholderia_territorii
930,Burkholderia_seminalis
931,Burkholderia_vietnamiensis
932,Burkholderia_metallica
933,Burkholderia_diffusa
934,Burkholderia_pseudomultivorans
935,Burkholderia_latens
936,Burkholderia_aenigmatica
937,Burkholderia_pseudomallei
938,Burkholderia_mayonis
939,Burkholderia_thailandensis
940,Burkholderia_oklahomensis
941,Burkholderia_savannae
942,Burkholderia_sp._MSMB1588
943,Burkholderia_mallei
944,Burkholderia_sp._MSMB617WGS
945,Burkholderia_sp._DHOD12
946,Burkholderia_sp._Bp7605
947,Burkholderia_sp._NRF60-BP8
948,Burkholderia_sp._MSMB0856
949,Burkholderia_sp._LA-2-3-30-S1-D2
950,Burkholderia_sp._JP2-270
951,Burkholderia_sp._PAMC_26561
952,Burkholderia_sp._MS455
953,Burkholderia_sp._PAMC_28687
954,Burkholderia_sp._IDO3
955,Burkholderia_sp._KBS0801
956,Burkholderia_sp._LAS2
957,Burkholderia_sp._KJ006
958,Burkholderia_sp._MBR-1
959,Burkholderia_sp._MS389
960,Burkholderia_sp._B21-005
961,Burkholderia_sp._B21-007
962,Burkholderia_gladioli
963,Burkholderia_glumae
964,Burkholderia_plantarii
965,Burkholderia_perseverans
966,Cupriavidus_taiwanensis
967,Cupriavidus_pauculus
968,Cupriavidus_sp._EM10
969,Cupriavidus_sp._MP-37
970,Cupriavidus_sp._ISTL7
971,Cupriavidus_sp._KK10
972,Cupriavidus_sp._USMAA2-4
973,Cupriavidus_sp._USMAHM13
974,Cupriavidus_basilensis
975,Cupriavidus_oxalaticus
976,Cupriavidus_necator
977,Cupriavidus_campinensis
978,Cupriavidus_metallidurans
979,Cupriavidus_pinatubonensis
980,Cupriavidus_gilardii
981,Cupriavidus_nantongensis
982,Cupriavidus_neocaledonicus
983,Cupriavidus_malaysiensis
984,Paraburkholderia_sp._SOS3
985,Paraburkholderia_sp._PGU16
986,Paraburkholderia_sp._PGU19
987,Paraburkholderia_pallida
988,Paraburkholderia_aromaticivorans
989,Paraburkholderia_caribensis
990,Paraburkholderia_acidisoli
991,Paraburkholderia_tropica
992,Paraburkholderia_acidiphila
993,Paraburkholderia_edwinii
994,Paraburkholderia_terricola
995,Paraburkholderia_phytofirmans
996,Paraburkholderia_atlantica
997,Paraburkholderia_phenoliruptrix
998,Paraburkholderia_phymatum
999,Paraburkholderia_sprentiae
1000,Paraburkholderia_graminis
1001,Paraburkholderia_megapolitana
1002,Paraburkholderia_fungorum
1003,Paraburkholderia_ginsengisoli
1004,Paraburkholderia_terrae
1005,Paraburkholderia_caledonica
1006,Paraburkholderia_dokdonella
1007,Paraburkholderia_caffeinilytica
1008,Paraburkholderia_hospita
1009,Paraburkholderia_xenovorans
1010,Paraburkholderia_dioscoreae
1011,Ralstonia_solanacearum
1012,Ralstonia_insidiosa
1013,Ralstonia_mannitolilytica
1014,Ralstonia_pickettii
1015,Ralstonia_sp._56D2
1016,Ralstonia_syzygii
1017,Ralstonia_pseudosolanacearum
1018,Pandoraea_pnomenusa
1019,Pandoraea_pulmonicola
1020,Pandoraea_thiooxydans
1021,Pandoraea_vervacti
1022,Pandoraea_sp._XY-2
1023,Pandoraea_norimbergensis
1024,Pandoraea_faecigallinarum
1025,Pandoraea_apista
1026,Pandoraea_fibrosis
1027,Pandoraea_oxalativorans
1028,Pandoraea_sputorum
1029,Caballeronia_sp._Lep1P3
1030,Caballeronia_sp._TF1N1
1031,Caballeronia_sp._SL2Y3
1032,Caballeronia_sp._Sq4a
1033,Caballeronia_sp._M1242
1034,Caballeronia_sp._SBC2
1035,Caballeronia_sp._SBC1
1036,Caballeronia_zhejiangensis
1037,Caballeronia_insecticola
1038,Caballeronia_grimmiae
1039,Polynucleobacter_sp._MWH-UH24A
1040,Polynucleobacter_sp._MWH-P3-07-1
1041,Polynucleobacter_sp._MWH-UH21B
1042,Polynucleobacter_sp._AP-Nino-20-G2
1043,Polynucleobacter_sp._AP-Ainpum-60-G11
1044,Polynucleobacter_sp._MWH-Aus1W21
1045,Polynucleobacter_sp._LimPoW16
1046,Polynucleobacter_sp._MWH-CaK5
1047,Polynucleobacter_sp._MWH-Spelu-300-X4
1048,Polynucleobacter_sp._MWH-Svant-W18
1049,Polynucleobacter_sp._JS-JIR-II-50
1050,Polynucleobacter_sp._MWH-UH35A
1051,Polynucleobacter_sp._MG-6-Vaara-E2
1052,Polynucleobacter_sp._AP-Titi-500A-B4
1053,Polynucleobacter_sp._TSB-Sco08W16
1054,Polynucleobacter_sp._AP-Sving-400A-A2
1055,Polynucleobacter_sp._VK25
1056,Polynucleobacter_sp._MWH-UH25E
1057,Polynucleobacter_sp._es-EL-1
1058,Polynucleobacter_sp._AP-Kolm-20A-A1
1059,Polynucleobacter_sp._MWH-UH2A
1060,Polynucleobacter_sp._AP-Elch-400A-B2
1061,Polynucleobacter_sp._MWH-Braz-FAM2G
1062,Polynucleobacter_sp._MWH-S4W17
1063,Polynucleobacter_sp._Adler-ghost
1064,Polynucleobacter_sp._JS-Mosq-20-D10
1065,Polynucleobacter_sp._es-MAR-2
1066,Polynucleobacter_sp._AP-Melu-1000-A1
1067,Polynucleobacter_sp._AP-Jannik-300A-C4
1068,Polynucleobacter_sp._UB-Siik-W21
1069,Polynucleobacter_sp._JS-JIR-II-b4
1070,Polynucleobacter_sp._MG-Unter2-18
1071,Polynucleobacter_sp._MG-5-Ahmo-C2
1072,Polynucleobacter_sp._AM-7D1
1073,Polynucleobacter_sp._JS-JIR-5-A7
1074,Polynucleobacter_sp._UB-Raua-W9
1075,Polynucleobacter_necessarius
1076,Polynucleobacter_asymbioticus
1077,Polynucleobacter_difficilis
1078,Polynucleobacter_acidiphobus
1079,Polynucleobacter_paneuropaeus
1080,Polynucleobacter_wuianus
1081,Polynucleobacter_duraquae
1082,Lautropia_mirabilis
1083,Chitinimonas_arctica
1084,Mycetohabitans_rhizoxinica
1085,Mycoavidus_sp._HKI
1086,Mycoavidus_sp._B2-EB
1087,Mycoavidus_cysteinexigens
1088,Limnobacter_sp._SAORIC-580
1089,Candidatus_Vallotia_cooleyia
1090,Candidatus_Vallotia_lariciata
1091,Candidatus_Vallotia_sp._(ex_Adelges_kitamiensis)
1092,Candidatus_Vallotia_tarda
1093,Ephemeroptericola_cinctiostellae
1094,Variovorax_sp._HW608
1095,Variovorax_sp._PBS-H4
1096,Variovorax_sp._PBL-H6
1097,Variovorax_sp._RA8
1098,Variovorax_sp._WDL1
1099,Variovorax_sp._PAMC_28711
1100,Variovorax_sp._RKNM96
1101,Variovorax_sp._PAMC28562
1102,Variovorax_sp._PAMC26660
1103,Variovorax_sp._SRS16
1104,Variovorax_sp._38R
1105,Variovorax_sp._PBL-E5
1106,Variovorax_sp._PDNC026
1107,Variovorax_sp._PMC12
1108,Variovorax_paradoxus
1109,Variovorax_boronicumulans
1110,Hydrogenophaga_sp._BA0156
1111,Hydrogenophaga_sp._YM1
1112,Hydrogenophaga_sp._PBC
1113,Hydrogenophaga_sp._BPS33
1114,Hydrogenophaga_sp._SL48
1115,Hydrogenophaga_sp._RAC07
1116,Hydrogenophaga_sp._PBL-H3
1117,Hydrogenophaga_sp._NH-16
1118,Hydrogenophaga_sp._PAMC20947
1119,Hydrogenophaga_taeniospiralis
1120,Hydrogenophaga_pseudoflava
1121,Hydrogenophaga_crassostreae
1122,Acidovorax_sp._YS12
1123,Acidovorax_sp._RAC01
1124,Acidovorax_sp._KKS102
1125,Acidovorax_sp._JMULE5
1126,Acidovorax_sp._HDW3
1127,Acidovorax_sp._1608163
1128,Acidovorax_sp._T1
1129,Acidovorax_avenae
1130,Acidovorax_monticola
1131,Acidovorax_antarcticus
1132,Acidovorax_carolinensis
1133,Acidovorax_citrulli
1134,Acidovorax_cattleyae
1135,Acidovorax_radicis
1136,Ramlibacter_tataouinensis
1137,Schlegelella_thermodepolymerans
1138,Schlegelella_brevitalea
1139,Comamonas_sp._NLF-7-7
1140,Comamonas_sp._NLF-1-9
1141,Comamonas_sp._B21-038
1142,Comamonas_sp._Y33R10-2
1143,Comamonas_serinivorans
1144,Comamonas_aquatica
1145,Comamonas_testosteroni
1146,Comamonas_odontotermitis
1147,Comamonas_koreensis
1148,Comamonas_piscis
1149,Comamonas_thiooxydans
1150,Comamonas_kerstersii
1151,Comamonas_fluminis
1152,Rhodoferax_sp._BAB1
1153,Rhodoferax_sp._AJA081-3
1154,Rhodoferax_sp._PAMC_29310
1155,Rhodoferax_sp._MIZ03
1156,Rhodoferax_koreense
1157,Rhodoferax_sediminis
1158,Rhodoferax_ferrireducens
1159,Rhodoferax_saidenbachensis
1160,Rhodoferax_antarcticus
1161,Rhodoferax_aquaticus
1162,Diaphorobacter_sp._HDW4A
1163,Diaphorobacter_sp._HDW4B
1164,Diaphorobacter_sp._MNS-0
1165,Diaphorobacter_sp._JS3051
1166,Diaphorobacter_sp._JS3050
1167,Diaphorobacter_ruginosibacter
1168,Diaphorobacter_aerolatus
1169,Diaphorobacter_nitroreducens
1170,[Acidovorax]_ebreus
1171,Delftia_tsuruhatensis
1172,Delftia_acidovorans
1173,Delftia_lacustris
1174,Delftia_sp._Cs1-4
1175,Delftia_sp._HK171
1176,Kinneretia_sp._DAIF2
1177,Kinneretia_sp._XES5
1178,Polaromonas_sp._JS666
1179,Polaromonas_naphthalenivorans
1180,Polaromonas_vacuolata
1181,Ottowia_sp._27C
1182,Ottowia_sp._oral_taxon_894
1183,Ottowia_oryzae
1184,Alicycliphilus_denitrificans
1185,Melaminivora_sp._SC2-9
1186,Melaminivora_jejuensis
1187,Serpentinimonas_maccroryi
1188,Serpentinimonas_raichei
1189,Verminephrobacter_eiseniae
1190,Hylemonella_gracilis
1191,Pulveribacter_suum
1192,Simplicispira_suum
1193,Limnohabitans_sp._63ED37-2
1194,Limnohabitans_sp._103DPR2
1195,Curvibacter_sp._AEP1-3
1196,Candidatus_Symbiobacter_mobilis
1197,Massilia_sp._WG5
1198,Massilia_sp._HC52
1199,Massilia_sp._LPB0304
1200,Massilia_sp._DM-R-R2A-13
1201,Massilia_sp._YMA4
1202,Massilia_sp._NP310
1203,Massilia_sp._PAMC28688
1204,Massilia_sp._NR_4-1
1205,Massilia_sp._MB5
1206,Massilia_sp._Dwa41.01b
1207,Massilia_sp._Se16.2.3
1208,Massilia_putida
1209,Massilia_violaceinigra
1210,Massilia_flava
1211,Massilia_umbonata
1212,Massilia_lutea
1213,Massilia_albidiflava
1214,Massilia_plicata
1215,Massilia_armeniaca
1216,Massilia_oculi
1217,Massilia_antarctica
1218,Duganella_sp._GN2-R2
1219,Duganella_sp._AF9R3
1220,Herbaspirillum_robiniae
1221,Herbaspirillum_frisingense
1222,Herbaspirillum_seropedicae
1223,Herbaspirillum_hiltneri
1224,Herbaspirillum_rubrisubalbicans
1225,Herbaspirillum_huttiense
1226,Herbaspirillum_sp._meg3
1227,Janthinobacterium_sp._17J80-10
1228,Janthinobacterium_sp._1_2014MBL_MicDiv
1229,Janthinobacterium_sp._LM6
1230,Janthinobacterium_sp._PAMC25594
1231,Janthinobacterium_sp._Marseille
1232,Janthinobacterium_sp._HH102
1233,Janthinobacterium_sp._B9-8
1234,Janthinobacterium_agaricidamnosum
1235,Janthinobacterium_lividum
1236,Janthinobacterium_tructae
1237,Janthinobacterium_svalbardensis
1238,Collimonas_fungivorans
1239,Collimonas_arenae
1240,Collimonas_pratensis
1241,Noviherbaspirillum_sp._UKPF54
1242,Undibacterium_sp._YM2
1243,Undibacterium_sp._KW1
1244,Undibacterium_parvum
1245,Glaciimonas_sp._PAMC28666
1246,Herminiimonas_arsenitoxidans
1247,Oxalobacter_formigenes
1248,Achromobacter_xylosoxidans
1249,Achromobacter_sp._AONIH1
1250,Achromobacter_sp._MFA1_R4
1251,Achromobacter_sp._77
1252,Achromobacter_sp._B7
1253,Achromobacter_sp._ES-001
1254,Achromobacter_spanius
1255,Achromobacter_denitrificans
1256,Achromobacter_insolitus
1257,Achromobacter_deleyi
1258,Achromobacter_pestifer
1259,Achromobacter_mucicolens
1260,Achromobacter_ruhlandii
1261,Bordetella_sp._H567
1262,Bordetella_sp._N
1263,Bordetella_genomosp._13
1264,Bordetella_bronchialis
1265,Bordetella_genomosp._8
1266,Bordetella_flabilis
1267,Bordetella_genomosp._9
1268,Bordetella_petrii
1269,Bordetella_hinzii
1270,Bordetella_trematum
1271,Bordetella_pseudohinzii
1272,Bordetella_bronchiseptica
1273,Bordetella_avium
1274,Bordetella_holmesii
1275,Bordetella_genomosp._6
1276,Bordetella_pertussis
1277,Bordetella_parapertussis
1278,Pigmentiphaga_sp._H8
1279,Pigmentiphaga_aceris
1280,Orrella_dioscoreae
1281,Orrella_marina
1282,Orrella_sp._f23
1283,Castellaniella_defragrans
1284,Alcaligenes_faecalis
1285,Alcaligenes_sp._SORT26
1286,Alcaligenes_sp._DN25
1287,Alcaligenes_aquatilis
1288,Alcaligenes_ammonioxydans
1289,Pusillimonas_thiosulfatoxidans
1290,Pusillimonas_sp._T7-7
1291,Pusillimonas_sp._DMV24BSW_D
1292,Kerstersia_gyiorum
1293,Paralcaligenes_sp._KSB-10
1294,Advenella_mimigardefordensis
1295,Advenella_kashmirensis
1296,Oligella_ureolytica
1297,Oligella_urethralis
1298,Paenalcaligenes_hominis
1299,Pelistega_ratti
1300,Taylorella_asinigenitalis
1301,Taylorella_equigenitalis
1302,Basilea_psittacipulmonis
1303,Rhizobacter_sp._AJA081-3
1304,Rhizobacter_gummiphilus
1305,Sphaerotilus_sp._FB-5
1306,Sphaerotilus_natans
1307,Rubrivivax_gelatinosus
1308,Methylibium_sp._Pch-M
1309,Methylibium_petroleiphilum
1310,Aquincola_tertiaricarbonis
1311,Mitsuaria_sp._7
1312,Leptothrix_cholodnii
1313,Thiomonas_sp._X19
1314,Thiomonas_intermedia
1315,Thiomonas_arsenitoxydans
1316,Ideonella_dechloratans
1317,Xylophilus_rhododendri
1318,Tepidimonas_taiwanensis
1319,Roseateles_depolymerans
1320,Aquabacterium_olei
1321,Inhella_inkyongensis
1322,Paucibacter_sp._KCTC_42545
1323,Candidatus_Ichthyocystis_hellenicum
1324,Sutterella_megalosphaeroides
1325,Sutterella_faecalis
1326,Sutterella_wadsworthensis
1327,Turicimonas_muris
1328,Thauera_sp._MZ1T
1329,Thauera_sp._K11
1330,Thauera_humireducens
1331,Thauera_chlorobenzoica
1332,Thauera_aromatica
1333,Thauera_hydrothermalis
1334,Azoarcus_sp._KH32C
1335,Azoarcus_sp._DD4
1336,Azoarcus_olearius
1337,Azoarcus_communis
1338,Nitrogeniibacter_mangrovi
1339,Nitrogeniibacter_aestuarii
1340,Aromatoleum_petrolei
1341,Aromatoleum_aromaticum
1342,Aromatoleum_pumilum
1343,Aromatoleum_bremense
1344,Azospira_restricta
1345,Azospira_inquinata
1346,Azospira_oryzae
1347,Azospira_sp._I09
1348,Niveibacterium_microcysteis
1349,Oryzomicrobium_terrae
1350,Rugosibacter_aromaticivorans
1351,Dechloromonas_denitrificans
1352,Dechloromonas_sp._HYN0024
1353,Dechloromonas_sp._TW-R-39-2
1354,Ferribacterium_limneticum
1355,Quatrionicoccus_australiensis
1356,Fluviibacter_phosphoraccumulans
1357,Usitatibacter_rugosus
1358,Usitatibacter_palustris
1359,Denitratisoma_sp._DHT3
1360,Denitratisoma_oestradiolicum
1361,Sulfuritalea_hydrogenivorans
1362,Methyloversatilis_sp._RAC08
1363,Sterolibacterium_denitrificans
1364,Nitrosospira_multiformis
1365,Nitrosospira_lacus
1366,Nitrosospira_briensis
1367,Nitrosospira_sp._NRS527
1368,Nitrosomonas_communis
1369,Nitrosomonas_ureae
1370,Nitrosomonas_europaea
1371,Nitrosomonas_eutropha
1372,Nitrosomonas_stercoris
1373,Thiobacillus_denitrificans
1374,Sulfuritortus_calidifontis
1375,Sideroxydans_sp._MIZ01
1376,Sideroxydans_lithotrophicus
1377,Ferrigenium_kumadai
1378,Ferriphaselus_amnicola
1379,Candidatus_Nitrotoga_arctica
1380,Candidatus_Nitrotoga_sp._AM1P
1381,Gallionella_capsiferriformans
1382,Sulfurimicrobium_lacus
1383,Sulfuriferula_plumbiphila
1384,Sulfuriferula_sp._AH1
1385,Sulfuriferula_nivalis
1386,Sulfuricella_denitrificans
1387,Methylovorus_glucosotrophus
1388,Methylovorus_sp._MP688
1389,Methylobacillus_flagellatus
1390,Methylophilus_sp._TWE2
1391,Methylophilus_medardicus
1392,Methylotenera_mobilis
1393,Methylotenera_versatilis
1394,Candidatus_Methylopumilus_turicensis
1395,Candidatus_Methylopumilus_universalis
1396,Candidatus_Methylopumilus_planktonicus
1397,Candidatus_Methylopumilus_rimovensis
1398,Methyloradius_palustris
1399,Chromobacterium_sp._ATCC_53434
1400,Chromobacterium_sp._Rain0013
1401,Chromobacterium_sp._Beijing
1402,Chromobacterium_vaccinii
1403,Chromobacterium_violaceum
1404,Chromobacterium_phragmitis
1405,Chromobacterium_paludis
1406,Chromobacterium_rhizoryzae
1407,Chromobacterium_haemolyticum
1408,Iodobacter_ciconiae
1409,Iodobacter_fluviatilis
1410,Jeongeupia_sp._USM3
1411,Jeongeupia_sp._HS-3
1412,Paludibacterium_paludis
1413,Paludibacterium_yongneupense
1414,Paludibacterium_sp._B53371
1415,Pseudogulbenkiania_sp._NH8B
1416,Vogesella_sp._LIG4
1417,Vogesella_sp._XCS3
1418,Microvirgula_aerodenitrificans
1419,Aquitalea_aquatilis
1420,Aquitalea_sp._USM4
1421,Aquitalea_magnusonii
1422,Aquitalea_denitrificans
1423,Laribacter_hongkongensis
1424,Aquaspirillum_sp._LM1
1425,Chitinibacter_bivalviorum
1426,Chitinibacter_fontanus
1427,Deefgea_sp._D17
1428,Deefgea_sp._D25
1429,Deefgea_sp._D13
1430,Neisseria_sp._KEM232
1431,Neisseria_sp._oral_taxon_014
1432,Neisseria_sp._ZJ785
1433,Neisseria_sp._Dent_CA1/247
1434,Neisseria_bacilliformis
1435,Neisseria_meningitidis
1436,Neisseria_shayeganii
1437,Neisseria_dentiae
1438,Neisseria_elongata
1439,Neisseria_chenwenguii
1440,Neisseria_musculi
1441,Neisseria_animalis
1442,Neisseria_gonorrhoeae
1443,Neisseria_sicca
1444,Neisseria_lactamica
1445,Neisseria_brasiliensis
1446,Neisseria_animaloris
1447,Neisseria_dumasiana
1448,Neisseria_weaveri
1449,Neisseria_mucosa
1450,Neisseria_weixii
1451,Neisseria_wadsworthii
1452,Neisseria_canis
1453,Neisseria_zalophi
1454,Neisseria_macacae
1455,Neisseria_arctica
1456,Neisseria_zoodegmatis
1457,Neisseria_subflava
1458,Neisseria_cinerea
1459,Neisseria_flavescens
1460,Crenobacter_cavernae
1461,Chitinolyticbacter_meiyuanensis
1462,Vitreoscilla_filiformis
1463,Vitreoscilla_massiliensis
1464,Kingella_potus
1465,Kingella_oralis
1466,Kingella_denitrificans
1467,Kingella_kingae
1468,Eikenella_corrodens
1469,Eikenella_exigua
1470,Uruburuella_suis
1471,Uruburuella_testudinis
1472,Paralysiella_testudinis
1473,Alysiella_crassa
1474,Alysiella_filiformis
1475,Conchiformibius_steedae
1476,Neisseriaceae_bacterium_CCUG_44465
1477,Snodgrassella_alvi
1478,Aquella_oligotrophica
1479,Simonsiella_muelleri
1480,Morococcus_cerebrosus
1481,Casimicrobium_huifangae
1482,Candidatus_Kinetoplastibacterium_blastocrithidii
1483,Candidatus_Kinetoplastibacterium_sorsogonicusi
1484,Candidatus_Kinetoplastibacterium_oncopeltii
1485,Lysobacter_soli
1486,Lysobacter_sp._KIS68-7
1487,Lysobacter_sp._TY2-98
1488,Lysobacter_sp._S4-A87
1489,Lysobacter_sp._5GHs7-4
1490,Lysobacter_sp._CECT_30171
1491,Lysobacter_sp._CW239
1492,Lysobacter_sp._K5869
1493,Lysobacter_sp._H21R4
1494,Lysobacter_sp._CJ11
1495,Lysobacter_sp._HDW10
1496,Lysobacter_sp._H23M47
1497,Lysobacter_enzymogenes
1498,Lysobacter_solisilvae_(ex_Woo_and_Kim_2022)
1499,Lysobacter_capsici
1500,Lysobacter_arenosi
1501,Lysobacter_solisilvae_(ex_Kim_et_al._2021)
1502,Lysobacter_lycopersici
1503,Lysobacter_maris
1504,Lysobacter_antibioticus
1505,Lysobacter_alkalisoli
1506,Lysobacter_oculi
1507,Lysobacter_ciconiae
1508,Lysobacter_gummosus
1509,Lysobacter_avium
1510,Stenotrophomonas_maltophilia
1511,Stenotrophomonas_sp._ESTM1D_MKCIP4_1
1512,Stenotrophomonas_sp._SAU14A_NAIMI4_5
1513,Stenotrophomonas_sp._ZAC14D2_NAIMI4_7
1514,Stenotrophomonas_sp._ZAC14A_NAIMI4_1
1515,Stenotrophomonas_sp._YAU14D1_LEIMI4_1
1516,Stenotrophomonas_sp._ZAC14D2_NAIMI4_6
1517,Stenotrophomonas_sp._SAU14A_NAIMI4_8
1518,Stenotrophomonas_sp._YAU14A_MKIMI4_1
1519,Stenotrophomonas_sp._LM091
1520,Stenotrophomonas_sp._169
1521,Stenotrophomonas_sp._364
1522,Stenotrophomonas_sp._NA06056
1523,Stenotrophomonas_sp._WZN-1
1524,Stenotrophomonas_sp._DR822
1525,Stenotrophomonas_sp._Pemsol
1526,Stenotrophomonas_sp._pho
1527,Stenotrophomonas_sp._MYb57
1528,Stenotrophomonas_sp._ASS1
1529,Stenotrophomonas_sp._CW117
1530,Stenotrophomonas_sp._G4
1531,Stenotrophomonas_sp._NY11291
1532,Stenotrophomonas_sp._SI-NJAU-1
1533,Stenotrophomonas_sp._SXG-1
1534,Stenotrophomonas_rhizophila
1535,Stenotrophomonas_acidaminiphila
1536,Stenotrophomonas_indicatrix
1537,Xanthomonas_translucens
1538,Xanthomonas_campestris
1539,Xanthomonas_sacchari
1540,Xanthomonas_sp._GW
1541,Xanthomonas_sp._SI
1542,Xanthomonas_sp._SS
1543,Xanthomonas_sp._MLO165
1544,Xanthomonas_arboricola
1545,Xanthomonas_oryzae
1546,Xanthomonas_theicola
1547,Xanthomonas_albilineans
1548,Xanthomonas_citri
1549,Xanthomonas_hyacinthi
1550,Xanthomonas_fragariae
1551,Xanthomonas_vesicatoria
1552,Xanthomonas_hortorum
1553,Xanthomonas_cucurbitae
1554,Xanthomonas_vasicola
1555,Xanthomonas_cassavae
1556,Xanthomonas_euroxanthea
1557,Xanthomonas_hydrangeae
1558,Xanthomonas_axonopodis
1559,Xanthomonas_phaseoli
1560,Xanthomonas_euvesicatoria
1561,Xanthomonas_perforans
1562,Luteimonas_sp._MC1750
1563,Luteimonas_sp._S4-F44
1564,Luteimonas_sp._D4P002
1565,Luteimonas_sp._MC1572
1566,Luteimonas_sp._JM171
1567,Luteimonas_sp._YGD11-2
1568,Luteimonas_sp._MC1825
1569,Luteimonas_granuli
1570,Luteimonas_yindakuii
1571,Luteimonas_chenhongjianii
1572,Pseudoxanthomonas_suwonensis
1573,Pseudoxanthomonas_mexicana
1574,Pseudoxanthomonas_sp._X-1
1575,Pseudoxanthomonas_sp._F37
1576,Pseudoxanthomonas_daejeonensis
1577,Pseudoxanthomonas_spadix
1578,Thermomonas_sp._XSG
1579,Thermomonas_sp._HDW16
1580,Thermomonas_brevis
1581,Thermomonas_aquatica
1582,Thermomonas_carbonis
1583,Arenimonas_daejeonensis
1584,Pseudolysobacter_antarcticus
1585,Xylella_fastidiosa
1586,Xylella_taiwanensis
1587,Luteibacter_sp._321
1588,Luteibacter_sp._EIF3
1589,Luteibacter_sp._335
1590,Luteibacter_sp._353
1591,Luteibacter_pinisoli
1592,Luteibacter_rhizovicinus
1593,Luteibacter_anthropi
1594,Frateuria_sp._5GH9-34
1595,Frateuria_sp._5GH9-11
1596,Frateuria_aurantia
1597,Rhodanobacter_denitrificans
1598,Rhodanobacter_sp._FDAARGOS_1247
1599,Rhodanobacter_thiooxydans
1600,Rhodanobacter_glycinis
1601,Dyella_thiooxydans
1602,Dyella_japonica
1603,Dyella_telluris
1604,Dyella_terrae
1605,Dyella_caseinilytica
1606,Dyella_sp._M7H15-1
1607,Dokdonella_koreensis
1608,Ahniella_affigens
1609,Aerosticca_soli
1610,Pseudomonas_sp._TCU-HL1
1611,Pseudomonas_sp._ATCC_13867
1612,Pseudomonas_sp._DY-1
1613,Pseudomonas_sp._SCB32
1614,Pseudomonas_sp._KNUC1026
1615,Pseudomonas_sp._PDNC002
1616,Pseudomonas_sp._LPB0260
1617,Pseudomonas_sp._Ost2
1618,Pseudomonas_sp._CC6-YY-74
1619,Pseudomonas_sp._ABC1
1620,Pseudomonas_sp._MTM4
1621,Pseudomonas_sp._StFLB209
1622,Pseudomonas_sp._7SR1
1623,Pseudomonas_sp._MM211
1624,Pseudomonas_sp._p1(2021b)
1625,Pseudomonas_sp._OIL-1
1626,Pseudomonas_sp._Pc102
1627,Pseudomonas_sp._L5B5
1628,Pseudomonas_sp._HN2-3
1629,Pseudomonas_sp._gcc21
1630,Pseudomonas_sp._LAB-08
1631,Pseudomonas_sp._MSPm1
1632,Pseudomonas_sp._CMR5c
1633,Pseudomonas_sp._B11D7D
1634,Pseudomonas_sp._MPC6
1635,Pseudomonas_sp._Marseille-Q3773
1636,Pseudomonas_sp._HLS-6
1637,Pseudomonas_sp._DG56-2
1638,Pseudomonas_sp._15A4
1639,Pseudomonas_sp._ADAK13
1640,Pseudomonas_sp._MM213
1641,Pseudomonas_sp._URMO17WK12:I11
1642,Pseudomonas_sp._S34
1643,Pseudomonas_sp._S09G_359
1644,Pseudomonas_sp._ADPe
1645,Pseudomonas_sp._DTU12.3
1646,Pseudomonas_sp._Leaf58
1647,Pseudomonas_sp._Seg1
1648,Pseudomonas_sp._M1
1649,Pseudomonas_sp._Tri1
1650,Pseudomonas_sp._RtIB026
1651,Pseudomonas_sp._S35
1652,Pseudomonas_sp._NIBR-H-19
1653,Pseudomonas_sp._OE_28.3
1654,Pseudomonas_sp._RC3H12
1655,Pseudomonas_sp._R5-89-07
1656,Pseudomonas_sp._LG1E9
1657,Pseudomonas_sp._DR48
1658,Pseudomonas_sp._HS6
1659,Pseudomonas_sp._31-12
1660,Pseudomonas_sp._ADAK18
1661,Pseudomonas_sp._ACM7
1662,Pseudomonas_sp._M30-35
1663,Pseudomonas_sp._2hn
1664,Pseudomonas_sp._DNDY-54
1665,Pseudomonas_sp._HN11
1666,Pseudomonas_sp._LS.1a
1667,Pseudomonas_sp._NS1(2017)
1668,Pseudomonas_sp._PP3
1669,Pseudomonas_sp._MRSN12121
1670,Pseudomonas_sp._HS-18
1671,Pseudomonas_sp._St316
1672,Pseudomonas_sp._NIBRBAC000502773
1673,Pseudomonas_sp._SCA2728.1_7
1674,Pseudomonas_sp._IzPS59
1675,Pseudomonas_sp._CCOS_191
1676,Pseudomonas_sp._R2A2
1677,Pseudomonas_sp._SDM007
1678,Pseudomonas_sp._SK3(2021)
1679,Pseudomonas_sp._R76
1680,Pseudomonas_sp._R84
1681,Pseudomonas_sp._FIT81
1682,Pseudomonas_sp._SK
1683,Pseudomonas_sp._UW4
1684,Pseudomonas_sp._LPH1
1685,Pseudomonas_sp._Z003-0.4C(8344-21)
1686,Pseudomonas_sp._CYM-20-01
1687,Pseudomonas_sp._LTJR-52
1688,Pseudomonas_sp._AO-1
1689,Pseudomonas_sp._B10
1690,Pseudomonas_sp._FGI182
1691,Pseudomonas_sp._RBPA9
1692,Pseudomonas_sp._THAF7b
1693,Pseudomonas_sp._02C_26
1694,Pseudomonas_sp._14181154
1695,Pseudomonas_sp._C27(2019)
1696,Pseudomonas_sp._BIGb0427
1697,Pseudomonas_sp._Cab53
1698,Pseudomonas_sp._09C_129
1699,Pseudomonas_sp._SORT22
1700,Pseudomonas_sp._S07E_245
1701,Pseudomonas_sp._HN2
1702,Pseudomonas_sp._3-2
1703,Pseudomonas_sp._MPFS
1704,Pseudomonas_sp._DR_5-09
1705,Pseudomonas_sp._phDV1
1706,Pseudomonas_sp._MYb193
1707,Pseudomonas_sp._SC3(2021)
1708,Pseudomonas_sp._AN-B15
1709,Pseudomonas_sp._ADAK22
1710,Pseudomonas_sp._J380
1711,Pseudomonas_sp._Y5-11
1712,Pseudomonas_sp._GR_6-02
1713,Pseudomonas_sp._ArH3a
1714,Pseudomonas_sp._BIOMIG1BAC
1715,Pseudomonas_sp._S150
1716,Pseudomonas_sp._RU47
1717,Pseudomonas_sp._LBUM920
1718,Pseudomonas_sp._A2
1719,Pseudomonas_sp._ATCC_43928
1720,Pseudomonas_sp._PONIH3
1721,Pseudomonas_sp._S49
1722,Pseudomonas_sp._FDAARGOS_380
1723,Pseudomonas_sp._BC42
1724,Pseudomonas_sp._DR208
1725,Pseudomonas_sp._SXM-1
1726,Pseudomonas_sp._CFSAN084952
1727,Pseudomonas_sp._R3-18-08
1728,Pseudomonas_sp._NC02
1729,Pseudomonas_sp._LG1D9
1730,Pseudomonas_sp._St29
1731,Pseudomonas_sp._SWI36
1732,Pseudomonas_sp._R2-37-08W
1733,Pseudomonas_sp._R32
1734,Pseudomonas_sp._SWI44
1735,Pseudomonas_sp._HN8-3
1736,Pseudomonas_sp._Y39-6
1737,Pseudomonas_sp._B14-6
1738,Pseudomonas_sp._Os17
1739,Pseudomonas_sp._IAC-BECa141
1740,Pseudomonas_sp._R1-43-08
1741,Pseudomonas_sp._CFA
1742,Pseudomonas_sp._TKP
1743,Pseudomonas_sp._LH1G9
1744,Pseudomonas_sp._DTU12.1
1745,Pseudomonas_sp._XWY-1
1746,Pseudomonas_sp._So3.2b
1747,Pseudomonas_sp._Colony2
1748,Pseudomonas_sp._CIP-10
1749,Pseudomonas_sp._TMW_2.1634
1750,Pseudomonas_sp._PS1(2021)
1751,Pseudomonas_sp._7-41
1752,Pseudomonas_sp._I3-I5
1753,Pseudomonas_sp._IB20
1754,Pseudomonas_sp._SW-3
1755,Pseudomonas_sp._A214
1756,Pseudomonas_sp._R11-23-07
1757,Pseudomonas_sp._R2-60-08W
1758,Pseudomonas_sp._BYT-1
1759,Pseudomonas_sp._St290
1760,Pseudomonas_sp._OST1909
1761,Pseudomonas_sp._R4-39-08
1762,Pseudomonas_sp._SWI6
1763,Pseudomonas_sp._Eqa60
1764,Pseudomonas_sp._R4-35-07
1765,Pseudomonas_sp._BJP69
1766,Pseudomonas_sp._R4-34-07
1767,Pseudomonas_sp._R2-7-07
1768,Pseudomonas_sp._MPDS
1769,Pseudomonas_sp._R3-52-08
1770,Pseudomonas_sp._St386
1771,Pseudomonas_sp._JY-Q
1772,Pseudomonas_sp._SWI7
1773,Pseudomonas_sp._13159349
1774,Pseudomonas_sp._VLB120
1775,Pseudomonas_sp._SK2
1776,Pseudomonas_sp._bs2935
1777,Pseudomonas_aeruginosa
1778,Pseudomonas_mendocina
1779,Pseudomonas_alcaligenes
1780,Pseudomonas_furukawaii
1781,Pseudomonas_oleovorans
1782,Pseudomonas_resinovorans
1783,Pseudomonas_multiresinivorans
1784,Pseudomonas_nitroreducens
1785,Pseudomonas_citronellolis
1786,Pseudomonas_fluorescens
1787,Pseudomonas_protegens
1788,Pseudomonas_orientalis
1789,Pseudomonas_azotoformans
1790,Pseudomonas_synxantha
1791,Pseudomonas_rhodesiae
1792,Pseudomonas_poae
1793,Pseudomonas_mediterranea
1794,Pseudomonas_trivialis
1795,Pseudomonas_tolaasii
1796,Pseudomonas_corrugata
1797,Pseudomonas_migulae
1798,Pseudomonas_mucidolens
1799,Pseudomonas_cedrina
1800,Pseudomonas_congelans
1801,Pseudomonas_brenneri
1802,Pseudomonas_libanensis
1803,Pseudomonas_veronii
1804,Pseudomonas_mandelii
1805,Pseudomonas_ogarae
1806,Pseudomonas_extremorientalis
1807,Pseudomonas_putida
1808,Pseudomonas_oryzihabitans
1809,Pseudomonas_fulva
1810,Pseudomonas_plecoglossicida
1811,Pseudomonas_mosselii
1812,Pseudomonas_monteilii
1813,Pseudomonas_sp._SGAir0191
1814,Pseudomonas_shirazica
1815,Pseudomonas_stutzeri
1816,Pseudomonas_chloritidismutans
1817,Pseudomonas_balearica
1818,Pseudomonas_xanthomarina
1819,Pseudomonas_luteola
1820,Pseudomonas_lalkuanensis
1821,Pseudomonas_syringae
1822,Pseudomonas_viridiflava
1823,Pseudomonas_cichorii
1824,Pseudomonas_asturiensis
1825,Pseudomonas_amygdali
1826,Pseudomonas_savastanoi
1827,Pseudomonas_syringae_group_genomosp._7
1828,Pseudomonas_fuscovaginae
1829,Pseudomonas_coronafaciens
1830,Pseudomonas_avellanae
1831,Pseudomonas_syringae_group_genomosp._3
1832,Pseudomonas_tremae
1833,Pseudomonas_sp._Lz4W
1834,Pseudomonas_chlororaphis
1835,Pseudomonas_lundensis
1836,Pseudomonas_fragi
1837,Pseudomonas_psychrotolerans
1838,Pseudomonas_otitidis
1839,Pseudomonas_knackmussii
1840,Pseudomonas_oryzae
1841,Pseudomonas_entomophila
1842,Pseudomonas_cavernae
1843,Pseudomonas_guangdongensis
1844,Pseudomonas_nanhaiensis
1845,Pseudomonas_eucalypticola
1846,Pseudomonas_parafulva
1847,Pseudomonas_vanderleydeniana
1848,Pseudomonas_qingdaonensis
1849,Pseudomonas_campi
1850,Pseudomonas_rhizosphaerae
1851,Pseudomonas_cremoricolorata
1852,Pseudomonas_alkylphenolica
1853,Pseudomonas_brassicacearum
1854,Pseudomonas_frederiksbergensis
1855,Pseudomonas_phragmitis
1856,Pseudomonas_umsongensis
1857,Pseudomonas_saudiphocaensis
1858,Pseudomonas_pohangensis
1859,Pseudomonas_argentinensis
1860,Pseudomonas_muyukensis
1861,Pseudomonas_yamanorum
1862,Pseudomonas_zhaodongensis
1863,Pseudomonas_tohonis
1864,Pseudomonas_alvandae
1865,Pseudomonas_koreensis
1866,Pseudomonas_palleroniana
1867,Pseudomonas_vancouverensis
1868,Pseudomonas_fakonensis
1869,Pseudomonas_marincola
1870,Pseudomonas_xanthosomae
1871,Pseudomonas_tructae
1872,Pseudomonas_xantholysinigenes
1873,Pseudomonas_hamedanensis
1874,Pseudomonas_antarctica
1875,Pseudomonas_agarici
1876,Pseudomonas_prosekii
1877,Pseudomonas_arsenicoxydans
1878,Pseudomonas_promysalinigenes
1879,Pseudomonas_silesiensis
1880,Pseudomonas_extremaustralis
1881,Pseudomonas_thivervalensis
1882,Pseudomonas_granadensis
1883,Pseudomonas_graminis
1884,Pseudomonas_lurida
1885,Pseudomonas_wenzhouensis
1886,Pseudomonas_simiae
1887,Pseudomonas_asgharzadehiana
1888,Pseudomonas_maumuensis
1889,Pseudomonas_taetrolens
1890,Pseudomonas_sediminis
1891,Pseudomonas_viciae
1892,Pseudomonas_lini
1893,Pseudomonas_versuta
1894,Pseudomonas_kribbensis
1895,Pseudomonas_reinekei
1896,Pseudomonas_psychrophila
1897,Pseudomonas_alcaliphila
1898,Pseudomonas_allokribbensis
1899,Pseudomonas_toyotomiensis
1900,Pseudomonas_chengduensis
1901,Pseudomonas_tritici
1902,Pseudomonas_khazarica
1903,Pseudomonas_sihuiensis
1904,Pseudomonas_moraviensis
1905,Pseudomonas_gozinkensis
1906,Pseudomonas_asplenii
1907,Pseudomonas_zeae
1908,Pseudomonas_azerbaijanoriens
1909,Pseudomonas_tensinigenes
1910,Pseudomonas_oryziphila
1911,Pseudomonas_germanica
1912,Pseudomonas_kunmingensis
1913,Pseudomonas_atacamensis
1914,Pseudomonas_anuradhapurensis
1915,Pseudomonas_zarinae
1916,Pseudomonas_iranensis
1917,Pseudomonas_monsensis
1918,Pseudomonas_lactis
1919,Pseudomonas_salmasensis
1920,Pseudomonas_juntendi
1921,Pseudomonas_soli
1922,Pseudomonas_asiatica
1923,Pseudomonas_sessilinigenes
1924,Pseudomonas_glycinae
1925,Pseudomonas_bijieensis
1926,Pseudomonas_donghuensis
1927,Pseudomonas_rhizophila
1928,Pseudomonas_cerasi
1929,Candidatus_Pseudomonas_adelgestsugas
1930,Pseudomonas_shahriarae
1931,Pseudomonas_taiwanensis
1932,Azotobacter_chroococcum
1933,Azotobacter_vinelandii
1934,Azotobacter_salinestris
1935,Halopseudomonas_xinjiangensis
1936,Halopseudomonas_sabulinigri
1937,Halopseudomonas_aestusnigri
1938,Halopseudomonas_sp._RR6
1939,Halopseudomonas_litoralis
1940,Halopseudomonas_salegens
1941,Permianibacter_aggregans
1942,Thiopseudomonas_alkaliphila
1943,Entomomonas_moraniae
1944,Entomomonas_sp._F2A
1945,Marinobacter_sp._CA1
1946,Marinobacter_sp._Arc7-DN-1
1947,Marinobacter_sp._NP-4(2019)
1948,Marinobacter_sp._LPB0319
1949,Marinobacter_sp._LQ44
1950,Marinobacter_sp._LV10R510-11A
1951,Marinobacter_sp._es.042
1952,Marinobacter_sp._CP1
1953,Marinobacter_sp._JH2
1954,Marinobacter_sp._BSs20148
1955,Marinobacter_fonticola
1956,Marinobacter_salarius
1957,Marinobacter_nauticus
1958,Marinobacter_similis
1959,Marinobacter_salsuginis
1960,Marinobacter_salinus
1961,Marinobacter_adhaerens
1962,Marinobacter_psychrophilus
1963,Klebsiella_pneumoniae
1964,Klebsiella_quasipneumoniae
1965,Klebsiella_aerogenes
1966,Klebsiella_sp._A52
1967,Klebsiella_oxytoca
1968,Klebsiella_variicola
1969,Klebsiella_michiganensis
1970,Klebsiella_quasivariicola
1971,Klebsiella_africana
1972,Klebsiella_huaxiensis
1973,Klebsiella_grimontii
1974,Raoultella_sp._HC6
1975,Raoultella_planticola
1976,Raoultella_ornithinolytica
1977,Raoultella_terrigena
1978,Raoultella_electrica
1979,Enterobacter_cloacae
1980,Enterobacter_hormaechei
1981,Enterobacter_asburiae
1982,Enterobacter_cancerogenus
1983,Enterobacter_roggenkampii
1984,Enterobacter_chuandaensis
1985,Enterobacter_cloacae_complex_sp.
1986,Enterobacter_sp._BIDMC_29
1987,Enterobacter_sp._BIDMC100
1988,Enterobacter_cloacae_complex_sp._ECNIH7
1989,Enterobacter_cloacae_complex_sp._FDA-CDC-AR_0132
1990,Enterobacter_ludwigii
1991,Enterobacter_chengduensis
1992,Enterobacter_kobei
1993,Enterobacter_sichuanensis
1994,Enterobacter_sp._JUb54
1995,Enterobacter_sp._SA187
1996,Enterobacter_sp._E76
1997,Enterobacter_sp._RHBSTW-00994
1998,Enterobacter_sp._RHBSTW-00175
1999,Enterobacter_sp._Colony194
2000,Enterobacter_sp._JBIWA008
2001,Enterobacter_sp._JBIWA003
2002,Enterobacter_sp._SGAir0187
2003,Enterobacter_sp._JBIWA005
2004,Enterobacter_sp._SES19
2005,Enterobacter_sp._E20
2006,Enterobacter_sp._N18-03635
2007,Enterobacter_sp._DNB-S2
2008,Enterobacter_sp._18A13
2009,Enterobacter_huaxiensis
2010,Enterobacter_mori
2011,Enterobacter_bugandensis
2012,Enterobacter_oligotrophicus
2013,Enterobacter_soli
2014,Citrobacter_freundii
2015,Citrobacter_werkmanii
2016,Citrobacter_portucalensis
2017,Citrobacter_braakii
2018,Citrobacter_freundii_complex_sp._CFNIH2
2019,Citrobacter_sedlakii
2020,Citrobacter_youngae
2021,Citrobacter_sp._RHB25-C09
2022,Citrobacter_sp._R56
2023,Citrobacter_sp._BDA59-3
2024,Citrobacter_sp._RHB35-C21
2025,Citrobacter_sp._MGH_55
2026,Citrobacter_rodentium
2027,Citrobacter_farmeri
2028,Citrobacter_amalonaticus
2029,Citrobacter_koseri
2030,Citrobacter_tructae
2031,Citrobacter_pasteurii
2032,Citrobacter_arsenatis
2033,Citrobacter_cronae
2034,Cronobacter_sakazakii
2035,Cronobacter_dublinensis
2036,Cronobacter_universalis
2037,Cronobacter_condimenti
2038,Cronobacter_malonaticus
2039,Cronobacter_sp._JZ38
2040,Cronobacter_muytjensii
2041,Kosakonia_sp._SMBL-WEM22
2042,Kosakonia_sp._MUSA4
2043,Kosakonia_sp._CCTCC_M2018092
2044,Kosakonia_cowanii
2045,Kosakonia_sacchari
2046,Kosakonia_arachidis
2047,Kosakonia_oryzae
2048,Kosakonia_radicincitans
2049,Kosakonia_pseudosacchari
2050,Leclercia_adecarboxylata
2051,Leclercia_sp._29361
2052,Leclercia_sp._W6
2053,Leclercia_sp._W17
2054,Leclercia_sp._J807
2055,Leclercia_sp._G3L
2056,Leclercia_sp._119287
2057,Leclercia_sp._LSNIH1
2058,Leclercia_pneumoniae
2059,Salmonella_enterica
2060,Salmonella_bongori
2061,Pluralibacter_gergoviae
2062,[Enterobacter]_lignolyticus
2063,Escherichia_coli
2064,Escherichia_albertii
2065,Escherichia_marmotae
2066,Escherichia_fergusonii
2067,Escherichia_sp._E4742
2068,Cedecea_neteri
2069,Cedecea_lapagei
2070,Cedecea_sp._FDAARGOS_727
2071,Lelliottia_amnigena
2072,Lelliottia_sp._WB101
2073,Lelliottia_sp._AC1
2074,Kluyvera_ascorbata
2075,Kluyvera_intermedia
2076,Kluyvera_sp._CRP
2077,Kluyvera_genomosp._3
2078,Candidatus_Symbiopectobacterium_sp._SyEd1
2079,Blochmannia_endosymbiont_of_Colobopsis_nipponica
2080,Blochmannia_endosymbiont_of_Camponotus_sp.
2081,Blochmannia_endosymbiont_of_Polyrhachis_(Hedomyrma)_turneri
2082,Blochmannia_endosymbiont_of_Camponotus_(Colobopsis)_obliquus
2083,Candidatus_Hamiltonella_defensa
2084,secondary_endosymbiont_of_Ctenarytaina_eucalypti
2085,secondary_endosymbiont_of_Heteropsylla_cubana
2086,Candidatus_Doolittlea_endobia
2087,Candidatus_Hoaglandella_endobia
2088,Candidatus_Mikella_endobia
2089,Candidatus_Gullanella_endobia
2090,Candidatus_Purcelliella_pentastirinorum
2091,Candidatus_Tachikawaea_gelatinosa
2092,Jejubacter_calystegiae
2093,Atlantibacter_hermannii
2094,Plesiomonas_shigelloides
2095,Pseudescherichia_vulneris
2096,Buttiauxella_agrestis
2097,Buttiauxella_ferragutiae
2098,Buttiauxella_sp._3AFRM03
2099,Yokenella_regensburgei
2100,Shimwellia_blattae
2101,Pseudocitrobacter_sp._G163CM
2102,Phytobacter_ursingii
2103,Phytobacter_sp._SCO41
2104,Phytobacter_diazotrophicus
2105,Scandinavium_goeteborgense
2106,Enterobacteriaceae_endosymbiont_of_Plateumaris_sericea
2107,Enterobacteriaceae_endosymbiont_of_Neohaemonia_nigricornis
2108,Shigella_boydii
2109,Shigella_flexneri
2110,Candidatus_Moranella_endobia
2111,Candidatus_Schneideria_nysicola
2112,Candidatus_Profftia_tarda
2113,Candidatus_Ishikawaella_capsulata
2114,Serratia_marcescens
2115,Serratia_plymuthica
2116,Serratia_sp._ATCC_39006
2117,Serratia_sp._FDAARGOS_506
2118,Serratia_sp._FGI94
2119,Serratia_sp._3ACOL1
2120,Serratia_sp._1D1416
2121,Serratia_sp._P2ACOL2
2122,Serratia_sp._MYb239
2123,Serratia_sp._FS14
2124,Serratia_sp._Tan611
2125,Serratia_sp._JSRIV006
2126,Serratia_sp._SCBI
2127,Serratia_sp._JUb9
2128,Serratia_sp._JSRIV002
2129,Serratia_rubidaea
2130,Serratia_entomophila
2131,Serratia_proteamaculans
2132,Serratia_odorifera
2133,Serratia_surfactantfaciens
2134,Serratia_fonticola
2135,Serratia_liquefaciens
2136,Serratia_quinivorans
2137,Serratia_symbiotica
2138,Serratia_inhibens
2139,Serratia_rhizosphaerae
2140,Serratia_grimesii
2141,Serratia_ureilytica
2142,Serratia_ficaria
2143,Serratia_nematodiphila
2144,Rahnella_aquatilis
2145,Rahnella_inusitata
2146,Rahnella_victoriana
2147,Rahnella_sp._ERMR1:05
2148,Rahnella_aceris
2149,Yersinia_pseudotuberculosis
2150,Yersinia_similis
2151,Yersinia_pestis
2152,Yersinia_enterocolitica
2153,Yersinia_ruckeri
2154,Yersinia_mollaretii
2155,Yersinia_entomophaga
2156,Yersinia_aleksiciae
2157,Yersinia_frederiksenii
2158,Yersinia_aldovae
2159,Yersinia_kristensenii
2160,Yersinia_rohdei
2161,Yersinia_canariae
2162,Yersinia_intermedia
2163,Yersinia_hibernica
2164,Yersinia_massiliensis
2165,Nissabacter_sp._SGAir0207
2166,Gibbsiella_quercinecans
2167,Ewingella_americana
2168,Rouxiella_badensis
2169,Chania_multitudinisentens
2170,Candidatus_Fukatsuia_symbiotica
2171,Pantoea_sp._Z09
2172,Pantoea_sp._SO10
2173,Pantoea_sp._At-9b
2174,Pantoea_sp._MSR2
2175,Pantoea_sp._CCBC3-3-1
2176,Pantoea_sp._MT58
2177,Pantoea_sp._SM3640
2178,Pantoea_sp._PSNIH1
2179,Pantoea_dispersa
2180,Pantoea_agglomerans
2181,Pantoea_vagans
2182,Pantoea_deleyi
2183,Pantoea_ananatis
2184,Pantoea_cypripedii
2185,Pantoea_alhagi
2186,Pantoea_stewartii
2187,Pantoea_rwandensis
2188,Pantoea_eucalypti
2189,Candidatus_Pantoea_carbekii
2190,Erwinia_sp._E602
2191,Erwinia_sp._J780
2192,Erwinia_sp._QL-Z3
2193,Erwinia_sp._Ejp617
2194,Erwinia_gerundensis
2195,Erwinia_persicina
2196,Erwinia_rhapontici
2197,Erwinia_tasmaniensis
2198,Erwinia_amylovora
2199,Erwinia_billingiae
2200,Erwinia_tracheiphila
2201,[Pantoea]_beijingensis
2202,Candidatus_Erwinia_haradaeae
2203,Erwinia_pyrifoliae
2204,Mixta_gaviniae
2205,Mixta_calida
2206,Mixta_theicola
2207,Mixta_sp._X22927
2208,Mixta_intestinalis
2209,Buchnera_aphidicola
2210,Tatumella_ptyseos
2211,Tatumella_citrea
2212,Wigglesworthia_glossinidia
2213,Dickeya_dadantii
2214,Dickeya_dianthicola
2215,Dickeya_chrysanthemi
2216,Dickeya_zeae
2217,Dickeya_fangzhongdai
2218,Dickeya_solani
2219,Dickeya_sp._NCPPB_3274
2220,Dickeya_poaceiphila
2221,Dickeya_oryzae
2222,Dickeya_parazeae
2223,Pectobacterium_carotovorum
2224,Pectobacterium_brasiliense
2225,Pectobacterium_sp._LJ1
2226,Pectobacterium_sp._PL64
2227,Pectobacterium_sp._21LCBS03
2228,Pectobacterium_atrosepticum
2229,Pectobacterium_parmentieri
2230,Pectobacterium_polaris
2231,Pectobacterium_wasabiae
2232,Pectobacterium_odoriferum
2233,Pectobacterium_punjabense
2234,Pectobacterium_versatile
2235,Pectobacterium_aroidearum
2236,Pectobacterium_parvum
2237,Pectobacterium_aquaticum
2238,Pectobacterium_quasiaquaticum
2239,Brenneria_izadpanahii
2240,Brenneria_goodwinii
2241,Brenneria_rubrifaciens
2242,Lonsdalea_populi
2243,Lonsdalea_britannica
2244,Musicola_paradisiaca
2245,Edwardsiella_tarda
2246,Edwardsiella_hoshinae
2247,Edwardsiella_ictaluri
2248,Edwardsiella_piscicida
2249,Hafnia_alvei
2250,Hafnia_paralvei
2251,Obesumbacterium_proteus
2252,Morganella_morganii
2253,Providencia_rettgeri
2254,Providencia_alcalifaciens
2255,Providencia_rustigianii
2256,Providencia_heimbachae
2257,Providencia_sp._R33
2258,Providencia_sneebia
2259,Providencia_stuartii
2260,Providencia_vermicola
2261,Xenorhabdus_bovienii
2262,Xenorhabdus_doucetiae
2263,Xenorhabdus_nematophila
2264,Xenorhabdus_poinarii
2265,Xenorhabdus_hominickii
2266,Xenorhabdus_budapestensis
2267,Photorhabdus_thracensis
2268,Photorhabdus_akhurstii
2269,Photorhabdus_asymbiotica
2270,Photorhabdus_laumondii
2271,Proteus_mirabilis
2272,Proteus_vulgaris
2273,Proteus_penneri
2274,Proteus_hauseri
2275,Arsenophonus_endosymbiont_of_Aleurodicus_dispersus
2276,Arsenophonus_endosymbiont_of_Aphis_craccivora
2277,Arsenophonus_endosymbiont_of_Apis_mellifera
2278,Arsenophonus_nasoniae
2279,Moellerella_wisconsensis
2280,Sodalis_sp._dw_23
2281,Sodalis_endosymbiont_of_Henestaris_halophilus
2282,Sodalis_glossinidius
2283,Sodalis_praecaptivus
2284,Candidatus_Sodalis_pierantonius
2285,Leminorella_richardii
2286,Pragia_fontium
2287,Jinshanibacter_zhutongyuii
2288,Limnobaculum_parvum
2289,Thioalkalivibrio_sulfidiphilus
2290,Thioalkalivibrio_paradoxus
2291,Thioalkalivibrio_nitratireducens
2292,Thioalkalivibrio_sp._K90mix
2293,Thioalkalivibrio_versutus
2294,Spiribacter_sp._E85
2295,Spiribacter_sp._2438
2296,Spiribacter_curvatus
2297,Spiribacter_salinus
2298,Acidihalobacter_aeolianus
2299,Acidihalobacter_ferrooxydans
2300,Acidihalobacter_yilgarnensis
2301,Halorhodospira_halophila
2302,Halorhodospira_halochloris
2303,Aquisalimonas_sp._2447
2304,Ectothiorhodospira_haloalkaliphila
2305,Ectothiorhodospira_sp._BSL-9
2306,Alkalilimnicola_ehrlichii
2307,Ectothiorhodosinus_mongolicus
2308,Allochromatium_tepidum
2309,Allochromatium_vinosum
2310,Candidatus_Thiodictyon_syntrophicum
2311,Thioflavicoccus_mobilis
2312,Marichromatium_purpuratum
2313,Thiocapsa_bogorovii
2314,Thiocystis_violascens
2315,Thermochromatium_tepidum
2316,Caldichromatium_japonicum
2317,Nitrosococcus_wardiae
2318,Nitrosococcus_halophilus
2319,Nitrosococcus_watsonii
2320,Nitrosococcus_oceani
2321,Rheinheimera_sp._F8
2322,Rheinheimera_sp._D18
2323,Rheinheimera_mangrovi
2324,Candidatus_Nitrosacidococcus_tergens
2325,Candidatus_Nitrosoglobus_terrae
2326,Wenzhouxiangella_marina
2327,Wenzhouxiangella_sp._AB-CW3
2328,Thiohalobacter_sp._COW1
2329,Thiohalobacter_thiocyanaticus
2330,Sulfurivermis_fontis
2331,Guyparkeria_halophila
2332,Woeseia_oceani
2333,Halothiobacillus_sp._LS2
2334,Halothiobacillus_neapolitanus
2335,Sulfuriflexus_mobilis
2336,Granulosicoccus_antarcticus
2337,Halomonas_sp._THAF5a
2338,Halomonas_sp._1513
2339,Halomonas_sp._MCCC_1A13316
2340,Halomonas_sp._HG01
2341,Halomonas_sp._THAF12
2342,Halomonas_sp._YLGW01
2343,Halomonas_sp._JS92-SW72
2344,Halomonas_sp._PGE1
2345,Halomonas_sp._Y2R2
2346,Halomonas_sp._A40-4
2347,Halomonas_sp._SH5A2
2348,Halomonas_sp._KO116
2349,Halomonas_sp._R57-5
2350,Halomonas_sp._18071143
2351,Halomonas_sp._FeN2
2352,Halomonas_sp._SS10-MC5
2353,Halomonas_sp._SF2003
2354,Halomonas_sp._GFAJ-1
2355,Halomonas_sp._TD01
2356,Halomonas_sp._NyZ770
2357,Halomonas_sp._HL-93
2358,Halomonas_sp._hl-4
2359,Halomonas_sp._N3-2A
2360,Halomonas_sp._GT
2361,Halomonas_sp._A3H3
2362,Halomonas_beimenensis
2363,Halomonas_aestuarii
2364,Halomonas_socia
2365,Halomonas_sulfidivorans
2366,Halomonas_elongata
2367,Halomonas_tianxiuensis
2368,Halomonas_chromatireducens
2369,Halomonas_subglaciescola
2370,Halomonas_meridiana
2371,Halomonas_huangheensis
2372,Halomonas_piezotolerans
2373,Halomonas_profundi
2374,Halomonas_sulfidoxydans
2375,Halomonas_titanicae
2376,Halomonas_hydrothermalis
2377,Halomonas_venusta
2378,Halomonas_alkaliphila
2379,Halomonas_campaniensis
2380,Cobetia_sp._L2A1
2381,Cobetia_sp._cqz5-12
2382,Cobetia_sp._AM6
2383,Cobetia_sp._4B
2384,Cobetia_pacifica
2385,Cobetia_amphilecti
2386,Cobetia_marina
2387,Halotalea_alkalilenta
2388,Salinicola_tamaricis
2389,Kushneria_phosphatilytica
2390,Kushneria_konosiri
2391,Kushneria_marisflavi
2392,Chromohalobacter_salexigens
2393,Pistricoccus_aurantiacus
2394,Zymobacter_palmae
2395,Candidatus_Portiera_aleyrodidarum
2396,Candidatus_Carsonella_ruddii
2397,Alcanivorax_sp._N3-2A
2398,Alcanivorax_sp._NBRC_101098
2399,Alcanivorax_pacificus
2400,Alcanivorax_xenomutans
2401,Alcanivorax_dieselolei
2402,Alcanivorax_borkumensis
2403,Ketobacter_alkanivorans
2404,Marinobacterium_aestuarii
2405,Marinobacterium_sediminicola
2406,Marinobacterium_georgiense
2407,Marinobacterium_sp._LSUCC0821
2408,Marinomonas_sp._CT5
2409,Marinomonas_sp._A3A
2410,Marinomonas_sp._FW-1
2411,Marinomonas_profundi
2412,Marinomonas_arctica
2413,Marinomonas_primoryensis
2414,Marinomonas_mediterranea
2415,Marinomonas_algicola
2416,Marinomonas_posidonica
2417,Marinomonas_foliarum
2418,Thalassolituus_sp._C2-1
2419,Thalassolituus_oleivorans
2420,Venatorbacter_cucullus
2421,Bacterioplanes_sanyensis
2422,Neptunomonas_japonica
2423,Neptunomonas_phycophila
2424,Neptunomonas_concharum
2425,Nitrincola_iocasae
2426,Amphritea_japonica
2427,Bermanella_marisrubri
2428,Saccharospirillum_mangrovi
2429,Reinekea_forsetii
2430,Gynuella_sunshinyii
2431,Hahella_sp._KA22
2432,Hahella_chejuensis
2433,Litoricola_lipolytica
2434,Oleiphilus_messinensis
2435,Spartinivicinus_ruber
2436,Endozoicomonas_montiporae
2437,Steroidobacter_denitrificans
2438,Solimonas_sp._K1W22B-7
2439,Flagellatimonas_centrodinii
2440,Sinimarinibacterium_sp._NLF-5-8
2441,Methylococcus_sp._EFPC2
2442,Methylococcus_sp._Mc7
2443,Methylococcus_capsulatus
2444,Methylococcus_geothermalis
2445,Methylomonas_sp._LL1
2446,Methylomonas_sp._EFPC1
2447,Methylomonas_sp._LW13
2448,Methylomonas_sp._DH-1
2449,Methylomonas_koyamae
2450,Methylomonas_rhizoryzae
2451,Methylomonas_denitrificans
2452,Methylomonas_methanica
2453,Methylomonas_paludis
2454,Methylomicrobium_album
2455,Methylomicrobium_sp._wino1
2456,Methylomagnum_ishizawai
2457,Methylocaldum_marinum
2458,Methylogaea_oryzae
2459,Candidatus_Methylospira_mobilis
2460,Methylotuvimicrobium_buryatense
2461,Methylotuvimicrobium_alcaliphilum
2462,Methylovulum_psychrotolerans
2463,Methylobacter_sp._S3L5C
2464,Aeromonas_sp._FDAARGOS_1415
2465,Aeromonas_sp._CA23
2466,Aeromonas_sp._FDAARGOS_1409
2467,Aeromonas_sp._CU5
2468,Aeromonas_sp._FDAARGOS_1403
2469,Aeromonas_sp._1805
2470,Aeromonas_sp._FDAARGOS_1407
2471,Aeromonas_sp._FDAARGOS_1405
2472,Aeromonas_sp._FDAARGOS_1410
2473,Aeromonas_sp._ASNIH4
2474,Aeromonas_sp._2692-1
2475,Aeromonas_sp._ASNIH3
2476,Aeromonas_sp._FDAARGOS_1411
2477,Aeromonas_sp._FDAARGOS_1419
2478,Aeromonas_sp._FDAARGOS_1414
2479,Aeromonas_sp._FDAARGOS_1402
2480,Aeromonas_sp._FDAARGOS_1417
2481,Aeromonas_sp._FDAARGOS_1416
2482,Aeromonas_sp._ASNIH1
2483,Aeromonas_sp._ASNIH5
2484,Aeromonas_sp._FDAARGOS_1404
2485,Aeromonas_sp._FDAARGOS_1406
2486,Aeromonas_sp._ASNIH2
2487,Aeromonas_sp._FDAARGOS_1408
2488,Aeromonas_sp._WP2-W18-CRE-05
2489,Aeromonas_hydrophila
2490,Aeromonas_veronii
2491,Aeromonas_media
2492,Aeromonas_schubertii
2493,Aeromonas_encheleia
2494,Aeromonas_salmonicida
2495,Aeromonas_simiae
2496,Aeromonas_caviae
2497,Aeromonas_rivuli
2498,Aeromonas_enteropelogenes
2499,Aeromonas_dhakensis
2500,Aeromonas_jandaei
2501,Aeromonas_sanarellii
2502,Aeromonas_allosaccharophila
2503,Aeromonas_rivipollensis
2504,Zobellella_denitrificans
2505,Oceanimonas_sp._GK1
2506,Dongshaea_marina
2507,Oceanisphaera_profunda
2508,Oceanisphaera_avium
2509,Tolumonas_auensis
2510,Succinivibrio_dextrinosolvens
2511,Sulfurifustis_variabilis
2512,Sulfuricaulis_limicola
2513,Acidiferrobacter_sp._SPIII_3
2514,Acidiferrobacter_thiooxydans
2515,Microbulbifer_sp._YPW16
2516,Microbulbifer_sp._SH-1
2517,Microbulbifer_sp._YPW1
2518,Microbulbifer_sp._ALW1
2519,Microbulbifer_sp._THAF38
2520,Microbulbifer_sp._A4B17
2521,Microbulbifer_sp._GL-2
2522,Microbulbifer_aggregans
2523,Microbulbifer_hydrolyticus
2524,Microbulbifer_celer
2525,Microbulbifer_thermotolerans
2526,Microbulbifer_elongatus
2527,Microbulbifer_agarilyticus
2528,Microbulbifer_variabilis
2529,Cellvibrio_sp._PSBB006
2530,Cellvibrio_sp._KY-GH-1
2531,Cellvibrio_sp._PSBB023
2532,Cellvibrio_sp._KY-YJ-3
2533,Cellvibrio_japonicus
2534,Teredinibacter_turnerae
2535,Teredinibacter_haidensis
2536,Teredinibacter_purpureus
2537,Simiduia_agarivorans
2538,Saccharophagus_degradans
2539,Marinagarivorans_sp._GE09
2540,Agarilytica_rhodophyticola
2541,Kineobactrum_salinum
2542,Halioglobus_japonicus
2543,Halioglobus_maricola
2544,Congregibacter_litoralis
2545,Aequoribacter_fuscus
2546,Spongiibacter_nanhainus
2547,Spongiibacter_taiwanensis
2548,Spongiibacter_sp._IMCC21906
2549,Zhongshania_aliphaticivorans
2550,Oceanicoccus_sagamiensis
2551,Shewanella_sp._FJAT-53555
2552,Shewanella_sp._FJAT-54031
2553,Shewanella_sp._FJAT-52072
2554,Shewanella_sp._FJAT-52076
2555,Shewanella_sp._FJAT-51860
2556,Shewanella_sp._FJAT-53764
2557,Shewanella_sp._FJAT-53532
2558,Shewanella_sp._SNU_WT4
2559,Shewanella_sp._WE21
2560,Shewanella_sp._FJAT-53681
2561,Shewanella_sp._FJAT-53870
2562,Shewanella_sp._Scap07
2563,Shewanella_sp._KX20019
2564,Shewanella_sp._FJAT-53749
2565,Shewanella_sp._MR-4
2566,Shewanella_sp._Arc9-LZ
2567,Shewanella_sp._FJAT-51754
2568,Shewanella_sp._FJAT-51649
2569,Shewanella_sp._OM3-2
2570,Shewanella_sp._ANA-3
2571,Shewanella_sp._Pdp11
2572,Shewanella_cyperi
2573,Shewanella_khirikhana
2574,Shewanella_algae
2575,Shewanella_litorisediminis
2576,Shewanella_amazonensis
2577,Shewanella_marisflavi
2578,Shewanella_baltica
2579,Shewanella_putrefaciens
2580,Shewanella_sedimentimangrovi
2581,Shewanella_avicenniae
2582,Shewanella_dokdonensis
2583,Shewanella_yunxiaonensis
2584,Shewanella_loihica
2585,Shewanella_benthica
2586,Shewanella_denitrificans
2587,Shewanella_sediminis
2588,Shewanella_halifaxensis
2589,Shewanella_psychromarinicola
2590,Shewanella_oneidensis
2591,Shewanella_carassii
2592,Shewanella_psychropiezotolerans
2593,Shewanella_decolorationis
2594,Shewanella_maritima
2595,Shewanella_pealeana
2596,Shewanella_violacea
2597,Shewanella_psychrophila
2598,Shewanella_woodyi
2599,Shewanella_piezotolerans
2600,Shewanella_indica
2601,Shewanella_aestuarii
2602,Shewanella_vesiculosa
2603,Shewanella_chilikensis
2604,Shewanella_xiamenensis
2605,Shewanella_inventionis
2606,Shewanella_glacialimarina
2607,Shewanella_donghaensis
2608,Shewanella_livingstonensis
2609,Shewanella_bicestrii
2610,Parashewanella_tropica
2611,Parashewanella_spongiae
2612,Alteromonas_sp._RKMC-009
2613,Alteromonas_sp._BL110
2614,Alteromonas_sp._RW2A1
2615,Alteromonas_sp._76-1
2616,Alteromonas_macleodii
2617,Alteromonas_pelagimontana
2618,Alteromonas_mediterranea
2619,Alteromonas_naphthalenivorans
2620,Alteromonas_australica
2621,Salinimonas_lutimaris
2622,Salinimonas_marina
2623,Salinimonas_iocasae
2624,Salinimonas_sediminis
2625,Hydrocarboniclastica_marina
2626,Lacimicrobium_alkaliphilum
2627,Agarivorans_sp._TSD2052
2628,Agarivorans_sp._B2Z047
2629,Agarivorans_gilvus
2630,Agarivorans_albus
2631,Agarivorans_aestuarii
2632,Saliniradius_amylolyticus
2633,Paraglaciecola_sp._L1A13
2634,Paraglaciecola_sp._L3A3
2635,Paraglaciecola_mesophila
2636,Paraglaciecola_psychrophila
2637,Paraneptunicella_aestuarii
2638,Glaciecola_nitratireducens
2639,Saccharobesus_litoralis
2640,Catenovulum_sediminis
2641,Pseudoalteromonas_sp._R3
2642,Pseudoalteromonas_sp._THAF3
2643,Pseudoalteromonas_sp._A25
2644,Pseudoalteromonas_sp._GCY
2645,Pseudoalteromonas_rubra
2646,Pseudoalteromonas_viridis
2647,Pseudoalteromonas_luteoviolacea
2648,Pseudoalteromonas_piscicida
2649,Pseudoalteromonas_xiamenensis
2650,Pseudoalteromonas_shioyasakiensis
2651,Pseudoalteromonas_spongiae
2652,Pseudoalteromonas_ulvae
2653,Pseudoalteromonas_prydzensis
2654,Pseudoalteromonas_mariniglutinosa
2655,Pseudoalteromonas_tunicata
2656,Pseudoalteromonas_piratica
2657,Pseudoalteromonas_agarivorans
2658,Pseudoalteromonas_espejiana
2659,Pseudoalteromonas_ruthenica
2660,Pseudoalteromonas_phenolica
2661,Pseudoalteromonas_aliena
2662,Pseudoalteromonas_carrageenovora
2663,Pseudoalteromonas_translucida
2664,Pseudoalteromonas_arctica
2665,Psychrosphaera_ytuae
2666,Psychrosphaera_aestuarii
2667,Flocculibacter_collagenilyticus
2668,Ferrimonas_balearica
2669,Ferrimonas_lipolytica
2670,Colwellia_sp._MT41
2671,Colwellia_sp._20A7
2672,Colwellia_sp._Arc7-D
2673,Colwellia_sp._Arc7-635
2674,Colwellia_sp._PAMC_20917
2675,Colwellia_psychrerythraea
2676,Thalassotalea_sp._PS06
2677,Thalassotalea_sp._LPB0316
2678,Thalassotalea_sp._HSM_43
2679,Thalassotalea_crassostreae
2680,Cognaticolwellia_beringensis
2681,Litorilituus_sediminis
2682,Idiomarina_sp._OT37-5b
2683,Idiomarina_sp._X4
2684,Idiomarina_loihiensis
2685,Idiomarina_abyssalis
2686,Idiomarina_piscisalsi
2687,Moritella_sp._24
2688,Moritella_yayanosii
2689,Moritella_marina
2690,Psychromonas_ingrahamii
2691,Psychromonas_sp._CNPT3
2692,Vibrio_parahaemolyticus
2693,Vibrio_alginolyticus
2694,Vibrio_diabolicus
2695,Vibrio_harveyi
2696,Vibrio_owensii
2697,Vibrio_campbellii
2698,Vibrio_natriegens
2699,Vibrio_rotiferianus
2700,Vibrio_azureus
2701,Vibrio_jasicida
2702,Vibrio_sp._OG9-811
2703,Vibrio_sp._B1FLJ16
2704,Vibrio_sp._Scap24
2705,Vibrio_sp._THAF190c
2706,Vibrio_sp._VB16
2707,Vibrio_sp._HDW18
2708,Vibrio_sp._SCSIO_43132
2709,Vibrio_sp._ED004
2710,Vibrio_sp._SS-MA-C1-2
2711,Vibrio_sp._B1FIG11
2712,Vibrio_sp._B1REV9
2713,Vibrio_fluvialis
2714,Vibrio_vulnificus
2715,Vibrio_furnissii
2716,Vibrio_sinaloensis
2717,Vibrio_tubiashii
2718,Vibrio_europaeus
2719,Vibrio_cholerae
2720,Vibrio_navarrensis
2721,Vibrio_mimicus
2722,Vibrio_cyclitrophicus
2723,Vibrio_anguillarum
2724,Vibrio_coralliilyticus
2725,Vibrio_alfacsensis
2726,Vibrio_gazogenes
2727,Vibrio_taketomensis
2728,Vibrio_splendidus
2729,Vibrio_nigripulchritudo
2730,Vibrio_algicola
2731,Vibrio_metoecus
2732,Vibrio_zhugei
2733,Vibrio_maritimus
2734,Vibrio_scophthalmi
2735,Vibrio_spartinae
2736,Vibrio_tapetis
2737,Vibrio_astriarenae
2738,Vibrio_mediterranei
2739,Vibrio_ziniensis
2740,Vibrio_metschnikovii
2741,Vibrio_penaeicida
2742,Vibrio_cidicii
2743,Vibrio_neptunius
2744,Vibrio_breoganii
2745,Vibrio_crassostreae
2746,Vibrio_atlanticus
2747,Vibrio_cincinnatiensis
2748,Vibrio_rumoiensis
2749,Vibrio_chagasii
2750,Vibrio_ponticus
2751,Vibrio_tritonius
2752,Vibrio_panuliri
2753,Vibrio_kanaloae
2754,Vibrio_casei
2755,Vibrio_aquimaris
2756,Vibrio_bathopelagicus
2757,Vibrio_gigantis
2758,Vibrio_aphrogenes
2759,Vibrio_hyugaensis
2760,Vibrio_paracholerae
2761,Photobacterium_damselae
2762,Photobacterium_sp._TLY01
2763,Photobacterium_sp._GJ3
2764,Photobacterium_gaetbulicola
2765,Photobacterium_ganghwense
2766,Photobacterium_profundum
2767,Salinivibrio_kushneri
2768,Salinivibrio_costicola
2769,Salinivibrio_sp._YCSC6
2770,Grimontia_hollisae
2771,Aliivibrio_fischeri
2772,Aliivibrio_salmonicida
2773,Thaumasiovibrio_subtropicus
2774,Candidatus_Enterovibrio_luxaltus
2775,Paraphotobacterium_marinum
2776,Immundisolibacter_cernigliae
2777,Legionella_pneumophila
2778,Legionella_sp._PC1000
2779,Legionella_sp._MW5194
2780,Legionella_sp._PC997
2781,Legionella_anisa
2782,Legionella_geestiana
2783,Legionella_spiritensis
2784,Legionella_longbeachae
2785,Legionella_sainthelensi
2786,Legionella_israelensis
2787,Legionella_lansingensis
2788,Legionella_fallonii
2789,Legionella_waltersii
2790,Legionella_oakridgensis
2791,Legionella_jordanis
2792,Legionella_cherrii
2793,Legionella_clemsonensis
2794,Legionella_hackeliae
2795,Legionella_antarctica
2796,Legionella_adelaidensis
2797,Legionella_endosymbiont_of_Polyplax_serrata
2798,Fluoribacter_dumoffii
2799,Tatlockia_micdadei
2800,Aquicella_siphonis
2801,Aquicella_lusitana
2802,Coxiella_burnetii
2803,Candidatus_Coxiella_mudrowiae
2804,Coxiella_endosymbiont_of_Amblyomma_nuttalli
2805,Coxiella_endosymbiont_of_Amblyomma_sculptum
2806,Candidatus_Rickettsiella_viridis
2807,Rickettsiella_endosymbiont_of_Dermanyssus_gallinae
2808,Acinetobacter_sp._WCHAc010034
2809,Acinetobacter_sp._TTH0-4
2810,Acinetobacter_sp._TGL-Y2
2811,Acinetobacter_sp._LoGeW2-3
2812,Acinetobacter_sp._10FS3-1
2813,Acinetobacter_sp._CS-2
2814,Acinetobacter_sp._ASP199
2815,Acinetobacter_sp._SCLZS86
2816,Acinetobacter_sp._WCHAc010052
2817,Acinetobacter_sp._Marseille-Q1620
2818,Acinetobacter_sp._WCHA55
2819,Acinetobacter_sp._NCu2D-2
2820,Acinetobacter_sp._WCHA45
2821,Acinetobacter_baumannii
2822,Acinetobacter_calcoaceticus
2823,Acinetobacter_pittii
2824,Acinetobacter_nosocomialis
2825,Acinetobacter_seifertii
2826,Acinetobacter_indicus
2827,Acinetobacter_johnsonii
2828,Acinetobacter_lwoffii
2829,Acinetobacter_radioresistens
2830,Acinetobacter_schindleri
2831,Acinetobacter_bouvetii
2832,Acinetobacter_junii
2833,Acinetobacter_soli
2834,Acinetobacter_larvae
2835,Acinetobacter_haemolyticus
2836,Acinetobacter_variabilis
2837,Acinetobacter_wuhouensis
2838,Acinetobacter_gyllenbergii
2839,Acinetobacter_tandoii
2840,Acinetobacter_lanii
2841,Acinetobacter_venetianus
2842,Acinetobacter_baylyi
2843,Acinetobacter_cumulans
2844,Acinetobacter_towneri
2845,Acinetobacter_dispersus
2846,Acinetobacter_ursingii
2847,Acinetobacter_defluvii
2848,Acinetobacter_wanghuae
2849,Acinetobacter_shaoyimingii
2850,Acinetobacter_piscicola
2851,Acinetobacter_guillouiae
2852,Acinetobacter_bereziniae
2853,Acinetobacter_chinensis
2854,Acinetobacter_portensis
2855,Acinetobacter_pseudolwoffii
2856,Psychrobacter_sp._DAB_AL43B
2857,Psychrobacter_sp._28M-43
2858,Psychrobacter_sp._P11G3
2859,Psychrobacter_sp._P11F6
2860,Psychrobacter_sp._WY6
2861,Psychrobacter_sp._KCTC_72983
2862,Psychrobacter_sp._PraFG1
2863,Psychrobacter_sp._G
2864,Psychrobacter_sp._P11G5
2865,Psychrobacter_sp._P2G3
2866,Psychrobacter_arenosus
2867,Psychrobacter_arcticus
2868,Psychrobacter_urativorans
2869,Psychrobacter_sanguinis
2870,Psychrobacter_cryohalolentis
2871,Moraxella_osloensis
2872,Moraxella_catarrhalis
2873,Moraxella_bovis
2874,Moraxella_bovoculi
2875,Moraxella_cuniculi
2876,Moraxella_sp._ZY201115
2877,Moraxella_nonliquefaciens
2878,Moraxella_ovis
2879,Aquirhabdus_parva
2880,Candidatus_Endoriftia_persephone
2881,Candidatus_Vesicomyosocius_sp._SY067_SCS001
2882,Bathymodiolus_septemdierum_thioautotrophic_gill_symbiont
2883,Candidatus_Ruthia_endofausta
2884,Bathymodiolus_thermophilus_thioautotrophic_gill_symbiont
2885,Sedimenticola_thiotaurini
2886,Candidatus_Reidiella_endopervernicosa
2887,Thiolapillus_brandeum
2888,Pseudohongiella_spirulinae
2889,Gallaecimonas_mangrovi
2890,Ignatzschineria_sp._HR5S32
2891,Celerinatantimonas_diazotrophica
2892,Candidatus_Thioglobus_autotrophicus
2893,Candidatus_Thioglobus_sp._NP1
2894,Candidatus_Pseudothioglobus_singularis
2895,Candidatus_Steffania_adelgidicola
2896,Thiomicrorhabdus_xiamenensis
2897,Thiomicrorhabdus_aquaedulcis
2898,Thiomicrorhabdus_sediminis
2899,Thiomicrorhabdus_sp._Am19
2900,Thiomicrorhabdus_indica
2901,Methylophaga_sp._TMB456
2902,Methylophaga_nitratireducenticrescens
2903,Methylophaga_frappieri
2904,Thiomicrospira_sp._S5
2905,Thiomicrospira_microaerophila
2906,Thiomicrospira_cyclica
2907,Thiomicrospira_aerophila
2908,Hydrogenovibrio_thermophilus
2909,Hydrogenovibrio_marinus
2910,Hydrogenovibrio_crunogenus
2911,Thiosulfatimonas_sediminis
2912,Piscirickettsia_salmonis
2913,Thiosulfativibrio_zosterae
2914,Thiothrix_litoralis
2915,Thiothrix_subterranea
2916,Thiothrix_sp._CT3
2917,Thiothrix_unzii
2918,Candidatus_Thiothrix_anitrata
2919,Beggiatoa_leptomitoformis
2920,Francisella_tularensis
2921,Francisella_sp._FSC1006
2922,Francisella_philomiragia
2923,Francisella_frigiditurris
2924,Francisella_persica
2925,Allofrancisella_guangzhouensis
2926,Salinisphaera_sp._LB1
2927,endosymbiont_of_unidentified_scaly_snail_isolate_Monju
2928,Isorropodon_fossajaponicum_symbiont
2929,endosymbiont_of_Euscepes_postfasciatus
2930,Abyssogena_phaseoliformis_symbiont
2931,Pasteurella_multocida
2932,Pasteurella_canis
2933,Pasteurella_skyensis
2934,Pasteurella_atlantica
2935,Haemophilus_parainfluenzae
2936,Haemophilus_influenzae
2937,Haemophilus_pittmaniae
2938,Haemophilus_haemolyticus
2939,Haemophilus_parahaemolyticus
2940,Aggregatibacter_actinomycetemcomitans
2941,Aggregatibacter_aphrophilus
2942,Aggregatibacter_sp._2125159857
2943,Aggregatibacter_sp._Marseille-P9115
2944,Aggregatibacter_segnis
2945,Actinobacillus_sp._GY-402
2946,Actinobacillus_pleuropneumoniae
2947,Actinobacillus_delphinicola
2948,Actinobacillus_indolicus
2949,Actinobacillus_lignieresii
2950,Actinobacillus_porcitonsillarum
2951,Mannheimia_varigena
2952,Mannheimia_granulomatis
2953,Mannheimia_haemolytica
2954,Mannheimia_sp._USDA-ARS-USMARC-1261
2955,Avibacterium_paragallinarum
2956,Avibacterium_volantium
2957,Glaesserella_parasuis
2958,Glaesserella_sp._15-184
2959,Rodentibacter_heylii
2960,Rodentibacter_haemolyticus
2961,Histophilus_somni
2962,Gallibacterium_anatis
2963,Bibersteinia_trehalosi
2964,Frederiksenia_canicola
2965,Vespertiliibacter_pulmonis
2966,Cardiobacterium_hominis
2967,Cardiobacterium_sp._Marseille-Q4385
2968,Suttonella_sp._R2A3
2969,Dichelobacter_nodosus
2970,Kangiella_koreensis
2971,Kangiella_sediminilitoris
2972,Kangiella_profundi
2973,Kangiella_geojedonensis
2974,Gilliamella_sp._ESL0405
2975,Gilliamella_sp._ESL0443
2976,Gilliamella_apicola
2977,Zophobihabitans_entericus
2978,Frischella_perrara
2979,Archangium_violaceum
2980,Archangium_gephyra
2981,Cystobacter_fuscus
2982,Stigmatella_aurantiaca
2983,Melittangium_boletus
2984,Myxococcus_xanthus
2985,Myxococcus_hansupus
2986,Myxococcus_stipitatus
2987,Myxococcus_sp._SCHIC003
2988,Corallococcus_coralloides
2989,Corallococcus_sp._EGB
2990,Corallococcus_macrosporus
2991,Pyxidicoccus_sp._SCPEA002
2992,Anaeromyxobacter_sp._Red232
2993,Anaeromyxobacter_sp._Fw109-5
2994,Anaeromyxobacter_sp._Red630
2995,Anaeromyxobacter_sp._K
2996,Anaeromyxobacter_dehalogenans
2997,Vulgatibacter_incomptus
2998,Sorangium_cellulosum
2999,Polyangium_aurulentum
3000,Chondromyces_crocatus
3001,Pajaroellobacter_abortibovis
3002,Sandaracinus_amylolyticus
3003,Labilithrix_luteola
3004,Haliangium_ochraceum
3005,Geomonas_sp._RF6
3006,Geomonas_nitrogeniifigens
3007,Geomonas_paludis
3008,Geomonas_subterranea
3009,Geomonas_oryzisoli
3010,Geobacter_sp._FeAm09
3011,Geobacter_sp._SVR
3012,Geobacter_sp._DSM_9736
3013,Geobacter_sulfurreducens
3014,Geobacter_pickeringii
3015,Geobacter_metallireducens
3016,Geobacter_benzoatilyticus
3017,Citrifermentans_bremense
3018,Citrifermentans_bemidjiense
3019,Geotalea_uraniireducens
3020,Geotalea_daltonii
3021,Geoalkalibacter_subterraneus
3022,Trichlorobacter_lovleyi
3023,Desulfuromonas_versatilis
3024,Desulfuromonas_sp._DDH964
3025,Desulfuromonas_sp._AOP6
3026,Desulfuromonas_soudanensis
3027,Pelobacter_propionicus
3028,Syntrophotalea_acetylenica
3029,Syntrophotalea_carbinolica
3030,Syntrophotalea_acetylenivorans
3031,Pseudodesulfovibrio_indicus
3032,Pseudodesulfovibrio_mercurii
3033,Pseudodesulfovibrio_aespoeensis
3034,Pseudodesulfovibrio_cashew
3035,Pseudodesulfovibrio_sp._SF6
3036,Pseudodesulfovibrio_sp._zrk46
3037,Pseudodesulfovibrio_tunisiensis
3038,Pseudodesulfovibrio_profundus
3039,Pseudodesulfovibrio_piezophilus
3040,Desulfovibrio_sp._IOR2
3041,Desulfovibrio_sp._86
3042,Desulfovibrio_sp._G11
3043,Desulfovibrio_vulgaris
3044,Desulfovibrio_sulfodismutans
3045,Desulfovibrio_desulfuricans
3046,Desulfovibrio_piger
3047,Desulfovibrio_fairfieldensis
3048,Desulfovibrio_ferrophilus
3049,Candidatus_Desulfovibrio_trichonymphae
3050,Solidesulfovibrio_carbinoliphilus
3051,Solidesulfovibrio_magneticus
3052,Solidesulfovibrio_carbinolicus
3053,Oceanidesulfovibrio_marinus
3054,Desulfocurvibacter_africanus
3055,Desulfolutivibrio_sulfoxidireducens
3056,Megalodesulfovibrio_gigas
3057,Oleidesulfovibrio_alaskensis
3058,Maridesulfovibrio_salexigens
3059,Maridesulfovibrio_hydrothermalis
3060,Paradesulfovibrio_bizertensis
3061,Lawsonia_intracellularis
3062,Desulfomicrobium_baculatum
3063,Desulfomicrobium_orale
3064,Desulfohalobium_retbaense
3065,Desulfosarcina_ovata
3066,Desulfosarcina_alkanivorans
3067,Desulfosarcina_widdelii
3068,Desulfococcus_multivorans
3069,Desulfatibacillum_aliphaticivorans
3070,Desulfoluna_sp._ASN36
3071,Desulfobacter_hydrogenophilus
3072,Desulfobacter_postgatei
3073,Desulfonema_magnum
3074,Desulfonema_limicola
3075,Desulforapulum_autotrophicum
3076,Desulfobacula_toluolica
3077,Desulfobulbus_propionicus
3078,Desulfobulbus_oralis
3079,Desulfobulbus_oligotrophicus
3080,Desulfurivibrio_alkaliphilus
3081,Desulfomarina_profundi
3082,Desulfosudis_oleivorans
3083,Desulfosediminicola_ganghwensis
3084,Desulfosediminicola_flagellatus
3085,Desulfocapsa_sulfexigens
3086,Desulfotalea_psychrophila
3087,Persicimonas_caeni
3088,Bradymonas_sediminis
3089,Bradymonadales_bacterium_V1718
3090,Syntrophobacter_fumaroxidans
3091,Desulfoglaeba_alkanexedens
3092,Desulfarculus_baarsii
3093,Desulfobacca_acetoxidans
3094,Desulfomonile_tiedjei
3095,Syntrophus_aciditrophicus
3096,Dissulfurimicrobium_hydrothermale
3097,Candidatus_Desulfofervidus_auxilii
3098,Hippea_maritima
3099,Campylobacter_showae
3100,Campylobacter_concisus
3101,Campylobacter_gracilis
3102,Campylobacter_sp._19-13652
3103,Campylobacter_sp._RM6914
3104,Campylobacter_sp._CCUG_57310
3105,Campylobacter_sp._RM5004
3106,Campylobacter_sp._RM16192
3107,Campylobacter_curvus
3108,Campylobacter_rectus
3109,Campylobacter_geochelonis
3110,Campylobacter_jejuni
3111,Campylobacter_hyointestinalis
3112,Campylobacter_pinnipediorum
3113,Campylobacter_coli
3114,Campylobacter_ureolyticus
3115,Campylobacter_hominis
3116,Campylobacter_mucosalis
3117,Campylobacter_upsaliensis
3118,Campylobacter_fetus
3119,Campylobacter_lari
3120,Campylobacter_cuniculorum
3121,Candidatus_Campylobacter_infans
3122,Campylobacter_blaseri
3123,Sulfurimonas_sp._HSL-3221
3124,Sulfurimonas_sp._SWIR-19
3125,Sulfurimonas_sp._B2
3126,Sulfurimonas_sp._H1576
3127,Sulfurimonas_paralvinellae
3128,Sulfurimonas_lithotrophica
3129,Sulfurimonas_gotlandica
3130,Sulfurimonas_autotrophica
3131,Sulfurimonas_hydrogeniphila
3132,Sulfuricurvum_kujiense
3133,Helicobacter_pylori
3134,Helicobacter_sp._NHP19-0012
3135,Helicobacter_sp._NHP19-0003
3136,Helicobacter_bizzozeronii
3137,Helicobacter_canis
3138,Helicobacter_cinaedi
3139,Helicobacter_himalayensis
3140,Helicobacter_heilmannii
3141,Helicobacter_felis
3142,Helicobacter_suis
3143,Helicobacter_cetorum
3144,Helicobacter_bilis
3145,Helicobacter_mustelae
3146,Helicobacter_pullorum
3147,Helicobacter_typhlonius
3148,Wolinella_succinogenes
3149,Nitratifractor_salsuginis
3150,Sulfurovum_sp._NBC37-1
3151,Sulfurovum_sp._HSL1-3
3152,Sulfurovum_sp._XGS-02
3153,Sulfurovum_indicum
3154,Sulfurovum_lithotrophicum
3155,Hydrogenimonas_urashimensis
3156,Arcobacter_sp._FWKO_B
3157,Aliarcobacter_cryaerophilus
3158,Aliarcobacter_butzleri
3159,Pseudoarcobacter_acticola
3160,Malaciobacter_halophilus
3161,Sulfurospirillum_cavolei
3162,Sulfurospirillum_sp._UCH001
3163,Sulfurospirillum_halorespirans
3164,Sulfurospirillum_multivorans
3165,Sulfurospirillum_barnesii
3166,Sulfurospirillum_deleyianum
3167,Nitratiruptor_sp._YY09-18
3168,Nitratiruptor_sp._SB155-2
3169,Nitrosophilus_alvini
3170,Nitrosophilus_labii
3171,Caminibacter_mediatlanticus
3172,Caminibacter_pacificus
3173,Nautilia_profundicola
3174,Nautilia_sp._PV-1
3175,Acidithiobacillus_caldus
3176,Acidithiobacillus_ferrivorans
3177,Acidithiobacillus_ferrooxidans
3178,Acidithiobacillus_ferriphilus
3179,Acidithiobacillus_thiooxidans
3180,Acidithiobacillus_ferridurans
3181,Acidithiobacillus_sp._'AMD_consortium'
3182,Bdellovibrio_bacteriovorus
3183,Bdellovibrio_sp._LBG001
3184,Bdellovibrio_sp._NC01
3185,Bdellovibrio_sp._ZAP7
3186,Bdellovibrio_sp._KM01
3187,Pseudobdellovibrio_exovorus
3188,Halobacteriovorax_marinus
3189,Halobacteriovorax_sp._BALOs_7
3190,Bacteriovorax_stolpii
3191,Fluviispira_sanaruensis
3192,Silvanigrella_aquatica
3193,Hydrogenophilus_thermoluteolus
3194,Mariprofundus_ferrinatatus
3195,Mariprofundus_aestuarium
3196,Streptomyces_sp._WAC_01438
3197,Streptomyces_sp._SCSIO_64649
3198,Streptomyces_sp._SN-593
3199,Streptomyces_sp._NHF165
3200,Streptomyces_sp._BJ20
3201,Streptomyces_sp._CdTB01
3202,Streptomyces_sp._CB01881
3203,Streptomyces_sp._MA3_2.13
3204,Streptomyces_sp._So13.3
3205,Streptomyces_sp._3025
3206,Streptomyces_sp._NA02950
3207,Streptomyces_sp._891-h
3208,Streptomyces_sp._Go_40/10
3209,Streptomyces_sp._BH-MK-02
3210,Streptomyces_sp._ZYC-3
3211,Streptomyces_sp._SCUT-3
3212,Streptomyces_sp._P3
3213,Streptomyces_sp._ST1015
3214,Streptomyces_sp._AMCC400023
3215,Streptomyces_sp._Z423-1
3216,Streptomyces_sp._MST-110588
3217,Streptomyces_sp._SAT1
3218,Streptomyces_sp._LRE541
3219,Streptomyces_sp._NEAU-sy36
3220,Streptomyces_sp._HM190
3221,Streptomyces_sp._NA04227
3222,Streptomyces_sp._3214.6
3223,Streptomyces_sp._GMY02
3224,Streptomyces_sp._DSM_40868
3225,Streptomyces_sp._A2-16
3226,Streptomyces_sp._YIM_121038
3227,Streptomyces_sp._GS7
3228,Streptomyces_sp._JB150
3229,Streptomyces_sp._MBT27
3230,Streptomyces_sp._GQFP
3231,Streptomyces_sp._C8S0
3232,Streptomyces_sp._W1SF4
3233,Streptomyces_sp._Go-475
3234,Streptomyces_sp._RTd22
3235,Streptomyces_sp._RPA4-2
3236,Streptomyces_sp._MG28
3237,Streptomyces_sp._BHT-5-2
3238,Streptomyces_sp._SYP-A7193
3239,Streptomyces_sp._CMB-StM0423
3240,Streptomyces_sp._QHH-9511
3241,Streptomyces_sp._MG62
3242,Streptomyces_sp._Rer75
3243,Streptomyces_sp._SM18
3244,Streptomyces_sp._SirexAA-E
3245,Streptomyces_sp._135
3246,Streptomyces_sp._CCM_MD2014
3247,Streptomyces_sp._Tu_2975
3248,Streptomyces_sp._HSG2
3249,Streptomyces_sp._HP-A2021
3250,Streptomyces_sp._CB09001
3251,Streptomyces_sp._fd1-xmd
3252,Streptomyces_sp._WAC_01529
3253,Streptomyces_sp._jing01
3254,Streptomyces_sp._INR7
3255,Streptomyces_sp._S4.7
3256,Streptomyces_sp._TN58
3257,Streptomyces_sp._WAC_06738
3258,Streptomyces_sp._S1D4-11
3259,Streptomyces_sp._SUK_48
3260,Streptomyces_sp._WY228
3261,Streptomyces_sp._CNQ-509
3262,Streptomyces_sp._YPW6
3263,Streptomyces_sp._HF10
3264,Streptomyces_sp._NA02536
3265,Streptomyces_sp._ADI95-16
3266,Streptomyces_sp._Mg1
3267,Streptomyces_sp._769
3268,Streptomyces_sp._AgN23
3269,Streptomyces_sp._EAS-AB2608
3270,Streptomyces_sp._RPA4-5
3271,Streptomyces_sp._2323.1
3272,Streptomyces_sp._PBH53
3273,Streptomyces_sp._S063
3274,Streptomyces_sp._CRSS-Y-16
3275,Streptomyces_sp._S8
3276,Streptomyces_sp._XC_2026
3277,Streptomyces_sp._NEAU-S7GS2
3278,Streptomyces_sp._M2
3279,Streptomyces_sp._NA03103
3280,Streptomyces_sp._ID38640
3281,Streptomyces_sp._3211
3282,Streptomyces_sp._MOE7
3283,Streptomyces_sp._HNA39
3284,Streptomyces_sp._WA6-1-16
3285,Streptomyces_sp._Sge12
3286,Streptomyces_sp._RLB1-33
3287,Streptomyces_sp._V17-9
3288,Streptomyces_sp._BSE6.1
3289,Streptomyces_sp._A144
3290,Streptomyces_sp._Tue_6075
3291,Streptomyces_sp._11-1-2
3292,Streptomyces_sp._KPB2
3293,Streptomyces_sp._SS52
3294,Streptomyces_sp._CFMR_7
3295,Streptomyces_sp._CB00271
3296,Streptomyces_sp._SGAir0924
3297,Streptomyces_sp._WAC00303
3298,Streptomyces_sp._CLI2509
3299,Streptomyces_sp._M56
3300,Streptomyces_sp._CB09030
3301,Streptomyces_sp._CB04723
3302,Streptomyces_sp._Tu6071
3303,Streptomyces_sp._HU2014
3304,Streptomyces_sp._endophyte_N2
3305,Streptomyces_sp._WAC00288
3306,Streptomyces_sp._PAMC_26508
3307,Streptomyces_sp._VN1
3308,Streptomyces_sp._S501
3309,Streptomyces_sp._WA1-19
3310,Streptomyces_sp._R527F
3311,Streptomyces_sp._2114.2
3312,Streptomyces_sp._LBUM_1480
3313,Streptomyces_sp._A1-5
3314,Streptomyces_sp._GF20
3315,Streptomyces_sp._S1A1-7
3316,Streptomyces_sp._CA-256286
3317,Streptomyces_sp._NBU3104
3318,Streptomyces_sp._604F
3319,Streptomyces_sp._RLB3-17
3320,Streptomyces_sp._LBUM_1475
3321,Streptomyces_sp._LBUM_1482
3322,Streptomyces_sp._FR-008
3323,Streptomyces_sp._OUCMDZ-3434
3324,Streptomyces_sp._S1D4-20
3325,Streptomyces_sp._CC0208
3326,Streptomyces_sp._PLM4
3327,Streptomyces_sp._PVA_94-07
3328,Streptomyces_sp._RLB3-6
3329,Streptomyces_sp._GBA_94-10
3330,Streptomyces_sp._A10(2020)
3331,Streptomyces_sp._RLB1-9
3332,Streptomyces_sp._S1D4-14
3333,Streptomyces_sp._S1D4-23
3334,Streptomyces_sp._ICC1
3335,Streptomyces_sp._ICC4
3336,Streptomyces_sp._SM17
3337,Streptomyces_venezuelae
3338,Streptomyces_bathyalis
3339,Streptomyces_cadmiisoli
3340,Streptomyces_aurantiacus
3341,Streptomyces_qaidamensis
3342,Streptomyces_alboniger
3343,Streptomyces_koyangensis
3344,Streptomyces_hygroscopicus
3345,Streptomyces_rapamycinicus
3346,Streptomyces_yatensis
3347,Streptomyces_violaceusniger
3348,Streptomyces_malaysiensis
3349,Streptomyces_viridosporus
3350,Streptomyces_albus
3351,Streptomyces_calvus
3352,Streptomyces_griseus
3353,Streptomyces_sp._M54
3354,Streptomyces_anulatus
3355,Streptomyces_microflavus
3356,Streptomyces_globisporus
3357,Streptomyces_chartreusis
3358,Streptomyces_harbinensis
3359,Streptomyces_armeniacus
3360,Streptomyces_lydicus
3361,Streptomyces_formicae
3362,Streptomyces_bingchenggensis
3363,Streptomyces_buecherae
3364,Streptomyces_griseorubiginosus
3365,Streptomyces_tsukubensis
3366,Streptomyces_cattleya
3367,Streptomyces_spectabilis
3368,Streptomyces_capitiformicae
3369,Streptomyces_niveus
3370,Streptomyces_rimosus
3371,Streptomyces_seoulensis
3372,Streptomyces_cyaneochromogenes
3373,Streptomyces_aquilus
3374,Streptomyces_xinghaiensis
3375,Streptomyces_tendae
3376,Streptomyces_xanthii
3377,Streptomyces_ferrugineus
3378,Streptomyces_davaonensis
3379,Streptomyces_roseirectus
3380,Streptomyces_prasinus
3381,Streptomyces_actuosus
3382,Streptomyces_nodosus
3383,Streptomyces_genisteinicus
3384,Streptomyces_lincolnensis
3385,Streptomyces_albulus
3386,Streptomyces_griseoviridis
3387,Streptomyces_lunaelactis
3388,Streptomyces_rectiverticillatus
3389,Streptomyces_durmitorensis
3390,Streptomyces_liangshanensis
3391,Streptomyces_avermitilis
3392,Streptomyces_griseochromogenes
3393,Streptomyces_griseocarneus
3394,Streptomyces_vietnamensis
3395,Streptomyces_paludis
3396,Streptomyces_antibioticus
3397,Streptomyces_alboflavus
3398,Streptomyces_clavuligerus
3399,Streptomyces_dengpaensis
3400,Streptomyces_luteoverticillatus
3401,Streptomyces_asoensis
3402,Streptomyces_olivoreticuli
3403,Streptomyces_aureoverticillatus
3404,Streptomyces_globosus
3405,Streptomyces_ambofaciens
3406,Streptomyces_phaeolivaceus
3407,Streptomyces_ficellus
3408,Streptomyces_nigra
3409,Streptomyces_glaucescens
3410,Streptomyces_collinus
3411,Streptomyces_parvulus
3412,Streptomyces_exfoliatus
3413,Streptomyces_pactum
3414,Streptomyces_incarnatus
3415,Streptomyces_atratus
3416,Streptomyces_broussonetiae
3417,Streptomyces_lavendulae
3418,Streptomyces_galilaeus
3419,Streptomyces_roseochromogenus
3420,Streptomyces_hundungensis
3421,Streptomyces_subrutilus
3422,Streptomyces_deccanensis
3423,Streptomyces_peucetius
3424,Streptomyces_katrae
3425,Streptomyces_chromofuscus
3426,Streptomyces_gilvosporeus
3427,Streptomyces_inhibens
3428,Streptomyces_vinaceus
3429,Streptomyces_fodineus
3430,Streptomyces_dangxiongensis
3431,Streptomyces_pristinaespiralis
3432,Streptomyces_cyanogenus
3433,Streptomyces_kanamyceticus
3434,Streptomyces_gobiensis
3435,Streptomyces_nitrosporeus
3436,Streptomyces_tirandamycinicus
3437,Streptomyces_angustmyceticus
3438,Streptomyces_tuirus
3439,Streptomyces_mobaraensis
3440,Streptomyces_rutgersensis
3441,Streptomyces_coeruleorubidus
3442,Streptomyces_hawaiiensis
3443,Streptomyces_pratensis
3444,Streptomyces_pluripotens
3445,Streptomyces_spongiicola
3446,Streptomyces_qinzhouensis
3447,Streptomyces_gardneri
3448,Streptomyces_fagopyri
3449,Streptomyces_huasconensis
3450,Streptomyces_finlayi
3451,Streptomyces_nojiriensis
3452,Streptomyces_leeuwenhoekii
3453,Streptomyces_cyaneogriseus
3454,Streptomyces_decoyicus
3455,Streptomyces_fungicidicus
3456,Streptomyces_lydicamycinicus
3457,Streptomyces_auratus
3458,Streptomyces_antimycoticus
3459,Streptomyces_xiamenensis
3460,Streptomyces_platensis
3461,Streptomyces_albidoflavus
3462,Streptomyces_coelicolor
3463,Streptomyces_sampsonii
3464,Streptomyces_alfalfae
3465,Streptomyces_filamentosus
3466,Streptomyces_olivaceus
3467,Streptomyces_californicus
3468,Streptomyces_cavourensis
3469,Streptomyces_fradiae
3470,Streptomyces_mirabilis
3471,Streptomyces_murinus
3472,Streptomyces_griseofuscus
3473,Streptomyces_albireticuli
3474,Streptomyces_noursei
3475,Streptomyces_autolyticus
3476,Streptomyces_lividans
3477,Streptomyces_scabiei
3478,Streptomyces_cinereoruber
3479,Streptomyces_violaceoruber
3480,Streptomyces_rubrolavendulae
3481,Streptomyces_rochei
3482,Kitasatospora_sp._MMS16-BH015
3483,Kitasatospora_sp._NA04385
3484,Kitasatospora_setae
3485,Kitasatospora_aureofaciens
3486,Kitasatospora_albolonga
3487,Streptacidiphilus_sp._P02-A3a
3488,Streptacidiphilus_sp._PB12-B1b
3489,Streptacidiphilus_bronchialis
3490,Yinghuangia_sp._ASG_101
3491,Microbacterium_sp._No._7
3492,Microbacterium_sp._4R-513
3493,Microbacterium_sp._10M-3C3
3494,Microbacterium_sp._JZ31
3495,Microbacterium_sp._SSW1-51
3496,Microbacterium_sp._YJN-G
3497,Microbacterium_sp._ABRD_28
3498,Microbacterium_sp._BH-3-3-3
3499,Microbacterium_sp._A18JL241
3500,Microbacterium_sp._XT11
3501,Microbacterium_sp._H1-D42
3502,Microbacterium_sp._SSW1-36
3503,Microbacterium_sp._LKL04
3504,Microbacterium_sp._NIBRBAC000506063
3505,Microbacterium_sp._PM5
3506,Microbacterium_sp._cx-55
3507,Microbacterium_sp._Y-01
3508,Microbacterium_sp._CBA3102
3509,Microbacterium_sp._TPU_3598
3510,Microbacterium_sp._1S1
3511,Microbacterium_sp._Nx66
3512,Microbacterium_sp._RG1
3513,Microbacterium_sp._SGAir0570
3514,Microbacterium_sp._1.5R
3515,Microbacterium_sp._PAMC22086
3516,Microbacterium_sp._CGR1
3517,Microbacterium_sp._str._'China'
3518,Microbacterium_sp._PAMC_28756
3519,Microbacterium_sp._KUDC0406
3520,Microbacterium_sp._Se5.02b
3521,Microbacterium_sp._Se63.02b
3522,Microbacterium_sp._PAMC21962
3523,Microbacterium_cremeum
3524,Microbacterium_atlanticum
3525,Microbacterium_foliorum
3526,Microbacterium_hominis
3527,Microbacterium_oleivorans
3528,Microbacterium_resistens
3529,Microbacterium_lemovicicum
3530,Microbacterium_sediminis
3531,Microbacterium_pygmaeum
3532,Microbacterium_oryzae
3533,Microbacterium_aurum
3534,Microbacterium_caowuchunii
3535,Microbacterium_testaceum
3536,Microbacterium_luteum
3537,Microbacterium_chocolatum
3538,Microbacterium_lushaniae
3539,Microbacterium_wangchenii
3540,Microbacterium_protaetiae
3541,Microbacterium_esteraromaticum
3542,Microbacterium_oxydans
3543,Microbacterium_hydrocarbonoxydans
3544,Microbacterium_schleiferi
3545,Microbacterium_fandaimingii
3546,Microbacterium_binotii
3547,Microbacterium_chengjingii
3548,Microbacterium_amylolyticum
3549,Microbacterium_endophyticum
3550,Microbacterium_paludicola
3551,Microbacterium_paraoxydans
3552,Agromyces_sp._H17E-10
3553,Agromyces_sp._LHK192
3554,Agromyces_sp._CFWR-12
3555,Agromyces_flavus
3556,Agromyces_soli
3557,Agromyces_aureus
3558,Agromyces_protaetiae
3559,Agromyces_marinus
3560,Agromyces_archimandritae
3561,Agromyces_intestinalis
3562,Agromyces_badenianii
3563,Agromyces_laixinhei
3564,Curtobacterium_sp._L6-1
3565,Curtobacterium_sp._BH-2-1-1
3566,Curtobacterium_sp._YC1
3567,Curtobacterium_sp._MR_MD2014
3568,Curtobacterium_sp._TC1
3569,Curtobacterium_sp._24E2
3570,Curtobacterium_sp._SGAir0471
3571,Curtobacterium_sp._TXMA1
3572,Curtobacterium_sp._C1
3573,Curtobacterium_sp._Csp2
3574,Curtobacterium_sp._Csp1
3575,Curtobacterium_flaccumfaciens
3576,Curtobacterium_luteum
3577,Rathayibacter_sp._VKM_Ac-2759
3578,Rathayibacter_sp._VKM_Ac-2760
3579,Rathayibacter_sp._VKM_Ac-2804
3580,Rathayibacter_sp._VKM_Ac-2801
3581,Rathayibacter_sp._VKM_Ac-2762
3582,Rathayibacter_sp._VKM_Ac-2805
3583,Rathayibacter_festucae
3584,Rathayibacter_tanaceti
3585,Rathayibacter_iranicus
3586,Rathayibacter_tritici
3587,Rathayibacter_rathayi
3588,Rathayibacter_toxicus
3589,Leifsonia_sp._21MFCrub1.1
3590,Leifsonia_sp._ZF2019
3591,Leifsonia_sp._PS1209
3592,Leifsonia_shinshuensis
3593,Leifsonia_xyli
3594,Leucobacter_sp._NB_10
3595,Leucobacter_sp._H25R-14
3596,Leucobacter_sp._Psy1
3597,Leucobacter_sp._CX169
3598,Leucobacter_sp._H21R-36
3599,Leucobacter_sp._H21R-40
3600,Leucobacter_muris
3601,Leucobacter_triazinivorans
3602,Leucobacter_luti
3603,Leucobacter_viscericola
3604,Leucobacter_insecticola
3605,Leucobacter_denitrificans
3606,Leucobacter_coleopterorum
3607,Clavibacter_michiganensis
3608,Clavibacter_zhangzhiyongii
3609,Clavibacter_sp._A6099
3610,Agrococcus_sp._SCSIO52902
3611,Agrococcus_sp._SGAir0287
3612,Agrococcus_sp._Marseille-Q4369
3613,Agrococcus_jejuensis
3614,Agrococcus_carbonis
3615,Protaetiibacter_sp._SSC-01
3616,Protaetiibacter_intestinalis
3617,Protaetiibacter_larvae
3618,Salinibacterium_sp._ZJ450
3619,Salinibacterium_sp._ZJ70
3620,Salinibacterium_sp._dk2585
3621,Salinibacterium_sp._UTAS2018
3622,Salinibacterium_sp._M195
3623,Salinibacterium_hongtaonis
3624,Cryobacterium_sp._LW097
3625,Cryobacterium_sp._PAMC25264
3626,Cryobacterium_soli
3627,Cryobacterium_arcticum
3628,Frondihabitans_sp._PAMC_28766
3629,Frondihabitans_sp._762G35
3630,Microterricola_viridarii
3631,Microcella_flavibacter
3632,Microcella_alkaliphila
3633,Plantibacter_sp._M259
3634,Plantibacter_sp._PA-3-X8
3635,Plantibacter_flavus
3636,Cnuibacter_physcomitrellae
3637,Herbiconiux_sp._SALV-R1
3638,Gryllotalpicola_protaetiae
3639,Mycetocola_sp._JXN-3
3640,Mycetocola_zhujimingii
3641,Mycetocola_spongiae
3642,Frigoribacterium_sp._NBH87
3643,Humibacter_sp._WJ7-1
3644,Subtercola_sp._AK-R2A1-2
3645,Subtercola_sp._PAMC28395
3646,Chryseoglobus_sp._28M-23
3647,Chryseoglobus_indicus
3648,Amnibacterium_sp._L3-i23
3649,Gulosibacter_sediminis
3650,Marisediminicola_antarctica
3651,Diaminobutyricimonas_sp._LJ205
3652,Glaciihabitans_sp._INWT7
3653,Agreia_sp._COWG
3654,Aquiluna_borgnonia
3655,Candidatus_Aquiluna_sp._UB-MaderosW2red
3656,Rhodoluna_limnophila
3657,Candidatus_Rhodoluna_planktonica
3658,Rhodoluna_lacicola
3659,Pseudoclavibacter_sp._Marseille-Q3772
3660,Aurantimicrobium_photophilum
3661,Aurantimicrobium_minutum
3662,Aurantimicrobium_sp._MWH-Uga1
3663,Pontimonas_salivibrio
3664,Arthrobacter_sp._QXT-31
3665,Arthrobacter_sp._NicSoilC5
3666,Arthrobacter_sp._QL17
3667,Arthrobacter_sp._FW305-BF8
3668,Arthrobacter_sp._PM3
3669,Arthrobacter_sp._NicSoilB8
3670,Arthrobacter_sp._24S4-2
3671,Arthrobacter_sp._KBS0702
3672,Arthrobacter_sp._U41
3673,Arthrobacter_sp._ERGS1:01
3674,Arthrobacter_sp._PAMC25564
3675,Arthrobacter_sp._UKPF54-2
3676,Arthrobacter_sp._NicSoilB4
3677,Arthrobacter_sp._FB24
3678,Arthrobacter_sp._PGP41
3679,Arthrobacter_sp._Helios
3680,Arthrobacter_sp._PAMC25284
3681,Arthrobacter_sp._FW306-2-2C-D06B
3682,Arthrobacter_sp._PAMC_25486
3683,Arthrobacter_sp._zg-Y462
3684,Arthrobacter_sp._NtRootA1
3685,Arthrobacter_sp._zg-Y809
3686,Arthrobacter_sp._StoSoilB5
3687,Arthrobacter_sp._StoSoilB20
3688,Arthrobacter_sp._FW306-06-A
3689,Arthrobacter_sp._D5-1
3690,Arthrobacter_sp._YN
3691,Arthrobacter_sp._NicSoilB11
3692,Arthrobacter_sp._FW306-07-I
3693,Arthrobacter_sp._C1-1
3694,Arthrobacter_sp._FW306-05-C
3695,Arthrobacter_sp._StoSoilB19
3696,Arthrobacter_sp._StoSoilA2
3697,Arthrobacter_sp._StoSoilB13
3698,Arthrobacter_sp._AQ5-05
3699,Arthrobacter_agilis
3700,Arthrobacter_crystallopoietes
3701,Arthrobacter_sulfonylureivorans
3702,Arthrobacter_dokdonellae
3703,Arthrobacter_woluwensis
3704,Arthrobacter_jiangjiafuii
3705,Arthrobacter_alpinus
3706,Arthrobacter_sunyaminii
3707,Kocuria_rosea
3708,Kocuria_flava
3709,Kocuria_turfanensis
3710,Kocuria_palustris
3711,Kocuria_rhizophila
3712,Kocuria_varians
3713,Kocuria_sp._TGY1127_2
3714,Kocuria_sp._KD4
3715,Kocuria_sp._BT304
3716,Kocuria_indica
3717,Pseudarthrobacter_sp._BIM_B-2242
3718,Pseudarthrobacter_sp._L1SW
3719,Pseudarthrobacter_sp._NIBRBAC000502772
3720,Pseudarthrobacter_sp._NBSH8
3721,Pseudarthrobacter_sp._SSS035
3722,Pseudarthrobacter_sp._NIBRBAC000502770
3723,Pseudarthrobacter_sp._NIBRBAC000502771
3724,Pseudarthrobacter_phenanthrenivorans
3725,Pseudarthrobacter_chlorophenolicus
3726,Pseudarthrobacter_equi
3727,Pseudarthrobacter_psychrotolerans
3728,Pseudarthrobacter_sulfonivorans
3729,Micrococcus_luteus
3730,Micrococcus_sp._KD337-16
3731,Micrococcus_sp._KBS0714
3732,Micrococcus_yunnanensis
3733,Sinomonas_atrocyanea
3734,Sinomonas_sp._R1AF57
3735,Glutamicibacter_creatinolyticus
3736,Glutamicibacter_protophormiae
3737,Glutamicibacter_halophytocola
3738,Glutamicibacter_mishrai
3739,Glutamicibacter_arilaitensis
3740,Glutamicibacter_nicotianae
3741,Glutamicibacter_sp._ZJUTW
3742,Rothia_kristinae
3743,Rothia_mucilaginosa
3744,Rothia_nasimurium
3745,Rothia_aeria
3746,Rothia_dentocariosa
3747,Rothia_terrae
3748,Rothia_amarae
3749,Rothia_sp._ZJ932
3750,Paenarthrobacter_ureafaciens
3751,Paenarthrobacter_aurescens
3752,Paenarthrobacter_sp._YJN-5
3753,Paenarthrobacter_sp._YJN-D
3754,Paenarthrobacter_nicotinovorans
3755,Citricoccus_sp._SGAir0253
3756,Nesterenkonia_sp._NBAIMH1
3757,Paeniglutamicibacter_sp._Y32M11
3758,Psychromicrobium_lacuslunae
3759,Neomicrococcus_aestuarii
3760,Auritidibacter_sp._NML130574
3761,Renibacterium_salmoninarum
3762,Cellulomonas_sp._Y8
3763,Cellulomonas_sp._H30R-01
3764,Cellulomonas_sp._C5510
3765,Cellulomonas_sp._JZ18
3766,Cellulomonas_sp._zg-ZUI188
3767,Cellulomonas_sp._zg-ZUI157
3768,Cellulomonas_sp._zg-ZUI222
3769,Cellulomonas_sp._EW123
3770,Cellulomonas_sp._PSBB021
3771,Cellulomonas_fimi
3772,Cellulomonas_iranensis
3773,Cellulomonas_shaoxiangyii
3774,Cellulomonas_flavigena
3775,Cellulomonas_gilvus
3776,Cellulomonas_taurus
3777,Actinotalea_sp._JY-7876
3778,Pseudactinotalea_sp._HY158
3779,Oerskovia_sp._KBS0722
3780,Paraoerskovia_marina
3781,Janibacter_melonis
3782,Janibacter_limosus
3783,Janibacter_indicus
3784,Janibacter_sp._YB324
3785,Phycicoccus_sp._HDW14
3786,Phycicoccus_endophyticus
3787,Pedococcus_dokdonensis
3788,Tetrasphaera_sp._HKS02
3789,Intrasporangium_calvum
3790,Arsenicicoccus_sp._oral_taxon_190
3791,Cellulosimicrobium_cellulans
3792,Cellulosimicrobium_sp._BI34T
3793,Cellulosimicrobium_sp._JZ28
3794,Cellulosimicrobium_sp._72-3
3795,Cellulosimicrobium_sp._TH-20
3796,Xylanimonas_protaetiae
3797,Xylanimonas_cellulosilytica
3798,Xylanimonas_allomyrinae
3799,Isoptericola_variabilis
3800,Isoptericola_dokdonensis
3801,Ornithinimicrobium_avium
3802,Ornithinimicrobium_sp._HY006
3803,Ornithinimicrobium_sp._INDO-MA30-4
3804,Ornithinimicrobium_flavum
3805,Ornithinimicrobium_ciconiae
3806,Ornithinimicrobium_pratense
3807,Serinicoccus_chungangensis
3808,Serinicoccus_hydrothermalis
3809,Serinicoccus_profundi
3810,Serinicoccus_marinus
3811,Brachybacterium_sp._CBA3105
3812,Brachybacterium_sp._SGAir0954
3813,Brachybacterium_sp._P6-10-X1
3814,Brachybacterium_faecium
3815,Brachybacterium_saurashtrense
3816,Brachybacterium_ginsengisoli
3817,Brachybacterium_vulturis
3818,Brachybacterium_avium
3819,Dermabacter_vaginalis
3820,Dermabacter_jinjuensis
3821,Devriesea_agamarum
3822,Brevibacterium_sp._CS2
3823,Brevibacterium_sp._SMBL_HHYL_HB1
3824,Brevibacterium_sp._HY170
3825,Brevibacterium_sp._'Marine'
3826,Brevibacterium_sp._W7.2
3827,Brevibacterium_casei
3828,Brevibacterium_luteolum
3829,Brevibacterium_linens
3830,Brevibacterium_atlanticum
3831,Brevibacterium_aurantiacum
3832,Brevibacterium_oceani
3833,Brevibacterium_sandarakinum
3834,Brevibacterium_limosum
3835,Brevibacterium_siliguriense
3836,Brevibacterium_pigmentatum
3837,Georgenia_sp._TF02-10
3838,Georgenia_yuyongxinii
3839,Georgenia_wutianyii
3840,Georgenia_faecalis
3841,Dermacoccus_nishinomiyaensis
3842,Dermacoccus_sp._PAMC28757
3843,Luteipulveratus_mongoliensis
3844,Allobranchiibius_sp._GilTou73
3845,Yimella_sp._cx-51
3846,Haloactinobacterium_kanbiaonis
3847,Ruania_sp._LR1S40
3848,Ruania_sp._M4N3S171
3849,Ruania_zhangjianzhongii
3850,Ruania_alkalisoli
3851,Beutenbergia_cavernae
3852,Miniimonas_sp._S16
3853,Pengzhenrongella_sicca
3854,Luteimicrobium_xylanilyticum
3855,Sanguibacter_keddieii
3856,Sanguibacter_sp._HDW7
3857,Gephyromycinifex_aptenodytis
3858,Austwickia_chelonae
3859,Dermatophilus_congolensis
3860,Kytococcus_sedentarius
3861,Demequina_sp._TMPB413
3862,Jonesia_denitrificans
3863,Tropheryma_whipplei
3864,Mycobacterium_sp._JS623
3865,Mycobacterium_sp._WY10
3866,Mycobacterium_sp._IDR2000157661
3867,Mycobacterium_sp._EPa45
3868,Mycobacterium_sp._DL592
3869,Mycobacterium_sp._YC-RL4
3870,Mycobacterium_sp._MS1601
3871,Mycobacterium_sp._DL440
3872,Mycobacterium_sp._TY59
3873,Mycobacterium_sp._PYR15
3874,Mycobacterium_sp._20KCMC460
3875,Mycobacterium_sp._MOTT36Y
3876,Mycobacterium_sp._IWGMT90018-18076
3877,Mycobacterium_saskatchewanense
3878,Mycobacterium_parmense
3879,Mycobacterium_kubicae
3880,Mycobacterium_simiae
3881,Mycobacterium_shigaense
3882,Mycobacterium_heidelbergense
3883,Mycobacterium_florentinum
3884,Mycobacterium_stomatepiae
3885,Mycobacterium_lentiflavum
3886,Mycobacterium_avium
3887,Mycobacterium_intracellulare
3888,Mycobacterium_marseillense
3889,Mycobacterium_colombiense
3890,Mycobacterium_mantenii
3891,Mycobacterium_paraintracellulare
3892,Mycobacterium_crocinum
3893,Mycobacterium_rufum
3894,Mycobacterium_goodii
3895,Mycobacterium_grossiae
3896,Mycobacterium_holsaticum
3897,Mycobacterium_dioxanotrophicus
3898,Mycobacterium_paragordonae
3899,Mycobacterium_branderi
3900,Mycobacterium_conspicuum
3901,Mycobacterium_diernhoferi
3902,Mycobacterium_canettii
3903,Mycobacterium_tuberculosis
3904,Mycobacterium_frederiksbergense
3905,Mycobacterium_gordonae
3906,Mycobacterium_cookii
3907,Mycobacterium_koreense
3908,Mycobacterium_paraterrae
3909,Mycobacterium_riyadhense
3910,Mycobacterium_noviomagense
3911,Mycobacterium_kansasii
3912,Mycobacterium_heckeshornense
3913,Mycobacterium_vicinigordonae
3914,Mycobacterium_paraseoulense
3915,Mycobacterium_shinjukuense
3916,Mycobacterium_lacus
3917,Mycobacterium_virginiense
3918,Mycobacterium_malmoense
3919,Mycobacterium_seoulense
3920,Mycobacterium_ostraviense
3921,Mycobacterium_xenopi
3922,Mycobacterium_basiliense
3923,Mycobacterium_spongiae
3924,Mycobacterium_haemophilum
3925,Mycobacterium_pallens
3926,Mycobacterium_marinum
3927,Mycobacterium_senegalense
3928,Mycobacterium_novum
3929,Mycobacterium_lepromatosis
3930,Mycobacterium_leprae
3931,Mycobacterium_ulcerans
3932,Mycobacterium_shottsii
3933,Mycobacterium_pseudoshottsii
3934,Mycolicibacterium_fortuitum
3935,Mycolicibacterium_litorale
3936,Mycolicibacterium_smegmatis
3937,Mycolicibacterium_pulveris
3938,Mycolicibacterium_sp._YH-1
3939,Mycolicibacterium_rutilum
3940,Mycolicibacterium_hassiacum
3941,Mycolicibacterium_phlei
3942,Mycolicibacterium_madagascariense
3943,Mycolicibacterium_sediminis
3944,Mycolicibacterium_chubuense
3945,Mycolicibacterium_neoaurum
3946,Mycolicibacterium_mageritense
3947,Mycolicibacterium_moriokaense
3948,Mycolicibacterium_arabiense
3949,Mycolicibacterium_chitae
3950,Mycolicibacterium_vaccae
3951,Mycolicibacterium_parafortuitum
3952,Mycolicibacterium_thermoresistibile
3953,Mycolicibacterium_psychrotolerans
3954,Mycolicibacterium_gadium
3955,Mycolicibacterium_monacense
3956,Mycolicibacterium_duvalii
3957,Mycolicibacterium_celeriflavum
3958,Mycolicibacterium_fluoranthenivorans
3959,Mycolicibacterium_rhodesiae
3960,Mycolicibacterium_poriferae
3961,Mycolicibacterium_aichiense
3962,Mycolicibacterium_phocaicum
3963,Mycolicibacterium_tokaiense
3964,Mycolicibacterium_fallax
3965,Mycolicibacterium_baixiangningiae
3966,Mycolicibacterium_gilvum
3967,Mycolicibacterium_aurum
3968,Mycolicibacterium_confluentis
3969,Mycolicibacterium_insubricum
3970,Mycolicibacterium_anyangense
3971,Mycolicibacterium_helvum
3972,Mycolicibacterium_boenickei
3973,Mycolicibacterium_mengxianglii
3974,Mycolicibacterium_austroafricanum
3975,Mycobacterium_doricum
3976,Mycolicibacterium_alvei
3977,Mycolicibacterium_mucogenicum
3978,Mycolicibacterium_sarraceniae
3979,Mycolicibacterium_septicum
3980,Mycolicibacterium_farcinogenes
3981,Mycolicibacterium_vanbaalenii
3982,Mycolicibacterium_nivoides
3983,Mycolicibacter_sp._MYC340
3984,Mycolicibacter_sp._MYC098
3985,Mycolicibacter_sp._MYC017
3986,Mycolicibacter_sp._MYC123
3987,Mycolicibacter_sp._MYC101
3988,Mycolicibacter_hiberniae
3989,Mycolicibacter_terrae
3990,Mycolicibacter_minnesotensis
3991,Mycolicibacter_sinensis
3992,Mycobacteroides_abscessus
3993,Mycobacteroides_chelonae
3994,Mycobacteroides_immunogenum
3995,Mycobacteroides_saopaulense
3996,Mycobacteroides_salmoniphilum
3997,[Mycobacterium]_stephanolepidis
3998,Mycolicibacillus_parakoreensis
3999,Hoyosella_subflava
4000,Nocardia_asteroides
4001,Nocardia_brasiliensis
4002,Nocardia_terpenica
4003,Nocardia_cyriacigeorgica
4004,Nocardia_farcinica
4005,Nocardia_huaxiensis
4006,Nocardia_arthritidis
4007,Nocardia_wallacei
4008,Nocardia_nova
4009,Nocardia_yunnanensis
4010,Nocardia_yamanashiensis
4011,Nocardia_seriolae
4012,Nocardia_otitidiscaviarum
4013,Nocardia_sp._CS682
4014,Nocardia_tengchongensis
4015,Nocardia_gipuzkoensis
4016,Nocardia_iowensis
4017,Nocardia_mangyaensis
4018,Rhodococcus_sp._X156
4019,Rhodococcus_sp._MTM3W5.2
4020,Rhodococcus_sp._SGAir0479
4021,Rhodococcus_sp._W8901
4022,Rhodococcus_sp._PBTS_1
4023,Rhodococcus_sp._R79
4024,Rhodococcus_sp._ABRD24
4025,Rhodococcus_sp._USK10
4026,Rhodococcus_sp._B7740
4027,Rhodococcus_sp._P1Y
4028,Rhodococcus_sp._WMMA185
4029,Rhodococcus_sp._RDE2
4030,Rhodococcus_sp._USK13
4031,Rhodococcus_sp._WAY2
4032,Rhodococcus_sp._WB9
4033,Rhodococcus_sp._M8
4034,Rhodococcus_sp._DMU1
4035,Rhodococcus_sp._ZPP
4036,Rhodococcus_sp._S2-17
4037,Rhodococcus_sp._WB1
4038,Rhodococcus_sp._21391
4039,Rhodococcus_sp._P-2
4040,Rhodococcus_sp._2G
4041,Rhodococcus_sp._LW-XY12
4042,Rhodococcus_sp._DMF-1
4043,Rhodococcus_sp._p52
4044,Rhodococcus_sp._AQ5-07
4045,Rhodococcus_sp._PSBB049
4046,Rhodococcus_sp._YL-1
4047,Rhodococcus_sp._008
4048,Rhodococcus_sp._BH4
4049,Rhodococcus_sp._NJ-530
4050,Rhodococcus_sp._H-CA8f
4051,Rhodococcus_opacus
4052,Rhodococcus_equi
4053,Rhodococcus_fascians
4054,Rhodococcus_rhodochrous
4055,Rhodococcus_triatomae
4056,Rhodococcus_koreensis
4057,Rhodococcus_coprophilus
4058,Rhodococcus_ruber
4059,Rhodococcus_jostii
4060,Rhodococcus_pyridinivorans
4061,Rhodococcus_erythropolis
4062,Rhodococcus_qingshengii
4063,Rhodococcus_globerulus
4064,Rhodococcus_aetherivorans
4065,Corynebacterium_cyclohexanicum
4066,Corynebacterium_frankenforstense
4067,Corynebacterium_sphenisci
4068,Corynebacterium_xerosis
4069,Corynebacterium_bovis
4070,Corynebacterium_halotolerans
4071,Corynebacterium_freneyi
4072,Corynebacterium_nuruki
4073,Corynebacterium_sp._CNCTC7651
4074,Corynebacterium_sp._NML98-0116
4075,Corynebacterium_sp._1864
4076,Corynebacterium_sp._4H37-19
4077,Corynebacterium_sp._FDAARGOS_1242
4078,Corynebacterium_sp._sy039
4079,Corynebacterium_vitaeruminis
4080,Corynebacterium_maris
4081,Corynebacterium_humireducens
4082,Corynebacterium_doosanense
4083,Corynebacterium_timonense
4084,Corynebacterium_yudongzhengii
4085,Corynebacterium_variabile
4086,Corynebacterium_marinum
4087,Corynebacterium_mycetoides
4088,Corynebacterium_liangguodongii
4089,Corynebacterium_comes
4090,Corynebacterium_uterequi
4091,Corynebacterium_imitans
4092,Corynebacterium_provencense
4093,Corynebacterium_atypicum
4094,Corynebacterium_glyciniphilum
4095,Corynebacterium_urealyticum
4096,Corynebacterium_jeikeium
4097,Corynebacterium_lujinxingii
4098,Corynebacterium_terpenotabidum
4099,Corynebacterium_sanguinis
4100,Corynebacterium_ureicelerivorans
4101,Corynebacterium_uberis
4102,Corynebacterium_falsenii
4103,Corynebacterium_qintianiae
4104,Corynebacterium_efficiens
4105,Corynebacterium_glucuronolyticum
4106,Corynebacterium_coyleae
4107,Corynebacterium_glaucum
4108,Corynebacterium_aurimucosum
4109,Corynebacterium_kroppenstedtii
4110,Corynebacterium_genitalium
4111,Corynebacterium_striatum
4112,Corynebacterium_testudinoris
4113,Corynebacterium_incognita
4114,Corynebacterium_lactis
4115,Corynebacterium_tuberculostearicum
4116,Corynebacterium_occultum
4117,Corynebacterium_riegelii
4118,Corynebacterium_aquilae
4119,Corynebacterium_matruchotii
4120,Corynebacterium_endometrii
4121,Corynebacterium_zhongnanshanii
4122,Corynebacterium_renale
4123,Corynebacterium_urogenitale
4124,Corynebacterium_kalinowskii
4125,Corynebacterium_simulans
4126,Corynebacterium_flavescens
4127,Corynebacterium_lizhenjunii
4128,Corynebacterium_propinquum
4129,Corynebacterium_camporealensis
4130,Corynebacterium_cystitidis
4131,Corynebacterium_minutissimum
4132,Corynebacterium_singulare
4133,Corynebacterium_epidermidicanis
4134,Corynebacterium_macginleyi
4135,Corynebacterium_gerontici
4136,Corynebacterium_phocae
4137,Corynebacterium_stationis
4138,Corynebacterium_pelargi
4139,Corynebacterium_diphtheriae
4140,Corynebacterium_kefirresidentii
4141,Corynebacterium_deserti
4142,Corynebacterium_argentoratense
4143,Corynebacterium_choanae
4144,Corynebacterium_pseudopelargi
4145,Corynebacterium_resistens
4146,Corynebacterium_pseudodiphtheriticum
4147,Corynebacterium_casei
4148,Corynebacterium_ulcerans
4149,Corynebacterium_glutamicum
4150,Corynebacterium_ammoniagenes
4151,Corynebacterium_mustelae
4152,Corynebacterium_pseudotuberculosis
4153,Corynebacterium_segmentosum
4154,Corynebacterium_hindlerae
4155,Corynebacterium_silvaticum
4156,Corynebacterium_accolens
4157,Corynebacterium_anserum
4158,Corynebacterium_suranareeae
4159,Corynebacterium_rouxii
4160,Corynebacterium_amycolatum
4161,Corynebacterium_crudilactis
4162,Corynebacterium_callunae
4163,Corynebacterium_kutscheri
4164,Gordonia_sp._PP30
4165,Gordonia_sp._KTR9
4166,Gordonia_sp._YC-JH1
4167,Gordonia_sp._PDNC005
4168,Gordonia_sp._WA4-43
4169,Gordonia_sp._JH63
4170,Gordonia_sp._135
4171,Gordonia_sp._1D
4172,Gordonia_polyisoprenivorans
4173,Gordonia_terrae
4174,Gordonia_insulae
4175,Gordonia_phthalatica
4176,Gordonia_amarae
4177,Gordonia_iterans
4178,Gordonia_jinghuaiqii
4179,Gordonia_bronchialis
4180,Gordonia_rubripertincta
4181,Gordonia_pseudoamarae
4182,Gordonia_otitidis
4183,Gordonia_zhaorongruii
4184,Gordonia_alkanivorans
4185,Gordonia_amicalis
4186,Gordonia_hongkongensis
4187,Gordonia_ajococcus
4188,Skermania_piniformis
4189,Tsukamurella_paurometabola
4190,Tsukamurella_tyrosinosolvens
4191,Tsukamurella_pulmonis
4192,Tsukamurella_sp._PLM1
4193,Dietzia_sp._oral_taxon_368
4194,Dietzia_sp._DQ12-45-1b
4195,Dietzia_lutea
4196,Dietzia_psychralcaliphila
4197,Dietzia_timorensis
4198,Tomitella_gaofuii
4199,Tomitella_fengzijianii
4200,Segniliparus_rotundus
4201,Lawsonella_clevelandensis
4202,Micromonospora_sp._WMMC415
4203,Micromonospora_sp._WMMA2032
4204,Micromonospora_sp._HM134
4205,Micromonospora_sp._B006
4206,Micromonospora_sp._L5
4207,Micromonospora_terminaliae
4208,Micromonospora_krabiensis
4209,Micromonospora_inositola
4210,Micromonospora_echinaurantiaca
4211,Micromonospora_carbonacea
4212,Micromonospora_viridifaciens
4213,Micromonospora_echinofusca
4214,Micromonospora_auratinigra
4215,Micromonospora_coxensis
4216,Micromonospora_purpureochromogenes
4217,Micromonospora_coriariae
4218,Micromonospora_siamensis
4219,Micromonospora_narathiwatensis
4220,Micromonospora_ferruginea
4221,Micromonospora_echinospora
4222,Micromonospora_maris
4223,Micromonospora_sagamiensis
4224,Micromonospora_endophytica_(Xie_et_al._2001)_Li_et_al._2019
4225,Micromonospora_zamorensis
4226,Micromonospora_chokoriensis
4227,Micromonospora_rifamycinica
4228,Micromonospora_craniellae
4229,Micromonospora_tulbaghiae
4230,Micromonospora_aurantiaca
4231,Actinoplanes_sp._L3-i22
4232,Actinoplanes_sp._N902-109
4233,Actinoplanes_sp._OR16
4234,Actinoplanes_friuliensis
4235,Actinoplanes_ianthinogenes
4236,Actinoplanes_missouriensis
4237,Actinoplanes_teichomyceticus
4238,Actinoplanes_derwentensis
4239,Dactylosporangium_vinaceum
4240,Phytohabitans_suffuscus
4241,Phytohabitans_flavus
4242,Plantactinospora_sp._KBS50
4243,Plantactinospora_sp._BC1
4244,Plantactinospora_sp._BB1
4245,Couchioplanes_caeruleus
4246,Actinocatenispora_thailandica
4247,Actinocatenispora_sera
4248,Catellatospora_sp._IY07-71
4249,Polymorphospora_rubra
4250,Natronosporangium_hydrolyticum
4251,Verrucosispora_sp._NA02020
4252,Salinispora_tropica
4253,Nocardioides_sp._G188
4254,Nocardioides_sp._LMS-CY
4255,Nocardioides_sp._JS614
4256,Nocardioides_sp._TF02-7
4257,Nocardioides_sp._HDW12B
4258,Nocardioides_sp._W7
4259,Nocardioides_sp._zg-579
4260,Nocardioides_sp._cx-173
4261,Nocardioides_sp._SCSIO_67246
4262,Nocardioides_sp._S-1144
4263,Nocardioides_sp._zg-1228
4264,Nocardioides_sp._603
4265,Nocardioides_sp._InS609-2
4266,Nocardioides_sp._S5
4267,Nocardioides_sp._MC1495
4268,Nocardioides_sp._CF8
4269,Nocardioides_sp._JQ2195
4270,Nocardioides_sp._zg-536
4271,Nocardioides_sp._dk884
4272,Nocardioides_sp._ZJ1313
4273,Nocardioides_sp._Kera_G14
4274,Nocardioides_sp._WS12
4275,Nocardioides_mesophilus
4276,Nocardioides_ungokensis
4277,Nocardioides_cynanchi
4278,Nocardioides_anomalus
4279,Nocardioides_euryhalodurans
4280,Nocardioides_humi
4281,Nocardioides_dongkuii
4282,Nocardioides_okcheonensis
4283,Nocardioides_aromaticivorans
4284,Nocardioides_rotundus
4285,Nocardioides_aquaticus
4286,Nocardioides_marinisabuli
4287,Nocardioides_dokdonensis
4288,Nocardioides_sambongensis
4289,Nocardioides_panacisoli
4290,Nocardioides_houyundeii
4291,Nocardioides_seonyuensis
4292,Nocardioides_piscis
4293,Nocardioides_daphniae
4294,Nocardioides_jishulii
4295,Nocardioides_yefusunii
4296,Nocardioides_baekrokdamisoli
4297,Aeromicrobium_sp._Leaf245
4298,Aeromicrobium_sp._zg-629
4299,Aeromicrobium_sp._A1-2
4300,Aeromicrobium_erythreum
4301,Aeromicrobium_chenweiae
4302,Aeromicrobium_choanae
4303,Aeromicrobium_marinum
4304,Aeromicrobium_yanjiei
4305,Pimelobacter_simplex
4306,Marmoricola_scoriae
4307,Friedmanniella_luteola
4308,Mumia_sp._ZJ1417
4309,Micropruina_glycogenica
4310,Microlunatus_sagamiharensis
4311,Microlunatus_soli
4312,Microlunatus_elymi
4313,Microlunatus_phosphovorus
4314,Microlunatus_sp._Gsoil_973
4315,Tessaracoccus_sp._J1M15
4316,Tessaracoccus_sp._MC1865
4317,Tessaracoccus_defluvii
4318,Tessaracoccus_aquimaris
4319,Tessaracoccus_flavescens
4320,Tessaracoccus_flavus
4321,Tessaracoccus_timonensis
4322,Brevilactibacter_coleopterorum
4323,Brevilactibacter_sp._MC1595
4324,Acidipropionibacterium_acidipropionici
4325,Acidipropionibacterium_jensenii
4326,Acidipropionibacterium_virtanenii
4327,Propionibacterium_acidifaciens
4328,Propionibacterium_freudenreichii
4329,Propionibacterium_australiense
4330,Auraticoccus_monumenti
4331,Arachnia_propionica
4332,Arachnia_rubra
4333,Cutibacterium_avidum
4334,Cutibacterium_granulosum
4335,Cutibacterium_acnes
4336,Cutibacterium_modestum
4337,Raineyella_fluvialis
4338,Vaginimicrobium_propionicum
4339,Kribbella_flavida
4340,Kribbella_qitaiheensis
4341,Actinopolymorpha_singaporensis
4342,Amycolatopsis_sp._WQ_127309
4343,Amycolatopsis_sp._DSM_110486
4344,Amycolatopsis_sp._Hca4
4345,Amycolatopsis_sp._FDAARGOS_1241
4346,Amycolatopsis_sp._CA-230715
4347,Amycolatopsis_sp._YIM_10
4348,Amycolatopsis_sp._FU40
4349,Amycolatopsis_sp._AA4
4350,Amycolatopsis_sp._BJA-103
4351,Amycolatopsis_sp._TNS106
4352,Amycolatopsis_sp._EV170708-02-1
4353,Amycolatopsis_acidiphila
4354,Amycolatopsis_pretoriensis
4355,Amycolatopsis_mediterranei
4356,Amycolatopsis_methanolica
4357,Amycolatopsis_thermalba
4358,Amycolatopsis_keratiniphila
4359,Amycolatopsis_japonica
4360,Amycolatopsis_albispora
4361,Amycolatopsis_aidingensis
4362,Amycolatopsis_orientalis
4363,Pseudonocardia_sp._DSM_110487
4364,Pseudonocardia_sp._CGMCC_4.1532
4365,Pseudonocardia_sp._HH130630-07
4366,Pseudonocardia_sp._AL041005-10
4367,Pseudonocardia_sp._HH130629-09
4368,Pseudonocardia_sp._EC080625-04
4369,Pseudonocardia_sp._EC080610-09
4370,Pseudonocardia_sp._EC080619-01
4371,Pseudonocardia_dioxanivorans
4372,Pseudonocardia_broussonetiae
4373,Pseudonocardia_autotrophica
4374,Pseudonocardia_abyssalis
4375,Saccharopolyspora_erythraea
4376,Saccharopolyspora_gregorii
4377,Saccharopolyspora_spinosa
4378,Saccharopolyspora_pogona
4379,Saccharopolyspora_sp._ASAGF58
4380,Saccharothrix_sp._6-C
4381,Saccharothrix_syringae
4382,Saccharothrix_espanaensis
4383,Saccharomonospora_cyanea
4384,Saccharomonospora_marina
4385,Saccharomonospora_viridis
4386,Saccharomonospora_azurea
4387,Saccharomonospora_xinjiangensis
4388,Saccharomonospora_glauca
4389,Kutzneria_sp._CA-103260
4390,Kutzneria_albida
4391,Allokutzneria_albata
4392,Actinosynnema_pretiosum
4393,Actinosynnema_mirum
4394,Actinoalloteichus_hoggarensis
4395,Actinoalloteichus_hymeniacidonis
4396,Actinoalloteichus_sp._GBA129-24
4397,Actinoalloteichus_fjordicus
4398,Lentzea_guizhouensis
4399,Kibdelosporangium_phytohabitans
4400,Alloactinosynnema_sp._L-07
4401,Prauserella_marina
4402,Allosaccharopolyspora_coralli
4403,Actinomadura_sp._NAK00032
4404,Actinomadura_sp._WMMB_499
4405,Actinomadura_sp._WMMA1423
4406,Actinomadura_madurae
4407,Actinomadura_verrucosospora
4408,Actinomadura_graeca
4409,Thermomonospora_amylolytica
4410,Thermomonospora_curvata
4411,Nonomuraea_sp._ATCC_55076
4412,Nonomuraea_nitratireducens
4413,Nonomuraea_gerenzanensis
4414,Nonomuraea_coxensis
4415,Streptosporangium_roseum
4416,Streptosporangium_sp._'caverna'
4417,Thermobispora_bispora
4418,Nocardiopsis_sp._MT53
4419,Nocardiopsis_sp._HDS12
4420,Nocardiopsis_alba
4421,Nocardiopsis_gilva
4422,Nocardiopsis_dassonvillei
4423,Thermobifida_alba
4424,Thermobifida_halotolerans
4425,Thermobifida_fusca
4426,Streptomonospora_litoralis
4427,Spiractinospora_alimapuensis
4428,Blastococcus_sp._PRF04-17
4429,Blastococcus_saxobsidens
4430,Modestobacter_marinus
4431,Modestobacter_sp._L9-4
4432,Geodermatophilus_obscurus
4433,Actinomyces_sp._oral_taxon_414
4434,Actinomyces_sp._MAS-1
4435,Actinomyces_sp._Z16
4436,Actinomyces_sp._Chiba101
4437,Actinomyces_sp._432
4438,Actinomyces_sp._oral_taxon_171
4439,Actinomyces_sp._oral_taxon_169
4440,Actinomyces_sp._oral_taxon_897
4441,Actinomyces_sp._HMT897
4442,Actinomyces_sp._HMT_175
4443,Actinomyces_sp._zg-332
4444,Actinomyces_radicidentis
4445,Actinomyces_howellii
4446,Actinomyces_slackii
4447,Actinomyces_respiraculi
4448,Actinomyces_procaprae
4449,Actinomyces_faecalis
4450,Actinomyces_qiguomingii
4451,Actinomyces_weissii
4452,Actinomyces_viscosus
4453,Actinomyces_naeslundii
4454,Actinomyces_wuliandei
4455,Actinomyces_marmotae
4456,Actinomyces_oris
4457,Actinomyces_gaoshouyii
4458,Actinomyces_lilanjuaniae
4459,Actinomyces_trachealis
4460,Actinomyces_pacaensis
4461,Schaalia_sp._19OD2882
4462,Schaalia_sp._JY-X169
4463,Schaalia_sp._ZJ405
4464,Schaalia_odontolytica
4465,Schaalia_meyeri
4466,Schaalia_cardiffensis
4467,Schaalia_turicensis
4468,Trueperella_pecoris
4469,Trueperella_pyogenes
4470,Trueperella_bialowiezensis
4471,Flaviflexus_salsibiostraticola
4472,Flaviflexus_sp._dk850
4473,Flaviflexus_ciconiae
4474,Pauljensenia_hongkongensis
4475,Nanchangia_anserum
4476,Actinobaculum_sp._313
4477,Actinotignum_schaalii
4478,Arcanobacterium_haemolyticum
4479,Arcanobacterium_phocisimile
4480,Arcanobacterium_phocae
4481,Arcanobacterium_sp._2701
4482,Changpingibacter_yushuensis
4483,Mobiluncus_curtisii
4484,Boudabousia_tangfeifanii
4485,Varibaculum_sp._EMRHCC_39
4486,Fannyhessea_vaginae
4487,Frankia_inefficax
4488,Frankia_sp._QA3
4489,Frankia_sp._ArI3
4490,Candidatus_Frankia_datiscae
4491,Frankia_casuarinae
4492,Frankia_alni
4493,Jiangella_sp._DSM_45060
4494,Jiangella_alkaliphila
4495,Bifidobacterium_pseudolongum
4496,Bifidobacterium_choerinum
4497,Bifidobacterium_longum
4498,Bifidobacterium_scardovii
4499,Bifidobacterium_pullorum
4500,Bifidobacterium_bifidum
4501,Bifidobacterium_animalis
4502,Bifidobacterium_adolescentis
4503,Bifidobacterium_subtile
4504,Bifidobacterium_asteroides
4505,Bifidobacterium_eulemuris
4506,Bifidobacterium_lemurum
4507,Bifidobacterium_breve
4508,Bifidobacterium_thermophilum
4509,Bifidobacterium_angulatum
4510,Bifidobacterium_actinocoloniiforme
4511,Bifidobacterium_dentium
4512,Bifidobacterium_catenulatum
4513,Bifidobacterium_pseudocatenulatum
4514,Bifidobacterium_imperatoris
4515,Bifidobacterium_saguini
4516,Bifidobacterium_coryneforme
4517,Bifidobacterium_indicum
4518,Parascardovia_denticolens
4519,Gardnerella_vaginalis
4520,Gardnerella_leopoldii
4521,Scardovia_inopinata
4522,Nakamurella_multipartita
4523,Nakamurella_panacisegetis
4524,Nakamurella_sp._PAMC28650
4525,Nakamurella_antarctica
4526,Catenulispora_acidiphila
4527,Jatrophihabitans_telluris
4528,Jatrophihabitans_sp._GAS493
4529,Stackebrandtia_nassauensis
4530,Natronoglycomyces_albus
4531,Kineococcus_radiotolerans
4532,Epidermidibacterium_keratini
4533,Actinopolyspora_erythraea
4534,Acidothermus_cellulolyticus
4535,Candidatus_Planktophila_lacus
4536,Candidatus_Planktophila_versatilis
4537,Candidatus_Planktophila_dulcis
4538,Candidatus_Planktophila_sulfonica
4539,Candidatus_Planktophila_vernalis
4540,Candidatus_Planktophila_limnetica
4541,Candidatus_Nanopelagicus_limnes
4542,Candidatus_Nanopelagicus_hibericus
4543,Candidatus_Nanopelagicus_abundans
4544,Conexibacter_sp._SYSU_D00693
4545,Conexibacter_sp._S30A1
4546,Conexibacter_sp._DBS9H8
4547,Conexibacter_woesei
4548,Miltoncostaea_marina
4549,Miltoncostaea_oceani
4550,Aquihabitans_sp._G128
4551,Aquihabitans_sp._Kera_3
4552,Iamia_sp._SCSIO_61187
4553,Actinomarinicola_tropica
4554,Ilumatobacter_coccineus
4555,Acidimicrobium_ferrooxidans
4556,Rubrobacter_xylanophilus
4557,Rubrobacter_tropicus
4558,Rubrobacter_marinus
4559,Rubrobacter_radiotolerans
4560,Rubrobacter_indicoceani
4561,Baekduia_soli
4562,Eggerthella_lenta
4563,Eggerthella_guodeyinii
4564,Eggerthella_sp._YY7918
4565,Gordonibacter_pamelaeae
4566,Gordonibacter_urolithinfaciens
4567,Arabiibacter_massiliensis
4568,Adlercreutzia_equolifaciens
4569,Adlercreutzia_hattorii
4570,Raoultibacter_timonensis
4571,Berryella_intestinalis
4572,Slackia_heliotrinireducens
4573,Denitrobacterium_detoxificans
4574,Cryptobacterium_curtum
4575,Phoenicibacter_congonensis
4576,Olsenella_timonensis
4577,Olsenella_uli
4578,Olsenella_sp._oral_taxon_807
4579,Parolsenella_massiliensis
4580,Parolsenella_catena
4581,Parafannyhessea_umbonata
4582,Thermophilibacter_immobilis
4583,Atopobium_sp._oral_taxon_416
4584,Lancefieldella_parvula
4585,Collinsella_aerofaciens
4586,Collinsella_stercoris
4587,Collinsella_sp._zg1085
4588,Coriobacterium_glomerans
4589,Egicoccus_halophilus
4590,Egibacter_rhizosphaerae
4591,Euzebya_pacifica
4592,Priestia_megaterium
4593,Priestia_filamentosa
4594,Priestia_aryabhattai
4595,Priestia_flexa
4596,Priestia_koreensis
4597,Priestia_sp._J2
4598,Bacillus_sp._Y1
4599,Bacillus_sp._S3
4600,Bacillus_sp._1NLA3E
4601,Bacillus_sp._FJAT-18017
4602,Bacillus_sp._JY-23
4603,Bacillus_sp._NSP9.1
4604,Bacillus_sp._PAMC26568
4605,Bacillus_sp._OxB-1
4606,Bacillus_sp._FJAT-42376
4607,Bacillus_sp._KH172YL63
4608,Bacillus_sp._THAF10
4609,Bacillus_sp._FJAT-22090
4610,Bacillus_sp._SB49
4611,Bacillus_sp._M4U3P1
4612,Bacillus_sp._N1-1
4613,Bacillus_sp._Cs-700
4614,Bacillus_sp._AM1(2019)
4615,Bacillus_sp._275
4616,Bacillus_sp._NP247
4617,Bacillus_sp._H8-1
4618,Bacillus_sp._N3536
4619,Bacillus_sp._MD-5
4620,Bacillus_velezensis
4621,Bacillus_siamensis
4622,Bacillus_amyloliquefaciens
4623,Bacillus_subtilis
4624,Bacillus_paralicheniformis
4625,Bacillus_mojavensis
4626,Bacillus_halotolerans
4627,Bacillus_atrophaeus
4628,Bacillus_vallismortis
4629,Bacillus_licheniformis
4630,Bacillus_tequilensis
4631,Bacillus_cereus
4632,Bacillus_pseudomycoides
4633,Bacillus_mycoides
4634,Bacillus_thuringiensis
4635,Bacillus_cytotoxicus
4636,Bacillus_wiedmannii
4637,Bacillus_luti
4638,Bacillus_anthracis
4639,Bacillus_sp._ABP14
4640,Bacillus_nitratireducens
4641,Bacillus_paranthracis
4642,Bacillus_toyonensis
4643,Bacillus_glycinifermentans
4644,Bacillus_dafuensis
4645,Bacillus_methanolicus
4646,[Brevibacterium]_frigoritolerans
4647,Bacillus_infantis
4648,Bacillus_badius
4649,Bacillus_pumilus
4650,Bacillus_gobiensis
4651,Bacillus_aquiflavi
4652,Bacillus_weihaiensis
4653,Bacillus_smithii
4654,Bacillus_safensis
4655,Bacillus_fonticola
4656,Bacillus_shivajii
4657,Bacillus_altitudinis
4658,Bacillus_cabrialesii
4659,Bacillus_rugosus
4660,Bacillus_xiamenensis
4661,Neobacillus_drentensis
4662,Neobacillus_mesonae
4663,Geobacillus_subterraneus
4664,Geobacillus_genomosp._3
4665,Geobacillus_sp._46C-IIa
4666,Geobacillus_sp._JS12
4667,Geobacillus_sp._Y412MC52
4668,Geobacillus_sp._C56-T3
4669,Geobacillus_sp._GHH01
4670,Geobacillus_stearothermophilus
4671,Geobacillus_thermocatenulatus
4672,Geobacillus_thermoleovorans
4673,Geobacillus_kaustophilus
4674,Geobacillus_thermodenitrificans
4675,Geobacillus_zalihae
4676,Cytobacillus_oceanisediminis
4677,Cytobacillus_firmus
4678,Cytobacillus_gottheilii
4679,Cytobacillus_ciccensis
4680,Cytobacillus_sp._CY-G
4681,Cytobacillus_kochii
4682,Metabacillus_sediminilitoris
4683,Metabacillus_sp._KUDC1714
4684,Metabacillus_sp._cB07
4685,Metabacillus_sp._B2-18
4686,Metabacillus_dongyingensis
4687,Metabacillus_litoralis
4688,Metabacillus_endolithicus
4689,Alkalihalobacillus_clausii
4690,Alkalihalobacillus_sp._LMS39
4691,Alkalihalobacillus_krulwichiae
4692,Alkalihalobacillus_miscanthi
4693,Alkalihalobacillus_lehensis
4694,Peribacillus_asahii
4695,Peribacillus_simplex
4696,Peribacillus_butanolivorans
4697,Peribacillus_psychrosaccharolyticus
4698,Peribacillus_muralis
4699,Hydrogenibacillus_sp._N12
4700,Anoxybacillus_sediminis
4701,Anoxybacillus_flavithermus
4702,Anoxybacillus_sp._PDR2
4703,Anoxybacillus_caldiproteolyticus
4704,Anoxybacillus_amylolyticus
4705,Anoxybacillus_kamchatkensis
4706,Lysinibacillus_sp._SGAir0095
4707,Lysinibacillus_sp._PLM2
4708,Lysinibacillus_sp._2017
4709,Lysinibacillus_sp._CD3-6
4710,Lysinibacillus_sp._Ag94
4711,Lysinibacillus_sp._YS11
4712,Lysinibacillus_sp._ACHW1.5
4713,Lysinibacillus_timonensis
4714,Lysinibacillus_fusiformis
4715,Lysinibacillus_parviboronicapiens
4716,Lysinibacillus_agricola
4717,Lysinibacillus_sphaericus
4718,Lysinibacillus_capsici
4719,Mesobacillus_foraminis
4720,Mesobacillus_jeotgali
4721,Mesobacillus_sp._S13
4722,Terribacillus_goriensis
4723,Terribacillus_aidingensis
4724,Parageobacillus_caldoxylosilyticus
4725,Parageobacillus_thermoglucosidasius
4726,Parageobacillus_genomosp._1
4727,Parageobacillus_toebii
4728,Parageobacillus_sp._KH3-4
4729,Virgibacillus_sp._NKC19-16
4730,Virgibacillus_sp._MSP4-1
4731,Virgibacillus_sp._Bac332
4732,Virgibacillus_sp._SK37
4733,Virgibacillus_sp._Bac330
4734,Virgibacillus_sp._6R
4735,Virgibacillus_necropolis
4736,Virgibacillus_halodenitrificans
4737,Virgibacillus_phasianinus
4738,Virgibacillus_dokdonensis
4739,Virgibacillus_pantothenticus
4740,Oceanobacillus_kimchii
4741,Oceanobacillus_zhaokaii
4742,Oceanobacillus_iheyensis
4743,Niallia_circulans
4744,Niallia_sp._Man26
4745,Halobacillus_sp._SSTM10-2
4746,Halobacillus_sp._SSBR10-3
4747,Halobacillus_sp._SSHM10-5
4748,Halobacillus_halophilus
4749,Halobacillus_litoralis
4750,Halobacillus_mangrovi
4751,Rossellomorea_marisflavi
4752,Rossellomorea_vietnamensis
4753,Heyndrickxia_oleronia
4754,Heyndrickxia_vini
4755,Weizmannia_coagulans
4756,Salicibibacter_halophilus
4757,Salicibibacter_kimchii
4758,Salicibibacter_cibarius
4759,Salicibibacter_cibi
4760,Sutcliffiella_horikoshii
4761,Sutcliffiella_cohnii
4762,Salisediminibacterium_selenitireducens
4763,Salisediminibacterium_beveridgei
4764,Gracilibacillus_sp._SSPM10-3
4765,Gracilibacillus_sp._SSWR10-1
4766,Gracilibacillus_salitolerans
4767,Lentibacillus_sp._CBA3610
4768,Lentibacillus_amyloliquefaciens
4769,Psychrobacillus_glaciei
4770,Psychrobacillus_sp._INOP01
4771,Psychrobacillus_sp._AK_1817
4772,Gottfriedia_acidiceleris
4773,Fictibacillus_arsenicus
4774,Fictibacillus_phosphorivorans
4775,Caldalkalibacillus_thermarum
4776,Caldibacillus_thermoamylovorans
4777,Pontibacillus_sp._ALD_SL1
4778,Pontibacillus_sp._HMF3514
4779,Radiobacillus_sp._80
4780,Radiobacillus_deserti
4781,Anaerobacillus_isosaccharinicus
4782,Lederbergia_lenta
4783,Aeribacillus_pallidus
4784,Halalkalibacterium_halodurans
4785,Salimicrobium_jeotgali
4786,Mangrovibacillus_cuniculi
4787,Pradoshia_sp._D12
4788,Sediminibacillus_sp._DP4-553-S
4789,Alkalihalophilus_pseudofirmus
4790,Evansella_cellulosilytica
4791,Paraliobacillus_zengyii
4792,Amphibacillus_xylanus
4793,Paenibacillus_sp._B01
4794,Paenibacillus_sp._RUD330
4795,Paenibacillus_sp._32O-W
4796,Paenibacillus_sp._H1-7
4797,Paenibacillus_sp._R14(2021)
4798,Paenibacillus_sp._sptzw28
4799,Paenibacillus_sp._BIHB4019
4800,Paenibacillus_sp._URB8-2
4801,Paenibacillus_sp._HWE-109
4802,Paenibacillus_sp._YPD9-1
4803,Paenibacillus_sp._Y412MC10
4804,Paenibacillus_sp._FSL_R7-0273
4805,Paenibacillus_sp._JNUCC-32
4806,Paenibacillus_sp._CAA11
4807,Paenibacillus_sp._PK3_47
4808,Paenibacillus_sp._PAMC21692
4809,Paenibacillus_sp._JZ16
4810,Paenibacillus_sp._FSL_R7-0331
4811,Paenibacillus_sp._FSL_H7-0357
4812,Paenibacillus_sp._FSL_R5-0912
4813,Paenibacillus_sp._YPG26
4814,Paenibacillus_sp._DCT19
4815,Paenibacillus_sp._FSL_P4-0081
4816,Paenibacillus_sp._481
4817,Paenibacillus_sp._19GGS1-52
4818,Paenibacillus_sp._JNUCC-31
4819,Paenibacillus_sp._IHB_B_3084
4820,Paenibacillus_sp._E222
4821,Paenibacillus_sp._N3/727
4822,Paenibacillus_sp._FSL_R5-0345
4823,Paenibacillus_sp._IHBB_10380
4824,Paenibacillus_sp._FSL_H7-0737
4825,Paenibacillus_sp._Cedars
4826,Paenibacillus_sp._M-152
4827,Paenibacillus_sp._lzh-N1
4828,Paenibacillus_mucilaginosus
4829,Paenibacillus_albicereus
4830,Paenibacillus_lycopersici
4831,Paenibacillus_cellulositrophicus
4832,Paenibacillus_macerans
4833,Paenibacillus_rhizovicinus
4834,Paenibacillus_konkukensis
4835,Paenibacillus_dendritiformis
4836,Paenibacillus_beijingensis
4837,Paenibacillus_ihbetae
4838,Paenibacillus_chitinolyticus
4839,Paenibacillus_stellifer
4840,Paenibacillus_durus
4841,Paenibacillus_thiaminolyticus
4842,Paenibacillus_cellulosilyticus
4843,Paenibacillus_naphthalenovorans
4844,Paenibacillus_donghaensis
4845,Paenibacillus_sabinae
4846,Paenibacillus_protaetiae
4847,Paenibacillus_polymyxa
4848,Paenibacillus_albus
4849,Paenibacillus_xylanilyticus
4850,Paenibacillus_azoreducens
4851,Paenibacillus_lautus
4852,Paenibacillus_tritici
4853,Paenibacillus_riograndensis
4854,Paenibacillus_sonchi
4855,Paenibacillus_algicola
4856,Paenibacillus_agaridevorans
4857,Paenibacillus_swuensis
4858,Paenibacillus_yonginensis
4859,Paenibacillus_guangzhouensis
4860,Paenibacillus_alvei
4861,Paenibacillus_physcomitrellae
4862,Paenibacillus_tianjinensis
4863,Paenibacillus_sophorae
4864,Paenibacillus_lentus
4865,Paenibacillus_borealis
4866,Paenibacillus_bovis
4867,Paenibacillus_lutimineralis
4868,Paenibacillus_graminis
4869,Paenibacillus_jilunlii
4870,Paenibacillus_psychroresistens
4871,Paenibacillus_larvae
4872,Paenibacillus_barcinonensis
4873,Paenibacillus_baekrokdamisoli
4874,Paenibacillus_kribbensis
4875,Paenibacillus_odorifer
4876,Paenibacillus_pabuli
4877,Paenibacillus_brasilensis
4878,Paenibacillus_terrae
4879,Paenibacillus_uliginis
4880,Paenibacillus_crassostreae
4881,Paenibacillus_antarcticus
4882,Paenibacillus_xylanexedens
4883,Paenibacillus_peoriae
4884,Paenibacillus_glucanolyticus
4885,Brevibacillus_marinus
4886,Brevibacillus_choshinensis
4887,Brevibacillus_composti
4888,Brevibacillus_agri
4889,Brevibacillus_sp._MMS20-4M-10-Y
4890,Brevibacillus_sp._HD3.3A
4891,Brevibacillus_sp._DP1.3A
4892,Brevibacillus_sp._7WMA2
4893,Brevibacillus_brevis
4894,Brevibacillus_laterosporus
4895,Brevibacillus_formosus
4896,Brevibacillus_parabrevis
4897,Cohnella_candidum
4898,Cohnella_sp._LGH
4899,Cohnella_sp._MFER-1
4900,Cohnella_cholangitidis
4901,Cohnella_abietis
4902,Thermobacillus_composti
4903,Saccharibacillus_brassicae
4904,Aneurinibacillus_soli
4905,Novibacillus_thermophilus
4906,Kroppenstedtia_eburnea
4907,Kroppenstedtia_pulmonis
4908,Staphylospora_marina
4909,Polycladomyces_abyssicola
4910,Thermoactinomyces_vulgaris
4911,Laceyella_sacchari
4912,Alicyclobacillus_acidocaldarius
4913,Alicyclobacillus_acidoterrestris
4914,Alicyclobacillus_mengziensis
4915,Alicyclobacillus_sp._SO9
4916,Alicyclobacillus_sp._TC
4917,Tumebacillus_avium
4918,Tumebacillus_algifaecis
4919,Kyrpidia_spormannii
4920,Kyrpidia_tusciae
4921,Effusibacillus_dendaii
4922,Planococcus_sp._MB-3u-03
4923,Planococcus_sp._107-1
4924,Planococcus_sp._PAMC_21323
4925,Planococcus_plakortidis
4926,Planococcus_lenghuensis
4927,Planococcus_maritimus
4928,Planococcus_glaciei
4929,Planococcus_massiliensis
4930,Planococcus_rifietoensis
4931,Planococcus_halotolerans
4932,Planococcus_antarcticus
4933,Planococcus_halocryophilus
4934,Planococcus_versutus
4935,Planococcus_donghaensis
4936,Planococcus_faecalis
4937,Sporosarcina_sp._Te-1
4938,Sporosarcina_sp._Marseille-Q4063
4939,Sporosarcina_sp._PTS2304
4940,Sporosarcina_sp._resist
4941,Sporosarcina_sp._P37
4942,Sporosarcina_sp._P33
4943,Sporosarcina_ureae
4944,Sporosarcina_ureilytica
4945,Sporosarcina_pasteurii
4946,Sporosarcina_psychrophila
4947,Solibacillus_silvestris
4948,Solibacillus_sp._R5-41
4949,Ureibacillus_thermosphaericus
4950,Ureibacillus_thermophilus
4951,Jeotgalibacillus_malaysiensis
4952,Paenisporosarcina_antarctica
4953,Paenisporosarcina_cavernae
4954,Kurthia_zopfii
4955,Kurthia_sp._11kri321
4956,Viridibacillus_sp._JNUCC-6
4957,Rummeliibacillus_stabekisii
4958,Staphylococcus_aureus
4959,Staphylococcus_epidermidis
4960,Staphylococcus_pseudintermedius
4961,Staphylococcus_delphini
4962,Staphylococcus_sp._CCM_9025
4963,Staphylococcus_sp._17KM0847
4964,Staphylococcus_simiae
4965,Staphylococcus_muscae
4966,Staphylococcus_pseudoxylosus
4967,Staphylococcus_pettenkoferi
4968,Staphylococcus_hominis
4969,Staphylococcus_haemolyticus
4970,Staphylococcus_capitis
4971,Staphylococcus_xylosus
4972,Staphylococcus_gallinarum
4973,Staphylococcus_simulans
4974,Staphylococcus_agnetis
4975,Staphylococcus_hyicus
4976,Staphylococcus_chromogenes
4977,Staphylococcus_felis
4978,Staphylococcus_lutrae
4979,Staphylococcus_succinus
4980,Staphylococcus_nepalensis
4981,Staphylococcus_pasteuri
4982,Staphylococcus_saccharolyticus
4983,Staphylococcus_saprophyticus
4984,Staphylococcus_condimenti
4985,Staphylococcus_caprae
4986,Staphylococcus_carnosus
4987,Staphylococcus_edaphicus
4988,Staphylococcus_schleiferi
4989,Staphylococcus_arlettae
4990,Staphylococcus_cohnii
4991,Macrococcus_canis
4992,Macrococcus_armenti
4993,Macrococcus_brunensis
4994,Macrococcus_caseolyticus
4995,Jeotgalicoccus_sp._WY2
4996,Jeotgalicoccus_sp._ATCC_8456
4997,Jeotgalicoccus_saudimassiliensis
4998,Salinicoccus_halodurans
4999,Mammaliicoccus_sciuri
5000,Mammaliicoccus_lentus
5001,Nosocomiicoccus_ampullae
5002,Abyssicoccus_albus
5003,Exiguobacterium_alkaliphilum
5004,Exiguobacterium_sp._N4-1P
5005,Exiguobacterium_sp._Helios
5006,Exiguobacterium_sp._PFWT01
5007,Exiguobacterium_sp._AT1b
5008,Exiguobacterium_sp._MH3
5009,Exiguobacterium_sp._ZWU0009
5010,Exiguobacterium_mexicanum
5011,Exiguobacterium_acetylicum
5012,Exiguobacterium_sibiricum
5013,Exiguobacterium_antarcticum
5014,Listeria_monocytogenes
5015,Listeria_welshimeri
5016,Listeria_innocua
5017,Listeria_weihenstephanensis
5018,Listeria_ivanovii
5019,Listeria_seeligeri
5020,Listeria_grayi
5021,Listeria_sp._PSOL-1
5022,Listeria_marthii
5023,Brochothrix_thermosphacta
5024,Sporolactobacillus_terrae
5025,Limosilactobacillus_fermentum
5026,Limosilactobacillus_pontis
5027,Limosilactobacillus_mucosae
5028,Limosilactobacillus_reuteri
5029,Limosilactobacillus_panis
5030,Limosilactobacillus_vaginalis
5031,Levilactobacillus_zymae
5032,Levilactobacillus_brevis
5033,Levilactobacillus_suantsaii
5034,Levilactobacillus_koreensis
5035,Lactobacillus_delbrueckii
5036,Lactobacillus_sp._CBA3606
5037,Lactobacillus_sp._3B(2020)
5038,Lactobacillus_sp._CBA3605
5039,Lactobacillus_panisapium
5040,Lactobacillus_amylovorus
5041,Lactobacillus_jensenii
5042,Lactobacillus_apis
5043,Lactobacillus_amylolyticus
5044,Lactobacillus_terrae
5045,Lacticaseibacillus_rhamnosus
5046,Lacticaseibacillus_casei
5047,Lacticaseibacillus_manihotivorans
5048,Lacticaseibacillus_paracasei
5049,Lacticaseibacillus_zeae
5050,Lacticaseibacillus_chiayiensis
5051,Lactiplantibacillus_pentosus
5052,Lactiplantibacillus_plantarum
5053,Lactiplantibacillus_paraplantarum
5054,Schleiferilactobacillus_harbinensis
5055,Ligilactobacillus_ruminis
5056,Ligilactobacillus_agilis
5057,Ligilactobacillus_salivarius
5058,Ligilactobacillus_acidipiscis
5059,Ligilactobacillus_murinus
5060,Ligilactobacillus_animalis
5061,Weissella_cibaria
5062,Weissella_soli
5063,Weissella_confusa
5064,Weissella_paramesenteroides
5065,Weissella_coleopterorum
5066,Leuconostoc_lactis
5067,Leuconostoc_mesenteroides
5068,Lentilactobacillus_parabuchneri
5069,Lentilactobacillus_buchneri
5070,Lentilactobacillus_hilgardii
5071,Lentilactobacillus_kefiri
5072,Lentilactobacillus_sp._IM3328
5073,Pediococcus_acidilactici
5074,Pediococcus_claussenii
5075,Pediococcus_pentosaceus
5076,Pediococcus_inopinatus
5077,Pediococcus_damnosus
5078,Loigolactobacillus_coryniformis
5079,Loigolactobacillus_bifermentans
5080,Loigolactobacillus_backii
5081,Latilactobacillus_sakei
5082,Latilactobacillus_curvatus
5083,Latilactobacillus_graminis
5084,Latilactobacillus_fuchuensis
5085,Secundilactobacillus_paracollinoides
5086,Secundilactobacillus_malefermentans
5087,Oenococcus_kitaharae
5088,Oenococcus_oeni
5089,Paucilactobacillus_hokkaidonensis
5090,Paucilactobacillus_nenjiangensis
5091,Paucilactobacillus_oligofermentans
5092,Liquorilactobacillus_nagelii
5093,Liquorilactobacillus_hordei
5094,Liquorilactobacillus_mali
5095,Furfurilactobacillus_rossiae
5096,Fructilactobacillus_fructivorans
5097,Amylolactobacillus_amylophilus
5098,Acetilactobacillus_jinshanensis
5099,Apilactobacillus_kunkeei
5100,Periweissella_cryptocerci
5101,Bombilactobacillus_bombi
5102,Lapidilactobacillus_dextrinicus
5103,Streptococcus_sp._HKU75
5104,Streptococcus_sp._HSISM1
5105,Streptococcus_suis
5106,Streptococcus_sanguinis
5107,Streptococcus_oralis
5108,Streptococcus_intermedius
5109,Streptococcus_anginosus
5110,Streptococcus_constellatus
5111,Streptococcus_equi
5112,Streptococcus_dysgalactiae
5113,Streptococcus_gordonii
5114,Streptococcus_infantis
5115,Streptococcus_sobrinus
5116,Streptococcus_ratti
5117,Streptococcus_pyogenes
5118,Streptococcus_merionis
5119,Streptococcus_chenjunshii
5120,Streptococcus_ferus
5121,Streptococcus_mitis
5122,Streptococcus_respiraculi
5123,Streptococcus_cristatus
5124,Streptococcus_pneumoniae
5125,Streptococcus_salivarius
5126,Streptococcus_australis
5127,Streptococcus_halichoeri
5128,Streptococcus_thermophilus
5129,Streptococcus_parasuis
5130,Streptococcus_equinus
5131,Streptococcus_uberis
5132,Streptococcus_pluranimalium
5133,Streptococcus_himalayensis
5134,Streptococcus_pantholopis
5135,Streptococcus_halotolerans
5136,Streptococcus_mutans
5137,Streptococcus_marmotae
5138,Streptococcus_parasanguinis
5139,Lactococcus_garvieae
5140,Lactococcus_raffinolactis
5141,Lactococcus_lactis
5142,Lactococcus_cremoris
5143,Floricoccus_penangensis
5144,Enterococcus_gilvus
5145,Enterococcus_avium
5146,Enterococcus_faecalis
5147,Enterococcus_raffinosus
5148,Enterococcus_mundtii
5149,Enterococcus_casseliflavus
5150,Enterococcus_faecium
5151,Enterococcus_durans
5152,Enterococcus_cecorum
5153,Enterococcus_rotai
5154,Enterococcus_saigonensis
5155,Enterococcus_wangshanyuanii
5156,Enterococcus_hirae
5157,Enterococcus_thailandicus
5158,Vagococcus_lutrae
5159,Vagococcus_fluvialis
5160,Vagococcus_carniphilus
5161,Vagococcus_hydrophili
5162,Vagococcus_penaei
5163,Vagococcus_zengguangii
5164,Tetragenococcus_osmophilus
5165,Tetragenococcus_koreensis
5166,Tetragenococcus_halophilus
5167,Melissococcus_plutonius
5168,Jeotgalibaca_ciconiae
5169,Jeotgalibaca_sp._MA1X17-3
5170,Jeotgalibaca_arthritidis
5171,Jeotgalibaca_dankookensis
5172,Jeotgalibaca_porci
5173,Carnobacterium_maltaromaticum
5174,Carnobacterium_divergens
5175,Carnobacterium_inhibens
5176,Carnobacterium_viridans
5177,Dolosigranulum_pigrum
5178,Marinilactibacillus_sp._15R
5179,Granulicatella_adiacens
5180,Aerococcus_sanguinicola
5181,Aerococcus_urinae
5182,Aerococcus_urinaehominis
5183,Aerococcus_christensenii
5184,Abiotrophia_defectiva
5185,Suicoccus_acidiformans
5186,Ignavigranum_ruoffiae
5187,Faecalibacterium_prausnitzii
5188,Dysosmobacter_sp._Marseille-Q4140
5189,Dysosmobacter_welbionis
5190,Flavonifractor_plautii
5191,Ethanoligenens_harbinense
5192,Vescimonas_coprocola
5193,Vescimonas_fastidiosa
5194,Ruthenibacterium_lactatiformans
5195,Anaerotruncus_colihominis
5196,Caproiciproducens_sp._NJN-50
5197,Oscillibacter_sp._NSJ-62
5198,Acutalibacter_muris
5199,Caproicibacter_fermentans
5200,Ruminococcus_champanellensis
5201,Ruminococcus_albus
5202,Ruminococcus_bicirculans
5203,Ruminococcus_bovis
5204,Pusillibacter_faecalis
5205,Solibaculum_mannosilyticum
5206,Acetivibrio_saccincola
5207,Acetivibrio_thermocellus
5208,Acetivibrio_clariflavus
5209,Caproicibacterium_lactatifermentans
5210,Caproicibacterium_amylolyticum
5211,Pseudoclostridium_thermosuccinogenes
5212,Thermoclostridium_stercorarium
5213,Ruminiclostridium_herbifermentans
5214,Ruminiclostridium_cellulolyticum
5215,Mageeibacillus_indolicus
5216,Fastidiosipila_sanguinis
5217,Monoglobus_pectinilyticus
5218,Thermaerobacter_sp._FW80
5219,Thermaerobacter_sp._PB12/4term
5220,Thermaerobacter_marianensis
5221,Intestinimonas_butyriciproducens
5222,Flintibacter_sp._KGMB00164
5223,Aminipila_luticellarii
5224,Aminipila_butyrica
5225,Aminipila_terrae
5226,Emergencia_timonensis
5227,Mogibacterium_pumilum
5228,Massilistercora_timonensis
5229,Carboxydocella_thermautotrophica
5230,Symbiobacterium_thermophilum
5231,[Clostridium]_hylemonae
5232,Lachnoclostridium_phocaeense
5233,[Clostridium]_scindens
5234,Lachnoclostridium_sp._YL32
5235,Lachnoclostridium_phytofermentans
5236,Blautia_producta
5237,Blautia_sp._NBRC_113351
5238,Blautia_sp._SC05B48
5239,Blautia_liquoris
5240,Blautia_pseudococcoides
5241,Blautia_argi
5242,Blautia_obeum
5243,Blautia_massiliensis
5244,Blautia_hansenii
5245,Lachnospiraceae_bacterium_NSJ-29
5246,Lachnospiraceae_bacterium_NSJ-38
5247,Lachnospiraceae_bacterium_NSJ-4
5248,Lachnospiraceae_bacterium_sunii_NSJ-8
5249,Anaerocolumna_cellulosilytica
5250,Anaerocolumna_sedimenticola
5251,Anaerocolumna_chitinilytica
5252,Roseburia_hominis
5253,Roseburia_intestinalis
5254,Roseburia_sp._NSJ-69
5255,Enterocloster_bolteae
5256,Enterocloster_clostridioformis
5257,Lacrimispora_sphenoides
5258,Lacrimispora_saccharolytica
5259,Anaerostipes_rhamnosivorans
5260,Anaerostipes_caccae
5261,Anaerostipes_hadrus
5262,Coprococcus_comes
5263,Coprococcus_catus
5264,Coprococcus_eutactus
5265,Herbinix_luporum
5266,Butyrivibrio_fibrisolvens
5267,Butyrivibrio_proteoclasticus
5268,Butyrivibrio_hungatei
5269,Anaerotignum_propionicum
5270,Sellimonas_intestinalis
5271,[Ruminococcus]_gnavus
5272,[Ruminococcus]_torques
5273,Lachnospira_eligens
5274,Anaerobutyricum_hallii
5275,Novisyntrophococcus_fermenticellae
5276,Faecalicatena_sp._Marseille-Q4148
5277,Lachnoanaerobaculum_umeaense
5278,Dorea_longicatena
5279,Pseudobutyrivibrio_xylanivorans
5280,Clostridium_sp._SY8519
5281,Clostridium_sp._M62/1
5282,Clostridium_sp._'deep_sea'
5283,Clostridium_sp._BNL1100
5284,Clostridium_sp._DL-VIII
5285,Clostridium_sp._JN-1
5286,Clostridium_sp._C1
5287,Clostridium_sp._JN-9
5288,Clostridium_sp._BJN0001
5289,Clostridium_sp._C5S11
5290,Clostridium_sp._MD294
5291,Clostridium_sp._AWRP
5292,Clostridium_tetani
5293,Clostridium_perfringens
5294,Clostridium_botulinum
5295,Clostridium_argentinense
5296,Clostridium_kluyveri
5297,Clostridium_beijerinckii
5298,Clostridium_pasteurianum
5299,Clostridium_baratii
5300,Clostridium_intestinale
5301,Clostridium_saccharoperbutylacetonicum
5302,Clostridium_formicaceticum
5303,Clostridium_thermarum
5304,Clostridium_estertheticum
5305,Clostridium_fermenticellae
5306,Clostridium_manihotivorum
5307,Clostridium_butyricum
5308,Clostridium_cellulovorans
5309,Clostridium_aceticum
5310,Clostridium_tyrobutyricum
5311,Clostridium_cadaveris
5312,Clostridium_bornimense
5313,Clostridium_novyi
5314,Clostridium_gasigenes
5315,Clostridium_sporogenes
5316,Clostridium_carboxidivorans
5317,Clostridium_cochlearium
5318,Clostridium_saccharobutylicum
5319,Clostridium_isatidis
5320,Clostridium_chauvoei
5321,Clostridium_acetobutylicum
5322,Clostridium_taeniosporum
5323,Clostridium_drakei
5324,Clostridium_septicum
5325,Hungatella_hathewayi
5326,Alkaliphilus_oremlandii
5327,Alkaliphilus_sp._B6464
5328,Alkaliphilus_metalliredigens
5329,Geosporobacter_ferrireducens
5330,Crassaminicella_profunda
5331,Crassaminicella_thermophila
5332,Crassaminicella_sp._143-21
5333,Caloramator_sp._E03
5334,Hathewaya_histolytica
5335,Serpentinicella_alkaliphila
5336,Paraclostridium_bifermentans
5337,Candidatus_Desulforudis_audaxviator
5338,Desulforamulus_ruminis
5339,Desulforamulus_ferrireducens
5340,Desulforamulus_reducens
5341,Acididesulfobacillus_acetoxydans
5342,Candidatus_Formimonas_warabiya
5343,Thermanaerosceptrum_fracticalcis
5344,Dehalobacterium_formicoaceticum
5345,Desulfofarcimen_acetoxidans
5346,Christensenella_sp._Marseille-P3954
5347,Christensenella_minuta
5348,Heliomicrobium_modesticaldum
5349,Heliorestis_convoluta
5350,Desulfitobacterium_hafniense
5351,Desulfitobacterium_dehalogenans
5352,Desulfitobacterium_metallireducens
5353,Desulfitobacterium_dichloroeliminans
5354,Desulfosporosinus_youngiae
5355,Desulfosporosinus_orientis
5356,Desulfosporosinus_acidiphilus
5357,Desulfosporosinus_meridiei
5358,Dehalobacter_restrictus
5359,Syntrophobotulus_glycolicus
5360,Eubacterium_limosum
5361,Eubacterium_sp._NSJ-61
5362,Eubacterium_sp._c-25
5363,Eubacterium_sp._MSJ-33
5364,Eubacterium_callanderi
5365,Eubacterium_maltosivorans
5366,Acetobacterium_sp._KB-1
5367,Acetobacterium_wieringae
5368,Acetobacterium_woodii
5369,Alkalibacter_sp._ES005
5370,Syntrophothermus_lipocalidus
5371,Syntrophomonas_wolfei
5372,Candidatus_Contubernalis_alkalaceticum
5373,Candidatus_Syntrophocurvum_alkaliphilum
5374,Peptoclostridium_acidaminophilum
5375,Clostridioides_difficile
5376,Romboutsia_sp._CE17
5377,Romboutsia_ilealis
5378,Romboutsia_hominis
5379,Terrisporobacter_sp._MCA3
5380,Acetoanaerobium_sticklandii
5381,Tepidibacter_sp._8C15b
5382,Paeniclostridium_sordellii
5383,Filifactor_alocis
5384,Desulfoscipio_gibsoniae
5385,Thermincola_potens
5386,Desulfotomaculum_nigrificans
5387,Vallitalea_pronyensis
5388,Petrocella_atlantisensis
5389,Caloranaerobacter_azorensis
5390,Alkalicella_caledoniensis
5391,Moorella_sp._Hama-1
5392,Moorella_thermoacetica
5393,Moorella_glycerini
5394,Ammonifex_degensii
5395,Gelria_sp._Kuro-4
5396,Thermacetogenium_phaeum
5397,Carboxydothermus_hydrogenoformans
5398,Thermanaeromonas_toyohensis
5399,Thermoanaerobacter_mathranii
5400,Thermoanaerobacter_kivui
5401,Caldanaerobacter_subterraneus
5402,Caldicellulosiruptor_changbaiensis
5403,Caldicellulosiruptor_acetigenus
5404,Caldicellulosiruptor_diazotrophicus
5405,Thermoanaerobacterium_thermosaccharolyticum
5406,Thermoanaerobacterium_sp._RBIITD
5407,Mahella_australiensis
5408,Zhaonella_formicivorans
5409,Thermodesulfobium_narugense
5410,Thermodesulfobium_acidiphilum
5411,Iocasia_fonsfrigidae
5412,Halothermothrix_orenii
5413,Halanaerobium_praevalens
5414,Anoxybacter_fermentans
5415,Halobacteroides_halobius
5416,Acetohalobium_arabaticum
5417,Thermosediminibacter_oceani
5418,Biomaibacter_acetigenes
5419,Tepidanaerobacter_acetatoxydans
5420,Natranaerofaba_carboxydovora
5421,Natranaerobius_thermophilus
5422,Koleobacter_methoxysyntrophicus
5423,Selenomonas_sp._oral_taxon_126
5424,Selenomonas_sp._oral_taxon_920
5425,Selenomonas_sp._oral_taxon_478
5426,Selenomonas_sp._oral_taxon_136
5427,Selenomonas_sputigena
5428,Selenomonas_timonae
5429,Selenomonas_ruminantium
5430,Megamonas_funiformis
5431,Megamonas_hypermegale
5432,Pectinatus_frisingensis
5433,Sporomusa_termitida
5434,Methylomusa_anaerophila
5435,Pelosinus_sp._UFO1
5436,Pelosinus_fermentans
5437,Megasphaera_elsdenii
5438,Megasphaera_stantonii
5439,Megasphaera_massiliensis
5440,Dialister_pneumosintes
5441,Veillonella_rodentium
5442,Veillonella_parvula
5443,Acidaminococcus_fermentans
5444,Acidaminococcus_intestini
5445,Phascolarctobacterium_faecium
5446,Phascolarctobacterium_succinatutens
5447,Phascolarctobacterium_sp._Marseille-Q4147
5448,Limnochorda_pilosa
5449,Allobaculum_sp._Allo2
5450,Allobaculum_mucolyticum
5451,Faecalibaculum_rodentium
5452,[Clostridium]_innocuum
5453,Erysipelatoclostridium_ramosum
5454,Erysipelothrix_sp._HDW6C
5455,Erysipelothrix_sp._HDW6A
5456,Erysipelothrix_larvae
5457,Faecalibacillus_intestinalis
5458,Bulleidia_sp._zg-1006
5459,Intestinibaculum_porci
5460,Longicatena_caecimuris
5461,Faecalitalea_cylindroides
5462,Amedibacterium_intestinale
5463,Turicibacter_sp._H121
5464,Turicibacter_sanguinis
5465,Peptoniphilus_ivorii
5466,Peptoniphilus_harei
5467,Murdochiella_vaginalis
5468,Anaerococcus_mediterraneensis
5469,Anaerococcus_prevotii
5470,Finegoldia_magna
5471,Helcococcus_kunzii
5472,Parvimonas_micra
5473,Schnuerera_ultunensis
5474,Gudongella_oleilytica
5475,Tissierella_sp._JN-28
5476,Keratinibaculum_paraultunense
5477,Gottschalkia_acidurici
5478,Ezakiella_coagulans
5479,Ezakiella_massiliensis
5480,Sedimentibacter_sp._zth1
5481,Ndongobacter_massiliensis
5482,endosymbiont_'TC1'_of_Trimyema_compressum
5483,Synechococcus_sp._CBW1004
5484,Synechococcus_sp._RSCCF101
5485,Synechococcus_sp._CBW1107
5486,Synechococcus_sp._SynAce01
5487,Synechococcus_sp._CB0101
5488,Synechococcus_sp._CBW1108
5489,Synechococcus_sp._JA-3-3Ab
5490,Synechococcus_sp._NB0720_10
5491,Synechococcus_sp._LA31
5492,Synechococcus_sp._LTW-R
5493,Synechococcus_sp._PCC_7336
5494,Synechococcus_sp._JA-2-3B'a(2-13)
5495,Synechococcus_sp._RS9909
5496,Synechococcus_sp._HK01-R
5497,Synechococcus_sp._Minos11
5498,Synechococcus_sp._WH_8101
5499,Synechococcus_sp._A10-1-5-1
5500,Synechococcus_sp._KORDI-100
5501,Synechococcus_sp._NOUM97013
5502,Synechococcus_sp._BMK-MC-1
5503,Synechococcus_sp._KORDI-49
5504,Synechococcus_sp._PROS-U-1
5505,Synechococcus_sp._KORDI-52
5506,Synechococcus_sp._MEDNS5
5507,Synechococcus_sp._PROS-7-1
5508,Synechococcus_sp._CC9902
5509,Synechococcus_sp._BIOS-E4-1
5510,Synechococcus_sp._PCC_6312
5511,Synechococcus_sp._A15-127
5512,Synechococcus_sp._CBW1002
5513,Synechococcus_sp._MIT_S9220
5514,Synechococcus_sp._CBW1006
5515,Synechococcus_sp._BIOS-U3-1
5516,Synechococcus_sp._NIES-970
5517,Synechococcus_sp._ROS8604
5518,Synechococcus_sp._A15-44
5519,Synechococcus_sp._A15-62
5520,Synechococcus_sp._WH_8109
5521,Synechococcus_sp._PCC_7003
5522,Synechococcus_sp._RS9907
5523,Synechococcus_sp._PROS-9-1
5524,Synechococcus_sp._WH_8020
5525,Synechococcus_sp._TAK9802
5526,Synechococcus_sp._RS9902
5527,Synechococcus_sp._M16.1
5528,Synechococcus_sp._PCC_7502
5529,Synechococcus_sp._CC9311
5530,Synechococcus_sp._MVIR-18-1
5531,Synechococcus_sp._PCC_7117
5532,Synechococcus_sp._PCC_11901
5533,Synechococcus_sp._SYN20
5534,Synechococcus_sp._A18-25c
5535,Synechococcus_sp._A15-60
5536,Synechococcus_sp._PCC_8807
5537,Synechococcus_sp._PCC_73109
5538,Synechococcus_elongatus
5539,Dactylococcopsis_salina
5540,Cyanobium_sp._NIES-981
5541,Cyanobium_sp._NS01
5542,Cyanobium_gracile
5543,Parasynechococcus_marenigrum
5544,Prochlorococcus_marinus
5545,Acaryochloris_marina
5546,Acaryochloris_sp._'Moss_Beach'
5547,Synechocystis_sp._PCC_6714
5548,Synechocystis_sp._CACIAM_05
5549,Chamaesiphon_minutus
5550,Nostoc_sp._NIES-4103
5551,Nostoc_sp._UHCC_0702
5552,Nostoc_sp._MS1
5553,Nostoc_sp._TCL26-01
5554,Nostoc_sp._ATCC_53789
5555,Nostoc_sp._CENA543
5556,Nostoc_sp._C052
5557,Nostoc_sp._UHCC_0870
5558,Nostoc_sp._'Lobaria_pulmonaria_(5183)_cyanobiont'
5559,Nostoc_sp._'Peltigera_membranacea_cyanobiont'_N6
5560,Nostoc_sp._PCC_7524
5561,Nostoc_sp._PCC_7107
5562,Nostoc_sp._NIES-2111
5563,Nostoc_sp._C057
5564,Nostoc_sp._TCL240-02
5565,Nostoc_sp._NIES-3756
5566,Nostoc_edaphicum
5567,Nostoc_linckia
5568,Nostoc_sphaeroides
5569,Nostoc_piscinale
5570,Nostoc_commune
5571,Nostoc_flagelliforme
5572,Nostoc_punctiforme
5573,Anabaena_sp._WA102
5574,Anabaena_sp._90
5575,Anabaena_sp._YBS01
5576,Anabaena_cylindrica
5577,Cylindrospermum_stagnale
5578,Trichormus_azollae
5579,Richelia_sinica
5580,Calothrix_sp._PCC_7716
5581,Calothrix_sp._NIES-2100
5582,Calothrix_sp._PCC_7507
5583,Calothrix_sp._NIES-3974
5584,Calothrix_sp._NIES-2098
5585,Calothrix_sp._336/3
5586,Calothrix_sp._PCC_6303
5587,Calothrix_brevissima
5588,Calothrix_parasitica
5589,Sphaerospermopsis_kisseleviana
5590,Sphaerospermopsis_torques-reginae
5591,Nodularia_sphaerocarpa
5592,Nodularia_spumigena
5593,Anabaenopsis_circularis
5594,Anabaenopsis_elenkinii
5595,Dolichospermum_compactum
5596,Dolichospermum_sp._UHCC_0315A
5597,Dolichospermum_flos-aquae
5598,Cylindrospermopsis_raciborskii
5599,Cylindrospermopsis_curvispora
5600,Scytonema_sp._NIES-4073
5601,Scytonema_sp._HK-05
5602,Brasilonema_sennae
5603,Fischerella_sp._NIES-3754
5604,Fischerella_sp._NIES-4106
5605,Tolypothrix_sp._PCC_7910
5606,Tolypothrix_tenuis
5607,Rivularia_sp._PCC_7116
5608,Leptolyngbya_sp._7M
5609,Leptolyngbya_sp._BL0902
5610,Leptolyngbya_sp._NIES-3755
5611,Leptolyngbya_sp._PCC_7376
5612,Leptolyngbya_boryana
5613,Kovacikia_minuta
5614,Leptothermofonsia_sichuanensis
5615,Leptodesmis_sichuanensis
5616,Thermoleptolyngbya_sp._PKUAC-SCTB121
5617,Thermoleptolyngbya_sichuanensis
5618,Thermosynechococcus_sp._NK55a
5619,Thermosynechococcus_sp._TA-1
5620,Thermosynechococcus_sp._CL-1
5621,Thermosynechococcus_vestitus
5622,Halomicronema_hongdechloris
5623,Pseudanabaena_sp._PCC_7367
5624,Pseudanabaena_sp._ABRG5-3
5625,Geitlerinema_sp._PCC_7407
5626,Allocoleopsis_franciscana
5627,Moorena_producens
5628,Oscillatoria_nigro-viridis
5629,Oscillatoria_acuminata
5630,Oxynema_aestuarii
5631,Microcoleus_vaginatus
5632,Planktothrix_rubescens
5633,Planktothrix_agardhii
5634,[Phormidium]_sp._ETS-05
5635,Crinalium_epipsammum
5636,Microcystis_aeruginosa
5637,Microcystis_sp._MC19
5638,Gloeothece_citriformis
5639,Gloeothece_verrucosa
5640,Halothece_sp._PCC_7418
5641,Euhalothece_natronophila
5642,Rippkaea_orientalis
5643,Crocosphaera_subtropica
5644,Candidatus_Atelocyanobacterium_thalassa
5645,Geminocystis_sp._NIES-3709
5646,Geminocystis_sp._NIES-3708
5647,Geminocystis_herdmanii
5648,Gloeocapsa_sp._PCC_7428
5649,Chondrocystis_sp._NIES-4102
5650,Cyanobacterium_aponinum
5651,Gloeobacter_kilaueensis
5652,Gloeobacter_morelensis
5653,Gloeobacter_violaceus
5654,Anthocerotibacter_panamensis
5655,Chroococcidiopsis_sp._CCMEE_29
5656,Chroococcidiopsis_sp._CCNUC1
5657,Chroococcidiopsis_thermalis
5658,Pleurocapsa_sp._PCC_7327
5659,Stanieria_sp._NIES-3757
5660,Stanieria_cyanosphaera
5661,Gloeomargarita_lithophora
5662,Thermostichus_lividus
5663,cyanobacterium_endosymbiont_of_Epithemia_turgida
5664,cyanobacterium_endosymbiont_of_Rhopalodia_gibberula
5665,Deinococcus_sp._NW-56
5666,Deinococcus_sp._TS-293
5667,Deinococcus_sp._KNUC1210
5668,Deinococcus_sp._AJ005
5669,Deinococcus_sp._QL22
5670,Deinococcus_maricopensis
5671,Deinococcus_gobiensis
5672,Deinococcus_metallilatus
5673,Deinococcus_ficus
5674,Deinococcus_actinosclerus
5675,Deinococcus_peraridilitoris
5676,Deinococcus_irradiatisoli
5677,Deinococcus_wulumuqiensis
5678,Deinococcus_radiopugnans
5679,Deinococcus_radiodurans
5680,Deinococcus_geothermalis
5681,Deinococcus_soli_(ex_Cha_et_al._2016)
5682,Deinococcus_deserti
5683,Deinococcus_psychrotolerans
5684,Deinococcus_proteolyticus
5685,Deinococcus_radiophilus
5686,Deinococcus_puniceus
5687,Thermus_thermophilus
5688,Thermus_oshimai
5689,Thermus_sp._CCB_US3_UF1
5690,Thermus_sp._NEB1569
5691,Thermus_aquaticus
5692,Thermus_brockianus
5693,Thermus_caldilimi
5694,Thermus_scotoductus
5695,Thermus_parvatiensis
5696,Oceanithermus_profundus
5697,Meiothermus_silvanus
5698,Meiothermus_taiwanensis
5699,Meiothermus_ruber
5700,Marinithermus_hydrothermalis
5701,Truepera_radiovictrix
5702,Sphaerobacter_thermophilus
5703,Thermomicrobium_roseum
5704,Roseiflexus_sp._RS-1
5705,Roseiflexus_castenholzii
5706,Chloroflexus_aurantiacus
5707,Chloroflexus_aggregans
5708,Tepidiforma_bonchosmolovskayae
5709,Candidatus_Promineofilum_breve
5710,Caldilinea_aerophila
5711,Anaerolinea_thermophila
5712,Pelolinea_submarina
5713,Brevefilum_fermentans
5714,Dehalogenimonas_formicexedens
5715,Dehalogenimonas_sp._GP
5716,Dehalococcoides_mccartyi
5717,Ktedonosporobacter_rubrisoli
5718,Phototrophicus_methaneseepsis
5719,Thermobaculum_terrenum
5720,Fimbriimonas_ginsengisoli
5721,Chthonomonas_calidirosea
5722,Mycoplasma_sp._(ex_Biomphalaria_glabrata)
5723,Mycoplasma_sp._SG1
5724,Mycoplasma_genitalium
5725,Mycoplasmopsis_maculosa
5726,Candidatus_Hepatoplasma_crinochetorum
5727,Spiroplasma_endosymbiont_of_'Nebria_riversi'
5728,Spiroplasma_platyhelix
5729,Spiroplasma_clarkii
5730,Mesoplasma_lactucae
5731,Williamsoniiplasma_somnilux
5732,Alteracholeplasma_palmae
5733,Acholeplasma_laidlawii
5734,Acholeplasma_hippikon
5735,Paracholeplasma_brassicae
5736,Malacoplasma_penetrans
5737,Candidatus_Izimaplasma_sp._HR1
5738,Gemmata_obscuriglobus
5739,Gemmata_massiliana
5740,Gemmata_sp._SH-PL17
5741,Urbifossiella_limnaea
5742,Frigoriglobus_tundricola
5743,Limnoglobus_roseus
5744,Tuwongella_immobilis
5745,Telmatocola_sphagniphila
5746,Lacipirellula_parvula
5747,Lacipirellula_limnantheis
5748,Pirellulimonas_nuda
5749,Botrimarina_mediterranea
5750,Aeoliella_mucimassa
5751,Adhaeretor_mobilis
5752,Bythopirellula_goksoeyrii
5753,Lignipirellula_cremea
5754,Anatilimnocola_aggregata
5755,Stieleria_maiorica
5756,Stieleria_neptunia
5757,Rosistilla_oblonga
5758,Rosistilla_carotiformis
5759,Rosistilla_ulvae
5760,Bremerella_volcania
5761,Pirellula_staleyi
5762,Pirellula_sp._SH-Sr6A
5763,Roseimaritima_ulvae
5764,Roseimaritima_multifibrata
5765,Rubripirellula_lacrimiformis
5766,Mariniblastus_fucicola
5767,Rhodopirellula_baltica
5768,Aureliella_helgolandensis
5769,Thermogutta_terrifontis
5770,Tautonia_plasticadhaerens
5771,Aquisphaera_giovannonii
5772,Paludisphaera_borealis
5773,Singulisphaera_acidiphila
5774,Isosphaera_pallida
5775,Planctomyces_sp._SH-PL62
5776,Planctomyces_sp._SH-PL14
5777,Caulifigura_coniformis
5778,Gimesia_panareensis
5779,Gimesia_chilikensis
5780,Gimesia_maris
5781,Gimesia_algae
5782,Gimesia_alba
5783,Gimesia_fumaroli
5784,Gimesia_aquarii
5785,Gimesia_benthica
5786,Maioricimonas_rarisocia
5787,Alienimonas_californiensis
5788,Symmachiella_dynata
5789,Rubinisphaera_brasiliensis
5790,Planctopirus_ephydatiae
5791,Planctopirus_limnophila
5792,Fuerstiella_marisgermanici
5793,Calycomorphotria_hydatis
5794,Crateriforma_conspicua
5795,Polystyrenella_longa
5796,Thalassoglobus_polymorphus
5797,Humisphaera_borealis
5798,Phycisphaera_mikurensis
5799,Mucisphaera_calidilacus
5800,Poriferisphaera_corsica
5801,Anaerohalosphaera_lusitana
5802,Limihaloglobus_sulfuriphilus
5803,Sedimentisphaera_cyanobacteriorum
5804,Sedimentisphaera_salicampi
5805,Candidatus_Kuenenia_stuttgartiensis
5806,Candidatus_Uabimicrobium_amorphum
5807,Opitutus_sp._GAS368
5808,Opitutus_terrae
5809,Lacunisphaera_limnophila
5810,Oleiharenicola_sp._KSB-15
5811,Nibricoccus_aquaticus
5812,Ereboglobus_luteus
5813,Ruficoccus_sp._ZRK36
5814,Coraliomargarita_akajimensis
5815,Verrucomicrobium_sp._GAS474
5816,Verrucomicrobium_spinosum
5817,Luteolibacter_luteus
5818,Luteolibacter_ambystomatis
5819,Roseimicrobium_sp._ORNL1
5820,Sulfuriroseicoccus_oceanibius
5821,Akkermansia_muciniphila
5822,Akkermansia_glycaniphila
5823,Methylacidimicrobium_sp._AP8
5824,Methylacidimicrobium_sp._B4
5825,Candidatus_Xiphinematobacter_sp._Idaho_Grape
5826,Methylacidiphilum_kamchatkense
5827,Methylacidiphilum_sp._IT5
5828,Methylacidiphilum_sp._IT6
5829,Methylacidiphilum_infernorum
5830,Kiritimatiella_glycovorans
5831,Tichowtungia_aerotolerans
5832,Candidatus_Protochlamydia_naegleriophila
5833,Candidatus_Protochlamydia_amoebophila
5834,Parachlamydia_acanthamoebae
5835,Neochlamydia_sp._S13
5836,Candidatus_Rhabdochlamydia_porcellionis
5837,Candidatus_Rhabdochlamydia_oedothoracis
5838,Waddlia_chondrophila
5839,Simkania_negevensis
5840,Chlamydia_trachomatis
5841,Chlamydia_suis
5842,Chlamydia_pneumoniae
5843,Chlamydia_pecorum
5844,Chlamydiifrater_phoenicopteri
5845,Candidatus_Velamenicoccus_archaeovorus
5846,Hymenobacter_sp._5317J-9
5847,Hymenobacter_sp._PAMC_26628
5848,Hymenobacter_sp._APR13
5849,Hymenobacter_sp._PAMC_26554
5850,Hymenobacter_sp._BRD128
5851,Hymenobacter_sp._5116S-27
5852,Hymenobacter_sp._5116S-3
5853,Hymenobacter_sp._NBH84
5854,Hymenobacter_sp._BT18
5855,Hymenobacter_sp._5420S-77
5856,Hymenobacter_sp._DG01
5857,Hymenobacter_sp._5413J-13
5858,Hymenobacter_sp._DG25B
5859,Hymenobacter_sp._S2-20-2
5860,Hymenobacter_sp._BRD67
5861,Hymenobacter_sp._DG25A
5862,Hymenobacter_sp._HDW8
5863,Hymenobacter_sp._5516S-25
5864,Hymenobacter_sp._5516J-16
5865,Hymenobacter_sp._5414T-23
5866,Hymenobacter_monticola
5867,Hymenobacter_busanensis
5868,Hymenobacter_sedentarius
5869,Hymenobacter_jejuensis
5870,Hymenobacter_oligotrophus
5871,Hymenobacter_nivis
5872,Hymenobacter_swuensis
5873,Hymenobacter_tibetensis
5874,Hymenobacter_baengnokdamensis
5875,Hymenobacter_qilianensis
5876,Hymenobacter_radiodurans
5877,Pontibacter_russatus
5878,Pontibacter_actiniarum
5879,Pontibacter_akesuensis
5880,Pontibacter_pudoricolor
5881,Pontibacter_korlensis
5882,Pontibacter_sp._SGAir0037
5883,Rufibacter_radiotolerans
5884,Rufibacter_tibetensis
5885,Rufibacter_sp._DG15C
5886,Adhaeribacter_swui
5887,Adhaeribacter_radiodurans
5888,Nibribacter_ruber
5889,Spirosoma_sp._CJU-R4
5890,Spirosoma_sp._KUDC1026
5891,Spirosoma_sp._KCTC_42546
5892,Spirosoma_sp._RHs26
5893,Spirosoma_sp._KCTC_72228
5894,Spirosoma_rigui
5895,Spirosoma_taeanense
5896,Spirosoma_montaniterrae
5897,Spirosoma_aerolatum
5898,Spirosoma_pollinicola
5899,Spirosoma_radiotolerans
5900,Spirosoma_endbachense
5901,Spirosoma_aureum
5902,Rhodocytophaga_rosea
5903,Cytophaga_hutchinsonii
5904,Aquirufa_sp._9H-EGSE
5905,Aquirufa_nivalisilvae
5906,Dyadobacter_fermentans
5907,Dyadobacter_sp._LJ419
5908,Dyadobacter_sp._NIV53
5909,Dyadobacter_sandarakinus
5910,Fibrella_aestuarina
5911,Fibrella_sp._ES10-3-2-2
5912,Runella_slithyformis
5913,Runella_rosea
5914,Runella_sp._SP2
5915,Larkinella_sp._IE-0392
5916,Leadbetterella_byssophila
5917,Arcticibacterium_luteifluviistationis
5918,Chryseolinea_soli
5919,Fulvivirga_sp._SS9-22
5920,Fulvivirga_sp._W9P-11
5921,Fulvivirga_sp._SW1-E11
5922,Fulvivirga_lutea
5923,Echinicola_sp._20G
5924,Echinicola_sp._SCS_3-6
5925,Echinicola_rosea
5926,Echinicola_soli
5927,Echinicola_vietnamensis
5928,Echinicola_strongylocentroti
5929,Algoriphagus_sp._Y33
5930,Algoriphagus_sp._NBT04N3
5931,Algoriphagus_sanaruensis
5932,Algoriphagus_machipongonensis
5933,Cyclobacterium_marinum
5934,Cyclobacterium_amurskyense
5935,Aquiflexum_balticum
5936,Mongoliitalea_daihaiensis
5937,Belliella_baltica
5938,Mangrovivirga_cuniculi
5939,Cardinium_endosymbiont_of_Oedothorax_gibbosus
5940,Cardinium_endosymbiont_of_Encarsia_pergandiella
5941,Cardinium_endosymbiont_of_Sogatella_furcifera
5942,Candidatus_Cardinium_hertigii
5943,Candidatus_Amoebophilus_asiaticus
5944,Flammeovirga_pectinis
5945,Flammeovirga_kamogawensis
5946,Flammeovirga_sp._MY04
5947,Flammeovirga_yaeyamensis
5948,Marivirga_tractuosa
5949,Bernardetia_litoralis
5950,Chitinophaga_sp._XS-30
5951,Chitinophaga_sp._KRA15-503
5952,Chitinophaga_filiformis
5953,Chitinophaga_oryzae
5954,Chitinophaga_alhagiae
5955,Chitinophaga_pinensis
5956,Chitinophaga_agri
5957,Chitinophaga_caeni
5958,Niastella_koreensis
5959,Paraflavitalea_soli
5960,Flavisolibacter_ginsenosidimutans
5961,Flavisolibacter_tropicus
5962,Pseudobacter_ginsenosidimutans
5963,Flavihumibacter_sp._IMCC34838
5964,Flavihumibacter_sp._IMCC34837
5965,Pseudocnuella_soli
5966,Niabella_soli
5967,Niabella_ginsenosidivorans
5968,Panacibacter_ginsenosidivorans
5969,Arachidicoccus_sp._BS20
5970,Arachidicoccus_sp._5GH13-10
5971,Arachidicoccus_sp._B3-10
5972,Arachidicoccus_ginsenosidivorans
5973,Arachidicoccus_soli
5974,Lacibacter_sp._S13-6-6
5975,Phnomibacter_ginsenosidimutans
5976,Ferruginibacter_sp._KIS38-8
5977,Ferruginibacter_lapsinanis
5978,Filimonas_lacunae
5979,Flavobacterium_sp._HJ-32-4
5980,Flavobacterium_sp._CJ74
5981,Flavobacterium_sp._CLA17
5982,Flavobacterium_sp._IGB_4-14
5983,Flavobacterium_sp._F-323
5984,Flavobacterium_sp._F-29
5985,Flavobacterium_sp._F-70
5986,Flavobacterium_sp._B183
5987,Flavobacterium_sp._MDT1-60
5988,Flavobacterium_sp._Sr18
5989,Flavobacterium_sp._KBS0721
5990,Flavobacterium_sp._MMS21-Er5
5991,Flavobacterium_sp._SLB02
5992,Flavobacterium_sp._xlx-214
5993,Flavobacterium_sp._M31R6
5994,Flavobacterium_sp._WSW3-B6
5995,Flavobacterium_sp._K5-23
5996,Flavobacterium_sp._140616W15
5997,Flavobacterium_sp._I3-2
5998,Flavobacterium_sp._CS20
5999,Flavobacterium_sp._F-340
6000,Flavobacterium_sp._KK2020170
6001,Flavobacterium_sp._LPB0248
6002,Flavobacterium_sp._KSM-R2A30
6003,Flavobacterium_sp._CHNK8
6004,Flavobacterium_sp._KSM-R2A25
6005,Flavobacterium_sp._CECT_9288
6006,Flavobacterium_sp._GENT5
6007,Flavobacterium_sp._SHINM13
6008,Flavobacterium_album
6009,Flavobacterium_magnum
6010,Flavobacterium_pallidum
6011,Flavobacterium_anhuiense
6012,Flavobacterium_johnsoniae
6013,Flavobacterium_inviolabile
6014,Flavobacterium_enshiense
6015,Flavobacterium_gilvum
6016,Flavobacterium_endoglycinae
6017,Flavobacterium_commune
6018,Flavobacterium_nackdongense
6019,Flavobacterium_kingsejongi
6020,Flavobacterium_crassostreae
6021,Flavobacterium_sediminis
6022,Flavobacterium_alkalisoli
6023,Flavobacterium_sangjuense
6024,Flavobacterium_fluviale
6025,Flavobacterium_psychrophilum
6026,Flavobacterium_faecale
6027,Flavobacterium_arcticum
6028,Flavobacterium_oreochromis
6029,Flavobacterium_nitrogenifigens
6030,Flavobacterium_branchiophilum
6031,Flavobacterium_davisii
6032,Flavobacterium_crocinum
6033,Flavobacterium_sediminilitoris
6034,Flavobacterium_covae
6035,Flavobacterium_columnare
6036,Flavobacterium_indicum
6037,Flavobacterium_haoranii
6038,Flavobacterium_jumunjinense
6039,Muricauda_sp._SCSIO_65647
6040,Muricauda_sp._SCSIO_64092
6041,Muricauda_lutaonensis
6042,Muricauda_aquimarina
6043,Muricauda_oceani
6044,Muricauda_ruestringensis
6045,Muricauda_aurantiaca
6046,Capnocytophaga_sp._oral_taxon_878
6047,Capnocytophaga_sp._oral_taxon_902
6048,Capnocytophaga_sp._FDAARGOS_737
6049,Capnocytophaga_sp._oral_taxon_323
6050,Capnocytophaga_gingivalis
6051,Capnocytophaga_haemolytica
6052,Capnocytophaga_sputigena
6053,Capnocytophaga_canimorsus
6054,Capnocytophaga_stomatis
6055,Capnocytophaga_ochracea
6056,Capnocytophaga_cynodegmi
6057,Capnocytophaga_endodontalis
6058,Capnocytophaga_leadbetteri
6059,Gramella_sp._GC03-9
6060,Gramella_sp._MT6
6061,Gramella_sp._MAR_2010_147
6062,Gramella_fulva
6063,Gramella_flava
6064,Gramella_forsetii
6065,Gramella_echinicola
6066,Gramella_salexigens
6067,Robiginitalea_biformata
6068,Polaribacter_sp._SM13
6069,Polaribacter_sp._L3A8
6070,Polaribacter_sp._Hel1_33_78
6071,Polaribacter_sp._SA4-10
6072,Polaribacter_sp._Q13
6073,Polaribacter_sp._MED152
6074,Polaribacter_sp._ALD11
6075,Polaribacter_sp._G4M1
6076,Polaribacter_sp._NJDZ03
6077,Polaribacter_litorisediminis
6078,Polaribacter_vadi
6079,Polaribacter_sejongensis
6080,Polaribacter_haliotis
6081,Nonlabens_sp._Hel1_33_55
6082,Nonlabens_sp._Ci31
6083,Nonlabens_sp._MB-3u-79
6084,Nonlabens_ponticola
6085,Nonlabens_spongiae
6086,Nonlabens_dokdonensis
6087,Nonlabens_marinus
6088,Antarcticibacterium_flavum
6089,Antarcticibacterium_arcticum
6090,Antarcticibacterium_sp._1MA-6-2
6091,Winogradskyella_sp._PC-19
6092,Winogradskyella_sp._MH6
6093,Winogradskyella_sp._HaHa_3_26
6094,Winogradskyella_sp._J14-2
6095,Winogradskyella_sp._PG-2
6096,Winogradskyella_forsetii
6097,Winogradskyella_sediminis
6098,Winogradskyella_schleiferi
6099,Winogradskyella_helgolandensis
6100,Sinomicrobium_sp._HD2P242
6101,Aequorivita_sp._H23M31
6102,Aequorivita_sublithincola
6103,Maribacter_sp._MJ134
6104,Maribacter_sp._HTCC2170
6105,Maribacter_sp._1_2014MBL_MicDiv
6106,Maribacter_cobaltidurans
6107,Maribacter_hydrothermalis
6108,Maribacter_dokdonensis
6109,Myroides_odoratus
6110,Myroides_fluvii
6111,Myroides_phaeus
6112,Salegentibacter_mishustinae
6113,Salegentibacter_salegens
6114,Salegentibacter_sp._T436
6115,Formosa_sp._Hel1_33_131
6116,Formosa_sp._Hel1_31_208
6117,Formosa_sp._Hel3_A1_48
6118,Formosa_sp._L2A11
6119,Formosa_agariphila
6120,Formosa_sediminum
6121,Tenacibaculum_sp._SZ-18
6122,Tenacibaculum_maritimum
6123,Tenacibaculum_jejuense
6124,Tenacibaculum_todarodis
6125,Tenacibaculum_dicentrarchi
6126,Tenacibaculum_mesophilum
6127,Tenacibaculum_singaporense
6128,Kordia_antarctica
6129,Kordia_sp._SMS9
6130,Aquimarina_sp._BL5
6131,Aquimarina_sp._AD10
6132,Aquimarina_sp._TRL1
6133,Aquimarina_sp._AD1
6134,Cellulophaga_lytica
6135,Cellulophaga_sp._HaHaR_3_176
6136,Cellulophaga_algicola
6137,Cellulophaga_baltica
6138,Zunongwangia_profunda
6139,Zunongwangia_sp._SCSIO_43204
6140,Flagellimonas_sp._CMM7
6141,Flagellimonas_sp._HMM57
6142,Aggregatimonas_sangjinii
6143,Dokdonia_sp._4H-3-7-5
6144,Dokdonia_sp._PRO95
6145,Dokdonia_donghaensis
6146,Arenibacter_algicola
6147,Zobellia_galactanivorans
6148,Tamlana_carrageenivorans
6149,Tamlana_sp._s12
6150,Pukyongia_salina
6151,Algibacter_sp._L1A34
6152,Algibacter_sp._L3A6
6153,Algibacter_alginicilyticus
6154,Psychroflexus_torquis
6155,Psychroflexus_sp._ALD_RP9
6156,Leeuwenhoekiella_sp._ZYFB001
6157,Leeuwenhoekiella_palythoae
6158,Lutibacter_sp._A64
6159,Lutibacter_sp._A80
6160,Lutibacter_profundi
6161,Zhouia_spongiae
6162,Euzebyella_marina
6163,Lacinutrix_sp._Bg11-31
6164,Lacinutrix_sp._WUR7
6165,Lacinutrix_sp._5H-3-7-4
6166,Lacinutrix_venerupis
6167,Muriicola_soli
6168,Gilvibacter_sp._SZ-19
6169,Constantimarinum_furrinae
6170,Costertonia_aggregata
6171,Mariniflexile_sp._TRM1-10
6172,Aegicerativicinus_sediminis
6173,Olleya_aquimaris
6174,Flavivirga_eckloniae
6175,Flavobacteriaceae_bacterium_10Alg115
6176,Siansivirga_zeaxanthinifaciens
6177,Amniculibacterium_sp._G2-70
6178,Mesoflavibacter_sp._SCSIO_43206
6179,Galbibacter_sp._BG1
6180,Seonamhaeicola_sp._ML3
6181,Seonamhaeicola_sp._S2-3
6182,Sediminicola_sp._YIK13
6183,Changchengzhania_lutea
6184,Bizionia_sp._M204
6185,Croceibacter_atlanticus
6186,Urechidicola_croceus
6187,Gillisia_sp._Hel1_33_143
6188,Oceanihabitans_sp._IOP_32
6189,Wenyingzhuangia_fucanilytica
6190,Sabulilitoribacter_sp._BrNp1-15
6191,Marixanthomonas_sp._SCSIO_43207
6192,Chryseobacterium_sp._Y16C
6193,Chryseobacterium_sp._6424
6194,Chryseobacterium_sp.
6195,Chryseobacterium_sp._SC2-2
6196,Chryseobacterium_sp._cx-624
6197,Chryseobacterium_sp._T16E-39
6198,Chryseobacterium_sp._ZHDP1
6199,Chryseobacterium_sp._IHB_B_17019
6200,Chryseobacterium_sp._MEBOG06
6201,Chryseobacterium_sp._F4
6202,Chryseobacterium_sp._LJ668
6203,Chryseobacterium_sp._DH-B6
6204,Chryseobacterium_sp._MEBOG07
6205,Chryseobacterium_sp._G0201
6206,Chryseobacterium_sp._G0186
6207,Chryseobacterium_sp._SNU_WT5
6208,Chryseobacterium_sp._PCH239
6209,Chryseobacterium_sp._POL2
6210,Chryseobacterium_sp._StRB126
6211,Chryseobacterium_sp._C-17
6212,Chryseobacterium_sp._3008163
6213,Chryseobacterium_sp._G0162
6214,Chryseobacterium_sp._ADR-1
6215,Chryseobacterium_sp._D764
6216,Chryseobacterium_daecheongense
6217,Chryseobacterium_indologenes
6218,Chryseobacterium_taklimakanense
6219,Chryseobacterium_camelliae
6220,Chryseobacterium_arthrosphaerae
6221,Chryseobacterium_gallinarum
6222,Chryseobacterium_shandongense
6223,Chryseobacterium_nepalense
6224,Chryseobacterium_gleum
6225,Chryseobacterium_carnipullorum
6226,Chryseobacterium_indoltheticum
6227,Chryseobacterium_glaciei
6228,Chryseobacterium_piperi
6229,Chryseobacterium_aureum
6230,Chryseobacterium_lactis
6231,Chryseobacterium_salivictor
6232,Chryseobacterium_balustinum
6233,Chryseobacterium_cucumeris
6234,Chryseobacterium_joostei
6235,Chryseobacterium_manosquense
6236,Chryseobacterium_bernardetii
6237,Chryseobacterium_nakagawai
6238,Chryseobacterium_rhizoplanae
6239,Kaistella_sp._97-N-M2
6240,Kaistella_sp._GW4-15
6241,Kaistella_daneshvariae
6242,Kaistella_carnis
6243,Candidatus_Kaistella_beijingensis
6244,Kaistella_antarctica
6245,Kaistella_jeonii
6246,Kaistella_flava_(ex_Peng_et_al._2021)
6247,Epilithonimonas_zeae
6248,Epilithonimonas_vandammei
6249,Elizabethkingia_meningoseptica
6250,Elizabethkingia_anophelis
6251,Elizabethkingia_sp._JS20170427COW
6252,Elizabethkingia_sp._2-6
6253,Elizabethkingia_miricola
6254,Elizabethkingia_ursingii
6255,Cruoricaptor_ignavus
6256,Ornithobacterium_rhinotracheale
6257,Apibacter_raozihei
6258,Empedobacter_brevis
6259,Empedobacter_stercoris
6260,Empedobacter_falsenii
6261,Cloacibacterium_caeni
6262,Cloacibacterium_normanense
6263,Riemerella_anatipestifer
6264,Bergeyella_cardium
6265,Weeksella_virosa
6266,Faecalibacter_bovis
6267,Blattabacterium_cuenoti
6268,Owenweeksia_hongkongensis
6269,Croceimicrobium_hydrocarbonivorans
6270,Fluviicola_taffensis
6271,Crocinitomix_sp._GM2_3_6_6
6272,Candidatus_Sulcia_muelleri
6273,Candidatus_Walczuchella_monophlebidarum
6274,Ichthyobacterium_seriolicida
6275,Alistipes_onderdonkii
6276,Alistipes_dispar
6277,Alistipes_communis
6278,Alistipes_senegalensis
6279,Alistipes_megaguti
6280,Alistipes_finegoldii
6281,Alistipes_sp._dk3624
6282,Alistipes_shahii
6283,Alistipes_indistinctus
6284,Bacteroides_sp._CBA7301
6285,Bacteroides_sp._M10
6286,Bacteroides_fragilis
6287,Bacteroides_cellulosilyticus
6288,Bacteroides_thetaiotaomicron
6289,Bacteroides_eggerthii
6290,Bacteroides_stercoris
6291,Bacteroides_helcogenes
6292,Bacteroides_heparinolyticus
6293,Bacteroides_zoogleoformans
6294,Bacteroides_uniformis
6295,Bacteroides_faecis
6296,Bacteroides_caccae
6297,Bacteroides_salyersiae
6298,Bacteroides_intestinalis
6299,Bacteroides_zhangwenhongii
6300,Bacteroides_xylanisolvens
6301,Bacteroides_nordii
6302,Bacteroides_luhongzhouii
6303,Bacteroides_caecimuris
6304,Bacteroides_ovatus
6305,Bacteroides_coprosuis
6306,Phocaeicola_salanitronis
6307,Phocaeicola_coprophilus
6308,Phocaeicola_dorei
6309,Phocaeicola_vulgatus
6310,Prevotella_sp._oral_taxon_475
6311,Prevotella_sp._Rep29
6312,Prevotella_sp._E13-17
6313,Prevotella_sp._E9-3
6314,Prevotella_sp._E15-22
6315,Prevotella_sp._E2-28
6316,Prevotella_sp._oral_taxon_299
6317,Prevotella_sp._E13-3
6318,Prevotella_sp._E2-25
6319,Prevotella_dentalis
6320,Prevotella_multiformis
6321,Prevotella_denticola
6322,Prevotella_ruminicola
6323,Prevotella_melaninogenica
6324,Prevotella_copri
6325,Prevotella_enoeca
6326,Prevotella_intermedia
6327,Prevotella_buccalis
6328,Prevotella_nigrescens
6329,Prevotella_oris
6330,Prevotella_fusca
6331,Prevotella_herbatica
6332,Prevotella_jejuni
6333,Prevotella_bryantii
6334,Prevotella_veroralis
6335,Prevotella_histicola
6336,Prevotella_scopos
6337,Paraprevotella_xylaniphila
6338,Pseudoprevotella_muciniphila
6339,Parabacteroides_goldsteinii
6340,Parabacteroides_merdae
6341,Parabacteroides_distasonis
6342,Parabacteroides_johnsonii
6343,Tannerella_serpentiformis
6344,Tannerella_forsythia
6345,Sodaliphilus_pleomorphus
6346,Duncaniella_dubosii
6347,Muribaculum_intestinale
6348,Muribaculum_gordoncarteri
6349,Porphyromonas_sp._oral_taxon_275
6350,Porphyromonas_gingivalis
6351,Porphyromonas_asaccharolytica
6352,Porphyromonas_cangingivalis
6353,Porphyromonas_somerae
6354,Porphyromonas_endodontalis
6355,Porphyromonas_crevioricanis
6356,Proteiniphilum_saccharofermentans
6357,Proteiniphilum_sp._JNU-WLY501
6358,Petrimonas_mucosa
6359,Dysgonomonas_sp._HDW5B
6360,Dysgonomonas_sp._HDW5A
6361,Barnesiella_viscericola
6362,Coprobacter_secundus
6363,Butyricimonas_virosa
6364,Butyricimonas_faecalis
6365,Odoribacter_splanchnicus
6366,Tenuifilum_thalassicum
6367,Paludibacter_propionicigenes
6368,Salinivirga_cyanobacteriivorans
6369,Draconibacterium_orientale
6370,Draconibacterium_halophilum
6371,Maribellus_comscasis
6372,Alkalitalea_saponilacus
6373,Labilibaculum_antarcticum
6374,Rhodocaloribacter_litoris
6375,Rhodothermus_marinus
6376,Salinibacter_ruber
6377,Mucilaginibacter_sp._14171R-50
6378,Mucilaginibacter_sp._SMC90
6379,Mucilaginibacter_sp._21P
6380,Mucilaginibacter_sp._F39-2
6381,Mucilaginibacter_mali
6382,Mucilaginibacter_gotjawali
6383,Mucilaginibacter_daejeonensis
6384,Mucilaginibacter_ginsenosidivorans
6385,Mucilaginibacter_ginsenosidivorax
6386,Mucilaginibacter_celer
6387,Mucilaginibacter_paludis
6388,Mucilaginibacter_xinganensis
6389,Mucilaginibacter_rubeus
6390,Mucilaginibacter_mallensis
6391,Mucilaginibacter_ginkgonis
6392,Mucilaginibacter_gossypii
6393,Pedobacter_sp._KBS0701
6394,Pedobacter_sp._HDW13
6395,Pedobacter_sp._PACM_27299
6396,Pedobacter_sp._SW-16
6397,Pedobacter_sp._G11
6398,Pedobacter_sp._D749
6399,Pedobacter_sp._Q8-18
6400,Pedobacter_heparinus
6401,Pedobacter_endophyticus
6402,Pedobacter_steynii
6403,Pedobacter_schmidteae
6404,Pedobacter_roseus
6405,Pedobacter_cryoconitis
6406,Pedobacter_suwonensis
6407,Pedobacter_ginsengisoli
6408,Pedobacter_aquae
6409,Sphingobacterium_sp._DR205
6410,Sphingobacterium_sp._CZ-2
6411,Sphingobacterium_sp._UDSM-2020
6412,Sphingobacterium_sp._PCS056
6413,Sphingobacterium_sp._dk4302
6414,Sphingobacterium_sp._SRCM116780
6415,Sphingobacterium_sp._ML3W
6416,Sphingobacterium_sp._G1-14
6417,Sphingobacterium_spiritivorum
6418,Sphingobacterium_thalpophilum
6419,Sphingobacterium_lactis
6420,Sphingobacterium_hotanense
6421,Sphingobacterium_psychroaquaticum
6422,Sphingobacterium_mizutaii
6423,Sphingobacterium_multivorum
6424,Sphingobacterium_daejeonense
6425,Sphingobacterium_paramultivorum
6426,Sphingobacterium_siyangense
6427,Anseongella_ginsenosidimutans
6428,Olivibacter_sp._LS-1
6429,Olivibacter_sp._SDN3
6430,Solitalea_canadensis
6431,Solitalea_sp._S2-8
6432,Pseudopedobacter_saltans
6433,Haliscomenobacter_hydrossis
6434,Saprospira_grandis
6435,Candidatus_Sulfidibacterium_hydrothermale
6436,Chlorobaculum_limnaeum
6437,Chlorobaculum_tepidum
6438,Chlorobaculum_parvum
6439,Pelodictyon_luteolum
6440,Pelodictyon_phaeoclathratiforme
6441,Chlorobium_limicola
6442,Chlorobium_phaeobacteroides
6443,Chlorobium_phaeovibrioides
6444,Prosthecochloris_sp._GSB1
6445,Prosthecochloris_sp._CIB_2401
6446,Prosthecochloris_sp._HL-130-GSB
6447,Prosthecochloris_aestuarii
6448,Chloroherpeton_thalassium
6449,Candidatus_Cyclonatronum_proteinivorum
6450,Melioribacter_roseus
6451,Ignavibacterium_album
6452,Gemmatirosa_kalamazoonesis
6453,Gemmatimonas_groenlandica
6454,Gemmatimonas_aurantiaca
6455,Gemmatimonas_phototrophica
6456,Fibrobacter_succinogenes
6457,Candidatus_Cloacimonas_acidaminovorans
6458,Luteitalea_sp._TBR-22
6459,Luteitalea_pratensis
6460,Granulicella_sp._WH15
6461,Granulicella_sp._5B5
6462,Granulicella_mallensis
6463,Granulicella_tundricola
6464,Terriglobus_roseus
6465,Terriglobus_albidus
6466,Terriglobus_saanensis
6467,Acidobacterium_capsulatum
6468,Acidobacterium_sp._4Y35
6469,Candidatus_Koribacter_versatilis
6470,Edaphobacter_sp._12200R-103
6471,Edaphobacter_sp._4G125
6472,Acidisarcina_polymorpha
6473,Paludibaculum_fermentans
6474,Chloracidobacterium_aggregatum
6475,Chloracidobacterium_validum
6476,Chloracidobacterium_sp._D
6477,Chloracidobacterium_thermophilum
6478,Sulfidibacter_corallicola
6479,Thermotomaculum_hydrothermale
6480,Nitrospira_moscoviensis
6481,Nitrospira_japonica
6482,Nitrospira_sp._KM1
6483,Candidatus_Nitrospira_inopinata
6484,Leptospirillum_ferrooxidans
6485,Leptospirillum_ferriphilum
6486,Leptospirillum_sp._Group_II_'CF-1'
6487,Dissulfurispira_thermophila
6488,Thermodesulfovibrio_yellowstonii
6489,Treponema_brennaborense
6490,Treponema_azotonutricium
6491,Treponema_primitia
6492,Treponema_sp._Marseille-Q4132
6493,Treponema_sp._OMZ_838
6494,Treponema_socranskii
6495,Treponema_succinifaciens
6496,Treponema_caldarium
6497,Treponema_parvum
6498,Treponema_vincentii
6499,Treponema_phagedenis
6500,Treponema_denticola
6501,Treponema_medium
6502,Treponema_peruense
6503,Treponema_pedis
6504,Spirochaeta_thermophila
6505,Spirochaeta_africana
6506,Salinispira_pacifica
6507,Sediminispirochaeta_smaragdinae
6508,Oceanispirochaeta_crateris
6509,Thiospirochaeta_perfilievii
6510,Sphaerochaeta_associata
6511,Sphaerochaeta_coccoides
6512,Sphaerochaeta_globosa
6513,Sphaerochaeta_pleomorpha
6514,Breznakiella_homolactica
6515,Borrelia_miyamotoi
6516,Borrelia_hermsii
6517,Leptospira_kmetyi
6518,Leptospira_santarosai
6519,Leptospira_weilii
6520,Leptospira_noguchii
6521,Leptospira_tipperaryensis
6522,Leptospira_mayottensis
6523,Leptospira_kobayashii
6524,Leptospira_biflexa
6525,Leptospira_borgpetersenii
6526,Leptospira_interrogans
6527,Turneriella_parva
6528,Pyramidobacter_piscolens
6529,Aminomonas_paucivorans
6530,Fretibacterium_fastidiosum
6531,Cloacibacillus_porcorum
6532,Thermanaerovibrio_acidaminovorans
6533,Thermanaerovibrio_velox
6534,Jonquetella_anthropi
6535,Acetomicrobium_mobile
6536,Aminobacterium_colombiense
6537,Thermovirga_lienii
6538,Candidatus_Bipolaricaulis_anaerobius
6539,Candidatus_Nanosynbacter_featherlites
6540,Nanosynbacter_sp._HMT-352
6541,Candidatus_Nanosynbacter_lyticus
6542,Candidatus_Nanosynbacter_sp._HMT352
6543,Candidatus_Saccharimonas_aalborgensis
6544,Candidatus_Minimicrobia_vallesae
6545,Candidatus_Babela_massiliensis
6546,Candidatus_Chazhemtobacterium_aquaticus
6547,Candidatus_Absconditicoccus_praedator
6548,Thermotoga_caldifontis
6549,Thermotoga_profunda
6550,Pseudothermotoga_hypogea
6551,Pseudothermotoga_thermarum
6552,Thermosipho_ferrireducens
6553,Fervidobacterium_pennivorans
6554,Fervidobacterium_nodosum
6555,Mesotoga_infera
6556,Mesotoga_prima
6557,Kosmotoga_olearia
6558,Kosmotoga_pacifica
6559,Defluviitoga_tunisiensis
6560,Petrotoga_mobilis
6561,Tepiditoga_spiralis
6562,Athalassotoga_saccharophila
6563,Thermocrinis_minervae
6564,Thermocrinis_ruber
6565,Thermocrinis_albus
6566,Hydrogenobacter_sp._T-8
6567,Hydrogenobacter_thermophilus
6568,Aquifex_aeolicus
6569,Sulfurihydrogenibium_azorense
6570,Persephonella_marina
6571,Thermosulfidibacter_takaii
6572,Thermovibrio_ammonificans
6573,Desulfurobacterium_thermolithotrophum
6574,Thermosulfurimonas_marina
6575,Thermosulfuriphilus_ammonigenes
6576,Thermodesulfatator_indicus
6577,Thermodesulfobacterium_geofontis
6578,Thermodesulfobacterium_sp._TA1
6579,Thermodesulfobacterium_commune
6580,Caldimicrobium_thiodismutans
6581,Caldithrix_abyssi
6582,Geovibrio_thiophilus
6583,Flexistipes_sinusarabici
6584,Mucispirillum_schaedleri
6585,Calditerrivibrio_nitroreducens
6586,Deferribacter_desulfuricans
6587,Denitrovibrio_acetiphilus
6588,Fusobacterium_nucleatum
6589,Fusobacterium_necrophorum
6590,Fusobacterium_ulcerans
6591,Fusobacterium_sp._NSJ-57
6592,Fusobacterium_gastrosuis
6593,Cetobacterium_somerae
6594,Ilyobacter_polytropus
6595,Leptotrichia_sp._oral_taxon_212
6596,Leptotrichia_trevisanii
6597,Sebaldella_termitidis
6598,Pseudoleptotrichia_goodfellowii
6599,Desulfurispirillum_indicum
6600,Elusimicrobium_minutum
6601,Endomicrobium_proavitum
6602,Candidatus_Endomicrobium_trichonymphae
6603,Caldisericum_exile
6604,Coprothermobacter_proteolyticus
6605,Dictyoglomus_thermophilum
6606,Atribacter_laminatus
6607,Fusarium_acuminatum
6608,Fusarium_avenaceum
6609,Fusarium_oxysporum
6610,Fusarium_sambucinum
6611,Fusarium_poae
6612,Fusarium_longipes
6613,Fusarium_sporotrichioides
6614,Fusarium_pseudograminearum
6615,Fusarium_venenatum
6616,Fusarium_graminearum
6617,Fusarium_culmorum
6618,Fusarium_decemcellulare
6619,Fusarium_nygamai
6620,Fusarium_fujikuroi
6621,Fusarium_pseudonygamai
6622,Fusarium_thapsinum
6623,Fusarium_verticillioides
6624,Fusarium_lateritium
6625,Fusarium_dimerum
6626,Fusarium_heterosporum
6627,Fusarium_graminum
6628,Fusarium_scirpi
6629,Fusarium_equiseti
6630,Fusarium_nelsonii
6631,Fusarium_chlamydosporum
6632,Fusarium_musae
6633,Metarhizium_guizhouense
6634,Metarhizium_album
6635,Metarhizium_rileyi
6636,Metarhizium_acridum
6637,Metarhizium_anisopliae
6638,Metarhizium_majus
6639,Metarhizium_humberi
6640,Metarhizium_brunneum
6641,Metarhizium_robertsii
6642,Ustilaginoidea_virens
6643,Pochonia_chlamydosporia
6644,Trichoderma_reesei
6645,Trichoderma_citrinoviride
6646,Trichoderma_erinaceum
6647,Trichoderma_pleuroti
6648,Trichoderma_atroviride
6649,Trichoderma_hamatum
6650,Trichoderma_asperellum
6651,Trichoderma_afroharzianum
6652,Trichoderma_koningiopsis
6653,Trichoderma_gamsii
6654,Trichoderma_harzianum
6655,Trichoderma_virens
6656,Trichoderma_longibrachiatum
6657,Trichoderma_koningii
6658,Trichoderma_viride
6659,Beauveria_felina
6660,Beauveria_pseudobassiana
6661,Beauveria_brongniartii
6662,Beauveria_rudraprayagi
6663,Beauveria_bassiana
6664,Cordyceps_fumosorosea
6665,Purpureocillium_lilacinum
6666,Drechmeria_coniospora
6667,Clonostachys_rosea
6668,Colletotrichum_higginsianum
6669,Thermothelomyces_thermophilus
6670,Thermothielavioides_terrestris
6671,Neurospora_crassa
6672,Pyricularia_oryzae
6673,Pyricularia_pennisetigena
6674,Pyricularia_grisea
6675,Neopestalotiopsis_clavispora
6676,Neopestalotiopsis_rosae
6677,Botrytis_cinerea
6678,Aspergillus_luchuensis
6679,Aspergillus_oryzae
6680,Aspergillus_flavus
6681,Aspergillus_chevalieri
6682,Aspergillus_puulaauensis
6683,Aspergillus_fumigatus
6684,Penicillium_citrinum
6685,Penicillium_chrysogenum
6686,Penicillium_aurantiogriseum
6687,Penicillium_expansum
6688,Penicillium_italicum
6689,Penicillium_digitatum
6690,Paecilomyces_variotii
6691,Paecilomyces_niveus
6692,Talaromyces_rugulosus
6693,Ampelomyces_quisqualis
6694,Paraphaeosphaeria_minitans
6695,Zymoseptoria_tritici
6696,Cercospora_beticola
6697,Eremothecium_gossypii
6698,Eremothecium_cymbalariae
6699,Eremothecium_sinecaudum
6700,Naumovozyma_castellii
6701,Naumovozyma_dairenensis
6702,Lachancea_thermotolerans
6703,Kazachstania_naganishii
6704,Kazachstania_africana
6705,Saccharomyces_eubayanus
6706,Saccharomyces_paradoxus
6707,Saccharomyces_cerevisiae
6708,Tetrapisispora_phaffii
6709,Tetrapisispora_blattae
6710,Kluyveromyces_marxianus
6711,Kluyveromyces_lactis
6712,[Candida]_glabrata
6713,Torulaspora_globosa
6714,Torulaspora_delbrueckii
6715,Zygosaccharomyces_rouxii
6716,Zygotorulaspora_mrakii
6717,Candida_dubliniensis
6718,Candida_albicans
6719,Candida_orthopsilosis
6720,Scheffersomyces_stipitis
6721,Debaryomyces_hansenii
6722,Brettanomyces_nanus
6723,Brettanomyces_bruxellensis
6724,Ogataea_parapolymorpha
6725,Pichia_kudriavzevii
6726,Yarrowia_lipolytica
6727,Sugiyamaella_lignohabitans
6728,Komagataella_phaffii
6729,Saccharomycodes_ludwigii
6730,Schizosaccharomyces_pombe
6731,Pseudozyma_flocculosa
6732,Ustilago_maydis
6733,Sporisorium_graminicola
6734,Malassezia_restricta
6735,Phlebiopsis_gigantea
6736,Rhizoctonia_solani
6737,Marasmius_oreades
6738,Cryptococcus_neoformans
6739,Cryptococcus_gattii_VGI
6740,Encephalitozoon_cuniculi
6741,Phytophthora_cryptogea
6742,Phytophthora_cinnamomi
6743,Phytophthora_fragariae
6744,Phytophthora_infestans
6745,Phytophthora_cactorum
6746,Phytophthora_boehmeriae
6747,Phytophthora_parasitica
6748,Pythium_aphanidermatum
6749,Rhizobium_sp._N113
6750,Bartonella_schoenbuchensis
6751,Anaplasma_centrale
6752,Wolbachia_endosymbiont_of_Ctenocephalides_felis_wCfeT
6753,Candidatus_Pelagibacter_giovannonii
6754,blood_disease_bacterium_A2-HR_MARDI
6755,Candidatus_Kinetoplastibacterium_crithidii
6756,Leclercia_sp._Colony189
6757,Blochmannia_endosymbiont_of_Camponotus_nipponensis
6758,Candidatus_Blochmannia_vicinus
6759,Enterobacteriaceae_endosymbiont_of_Donacia_cincticornis
6760,Edwardsiella_sp._EA181011
6761,Candidatus_Arsenophonus_lipoptenae
6762,Aeromonas_sp._FDAARGOS_1418
6763,Shewanella_frigidimarina
6764,Alteromonas_sp._MB-3u-76
6765,Alteromonas_stellipolaris
6766,Pseudoalteromonas_sp._A22
6767,Pseudoalteromonas_sp._DL-6
6768,Vibrio_sp._dhg
6769,Vibrio_qinghaiensis
6770,Acinetobacter_sp._C16S1
6771,Acinetobacter_equi
6772,Francisella_halioticida
6773,[Haemophilus]_ducreyi
6774,Actinobacillus_equuli
6775,Actinobacillus_suis
6776,Campylobacter_corcagiensis
6777,Campylobacter_helveticus
6778,Streptomyces_sviceus
6779,Microbacterium_sp._KUDC0405
6780,Bacillus_sp._WP8
6781,Bacillus_spizizenii
6782,Bacillus_haynesii
6783,Paenibacillus_sp._S02
6784,Staphylococcus_lugdunensis
6785,Staphylococcus_auricularis
6786,Staphylococcus_kloosii
6787,Mammaliicoccus_vitulinus
6788,Gemella_haemolysans
6789,Limosilactobacillus_gastricus
6790,Lactobacillus_acetotolerans
6791,Lactobacillus_iners
6792,Lactobacillus_crispatus
6793,Lactobacillus_kefiranofaciens
6794,Weissella_koreensis
6795,Leuconostoc_pseudomesenteroides
6796,Leuconostoc_carnosum
6797,Ligilactobacillus_saerimneri
6798,Oenococcus_sicerae
6799,Oenococcus_sp._UCMA_16435
6800,Lentilactobacillus_curieae
6801,Companilactobacillus_allii
6802,Companilactobacillus_crustorum
6803,Streptococcus_gallolyticus
6804,Streptococcus_acidominimus
6805,Lactococcus_allomyrinae
6806,Aerococcus_urinaeequi
6807,Clostridium_sp._001
6808,Clostridium_scatologenes
6809,Clostridium_diolis
6810,Sarcina_sp._JB2
6811,Coprococcus_sp._ART55/1
6812,Peptacetobacter_hiranonis
6813,Vallitalea_guaymasensis
6814,Caldicellulosiruptor_saccharolyticus
6815,Thermoanaerobacterium_xylanolyticum
6816,Halanaerobium_hydrogeniformans
6817,Erysipelothrix_sp._HDW6B
6818,Turicibacter_sp._TJ11
6819,Synechococcus_sp._PCC_7002
6820,Nostoc_sp._PCC_7120_=_FACHB-418
6821,Limnospira_indica
6822,Mycoplasma_phocoenae
6823,Haploplasma_axanthum
6824,Spiroplasma_litorale
6825,Malacoplasma_iowae
6826,Polaribacter_sp._SA4-12
6827,Cellulophaga_sp._L1A9
6828,Treponema_putidum
6829,Borrelia_coriaceae
6830,Thermotoga_sp._2812B
6831,Fusobacterium_gonidiaformans
6832,Bacillus_aerophilus
6833,Bacillus_inaquosorum
6834,Bacillus_sp._3a
6835,Bacillus_sp._PDNC022
6836,Bacillus_sp._MBGLi79
6837,Bacillus_sp._JNUCC-24
6838,Bacillus_sp._JS
6839,Bacillus_sp._ZJS3
6840,Bacillus_sp._ms-22
6841,Anoxybacillus_gonensis
6842,Staphylococcus_piscifermentans
6843,Lactobacillus_johnsonii
6844,Streptococcus_agalactiae
6845,Streptococcus_porcinus
6846,Vagococcus_coleopterorum
6847,Granulicatella_elegans
6848,[Clostridium]_colinum
6849,Miniphocaeibacter_halophilus
6850,Commensalibacter_sp._AMU001
6851,Wolbachia_endosymbiont_of_Oedothorax_gibbosus
6852,Rickettsia_amblyommatis
6853,Delftia_sp._WY8
6854,Pseudomonas_sp._LTGT-11-2Z
6855,Serratia_sp._JSRIV004
6856,Pseudoalteromonas_donghaensis
6857,Acinetobacter_sp._F9
6858,endosymbiont_of_Sipalinus_gigas
6859,Francisella_uliginis
6860,Gilliamella_sp._ESL0441
6861,Campylobacter_lanienae
6862,Dokdonia_sp._Dokd-P16
6863,Wolbachia_pipientis
6864,Neorickettsia_helminthoeca
6865,Candidatus_Kinetoplastibacterium_desouzaii
6866,Proteus_terrae
6867,Aeromonas_sp._ASNIH7
6868,Shewanella_polaris
6869,Moritella_sp._5
6870,Acinetobacter_sp._YH12138
6871,Acinetobacter_sp._SH20PTE14
6872,Psychrobacter_sp._KH172YL61
6873,Candidatus_Azoamicus_ciliaticola
6874,Mannheimia_bovis
6875,Avibacterium_sp._21-595
6876,Bisgaardia_hudsonensis
6877,Helicobacter_enhydrae
6878,Halarcobacter_bivalviorum
6879,Streptomyces_violascens
6880,Staphylococcus_sp._MI_10-1553
6881,Staphylococcus_roterodami
6882,Weissella_jogaejeotgali
6883,Weissella_viridescens
6884,Streptococcus_sp._oral_taxon_061
6885,Streptococcus_sp._Marseille-Q3533
6886,Streptococcus_iniae
6887,Mogibacterium_diversum
6888,Candidatus_Arthromitus_sp._SFB-rat-Yit
6889,Cellulosilyticum_lentocellum
6890,Mycoplasma_sp._Pen4
6891,Mycoplasma_mycoides
6892,Chlamydia_sp._2742-308
6893,Myroides_sp._ZB35
6894,Elizabethkingia_sp._M8
6895,Borrelia_sp._HM
6896,Brachyspira_pilosicoli
6897,Thermotoga_maritima
6898,Fusobacterium_mortiferum
6899,Brucella_ceti
6900,Bartonella_tribocorum
6901,Rickettsia_australis
6902,Candidatus_Kinetoplastibacterium_galatii
6903,Pseudomonas_sp._KUIN-1
6904,Candidatus_Profftia_lariciata
6905,Serratia_sp._HRI
6906,Shewanella_sp._MEBiC00475
6907,Pseudoalteromonas_sp._KAN5
6908,Pseudoalteromonas_tetraodonis
6909,Psychrobacter_sp._AntiMn-1
6910,Psychrobacter_sp._YP14
6911,Campylobacter_canadensis
6912,Campylobacter_iguaniorum
6913,Helicobacter_winghamensis
6914,Arcobacter_venerupis
6915,Streptomyces_sp._HNM0561
6916,Rhodococcus_sp._C1
6917,Gardnerella_piotii
6918,Staphylococcus_debuckii
6919,Mammaliicoccus_stepanovicii
6920,Limosilactobacillus_frumenti
6921,Leuconostoc_gelidum
6922,Leuconostoc_citreum
6923,Companilactobacillus_zhachilii
6924,Lactococcus_protaetiae
6925,Aerococcus_viridans
6926,Carnobacterium_sp._17-4
6927,Fenollaria_sp._EMRHCC_24
6928,Synechocystis_sp._PCC_7338
6929,Mycoplasma_miroungigenitalium
6930,Mycoplasma_haemofelis
6931,Candidatus_Phytoplasma_solani
6932,Candidatus_Phytoplasma_ziziphi
6933,Mariniplasma_anaerobium
6934,Chlamydia_avium
6935,Chlamydia_muridarum
6936,Polaribacter_reichenbachii
6937,Dokdonia_sp._MED134
6938,Treponema_pallidum
6939,Fusobacterium_canifelinum
6940,Leptotrichia_shahii
6941,Leptotrichia_wadei
6942,Leptotrichia_buccalis
6943,Leptotrichia_hofstadii
6944,Streptobacillus_moniliformis
6945,Bacillus_sp._BD59S
6946,[Bacillus]_caldolyticus
6947,Aneurinibacillus_thermoaerophilus
6948,Planococcus_kocurii
6949,Staphylococcus_lloydii
6950,Lactobacillus_kullabergensis
6951,Streptococcus_troglodytae
6952,Vagococcus_xieshaowenii
6953,Mesomycoplasma_neurolyticum
6954,Pseudomonas_sp._FDAARGOS_761
6955,Enterobacter_sp._RHBSTW-00593
6956,Vibrio_sp._ED002
6957,Mannheimia_ovis
6958,Polaribacter_sp._KT25b
6959,Psychroserpens_sp._NJDZ02
6960,Fusobacterium_hwasookii
6961,Actinoplanes_sp._SE50/110
6962,Gemella_sp._zg-570
6963,Streptococcus_urinalis
6964,Fenollaria_massiliensis
6965,Veillonella_dispar
6966,Microcystis_viridis
6967,Metamycoplasma_orale
6968,Vitreoscilla_sp._C1
6969,Klebsiella_sp._CTHL.F3a
6970,Shewanella_sp._LZH-2
6971,Borrelia_puertoricensis
6972,Thermotoga_sp._RQ7
6973,Thermotoga_petrophila
6974,Wolbachia_endosymbiont_of_Cimex_lectularius
6975,Rickettsia_montanensis
6976,Enterobacter_sp._HK169
6977,Citrobacter_sp._Colony219
6978,Shewanella_sp._FDAARGOS_354
6979,Pseudoalteromonas_sp._1_2015MBL_MicDiv
6980,Avibacterium_sp._20-132
6981,Otariodibacter_oris
6982,Candidatus_Sulfurimonas_baltica
6983,Bacillus_sp._PGP15
6984,Bacillus_sp._N5-665
6985,Bacillus_sp._LJBV19
6986,Staphylococcus_equorum
6987,Lactobacillus_helveticus
6988,Lactobacillus_acidophilus
6989,Vagococcus_sp._CY52-2
6990,Vagococcus_teuberi
6991,Mycoplasma_sp._1654_15
6992,Mycoplasmopsis_agalactiae
6993,Flavobacterium_sp._GENT11
6994,Chryseobacterium_sp._JV274
6995,Brachyspira_hampsonii
6996,Brachyspira_hyodysenteriae
6997,secondary_endosymbiont_of_Trabutina_mannipara
6998,Serratia_sp._SSNIH1
6999,Halarcobacter_anaerophilus
7000,Curtobacterium_sp._csp3
7001,Bacillus_albus
7002,Streptococcus_pseudoporcinus
7003,Mycoplasmopsis_canis
7004,Rickettsia_helvetica
7005,Candidatus_Profftella_armatura
7006,Enterobacteriaceae_endosymbiont_of_Donacia_tomentosa
7007,Shewanella_japonica
7008,Pseudoalteromonas_undina
7009,Moritella_sp._36
7010,Acinetobacter_sp._NyZ410
7011,Acinetobacter_sp._ACNIH2
7012,Acinetobacter_sp._PK01
7013,Campylobacter_sputorum
7014,Arcobacter_defluvii
7015,Arcobacter_aquimarinus
7016,Bacillus_sp._N447-1
7017,Paenibacillus_sp._37
7018,Gemella_morbillorum
7019,Gemella_sanguinis
7020,Streptococcus_sp._LPB0220
7021,Streptococcus_sp._oral_taxon_431
7022,Streptococcus_parauberis
7023,Lactococcus_piscium
7024,Lactococcus_taiwanensis
7025,Thermosipho_africanus
7026,Serratia_sp._JSRIV001
7027,Dickeya_sp._Secpp_1600
7028,Malaciobacter_mytili
7029,Staphylococcus_warneri
7030,Caldicellulosiruptor_bescii
7031,Thermosipho_melanesiensis
7032,Rhizobium_sp._BG6
7033,Acetobacter_sp._JWB
7034,Candidatus_Wolbachia_massiliensis
7035,Pseudomonas_sp._JS425
7036,Klebsiella_sp._WP3-W18-ESBL-02
7037,Enterobacter_cloacae_complex_sp._ECL414
7038,Citrobacter_sp._RHB35-C17
7039,Citrobacter_sp._CRE-46
7040,Pseudoalteromonas_sp._LC2018020214
7041,Acinetobacter_sp._Tol_5
7042,Candidatus_Ruthia_magnifica
7043,Basfia_succiniciproducens
7044,Francisella_sp._LA112445
7045,Sulfurimonas_denitrificans
7046,Helicobacter_hepaticus
7047,Helicobacter_cholecystus
7048,Aliarcobacter_lanthieri
7049,Arcobacter_suis
7050,Paenibacillus_sp._S25
7051,Weissella_diestrammenae
7052,Companilactobacillus_paralimentarius
7053,Streptococcus_sp._A12
7054,Streptococcus_canis
7055,Thermoanaerobacter_wiegelii
7056,Erysipelothrix_inopinata
7057,Trichormus_variabilis
7058,Prochlorococcus_sp._MIT_0604
7059,Mycoplasmopsis_pulmonis
7060,Mycoplasmopsis_cynos
7061,Chlamydia_abortus
7062,Capnocytophaga_sp._oral_taxon_864
7063,Cellulophaga_sp._HaHa_2_1
7064,Borrelia_turicatae
7065,Fusobacterium_pseudoperiodonticum
7066,Wolbachia_endosymbiont_of_Litomosoides_sigmodontis
7067,Rickettsia_prowazekii
7068,Candidatus_Pelagibacter_ubique
7069,Candidatus_Profftia_sp._(ex_Adelges_kitamiensis)
7070,Yersinia_bercovieri
7071,Pseudoalteromonas_sp._Xi13
7072,Pseudoalteromonas_distincta
7073,Candidatus_Vesicomyosocius_okutanii
7074,endosymbiont_of_Pachyrhynchus_infernalis
7075,Francisella_hispaniensis
7076,Haemophilus_sp._oral_taxon_036
7077,Aggregatibacter_sp._oral_taxon_513
7078,[Mannheimia]_succiniciproducens
7079,Arcobacter_cloacae
7080,Arcobacter_nitrofigilis
7081,Poseidonibacter_lekithochrous
7082,Sulfurospirillum_sp._JPD-1
7083,Companilactobacillus_ginsenosidimutans
7084,Apilactobacillus_bombintestini
7085,Fructilactobacillus_lindneri
7086,Candidatus_Phytoplasma_mali
7087,Capnocytophaga_sp._H4358
7088,Polaribacter_sp._L12M9
7089,Polaribacter_sp._BM10
7090,Myroides_odoratimimus
7091,Myroides_profundi
7092,Olleya_sp._HaHaR_3_96
7093,Dictyoglomus_turgidum
7094,Enterobacter_cloacae_complex_sp._ECL405
7095,Aliarcobacter_cibarius
7096,Bacillus_sp._SYJ
7097,Lysinibacillus_sp._GJ-1
7098,Lysinibacillus_varians
7099,Staphylococcus_sp._11-B-312
7100,Staphylococcus_sp._T93
7101,Macrococcus_bohemicus
7102,Jeotgalibaca_sp._PTS2502
7103,Erysipelotrichaceae_bacterium_BP52G
7104,Vibrio_sp._2521-89
7105,Acinetobacter_septicus
7106,Acinetobacter_oleivorans
7107,Cycloclasticus_zancles
7108,Lactobacillus_ultunensis
7109,Lactobacillus_gallinarum
7110,Lactobacillus_gasseri
7111,Mesomycoplasma_mobile
7112,Nonlabens_sp._MIC269
7113,Olleya_sp._Bg11-27
7114,Sphingobacterium_sp._B29
7115,Malaciobacter_molluscorum
7116,Bartonella_sp._1-1C
7117,Commensalibacter_sp._ESL0284
7118,Wolbachia_endosymbiont_of_Dirofilaria_(Dirofilaria)_immitis
7119,Rickettsia_monacensis
7120,Lysobacter_caseinilyticus
7121,Klebsiella_sp._BDA134-6
7122,Shewanella_sp._WPAGA9
7123,Pseudoalteromonas_sp._PS1M3
7124,Acinetobacter_sp._AHP123
7125,Acinetobacter_lactucae
7126,Cycloclasticus_sp._P1
7127,Candidatus_Sulfurimonas_marisnigri
7128,Helicobacter_canadensis
7129,Malaciobacter_marinus
7130,Bacillus_sp._PAMC26543
7131,Weissella_hellenica
7132,Companilactobacillus_heilongjiangensis
7133,Streptococcus_sp._zg-86
7134,Streptococcus_lactarius
7135,Enterococcus_gallinarum
7136,Thermoanaerobacter_italicus
7137,Caldicellulosiruptor_owensensis
7138,Dialister_massiliensis
7139,Veillonella_atypica
7140,Mycoplasma_miroungirhinis
7141,Candidatus_Phytoplasma_luffae
7142,Apibacter_sp._ESL0404
7143,Fusobacterium_varium
7144,Leptotrichia_sp._oral_taxon_221
7145,Leptotrichia_sp._oral_taxon_847
7146,Rhizobium_sp._S41
7147,Rhizobium_grahamii
7148,Brucella_canis
7149,Brucella_microti
7150,Bartonella_elizabethae
7151,Rickettsia_rhipicephali
7152,Rickettsia_massiliae
7153,Wolbachia_endosymbiont_of_Dipetalonema_caudispina
7154,Wolbachia_endosymbiont_of_Trichogramma_pretiosum
7155,Wolbachia_endosymbiont_of_Diaphorina_citri
7156,Ehrlichia_chaffeensis
7157,Ehrlichia_muris
7158,Ehrlichia_sp._HF
7159,Neorickettsia_sennetsu
7160,Neorickettsia_risticii
7161,Polaromonas_sp._SP1
7162,Vitreoscilla_stercoraria
7163,Candidatus_Profftella_armatura_(Diaphorina_cf._continua)
7164,Stenotrophomonas_sp._KCTC_12332
7165,Stenotrophomonas_pavanii
7166,Citrobacter_freundii_complex_sp._CFNIH9
7167,Citrobacter_sp._CFNIH10
7168,Citrobacter_sp._FDAARGOS_156
7169,Candidatus_Blochmannia_ocreatus
7170,Candidatus_Blochmannia_vafer
7171,Candidatus_Annandia_pinicola
7172,Enterobacteriaceae_endosymbiont_of_Donacia_provostii
7173,Enterobacteriaceae_endosymbiont_of_Donacia_proxima
7174,Enterobacteriaceae_endosymbiont_of_Donacia_sparganii
7175,Enterobacteriaceae_endosymbiont_of_Plateumaris_braccata
7176,Enterobacteriaceae_endosymbiont_of_Plateumaris_pusilla
7177,Enterobacteriaceae_endosymbiont_of_Donacia_marginata
7178,Enterobacteriaceae_endosymbiont_of_Donacia_vulgaris
7179,Enterobacteriaceae_endosymbiont_of_Plateumaris_consimilis
7180,Enterobacteriaceae_endosymbiont_of_Donacia_thalassina
7181,Candidatus_Riesia_pediculicola
7182,Serratia_sp._LS-1
7183,Yersinia_sp._KBS0713
7184,Pantoea_eucrina
7185,Proteus_columbae
7186,Proteus_sp._ZN5
7187,Shewanella_sp._W3-18-1
7188,Shewanella_sp._LC6
7189,Pseudoalteromonas_sp._CF6-2
7190,Pseudoalteromonas_sp._A41-2
7191,Pseudoalteromonas_sp._3J6
7192,Pseudoalteromonas_sp._APM04
7193,Pseudoalteromonas_sp._NC201
7194,Pseudoalteromonas_sp._MT33b
7195,Pseudoalteromonas_sp._M8
7196,Pseudoalteromonas_sp._Bsw20308
7197,Pseudoalteromonas_sp._SiA1
7198,Pseudoalteromonas_marina
7199,Pseudoalteromonas_lipolytica
7200,Pseudoalteromonas_atlantica
7201,Vibrio_antiquarius
7202,Vibrio_sp._B1ASS3
7203,Vibrio_sp._EJY3
7204,Acinetobacter_sp._Colony158
7205,Acinetobacter_sp._WY4
7206,Acinetobacter_sp._ACNIH1
7207,Acinetobacter_sp._AS23
7208,Acinetobacter_sp._MYb10
7209,Acinetobacter_sp._NEB_394
7210,Acinetobacter_sp._FDAARGOS_724
7211,Cycloclasticus_sp._PY97N
7212,Francisella_sp._Scap27
7213,Francisella_adeliensis
7214,Francisella_orientalis
7215,Allofrancisella_inopinata
7216,Allofrancisella_frigidaquae
7217,Haemophilus_aegyptius
7218,Candidatus_Nardonella_dryophthoridicola
7219,Campylobacter_sp._RM10537
7220,Campylobacter_sp._RM12651
7221,Campylobacter_sp._RM16704
7222,Campylobacter_sp._RM6137
7223,Campylobacter_avium
7224,Campylobacter_peloridis
7225,Campylobacter_volucris
7226,Campylobacter_novaezeelandiae
7227,Campylobacter_insulaenigrae
7228,Campylobacter_hepaticus
7229,Campylobacter_armoricus
7230,Campylobacter_ornithocola
7231,Campylobacter_subantarcticus
7232,Helicobacter_apodemus
7233,Sulfurimonas_xiamenensis
7234,Sulfurimonas_sediminis
7235,Aliarcobacter_skirrowii
7236,Aliarcobacter_trophiarum
7237,Aliarcobacter_faecis
7238,Aliarcobacter_thereius
7239,[Arcobacter]_porcinus
7240,Arcobacter_peruensis
7241,Arcobacter_ellisii
7242,Malaciobacter_pacificus
7243,Malaciobacter_canalis
7244,Halarcobacter_ebronensis
7245,Bacillus_sp._LJBS06
7246,Bacillus_sp._COPE52
7247,Bacillus_sp._PM8313
7248,Bacillus_sp._LJBS17
7249,Bacillus_sp._CRB-7
7250,Bacillus_sp._FDAARGOS_235
7251,Bacillus_sp._JAS24-2
7252,Bacillus_sp._HBCD-sjtu
7253,Bacillus_tropicus
7254,Bacillus_mobilis
7255,Paenibacillus_sp._DR312
7256,Aneurinibacillus_sp._XH2
7257,Staphylococcus_schweitzeri
7258,Staphylococcus_argenteus
7259,Staphylococcus_coagulans
7260,Macrococcus_sp._IME1552
7261,Lactobacillus_helsingborgensis
7262,Lactobacillus_taiwanensis
7263,Lactiplantibacillus_argentoratensis
7264,Companilactobacillus_futsaii
7265,Companilactobacillus_alimentarius
7266,Companilactobacillus_farciminis
7267,Companilactobacillus_pabuli
7268,Fructilactobacillus_sanfranciscensis
7269,Enterococcus_sp._CR-Ec1
7270,Enterococcus_sp._FDAARGOS_375
7271,Enterococcus_lactis
7272,Enterococcus_innesii
7273,Streptococcus_sp._116-D4
7274,Streptococcus_sp._CNU_77-61
7275,Streptococcus_sp._HSISS3
7276,Streptococcus_infantarius
7277,Streptococcus_ruminantium
7278,Streptococcus_ilei
7279,Carnobacterium_sp._CS13
7280,Carnobacterium_sp._CP1
7281,Clostridium_sp._MF28
7282,Clostridium_aurantibutyricum
7283,Clostridium_autoethanogenum
7284,Clostridium_felsineum
7285,Cellulosilyticum_sp._WCF-2
7286,Dehalobacter_sp._DCA
7287,Clostridioides_sp._ES-S-0054-01
7288,Thermoanaerobacter_siderophilus
7289,Caldicellulosiruptor_kronotskyensis
7290,Caldicellulosiruptor_obsidiansis
7291,Veillonella_sp._S12025-13
7292,Veillonella_nakazawae
7293,Anaerococcus_vaginalis
7294,Anaerococcus_obesiensis
7295,Erysipelothrix_rhusiopathiae
7296,Erysipelothrix_piscisicarius
7297,Prochlorococcus_sp._MIT_0801
7298,Limnospira_fusiformis
7299,Mycoplasma_sp._E35C
7300,Mycoplasma_sp._Mirounga_ES2805-ORL
7301,Mycoplasma_sp._Ms02
7302,Mycoplasma_sp._OR1901
7303,Mycoplasma_capricolum
7304,Mycoplasma_anserisalpingitidis
7305,Mycoplasma_gallisepticum
7306,Mycoplasma_wenyonii
7307,Mycoplasma_nasistruthionis
7308,Mycoplasma_yeatsii
7309,Mycoplasma_crocodyli
7310,Mycoplasma_putrefaciens
7311,Mycoplasma_struthionis
7312,Mycoplasmopsis_synoviae
7313,Mycoplasmopsis_gallopavonis
7314,Mycoplasmopsis_bovigenitalium
7315,Mycoplasmopsis_bovirhinis
7316,Mycoplasmopsis_fermentans
7317,Mycoplasmopsis_arginini
7318,Mycoplasmopsis_columbina
7319,Mycoplasmopsis_meleagridis
7320,Mycoplasmopsis_felis
7321,Mycoplasmopsis_gallinacea
7322,Mycoplasmopsis_bovis
7323,Mycoplasmopsis_phocirhinis
7324,Mesomycoplasma_hyopneumoniae
7325,Mesomycoplasma_dispar
7326,Mesomycoplasma_bovoculi
7327,Mesomycoplasma_conjunctivae
7328,Ureaplasma_diversum
7329,Ureaplasma_urealyticum
7330,Spiroplasma_sp._TIUS-1
7331,Spiroplasma_chinense
7332,Spiroplasma_turonicum
7333,Spiroplasma_cantharicola
7334,Spiroplasma_eriocheiris
7335,Spiroplasma_diminutum
7336,Spiroplasma_poulsonii
7337,Spiroplasma_taiwanense
7338,Spiroplasma_kunkelii
7339,Spiroplasma_floricola
7340,Spiroplasma_helicoides
7341,Spiroplasma_alleghenense
7342,Spiroplasma_gladiatoris
7343,Spiroplasma_apis
7344,Mesoplasma_syrphidae
7345,Entomoplasma_freundtii
7346,Entomoplasma_melaleucae
7347,Williamsoniiplasma_luminosum
7348,Candidatus_Phytoplasma_australiense
7349,Metamycoplasma_hominis
7350,Metamycoplasma_hyosynoviae
7351,Metamycoplasma_canadense
7352,Metamycoplasma_alkalescens
7353,Metamycoplasma_salivarium
7354,Chlamydia_sp._No._12
7355,Chlamydia_gallinacea
7356,Chlamydia_psittaci
7357,Chlamydia_serpentis
7358,Chlamydia_felis
7359,Chlamydia_poikilotherma
7360,Chlamydia_caviae
7361,Chlamydiifrater_volucris
7362,Polaribacter_sp._KT_15
7363,Polaribacter_sp._HaHaR_3_91
7364,Capnocytophaga_sp._H2931
7365,Nonlabens_sp._SY33080
7366,Nonlabens_tegetincola
7367,Myroides_sp._A21
7368,Cellulophaga_sp._HaHa_2_95
7369,Elizabethkingia_bruuniana
7370,Apibacter_sp._B3706
7371,Apibacter_sp._B2966
7372,Apibacter_sp._ESL0432
7373,Blattabacterium_sp._(Mastotermes_darwiniensis)
7374,Blattabacterium_sp._(Cryptocercus_kyebangensis)
7375,Blattabacterium_sp._(Nauphoeta_cinerea)
7376,Blattabacterium_sp._(Blattella_germanica)
7377,Blattabacterium_sp._DPU
7378,Blattabacterium_sp._(Blaberus_giganteus)
7379,Blattabacterium_sp._(Blatta_orientalis)
7380,Blattabacterium_punctulatus
7381,Chitinophaga_sp._MD30
7382,Chitinophaga_sp._MD30B
7383,Borrelia_sp._BU_AG58
7384,Borreliella_garinii
7385,Borreliella_bissettiae
7386,Borreliella_valaisiana
7387,Borreliella_afzelii
7388,Brachyspira_intermedia
7389,Brachyspira_murdochii
7390,Thermotoga_naphthophila
7391,Fervidobacterium_changbaicum
7392,Leptotrichia_sp._oral_taxon_218
7393,Leptotrichia_sp._oral_taxon_498
7394,Leptotrichia_hongkongensis
7395,Sneathia_vaginalis
7396,Streptomyces_sp._KY75
7397,Treponema_paraluiscuniculi
7398,Fusobacterium_sp._oral_taxon_203
7399,Enterobacter_sp._RHBSTW-00975
