"","SRR4142418","SRR4141180"
"1404",29182547,2279379
"2800373",7938880,896912
"1386",5044727,104052
"1396",2734318,53308
"1918005",2454676,9617
"1918008",1667589,6552
"450367",1142186,180224
"1675028",1060383,4276
"1428",961935,25403
"2801506",901976,3516
"412384",867231,89230
"2912824",863856,14212
"2500560",746865,3029
"1883",277511,728602
"2783539",667583,2729
"95486",614885,9075
"1890302",458820,79276
"9606",168467,376784
"186817",280068,21162
"374",108682,278417
"2962858",251014,1343
"356",107945,244415
"1405",238348,13072
"2843766",237425,1047
"2094736",230369,923
"1873",60156,219830
"477641",26859,216427
"1917990",214895,790
"1402861",211557,6028
"134536",206873,39385
"248903",198577,4876
"1296654",194719,788
"2926710",189975,4835
"220684",188356,36097
"861299",31749,184781
"44249",169604,17462
"2843793",168007,1019
"1478",165070,23897
"561879",163726,2312
"28056",43448,161695
"60548",156455,105163
"286",54392,149367
"1861",46173,148344
"2884022",41725,143499
"85006",35113,143216
"2865833",72329,135923
"2997333",32977,133345
"196914",29950,133159
"191495",40985,127618
"3052846",24359,120647
"649831",27027,120221
"56438",26688,117513
"715475",16683,115636
"2812560",34157,114435
"2933797",23239,114032
"80840",37670,109206
"86664",104721,8821
"3047874",103154,5354
"155322",100698,3659
"2836373",21876,98258
"13687",23790,96794
"496014",25030,95010
"2742131",26100,92972
"566",92132,688
"28031",91069,739
"3039158",41973,88653
"35754",20485,88479
"34073",23640,88424
"138336",17528,87558
"407",25985,86750
"1762",23763,85752
"1866885",23537,84558
"32008",83345,56637
"33910",15459,83101
"1839",17247,82668
"2949664",23922,82037
"3047875",82017,21633
"2070",24984,81351
"1865",19150,80626
"1385",80481,11960
"41297",24934,79543
"85023",19048,79288
"2060066",79259,1113
"946334",19217,78929
"2851567",13484,78304
"2951806",26505,77588
"3047871",77292,4429
"547",77147,5469
"1483604",9625,76586
"3018446",10973,75652
"56",28743,75334
"85007",20296,74327
"715472",16033,73018
"1813",21180,72047
"674703",25632,71331
"3040509",16052,70918
"2736640",19099,70794
"1866",17617,70151
"1882682",20123,68492
"1406",67862,8448
"1827",19143,66996
"1867",16124,66702
"1408",66302,1500
"2782641",43940,66266
"1586287",23814,65821
"2782665",50946,65603
"1906272",65368,2652
"2026188",65226,2515
"3056648",31345,64971
"35753",15810,64551
"1675029",62864,272
"1071679",10628,62188
"1437360",21870,62012
"122358",14311,61752
"240495",16260,61609
"1969",60271,14315
"2736875",5508,59164
"1137095",58613,2433
"2807101",15840,58576
"113562",14539,57759
"1763",16994,57248
"1397",56998,872
"1918006",56834,226
"283686",56415,896
"1355477",16041,56113
"2932773",11944,54088
"379",21898,53858
"546871",7455,53236
"54571",17678,53017
"33882",13896,52513
"2653851",9662,52371
"624315",52252,50681
"858422",36977,52043
"1392",51242,2041
"260554",50213,983
"546874",6027,49527
"190148",39813,49149
"2712223",9211,48552
"2026191",46684,2135
"374432",6218,46438
"2740529",12162,46366
"1423",46348,1096
"218821",10118,45708
"2062",12423,45703
"2781734",44920,45584
"37331",12416,45073
"208223",44908,4529
"1894999",27082,44771
"1847",11915,44326
"204457",14199,44130
"2026186",43895,1758
"2782662",6772,43216
"119060",17974,43071
"49319",9330,42995
"182640",10172,42625
"1076124",41054,42415
"1076",17846,42108
"371036",41923,8869
"3014784",7949,41550
"940133",4343,41077
"2528023",12232,41013
"41294",17597,40626
"2202825",16718,39777
"2978683",39309,525
"94132",11705,39087
"2745198",39066,3822
"80864",12187,38540
"212767",11650,38059
"860235",31020,37880
"299767",37697,529
"83451",12287,37680
"2675229",37023,5131
"2728827",11082,37004
"2840469",14615,36953
"68287",17513,36779
"2217832",36750,390
"53359",10138,36223
"2781735",8937,36065
"927083",15106,36008
"2802971",18873,35969
"1805953",35452,140
"2792008",9674,35357
"2954771",13777,34918
"477697",34855,31846
"2849501",5879,34851
"2722752",15718,34738
"1855912",15820,34287
"2870346",34168,461
"2802641",7844,33700
"67304",27853,33648
"881260",33421,1274
"64104",33124,1933
"1045317",4839,32377
"36814",9308,32330
"2653852",7789,32252
"1268",5736,32208
"2865832",7400,31494
"29539",11643,31459
"3049772",11667,31442
"284016",9641,31417
"406548",8734,31283
"2840457",6249,31246
"2879617",3907,31243
"1544730",6987,31075
"2527974",8791,30773
"40324",30648,26941
"338584",9389,30299
"2558918",4811,30266
"43",3832,30007
"103733",9441,30006
"3015152",8183,29639
"1824",8820,29635
"1690815",8246,29569
"1404888",9463,29553
"2777983",29465,3027
"106589",11424,29266
"2074",8105,29217
"1327635",7724,29200
"1393",29088,1640
"1918011",28889,111
"386874",4664,28855
"3002436",6808,28787
"562959",28595,1500
"2866810",28557,1606
"2937801",8545,28488
"2937800",8741,28368
"1176646",4530,28280
"1707785",3111,28121
"2778070",6756,28105
"1918722",28038,108
"2928154",28025,769
"2099693",6531,27919
"549",27729,11489
"1918009",27720,97
"1836",8165,27624
"2024580",7802,27557
"196162",5273,27518
"1909395",9441,27454
"191",10055,27096
"2219224",9219,26965
"2979324",744,26845
"1325100",9983,26822
"59893",26723,3137
"48",9477,26564
"580165",26204,1142
"61645",26194,2511
"32033",11541,26044
"47760",10507,25964
"39643",9904,25730
"2675222",7384,25665
"1357915",3921,25562
"47857",7537,25553
"85015",5740,25533
"88688",7779,25510
"354356",5771,25394
"2045",7031,25358
"2053",7486,25356
"68",11462,25348
"439387",5278,25304
"1813879",3610,25267
"1918007",25264,89
"2560334",25201,119
"46165",7888,25199
"2026193",25164,1809
"114616",6888,25154
"47989",6466,25111
"858423",9246,25087
"1938607",7634,24946
"709879",5885,24913
"93944",8813,24897
"715471",5259,24844
"307121",7007,24843
"1274631",14191,24826
"658666",24611,408
"2026187",24384,1078
"1643322",4740,24344
"2849779",9417,24150
"715473",7041,23952
"1798223",5774,23833
"2567896",19231,23638
"1822464",12757,23477
"445576",6353,23473
"1993",7693,23469
"298654",6433,23467
"2807512",7511,23414
"2026189",23383,1540
"3061627",5866,23356
"2995304",9424,23353
"375",7381,23345
"103731",7397,23085
"2813578",6466,23061
"2925318",22947,12822
"34071",8605,22875
"85030",4345,22875
"2886505",22800,2079
"404386",7245,22792
"2726118",22761,7729
"2944128",4389,22750
"433659",4296,22644
"1658665",7539,22575
"2884263",8600,22441
"2005464",22420,2468
"2774151",7706,22364
"285665",5534,22337
"331696",9334,22314
"467976",9220,22180
"2202249",5915,22171
"3015151",6494,22124
"758802",5566,22075
"2745196",13586,21981
"1892855",6916,21951
"47865",5727,21941
"1451",21852,10371
"2981138",7387,21748
"47858",6213,21745
"2897332",6035,21681
"419479",8475,21634
"2789776",8876,21623
"3028804",6570,21595
"83637",8342,21359
"1798224",7566,21351
"2653857",7257,21285
"47872",5488,21175
"1472",21168,1267
"2898149",6636,21096
"2268449",7375,21081
"338",8242,20986
"37326",9381,20771
"722472",8018,20689
"642780",3738,20617
"2917724",5279,20570
"2742128",6608,20558
"43357",6231,20546
"2931390",4801,20529
"3037797",6872,20516
"384",8479,20494
"2763008",4363,20451
"299152",5543,20449
"165695",6733,20305
"3039155",8613,20264
"588673",6078,20262
"2714939",4462,20107
"321984",1487,20060
"2843215",6325,20003
"40323",19591,19973
"2518370",4650,19839
"114",6764,19811
"1223566",14432,19768
"747",6794,19762
"1914461",5085,19759
"363835",3796,19727
"2714944",3121,19674
"2582905",4581,19671
"53362",4784,19663
"1725411",8813,19649
"2894081",4389,19614
"85009",3864,19607
"119045",6329,19596
"1219491",6508,19573
"3039159",6511,19570
"543",19570,9484
"227318",4978,19564
"399",6978,19562
"356852",5618,19544
"270351",5945,19542
"1641402",5343,19541
"2591108",6227,19511
"1141883",4685,19468
"1387353",5649,19412
"2797636",11221,19257
"390989",4870,19253
"1708",5154,19179
"466153",5437,19085
"2001",5586,19054
"222",7427,19051
"2898796",4305,18995
"261654",5137,18924
"41275",6761,18881
"2769491",2631,18862
"2013",5331,18859
"2764186",3486,18821
"255045",6649,18770
"2843216",5836,18760
"1881",5067,18616
"871203",2909,18613
"34072",6056,18557
"1707",4844,18476
"1891675",18418,505
"39691",5452,18396
"1636152",5368,18333
"1794",4884,18333
"165697",6376,18329
"85698",11930,18315
"135735",18309,933
"504468",4825,18308
"659352",5562,18293
"1716",5338,18228
"944492",5814,18228
"115808",6184,18200
"304895",4951,18199
"1162966",2187,18198
"288000",6451,18194
"223967",4954,18190
"357",3507,18144
"2548456",10186,18134
"1411117",5587,18022
"211114",6237,17957
"1804986",5876,17953
"114615",6106,17917
"1984785",17847,66
"2750812",6150,17816
"2782654",5572,17808
"2984843",4235,17790
"1855352",5096,17781
"2760089",4151,17727
"2903901",6539,17702
"2034",4822,17686
"2996826",4015,17682
"1877",5257,17641
"1420889",4826,17617
"1750527",5195,17571
"164546",9076,17516
"2899123",16122,17445
"2651334",5448,17434
"1971",5649,17429
"37919",4673,17403
"80816",6994,17401
"2017486",3947,17338
"82115",7881,17191
"3015177",6032,17177
"2995223",5007,17146
"39689",4582,17145
"292",17117,8408
"2598579",5795,17071
"53461",3967,17040
"1521768",8053,17025
"2878388",5291,16984
"47875",4966,16981
"1814",5352,16947
"1817",4955,16903
"2202828",4628,16844
"1653480",5926,16819
"93064",8049,16735
"2872648",16722,372
"2749844",4750,16713
"1003110",4921,16642
"408",4583,16491
"39956",3320,16449
"3018339",4569,16394
"299146",4368,16363
"1391654",6561,16359
"303",7463,16330
"29405",2866,16318
"2033",7194,16299
"2057741",6508,16269
"515350",4753,16214
"249586",5136,16082
"1034889",4817,16052
"125216",4445,15982
"2742132",4816,15935
"2136173",4699,15926
"2663857",3836,15926
"2760705",3389,15891
"2211212",15868,1099
"2589903",3502,15822
"1325112",4415,15763
"1742992",990,15763
"2849093",12940,15723
"3049075",15651,12414
"3039153",5307,15595
"2496836",15584,11638
"172713",15576,798
"449461",4193,15570
"42684",15543,15452
"160826",3706,15539
"117157",3954,15485
"362257",4022,15472
"358",6083,15452
"68246",6075,15447
"1710",5550,15403
"2078691",4236,15380
"44255",4972,15362
"131568",3405,15355
"204525",4404,15286
"2804617",3425,15273
"2562284",6644,15219
"3073064",3552,15205
"2714943",2718,15172
"1526658",6574,15132
"3036374",3423,15073
"662548",5220,15069
"293387",15051,330
"443156",2932,15044
"1286181",4097,15023
"524884",4226,14999
"2823693",4714,14992
"709883",4195,14982
"2842453",4970,14945
"3044187",3738,14923
"82633",8823,14870
"2099694",1849,14813
"941907",6196,14789
"68270",5138,14763
"135487",4414,14696
"3020055",14659,5325
"200618",3897,14652
"1736675",6018,14608
"75",4711,14581
"257708",4224,14565
"2872154",3414,14513
"2886821",14474,1123
"2483798",3449,14473
"1882757",6365,14446
"2819290",14425,520
"68223",2835,14422
"193462",4602,14369
"2509455",4250,14368
"2931983",5575,14292
"397260",5961,14292
"29448",5551,14252
"2082949",4452,14241
"83656",4838,14186
"76892",4907,14135
"2135430",6198,14086
"228899",14075,1469
"321985",2234,14071
"292462",2280,14040
"455432",4201,14021
"1774216",3109,13928
"73044",5600,13831
"2613770",2973,13816
"370526",4203,13814
"1325095",4398,13796
"204455",5420,13787
"31958",4529,13769
"419476",3288,13768
"1867715",5324,13764
"2867410",4320,13764
"28095",6305,13754
"470934",1631,13738
"1764",3713,13729
"2991728",2105,13718
"2973977",3587,13713
"3052091",13706,571
"67367",3644,13691
"675864",3028,13689
"2963105",13669,1624
"3015154",4262,13659
"2681549",4418,13653
"53360",3274,13602
"94",5422,13590
"1848900",5868,13572
"160791",4851,13556
"1616117",4764,13506
"2753607",3658,13484
"2811111",3941,13457
"204447",5007,13452
"2175864",4503,13411
"83291",4392,13401
"186650",3831,13348
"2914159",4200,13343
"3075432",6817,13306
"91347",13282,9862
"2942996",2408,13276
"48296",13265,10510
"67385",4075,13260
"2768162",3788,13235
"53462",3925,13180
"2728020",2323,13150
"1235591",9008,13091
"2732067",5403,13085
"1413221",13075,11006
"2082387",13074,11051
"1772",3759,13067
"3043848",3570,13052
"1835",3889,13041
"2071607",2722,13008
"488447",13006,6081
"33886",3361,13005
"1178540",12999,149
"560555",2479,12994
"2748863",12966,1310
"2018025",3551,12965
"2896848",4081,12927
"269660",3148,12903
"471",12708,12900
"2051553",3986,12899
"2305220",3241,12898
"3075199",3704,12885
"33914",3954,12885
"1325120",4821,12871
"964",1008,12850
"2991075",4208,12830
"2768069",4665,12819
"2732249",3154,12813
"2918170",4447,12762
"157920",3710,12753
"207745",4443,12737
"28068",3715,12720
"1896961",3760,12689
"410",3608,12661
"2745",4747,12607
"2591145",3506,12598
"380",5252,12571
"28447",3500,12544
"1077946",3078,12526
"3048891",12520,213
"2010972",3454,12503
"2938948",2776,12489
"28214",4553,12477
"1849967",6100,12472
"2903960",3474,12428
"434009",3773,12425
"2589074",3044,12412
"2894310",2251,12405
"450734",2942,12397
"340268",4993,12386
"135621",4841,12367
"1885",6317,12363
"1473598",4240,12342
"339268",2362,12341
"3016000",4065,12332
"335929",4058,12329
"1927",7132,12284
"946333",3671,12265
"2704468",3472,12239
"2567941",12232,1292
"564369",2133,12220
"1333996",5778,12192
"1452",12191,876
"1404864",3697,12132
"2736757",2870,12120
"2768066",4693,12106
"2294034",3566,12083
"2768161",3636,12079
"2603276",2804,12052
"904039",3029,12042
"993502",8490,12017
"356851",3662,11999
"141349",2296,11990
"2712222",9788,11984
"69666",4124,11984
"2775496",2307,11983
"52",4513,11977
"2499213",11973,583
"433",3139,11963
"2898442",2562,11930
"352858",11879,530
"1436133",3301,11876
"2684469",3745,11874
"2976824",3591,11872
"2981136",6237,11869
"3039154",3503,11852
"2714941",2813,11831
"630515",2658,11812
"2880933",4224,11796
"1609977",3788,11777
"28105",5698,11773
"83627",3601,11751
"2006",3069,11742
"2900152",3924,11700
"2771361",3365,11664
"1940610",4940,11609
"110319",2759,11550
"399176",3523,11548
"434008",3995,11527
"3016086",3544,11514
"2020",3519,11500
"2872652",3387,11493
"2898431",3428,11493
"3075627",3223,11480
"45398",4805,11479
"642",4302,11476
"69",10820,11443
"1542737",2286,11407
"265",5794,11407
"1573",2887,11389
"871742",2861,11368
"1325090",3413,11285
"87883",10680,11283
"116188",6517,11276
"89966",3147,11262
"151416",4328,11251
"3062449",4205,11241
"2592334",2570,11238
"2987751",2896,11230
"204441",4161,11215
"2653203",4660,11210
"212765",2976,11205
"3015161",3317,11204
"2681552",3255,11176
"1771",3496,11168
"1775910",3500,11164
"2686094",11162,6523
"1286180",3062,11117
"37329",3244,11103
"2892996",3942,11094
"2907545",5039,11084
"106592",4739,11076
"294",4980,11075
"42256",2577,11046
"2742137",3749,11024
"150026",2417,11013
"2602016",4646,10992
"1889",10991,8503
"2976823",4042,10970
"2724914",1957,10962
"53358",2344,10959
"1918010",10945,48
"2714951",10935,825
"319947",3970,10926
"2895565",2718,10915
"151783",4833,10905
"1800",2880,10888
"2981135",7157,10887
"665913",10819,615
"68212",4879,10804
"40566",3380,10798
"2803858",2573,10793
"2735134",3204,10782
"60550",10772,5603
"2819238",2779,10771
"1911175",3609,10760
"2705012",2802,10753
"3012344",3187,10750
"745310",3786,10734
"41",4037,10726
"2710756",3300,10722
"2981134",10714,10627
"3016093",3223,10705
"2583243",3291,10702
"2709380",6461,10694
"2894788",10694,41
"1888",3296,10688
"84757",3010,10685
"152142",3262,10683
"3070683",10674,3060
"1988",3340,10667
"2184053",4878,10662
"2708082",2596,10661
"398",1447,10643
"2596828",2098,10630
"1915",5969,10624
"318424",2968,10616
"192",3647,10587
"3062779",3758,10587
"2589797",2454,10582
"2761578",2441,10579
"2903629",3135,10578
"1795",2994,10562
"2136401",3785,10552
"470076",1923,10530
"1535208",2622,10525
"2789208",10481,156
"1552759",2860,10474
"39692",2736,10463
"1249101",3194,10449
"66880",7045,10442
"1679497",3538,10431
"404589",3831,10427
"3026433",10418,866
"2768068",3665,10409
"2662361",2418,10366
"83681",3430,10363
"3074430",10355,7816
"3015149",3117,10341
"632569",3116,10339
"2717324",3299,10333
"36813",3198,10319
"3043734",3314,10296
"627624",2597,10296
"3075824",3750,10292
"1813880",2087,10270
"2045452",2301,10253
"2751189",4816,10253
"2499145",2741,10241
"2518371",2401,10241
"1488356",3428,10218
"155892",3449,10210
"2730915",6065,10177
"2923272",3154,10173
"3057122",5288,10169
"2202148",3641,10161
"129921",5290,10158
"2202826",2899,10158
"2992140",3221,10150
"47763",3354,10148
"2911537",3380,10141
"1541170",3266,10134
"335406",3818,10110
"391953",3254,10093
"3004093",5467,10091
"285578",3132,10076
"1890",4274,10070
"2777475",3151,10049
"2720714",3215,10045
"2201999",2712,10041
"101571",7498,10038
"1325115",3119,10036
"2917725",2534,10033
"2819978",2382,10029
"412690",2573,10015
"3016092",2787,10014
"3018036",2930,10010
"1197460",3986,10001
"1642299",3699,9995
"2714942",1966,9989
"1353260",2997,9981
"2202827",3040,9977
"2763006",3241,9970
"48736",3478,9961
"665914",9953,846
"83453",2672,9930
"46351",2868,9928
"1437009",4038,9918
"1333528",3611,9901
"3061626",2919,9895
"2721173",9282,9883
"1038928",3097,9882
"1404741",2115,9860
"1560345",2859,9850
"2675754",2689,9850
"198119",9847,645
"68214",4502,9840
"2038343",2126,9838
"1690220",2270,9827
"149698",2537,9820
"2282738",3205,9799
"161492",3668,9774
"283811",2946,9769
"2781978",2082,9756
"51201",4626,9753
"1696",2711,9750
"173860",4237,9739
"2918171",3397,9739
"2908642",2515,9727
"1827580",6201,9720
"2203204",4665,9709
"2991729",2064,9708
"1914",2734,9706
"3030210",3230,9703
"1842539",4203,9691
"3023370",2512,9679
"710111",2635,9668
"29303",2787,9666
"2942449",2935,9647
"2732487",4164,9633
"1523415",2649,9629
"1813468",3028,9629
"482564",4585,9621
"2672569",1816,9598
"2976822",3169,9592
"2949637",6643,9590
"517",3364,9564
"1210884",3169,9543
"85693",2536,9531
"2066",2809,9528
"66425",4010,9524
"2486272",2400,9510
"1868589",4078,9484
"2654191",2609,9483
"334852",1932,9470
"2758442",2444,9467
"1901",3241,9462
"33903",4192,9454
"455344",2996,9446
"32",3528,9442
"2014920",4675,9430
"3061628",4897,9429
"2685869",2356,9425
"1325114",2298,9416
"2833628",3334,9412
"2795690",4185,9407
"2594473",1978,9401
"1522432",2308,9389
"2126346",2583,9383
"1892404",9380,619
"2599640",3960,9372
"66871",3340,9360
"943830",2139,9335
"1226757",3196,9329
"2508722",3209,9322
"2964669",3113,9313
"2825844",8248,9301
"1549858",2466,9296
"613",6227,9294
"457921",3148,9276
"2716812",2366,9275
"2721244",3949,9270
"1549949",3108,9263
"3047873",9255,1904
"1791",2565,9242
"2775403",3015,9238
"216929",2467,9232
"2704467",2448,9199
"3053466",3584,9178
"319706",2009,9178
"1841249",3132,9161
"262209",2349,9160
"1960",2510,9158
"65496",2889,9154
"3004092",2619,9153
"2908837",2615,9137
"2884264",2158,9134
"2602015",3816,9133
"42255",1976,9131
"2748629",3415,9123
"2742136",3448,9115
"3015163",2303,9112
"2991972",3838,9103
"2789216",3700,9102
"135614",3815,9090
"1275",3382,9088
"287",3210,9088
"2714844",4619,9080
"2486855",866,9073
"284581",9067,830
"2708539",2836,9066
"53457",2223,9064
"3015156",2685,9047
"1783515",9034,5286
"475937",3568,9031
"2528964",3549,9030
"2714938",2080,9022
"864828",2347,9015
"37921",2199,9014
"1766",3633,9008
"1615494",9003,350
"435897",4707,8982
"3075430",1564,8960
"43767",2765,8960
"152480",8244,8958
"161493",3226,8958
"36818",2754,8954
"2061",2623,8951
"1789672",3260,8949
"2653200",3828,8943
"2498135",2675,8938
"2928472",3609,8904
"1663",1891,8902
"467094",3319,8887
"1535768",3136,8885
"39695",2391,8878
"2219696",2534,8868
"2898433",2894,8868
"1977088",4304,8859
"85025",2479,8858
"710705",5110,8845
"1810",2045,8840
"2780091",4474,8831
"3027808",2009,8795
"147645",8786,3162
"2045208",2764,8785
"2867005",2635,8777
"1176198",2544,8762
"258505",2408,8754
"2692234",2960,8752
"1740721",8742,2172
"2283195",2254,8715
"2742135",2416,8714
"2566013",2355,8709
"1907",3940,8705
"1658671",2021,8666
"3064139",2715,8666
"184914",3298,8640
"424188",4409,8639
"31",3330,8628
"2585716",2937,8623
"2049881",3578,8622
"1133546",2308,8618
"480035",2607,8618
"173480",2226,8614
"1702325",3505,8613
"2596913",2522,8595
"2695266",5189,8590
"1907575",1901,8577
"1950",3256,8575
"1630693",2979,8569
"2684468",4211,8555
"2801029",4134,8550
"2714952",2722,8537
"3028709",2704,8527
"2762322",2668,8519
"482462",2469,8513
"1225128",2539,8512
"1911",2839,8503
"648995",863,8496
"2861782",2068,8491
"252970",8488,6044
"2599297",2814,8475
"665007",4449,8469
"324057",8461,1270
"2894789",8458,29
"1470176",2633,8447
"1859",2199,8422
"202862",2654,8421
"3075825",3253,8419
"39694",2322,8411
"3070676",8408,1465
"316",3112,8408
"2775420",3024,8401
"2937788",2430,8401
"675281",3773,8395
"1090615",1980,8394
"3016089",2376,8384
"2072505",5442,8381
"2492396",8374,1535
"2879939",8366,142
"106590",3178,8363
"1323731",2488,8359
"2904790",2285,8351
"1654",2477,8321
"139208",2347,8311
"215580",2534,8273
"3016090",2433,8272
"571913",1987,8259
"2590772",2785,8256
"1850238",2868,8244
"530584",2674,8237
"76862",2464,8235
"2509458",2166,8224
"39688",2301,8222
"104663",1660,8218
"1904616",4127,8216
"2364647",8213,925
"209247",2140,8210
"2932244",2338,8200
"1045776",3221,8188
"3033811",2801,8184
"107709",2944,8167
"85012",2192,8166
"2750011",2874,8157
"589382",2156,8157
"3051092",4455,8152
"228602",2433,8151
"2041",2325,8144
"2949093",2313,8129
"3075198",2818,8122
"442121",3433,8113
"2866715",2630,8108
"2972485",2207,8105
"1670830",2491,8100
"1804",2147,8080
"2969621",3327,8080
"114686",3723,8077
"168695",2308,8063
"479978",2012,8053
"72763",2092,8050
"2933563",8041,534
"57704",2305,8031
"563835",2504,8030
"69277",4360,8030
"2282523",2443,8020
"2585135",2107,8017
"2483799",2064,8006
"67267",2795,8006
"2745197",1630,8005
"372663",2160,8002
"1858653",2298,7984
"33050",2797,7981
"34029",2357,7974
"2801030",3802,7969
"44010",2654,7951
"280236",2140,7945
"37927",1912,7934
"2991545",2181,7920
"2698679",2707,7919
"2879846",2847,7916
"2675233",7912,297
"1714373",2297,7904
"2015316",3313,7898
"1792",2221,7887
"1608957",2615,7877
"3034022",2706,7874
"1632864",3422,7868
"67282",3774,7863
"158500",2589,7853
"1828",2257,7844
"921",3700,7827
"1404768",2308,7818
"758793",2040,7818
"2997354",2385,7794
"88138",1267,7794
"1792307",3536,7780
"220927",2429,7778
"13690",2683,7760
"3016419",2228,7760
"162426",2211,7759
"106370",1944,7756
"3039386",2368,7737
"67287",3835,7733
"2838850",3064,7729
"68200",2523,7721
"134601",2255,7716
"2509457",2164,7712
"1797",2325,7707
"1404443",2936,7703
"1330547",7698,1725
"40318",3318,7698
"1854",2042,7695
"1736306",2055,7688
"2782659",2800,7686
"2650471",4346,7680
"453783",7024,7680
"80860",7004,7680
"2560330",7677,38
"2233851",3281,7676
"2201350",2466,7674
"3048535",7665,1388
"83461",2795,7664
"285450",3696,7654
"553510",2554,7585
"2498704",2059,7584
"402297",1891,7579
"185642",2356,7578
"3031124",3681,7567
"1353891",1824,7557
"2675232",7556,1656
"2079793",1974,7553
"2171623",2051,7551
"1325102",2652,7548
"1882747",3088,7548
"1813871",1343,7544
"2039870",2180,7536
"42881",3610,7534
"3024246",1991,7533
"3016096",2174,7528
"653931",2450,7527
"413882",2470,7507
"1858",1887,7506
"2984338",2342,7503
"486398",7487,1205
"2762325",1767,7483
"2904252",2006,7481
"659012",2122,7480
"1711",2128,7478
"907364",4387,7478
"3039384",2036,7476
"352475",3094,7471
"2968084",2056,7470
"68895",2972,7456
"3015167",2129,7445
"1442032",3819,7442
"2968085",2075,7432
"1047172",2335,7430
"75682",2330,7427
"1404411",2941,7424
"1967",2543,7412
"2593653",3638,7412
"244734",2086,7405
"3015996",2545,7395
"1545728",1738,7393
"1670831",2378,7390
"577492",1728,7389
"862751",2584,7386
"453304",2045,7383
"85413",3214,7378
"2998080",2327,7376
"40567",2328,7376
"661481",1351,7373
"2894787",7372,30
"1736046",2511,7367
"1805827",2077,7367
"2686304",3264,7358
"2944250",7358,6809
"42197",2413,7353
"66892",2384,7348
"1597781",2363,7344
"2914710",2227,7325
"2816956",1859,7321
"2584466",4178,7302
"2714937",1889,7301
"2600304",2014,7294
"348043",3570,7287
"1534349",1676,7283
"2755382",2126,7275
"40988",2135,7257
"1801",2084,7249
"1619308",1850,7245
"2662397",2779,7242
"43348",2051,7236
"3068632",2942,7219
"2857060",2022,7199
"35621",2862,7198
"120959",2099,7187
"627192",2075,7167
"31989",2916,7165
"639200",2052,7136
"34070",1444,7131
"2057",2318,7126
"1379270",1775,7125
"2736649",1900,7116
"53458",1702,7110
"2904523",1628,7107
"3075197",2487,7105
"1817965",2662,7101
"2063",1790,7096
"2020412",2878,7093
"356302",2671,7081
"3009077",2057,7074
"273677",1979,7065
"1245",6215,7064
"2203205",2638,7061
"2890321",2018,7055
"28077",2598,7052
"2059884",2245,7048
"38300",4009,7032
"2735133",1895,7028
"722731",2188,7011
"1079",2773,6999
"37330",2049,6997
"3068633",1974,6981
"1288636",1730,6979
"28047",2020,6962
"2528024",3827,6957
"3064278",1751,6957
"163604",1990,6954
"53335",5334,6946
"2778370",6941,965
"60920",1767,6939
"2906072",2947,6931
"67581",3453,6931
"563996",2084,6929
"2233999",2513,6926
"2665642",1953,6926
"2843330",2320,6926
"3028710",2525,6925
"2382165",2056,6924
"470",5899,6923
"2819979",1909,6921
"11",1876,6920
"1536772",6919,2631
"1892",2314,6919
"2837956",2590,6910
"2570229",3076,6905
"80865",2463,6903
"2676871",2682,6901
"2675225",2218,6896
"1823",2181,6890
"1784",1787,6888
"2608402",1869,6888
"3014995",1935,6886
"2837506",6883,115
"396",2347,6871
"185951",1917,6868
"2055889",1927,6868
"29580",2234,6850
"3070680",6840,1336
"658062",1890,6840
"2567934",1671,6838
"2293571",2256,6825
"82380",1853,6824
"3018929",723,6821
"1775",1792,6816
"1932",2918,6815
"1308863",6814,25
"2749991",2116,6813
"1179673",1926,6812
"2782169",1930,6803
"1893",2405,6800
"2897334",1823,6799
"3056937",2303,6795
"186189",1709,6792
"110937",1888,6779
"2937787",1859,6771
"3064286",1935,6766
"1176649",673,6755
"2703788",2450,6749
"708113",3648,6749
"2528009",3103,6746
"399736",1872,6740
"1431246",1832,6737
"2919322",3557,6735
"179636",2203,6728
"2969247",1734,6719
"314722",2715,6717
"128574",6712,401
"2865673",3246,6710
"2830983",399,6709
"2565555",1804,6700
"488731",6684,2108
"2878150",1793,6681
"767452",1782,6681
"35",2347,6679
"1882749",2592,6675
"2797167",2625,6674
"1795631",2091,6667
"2662028",1736,6664
"323415",2634,6659
"1920",1901,6658
"2782168",1925,6658
"528244",2248,6657
"204891",2157,6649
"1063",2512,6643
"2596916",1741,6638
"1404367",2112,6629
"400634",6618,465
"2315862",3916,6616
"2871170",1821,6610
"56458",2494,6608
"2607753",1964,6606
"465721",4235,6605
"2932247",1939,6604
"2968083",1760,6600
"2978974",3226,6592
"2599401",2166,6591
"483545",1856,6588
"68249",6587,6410
"424800",1819,6583
"37332",1908,6570
"2963432",558,6557
"1484109",1841,6545
"33899",3069,6543
"40989",1927,6538
"242606",2801,6535
"701042",1658,6535
"2035",1817,6527
"587753",2484,6522
"2861750",2392,6521
"2896849",2205,6513
"1793",1842,6508
"208439",3843,6501
"28894",2272,6500
"43668",1817,6496
"53399",4036,6491
"1736691",1810,6486
"3016103",1853,6478
"2003551",1725,6472
"53522",1782,6465
"538381",3006,6452
"574727",2082,6449
"219314",1769,6446
"1521117",2097,6441
"53451",2000,6438
"2509459",1768,6428
"47853",1902,6420
"1517554",1710,6419
"279826",6417,600
"305",2423,6411
"7",2795,6408
"1399",6403,504
"2575440",1536,6399
"3064901",5719,6396
"1914233",2265,6392
"2729175",1670,6385
"2771430",2661,6382
"79263",6367,1128
"1517551",1689,6359
"2760308",1682,6356
"700274",2628,6350
"319707",1453,6344
"1193713",6342,851
"2488560",2368,6342
"1867719",2770,6338
"340345",1979,6332
"2051957",1452,6329
"1138587",1656,6328
"2086471",1209,6321
"2508882",1626,6321
"67345",2734,6320
"2493680",3008,6318
"2587808",2094,6311
"2567884",1860,6307
"2854170",2657,6303
"1395974",1777,6289
"1812480",2093,6284
"3070677",6281,1293
"217203",2335,6280
"2662065",5662,6280
"2985506",1654,6278
"1297742",2303,6277
"33877",1645,6262
"171437",2471,6260
"3019544",5819,6259
"191494",1827,6248
"2567881",1509,6230
"343",2398,6230
"1460244",2023,6222
"446860",1773,6220
"1758689",1598,6218
"60894",1851,6218
"2759526",1661,6210
"165696",1990,6209
"220687",6207,1285
"535",2304,6205
"283",2089,6204
"2020377",1542,6199
"388357",2046,6199
"96344",2430,6196
"2830995",431,6188
"2725414",5376,6184
"481743",6172,287
"2970906",2138,6169
"404405",2428,6165
"1936029",1695,6149
"492670",6142,1246
"2927875",6136,5848
"290",2367,6126
"1842727",2029,6118
"1894",1813,6116
"887464",1993,6114
"2419771",1708,6113
"1030157",1993,6107
"2072590",1358,6104
"2108470",3106,6104
"2233998",6104,226
"2047",6092,322
"1799",1479,6088
"2857058",2042,6081
"3031131",2834,6072
"2589080",2420,6060
"34018",2244,6055
"57043",1730,6053
"2762748",2074,6051
"2978473",2151,6050
"2831000",559,6048
"2527983",2384,6045
"2654547",1504,6033
"2675524",1637,6031
"1072463",1579,6028
"95485",6007,3126
"2070347",1788,6004
"2609253",1616,6001
"37928",1789,6000
"53376",2357,5998
"104336",1565,5990
"1850374",2546,5990
"234612",1901,5987
"2071627",2898,5986
"1169025",2033,5985
"2213200",1795,5979
"2528022",2899,5979
"1871048",2784,5976
"223390",2603,5975
"3073271",5974,861
"570",4711,5973
"1767",1517,5972
"2174846",2174,5971
"2744474",3041,5967
"47850",1687,5967
"1355015",2563,5960
"284035",4777,5960
"3019553",1971,5960
"182639",1328,5959
"1795630",1598,5957
"2972479",869,5957
"1653478",1619,5954
"2905871",1460,5949
"1906274",1692,5946
"2483401",1560,5944
"2909587",1533,5942
"3002640",2005,5936
"2571749",1917,5934
"2742603",1661,5924
"132473",2145,5923
"84595",1756,5922
"912",2280,5922
"82541",2584,5920
"1389713",1787,5918
"1903409",5918,817
"1675686",2486,5917
"392734",1543,5915
"3074855",3213,5909
"482957",5908,3147
"522",1856,5905
"2589976",2392,5897
"2705439",2159,5895
"2962047",1735,5885
"2711156",1931,5882
"2004797",3235,5881
"444597",1622,5878
"2697032",1984,5877
"80867",1871,5875
"1637975",5873,468
"85968",1635,5872
"2929802",1754,5867
"113",2063,5862
"1002689",1734,5845
"2995141",1689,5838
"2419774",1617,5834
"386490",5832,4959
"506",2378,5826
"426",2159,5825
"2973976",848,5793
"2950605",1714,5785
"1670800",2949,5782
"547188",2185,5774
"2493673",2212,5763
"2026199",3424,5762
"38875",5758,355
"2079227",699,5750
"1582356",1674,5742
"1678",1844,5739
"2820884",1593,5728
"1269",1760,5718
"2826993",2366,5716
"3073562",1783,5712
"1593482",1290,5706
"2303331",2335,5705
"1868655",5703,131
"2704465",1592,5702
"436515",1809,5702
"2986949",2390,5701
"553",1286,5695
"34",1918,5684
"2589974",2535,5682
"56689",1304,5680
"2017685",1033,5678
"1389020",1527,5665
"2966192",2058,5664
"2724322",5658,17
"2759943",1615,5652
"339",2255,5649
"146017",2150,5641
"207340",1371,5639
"3058426",1765,5637
"1969806",1683,5636
"1690221",1982,5635
"3033808",2045,5627
"1547487",1444,5617
"582680",1547,5615
"1697043",1909,5610
"1078471",1381,5608
"2582831",2247,5604
"158836",5603,1407
"2602070",1663,5592
"32002",2058,5592
"1891644",1481,5590
"2898276",1976,5587
"67305",4698,5576
"2781962",1577,5567
"75385",1395,5564
"593909",2535,5557
"40137",2500,5556
"1648182",1791,5545
"666686",5536,718
"13689",1650,5535
"137722",1794,5533
"2899220",1459,5533
"684552",1620,5531
"2975441",1546,5530
"3049070",1249,5525
"2935861",1601,5523
"2603206",1523,5522
"1682113",1672,5520
"2820278",2336,5516
"2878153",1362,5514
"280333",2167,5511
"463025",1912,5501
"2527989",2156,5492
"2547399",2036,5490
"216778",2200,5479
"652764",1450,5467
"2725666",4086,5463
"83455",1937,5459
"2933290",1602,5458
"1349819",2162,5456
"1652028",1520,5456
"36809",1733,5455
"67296",1936,5453
"156977",1530,5443
"2662261",1333,5442
"76853",5439,302
"2970464",1449,5434
"3068634",1607,5430
"421767",5430,733
"2292766",2164,5425
"2493676",2272,5420
"57493",1473,5419
"75294",1716,5415
"2830992",469,5411
"165301",1974,5407
"75105",2773,5401
"2558931",1911,5400
"2714931",1563,5396
"344163",1437,5394
"416169",1831,5388
"2830996",368,5387
"2579971",2073,5384
"1912",1748,5383
"2494702",3859,5382
"2857059",1595,5379
"2830998",928,5378
"2716225",1758,5376
"376175",1676,5375
"1482074",2498,5374
"333966",1517,5373
"126673",1415,5372
"1592106",1406,5368
"2728021",1286,5367
"322009",1416,5365
"1838286",2262,5362
"1274",1386,5357
"204434",1561,5351
"2575374",834,5347
"321662",482,5344
"2083284",5168,5342
"390988",1317,5341
"1881017",5336,1318
"39",1894,5334
"3028735",2558,5329
"2493669",2047,5323
"264697",5311,767
"2591463",1957,5308
"2760083",1498,5307
"2107713",1375,5305
"39687",1448,5304
"414996",1467,5304
"2929795",1488,5301
"337",5293,5153
"2994664",1384,5286
"33889",1538,5278
"2108445",3232,5276
"2810513",1535,5273
"2592652",1604,5270
"317",1411,5267
"31957",917,5266
"2992573",4590,5262
"2599293",1325,5259
"192812",1770,5257
"1575",1216,5247
"74313",1859,5245
"1391653",2090,5238
"29449",2111,5229
"2321403",1978,5224
"47312",1594,5222
"2952571",4791,5219
"247333",1308,5215
"1276",1413,5211
"1534348",1228,5207
"1780",2209,5207
"1494466",2010,5205
"1778",1645,5201
"2897774",1368,5201
"2493672",1959,5197
"1589",2030,5196
"2963431",1272,5196
"2055",1570,5194
"1357916",1736,5190
"2056258",2496,5190
"83618",2262,5189
"991904",2092,5189
"1775411",2004,5182
"904291",1451,5182
"436397",1719,5177
"66374",1556,5169
"2304600",2404,5149
"528191",5143,3062
"75291",1137,5143
"99653",1315,5141
"2721246",2206,5139
"68232",2032,5125
"2026624",1809,5122
"1446794",1253,5118
"1826872",3910,5113
"875808",1544,5111
"2812896",2142,5107
"2875706",1540,5102
"2943498",1365,5100
"1268041",1333,5096
"423349",810,5085
"2014887",1218,5083
"486698",1796,5081
"1926494",1527,5074
"2220096",1906,5068
"633392",2058,5061
"2080742",1320,5060
"2599600",2534,5059
"2884832",5058,215
"36863",1433,5052
"237",1605,5051
"2934161",1234,5044
"3016094",1514,5042
"2040",1354,5037
"2861282",1527,5037
"1485",5025,1163
"40990",1559,5013
"1871086",1889,4998
"1069221",1481,4995
"2762323",1504,4995
"2911538",1954,4992
"28450",3886,4989
"3075605",1614,4989
"2934158",1320,4985
"1416806",1848,4975
"2813577",1782,4967
"29549",1889,4959
"1742993",848,4958
"1609758",1567,4957
"488730",4948,1736
"1447062",2191,4947
"2420509",1478,4944
"370764",1229,4942
"2060312",1658,4941
"2806262",1617,4940
"2493671",1576,4935
"335928",2289,4933
"2502779",1431,4931
"84531",2444,4931
"3039156",1079,4920
"2594265",1188,4914
"361575",685,4910
"273251",1866,4908
"68278",3985,4905
"39122",1425,4894
"879274",2215,4887
"1617967",1299,4876
"2571746",1768,4865
"2482763",1654,4861
"709810",1463,4860
"47420",1570,4858
"2917727",884,4851
"2565368",1264,4847
"3029053",368,4838
"2991074",1534,4837
"2851650",1362,4824
"1270",1370,4823
"2894786",4822,13
"1572644",1283,4818
"43356",1240,4818
"69367",1224,4812
"1298",1653,4809
"117567",1308,4799
"319939",1748,4798
"515361",2194,4797
"121719",2247,4794
"444444",1924,4791
"2711215",1591,4787
"743009",1379,4786
"1745854",2111,4785
"1441095",4784,659
"410837",1129,4784
"459858",1455,4768
"169765",1920,4766
"2575923",1314,4765
"53437",1364,4762
"556288",1371,4752
"2651199",626,4751
"1719132",1364,4746
"1285901",1297,4740
"2486273",1658,4732
"1759059",4730,2888
"2203210",1664,4730
"2500546",1176,4720
"2541726",1232,4718
"795665",1606,4716
"2028343",1343,4694
"1874630",1251,4693
"2651974",1643,4692
"67081",1749,4680
"1903186",1407,4679
"279",2075,4679
"38501",903,4677
"2811104",1654,4675
"859144",4670,232
"1335043",2042,4669
"940614",1218,4665
"2999062",1311,4662
"2014",1537,4660
"3016091",1369,4659
"300028",1336,4654
"267128",1581,4646
"3028312",1138,4641
"2571748",1714,4636
"2175648",1229,4632
"237610",1551,4632
"2665643",1301,4623
"2493675",2014,4618
"2926709",1997,4618
"1522758",1352,4615
"2851598",629,4613
"2699395",1785,4611
"133",1817,4601
"36821",1323,4600
"2528026",2007,4598
"2744518",2100,4587
"2594003",2097,4586
"661488",2341,4583
"1492898",1169,4572
"290399",695,4566
"72360",4563,94
"2895818",1265,4561
"2774875",1568,4559
"1296669",1529,4556
"1829",1339,4556
"2976533",1565,4556
"92647",1649,4555
"31988",2327,4554
"105219",1547,4550
"2774190",1696,4549
"1437453",2267,4546
"2593973",1110,4543
"382",3214,4543
"1705399",762,4542
"69665",1498,4536
"37923",1225,4533
"140098",1372,4528
"450378",1525,4528
"483913",4527,431
"2290922",1784,4525
"1905847",1059,4517
"1701758",1946,4516
"1331682",1402,4507
"1806508",1557,4505
"31998",966,4503
"1401",4500,251
"39960",1623,4497
"188770",1467,4493
"2182432",1819,4492
"2597660",1418,4492
"1804624",1101,4490
"3028316",1242,4490
"388459",1006,4490
"119219",1734,4481
"1332264",1272,4481
"2918765",1474,4481
"1793722",1183,4468
"1561022",3674,4463
"2911539",1737,4463
"42253",1628,4462
"2585717",1262,4457
"748247",1635,4457
"1069220",1183,4456
"1136941",1344,4453
"33069",908,4452
"2909588",1229,4451
"3064529",1375,4442
"398694",1490,4440
"134537",3099,4439
"666685",1542,4438
"2708338",1159,4424
"2609257",1198,4421
"444103",1484,4417
"1259258",1128,4416
"1768",1406,4412
"3069708",1275,4407
"545619",1124,4407
"110505",1240,4403
"1852022",1851,4399
"2565366",861,4399
"46913",2196,4399
"590652",1382,4398
"1427356",3494,4397
"1390395",1306,4395
"191493",1194,4385
"1918012",4378,17
"2576891",1316,4377
"2830997",705,4370
"2654248",2057,4368
"49546",1670,4366
"2932250",748,4364
"2968500",1460,4364
"41899",1607,4364
"2763317",1751,4360
"2763257",1223,4358
"48935",1479,4357
"1166950",1629,4355
"1476025",4349,253
"588932",1595,4347
"2898793",1331,4341
"337004",1193,4341
"2219043",1459,4340
"33051",1240,4340
"2592654",1165,4338
"129985",4332,467
"69395",1514,4328
"2054",1244,4327
"68192",2204,4322
"2742602",1254,4320
"488729",4311,1672
"671077",1420,4304
"2528010",1929,4301
"3050069",1103,4298
"2175645",1102,4297
"43669",1242,4283
"913",1698,4281
"376",1147,4280
"2963406",1114,4276
"2698673",1420,4275
"2675523",1751,4274
"463040",1497,4272
"2614639",1102,4266
"2996782",1433,4261
"2600159",758,4257
"3049069",1151,4254
"2338327",1367,4248
"3073268",1124,4247
"2583377",4239,2016
"2867012",1554,4238
"1325107",1387,4236
"28209",1741,4236
"445710",1435,4235
"2175620",1130,4234
"1849032",738,4231
"367477",1034,4231
"169427",2301,4230
"3049047",1137,4223
"1897060",1106,4222
"2005884",1613,4222
"418699",1648,4220
"2053832",4219,169
"1906742",1143,4218
"1004901",1276,4217
"1471",4217,433
"2306583",1416,4215
"398053",361,4214
"282217",1460,4210
"2578107",729,4207
"2601898",1424,4201
"925818",1158,4201
"199596",1629,4198
"2840373",1447,4198
"47885",1293,4198
"261302",2488,4195
"2025349",1213,4191
"310581",1385,4184
"2904253",2258,4183
"1933044",1398,4178
"3072793",1809,4178
"2995145",1263,4176
"374606",2244,4170
"370524",970,4169
"1312364",1462,4167
"1312183",1525,4164
"1935379",1207,4162
"2865838",1796,4160
"2795216",1227,4158
"945844",1349,4155
"931866",1423,4152
"3034358",1736,4151
"1852",1284,4149
"2968086",1139,4149
"85085",654,4141
"3040935",1261,4139
"1748",1093,4137
"2100764",4135,126
"2509614",1267,4132
"76731",1428,4124
"2746961",2032,4121
"2500559",4117,21
"2082386",1151,4116
"2663859",1189,4116
"1804990",1099,4113
"3070679",4108,559
"488446",4108,2575
"2917991",1865,4104
"3050384",1112,4103
"463014",1391,4102
"152682",1101,4100
"2067958",3611,4100
"2758710",1275,4100
"3026420",1489,4097
"2865112",1829,4095
"2880934",1896,4088
"2865839",1896,4086
"1749",1116,4082
"2874282",4080,103
"50338",1615,4069
"189381",4067,579
"2715959",1740,4059
"2070463",4058,215
"2851648",1058,4058
"2806347",1300,4051
"2811421",1023,4050
"1862145",1645,4041
"359",1580,4038
"682998",1300,4038
"386911",1215,4035
"2571747",1550,4034
"2801335",1563,4034
"3049073",1048,4028
"155177",1379,4027
"85643",1486,4026
"469",3829,4025
"1926868",1283,4023
"692370",1315,4023
"1592790",1368,4019
"68280",1413,4019
"2976241",1639,4018
"3004094",1507,4017
"2614638",1079,4016
"940615",1082,4016
"2029849",1583,4010
"47759",1321,3999
"234",1907,3997
"1421",3988,183
"2763107",1311,3985
"316612",1187,3973
"36805",1146,3972
"1605891",1631,3970
"3003265",1400,3970
"2861285",1551,3969
"2782674",1247,3968
"2768071",984,3962
"2608999",2180,3959
"55395",1245,3958
"134",1533,3956
"2880218",3218,3956
"1758194",1456,3955
"33075",1233,3951
"159743",3947,337
"400770",1789,3943
"2020486",318,3942
"2841594",1029,3938
"1230998",1185,3935
"79328",1699,3931
"655015",1528,3927
"2528021",2308,3924
"1542730",1118,3923
"2962064",1013,3923
"2742204",2245,3920
"281472",1197,3920
"1279",3918,745
"33996",1158,3912
"539813",3905,1221
"556499",1102,3899
"59814",3893,2152
"191390",371,3892
"2911495",1351,3890
"3070678",3890,564
"550",3890,1783
"1961362",1071,3889
"1806216",3887,215
"1324796",1551,3884
"2772401",628,3881
"332055",1200,3876
"2758041",1607,3869
"1545044",1347,3867
"3016097",1179,3865
"2782167",1045,3863
"2738409",1264,3862
"1301032",743,3860
"3064287",1112,3857
"2862869",1356,3855
"329",933,3854
"1061",1442,3848
"1746199",1395,3837
"105560",1212,3835
"1788",1084,3832
"2821832",1711,3832
"1105204",1538,3827
"674079",928,3826
"1882831",1298,3824
"3068893",1381,3824
"2861283",997,3819
"2099695",1110,3818
"1789",1047,3816
"3015997",1367,3815
"71433",1720,3811
"2806348",1734,3803
"2003315",1310,3796
"111015",1182,3795
"337191",1118,3789
"3038927",1299,3785
"43057",1353,3780
"93217",1316,3779
"728066",617,3773
"717785",2272,3772
"1229164",960,3768
"1419277",1478,3767
"1763524",1075,3767
"2760713",1106,3763
"76259",1419,3761
"1938605",1416,3760
"1784719",1166,3755
"242605",1544,3753
"152500",3747,3553
"2765360",1101,3744
"2877941",1318,3742
"1774",3190,3741
"2067415",1093,3741
"391905",1419,3732
"93220",1495,3732
"3015999",1434,3726
"69218",3723,2735
"2048898",968,3718
"2932254",434,3714
"33900",1447,3714
"2906497",1081,3713
"29447",1397,3712
"1416803",1329,3711
"1229727",1451,3710
"2743470",1204,3703
"1671680",952,3701
"1742359",3690,365
"2565556",1289,3690
"2942909",1088,3678
"51671",987,3678
"135719",1119,3668
"2051959",992,3661
"292913",1217,3659
"1073531",1060,3654
"2027405",1428,3653
"2268461",956,3652
"286727",1129,3651
"356837",1474,3646
"2654982",1581,3645
"2719023",1063,3642
"38310",940,3641
"1515612",1240,3639
"29314",1009,3639
"2875948",990,3633
"2932245",1097,3633
"68175",1244,3633
"79329",976,3631
"49",1459,3629
"2770551",861,3617
"94254",844,3615
"2560331",3612,28
"948107",1728,3611
"1176536",1222,3607
"36822",1051,3606
"150203",1231,3604
"2831662",1137,3604
"3039801",1503,3604
"2734618",1008,3599
"2995166",1569,3597
"55508",1158,3595
"3049071",1066,3587
"1938841",1128,3586
"2052660",3584,246
"3032282",1335,3582
"1725",1068,3581
"2830667",1271,3577
"399497",940,3576
"84292",1080,3575
"56730",1390,3573
"2507582",1001,3570
"128785",1636,3568
"1930058",1053,3566
"2839983",1231,3566
"2759707",1177,3562
"323620",1563,3558
"768507",1149,3557
"2925844",980,3552
"2683590",861,3551
"2014534",932,3546
"2779775",968,3545
"912630",944,3541
"1921510",1184,3532
"1842534",1405,3531
"3049072",896,3529
"55518",1315,3529
"2820808",2535,3528
"569860",1433,3527
"434014",1105,3521
"2895559",921,3519
"3045156",1226,3507
"2070761",1137,3504
"1223565",1616,3503
"198107",1246,3492
"2762331",946,3491
"2873270",1054,3491
"1285192",868,3489
"227605",1391,3484
"2697363",1112,3484
"364317",1196,3484
"2054227",1220,3483
"1704044",777,3482
"1082851",1173,3478
"2782678",1041,3477
"248026",1519,3472
"1812935",3463,1248
"1881061",1526,3462
"2561924",1271,3461
"75697",1279,3460
"256618",1630,3459
"2949090",1135,3453
"193",1111,3452
"2795215",957,3452
"37487",1298,3451
"2094119",1111,3448
"2952477",1464,3448
"2487344",2229,3442
"2016596",1310,3438
"33057",1340,3434
"146919",1211,3432
"84406",3431,259
"1729695",1021,3430
"2175650",882,3430
"859143",3430,236
"183795",825,3428
"2748098",1388,3428
"2878151",3428,2598
"249567",1103,3422
"2789856",1361,3419
"69578",863,3415
"2795488",903,3414
"2082188",1100,3412
"1744",899,3405
"2499144",1449,3405
"36808",989,3405
"296591",1148,3404
"370777",1374,3404
"1315974",1045,3401
"83676",860,3401
"80679",1256,3398
"2175646",929,3397
"37914",932,3397
"180282",1196,3392
"2925842",1357,3391
"1659",1062,3389
"2604421",1227,3384
"1226968",1138,3379
"1798193",1138,3378
"2782166",910,3378
"132919",973,3375
"65741",1202,3373
"2711231",1279,3372
"71999",919,3372
"2589888",1551,3368
"1379903",1301,3366
"2708084",916,3365
"3028808",880,3365
"76116",1228,3364
"194963",1406,3361
"2991496",936,3360
"2676077",1070,3358
"206389",1302,3357
"2033869",1288,3351
"2995154",739,3351
"321983",809,3347
"3026192",1161,3343
"2211210",780,3340
"555315",1488,3335
"1914525",1050,3329
"225991",1062,3329
"2986923",1438,3329
"120107",1143,3326
"2493668",1790,3322
"65656",1122,3322
"2856555",911,3320
"1851544",1199,3317
"2017484",916,3315
"2589967",1424,3315
"867076",3313,422
"2996261",549,3311
"1978566",854,3308
"148447",1605,3307
"2816950",1087,3307
"584",1426,3306
"296544",1122,3304
"1503055",3303,2496
"409290",618,3299
"2831967",1209,3297
"67308",1638,3285
"111831",1173,3283
"1561023",983,3282
"2944810",1262,3280
"2996004",998,3280
"1385591",1313,3273
"53408",1119,3272
"2175655",917,3271
"98668",2767,3265
"1016987",1029,3261
"249058",967,3255
"963",988,3254
"2821406",1354,3253
"1532023",1144,3252
"3065910",1046,3251
"436516",3250,432
"36861",1207,3249
"2010829",1175,3244
"2915130",987,3239
"103855",1247,3238
"273678",850,3234
"1555112",1059,3229
"2211140",997,3225
"375549",1515,3222
"158899",1110,3221
"156980",587,3217
"2780074",1044,3217
"712122",952,3216
"34007",1301,3212
"200252",1169,3211
"2789739",876,3208
"3016006",1511,3207
"2799326",1298,3203
"128780",1133,3201
"2072936",1030,3200
"1085",1095,3197
"2734",1065,3194
"215691",1248,3192
"1325111",919,3185
"1810504",1355,3185
"2493679",1359,3185
"2027911",1238,3184
"2071",987,3181
"2675230",3181,204
"3038773",1222,3181
"2759167",911,3178
"2060",897,3175
"1798806",947,3173
"103816",915,3172
"57975",1663,3172
"1843368",1010,3169
"2760310",817,3169
"546160",929,3166
"1610493",830,3165
"2897773",808,3165
"863372",992,3165
"2855503",859,3161
"2741720",1056,3160
"551760",1130,3160
"2995138",1103,3159
"521520",3156,301
"2072642",3155,748
"1005039",1052,3150
"1897061",851,3150
"217204",1201,3149
"353",1118,3149
"886343",1111,3146
"2175666",858,3145
"501023",790,3143
"1919",1099,3138
"311231",1397,3136
"1763828",1159,3132
"2842456",630,3132
"2651284",3131,150
"2778082",1100,3131
"311180",1174,3129
"83655",3128,1268
"114687",1026,3127
"2657486",1427,3122
"1392877",1036,3121
"3028622",451,3119
"1881016",1181,3116
"322509",881,3116
"2744521",1653,3113
"311230",1435,3113
"1874061",1072,3108
"2838157",936,3108
"3074897",1634,3106
"2109913",955,3105
"1530123",3100,2904
"1851",925,3100
"1508451",973,3096
"139021",892,3094
"47",1166,3093
"110321",1737,3092
"2822368",1316,3090
"2901381",3090,169
"307486",1052,3090
"2060726",1361,3087
"2979468",1043,3087
"2818388",1156,3085
"1750",817,3083
"41977",1145,3079
"92645",902,3073
"216465",985,3072
"1207504",2900,3071
"2290923",1178,3068
"1969821",1318,3064
"2860336",1321,3064
"187137",1030,3059
"1855519",979,3058
"1837283",1061,3056
"2795387",1903,3056
"420953",1187,3056
"2925843",1846,3054
"2742145",1397,3053
"216816",1693,3052
"1660",1027,3051
"2021",799,3048
"2282397",1026,3047
"1546107",1034,3043
"2879618",472,3039
"502394",978,3039
"80842",879,3039
"2615214",1148,3032
"1964449",991,3029
"1644061",1080,3023
"191302",2772,3023
"2546351",918,3023
"1411621",585,3022
"152268",3021,306
"2861279",569,3017
"3031712",1244,3015
"664962",1039,3014
"2601677",1142,3013
"3019890",813,3013
"33883",900,3013
"2419844",1255,3010
"1663591",1105,3009
"46429",1041,3005
"1176533",1223,3004
"2654282",1084,3004
"2660554",1187,3003
"3043847",514,3003
"1042",987,3001
"309887",1066,3001
"291594",922,2997
"2830990",127,2996
"2901869",1250,2994
"540747",1145,2991
"121428",937,2990
"2872309",894,2989
"2703787",833,2984
"332249",995,2984
"279828",862,2983
"43263",1135,2982
"447217",1047,2979
"52771",875,2973
"1273",844,2966
"2885079",1128,2965
"28049",744,2964
"2875540",668,2964
"84159",1143,2964
"420952",1445,2962
"2588711",1089,2960
"281362",1034,2959
"94624",1212,2957
"1581038",2954,361
"615",1870,2953
"2773266",758,2949
"223392",907,2948
"179879",2947,1971
"1914861",2945,2147
"39645",1317,2945
"2596912",724,2943
"680248",1427,2941
"79883",2935,268
"1842537",989,2926
"2894790",2923,15
"2774137",1513,2919
"1906741",1105,2912
"3025663",858,2912
"324767",2909,262
"2004",766,2907
"2830993",116,2906
"1982042",805,2905
"512402",819,2897
"119981",822,2896
"1455",2894,215
"1612173",1129,2891
"1577075",2201,2887
"2220095",722,2885
"683047",822,2885
"2591633",1186,2884
"2731096",1133,2884
"477680",848,2883
"1208324",1142,2875
"2865837",1144,2875
"1250539",1073,2873
"2493678",1336,2873
"231455",1006,2872
"1032851",788,2871
"1918724",2868,15
"2987701",461,2867
"1407",2866,251
"2779671",2244,2865
"117207",1004,2863
"394964",874,2863
"1752398",1257,2861
"2653850",961,2861
"2789327",831,2861
"2838156",1041,2860
"3035531",789,2860
"80866",979,2860
"1069",1611,2856
"238749",953,2851
"1913979",796,2845
"434010",907,2844
"1634516",884,2840
"1715720",997,2840
"2763071",1170,2840
"56448",1089,2832
"317577",905,2826
"2017485",814,2822
"1826607",1212,2820
"2940492",901,2820
"146922",1193,2818
"2875729",815,2813
"2606451",732,2811
"2603292",717,2808
"573",2806,2746
"2057246",735,2803
"225326",801,2802
"3070682",2802,396
"35806",1016,2801
"293089",1146,2800
"2613773",1275,2797
"1740163",1053,2796
"2930091",972,2795
"2835787",873,2794
"1827195",821,2792
"190721",999,2791
"2547601",958,2791
"93221",1097,2791
"857417",736,2787
"72000",768,2784
"870903",826,2781
"712270",802,2777
"1161",1657,2776
"280",1147,2775
"562",2775,1999
"72361",2775,160
"2498452",1450,2773
"1158459",2618,2772
"2109914",915,2772
"2802975",1041,2772
"2502843",867,2769
"2806989",2768,142
"2116657",873,2766
"2733867",824,2766
"190323",710,2764
"662",1788,2763
"2020311",829,2760
"379684",1119,2758
"2995140",833,2754
"1734031",744,2753
"2822761",1026,2751
"2716227",724,2747
"3039385",563,2747
"169430",1232,2743
"2763498",934,2743
"1705566",2741,528
"55080",2741,1679
"1211322",904,2739
"312306",1000,2739
"1648923",2737,334
"266062",1077,2734
"364410",776,2731
"680247",1284,2725
"748280",943,2725
"1938334",708,2722
"1547283",2719,299
"1839798",2716,76
"2969308",1058,2713
"67258",858,2703
"1564114",798,2697
"2527982",974,2694
"1639348",1066,2690
"2744516",1165,2690
"2862880",648,2690
"2202149",1182,2688
"2508168",1076,2688
"2341112",1288,2687
"341045",937,2686
"758782",700,2686
"2020312",1109,2683
"716925",1128,2683
"76115",1016,2683
"1138189",1234,2681
"2811415",1042,2680
"3017325",1239,2680
"1144307",877,2679
"2998077",2679,110
"80880",915,2674
"1302308",757,2669
"173366",1016,2668
"2067960",1038,2663
"2560053",1049,2661
"445709",950,2658
"3041765",1080,2656
"2994496",946,2655
"2811424",876,2654
"2862331",826,2648
"1842540",1038,2645
"2502781",415,2645
"293958",1036,2645
"3041175",713,2645
"458032",1034,2645
"1571470",1153,2643
"199591",781,2642
"2976680",1233,2636
"1796921",869,2635
"2782660",869,2635
"110322",1122,2631
"408015",877,2631
"2560332",2627,220
"66428",852,2623
"381",1137,2622
"1620215",1181,2621
"2760307",899,2620
"1280",2617,1191
"2609255",657,2616
"2483404",1123,2615
"2762729",890,2615
"2907154",861,2613
"2901164",974,2606
"2800818",944,2604
"29404",357,2604
"83262",732,2602
"1149133",952,2600
"2909673",786,2596
"2527984",1228,2594
"61624",2187,2591
"29311",986,2587
"1761016",1443,2582
"1783348",778,2571
"28901",2567,1580
"370622",1109,2567
"1108595",933,2564
"2829500",889,2562
"2831106",1228,2560
"2170729",1432,2557
"2775404",1119,2555
"1389922",1945,2552
"53635",870,2550
"1792508",961,2549
"2006110",998,2547
"1325564",836,2545
"536018",1117,2545
"1335048",1004,2544
"2059672",928,2540
"22",1172,2540
"2807096",1034,2539
"69362",617,2536
"134034",779,2532
"78587",873,2532
"2816454",1105,2531
"756828",2529,40
"3074437",1315,2528
"2829499",706,2520
"2744515",1111,2519
"2806346",1081,2518
"1267217",821,2517
"582702",918,2516
"128",894,2515
"47880",995,2515
"2799325",1068,2513
"78331",806,2512
"1503054",1719,2511
"2565782",1008,2511
"544",2510,2078
"1384459",1352,2509
"2126321",2506,1127
"199683",782,2505
"380021",875,2502
"56454",914,2502
"1896164",1014,2500
"1637853",2498,1394
"2597659",689,2497
"2878391",804,2497
"536",916,2496
"36873",1440,2495
"2973512",979,2492
"2571115",1013,2491
"2697569",467,2490
"2796141",2490,133
"1050370",839,2489
"1925020",2483,358
"2970925",865,2480
"2672567",2479,177
"2005885",874,2474
"2607911",2473,1034
"563172",633,2470
"748811",991,2467
"2823904",2465,336
"2782004",824,2462
"553814",867,2459
"2698682",1083,2458
"2511995",916,2455
"2726185",952,2455
"2571029",662,2453
"2976459",1133,2448
"2829815",985,2447
"1972846",793,2445
"2774189",875,2444
"357808",829,2444
"2012",667,2442
"1118379",711,2439
"392593",801,2433
"73919",806,2431
"1306274",924,2429
"2813744",706,2428
"189426",2427,316
"85016",600,2427
"1777866",1028,2425
"2487276",2424,132
"33888",669,2424
"2024551",922,2422
"2878152",791,2422
"266",912,2420
"446683",771,2420
"85021",410,2420
"2798724",830,2417
"187303",966,2416
"2762611",988,2415
"1486262",1054,2412
"2493681",1129,2412
"670516",721,2411
"2675878",531,2410
"1712261",1122,2408
"1578165",657,2405
"2811423",1041,2403
"2880219",1153,2401
"1908",823,2400
"2923375",2331,2399
"2986920",1031,2399
"1566358",2398,197
"1961713",796,2396
"1664069",2395,367
"3039157",343,2395
"467975",993,2392
"58346",823,2390
"2703789",275,2386
"2527995",1128,2383
"2920382",908,2383
"2740462",492,2381
"3031126",970,2377
"3025315",837,2376
"1579979",976,2375
"1176587",800,2373
"2879427",859,2373
"543877",820,2373
"1760988",952,2372
"2738142",708,2371
"3019602",1023,2368
"499555",668,2368
"2840468",824,2365
"125287",555,2364
"2894192",622,2364
"20",745,2363
"2041385",928,2361
"2591109",854,2361
"3034026",726,2360
"2597701",798,2358
"2824561",927,2356
"3049774",1103,2356
"2877940",891,2355
"2761107",998,2354
"475662",796,2354
"74829",818,2347
"2940488",824,2345
"1962974",841,2344
"2493670",773,2342
"354",1095,2339
"1914471",915,2337
"120962",830,2335
"2587848",2333,130
"1463158",939,2332
"1077935",864,2330
"2183911",905,2330
"2714924",870,2328
"1850250",894,2326
"2828862",511,2325
"351604",821,2325
"1795032",687,2323
"2480810",924,2323
"265976",495,2316
"2676868",710,2314
"34004",858,2311
"1943633",878,2309
"72557",1221,2309
"286802",632,2307
"2736",854,2306
"1484118",629,2305
"2986919",621,2303
"3032592",755,2303
"2605946",860,2300
"60552",1972,2297
"2493674",937,2296
"2795974",1024,2289
"123899",882,2288
"2872646",788,2288
"37931",257,2287
"405212",826,2287
"1267766",813,2284
"172043",838,2284
"2116510",586,2282
"2728835",893,2282
"2587844",753,2281
"1785128",2279,1634
"173479",549,2277
"2698828",740,2277
"80869",813,2276
"300",833,2275
"75692",821,2272
"279058",807,2271
"1550579",336,2270
"1138194",1054,2268
"2527979",1023,2265
"2603277",983,2264
"2982692",810,2263
"2607656",605,2261
"285",765,2261
"2319844",626,2257
"2981137",873,2257
"2070337",602,2254
"1981880",929,2252
"2850561",822,2252
"2528642",790,2248
"2737050",718,2244
"3025670",757,2244
"60136",887,2244
"1353889",891,2242
"1402135",880,2241
"1467",2237,201
"204037",1246,2237
"279113",786,2236
"2841257",733,2234
"2735433",1091,2232
"1644131",703,2230
"2823043",849,2222
"59737",602,2221
"2838237",1052,2219
"47960",848,2215
"2755559",576,2212
"1263728",880,2211
"3026162",683,2211
"2744574",618,2209
"1112",706,2207
"2831968",662,2206
"376489",808,2205
"2991715",569,2204
"200644",802,2203
"453230",743,2203
"2777556",656,2201
"2918527",1172,2200
"670052",600,2198
"3057176",999,2197
"521689",899,2196
"2892442",689,2192
"2995170",839,2192
"162496",580,2191
"2743089",723,2191
"2871820",985,2191
"2771436",887,2190
"2876939",561,2190
"347",819,2190
"1802",763,2187
"1870985",696,2187
"46352",642,2187
"2080759",2184,43
"1033854",856,2182
"150123",589,2182
"2714925",735,2178
"3068889",785,2178
"2886938",457,2173
"1538159",959,2172
"100225",553,2169
"575200",622,2169
"2897772",826,2167
"3015150",628,2167
"1495650",728,2166
"1842533",718,2165
"2080419",725,2163
"2817475",565,2163
"2527972",1086,2162
"1245526",790,2158
"1484116",610,2158
"3041766",609,2158
"2083786",1010,2152
"2930049",1166,2151
"1397703",2147,399
"238834",2147,440
"2293838",688,2146
"3049801",611,2144
"561184",853,2144
"1981173",832,2143
"1414719",695,2141
"2814653",671,2140
"2995143",781,2140
"52774",602,2139
"93219",806,2138
"3032001",729,2137
"37930",540,2137
"1396826",783,2131
"1742989",571,2131
"3015158",667,2131
"3061629",603,2131
"76758",746,2131
"219687",454,2130
"35554",795,2129
"644",824,2129
"2066070",964,2125
"2961596",701,2123
"2766784",550,2122
"2883126",667,2122
"2995142",1160,2122
"33887",567,2121
"1871049",881,2120
"2086577",2118,263
"2866627",714,2118
"1870820",2113,638
"1756988",1045,2112
"645517",743,2112
"342113",918,2110
"75309",765,2110
"3028711",662,2109
"2829187",2108,264
"2851959",737,2104
"2897342",769,2103
"2740807",847,2100
"2974552",708,2100
"76947",665,2100
"3041435",791,2099
"293",700,2096
"129337",2091,1629
"679318",633,2091
"1223514",625,2089
"38305",600,2089
"522259",794,2088
"59732",986,2087
"56464",773,2086
"215813",739,2085
"2952527",728,2085
"2979461",649,2083
"1735038",712,2082
"62140",651,2081
"682798",805,2080
"2974023",771,2079
"346",802,2079
"407020",652,2079
"1710540",729,2077
"256821",608,2077
"3064288",655,2077
"28104",943,2074
"160699",820,2073
"1664560",1070,2064
"453842",722,2064
"2202254",674,2062
"1727",573,2061
"1830",594,2061
"1918723",2061,9
"3016087",601,2061
"270",647,2060
"2853163",664,2060
"74329",723,2059
"447588",758,2057
"377615",777,2056
"2021862",943,2054
"2744517",844,2054
"2815358",2053,276
"2972483",2049,70
"1064539",706,2047
"345370",719,2046
"656366",504,2046
"1053",802,2044
"2982531",757,2042
"2735317",45,2041
"2962671",682,2040
"980254",931,2038
"2079792",534,2036
"33008",622,2034
"83654",2033,832
"2723776",811,2032
"73141",827,2031
"2961599",626,2029
"2497863",616,2027
"2936682",2027,129
"1896196",614,2026
"2211211",748,2026
"2721243",753,2026
"31963",570,2024
"56688",655,2024
"84112",717,2024
"1288495",701,2022
"415229",776,2021
"2782568",651,2020
"2560010",551,2019
"53412",733,2019
"1184720",817,2017
"1301",2016,696
"94625",982,2016
"96773",754,2016
"328692",690,2013
"2690837",691,2011
"2590012",2010,170
"2744522",972,2009
"2259340",697,2008
"2731112",765,2008
"2860285",525,2006
"1940612",671,2005
"2777984",2003,99
"656179",768,2003
"1694",654,2002
"1295382",777,2001
"1535204",2001,115
"186931",817,2000
"1395951",848,1999
"3034023",700,1997
"518",733,1996
"351052",773,1988
"1494608",506,1985
"506591",762,1985
"1401995",500,1984
"2065379",734,1984
"33010",464,1983
"2929803",363,1982
"1084",715,1980
"57480",690,1980
"108010",810,1976
"2654249",1044,1975
"659350",743,1974
"2991051",369,1973
"2674997",723,1970
"1267768",756,1969
"2953749",669,1968
"82367",728,1968
"656178",781,1967
"2518343",675,1966
"358220",640,1966
"2806442",588,1962
"2744523",1025,1957
"1331258",717,1956
"2305508",335,1954
"2975482",1954,970
"654",784,1954
"125",998,1953
"1661694",744,1951
"702113",664,1951
"1855416",653,1949
"2058657",575,1947
"2483403",840,1947
"2895796",815,1947
"2880932",650,1944
"3043332",1943,181
"1616788",1941,294
"47671",727,1940
"1310165",649,1939
"1364945",670,1937
"1461694",686,1937
"1458426",628,1936
"2867233",661,1935
"1945662",707,1934
"2109915",601,1934
"332999",193,1933
"1874",547,1932
"3032579",648,1932
"1972068",790,1929
"2320867",716,1924
"2837511",1922,157
"1348774",666,1921
"1853682",610,1921
"2704462",1020,1921
"2846775",509,1921
"1917485",689,1916
"2943192",925,1916
"2604537",630,1915
"2735434",893,1914
"1768242",670,1913
"2663121",538,1912
"2854260",676,1912
"133453",703,1911
"1075",664,1910
"263913",636,1910
"2739433",601,1909
"204286",769,1907
"2835531",836,1907
"2875777",545,1904
"3031998",628,1903
"3036127",751,1903
"869889",543,1903
"43927",598,1900
"2306165",1709,1899
"116718",1897,420
"1963268",610,1895
"35760",652,1895
"869886",594,1894
"1198301",584,1892
"1536774",1892,583
"2740185",661,1892
"2893890",679,1892
"2843200",523,1891
"2714923",597,1890
"926",658,1886
"2743090",617,1884
"2919917",754,1884
"1138190",821,1882
"435",662,1882
"332158",921,1881
"2983246",707,1880
"59405",739,1877
"2884455",982,1876
"1643826",628,1874
"41276",623,1869
"2987689",539,1868
"44252",1868,924
"404941",537,1867
"86663",1866,149
"1121358",518,1865
"158787",596,1864
"2079536",538,1862
"2871175",1861,889
"2913495",1826,1861
"1915078",716,1860
"205844",677,1860
"2806210",790,1860
"186802",1856,1508
"3073816",1854,164
"2735528",778,1853
"1548548",716,1851
"2251",572,1848
"2861288",494,1848
"551996",169,1848
"2583822",504,1846
"1192162",617,1845
"1823759",703,1844
"2590775",371,1843
"3050112",1843,168
"2660750",1837,60
"370038",656,1836
"652787",317,1836
"1652545",520,1835
"182710",1835,144
"2964616",395,1832
"755307",577,1830
"555316",856,1829
"2596911",375,1828
"1853699",612,1827
"2725477",585,1827
"2971235",768,1826
"1851167",671,1825
"1853690",587,1822
"554880",1818,346
"1805478",582,1817
"93218",644,1817
"1649184",624,1813
"2961939",585,1813
"1416614",643,1809
"2892541",1807,90
"2886935",412,1806
"285983",1801,176
"2927975",675,1801
"157592",708,1799
"2708079",509,1798
"2917691",536,1798
"186192",604,1794
"2203219",629,1794
"349751",574,1794
"2604047",1085,1793
"1134687",1736,1792
"59930",579,1792
"2480625",528,1790
"1273155",747,1789
"199441",1789,180
"2496847",676,1785
"692036",735,1785
"1398",1784,388
"2792603",754,1784
"2697563",509,1783
"3075121",561,1782
"2023229",632,1780
"80868",646,1780
"531813",758,1777
"639313",698,1777
"924",705,1777
"1897729",650,1775
"2962676",567,1774
"556533",593,1774
"2812648",772,1770
"2815343",635,1769
"502682",605,1769
"3031114",427,1767
"2762576",598,1766
"533",733,1765
"240521",737,1764
"2604832",666,1764
"2762329",1764,9
"2752515",669,1763
"2847991",626,1763
"1379870",307,1761
"2027860",325,1761
"2175619",455,1760
"432329",616,1760
"1234841",292,1759
"2678260",637,1759
"1432792",735,1757
"2527978",760,1756
"1936990",690,1755
"3026161",841,1754
"3052086",475,1753
"3033386",583,1752
"3020843",594,1750
"2000",474,1749
"1850093",485,1748
"84566",507,1748
"2931399",376,1746
"3068640",640,1744
"2859226",496,1743
"2933872",1743,139
"2804758",474,1742
"488732",1742,1205
"3003272",661,1741
"308754",609,1741
"2021234",765,1739
"293088",716,1739
"2587849",623,1738
"34003",726,1737
"186822",1735,1471
"2235",575,1734
"2715678",738,1734
"44251",1733,781
"1183401",589,1732
"2527980",713,1732
"497967",353,1731
"3025671",310,1730
"2161816",517,1728
"221822",631,1727
"32013",561,1726
"347534",600,1720
"980427",574,1719
"2962065",715,1718
"3031330",603,1718
"1655",523,1717
"283878",485,1713
"159346",555,1712
"3068324",620,1709
"1903704",807,1708
"2932249",463,1708
"79880",1706,251
"2805590",369,1704
"1248727",686,1703
"69964",700,1703
"2587851",566,1697
"2881056",456,1697
"1049",708,1695
"2811788",1695,791
"2961893",592,1695
"446679",471,1694
"2924032",1693,152
"2081791",710,1691
"2932248",442,1691
"665099",1691,166
"1586233",563,1688
"1620421",792,1682
"169176",559,1681
"2182384",551,1681
"67294",523,1679
"1883416",657,1677
"1491",1676,1106
"192843",602,1672
"2778902",235,1669
"2904243",592,1669
"1368430",676,1668
"461393",492,1668
"1550733",537,1665
"2077182",554,1663
"126",790,1662
"2978392",762,1662
"1458425",535,1660
"1891094",573,1660
"195105",597,1660
"1922328",1658,9
"2750025",608,1658
"1872427",575,1655
"862126",358,1653
"2931382",530,1651
"2587852",627,1650
"2014076",1648,268
"244596",716,1648
"2766984",209,1647
"451876",699,1645
"106634",621,1644
"2984530",722,1644
"199136",387,1643
"2705399",719,1642
"2589076",725,1641
"1851395",519,1638
"2953657",578,1637
"89184",656,1637
"2694929",522,1636
"2821543",624,1636
"575378",384,1636
"2745495",570,1635
"2613965",586,1634
"2886936",373,1634
"358099",466,1634
"2008794",678,1628
"423351",312,1626
"2931976",535,1624
"2604158",557,1622
"1526572",686,1621
"1609966",633,1620
"203135",553,1618
"2493093",465,1618
"2963434",518,1618
"758826",535,1618
"2692330",595,1617
"1849581",637,1616
"373",678,1616
"3031125",49,1615
"2894187",372,1614
"2842346",292,1613
"157782",636,1612
"74031",573,1612
"1335061",627,1609
"39775",626,1609
"1547448",451,1608
"2478662",487,1608
"34002",612,1608
"2497875",1607,1127
"88723",540,1607
"2169540",1604,122
"396595",658,1603
"500",535,1603
"3030011",678,1602
"1479",1601,133
"1434011",510,1599
"1123043",614,1597
"2987688",455,1597
"414",596,1597
"1282737",451,1594
"2856823",585,1594
"2867231",567,1594
"56455",588,1594
"2931975",533,1593
"57497",567,1591
"121292",341,1590
"1715989",567,1589
"2811422",545,1587
"138118",572,1584
"178339",475,1583
"2761047",364,1582
"2949993",520,1582
"1453760",562,1581
"1854057",769,1581
"74426",592,1581
"1547898",435,1580
"1564506",576,1580
"28448",532,1580
"675090",457,1580
"553982",626,1579
"376170",513,1577
"130049",1306,1575
"651143",474,1575
"1040979",725,1572
"2908006",617,1572
"2725560",1571,470
"2909672",456,1571
"158080",633,1570
"2080740",483,1570
"363952",529,1567
"2211108",615,1563
"387343",549,1562
"1656",448,1561
"2722820",469,1556
"2597769",596,1554
"28256",626,1554
"2202141",572,1552
"2930199",572,1552
"1496",1551,287
"3003271",618,1551
"2840474",626,1550
"1873716",685,1549
"1549850",560,1547
"1768108",496,1545
"2861765",305,1545
"2971236",586,1544
"3051137",569,1543
"1532552",1540,188
"1670",387,1539
"482",647,1539
"2054641",1536,43
"1765967",654,1535
"3031996",531,1535
"69823",535,1535
"1081866",608,1534
"2850441",1534,139
"2173174",342,1533
"1833",401,1530
"1028989",427,1528
"187304",675,1528
"1385715",276,1526
"1644056",495,1525
"293388",1525,25
"43306",538,1520
"47883",542,1517
"641491",537,1516
"646637",720,1516
"1390",1515,161
"2714945",704,1515
"1353136",509,1511
"2918299",530,1511
"2961595",515,1511
"2023772",893,1510
"74712",316,1510
"2929796",1509,163
"47879",1005,1509
"1411902",595,1506
"1225769",580,1504
"2956797",525,1502
"2963433",481,1502
"2884874",629,1500
"1176721",313,1499
"759811",1499,129
"345632",561,1498
"1465",1497,276
"67351",522,1496
"1716143",500,1494
"1125847",667,1492
"2587163",555,1492
"2846779",1492,66
"2494374",566,1490
"1538158",560,1488
"2025949",567,1488
"38302",455,1488
"1603606",569,1487
"2565558",521,1487
"699433",492,1487
"2847989",531,1486
"3009083",475,1482
"3038924",332,1482
"400061",537,1482
"96241",1482,142
"2584094",465,1481
"2583231",578,1479
"3002901",432,1477
"3050071",520,1476
"2867011",546,1474
"816",622,1474
"629680",400,1473
"191028",553,1472
"2979467",527,1472
"86665",1471,154
"3029055",488,1470
"3068275",484,1470
"2653853",536,1469
"1073",612,1468
"55968",404,1468
"74318",532,1466
"2079535",478,1465
"1682490",601,1464
"2770322",650,1463
"1850526",300,1462
"686597",638,1462
"2840183",588,1461
"441500",447,1461
"1737425",443,1460
"29288",545,1460
"146937",553,1458
"2739057",432,1457
"2724527",517,1456
"2886940",369,1456
"320497",452,1456
"33918",391,1455
"106591",605,1454
"3032287",1451,116
"414771",1450,523
"44250",1450,270
"2708301",529,1447
"47421",492,1447
"1299",521,1445
"2169400",610,1444
"1484693",436,1442
"2847045",537,1442
"334542",371,1442
"29320",70,1437
"1856685",518,1436
"3016341",552,1436
"89154",454,1431
"47716",684,1429
"78327",516,1429
"412963",842,1425
"573737",482,1425
"83677",390,1424
"2057798",427,1421
"2584940",351,1420
"853",484,1420
"2489212",383,1419
"2909249",488,1418
"2953750",507,1418
"2847992",505,1417
"462710",407,1417
"2651583",536,1416
"2860258",538,1416
"361183",439,1416
"1773",448,1414
"44750",422,1414
"2773299",530,1413
"2691354",717,1412
"1048396",498,1411
"1763535",468,1411
"2675218",420,1411
"110932",240,1410
"1949083",516,1406
"2057800",428,1405
"122277",972,1404
"1536773",1404,477
"1608628",827,1404
"163877",1404,147
"229731",495,1404
"2583532",619,1404
"404432",578,1404
"2752316",466,1403
"71254",389,1403
"2871688",1276,1402
"3024400",582,1401
"3047478",523,1399
"1309411",474,1398
"2748873",498,1398
"61647",988,1398
"418223",348,1397
"2771012",560,1396
"43663",176,1396
"497727",414,1396
"1781",441,1395
"2726189",468,1395
"2902623",444,1395
"2816859",309,1394
"1009682",494,1391
"2982694",533,1391
"2527990",611,1390
"2880221",1389,135
"1703",422,1388
"2594795",549,1387
"544580",467,1387
"2714940",217,1386
"33011",347,1385
"1463165",1384,1248
"2039234",446,1384
"1906273",512,1383
"1639",1382,233
"2599819",373,1382
"2907343",486,1382
"292800",481,1381
"48664",550,1379
"2609252",393,1377
"2925841",541,1375
"1537215",514,1373
"1886",406,1373
"244366",1372,708
"1072256",434,1371
"1294143",523,1370
"2742133",669,1369
"60035",464,1369
"69965",1368,118
"2773308",521,1366
"2184519",479,1365
"2239",471,1364
"191292",390,1363
"168471",510,1361
"1333523",397,1357
"3017783",530,1357
"1041",465,1356
"1188315",461,1356
"470931",989,1356
"33052",428,1355
"2663022",1354,160
"1653831",895,1352
"2283160",1350,213
"191610",427,1347
"2829501",490,1346
"3058420",534,1345
"2816475",446,1344
"337243",453,1344
"216851",461,1342
"1407499",432,1341
"2962672",440,1339
"110539",338,1337
"3033809",460,1336
"551759",491,1335
"873",538,1335
"2932256",1334,98
"2079791",369,1333
"1372",1331,313
"2895480",704,1331
"83614",582,1331
"1306787",554,1328
"158822",1328,1097
"2678258",1037,1328
"2835648",361,1328
"1773489",514,1327
"84567",261,1327
"2596915",312,1326
"68909",437,1326
"59779",443,1325
"81032",614,1325
"1775881",498,1324
"1796606",602,1324
"2691357",739,1322
"2769067",387,1320
"296",478,1320
"3055079",432,1318
"33072",464,1318
"2587847",485,1316
"3015995",537,1316
"1219",807,1315
"1118963",131,1314
"1930276",662,1314
"2782655",392,1312
"274",421,1311
"2691571",472,1308
"56453",530,1307
"2509675",410,1306
"2733488",507,1306
"3033389",460,1305
"2872158",415,1304
"1851505",414,1302
"2614442",498,1301
"1479019",334,1300
"2497861",505,1300
"930166",913,1300
"2742",494,1299
"2794089",368,1299
"225194",403,1298
"1434191",538,1297
"517719",463,1296
"1357074",508,1291
"1482",1290,138
"1891926",535,1290
"85017",313,1289
"2692125",376,1287
"416",515,1287
"266951",406,1284
"164608",418,1283
"546",1283,514
"2202000",498,1282
"2926399",1282,166
"2718876",370,1281
"13134",534,1279
"3055080",515,1279
"73010",420,1279
"2587855",491,1278
"2779527",1278,118
"3045175",569,1278
"32012",395,1278
"208199",1277,123
"2697565",430,1277
"76760",503,1277
"1404244",393,1275
"1552990",443,1275
"2707005",1275,262
"2048654",1273,120
"2954084",771,1273
"1755504",508,1272
"1872084",652,1272
"2746",476,1269
"1932360",409,1268
"213422",523,1268
"2511069",396,1268
"648999",361,1268
"2217913",1266,1044
"2953890",471,1266
"2991053",1263,211
"1216297",1260,140
"1307763",461,1260
"134623",441,1260
"340320",393,1260
"2599595",427,1259
"60890",480,1259
"430679",639,1257
"62320",407,1256
"1903411",1255,423
"352",423,1255
"571",1255,839
"2964609",317,1254
"255247",1253,137
"311182",507,1251
"3033810",518,1250
"59561",390,1250
"3032283",397,1249
"157783",411,1247
"1329841",1246,79
"2683284",589,1246
"2906474",474,1246
"80878",398,1246
"135613",609,1244
"1649453",530,1243
"1288970",459,1241
"56460",464,1241
"3026424",604,1240
"3031727",422,1240
"3032281",431,1240
"901",445,1240
"2055955",388,1239
"651",442,1239
"1350",1237,367
"2057025",313,1237
"3003247",515,1236
"1473112",1235,404
"1548547",573,1234
"186826",1234,314
"1906744",1234,41
"1930273",529,1234
"2590785",161,1232
"2897333",1232,136
"564137",451,1232
"1637862",868,1230
"548",1228,797
"2213194",1227,133
"1649486",424,1226
"247480",1225,151
"507",448,1225
"1658672",430,1224
"1873425",1224,562
"35746",425,1224
"1747",474,1223
"237609",410,1222
"2605945",438,1222
"2999067",327,1222
"442",415,1221
"1562974",416,1220
"3002903",325,1220
"1532905",1219,240
"405559",492,1219
"1495638",392,1218
"1806885",396,1218
"2733571",379,1218
"2319843",437,1217
"2712698",614,1216
"2674991",502,1214
"2811108",413,1213
"1858609",369,1212
"936337",318,1211
"38304",423,1207
"441501",406,1207
"1695218",770,1205
"3042299",427,1205
"78448",308,1205
"57494",364,1204
"43771",361,1201
"81475",481,1199
"3015166",384,1198
"3038546",506,1197
"2587842",434,1196
"2184083",479,1195
"2993564",457,1195
"2994972",360,1195
"119",531,1194
"29442",507,1193
"2949307",391,1193
"2497325",395,1192
"2737173",336,1192
"1928",810,1191
"2728024",384,1191
"2879621",170,1191
"12916",435,1189
"2529386",1189,83
"2745503",184,1189
"634157",425,1189
"1446467",323,1188
"1967501",459,1188
"2494550",485,1186
"106654",1185,1102
"2029983",441,1185
"2895495",880,1185
"2961598",424,1183
"413496",1183,1134
"83564",430,1183
"2011159",441,1182
"2812658",532,1182
"2909283",507,1182
"1400387",723,1180
"206351",535,1179
"881",441,1179
"1571",1178,287
"28099",483,1177
"1763538",1176,147
"227866",1174,83
"2795779",555,1173
"231454",414,1170
"3038545",504,1169
"2885078",342,1168
"74033",457,1168
"1853232",323,1166
"2078786",178,1166
"2796927",412,1166
"1637869",838,1165
"3064531",500,1163
"1138383",331,1161
"2764705",468,1161
"2932251",295,1161
"379895",412,1161
"1891671",343,1160
"1126833",1159,782
"2589818",1159,68
"2910158",377,1159
"1050",520,1158
"184917",378,1157
"1464",1156,183
"2951988",433,1156
"1985175",1155,19
"470932",801,1153
"1335613",381,1152
"195913",394,1151
"2735870",344,1151
"3067904",485,1151
"1889240",366,1150
"2692134",263,1150
"147206",423,1146
"1930532",399,1146
"2961574",367,1146
"561",1139,1146
"645",471,1146
"92945",486,1146
"1586232",431,1145
"2508289",385,1145
"2836432",425,1145
"1402",1144,55
"2962673",395,1144
"2675099",347,1143
"2779519",393,1142
"304378",382,1142
"445930",351,1138
"1323948",492,1137
"2759954",486,1137
"87",555,1137
"153496",357,1136
"1902245",297,1136
"1906",357,1136
"2733487",403,1135
"2747268",383,1135
"68203",515,1135
"2751478",379,1134
"879",435,1134
"2994971",328,1133
"38289",343,1133
"2527996",497,1132
"414371",464,1131
"53246",1131,830
"2057743",278,1130
"2842357",387,1129
"299262",375,1128
"63",396,1128
"1983719",1127,131
"1211326",266,1126
"2341117",358,1126
"3025666",243,1125
"2520506",333,1124
"388408",585,1123
"2745504",270,1122
"2758038",469,1122
"2982699",337,1122
"1771309",437,1121
"187491",373,1121
"2704463",845,1120
"2932255",1120,94
"1890424",418,1118
"2886932",276,1118
"1813451",475,1117
"2681310",427,1117
"3019968",385,1116
"658446",398,1116
"1933880",292,1115
"156978",365,1114
"2578106",180,1113
"2951804",419,1113
"2594007",265,1112
"2045451",155,1110
"93222",386,1110
"196024",407,1109
"3073092",1109,196
"63561",376,1109
"2048897",180,1108
"1262452",408,1105
"1296",1105,157
"1017270",1103,237
"2968969",369,1103
"2175621",299,1102
"2081970",835,1101
"119484",406,1100
"660522",340,1099
"2883169",390,1097
"261284",341,1096
"1758178",406,1095
"2912187",1094,95
"43675",322,1094
"171865",462,1092
"2527867",364,1092
"3046670",388,1091
"497725",1091,578
"66269",801,1090
"1382803",361,1086
"1870819",1086,418
"1177",661,1085
"1748965",441,1085
"2594883",1085,87
"2883205",440,1085
"1055323",1084,107
"1520670",326,1084
"2017483",1084,129
"398049",294,1084
"521",435,1083
"2493677",539,1081
"3048007",421,1081
"392610",419,1081
"413",421,1080
"1684",340,1079
"265959",383,1079
"2866808",386,1079
"2495594",400,1078
"2718938",539,1078
"2866311",353,1078
"2906514",830,1078
"2901142",469,1076
"1458461",454,1075
"189691",990,1075
"2609254",288,1075
"2823905",1075,146
"1017351",297,1074
"1960083",342,1073
"2592049",368,1073
"2939414",452,1072
"1529068",438,1071
"2565926",1070,282
"3059028",361,1070
"107",304,1069
"2652443",371,1069
"1938604",324,1066
"2605989",459,1065
"1881069",473,1063
"1918721",1063,5
"2072414",405,1063
"1487865",337,1062
"1569",1062,223
"33934",1061,152
"1281578",386,1060
"571177",345,1060
"182210",401,1059
"254758",1059,169
"2590774",153,1059
"2867264",235,1058
"273384",346,1057
"2856523",165,1056
"2867238",359,1056
"1520",1055,361
"2019",271,1055
"307580",1055,371
"215221",307,1054
"2982524",353,1053
"3040943",423,1053
"2609258",259,1052
"2709784",1052,178
"2884876",339,1052
"2893057",1052,73
"1907662",380,1051
"2675877",248,1051
"2953748",386,1051
"79885",1051,138
"146923",562,1048
"2748080",364,1047
"328813",396,1047
"290400",410,1046
"135740",423,1045
"1619311",1045,322
"2666025",331,1045
"2714935",274,1045
"1619313",1043,686
"45668",1043,192
"3041264",73,1042
"564064",308,1042
"2247",355,1040
"2967130",428,1040
"2528027",473,1039
"2837504",1039,182
"2853258",281,1039
"2876713",1039,113
"70775",468,1039
"2906456",303,1038
"2995658",197,1038
"82996",1038,883
"251699",250,1036
"1703340",343,1034
"2938695",376,1034
"3026418",475,1032
"1903858",467,1031
"2867016",393,1031
"2972478",399,1031
"35814",410,1031
"3029084",354,1030
"420402",388,1030
"2282849",1029,677
"471189",322,1029
"538949",419,1029
"745377",307,1029
"2675378",853,1028
"3025782",438,1027
"604330",363,1027
"2705472",369,1026
"200451",356,1025
"2725563",248,1025
"3029060",448,1025
"206506",389,1024
"1462527",1023,101
"1605838",340,1023
"2009329",438,1022
"154981",374,1021
"2819280",433,1020
"1356852",292,1019
"104087",412,1018
"3033392",318,1018
"319501",378,1018
"1335757",410,1017
"2494234",389,1017
"1630135",301,1016
"29284",327,1016
"1221500",1015,115
"2937524",345,1015
"1046",426,1012
"2175664",291,1012
"1938606",361,1011
"2489213",344,1011
"289370",446,1011
"2949995",354,1011
"1234",347,1010
"1826864",293,1010
"223182",341,1009
"2528017",426,1009
"2867236",340,1009
"3028315",1009,153
"2855836",338,1008
"1413",1006,115
"198620",299,1005
"2902624",364,1005
"2916410",361,1005
"1183413",335,1004
"1508404",1004,112
"296842",361,1004
"436",347,1004
"88724",357,1004
"99",490,1004
"511",393,1003
"2698684",420,1002
"1477518",111,1001
"2763010",322,1001
"1536769",1000,319
"152794",277,998
"184748",416,998
"393765",380,998
"1178516",291,997
"1136497",296,995
"2691359",608,994
"29543",362,994
"55148",313,994
"2020716",843,993
"555317",495,993
"2761579",243,992
"2901189",342,991
"2906443",267,991
"748197",288,991
"2237",318,990
"108486",270,989
"2053930",404,989
"2072413",370,988
"2710596",285,988
"2986927",393,988
"35841",988,120
"2964610",224,987
"3061632",336,987
"551",987,666
"3017782",357,986
"2728022",233,985
"52022",331,985
"2017482",399,984
"28141",984,829
"635",518,984
"1637",981,98
"2735316",159,981
"2932258",981,115
"160799",980,409
"189425",980,401
"2775080",435,980
"3031113",249,980
"169679",979,139
"2867020",352,979
"2878915",978,285
"1661",296,977
"1852390",293,977
"363852",236,977
"2898441",354,975
"876",305,975
"169133",270,971
"3026423",449,970
"652",389,969
"95301",371,969
"1798205",415,968
"3033387",332,968
"3039392",968,276
"3075123",320,966
"2518599",373,965
"2874628",346,965
"65958",319,965
"2997335",105,964
"2931930",468,963
"2996034",963,648
"28232",354,962
"1796",344,960
"2615203",233,960
"2152891",416,959
"43617",438,959
"194924",387,957
"1679096",320,956
"2908651",262,956
"166501",277,955
"216142",338,955
"2925845",955,115
"1148157",948,954
"49283",954,924
"1795043",448,953
"2817656",359,953
"160674",869,952
"2175660",258,952
"253703",951,149
"2777185",951,87
"743836",367,951
"28453",414,950
"92644",309,950
"2127060",461,947
"2749086",375,946
"1421430",240,945
"2049",256,945
"2844358",945,101
"1883414",322,943
"2939437",297,943
"638849",354,943
"2590016",410,942
"2709392",278,942
"2721245",324,942
"3033390",312,942
"33071",328,942
"2835869",941,183
"413810",360,941
"2856338",939,54
"682956",939,519
"2501295",380,938
"2879622",147,938
"2886352",938,432
"1667168",293,937
"2806263",358,937
"2682776",360,936
"163202",289,935
"1632780",384,935
"2876194",342,935
"894",326,935
"2175149",313,934
"487698",809,934
"984",285,934
"3042026",310,933
"2593652",932,101
"81479",299,931
"869888",305,931
"302485",381,930
"2730359",359,929
"171163",323,928
"2496837",380,928
"2583823",366,928
"2931974",317,928
"1457250",324,927
"1821625",521,927
"507626",428,927
"512763",299,927
"1173025",339,926
"1860122",372,926
"2830842",347,926
"200450",317,925
"1499308",924,331
"2909671",924,658
"31993",382,924
"336820",188,924
"81408",924,170
"72274",371,923
"1385664",246,922
"1678128",284,922
"1198456",283,921
"2015348",921,532
"239759",316,921
"2772253",291,921
"2932257",921,134
"171549",365,920
"75293",301,920
"2734634",314,919
"370111",438,919
"648",359,919
"77635",284,919
"2572921",317,918
"2597515",307,918
"2861284",289,918
"2909339",309,918
"163359",314,916
"2875539",288,916
"2983233",255,916
"198618",322,915
"255984",296,915
"1526412",242,914
"2583989",914,45
"2714934",237,914
"2792015",418,914
"2758563",913,270
"2321394",263,912
"413497",912,875
"1338368",911,213
"2867022",349,911
"1980674",910,71
"465541",258,910
"640205",339,910
"2804761",218,909
"2508880",262,907
"2908839",907,394
"1619153",523,906
"2094021",414,906
"1306526",905,503
"2725558",341,905
"274537",378,905
"375489",905,530
"2585118",354,904
"2876190",281,904
"3033388",277,904
"336203",265,903
"1108",382,901
"2878535",316,901
"1502",900,351
"310783",330,900
"1505757",899,708
"2743000",899,186
"2682091",247,898
"2877939",327,897
"2911520",325,897
"683737",897,103
"1871022",310,896
"2715209",895,55
"2699430",410,894
"2759525",342,894
"2818390",894,126
"38286",281,894
"63745",343,894
"2745490",328,893
"496057",293,892
"2729421",891,137
"1174501",890,389
"3032584",321,890
"323450",347,890
"392011",548,890
"416273",284,889
"3034025",248,888
"56459",380,888
"2175667",228,886
"245188",320,886
"285091",358,886
"3045157",382,886
"401472",245,886
"47878",286,886
"980251",399,886
"29581",279,884
"446660",302,884
"1912215",214,882
"2608254",882,27
"133924",322,881
"375286",270,881
"141948",402,879
"2910984",307,879
"487184",335,879
"2904242",371,878
"2666185",362,877
"2490851",876,328
"1968839",273,875
"2750620",250,875
"1155739",550,874
"582",646,874
"231439",326,873
"68239",325,873
"2878680",263,872
"2350",302,871
"2898794",328,870
"33995",284,869
"2585119",285,868
"649841",356,868
"9",867,848
"2675231",866,100
"2883100",323,866
"2961597",309,866
"481",348,866
"2986947",325,865
"2055947",256,864
"198467",863,84
"2175641",217,862
"2874284",862,30
"1499686",365,861
"33907",230,861
"472181",286,861
"1162",522,860
"1940",296,860
"81",799,860
"147322",305,859
"2600596",354,856
"2898795",241,855
"36746",186,855
"3031916",327,852
"379347",349,852
"1379910",290,851
"2774562",388,851
"2789857",287,851
"545501",851,120
"3019098",313,849
"1834519",261,847
"739141",183,847
"2590869",260,846
"2740163",307,845
"32003",395,845
"35701",275,845
"556257",390,845
"2843765",844,289
"56450",349,844
"106633",383,843
"1701090",284,843
"3034024",266,843
"2749906",255,842
"155894",355,841
"2859228",841,695
"2867516",515,841
"313985",289,841
"2742129",274,840
"92947",285,840
"2086585",300,837
"1379040",277,836
"214856",282,836
"3053904",301,836
"715179",836,466
"947919",329,836
"156453",308,835
"2944234",331,834
"1331910",404,832
"172827",262,832
"2745947",240,831
"2879620",128,831
"702114",328,829
"1930622",277,827
"2822760",254,827
"361111",336,826
"2933779",281,825
"2731681",340,824
"388950",327,824
"84096",248,824
"277",293,823
"472693",823,467
"83219",293,823
"1462996",822,299
"1898733",208,822
"2028345",315,821
"427923",259,821
"485898",303,821
"2842356",306,820
"3051614",820,23
"1282",819,354
"208224",819,222
"2599399",288,819
"511062",276,819
"2678688",278,818
"2722825",226,818
"2975049",350,818
"1930277",371,817
"204038",415,817
"2201271",205,817
"555573",293,817
"1990687",242,816
"2842355",299,816
"2185142",308,815
"2560335",815,8
"2675219",238,815
"204461",287,813
"95300",298,811
"2916397",286,809
"2918528",279,809
"2992441",207,808
"179637",260,807
"741759",281,806
"2681547",347,804
"169760",802,693
"651822",281,802
"265960",283,801
"28097",268,800
"2830999",105,800
"2886045",236,800
"2978973",309,800
"2987533",473,800
"3047872",800,145
"355249",299,800
"706438",246,799
"152260",275,798
"1457",325,797
"1531429",272,797
"1632865",327,797
"244566",270,797
"2876193",285,797
"169292",268,796
"2881234",371,796
"168934",300,794
"52773",268,794
"1906738",406,792
"2044521",274,792
"1648404",271,791
"2697027",420,791
"36745",791,188
"1288121",284,790
"2527968",375,790
"2731552",301,790
"3059027",248,790
"1916917",206,789
"3025190",501,789
"359110",307,788
"43770",245,788
"106",277,787
"1436290",262,787
"33059",284,787
"2728853",786,109
"1094342",329,783
"218936",327,783
"2494701",781,401
"2796139",262,780
"2603215",276,779
"59843",779,86
"2806252",269,778
"2986803",273,778
"2599296",273,777
"44742",248,776
"959",283,776
"1710539",255,775
"2691417",471,775
"42906",535,775
"133926",283,773
"118613",108,772
"145458",207,772
"1916956",218,772
"2545455",249,772
"2735906",307,772
"430522",218,772
"2978474",298,771
"2098",770,46
"2747817",260,770
"421628",361,770
"53374",240,770
"1496080",200,769
"2913412",440,769
"348826",239,769
"2837508",768,111
"2884875",279,767
"1148509",268,766
"1231",362,766
"1442136",271,766
"2576902",391,766
"186188",214,765
"2498848",299,765
"2831149",556,765
"1703338",237,764
"2054919",242,764
"218284",764,137
"434",272,764
"1646340",763,654
"2003188",276,762
"2931977",255,762
"2571030",246,761
"86185",264,761
"897",207,761
"2610902",243,760
"2754725",228,760
"2961570",238,760
"2008795",290,759
"2115968",759,78
"2518644",256,759
"2718",296,759
"2874213",312,759
"225992",262,758
"2796366",251,758
"368607",254,758
"68209",267,758
"297",276,757
"158627",188,756
"1618207",213,756
"298596",756,76
"3016342",196,756
"84993",315,756
"2880651",285,755
"1891787",304,754
"2583374",194,752
"2707525",253,752
"2231055",308,750
"39791",246,750
"1499392",291,749
"2175644",203,749
"2303505",749,26
"2565554",206,746
"2706126",294,746
"2779361",239,746
"848",746,298
"3041098",259,744
"702115",257,744
"1532555",302,743
"1536771",742,240
"1821621",330,742
"34008",292,742
"2175674",170,740
"2493633",227,740
"1775880",199,739
"1909299",278,739
"2071710",739,360
"1243",738,456
"2862866",286,738
"210",484,737
"2509456",737,368
"71655",414,737
"119977",286,736
"2730847",249,736
"364197",284,735
"387341",267,735
"636",463,735
"91915",232,734
"2026885",250,733
"92490",733,246
"2005456",417,732
"3074204",732,11
"2049589",253,731
"265606",366,731
"29571",272,731
"3021710",328,730
"3058393",730,187
"1385663",220,729
"1902",410,729
"2259622",280,729
"2813727",154,729
"1134435",275,728
"154",249,728
"2055893",242,728
"2810347",728,284
"2810514",728,91
"483937",728,339
"3028314",281,727
"2763540",188,726
"370324",210,726
"471827",273,726
"61652",518,726
"1334193",578,725
"2726956",293,725
"1214604",318,724
"1426",724,208
"1696072",164,724
"188932",161,723
"1541",722,71
"1120045",249,720
"2711328",198,720
"2758573",238,720
"402384",720,100
"1603886",234,718
"1176257",231,717
"1984801",264,717
"2576356",717,43
"2803845",336,717
"2954086",205,717
"29570",269,717
"1353147",231,716
"2764185",304,715
"496056",281,715
"262324",407,714
"2731680",243,714
"2823518",232,714
"131081",205,712
"1925550",204,712
"2320270",266,712
"1411316",183,711
"2762577",221,711
"2781021",308,711
"2895486",274,711
"2884220",245,710
"2986928",255,710
"38288",246,710
"3022676",290,709
"2700081",708,92
"986",118,708
"2505977",234,707
"2742134",460,707
"74030",305,706
"44675",258,705
"1297617",242,704
"2518176",704,133
"44012",268,704
"2798804",245,703
"3074822",71,703
"2016196",316,702
"2710758",337,702
"2781022",281,702
"333367",260,702
"2073078",305,701
"81412",258,701
"1898738",201,700
"1842535",261,698
"1336740",227,697
"1470347",235,697
"2924031",697,90
"224402",252,696
"33958",696,406
"2813778",263,695
"2984842",175,694
"321846",193,694
"67825",694,371
"208216",245,693
"2153354",693,476
"255475",347,693
"2584944",263,693
"2746321",254,693
"2871694",256,693
"2954094",248,693
"2911514",692,103
"55209",692,401
"2035811",311,691
"1736226",309,690
"2684212",266,690
"3059080",193,690
"1808979",279,689
"3017784",315,689
"2785627",237,688
"2954092",243,688
"2979863",344,688
"1280948",292,687
"258",283,687
"712411",230,687
"1283291",275,686
"2093857",230,684
"2692233",332,684
"3028878",262,684
"89053",203,684
"190893",296,683
"1980001",228,683
"2866592",257,683
"2953881",195,683
"306",262,683
"588898",187,683
"2866381",228,682
"2963939",282,682
"122",310,681
"2560058",264,681
"3017781",276,680
"3022697",680,205
"227319",229,679
"2579248",79,679
"2665156",165,679
"2815360",270,679
"2831673",679,112
"328814",228,679
"2680004",144,678
"2751",677,94
"3075619",178,677
"2161747",290,676
"483547",280,676
"1046043",263,675
"1510150",273,675
"2823875",606,675
"2901380",199,674
"3075620",168,674
"2953747",234,671
"1332080",216,670
"2789740",163,670
"38284",176,670
"1177712",210,669
"3057114",248,669
"46677",267,669
"102134",668,257
"53501",255,668
"940557",153,668
"1765219",220,667
"241244",667,33
"59282",342,667
"1680",235,666
"271420",204,666
"2979861",289,666
"32046",227,666
"580459",666,22
"679663",187,666
"1478019",242,665
"2678259",225,665
"641107",665,175
"84110",242,665
"1785161",269,664
"1866326",288,664
"202907",171,664
"2579977",236,664
"2924034",662,81
"136857",221,661
"1685",220,661
"2172098",129,661
"222819",250,661
"2730848",239,661
"3074146",265,661
"2894778",660,2
"1550024",276,659
"2714933",182,659
"2830994",85,659
"2995155",236,658
"186818",657,49
"2961571",220,657
"545",657,147
"1288494",327,656
"1397264",263,656
"2954096",220,656
"353800",207,656
"1536775",655,113
"2866382",235,655
"45401",490,655
"67260",222,655
"121872",209,654
"2741301",654,365
"3021811",236,654
"86265",532,653
"1231000",191,651
"2907205",208,651
"2785056",264,650
"426114",259,650
"2650975",201,649
"633404",649,128
"2153485",257,648
"2815309",243,648
"2979870",343,648
"1459637",248,647
"3051119",245,647
"1197717",208,646
"256701",220,646
"43768",176,646
"167964",193,645
"90964",645,87
"1678028",179,644
"181663",240,644
"2932259",643,135
"2953753",212,643
"417367",643,115
"53413",203,643
"2478464",642,199
"3017361",207,642
"930805",245,642
"1931241",289,641
"253239",207,641
"454171",216,641
"2806553",218,639
"651740",229,639
"2782643",195,638
"2980100",232,638
"2259595",257,637
"2563602",491,637
"3022791",251,637
"441209",223,637
"1537400",239,636
"292414",250,636
"3062598",635,360
"388463",190,635
"2682228",242,634
"558537",196,634
"1484898",425,633
"203263",158,633
"2714932",159,633
"44930",205,633
"1506334",569,632
"1618022",280,632
"2020313",239,632
"3034675",173,631
"13769",242,630
"1590",298,630
"1068",367,629
"1543721",266,629
"1795874",211,629
"2916802",629,145
"2973088",245,629
"1188319",238,628
"463024",251,627
"2600177",247,626
"102116",215,625
"1550728",202,625
"1844971",216,625
"2683680",625,10
"84111",211,625
"1277350",255,624
"929813",400,624
"2069255",623,72
"46679",276,623
"156976",165,620
"3004129",217,620
"437900",221,620
"1472767",619,113
"2126281",175,618
"2364787",224,618
"1580596",212,617
"913107",217,617
"3068341",204,616
"2898151",168,615
"658644",229,615
"1712516",614,239
"2482728",126,613
"253",379,613
"2886046",246,613
"2997337",219,613
"1132836",249,612
"1178482",223,612
"1536770",611,159
"1705310",534,611
"200452",178,610
"592316",610,388
"2594459",248,609
"657387",230,609
"83986",196,609
"1985873",250,608
"2527691",222,608
"1449",607,55
"1290",606,312
"1351",606,162
"2505979",551,606
"55079",606,247
"2259620",248,605
"3035471",262,605
"73918",221,605
"3067903",268,604
"294699",603,120
"69527",196,603
"1335746",263,602
"2749999",219,602
"33871",216,602
"1096868",140,601
"1573719",229,600
"2173831",282,600
"2785785",202,600
"232348",191,599
"2842349",200,599
"2871487",423,599
"2953746",190,598
"463192",220,597
"1664033",233,596
"1715691",236,596
"239934",209,596
"2768834",186,596
"264686",224,595
"2724121",237,595
"2954091",212,594
"1007105",184,593
"1853130",222,593
"1986146",207,593
"321327",207,593
"2608981",229,592
"746691",592,81
"1637837",297,591
"2027919",591,287
"2724123",215,591
"2775159",227,591
"69525",199,591
"2048283",262,590
"2108523",197,590
"430914",208,590
"1566351",195,589
"2233542",589,125
"2495430",180,589
"2726989",221,589
"517398",190,589
"56957",225,589
"1178",371,588
"2602067",240,588
"1881022",447,587
"1930274",264,587
"218208",229,587
"2692425",587,71
"2724468",587,468
"145357",141,586
"2558360",201,585
"683042",160,585
"1916",349,584
"1115757",219,583
"1573718",250,583
"2496867",169,583
"2822844",216,582
"2496028",125,581
"252514",198,581
"1163710",580,325
"1420917",216,580
"2682541",580,82
"2796143",342,580
"2919578",186,580
"3034020",213,579
"2942204",578,226
"365617",578,424
"1769779",255,577
"3062685",314,577
"699041",169,577
"1261031",253,576
"1863",136,576
"265426",576,92
"2796470",322,576
"2956832",244,576
"114707",227,575
"2724122",262,575
"872",197,575
"1080068",220,574
"1190508",207,574
"129338",574,574
"1803177",178,574
"3041497",231,574
"1954171",573,302
"2070369",208,573
"2743",224,573
"2175673",140,572
"2745482",223,572
"37929",161,571
"45989",194,571
"98228",571,183
"2692235",226,570
"2983267",63,570
"92942",294,570
"1215089",569,57
"2592345",211,569
"2434",218,567
"2678261",195,567
"2694930",192,567
"476157",184,567
"712710",216,567
"3051171",206,566
"33986",566,418
"48074",251,566
"899",187,566
"1935",209,565
"2719588",132,565
"2980026",565,70
"1295642",564,131
"1325724",254,564
"2762563",564,218
"2855502",164,564
"447020",211,564
"1492",563,122
"2916755",199,563
"1752063",300,560
"2305221",428,560
"3058963",227,560
"556325",131,560
"76335",382,560
"3058903",191,559
"406552",188,559
"98671",164,559
"28151",498,558
"2956823",208,557
"1501",556,208
"2268026",161,556
"2866588",157,556
"1125",222,555
"1178515",555,282
"2785907",176,555
"29542",206,555
"394733",191,555
"1263550",386,554
"271",190,554
"2895494",478,553
"626119",148,553
"2500532",196,552
"278153",192,552
"650",190,552
"1778678",551,236
"2795293",197,551
"529",230,551
"797277",220,549
"875171",204,549
"2052056",548,310
"2946605",196,548
"3068314",200,548
"1922327",547,5
"2171755",234,547
"2933562",192,547
"1076550",546,260
"2744520",217,546
"405",210,546
"435905",219,546
"698828",234,546
"2994661",215,545
"3027225",229,545
"1003114",304,544
"146939",185,544
"2018065",123,544
"241425",237,544
"318683",201,542
"77021",188,542
"154116",115,541
"2939494",541,29
"472569",165,541
"2662363",191,540
"2996051",164,540
"648794",196,540
"274539",177,539
"1283",538,110
"2600320",148,538
"1111069",176,537
"1809410",164,537
"1844999",537,48
"2267833",269,537
"2738410",198,536
"629",477,536
"70411",155,536
"2782686",137,535
"1500254",534,134
"2488819",178,534
"2587846",225,534
"302484",183,534
"1561",533,125
"1758466",143,533
"2162713",120,533
"2878678",152,533
"55212",533,434
"1265399",217,532
"1936003",170,532
"225422",191,532
"239935",190,532
"29510",194,532
"2999116",532,135
"1097",171,531
"1765049",209,531
"2303528",208,531
"2495582",531,456
"60847",198,531
"1724",148,530
"2592655",195,530
"2807626",180,530
"2924033",530,132
"32062",180,530
"312285",152,529
"2709410",208,528
"2745199",213,528
"29489",183,528
"393662",202,528
"400092",173,528
"199592",170,527
"2219057",202,527
"2257",169,527
"360422",527,138
"2949630",117,526
"2995161",143,526
"65700",526,162
"644652",194,525
"157779",203,523
"2816357",143,523
"2866626",207,523
"3020907",191,523
"2070348",142,522
"1748242",218,521
"1769",157,521
"3015983",219,521
"310575",169,521
"565",521,371
"59505",168,521
"1516059",189,520
"2175639",139,520
"332411",198,520
"419475",281,520
"55211",520,454
"1932004",179,519
"219572",188,519
"3029061",244,519
"1030",295,518
"2201",181,518
"2810562",219,518
"403",222,518
"1788301",176,517
"1904944",244,515
"214851",218,515
"2490858",188,515
"712528",181,515
"2072405",198,514
"2681984",514,212
"2698458",244,514
"577",412,514
"2201356",210,513
"2894755",200,513
"1209493",231,512
"1811807",236,512
"2763056",139,512
"2769486",201,511
"2778064",172,511
"2795687",203,511
"41295",258,511
"56956",153,511
"704125",511,140
"1679444",173,510
"53460",106,510
"1691904",196,509
"2756133",288,509
"875328",158,509
"1333845",508,266
"2562282",229,508
"2866573",197,508
"914",186,508
"2741953",163,507
"2842354",186,507
"447471",206,507
"1537274",171,506
"181487",134,506
"2043170",230,505
"2282475",181,505
"2867025",171,505
"2970818",505,357
"86173",205,505
"2579935",504,403
"3051120",257,504
"1538644",254,503
"169435",291,503
"2138101",166,503
"225971",181,503
"2903900",236,503
"3076685",184,503
"638619",143,503
"2812759",502,11
"1076596",172,501
"2872311",127,501
"2980556",208,501
"721785",175,501
"1379909",209,500
"2527973",193,500
"2707299",184,500
"2507162",174,499
"2601894",188,499
"1178537",498,13
"1565605",191,498
"995",172,498
"1206777",196,497
"187145",192,497
"2895286",168,497
"129817",211,496
"441",157,496
"161879",177,495
"2163011",146,495
"2743001",495,139
"885040",495,138
"480418",159,494
"2850559",168,493
"2884805",46,493
"590",493,444
"1525371",192,492
"1985254",192,492
"2487892",157,492
"3032586",492,173
"556",283,492
"2714936",193,491
"281093",172,491
"61858",152,491
"3004095",133,490
"51173",490,76
"52227",181,490
"81947",490,83
"1710541",185,489
"1827469",203,489
"204042",308,489
"3058398",489,155
"712435",176,489
"118126",159,488
"2495645",151,488
"1344094",202,487
"1778675",173,487
"1855823",486,140
"2175091",162,486
"349221",181,486
"1302659",485,53
"158327",214,485
"2983230",172,484
"618",410,484
"1389004",163,483
"1912216",119,483
"2488665",211,483
"3003260",81,483
"395598",141,483
"45462",431,482
"47884",195,482
"2041036",181,480
"2964670",156,480
"1699371",171,479
"2794344",174,479
"2815936",160,479
"85072",238,479
"2292447",194,478
"2738883",224,478
"2871095",158,478
"299308",169,478
"570278",477,69
"1921709",476,13
"2764720",168,476
"2784880",181,476
"524",141,476
"154046",277,475
"2707174",114,475
"2562582",182,474
"2587850",197,474
"2603598",128,474
"83263",213,474
"2528019",192,473
"2801033",169,473
"2871174",117,473
"2895493",179,473
"1076926",214,472
"2582913",200,472
"2728023",328,472
"626932",157,472
"1112103",197,471
"1182568",156,471
"2724135",243,471
"2782629",149,471
"713887",175,471
"876364",183,471
"1203471",169,470
"132132",163,470
"1570",470,96
"2559073",124,470
"2860286",155,470
"44008",469,104
"1979344",88,468
"28028",146,468
"2920387",189,468
"2976335",170,468
"1239307",216,467
"1304",467,86
"2304594",172,467
"48073",213,467
"2956833",164,466
"1538553",193,465
"272131",253,465
"69223",221,465
"173559",136,464
"2979868",134,464
"1573712",124,463
"2954093",144,463
"1510225",177,462
"1873524",145,462
"2697043",176,462
"2907159",147,462
"2961896",179,462
"2654218",188,461
"2793010",190,461
"1628392",231,460
"2492438",116,460
"72276",208,460
"1033",203,459
"2598458",432,459
"267212",174,459
"614",359,459
"1880678",166,458
"1930",226,458
"2500533",201,458
"2817025",157,458
"1689",152,457
"3062782",258,457
"65551",149,457
"302167",456,71
"302406",166,456
"712116",122,456
"2795031",84,454
"93681",173,454
"204039",259,453
"2527971",216,453
"146827",141,452
"42838",162,452
"437505",167,452
"794846",181,452
"2606626",196,451
"2895473",159,451
"2956834",160,451
"67376",245,451
"2664893",176,450
"2813843",450,154
"539",156,450
"1942",164,449
"252307",160,449
"2527976",198,449
"285473",166,449
"2917832",155,449
"45972",449,62
"46680",177,449
"1126",213,448
"195250",171,448
"742013",153,448
"1332188",103,447
"161899",161,447
"1985177",447,8
"43769",158,447
"551989",447,276
"120831",132,446
"1628086",161,446
"1921421",446,329
"2609808",206,446
"2980027",446,88
"454601",210,446
"1548602",100,445
"1590041",184,445
"1911929",445,27
"300825",445,79
"44013",187,445
"1160973",133,444
"2971798",151,444
"1100",169,443
"2666139",218,443
"2675216",127,443
"2718875",170,443
"54913",443,83
"2742639",442,142
"2745510",136,442
"1457365",171,441
"1954172",441,429
"301375",164,441
"927",148,441
"1683",145,440
"2077136",440,11
"2994951",126,440
"54911",440,377
"2722756",249,439
"2742676",439,192
"2952228",153,439
"1604004",155,438
"2283194",438,67
"256319",148,438
"47877",116,438
"2483033",159,437
"285107",191,437
"3031919",437,300
"42443",190,437
"29494",240,436
"135619",204,435
"1650",435,65
"2857077",162,435
"45655",166,435
"50741",158,435
"1049583",112,434
"2698900",134,434
"1076588",174,433
"1612551",141,433
"2026255",137,433
"269673",433,177
"818",202,433
"1434072",167,432
"2213015",146,432
"33936",432,40
"515393",167,432
"2853257",161,431
"35798",121,431
"2077137",430,9
"2487928",430,76
"300019",157,430
"907",173,430
"12960",161,429
"169134",126,429
"2529408",143,429
"2751170",150,429
"2904245",170,429
"43765",120,429
"2528007",172,428
"2678257",356,428
"2938232",129,428
"459526",106,428
"938406",299,428
"1911573",130,427
"373687",427,263
"648802",427,45
"1646",122,426
"421",177,426
"1743",110,425
"2175635",91,425
"2787629",55,425
"2878542",134,425
"2994555",253,425
"3020832",203,425
"61646",425,343
"120961",132,424
"1358",424,177
"2294119",95,424
"2735563",158,424
"53946",168,424
"655307",147,424
"1525",139,423
"2923366",308,423
"403957",423,48
"1050174",118,421
"2109593",280,421
"2745519",169,421
"2867010",182,421
"2878545",126,421
"489632",143,421
"970",149,421
"1681",127,420
"2605747",108,420
"370405",161,420
"418701",161,420
"135622",297,419
"192421",419,226
"2762320",419,317
"2781024",149,419
"2956824",137,419
"1852381",137,418
"1981174",165,418
"2072412",162,418
"221352",143,418
"3039160",234,418
"670",305,418
"146826",145,417
"160808",160,417
"2011015",191,417
"1624",416,170
"33905",158,416
"57706",416,163
"84996",118,416
"1513468",226,415
"1642",415,87
"2956836",162,415
"2986829",99,415
"1510841",123,414
"1639133",414,231
"2175632",95,414
"2686360",163,414
"2911172",114,414
"2911367",148,414
"29533",104,414
"54298",204,414
"607712",138,414
"1380685",413,130
"2005046",161,413
"2263",137,413
"2371",148,413
"2986823",116,413
"367743",413,74
"47917",355,413
"121871",128,412
"2036",119,412
"2527994",209,412
"418719",154,412
"82801",412,60
"122355",109,411
"575",411,366
"643214",411,32
"1987723",204,410
"283734",410,102
"38301",152,410
"2219225",160,409
"2927876",166,409
"111781",141,408
"1173263",218,408
"2979862",197,408
"428712",154,408
"519081",141,408
"1008152",130,407
"1842536",180,407
"19",152,407
"196013",115,407
"266809",155,407
"2718620",135,407
"1646377",237,406
"664426",154,406
"1528099",101,405
"216572",224,405
"126734",126,404
"2679963",143,404
"2709394",127,404
"2841662",159,404
"401471",136,404
"41202",268,404
"1307",403,199
"37448",121,403
"1839801",168,402
"365349",402,124
"1179675",212,401
"2900738",152,401
"29379",401,50
"502558",140,401
"1172565",211,400
"2899122",166,400
"1727164",117,399
"259",126,399
"2735795",141,399
"161896",147,398
"2175622",88,398
"2576904",209,398
"2774460",148,398
"2058625",142,397
"224012",162,397
"2420135",115,397
"2774459",134,397
"2971912",142,397
"2683591",124,396
"42353",157,396
"981384",157,396
"120",187,395
"3070658",165,395
"1014",130,393
"1973486",219,393
"308354",393,85
"42239",133,393
"446",393,354
"151895",142,392
"1884263",125,392
"2594455",164,392
"1422",384,391
"157",308,391
"2789424",108,391
"414778",391,62
"1842532",140,390
"2980557",390,266
"36839",390,137
"672",182,390
"817",206,390
"1428684",144,389
"1906945",388,107
"2502979",282,388
"2714355",151,388
"2745518",134,388
"2909669",148,388
"585455",160,388
"985",276,388
"1287736",162,387
"2213202",387,177
"2976983",154,387
"3039400",120,387
"55779",151,387
"1265445",176,386
"1504",386,89
"182337",386,263
"1851514",386,292
"28231",153,386
"407217",106,386
"1281",385,53
"2059875",112,385
"2861281",111,385
"2055160",190,384
"2932253",89,384
"3056445",281,383
"657",185,383
"392733",122,382
"70863",382,87
"1265601",127,381
"2785909",182,381
"2914041",381,352
"2249",122,380
"2528020",153,380
"2994319",79,380
"714067",236,380
"986106",172,380
"1380432",137,379
"171404",379,297
"579",379,359
"67824",379,254
"2358",156,378
"73029",164,378
"40545",134,377
"570267",116,377
"574987",133,377
"241368",153,376
"2742624",376,185
"2895491",131,376
"76890",124,376
"1109412",227,375
"2730360",93,375
"2781023",150,375
"2906062",146,375
"2961994",119,375
"48076",138,375
"946435",375,61
"1357",374,132
"1704499",157,374
"2025658",127,374
"2527964",175,374
"3067902",153,374
"3074898",146,374
"552",374,213
"931531",132,374
"2748",373,64
"2836161",373,83
"85874",122,373
"2252",142,372
"245876",192,372
"299566",71,372
"155077",173,371
"2883127",128,371
"29382",371,262
"2946555",139,371
"1016",135,370
"1056",162,370
"153151",370,60
"1611770",115,370
"1653176",148,370
"367825",164,370
"576610",221,370
"1809",109,369
"2072407",156,369
"1620816",229,368
"1891279",148,368
"2052956",140,368
"2592382",368,90
"2738867",368,64
"2825975",125,368
"425",142,368
"79604",129,368
"915099",170,368
"1071078",367,28
"138074",367,253
"1434010",62,367
"1704307",92,367
"518898",166,367
"131110",129,366
"2841064",136,366
"60137",138,366
"2661630",148,365
"158892",272,363
"2103230",101,363
"2587853",146,363
"265175",151,363
"188786",109,362
"2608982",132,362
"658630",157,362
"1082930",147,361
"2572090",244,361
"2610895",132,361
"2749040",142,361
"2944933",113,361
"497726",106,361
"51288",361,295
"911",162,361
"1217908",133,360
"161895",97,360
"172042",107,360
"194",360,256
"2950604",348,360
"46355",138,360
"54736",360,213
"583",360,145
"865757",161,360
"1179672",153,359
"162209",348,359
"252130",139,359
"260552",148,359
"2968968",130,359
"3049799",98,359
"520734",130,359
"936456",145,359
"1389005",156,358
"2081702",111,358
"1073996",134,357
"38313",166,357
"42858",357,64
"1052",145,356
"1286",356,103
"1493",356,115
"1754",356,102
"2079234",118,356
"2751171",111,356
"2764711",356,347
"93378",165,356
"1855380",80,355
"2144175",165,355
"2320858",355,38
"2929493",103,355
"2933777",92,355
"323449",102,355
"1490",354,155
"2946593",127,354
"45663",124,354
"60893",137,354
"659243",354,68
"158877",353,308
"2713573",117,353
"2906798",145,353
"63612",179,353
"1902580",352,31
"2714947",352,41
"2785908",167,352
"2986280",134,352
"33959",352,161
"1295327",110,351
"1871047",130,351
"338565",351,244
"651561",175,351
"312279",145,350
"349971",180,350
"1389192",109,349
"2015076",76,349
"2782609",155,349
"2851642",98,349
"2895490",148,349
"2922394",138,349
"2954079",159,349
"535744",328,349
"984207",276,349
"1505",348,154
"1526927",348,48
"2093824",100,348
"2966586",348,123
"53407",130,348
"1349409",130,347
"1898042",157,347
"254250",92,347
"3070997",347,103
"431306",111,347
"2758572",94,346
"375288",163,346
"576131",139,346
"1259973",345,334
"1678129",113,345
"1930593",113,345
"2754044",137,345
"2772483",125,345
"1778540",176,344
"2102",231,344
"2320868",344,339
"2895522",288,344
"2917990",81,344
"2998079",112,344
"3031408",90,344
"2005462",123,343
"28132",166,343
"542",125,343
"28449",88,342
"911045",162,342
"3073561",186,341
"37482",341,228
"563",335,341
"69966",341,58
"930972",112,341
"161360",340,62
"1874317",151,340
"2956798",135,340
"3025669",110,340
"2870750",115,339
"416213",138,339
"85336",86,339
"898",126,339
"1249552",148,338
"1649877",141,338
"1751150",136,338
"218673",106,338
"2867023",131,338
"3070999",338,123
"321332",135,338
"61648",338,253
"135079",171,337
"2419841",337,47
"2558361",110,337
"2666127",337,41
"2704140",93,337
"2986281",115,337
"57495",73,337
"68043",132,337
"1125966",139,336
"2426",104,336
"28025",136,336
"1173032",158,335
"1921713",335,22
"2614538",136,335
"28026",142,335
"3035454",153,335
"3050898",158,335
"78258",102,335
"676",113,334
"67780",334,279
"395922",165,333
"1284",332,56
"1853278",123,332
"2609415",135,332
"2725288",146,332
"3057115",126,332
"1612552",119,331
"1686",127,331
"2058624",119,331
"1796646",330,183
"2051906",330,117
"2762318",100,330
"2855434",147,330
"3047030",76,330
"142864",288,329
"217159",329,73
"2605730",206,329
"2714353",128,329
"2904246",179,329
"58180",140,329
"703",264,329
"1124597",94,328
"158823",293,328
"2810563",122,328
"2966453",141,328
"3023076",89,328
"367298",51,328
"1082704",180,327
"1534",327,209
"2293862",121,327
"61592",106,327
"1561005",130,326
"2866807",111,326
"76761",130,326
"85",144,326
"140",107,325
"1420916",123,325
"2576756",141,325
"2665645",80,325
"2870860",109,325
"2894156",112,324
"1965282",122,323
"32207",77,323
"1352",322,112
"1450",141,322
"1796620",115,322
"194197",120,322
"2950108",141,322
"1609967",117,321
"632773",320,120
"1481672",127,319
"1955013",319,60
"2714358",93,319
"28199",319,70
"495",137,319
"520",126,319
"1168034",129,318
"301",99,318
"137584",152,317
"1397108",113,317
"1573711",103,317
"1640",317,50
"28100",153,317
"2975157",101,317
"1005665",316,205
"1509",316,153
"3034146",110,316
"394935",114,316
"1870862",134,315
"206662",116,315
"257438",97,315
"35757",115,315
"2681766",120,314
"36845",314,167
"1643824",103,313
"164759",125,313
"2893885",78,313
"1279031",20,312
"28454",172,312
"3025408",312,35
"81462",114,312
"1034015",130,311
"2083206",113,311
"208962",311,275
"2895476",109,311
"586",253,311
"2490452",81,310
"2703885",310,302
"40214",229,310
"67313",57,310
"198483",309,48
"308865",130,309
"317936",119,309
"35703",309,309
"38308",113,309
"1579316",109,308
"1844006",104,308
"221341",115,308
"280473",154,308
"2883106",144,308
"453162",116,308
"59932",103,308
"1598",307,139
"1751046",105,307
"1805933",287,307
"2774461",142,307
"2795738",141,307
"33074",127,307
"456327",148,307
"712157",111,307
"118323",147,306
"1613",192,306
"2183896",83,306
"2590776",95,306
"3003601",193,306
"37637",109,306
"2683272",81,305
"2748319",305,114
"45404",120,305
"82987",305,205
"99598",218,305
"1536648",107,304
"155925",78,304
"2126553",141,304
"2745511",82,304
"2758440",95,304
"1549855",110,303
"28072",125,303
"2891570",303,265
"3074378",107,303
"53346",303,90
"1349410",105,302
"2594457",140,302
"2871826",265,302
"1584",135,301
"2716226",119,301
"28065",86,301
"2809707",87,301
"2814292",113,301
"2855441",109,301
"2904247",178,301
"2955313",100,301
"3020899",97,301
"43658",189,301
"99807",98,301
"163011",130,300
"1985176",300,8
"218144",300,39
"2774873",99,300
"42817",87,300
"43674",105,300
"1033922",55,299
"1308",299,75
"168384",133,299
"174633",117,299
"2507935",299,153
"29378",299,72
"3039851",104,299
"316277",101,299
"33007",97,299
"1869241",154,297
"2072406",125,297
"254",173,297
"379893",297,285
"678932",77,297
"84565",146,297
"1175445",123,296
"33943",96,296
"1643",295,42
"1660079",295,39
"2545798",295,290
"920",120,295
"2580515",138,294
"332410",294,90
"838",89,294
"90627",101,294
"1920883",143,293
"2058175",172,293
"58169",265,293
"1879049",122,292
"2303332",149,292
"3046383",135,292
"34020",103,292
"70255",292,34
"71237",292,60
"1184",99,291
"1272",101,291
"180957",214,291
"2919914",107,291
"2962597",136,291
"36835",291,65
"656",92,291
"1717",124,290
"2094151",115,290
"2591634",149,290
"2919913",105,290
"2936507",95,290
"29573",110,290
"3024245",85,290
"3031997",266,290
"1471761",208,289
"1689834",116,289
"1922217",289,233
"2744519",85,289
"2952525",124,289
"1305",288,143
"203557",106,288
"2996112",288,88
"233100",129,287
"3070996",287,88
"1006155",286,52
"1085624",108,286
"54304",148,286
"3003256",88,285
"459472",285,149
"1089444",157,284
"1129704",118,284
"1336806",149,284
"1702043",75,284
"2852117",115,284
"55213",140,284
"1445505",156,283
"1912871",283,46
"2739061",128,283
"328812",123,283
"390884",141,283
"631220",89,283
"1448929",93,282
"146825",105,282
"269261",120,282
"536441",120,282
"580",280,282
"1415568",108,281
"1633",281,48
"2961520",281,50
"3058394",281,125
"586733",281,47
"2594913",81,280
"2798577",104,280
"3028807",97,280
"34085",253,280
"1854498",27,279
"1870884",279,56
"2961941",92,279
"416344",279,100
"487",101,279
"76885",38,279
"107637",100,278
"1295",278,39
"2800686",64,278
"3025665",278,44
"397865",112,278
"42422",278,65
"1807691",129,277
"1945512",125,277
"2377",141,277
"2729423",94,277
"2934340",90,277
"304207",99,277
"52959",131,277
"729",277,194
"1050638",94,276
"2496265",276,33
"2812000",101,276
"2993314",102,276
"355243",93,275
"51669",275,106
"1117645",186,274
"1470434",114,274
"1499687",274,125
"1985179",274,21
"2962659",274,60
"33941",274,22
"95619",101,274
"1510570",241,273
"109266",157,272
"1493872",92,272
"2047767",74,272
"2249356",152,272
"2897177",114,272
"2937442",66,272
"475088",107,272
"1173026",106,271
"1542",271,67
"2983220",82,271
"485870",105,271
"1075398",97,270
"2419842",270,24
"2567937",86,270
"3069118",100,270
"847",109,270
"1921087",79,269
"2027857",146,269
"2750929",112,269
"2929798",105,269
"2976431",269,140
"82995",269,154
"1851148",114,268
"2483402",112,268
"3036945",126,268
"374106",268,49
"626937",107,268
"1348613",267,91
"1486245",116,267
"1917421",114,267
"2809020",101,267
"3070681",267,201
"34062",177,267
"38290",67,267
"46126",267,60
"554344",127,267
"797291",102,267
"2986922",90,266
"36739",70,266
"470933",71,266
"1051",122,265
"1818004",109,265
"1909699",103,265
"2895471",192,265
"2983214",82,265
"3003351",64,265
"2056231",126,264
"81028",97,264
"979",264,137
"1649480",133,263
"2512235",92,263
"2560337",263,12
"2781961",141,263
"3035694",263,62
"1249553",107,262
"1306519",127,262
"1519",262,79
"3045816",94,262
"33987",131,262
"37734",262,64
"50340",131,262
"76759",95,262
"905",81,262
"1604",261,70
"2867024",113,261
"485880",114,261
"651666",106,261
"933080",117,261
"2099387",260,231
"2576903",152,260
"2942908",117,260
"1282863",117,259
"2494548",87,259
"2986837",60,259
"3003262",117,259
"3046382",108,259
"1911586",258,48
"2808963",258,165
"2813779",37,258
"2854261",258,99
"354349",121,258
"35799",77,258
"1492737",82,257
"238",131,257
"2609809",123,257
"2666183",91,257
"3050072",257,62
"376805",88,257
"756892",128,257
"81682",89,257
"1159327",69,256
"1785145",79,256
"28112",107,256
"2982533",70,256
"44577",153,256
"484770",256,92
"1310418",58,255
"1476754",92,255
"1641",255,56
"1921086",80,255
"28108",141,255
"373994",255,220
"485447",104,255
"57320",89,255
"1526571",127,254
"2665646",254,154
"2837969",118,254
"3003261",91,254
"3059078",108,254
"137816",207,253
"1886670",253,21
"2602769",81,253
"2662033",116,253
"2822410",103,253
"100716",82,252
"1474",252,44
"1610576",100,252
"2706887",131,252
"2709403",152,252
"2792013",68,252
"131318",63,251
"179",76,251
"2557994",83,251
"2732163",86,251
"2810512",125,251
"447237",54,251
"1293",250,135
"1475485",121,250
"1836467",113,250
"2785025",250,77
"291644",154,250
"54291",250,239
"561061",161,250
"1280380",113,249
"155085",249,48
"1769012",54,249
"2740515",103,249
"2881377",107,249
"2899133",54,249
"2931921",160,249
"3003258",63,249
"1218177",83,248
"1436085",93,248
"1517",248,81
"1827305",48,248
"2072025",248,22
"2508306",87,248
"2684113",95,248
"2705473",79,248
"2913614",105,248
"2935040",72,248
"55601",125,248
"1218801",247,241
"1703969",67,247
"1862358",69,247
"2047966",93,247
"271865",120,247
"2732161",78,247
"2859768",118,247
"666",139,247
"1071080",246,17
"1677857",246,68
"3039116",167,246
"84642",99,246
"1038856",206,245
"133549",90,245
"1986204",114,245
"226",105,245
"2483360",80,245
"2759736",245,174
"78543",108,245
"85683",245,193
"1331736",70,244
"137545",187,244
"1642647",110,244
"1752064",114,244
"2715131",140,244
"2743772",224,244
"2903536",58,244
"2908211",244,43
"2977321",50,244
"3038653",244,51
"3059030",90,244
"373672",66,244
"44000",244,164
"755731",244,64
"1070314",66,243
"152053",132,243
"171",178,243
"1784714",106,243
"1921017",243,12
"266748",243,118
"2739062",89,243
"2853439",142,243
"2883512",95,243
"3059077",243,78
"502",86,243
"2809708",65,242
"2993563",104,242
"596707",36,242
"158841",115,241
"2520507",241,85
"2908840",241,87
"2929481",241,36
"554",163,241
"1814290",84,240
"1847728",240,37
"2291597",98,240
"2842458",240,4
"1134405",157,239
"1442555",71,239
"155978",97,239
"2773454",239,79
"2920939",81,239
"2963940",239,41
"3031802",101,239
"1599",238,85
"1609531",238,21
"1642646",83,238
"2592814",84,238
"2896860",75,238
"31979",238,147
"143361",73,237
"2714594",149,237
"2884834",237,32
"2895352",109,237
"2934937",82,237
"2983212",90,237
"2986835",162,237
"1436084",106,236
"254246",86,236
"2816248",153,236
"3019932",85,236
"1458307",109,235
"1535304",104,235
"158",235,166
"1761012",152,235
"1911587",235,9
"2596890",150,235
"2738844",235,80
"2996785",78,235
"809",100,235
"1636720",234,19
"1638",234,88
"215743",88,234
"2508307",79,234
"2956784",114,234
"3025667",71,234
"388413",86,234
"505",93,234
"1647413",163,233
"1795355",124,233
"2518177",102,233
"2594462",99,233
"271065",90,233
"2733484",72,233
"2785911",116,233
"2811425",83,233
"2907534",64,233
"2916754",233,116
"2926907",112,233
"823",133,233
"118562",88,232
"2738",232,93
"2789425",62,232
"2983606",91,232
"3065396",94,232
"316068",86,232
"438",88,232
"101564",95,231
"1254",231,58
"208479",175,231
"3029399",62,231
"1114970",135,230
"131111",63,230
"185300",105,230
"1871076",147,230
"1898684",85,230
"2068654",230,63
"208596",230,46
"2585771",191,230
"2782176",84,230
"2979869",86,230
"2996035",101,230
"3036302",59,230
"94869",230,84
"1534110",78,229
"1727163",114,229
"192149",143,229
"2739434",78,229
"61015",229,55
"630",229,229
"82348",229,47
"104",161,228
"118163",117,228
"1286698",228,67
"129958",228,178
"1678728",66,228
"1705",87,228
"1908198",107,228
"267363",105,228
"2778058",86,228
"28035",228,53
"86304",84,228
"2748320",82,227
"2908645",115,227
"2949996",227,165
"335405",90,227
"75612",87,227
"82976",227,162
"150247",226,25
"170573",226,54
"2685905",226,54
"2764325",226,53
"2842350",78,226
"2961531",97,226
"2971264",226,136
"339862",226,119
"367188",56,226
"1335",225,68
"184117",85,225
"199",160,225
"2479392",68,225
"2810535",62,225
"290335",225,39
"371142",99,225
"971",73,225
"133539",90,224
"1636423",80,224
"2547394",139,224
"2705547",54,224
"2893884",72,224
"291645",86,224
"2979464",142,224
"320787",132,224
"394958",224,66
"1354",223,111
"1471400",88,223
"251701",70,223
"2547598",223,221
"258255",86,223
"2875962",90,223
"2983229",78,223
"2992143",121,223
"3020906",65,223
"3044166",59,223
"391613",90,223
"447199",223,25
"53345",223,65
"585425",90,223
"595468",60,223
"1150",84,222
"2058136",222,151
"2594461",222,123
"2983222",85,222
"773",202,222
"1004301",69,221
"1166130",221,158
"1207075",95,221
"1507512",221,63
"1591409",87,221
"1697",70,221
"1866325",84,221
"2082587",88,221
"522262",221,40
"553611",112,221
"63186",80,221
"1092",116,220
"114529",78,220
"1514105",184,220
"2033033",95,220
"2054914",110,220
"2572088",46,220
"301301",127,220
"457083",178,220
"571256",91,220
"84999",71,220
"1232427",90,219
"1292",219,49
"213115",82,219
"2587861",91,219
"2782013",81,219
"2908210",68,219
"54005",219,40
"59753",60,219
"61434",82,219
"1615909",110,218
"1930071",111,218
"2502784",74,218
"2698672",106,218
"2782006",80,218
"2812647",86,218
"2908843",102,218
"29388",218,124
"3059026",194,218
"587",171,218
"1145276",217,14
"1173586",83,217
"2813780",76,217
"2871169",67,217
"29394",217,134
"409",44,217
"569",169,217
"833",136,217
"1211807",89,216
"2792224",78,216
"46257",49,216
"518753",73,216
"861",216,93
"2737",215,32
"2930219",215,79
"29552",215,61
"82654",119,215
"95641",102,215
"1165",149,214
"1718",72,214
"2516557",62,214
"28131",95,214
"2823109",67,214
"29347",112,214
"296745",214,146
"53336",214,106
"564",214,171
"82977",214,147
"84032",214,112
"1164",176,213
"160386",82,213
"212743",34,213
"254247",82,213
"2843756",213,5
"641",124,213
"75588",61,213
"999",109,213
"1444770",80,212
"2041044",212,209
"216933",212,21
"2483110",212,71
"2597702",212,178
"2834406",70,212
"2866628",86,212
"1389223",94,211
"153265",104,211
"1925021",211,15
"2559597",92,211
"2686077",140,211
"2854257",71,211
"53344",211,51
"1303",210,124
"1639108",153,210
"2010992",210,193
"2296",90,210
"2758724",85,210
"3003263",120,210
"307249",125,210
"413503",173,210
"421058",114,210
"46506",89,210
"79209",210,76
"944",87,210
"102115",81,209
"1234143",91,209
"1815583",87,209
"2065312",209,73
"232346",104,209
"2497860",209,28
"253245",65,209
"2867014",72,209
"29380",209,58
"649196",65,209
"1006576",208,56
"1069494",60,208
"1874277",78,208
"2107708",77,208
"289435",102,208
"40576",119,208
"519",80,208
"985762",208,58
"1006",72,207
"1717717",76,207
"1763998",99,207
"191579",79,207
"2246",70,207
"232259",173,207
"2873460",207,1
"3020900",89,207
"53419",87,207
"1236179",110,206
"1366",206,52
"1553431",64,206
"2303750",58,206
"2487074",69,206
"2587856",89,206
"2974039",79,206
"398743",95,206
"224719",205,38
"2335",54,205
"258224",76,205
"2756",205,62
"2866278",74,205
"2875764",205,49
"396015",79,205
"45065",63,205
"1102",80,204
"1114861",78,204
"1324352",72,204
"1476",204,41
"1920191",78,204
"2173034",204,67
"250",111,204
"2731219",204,102
"291990",52,204
"2980554",113,204
"340146",178,204
"399742",204,50
"1217282",101,203
"1400866",76,203
"1442551",71,203
"183417",203,53
"1963025",203,177
"2867408",70,203
"2908842",123,203
"384636",150,203
"525917",75,203
"54006",81,203
"1504981",83,202
"220697",83,202
"2724150",181,202
"3054208",202,57
"857252",73,202
"89153",95,202
"1232428",98,201
"1529",201,65
"2005460",94,201
"2929800",91,201
"49338",104,201
"661191",67,201
"66228",79,201
"1173101",80,200
"1260",200,73
"132920",200,75
"1408191",87,200
"158481",82,200
"1706369",86,200
"2202721",80,200
"2583587",76,200
"28251",91,200
"2895489",72,200
"565560",74,200
"839",68,200
"1225337",103,199
"1564",72,199
"2231056",199,4
"2562449",199,131
"2662364",81,199
"28129",85,199
"2821536",86,199
"2867015",65,199
"2885633",111,199
"36854",199,84
"38293",154,199
"135577",97,198
"143223",64,198
"1452732",198,36
"1903410",176,198
"1974213",73,198
"2489010",198,177
"2779359",114,198
"2904129",75,198
"398041",43,198
"46127",198,45
"1004303",34,197
"1721091",61,197
"2829597",197,141
"2907623",88,197
"3003257",144,197
"445",90,197
"1749259",58,196
"2153385",196,101
"246787",116,196
"2494375",80,196
"2609807",172,196
"281120",119,196
"2829502",77,196
"2893202",75,196
"314275",154,196
"70799",118,196
"1486991",72,195
"1777867",63,195
"29438",49,195
"2949629",50,195
"2969821",195,61
"2987521",62,195
"3045146",195,134
"62322",95,195
"109472",194,35
"1163398",86,194
"1737446",64,194
"1987356",61,194
"2039166",64,194
"2107709",55,194
"2681308",194,51
"2842348",112,194
"641148",95,194
"935199",60,194
"1118202",48,193
"1497681",193,76
"2599305",85,193
"2893883",71,193
"2986838",65,193
"3002643",76,193
"3026425",193,15
"3058432",69,193
"668",193,110
"702967",57,193
"930",108,193
"1255",192,49
"1620392",77,192
"2338073",150,192
"28198",192,121
"3009078",88,192
"34038",160,192
"47886",94,192
"2217867",84,191
"2478552",63,191
"2499157",49,191
"2576307",191,81
"3035288",191,18
"584609",191,173
"141451",74,190
"1416779",82,190
"1986034",141,190
"2080757",75,190
"2859001",126,190
"300181",141,190
"485448",118,190
"568768",97,190
"585423",73,190
"1160",136,189
"1185412",189,87
"1547",189,71
"2026",189,176
"2420306",136,189
"28152",189,73
"28227",138,189
"2977320",61,189
"323284",54,189
"407035",189,84
"41170",189,145
"96472",85,189
"1045808",42,188
"1218",85,188
"1313",188,59
"160825",60,188
"1761453",108,188
"200991",188,157
"2487072",86,188
"2507159",188,64
"279359",127,188
"29341",188,131
"29384",188,43
"3016339",77,188
"856",188,179
"1615674",58,187
"1649468",76,187
"2597518",80,187
"28173",110,187
"616991",70,187
"86795",21,187
"1714860",137,186
"1803846",80,186
"197222",186,68
"2768165",69,186
"2930200",186,63
"29486",114,186
"33028",186,49
"411153",153,186
"53409",45,186
"871694",80,186
"907046",61,186
"118969",185,38
"1241981",105,185
"1376",117,185
"160453",185,64
"2653858",66,185
"2780922",74,185
"3025668",52,185
"3060154",64,185
"1218493",184,26
"1359",184,60
"1511",184,46
"166485",184,65
"2518989",62,184
"2530390",52,184
"2614693",105,184
"2745509",45,184
"28111",71,184
"484429",65,184
"1671721",77,183
"2968831",34,183
"111501",53,182
"1216932",182,95
"1714849",78,182
"1913578",60,182
"2086584",71,182
"2183582",78,182
"2686365",182,120
"2709302",37,182
"29330",53,182
"2966552",108,182
"33932",182,80
"473531",63,182
"1019",94,181
"1336",181,87
"186803",180,181
"1868734",181,59
"2008793",70,181
"266009",75,181
"2715679",97,181
"28264",61,181
"29385",181,78
"387661",49,181
"43657",145,181
"468911",181,32
"69541",85,181
"716816",67,181
"914153",58,181
"1714845",180,87
"2320",64,180
"2761580",82,180
"2895475",57,180
"376490",72,180
"399025",52,180
"516051",97,180
"889453",120,180
"89059",180,46
"2033032",62,179
"214473",179,55
"2560057",75,179
"28188",116,179
"2912855",84,179
"2986824",143,179
"2986924",92,179
"2996794",179,145
"46503",82,179
"489910",179,30
"497",76,179
"664683",53,179
"916",69,179
"101385",88,178
"108007",73,178
"248906",52,178
"29471",107,178
"33970",178,43
"437897",178,79
"88058",81,178
"1027273",87,177
"1229",80,177
"1497",177,75
"1573676",177,121
"1852377",50,177
"2026240",177,174
"2569540",87,177
"2715212",155,177
"2836181",177,168
"28446",177,65
"288004",92,177
"2896845",177,18
"3016636",62,177
"566027",63,177
"887061",66,177
"935222",102,177
"1008",68,176
"2705548",51,176
"2832500",82,176
"2893469",78,176
"55197",98,176
"837",100,176
"933262",74,176
"96345",86,176
"996801",176,115
"1096",52,175
"157687",175,50
"2546350",175,78
"2594454",80,175
"2864201",96,175
"3004096",175,29
"417368",175,29
"875932",175,100
"882104",57,175
"1017",66,174
"1578",174,149
"1751056",60,174
"1882918",86,174
"2099786",174,119
"2259638",142,174
"2267264",72,174
"2268024",67,174
"260364",67,174
"2676309",45,174
"2731755",56,174
"2929491",63,174
"3070995",174,74
"44009",174,50
"669359",111,174
"69221",135,174
"75787",61,174
"1400864",114,173
"1515",173,84
"1596",173,29
"1597",160,173
"1702221",63,173
"1761794",66,173
"2220073",44,173
"2745514",76,173
"2749808",67,173
"2763667",133,173
"373891",132,173
"1170562",135,172
"138",172,96
"154288",172,51
"1689272",61,172
"1709477",172,132
"1729720",64,172
"2594463",72,172
"282402",56,172
"2871493",54,172
"2986827",124,172
"371601",52,172
"674529",76,172
"1598147",171,12
"2685834",153,171
"2834768",84,171
"3067275",171,68
"3073902",171,112
"35787",70,171
"45497",171,59
"680",84,171
"712538",67,171
"1055101",68,170
"1288",170,85
"28118",63,170
"2831890",170,42
"2881428",56,170
"2892440",170,46
"338191",71,170
"33945",170,60
"558152",95,170
"674",78,170
"820",78,170
"1050635",73,169
"1302",169,78
"1605721",56,169
"2735554",55,169
"2864102",84,169
"3051121",77,169
"777",70,169
"105751",60,168
"13076",168,31
"1592897",168,166
"2005388",51,168
"2488810",168,84
"2546356",78,168
"2562285",62,168
"2801844",41,168
"38303",51,168
"529731",168,40
"60478",70,168
"1178778",56,167
"155866",167,38
"1617283",56,167
"208226",167,62
"2291",75,167
"231049",167,60
"992289",58,167
"1085622",53,166
"2093823",49,166
"2746231",166,43
"2864040",48,166
"2866279",70,166
"2950541",60,166
"3003259",53,166
"550984",61,166
"713030",65,166
"754409",166,109
"1442554",69,165
"150829",63,165
"1637831",136,165
"187493",80,165
"1913577",52,165
"2778078",44,165
"2811789",165,121
"2872754",64,165
"2913616",59,165
"2929510",165,81
"2954080",24,165
"3051123",43,165
"318147",40,165
"33968",165,66
"454155",100,165
"504090",56,165
"588067",41,165
"890",63,165
"913109",165,46
"1129264",55,164
"147709",164,26
"1563479",70,164
"2591606",76,164
"2954078",79,164
"29562",164,113
"2980108",70,164
"332101",164,52
"1161942",59,163
"1307839",55,163
"2051",48,163
"2282170",95,163
"2507160",163,110
"2518994",127,163
"2588534",66,163
"2590900",118,163
"2609256",46,163
"2681307",163,66
"2998559",57,163
"51101",163,107
"633415",68,163
"1032",53,162
"2094025",57,162
"2201181",67,162
"2528593",77,162
"2546359",107,162
"2691580",66,162
"2705471",75,162
"2714928",162,27
"34037",162,157
"387090",61,162
"433286",162,76
"135616",82,161
"1570939",43,161
"203192",63,161
"2496266",44,161
"2497456",81,161
"2742796",60,161
"2879938",68,161
"3026145",161,19
"3070659",63,161
"71452",161,73
"1104324",48,160
"169480",47,160
"182709",160,15
"2675783",160,7
"2745498",107,160
"278132",68,160
"2820280",52,160
"298",62,160
"33940",160,34
"44260",38,160
"556054",35,160
"673",61,160
"126385",131,159
"1387555",159,50
"2040586",63,159
"2494373",96,159
"2893886",56,159
"2979332",41,159
"2986929",70,159
"313603",67,159
"458033",46,159
"61435",88,159
"67827",159,96
"948519",48,159
"1168287",29,158
"1618",158,36
"169669",52,158
"1910952",153,158
"192389",70,158
"1977864",158,27
"2709396",72,158
"2730851",78,158
"2764326",158,107
"2795973",71,158
"2811781",53,158
"2819999",40,158
"2911176",105,158
"712471",43,158
"76831",100,158
"821",85,158
"1188228",82,157
"1334",157,70
"1508419",58,157
"1850246",86,157
"2584122",113,157
"2599890",56,157
"408139",50,157
"1307761",58,156
"1314",156,77
"2662448",69,156
"2721545",59,156
"2734045",156,2
"2829795",63,156
"2835041",56,156
"2854186",49,156
"2978283",67,156
"3040348",60,156
"84022",156,56
"993689",59,156
"1144323",40,155
"1353976",42,155
"1442556",65,155
"2355",152,155
"246",85,155
"2507538",140,155
"2583805",155,54
"2785918",60,155
"2795724",75,155
"28200",155,36
"2872157",65,155
"28895",155,87
"2907624",68,155
"33035",152,155
"452",79,155
"712",117,155
"738",155,81
"89373",60,155
"2004710",154,131
"2081477",65,154
"2705458",154,31
"2814293",50,154
"2886359",50,154
"2929799",99,154
"2993455",154,31
"339617",84,154
"379899",47,154
"1833852",84,153
"201828",153,14
"2021971",153,30
"2100422",49,153
"2675298",55,153
"2997336",84,153
"3060215",72,153
"379064",85,153
"476552",53,153
"47715",153,144
"487173",77,153
"664643",153,50
"671990",104,153
"882626",127,153
"942880",153,67
"1871021",74,152
"2569541",78,152
"2697030",152,90
"2758037",56,152
"32067",152,82
"544645",54,152
"1033846",64,151
"1050624",48,151
"1250205",58,151
"1306993",84,151
"1499973",151,121
"166309",60,151
"1790137",116,151
"1827300",59,151
"1982626",151,47
"219574",67,151
"2364271",38,151
"2810516",44,151
"2814294",60,151
"2829596",61,151
"2839024",64,151
"2852098",61,151
"2961619",49,151
"485",57,151
"59739",112,151
"71190",151,94
"83558",151,30
"88190",58,151
"1353138",46,150
"1363",150,96
"178899",103,150
"29430",150,118
"85020",26,150
"1295392",74,149
"1573720",43,149
"161154",52,149
"1675036",40,149
"1727196",64,149
"1732569",99,149
"1908341",64,149
"1936021",40,149
"233055",149,48
"257984",79,149
"262",59,149
"2830782",81,149
"2856519",149,146
"2983219",49,149
"3038925",50,149
"34090",65,149
"34102",42,149
"568",90,149
"1055104",47,148
"1179670",28,148
"1355330",89,148
"1712410",97,148
"2005703",148,55
"266805",78,148
"2697023",65,148
"271097",54,148
"2820270",38,148
"2913621",44,148
"2983215",148,69
"3052090",148,20
"468",93,148
"767892",69,148
"1124835",75,147
"1522",82,147
"1550240",147,56
"1868325",73,147
"2502791",147,114
"2696063",147,93
"29495",68,147
"2976127",45,147
"2982691",58,147
"33952",147,79
"43948",54,147
"447792",147,141
"84030",147,114
"1323375",79,146
"1400865",74,146
"1737359",51,146
"1795053",25,146
"1905730",137,146
"2812863",46,146
"2879114",65,146
"2879116",62,146
"3039426",146,16
"571915",68,146
"851",146,84
"1094",66,145
"1274359",66,145
"1353134",55,145
"155977",81,145
"1702238",145,41
"1736",62,145
"1879050",145,77
"2042057",75,145
"2675331",145,96
"2696560",53,145
"2819994",35,145
"28903",145,132
"290053",56,145
"309868",145,32
"487316",119,145
"1341",144,31
"1357545",95,144
"165179",55,144
"1719",61,144
"1750598",73,144
"202746",144,69
"24",58,144
"2698686",64,144
"2778876",53,144
"3070215",144,78
"362787",62,144
"393065",144,0
"46228",144,66
"762210",41,144
"104270",143,118
"146474",60,143
"146786",51,143
"1563",143,118
"1871034",31,143
"2506420",143,39
"2516559",104,143
"2709303",29,143
"28113",58,143
"2829569",48,143
"2976884",51,143
"3023090",143,53
"332951",55,143
"81852",143,24
"1734049",142,61
"178399",142,115
"213849",142,105
"247",102,142
"2684406",55,142
"2734125",51,142
"28119",60,142
"2865840",60,142
"59600",55,142
"649161",56,142
"878220",92,142
"1170699",51,141
"1259844",62,141
"139438",68,141
"1488",141,89
"1725232",60,141
"1936081",141,134
"2478663",45,141
"2683193",141,17
"2746225",116,141
"2923364",141,22
"329854",73,141
"492",60,141
"1007676",140,16
"1042156",57,140
"1230341",140,105
"1328",140,45
"136073",72,140
"1731",140,98
"1912324",39,140
"2067959",140,104
"2072408",39,140
"2576839",9,140
"270918",48,140
"2714946",140,27
"2813371",140,89
"3029174",140,64
"343874",73,140
"490759",47,140
"55206",57,140
"622488",140,24
"86170",59,140
"999183",44,140
"1033997",50,139
"1263979",67,139
"1300",139,42
"2049305",115,139
"2495429",51,139
"265949",48,139
"2744479",139,79
"2816908",139,64
"2846179",139,1
"331648",61,139
"375929",139,53
"1252",138,71
"1453352",73,138
"2072409",100,138
"2242",41,138
"2282124",40,138
"2282310",138,61
"2829812",74,138
"2905121",63,138
"2986424",50,138
"3032582",65,138
"47735",138,63
"57029",50,138
"576611",40,138
"628",138,99
"663364",138,74
"91844",71,138
"1162633",137,31
"1337936",76,137
"1481665",66,137
"1563222",137,80
"158849",137,95
"1592728",43,137
"200254",59,137
"2024615",30,137
"2713414",101,137
"2862509",68,137
"2932268",88,137
"33047",137,58
"412034",137,90
"591197",85,137
"82688",137,52
"84980",58,137
"1291540",34,136
"1416627",65,136
"166486",136,79
"1737490",109,136
"1763536",136,61
"1903276",39,136
"2054902",38,136
"2054915",49,136
"2095",136,42
"2285",136,31
"2487065",70,136
"2605424",49,136
"2918516",64,136
"3027472",47,136
"312277",47,136
"47466",136,54
"529884",41,136
"81416",52,136
"1218495",135,28
"170679",135,106
"1852970",135,115
"2161677",76,135
"2212991",135,39
"2293",63,135
"2587854",59,135
"2736252",72,135
"29370",135,76
"2980181",49,135
"351671",71,135
"680026",135,67
"754429",42,135
"779",58,135
"1117707",74,134
"1130723",46,134
"1178825",48,134
"1855336",96,134
"2126069",40,134
"246432",134,43
"2599308",134,50
"2714929",134,24
"2781774",134,37
"326522",36,134
"34098",134,109
"687",66,134
"953",134,79
"1312072",133,109
"1697053",57,133
"1750719",133,17
"2009331",133,5
"2320431",40,133
"2594004",52,133
"2650158",133,90
"2653681",48,133
"2654676",67,133
"2684405",39,133
"2731756",68,133
"2773294",37,133
"28091",106,133
"2859227",133,10
"2983228",42,133
"577489",72,133
"824",43,133
"92172",66,133
"111769",49,132
"1264",132,78
"1565",81,132
"178440",44,132
"1784713",52,132
"1884913",44,132
"2211160",59,132
"2282309",132,49
"228745",57,132
"2518971",58,132
"2651167",99,132
"2661553",54,132
"273528",132,65
"2829809",85,132
"292566",132,118
"39491",132,98
"1685010",57,131
"1727145",131,94
"1827144",37,131
"1850252",77,131
"1884905",36,131
"1912795",55,131
"2590551",131,39
"2906078",101,131
"3019933",58,131
"3073563",117,131
"357276",113,131
"537",75,131
"129577",38,130
"1424294",130,85
"1646498",130,77
"174587",130,34
"204",53,130
"2093856",54,130
"2299",49,130
"2479367",130,49
"2654325",83,130
"2686363",59,130
"2742683",50,130
"2749809",130,10
"2759528",72,130
"2853432",50,130
"2912228",130,31
"2912314",56,130
"3042315",55,130
"3048493",46,130
"359370",66,130
"481146",68,130
"51589",46,130
"727",127,130
"87541",130,24
"1814128",129,20
"1855377",42,129
"1965231",94,129
"2184581",18,129
"2282419",129,26
"2500547",75,129
"2609667",54,129
"2767195",129,4
"2823902",54,129
"1127744",128,6
"1241979",101,128
"13373",92,128
"1662285",42,128
"1758730",52,128
"180",55,128
"2133944",46,128
"2259673",40,128
"232537",40,128
"2775246",44,128
"2873269",128,51
"2906077",56,128
"2930213",128,55
"2980107",55,128
"438033",124,128
"46867",128,76
"79967",128,91
"104102",45,127
"1763534",46,127
"2038776",37,127
"2058152",127,112
"2092",56,127
"2208",90,127
"2321111",127,32
"2419619",127,14
"2506452",28,127
"2604941",46,127
"2767196",127,1
"28087",82,127
"2857064",52,127
"2899121",127,42
"2912188",68,127
"2918453",91,127
"2937774",52,127
"45656",78,127
"69967",127,77
"1238",100,126
"1383885",41,126
"1730",45,126
"1816183",41,126
"1874361",64,126
"1904463",126,69
"1968541",46,126
"2020965",52,126
"2316383",69,126
"2493639",126,91
"28116",71,126
"28123",35,126
"2822847",126,14
"2973072",41,126
"31909",126,60
"390846",44,126
"573658",105,126
"112234",66,125
"1165090",54,125
"1294",125,18
"1692041",51,125
"1723645",30,125
"2126319",43,125
"2496865",125,120
"252356",52,125
"2546360",70,125
"2682487",46,125
"2808900",125,106
"2898076",42,125
"3070660",46,125
"317660",98,125
"343403",60,125
"65058",59,125
"673372",125,57
"89152",125,51
"1054033",124,52
"1175444",52,124
"1336796",102,124
"1508657",124,6
"1622118",47,124
"171523",76,124
"184755",48,124
"2236",44,124
"2724191",57,124
"2779445",124,62
"2925838",124,14
"2944914",124,54
"2949635",47,124
"52694",89,124
"863643",97,124
"935293",115,124
"107401",41,123
"1348",123,42
"1579",123,30
"1623290",123,11
"1859475",123,36
"1970093",123,49
"2231053",28,123
"252966",61,123
"2592817",42,123
"2724",104,123
"2877527",69,123
"2966625",76,123
"2983236",57,123
"2986951",123,118
"3075222",65,123
"39948",48,123
"714",80,123
"1336802",42,122
"1500687",52,122
"1858656",47,122
"2479547",122,9
"2572577",35,122
"2592815",49,122
"2735868",122,64
"2750995",51,122
"2766537",52,122
"2772557",60,122
"2838877",34,122
"2895496",33,122
"336810",53,122
"54299",73,122
"66219",122,64
"754423",110,122
"879567",58,122
"91604",38,122
"1068590",55,121
"1191912",79,121
"1349",121,28
"2283318",46,121
"2546366",70,121
"2894079",50,121
"298657",64,121
"313598",121,89
"535712",24,121
"553239",58,121
"747522",42,121
"1050646",41,120
"1736674",92,120
"1776384",71,120
"1825069",120,33
"213118",37,120
"2487064",56,120
"2547600",37,120
"2594269",91,120
"2608253",53,120
"2614441",21,120
"2777186",68,120
"28090",107,120
"2854036",62,120
"2870839",42,120
"2906076",120,120
"29484",120,84
"361177",30,120
"724",120,105
"1155388",119,48
"1524258",65,119
"17",47,119
"2060084",34,119
"2303538",64,119
"2496866",42,119
"2666100",46,119
"2779360",62,119
"2831148",72,119
"2831891",119,56
"2867026",43,119
"330734",32,119
"521720",53,119
"585",119,84
"930802",42,119
"97477",25,119
"1099853",45,118
"1201031",63,118
"1561003",47,118
"1891207",51,118
"202956",118,82
"2058137",118,87
"2305987",55,118
"2506430",22,118
"253237",47,118
"2666138",33,118
"2686366",79,118
"2739063",88,118
"2856851",25,118
"3022127",58,118
"3049086",118,24
"33025",86,118
"40216",72,118
"538",62,118
"54914",83,118
"670486",43,118
"137732",117,25
"1379",117,66
"1501392",78,117
"1871025",53,117
"1959104",57,117
"2269374",117,28
"2352",53,117
"2564040",85,117
"273376",37,117
"2855394",117,52
"2918526",91,117
"475",66,117
"47678",62,117
"762954",58,117
"880",57,117
"107445",32,116
"1399115",116,40
"1623",101,116
"1751095",39,116
"1910936",116,27
"207949",116,49
"2596949",116,60
"2681983",73,116
"2806551",61,116
"2891210",49,116
"3019969",63,116
"303541",116,47
"3075221",42,116
"985002",116,36
"118000",39,115
"1227",47,115
"1556",86,115
"1674922",45,115
"1774273",53,115
"182773",115,61
"2292255",38,115
"2419773",115,33
"256",50,115
"2606450",115,83
"263377",51,115
"2754694",57,115
"2983235",33,115
"316279",46,115
"446692",75,115
"474394",46,115
"52972",43,115
"111500",55,114
"1329200",114,14
"1798225",66,114
"2264",41,114
"2325",114,49
"2565559",48,114
"2662362",114,58
"2853159",52,114
"2878534",35,114
"2913620",37,114
"3034230",55,114
"33037",114,25
"573501",21,114
"104264",64,113
"119864",113,103
"157692",113,38
"158483",113,98
"191303",113,66
"2598861",113,22
"2686078",41,113
"2686362",66,113
"2744027",35,113
"28127",108,113
"2963092",102,113
"33070",53,113
"358766",48,113
"48461",48,113
"656519",113,55
"28197",112,92
"2895472",51,112
"2950245",63,112
"3038772",43,112
"35742",47,112
"379067",32,112
"43662",63,112
"44935",53,112
"45243",40,112
"51197",46,112
"52584",81,112
"712036",60,112
"120652",42,111
"1507808",95,111
"1509244",33,111
"1617448",57,111
"2293317",111,37
"263",67,111
"2864204",34,111
"2867013",49,111
"2917790",70,111
"2937786",50,111
"3024576",111,22
"607711",49,111
"85026",31,111
"97478",48,111
"1813611",37,110
"2339259",80,110
"2583851",110,104
"2781952",110,56
"28183",66,110
"2894779",110,2
"2898725",110,49
"29362",110,72
"3023936",36,110
"3047468",27,110
"426117",34,110
"65093",72,110
"70771",38,110
"750",66,110
"909656",32,110
"1278232",109,53
"153493",56,109
"1721",42,109
"1796652",77,109
"200",55,109
"2080449",40,109
"2207",109,100
"2954083",44,109
"39488",109,93
"76123",45,109
"981385",38,109
"1018",24,108
"1055487",45,108
"1055688",52,108
"1196083",63,108
"1236046",68,108
"1336795",51,108
"1336804",70,108
"1652495",28,108
"171438",48,108
"197614",108,4
"209",60,108
"2572594",50,108
"2742673",108,1
"2923363",108,16
"2933816",46,108
"363408",32,108
"454",79,108
"454154",34,108
"46234",65,108
"486",41,108
"51515",83,108
"622681",27,108
"67826",108,51
"683124",81,108
"754476",39,108
"999141",44,108
"108981",59,107
"118060",107,41
"1389011",43,107
"1983578",107,3
"2708346",107,46
"2763669",46,107
"28184",37,107
"2942275",35,107
"2955554",107,9
"2986831",49,107
"3042615",37,107
"33038",107,87
"435912",107,89
"453816",31,107
"63743",30,107
"983544",107,99
"1658616",80,106
"171695",31,106
"1763363",39,106
"1968788",31,106
"1982901",4,106
"2529032",70,106
"2565914",106,37
"2650157",37,106
"266749",87,106
"2719119",35,106
"2749995",47,106
"28171",57,106
"2867021",37,106
"2939415",42,106
"2966554",24,106
"328515",52,106
"33938",106,104
"454662",106,89
"57487",69,106
"60961",49,106
"960",75,106
"110662",33,105
"1513",105,78
"2814275",29,105
"2820002",43,105
"3064001",105,66
"313588",24,105
"31953",30,105
"326329",105,93
"43661",48,105
"691",78,105
"1115758",104,63
"1910969",84,104
"191412",47,104
"2364272",18,104
"2651972",45,104
"2767188",45,104
"28080",104,37
"28133",27,104
"3036126",104,64
"33034",104,21
"563843",39,104
"826",104,64
"86188",57,104
"1340",103,45
"138851",103,91
"152161",56,103
"1903694",103,80
"1918945",56,103
"195253",42,103
"1970738",103,85
"1973475",91,103
"2069432",53,103
"2107707",40,103
"215591",61,103
"2433",52,103
"2488639",83,103
"255519",103,71
"2593655",52,103
"265488",50,103
"2719912",31,103
"2770780",103,54
"2774188",43,103
"28037",103,72
"2818493",49,103
"2881052",55,103
"2895485",47,103
"29497",72,103
"3050305",26,103
"3070815",65,103
"33964",98,103
"444051",67,103
"463",103,75
"868131",103,51
"1050657",26,102
"1234545",33,102
"1498",102,77
"1513297",102,84
"181486",37,102
"1817405",102,33
"2044912",102,21
"2211106",37,102
"2331",102,49
"2528037",58,102
"2908648",55,102
"2925782",102,53
"29483",102,69
"2954088",46,102
"3042028",56,102
"32064",29,102
"356322",102,87
"367791",49,102
"380393",38,102
"383750",40,102
"46507",53,102
"58138",75,102
"59734",59,102
"658629",41,102
"919",51,102
"97138",102,73
"1071983",101,82
"1173273",26,101
"1173283",42,101
"1522312",101,76
"1621989",37,101
"166314",21,101
"2238",33,101
"2497436",101,53
"2663009",101,84
"28223",50,101
"2992805",101,7
"1193095",100,20
"1531",58,100
"1560339",100,18
"159",98,100
"1776742",76,100
"1942464",77,100
"2199",42,100
"29498",69,100
"3038539",23,100
"314281",100,57
"357794",95,100
"51664",100,31
"754417",57,100
"860353",93,100
"1456591",27,99
"196",96,99
"2132",99,81
"234827",99,42
"2562892",29,99
"2653189",60,99
"2762277",47,99
"2864212",37,99
"2894082",21,99
"2935863",55,99
"3028318",45,99
"37636",26,99
"51366",66,99
"1227948",22,98
"1381081",98,77
"1382466",34,98
"14",98,38
"1500686",39,98
"1628059",38,98
"1852373",44,98
"1931275",52,98
"1936080",48,98
"1981510",98,73
"2079575",29,98
"230089",72,98
"252967",98,53
"265883",25,98
"2714110",80,98
"2895947",56,98
"2898187",50,98
"3015170",29,98
"3072790",98,64
"309805",54,98
"389348",40,98
"418240",98,49
"511745",29,98
"86102",98,81
"1442557",26,97
"146785",38,97
"1740262",60,97
"1888890",53,97
"1898749",44,97
"1941349",49,97
"1977865",97,47
"2099584",36,97
"2108399",57,97
"2209",97,82
"2580412",54,97
"2726122",46,97
"2732364",31,97
"2751178",64,97
"2793103",38,97
"290110",67,97
"39152",97,83
"685565",59,97
"754397",49,97
"885581",97,89
"1177574",45,96
"1336794",67,96
"1353277",20,96
"1410606",53,96
"1853276",52,96
"197",76,96
"1983581",96,0
"2018067",33,96
"2066049",96,50
"2083052",34,96
"2490855",96,30
"2498451",42,96
"2815577",62,96
"2986834",50,96
"300231",80,96
"3024247",96,76
"3037696",24,96
"33060",96,88
"337479",96,29
"33923",96,36
"47951",45,96
"490",31,96
"53442",38,96
"640030",40,96
"669",52,96
"681157",36,96
"718",96,86
"82985",64,96
"1074311",48,95
"1107",28,95
"1309",95,38
"1318",95,63
"1408281",32,95
"1600",95,24
"1940790",35,95
"2070759",95,4
"2083054",32,95
"213419",95,30
"2575375",94,95
"2686361",93,95
"2715164",95,54
"2738126",26,95
"2746932",55,95
"2748865",51,95
"28038",95,80
"28262",95,94
"2946797",31,95
"338645",61,95
"40520",93,95
"696485",59,95
"77095",74,95
"88431",61,95
"96230",58,95
"116090",94,83
"142877",94,83
"1578720",31,94
"1688404",21,94
"1888915",68,94
"1982377",94,0
"219181",37,94
"2675054",37,94
"28182",73,94
"293386",94,0
"2953978",94,7
"36874",32,94
"390641",24,94
"915",51,94
"1354726",71,93
"1816218",41,93
"1903056",93,11
"198",93,47
"2066133",32,93
"2136182",93,63
"2571116",48,93
"2594005",93,87
"2779518",69,93
"2813035",42,93
"2864207",32,93
"2920386",44,93
"311181",43,93
"326454",40,93
"379097",36,93
"41997",93,35
"45658",68,93
"46124",93,35
"663",93,92
"69710",30,93
"1196095",72,92
"1380604",30,92
"1470540",92,42
"1481663",85,92
"1715806",92,30
"1835724",23,92
"190146",37,92
"2697010",56,92
"2731377",92,55
"28135",31,92
"2834459",59,92
"2855841",88,92
"2867409",41,92
"2954082",38,92
"2991418",92,43
"3020716",92,70
"359408",47,92
"493",32,92
"643674",29,92
"651456",8,92
"65555",38,92
"693075",35,92
"93466",92,35
"121277",23,91
"1583098",91,48
"1632",44,91
"1632866",36,91
"1727214",25,91
"1796616",62,91
"1807358",54,91
"1848904",76,91
"2218628",48,91
"2735723",91,26
"2795383",28,91
"2897181",57,91
"2954087",50,91
"3034674",91,47
"320324",46,91
"332186",49,91
"529883",42,91
"702745",59,91
"713",81,91
"914150",37,91
"1247",90,43
"1510",90,83
"1572645",82,90
"1756150",31,90
"2678343",13,90
"2708053",52,90
"2774055",90,44
"28196",90,86
"2820661",28,90
"2929494",40,90
"2976982",90,89
"3021011",85,90
"546367",52,90
"859",90,66
"958",17,90
"985782",90,84
"104267",32,89
"1302235",26,89
"1486034",67,89
"1667",29,89
"1805431",89,35
"1807790",29,89
"187492",40,89
"1884914",28,89
"189834",89,22
"2057808",36,89
"2067572",29,89
"2121",89,30
"2172099",56,89
"2269",29,89
"2498113",65,89
"2570561",62,89
"2866201",89,83
"410072",89,56
"45067",39,89
"47770",89,70
"516075",89,43
"637971",43,89
"104609",38,88
"1147",29,88
"1229909",47,88
"1253",88,46
"1470066",31,88
"2267618",88,13
"2358479",88,49
"2840467",37,88
"291112",34,88
"2954077",41,88
"3018314",88,77
"398736",54,88
"417574",59,88
"420336",88,55
"436114",88,62
"452627",51,88
"49899",25,88
"526944",88,32
"55208",67,88
"617123",88,24
"766",38,88
"869806",41,88
"1054034",87,46
"1155384",28,87
"1316596",62,87
"153491",38,87
"1561924",42,87
"1917830",38,87
"2058134",49,87
"248039",68,87
"2676233",34,87
"2763672",58,87
"2766701",30,87
"2845819",47,87
"288965",87,68
"2895568",38,87
"2912675",31,87
"2918899",32,87
"2964606",55,87
"2984951",87,77
"34067",37,87
"433296",78,87
"51665",87,46
"76594",51,87
"106648",86,41
"1525218",33,86
"172",41,86
"178606",28,86
"184064",48,86
"187327",32,86
"1884904",24,86
"1983755",31,86
"2184575",86,73
"2485124",60,86
"2662262",35,86
"2704653",86,49
"2806443",86,35
"2819101",39,86
"2880008",42,86
"2890317",59,86
"2914983",65,86
"3046369",27,86
"3064797",26,86
"326544",61,86
"456",32,86
"708126",86,15
"78398",64,86
"1131703",38,85
"156213",50,85
"1705353",29,85
"1803865",28,85
"1821960",85,39
"1903412",51,85
"1910951",78,85
"216934",85,31
"244582",31,85
"28128",38,85
"2849039",33,85
"2904120",22,85
"39441",85,47
"649756",82,85
"680279",85,83
"810",85,75
"82989",85,38
"831",85,70
"863",50,85
"1184387",32,84
"1230533",44,84
"1355374",84,75
"1444684",39,84
"1548",84,68
"160795",84,12
"1612624",28,84
"192073",48,84
"2067065",84,53
"2069256",30,84
"221350",30,84
"2572923",84,78
"261964",24,84
"2726954",84,61
"2751313",45,84
"2781243",37,84
"2917715",22,84
"29485",81,84
"3070656",84,72
"359303",29,84
"366522",28,84
"396811",38,84
"450",50,84
"456827",50,84
"501783",43,84
"556548",39,84
"577469",30,84
"754477",58,84
"784",84,76
"815",52,84
"849",84,41
"1577685",37,83
"1686399",83,20
"1751286",29,83
"1912897",83,51
"2169583",30,83
"2487063",41,83
"2588536",65,83
"2800681",37,83
"28885",31,83
"2934315",83,64
"2976883",33,83
"2995174",35,83
"3037258",83,66
"362837",83,27
"453161",20,83
"48075",30,83
"568766",43,83
"633807",83,25
"66969",83,67
"673862",51,83
"718286",31,83
"76258",38,83
"865",83,51
"1031538",38,82
"104268",65,82
"1096856",18,82
"116092",63,82
"1296540",82,35
"1470200",32,82
"1580",82,76
"1602",82,34
"1610",82,74
"163003",17,82
"191026",35,82
"1921711",82,4
"2497879",82,54
"2497989",31,82
"2518645",45,82
"2589987",35,82
"2675782",82,8
"2686359",52,82
"2689569",59,82
"2755338",82,32
"2864209",25,82
"2884482",47,82
"3024248",36,82
"3025672",39,82
"3042029",27,82
"351672",67,82
"51663",82,42
"51668",82,9
"70864",54,82
"71667",30,82
"83771",71,82
"97050",25,82
"1191459",56,81
"1714848",34,81
"1756149",53,81
"1848517",81,12
"1915310",81,33
"1977566",81,2
"2039",17,81
"2068655",55,81
"263819",81,76
"2668067",30,81
"2767887",81,12
"2809031",81,81
"28253",40,81
"2842201",34,81
"29423",33,81
"2984846",38,81
"3026967",39,81
"456163",14,81
"519472",81,26
"52443",37,81
"666507",41,81
"728",47,81
"85402",55,81
"996",57,81
"104623",44,80
"111782",61,80
"1152",32,80
"1461582",80,57
"1574161",80,69
"1581680",21,80
"170651",33,80
"1867846",26,80
"2108365",80,77
"2590015",43,80
"271098",32,80
"2775920",21,80
"2895483",45,80
"2933959",42,80
"3022126",28,80
"3035470",32,80
"33033",60,80
"54120",33,80
"555319",26,80
"568386",51,80
"649776",41,80
"69968",80,45
"1007",29,79
"1094892",79,66
"1179777",79,44
"1427149",10,79
"1581011",79,34
"1985181",79,27
"206",79,68
"2071621",38,79
"2099583",33,79
"2801997",38,79
"28124",27,79
"2819096",55,79
"3024242",34,79
"342950",45,79
"626",79,54
"732",42,79
"1311",78,30
"1324864",78,16
"1473",78,4
"1481914",39,78
"1511761",51,78
"158847",78,46
"1630406",52,78
"1716543",78,71
"1738770",43,78
"174",38,78
"1796635",78,38
"197162",38,78
"2083053",28,78
"256326",47,78
"2564099",78,42
"2590022",78,36
"2769351",35,78
"2815720",24,78
"2856608",22,78
"2864205",55,78
"3015168",74,78
"3053655",43,78
"3074147",21,78
"442694",33,78
"451",48,78
"589436",72,78
"60520",78,62
"70346",64,78
"82983",67,78
"1073986",31,77
"137591",45,77
"148814",77,41
"1503041",18,77
"151276",42,77
"160233",17,77
"191301",77,21
"216932",77,52
"246969",19,77
"2583452",77,60
"2711221",46,77
"2741553",17,77
"2747",77,16
"2810537",14,77
"283735",26,77
"2864203",37,77
"2891294",28,77
"29375",77,73
"2968475",24,77
"2975055",35,77
"2999013",77,12
"39950",77,28
"40215",77,66
"45634",77,56
"75985",75,77
"102106",23,76
"1177211",23,76
"131112",19,76
"135620",26,76
"1505907",17,76
"1582259",48,76
"1643685",33,76
"1666906",30,76
"188913",76,61
"1921184",76,2
"1930764",76,33
"1935204",76,25
"240427",61,76
"2563897",38,76
"2864202",27,76
"2871165",76,75
"2898483",23,76
"2923279",47,76
"374981",30,76
"38027",38,76
"412593",51,76
"499229",76,47
"563798",33,76
"731",50,76
"744515",26,76
"100886",75,20
"105841",36,75
"113653",22,75
"1470067",35,75
"1602166",35,75
"1765964",38,75
"2161872",24,75
"2483609",75,1
"2490939",20,75
"2686210",75,13
"2779362",35,75
"2785912",26,75
"2795691",22,75
"28084",75,65
"2864206",38,75
"2921087",75,32
"2968490",34,75
"2994495",34,75
"3045147",59,75
"32052",34,75
"400946",63,75
"60217",49,75
"69539",27,75
"72803",28,75
"780",39,75
"116085",47,74
"1580092",52,74
"1743159",30,74
"1903414",74,66
"1915309",74,67
"1971364",26,74
"200454",25,74
"2123",74,23
"2479546",46,74
"2545632",24,74
"2563896",36,74
"28172",44,74
"33024",31,74
"449",27,74
"480",26,74
"603050",58,74
"633",74,71
"748770",26,74
"83552",30,74
"84377",74,50
"120212",6,73
"1229621",73,64
"1267021",73,33
"1522056",22,73
"2254",23,73
"225848",36,73
"246167",34,73
"2487742",29,73
"2527775",52,73
"2686358",34,73
"2779528",32,73
"2929492",43,73
"322095",36,73
"38986",40,73
"504",33,73
"85404",60,73
"88233",40,73
"1273541",28,72
"1789226",15,72
"194196",42,72
"201",58,72
"203",27,72
"2093834",72,7
"2115",72,18
"227",37,72
"2708117",26,72
"28082",31,72
"2864208",37,72
"2939495",37,72
"40577",61,72
"45495",47,72
"54077",25,72
"652716",24,72
"752201",31,72
"90245",22,72
"1080223",71,54
"1118153",29,71
"122420",15,71
"1335745",24,71
"1434100",28,71
"147268",26,71
"1510466",46,71
"1588",71,50
"1918946",36,71
"202747",71,30
"2044467",49,71
"2054316",45,71
"2224",30,71
"2447890",68,71
"2734193",17,71
"2735562",34,71
"2763670",60,71
"2778056",26,71
"2791037",24,71
"28169",37,71
"404011",27,71
"432330",71,71
"476",40,71
"75984",57,71
"1182",70,31
"118968",65,70
"1293412",21,70
"1379908",17,70
"1763883",49,70
"1906275",55,70
"1987584",22,70
"2042961",31,70
"221345",23,70
"2507161",63,70
"2828763",45,70
"2864213",67,70
"2953738",64,70
"3050131",70,22
"393921",22,70
"470565",31,70
"712362",70,28
"82135",35,70
"84163",35,70
"870",25,70
"1241982",49,69
"1441386",32,69
"1501662",69,46
"1585976",57,69
"1603555",11,69
"1855880",69,60
"186804",69,21
"1912064",69,29
"2202",25,69
"2271",41,69
"234828",27,69
"2508726",27,69
"2547962",61,69
"2782163",69,50
"2847778",49,69
"285530",33,69
"2864217",19,69
"2886361",21,69
"2969431",69,23
"491948",46,69
"638",48,69
"64895",46,69
"83265",49,69
"90244",69,56
"97084",44,69
"1028752",39,68
"1131707",26,68
"1249",68,44
"1608473",68,44
"1660083",15,68
"1844051",32,68
"224372",17,68
"242703",28,68
"2552945",20,68
"2607663",49,68
"2664899",29,68
"2689107",45,68
"2746060",33,68
"2767842",59,68
"2781599",43,68
"2803864",36,68
"2819100",27,68
"2976818",35,68
"3061989",68,32
"333962",53,68
"336261",27,68
"351679",42,68
"59610",57,68
"626940",32,68
"795750",18,68
"83561",22,68
"92245",32,68
"96232",29,68
"1173284",28,67
"1246",50,67
"1326",67,26
"138072",36,67
"1407071",38,67
"1587",67,59
"1968775",28,67
"2036037",19,67
"2054173",65,67
"2203724",67,29
"237258",67,60
"2448483",55,67
"2547970",41,67
"2675053",45,67
"2715735",34,67
"2749807",31,67
"2769490",34,67
"2820710",67,60
"2851540",67,29
"293091",29,67
"2961948",32,67
"2975052",31,67
"338190",28,67
"34061",26,67
"423605",55,67
"488",30,67
"659",52,67
"680114",16,67
"182180",25,66
"1854492",57,66
"2185111",30,66
"2360",36,66
"2714926",17,66
"2822842",34,66
"28229",66,58
"2862945",18,66
"2929495",28,66
"29521",66,50
"2980099",21,66
"39486",66,42
"415095",11,66
"518738",26,66
"658642",26,66
"83984",25,66
"86106",31,66
"1118",19,65
"1160721",21,65
"1481923",35,65
"1699621",24,65
"185008",65,42
"1878942",34,65
"2007306",65,32
"2070537",42,65
"2141",51,65
"255507",65,55
"2676247",25,65
"2714855",22,65
"28187",65,47
"2827482",18,65
"2842457",65,1
"3018315",39,65
"3049085",16,65
"387092",65,33
"676210",28,65
"940",49,65
"1032072",55,64
"1096243",19,64
"1173288",14,64
"1329",64,28
"136468",27,64
"1394889",20,64
"1581557",26,64
"1582439",24,64
"167642",64,52
"2280",64,35
"247523",35,64
"2488567",64,12
"2560251",13,64
"256839",33,64
"2587865",44,64
"2652177",64,44
"2800061",45,64
"2813842",23,64
"2854796",25,64
"2861799",22,64
"29348",64,54
"3003229",64,21
"3064892",37,64
"33039",64,42
"338192",29,64
"349064",64,53
"386891",17,64
"391290",64,26
"477976",59,64
"53410",22,64
"753",64,50
"76859",64,49
"850",62,64
"1124849",63,0
"1149953",37,63
"134676",2,63
"1435069",41,63
"1583341",31,63
"16",35,63
"162",43,63
"172045",24,63
"1910935",63,8
"202950",42,63
"2486578",48,63
"28263",12,63
"2844380",25,63
"2871094",14,63
"300876",25,63
"3043330",63,55
"3047542",23,63
"3047864",19,63
"556053",18,63
"78259",18,63
"983548",17,63
"1007869",13,62
"10319",21,62
"103808",20,62
"1138822",62,19
"119206",40,62
"1310",62,56
"150830",24,62
"1649",62,1
"167",39,62
"1743162",33,62
"186490",36,62
"186764",21,62
"1940690",56,62
"1985182",62,1
"2077090",35,62
"2222",21,62
"235888",9,62
"2697033",22,62
"2798861",27,62
"2803751",19,62
"2806205",62,29
"2861775",14,62
"29559",62,29
"3024411",22,62
"33962",62,28
"39496",62,46
"406020",22,62
"461876",62,55
"55583",32,62
"59",24,62
"697331",16,62
"700220",62,55
"1050714",15,61
"1653434",27,61
"1761789",29,61
"1776741",42,61
"1819725",17,61
"1846278",30,61
"1855619",28,61
"2006115",40,61
"2012495",61,57
"2018052",29,61
"206403",39,61
"2268451",37,61
"2676755",15,61
"2706014",42,61
"2778059",25,61
"2954090",29,61
"320778",22,61
"34087",25,61
"416916",34,61
"68892",61,22
"844",23,61
"911092",61,57
"1144748",33,60
"1442159",28,60
"148813",39,60
"1581",43,60
"1678078",14,60
"1679721",60,50
"1687",27,60
"173",27,60
"1758398",20,60
"186823",17,60
"1868793",60,36
"1870984",46,60
"2100116",27,60
"2214",56,60
"2654238",28,60
"2733155",33,60
"2748760",9,60
"2803850",60,13
"2834819",60,44
"2943497",46,60
"29507",28,60
"2951138",23,60
"3016343",35,60
"309806",36,60
"320912",23,60
"375175",60,38
"39765",35,60
"40544",22,60
"710191",60,31
"745774",60,0
"1031542",59,22
"139",59,13
"1636610",14,59
"1824638",32,59
"1935446",25,59
"2579250",59,48
"265668",29,59
"2672570",59,38
"2741499",45,59
"2746230",59,43
"289201",59,8
"2895487",23,59
"2913506",59,3
"2920380",59,21
"29291",59,26
"2937286",36,59
"2955314",15,59
"2986279",17,59
"3030492",42,59
"3050322",12,59
"3059076",11,59
"400065",59,42
"552525",59,4
"89093",59,41
"1008460",58,26
"103810",20,58
"104955",58,24
"105",19,58
"136",29,58
"147802",58,33
"1779135",32,58
"1871111",38,58
"195522",28,58
"1967665",32,58
"2599641",25,58
"2715163",50,58
"2755562",42,58
"28137",58,48
"2920269",23,58
"29466",44,58
"3032580",25,58
"3035472",23,58
"3042300",31,58
"3050355",21,58
"367190",38,58
"487686",21,58
"71998",23,58
"83526",58,27
"1002672",57,57
"106649",46,57
"1239415",52,57
"1796613",22,57
"1940555",57,3
"1987580",57,27
"2055892",36,57
"2234",21,57
"229155",57,24
"2500132",57,32
"2576917",24,57
"2785746",57,36
"2817969",57,38
"2823317",15,57
"2880988",20,57
"2886044",21,57
"2925830",57,39
"311808",9,57
"347213",12,57
"498374",17,57
"623",57,41
"698776",51,57
"74109",40,57
"76857",57,39
"1028416",33,56
"1156568",10,56
"1287055",51,56
"1346",56,23
"1348114",38,56
"1353",56,27
"142058",25,56
"159191",13,56
"1644130",15,56
"187878",22,56
"1926290",18,56
"1930546",56,16
"2172103",55,56
"227942",56,54
"2597770",16,56
"2599307",28,56
"2699836",56,29
"2734271",56,5
"2912315",56,56
"292691",15,56
"2931922",42,56
"2950074",34,56
"314282",51,56
"326319",22,56
"35786",20,56
"409322",54,56
"418008",56,56
"512649",26,56
"572511",33,56
"774",45,56
"861445",14,56
"109328",55,39
"125316",14,55
"1320552",30,55
"1427364",39,55
"150120",35,55
"1691",10,55
"1748967",55,45
"1855652",19,55
"1872114",55,47
"1903686",55,14
"1967666",27,55
"200615",20,55
"213483",16,55
"2151",55,22
"2576926",25,55
"2751177",55,27
"28125",19,55
"2819098",55,37
"2982615",18,55
"307643",55,43
"361101",55,36
"444",21,55
"447032",7,55
"56112",49,55
"5761",18,55
"715451",55,30
"108980",36,54
"1151742",54,37
"134813",12,54
"1622",54,34
"1758374",17,54
"1835254",19,54
"2081041",20,54
"230361",28,54
"2609668",45,54
"2717374",23,54
"2895474",25,54
"2903099",9,54
"2923362",54,27
"29546",39,54
"3015160",15,54
"326320",14,54
"326523",23,54
"411483",16,54
"51365",54,20
"58231",28,54
"61651",40,54
"675",26,54
"676208",24,54
"84378",49,54
"931099",45,54
"936476",33,54
"990268",31,54
"114186",37,53
"1200300",22,53
"1303590",53,33
"13773",29,53
"1442553",19,53
"152331",31,53
"1659194",27,53
"1755811",38,53
"1808001",38,53
"1853224",27,53
"1891186",48,53
"2094",53,27
"212667",31,53
"213",33,53
"216935",53,25
"2213226",35,53
"244787",53,49
"2576923",21,53
"2588299",21,53
"2742598",53,28
"274591",21,53
"2774015",23,53
"2776706",10,53
"2866200",31,53
"2969672",22,53
"35755",53,49
"381751",21,53
"413501",53,53
"430451",18,53
"511435",43,53
"76832",53,38
"85018",11,53
"107327",38,52
"115561",31,52
"1173270",27,52
"1302376",17,52
"151781",52,27
"1564138",43,52
"1755100",23,52
"1806891",52,20
"215689",52,40
"2194",11,52
"248315",37,52
"2487118",52,40
"2563668",52,5
"2593672",41,52
"2766470",52,40
"2777367",14,52
"2812551",17,52
"2864103",13,52
"2895482",16,52
"2946699",52,51
"2976236",26,52
"3035514",52,10
"40269",52,43
"446374",28,52
"528343",19,52
"552386",52,50
"556287",52,52
"63363",22,52
"75906",52,38
"84405",17,52
"94694",52,15
"1186",42,51
"1328770",18,51
"160798",29,51
"171552",17,51
"1759089",33,51
"1816219",40,51
"1896175",51,44
"202951",30,51
"206379",15,51
"2143",51,30
"238836",43,51
"243899",16,51
"2570586",26,51
"2590884",31,51
"2702",23,51
"2708020",29,51
"2738983",37,51
"2778550",51,48
"285458",18,51
"2893889",38,51
"2895477",13,51
"2895484",21,51
"40091",51,49
"40542",51,24
"69499",51,33
"875170",9,51
"1042877",15,50
"110164",18,50
"1137606",26,50
"123824",18,50
"1324350",50,50
"135727",50,9
"1566379",21,50
"158850",44,50
"1601",37,50
"161398",32,50
"1849015",50,42
"185007",32,50
"1855909",23,50
"1857845",50,0
"2066483",50,35
"2081052",18,50
"240411",18,50
"2560784",50,7
"2576932",26,50
"2587858",8,50
"2592816",16,50
"2689109",34,50
"2708340",20,50
"2714927",27,50
"2717",22,50
"2796146",21,50
"291048",32,50
"2933778",11,50
"29459",32,50
"29487",24,50
"296199",42,50
"2994078",22,50
"3003623",31,50
"3057550",9,50
"392416",50,29
"44674",50,33
"45056",50,45
"459532",50,41
"64471",49,50
"718217",36,50
"726",30,50
"730",50,41
"90736",24,50
"115778",49,41
"1176482",49,29
"118883",37,49
"1218494",49,31
"1222016",49,24
"143495",49,4
"1494",49,43
"1521",40,49
"158846",0,49
"1630141",25,49
"1706371",15,49
"1826170",23,49
"1914871",37,49
"1925548",36,49
"2002831",15,49
"2083055",23,49
"2096",49,29
"2173853",49,32
"221402",36,49
"2358187",49,33
"2545799",26,49
"2587862",41,49
"2594042",41,49
"2734129",16,49
"28189",27,49
"2828656",26,49
"2841528",23,49
"2991500",33,49
"2992244",14,49
"3015165",12,49
"3050260",30,49
"310037",18,49
"34105",49,48
"388640",22,49
"45610",21,49
"45851",49,36
"496",15,49
"52133",49,39
"60519",49,23
"70348",28,49
"718192",25,49
"938155",49,18
"1082702",38,48
"1173280",13,48
"1499987",15,48
"1583",44,48
"1720083",48,40
"1743173",18,48
"1789224",36,48
"186824",22,48
"1886807",20,48
"1982902",2,48
"2093",12,48
"221027",18,48
"2613334",9,48
"2701",44,48
"2719313",26,48
"2763062",44,48
"282676",34,48
"2926671",16,48
"2954099",15,48
"2956317",13,48
"2956343",14,48
"3057057",39,48
"322019",29,48
"341027",12,48
"431057",21,48
"46255",35,48
"715",37,48
"906",18,48
"972",36,48
"1218315",15,47
"1295609",37,47
"134287",47,29
"135618",12,47
"147212",12,47
"1607",39,47
"1743165",30,47
"1855883",16,47
"1892259",27,47
"2036206",47,29
"2050",15,47
"2100821",26,47
"2112",28,47
"216938",44,47
"2267253",32,47
"2422",20,47
"2509666",47,2
"2571750",47,22
"261825",24,47
"2682810",19,47
"2740837",24,47
"2763022",28,47
"2773709",47,26
"2809036",47,6
"2831519",47,1
"2870563",47,18
"2880989",7,47
"2886510",15,47
"2904123",18,47
"2908646",29,47
"2949997",36,47
"3059082",16,47
"315405",47,20
"513050",47,39
"519450",47,45
"57705",14,47
"70258",47,27
"827",47,42
"877500",47,44
"884684",33,47
"1060",19,46
"1285600",13,46
"1382237",21,46
"1462615",46,45
"1542390",46,43
"1623306",1,46
"1855895",9,46
"1868135",46,14
"1884915",10,46
"1921712",46,6
"1929246",15,46
"2173169",30,46
"254245",10,46
"2576930",46,40
"264636",46,24
"2778911",20,46
"280145",37,46
"2861280",13,46
"2890407",46,25
"292628",13,46
"29287",14,46
"2970966",19,46
"2992242",25,46
"3040675",11,46
"3051997",10,46
"3072978",10,46
"3074148",11,46
"311400",13,46
"319318",15,46
"324079",46,27
"329857",46,44
"347209",3,46
"38323",37,46
"387093",27,46
"41673",27,46
"43305",46,44
"46125",46,31
"573600",11,46
"622",33,46
"942",14,46
"985043",21,46
"994695",46,13
"1442558",28,45
"1472345",15,45
"1636609",23,45
"173566",13,45
"1743174",18,45
"1758390",15,45
"1802984",45,31
"187452",45,13
"1884907",31,45
"1890438",9,45
"190897",33,45
"1910937",45,7
"1945584",39,45
"1979527",18,45
"229980",19,45
"242600",25,45
"2560028",28,45
"2560214",45,7
"2576922",11,45
"2586643",19,45
"2588535",13,45
"2734192",27,45
"2734218",45,22
"2778054",27,45
"279303",12,45
"2795386",24,45
"2815775",11,45
"2856556",15,45
"2874846",45,31
"293371",45,19
"29556",45,34
"3050138",18,45
"3050637",44,45
"33990",37,45
"589437",19,45
"651457",36,45
"665568",12,45
"708131",24,45
"712357",37,45
"927786",33,45
"92944",9,45
"995019",15,45
"1149952",25,44
"1249480",19,44
"136094",15,44
"1374",44,16
"149016",44,25
"1495066",14,44
"1632019",30,44
"1648",44,8
"1678309",20,44
"1855616",19,44
"1910968",33,44
"195",38,44
"2059264",16,44
"216942",44,28
"217",44,36
"2560783",44,8
"267818",44,30
"2720029",44,21
"2722751",27,44
"277988",13,44
"2827233",27,44
"2831892",44,5
"2840371",43,44
"2908650",16,44
"2918755",19,44
"2925411",44,41
"2927224",10,44
"2931400",21,44
"293389",44,0
"3002900",32,44
"3035453",18,44
"3059081",9,44
"35818",44,16
"58049",40,44
"658632",14,44
"1043206",14,43
"1386941",16,43
"1563703",20,43
"1635327",35,43
"164393",42,43
"1654388",43,34
"176292",43,23
"1807141",26,43
"1843210",43,11
"1873998",43,12
"1891280",10,43
"2109558",31,43
"2203",22,43
"2267275",22,43
"228229",43,23
"2610896",43,10
"2663232",43,1
"2738843",22,43
"2745560",22,43
"28107",43,36
"2819993",18,43
"2821559",14,43
"2879119",25,43
"2886360",12,43
"2919598",17,43
"2929489",16,43
"2948789",8,43
"2961895",43,30
"2965074",8,43
"3028070",24,43
"3050271",12,43
"505249",43,34
"505341",42,43
"50719",26,43
"51364",15,43
"56636",16,43
"64160",18,43
"658643",12,43
"689",28,43
"10279",6,42
"102862",31,42
"1166",32,42
"135575",16,42
"137583",42,33
"145260",11,42
"1758395",42,27
"1813182",42,31
"1855617",19,42
"186814",16,42
"187880",12,42
"1902136",42,5
"197482",17,42
"1982898",18,42
"2546128",42,35
"2675710",42,21
"2734196",16,42
"278860",34,42
"2841925",22,42
"294671",42,36
"2954085",30,42
"2956212",18,42
"2995171",11,42
"317658",24,42
"360911",42,32
"39766",42,34
"413403",24,42
"449520",42,30
"543349",20,42
"547987",42,16
"595671",10,42
"65553",32,42
"71997",10,42
"745",16,42
"81461",12,42
"931101",9,42
"948",12,42
"1076626",20,41
"114527",22,41
"1232575",10,41
"123841",41,33
"1273132",22,41
"1327989",18,41
"1388755",35,41
"1967782",41,12
"198251",18,41
"1982880",17,41
"2008440",13,41
"2016361",17,41
"2081049",20,41
"2217825",41,1
"2217830",41,0
"235",26,41
"240426",19,41
"2587529",12,41
"2738979",41,35
"2740405",25,41
"2866199",21,41
"3031993",41,26
"3035289",7,41
"3036714",33,41
"39485",34,41
"459529",24,41
"47493",28,41
"554406",41,22
"591154",14,41
"631",31,41
"72",27,41
"1183377",40,10
"1241978",22,40
"1345",33,40
"167375",15,40
"1794699",25,40
"1944646",32,40
"2190",40,27
"2500548",15,40
"2560029",21,40
"2576919",13,40
"2592625",27,40
"2704654",40,27
"2725268",25,40
"2742195",40,14
"2778052",14,40
"2895488",16,40
"2955497",11,40
"29575",31,40
"42094",40,9
"43080",35,40
"558541",40,36
"577309",13,40
"658641",18,40
"68288",18,40
"69328",24,40
"762",18,40
"768528",22,40
"80850",18,40
"1233873",39,9
"1378",39,8
"166935",18,39
"1743168",16,39
"1866938",9,39
"2030797",37,39
"203804",14,39
"2115978",18,39
"2162846",33,39
"236753",36,39
"2518973",18,39
"256818",6,39
"2598455",12,39
"2691913",27,39
"2714949",28,39
"2719911",23,39
"2724901",6,39
"2767194",39,3
"2844696",12,39
"2870840",11,39
"2904121",33,39
"2940299",13,39
"2983836",6,39
"301953",30,39
"3050362",16,39
"327575",31,39
"395631",39,31
"404582",14,39
"423477",39,28
"480520",33,39
"491950",20,39
"507763",9,39
"573570",21,39
"955",12,39
"101192",38,35
"1032243",9,38
"1032623",38,26
"113267",20,38
"1315211",29,38
"133448",38,9
"1382",19,38
"138563",15,38
"143222",19,38
"157691",38,35
"1625",38,26
"1702250",9,38
"1933929",9,38
"2058135",37,38
"2148",37,38
"2180",38,13
"2286",38,29
"2424",22,38
"2562451",38,23
"2704655",38,38
"2734195",11,38
"2767885",38,7
"2785331",16,38
"2799184",20,38
"28110",18,38
"286104",18,38
"2886040",19,38
"2904119",16,38
"29391",38,34
"2951137",13,38
"3060017",22,38
"394751",38,22
"56812",20,38
"644281",38,27
"693750",13,38
"722417",38,1
"754",14,38
"109790",37,23
"1177213",20,37
"135569",37,22
"1508420",25,37
"1653476",33,37
"1705394",11,37
"170861",24,37
"171284",23,37
"1778263",15,37
"1810868",13,37
"1811193",37,30
"1840293",6,37
"1882662",21,37
"190895",11,37
"1982900",7,37
"2029986",22,37
"2033438",13,37
"2107",37,28
"2126985",13,37
"254839",12,37
"2575699",24,37
"2652721",20,37
"2689102",7,37
"2767881",30,37
"2778057",24,37
"2792084",23,37
"2939731",20,37
"3070661",37,36
"3070814",25,37
"520056",20,37
"53558",37,34
"536044",17,37
"54252",19,37
"55603",25,37
"58290",11,37
"588",37,35
"594679",23,37
"735",22,37
"76517",28,37
"77608",24,37
"877455",15,37
"1041504",16,36
"1081631",20,36
"114090",36,24
"144",14,36
"1591088",33,36
"1756993",35,36
"1855910",32,36
"1940636",17,36
"194424",16,36
"2057791",36,2
"227945",36,22
"2317",23,36
"2682455",36,6
"2714948",13,36
"2734266",5,36
"2774154",19,36
"2778066",11,36
"2810348",36,17
"2904122",20,36
"2916816",13,36
"29329",36,21
"2954101",20,36
"29553",36,35
"2956579",7,36
"3041619",14,36
"3050324",17,36
"33951",24,36
"35773",36,22
"419257",36,25
"43660",8,36
"511746",6,36
"52764",36,22
"634113",36,19
"66821",17,36
"693153",20,36
"94122",17,36
"10683",35,5
"1147158",35,1
"1235990",22,35
"1244531",31,35
"129728",9,35
"13",16,35
"1338",28,35
"1408204",18,35
"1534743",22,35
"1547445",35,31
"1612",35,19
"1623281",15,35
"1628248",17,35
"165779",35,29
"1660078",20,35
"1679002",12,35
"1679449",13,35
"1758189",17,35
"176102",12,35
"1927128",16,35
"1985183",35,1
"2003121",17,35
"2008790",14,35
"2018044",3,35
"2226",13,35
"2479767",26,35
"2485784",35,18
"2570191",13,35
"2601575",35,33
"2681309",35,19
"2793708",18,35
"2806552",9,35
"2822846",17,35
"2843308",27,35
"2864218",29,35
"2916633",35,8
"29465",21,35
"2956061",35,14
"3031803",6,35
"3072977",35,23
"313590",21,35
"33045",9,35
"544718",20,35
"710648",35,6
"73913",34,35
"76860",35,14
"77022",8,35
"84135",35,23
"85034",7,35
"92793",14,35
"1160784",16,34
"118882",16,34
"1190813",15,34
"1199245",34,32
"1221880",34,7
"1269201",10,34
"1278212",30,34
"1318743",14,34
"1322",31,34
"1353246",8,34
"1381597",6,34
"1395624",22,34
"151081",12,34
"1574269",26,34
"1577791",9,34
"1656159",13,34
"170673",31,34
"1712654",18,34
"171281",33,34
"1813019",16,34
"1855331",34,34
"1983579",34,1
"2004644",25,34
"2004646",31,34
"2136",12,34
"2169658",17,34
"2259672",10,34
"2421",34,27
"254955",17,34
"2558174",23,34
"2719989",15,34
"2734127",1,34
"2772254",34,31
"2779363",19,34
"2880990",16,34
"2930198",25,34
"3047867",14,34
"3050336",9,34
"347208",5,34
"37372",34,28
"45667",34,12
"549298",23,34
"644410",10,34
"74706",31,34
"971279",34,24
"10294",10,33
"1163",33,25
"1266052",27,33
"1375",33,32
"1603",30,33
"1702097",13,33
"171286",33,24
"1825023",15,33
"1841651",7,33
"1852374",17,33
"1868794",33,15
"187101",22,33
"1884916",14,33
"1932669",17,33
"202",33,28
"2045200",31,33
"2053287",20,33
"2116",19,33
"212663",15,33
"2163644",18,33
"2301",13,33
"2587843",23,33
"265570",32,33
"2734053",33,1
"2740404",27,33
"2773264",29,33
"2778068",25,33
"2781390",16,33
"2787628",31,33
"2849641",10,33
"2856522",10,33
"2864101",19,33
"2864210",16,33
"2937985",6,33
"29520",13,33
"2956463",13,33
"2983232",33,19
"301585",12,33
"3045840",33,6
"53945",20,33
"54248",15,33
"621",17,33
"637",13,33
"650378",10,33
"762833",26,33
"1231049",24,32
"1232667",6,32
"1325083",7,32
"1346287",20,32
"1573704",13,32
"157688",32,28
"1629",32,32
"1647476",9,32
"1670455",3,32
"1705617",5,32
"1780362",31,32
"182262",16,32
"1945585",27,32
"1945588",25,32
"198252",25,32
"2049935",32,3
"2099",30,32
"2267891",21,32
"2304606",32,29
"247481",32,27
"2505970",32,22
"2592653",25,32
"2664091",32,10
"267889",32,30
"2681469",22,32
"269259",32,20
"2735436",30,32
"2749961",32,3
"2767358",21,32
"2777577",16,32
"2845816",13,32
"2878098",32,24
"2897176",12,32
"2929490",12,32
"2948573",32,26
"2948708",10,32
"2949614",22,32
"2955329",13,32
"2956352",6,32
"2956376",14,32
"2976343",31,32
"2983211",32,13
"3020715",24,32
"3050252",5,32
"3050334",12,32
"365348",32,16
"478",32,30
"51229",17,32
"53952",32,27
"61635",26,32
"645292",8,32
"648800",32,3
"67760",32,13
"766894",32,12
"770",8,32
"785",14,32
"803",19,32
"83683",32,24
"938288",21,32
"981330",7,32
"1056807",19,31
"1281486",31,21
"1330330",18,31
"1443036",13,31
"1643951",31,30
"1699623",17,31
"1837130",31,0
"1933904",19,31
"1982895",13,31
"1985180",31,0
"2004647",16,31
"2005262",14,31
"2104",25,31
"216427",31,15
"2173",31,29
"2321114",16,31
"2483368",14,31
"2517362",10,31
"2557993",11,31
"2734292",14,31
"2787706",31,6
"2820817",17,31
"2851015",31,1
"2864211",16,31
"2878390",14,31
"2893572",31,28
"2956386",9,31
"2993714",13,31
"3047343",18,31
"3056647",28,31
"342948",12,31
"348824",8,31
"35795",31,26
"379547",20,31
"483",19,31
"556259",9,31
"574697",9,31
"57665",26,31
"708186",19,31
"747548",5,31
"788",17,31
"81468",21,31
"883811",12,31
"1048758",15,30
"1085644",5,30
"109262",16,30
"1240404",11,30
"1529069",29,30
"155863",22,30
"1604335",30,23
"1636607",30,25
"185588",10,30
"195498",5,30
"2016373",15,30
"2039639",9,30
"2081042",22,30
"2110",17,30
"216937",12,30
"2478954",30,26
"2483366",12,30
"2561898",30,28
"2579791",7,30
"2587597",13,30
"2589990",8,30
"260714",27,30
"2678256",30,28
"2703794",17,30
"2709304",7,30
"2714930",30,28
"2770234",17,30
"2770636",18,30
"2772226",15,30
"2782231",17,30
"2817385",12,30
"29519",16,30
"3033384",5,30
"33043",11,30
"42879",21,30
"484",12,30
"51161",22,30
"53433",11,30
"54261",12,30
"55205",30,29
"72275",13,30
"751585",16,30
"75658",25,30
"1074467",22,29
"111504",24,29
"132604",26,29
"1400862",18,29
"1424653",17,29
"1505652",29,29
"157268",29,23
"162289",10,29
"1623280",10,29
"165096",27,29
"182141",15,29
"191411",22,29
"1921710",29,4
"2014541",11,29
"2018305",9,29
"2024608",16,29
"2099788",8,29
"2138",19,29
"2204145",26,29
"225084",29,27
"225148",29,22
"2482769",19,29
"2508687",14,29
"251535",29,24
"2576928",15,29
"2675786",29,10
"2695882",20,29
"2811091",21,29
"2815361",4,29
"282132",4,29
"2849642",7,29
"2940301",13,29
"2948772",15,29
"2956211",12,29
"3031999",13,29
"32011",16,29
"512749",21,29
"553981",29,27
"583357",29,22
"59195",9,29
"84590",29,25
"1294262",11,28
"133925",10,28
"1605",20,28
"1623285",5,28
"1631871",28,8
"165694",20,28
"171279",28,19
"1827481",28,2
"187218",28,8
"1884634",8,28
"206042",24,28
"2126984",17,28
"216931",25,28
"2216012",9,28
"227388",12,28
"249188",10,28
"255474",16,28
"2560778",5,28
"2683967",28,21
"2689110",17,28
"2738399",9,28
"2745512",9,28
"2806609",16,28
"2829816",15,28
"2843794",28,27
"2862870",10,28
"2866282",11,28
"2883998",28,19
"2932252",5,28
"29360",18,28
"29419",21,28
"2955491",28,8
"29555",18,28
"2955509",8,28
"2956529",8,28
"312539",18,28
"336988",15,28
"488546",14,28
"53444",28,27
"59512",17,28
"596095",28,26
"59754",12,28
"632",8,28
"640330",28,15
"649777",8,28
"754075",28,2
"76634",15,28
"84156",14,28
"89586",16,28
"92400",28,26
"97481",28,22
"1170711",7,27
"119394",20,27
"169402",15,27
"1741",16,27
"1945658",6,27
"2004650",10,27
"2083051",14,27
"2099789",20,27
"2187",27,25
"2210",9,27
"2322",12,27
"2382161",27,23
"2509341",14,27
"2591003",27,26
"2601668",24,27
"2709685",15,27
"2720720",17,27
"2732593",18,27
"2734194",9,27
"2734229",3,27
"2749996",17,27
"2762896",19,27
"2767879",27,27
"2785124",27,18
"2822137",11,27
"2831896",11,27
"2841656",27,2
"2955351",7,27
"2956123",5,27
"3033930",27,6
"60919",6,27
"754516",27,25
"754517",22,27
"76936",13,27
"841",15,27
"104628",15,26
"1050655",8,26
"1084719",20,26
"114528",26,12
"1177216",21,26
"129727",15,26
"142649",8,26
"155194",26,21
"168169",22,26
"171288",26,20
"1910931",26,4
"1945589",17,26
"195248",7,26
"1982899",17,26
"1982903",2,26
"1985284",11,26
"198832",10,26
"2275",14,26
"249402",20,26
"2512240",24,26
"2560485",5,26
"2584467",12,26
"2608867",10,26
"261524",5,26
"2656760",8,26
"2714036",26,23
"2725994",17,26
"2821140",19,26
"2956470",12,26
"3002962",13,26
"3004105",26,23
"3048188",11,26
"3048365",7,26
"3050277",10,26
"3050323",9,26
"3074145",13,26
"374982",6,26
"44001",26,14
"46541",18,26
"526525",26,3
"589873",26,24
"59748",26,20
"682410",12,26
"684066",19,26
"83559",10,26
"945",10,26
"10",10,25
"10258",6,25
"1032242",9,25
"111844",20,25
"112040",25,6
"1186051",25,7
"1194427",21,25
"1469144",9,25
"1840265",19,25
"1917158",25,18
"1987921",13,25
"2005473",7,25
"2025808",5,25
"2283483",9,25
"2315",10,25
"233181",18,25
"2419772",25,13
"2560785",10,25
"2565531",10,25
"2570468",15,25
"2732594",25,20
"2811482",8,25
"285729",8,25
"2867247",6,25
"2890406",25,12
"2908637",22,25
"2916693",8,25
"29389",25,16
"2955229",5,25
"2955429",25,2
"2956353",15,25
"2985324",7,25
"3015169",6,25
"3036300",22,25
"3040201",14,25
"334543",13,25
"34019",11,25
"364102",7,25
"39669",9,25
"446372",15,25
"45361",25,8
"472834",17,25
"489",20,25
"497724",25,23
"701257",25,1
"813",8,25
"86332",11,25
"92758",25,20
"93682",10,25
"949",12,25
"102886",20,24
"1301915",21,24
"1365176",24,14
"1390185",13,24
"1501269",10,24
"1550241",7,24
"1660080",7,24
"1789762",20,24
"1812115",7,24
"184912",24,2
"1945586",24,24
"1982358",8,24
"200415",13,24
"2039240",6,24
"2160",15,24
"2234087",19,24
"2277",5,24
"2319",12,24
"2423",24,5
"254785",23,24
"2560065",24,0
"2590895",1,24
"2726434",10,24
"2733169",9,24
"2734215",12,24
"2807620",12,24
"2836091",5,24
"2893471",11,24
"2894593",3,24
"2937909",17,24
"2948788",10,24
"2955912",6,24
"3056835",8,24
"3058373",21,24
"315358",14,24
"34021",14,24
"35817",15,24
"377315",11,24
"400060",6,24
"45498",24,15
"51049",24,20
"57863",10,24
"64898",24,11
"755175",24,23
"83816",20,24
"85701",24,11
"104204",7,23
"1101",12,23
"114885",13,23
"11786",6,23
"1532350",8,23
"1609968",17,23
"1623295",6,23
"1647",9,23
"1673428",23,14
"1699624",23,22
"1785996",23,21
"1848580",23,7
"1848766",16,23
"1940621",7,23
"2137",6,23
"214888",23,17
"222136",12,23
"233316",7,23
"2490635",8,23
"2560595",4,23
"2675713",6,23
"2675793",23,5
"2724469",16,23
"2734274",7,23
"2742626",7,23
"2761623",4,23
"2778063",10,23
"2778065",8,23
"2785123",23,9
"2840180",23,21
"2841264",8,23
"2866211",9,23
"2866570",8,23
"2879107",21,23
"290425",10,23
"2940300",7,23
"29433",15,23
"2948800",5,23
"29501",12,23
"2953809",3,23
"2954089",7,23
"2955604",7,23
"2955990",12,23
"2983210",23,20
"3047866",7,23
"3050256",12,23
"33046",12,23
"413888",20,23
"415001",7,23
"64897",23,6
"712368",23,12
"712633",15,23
"759620",23,8
"768",13,23
"83171",18,23
"10702",4,22
"113107",14,22
"118062",13,22
"1292359",7,22
"143",7,22
"150055",22,12
"1583100",10,22
"1623284",8,22
"1699622",5,22
"1888195",22,17
"1964448",17,22
"2107999",22,12
"2118",10,22
"2124",22,10
"2139",15,22
"216936",22,13
"2176",7,22
"2189",20,22
"2560588",6,22
"2565304",16,22
"2570911",12,22
"2575361",15,22
"2894202",12,22
"2912628",22,15
"2923352",22,9
"2929512",18,22
"2943841",7,22
"29461",19,22
"2948936",7,22
"2951085",5,22
"2967302",22,13
"3027470",22,20
"305899",9,22
"393005",9,22
"412965",12,22
"43990",1,22
"45363",5,22
"46632",13,22
"478807",22,5
"488142",8,22
"513223",20,22
"54254",10,22
"55802",18,22
"56877",14,22
"671211",7,22
"739",17,22
"795748",12,22
"81459",12,22
"81466",10,22
"86331",11,22
"93929",5,22
"1070130",19,21
"1085647",21,13
"1244",20,21
"1346829",7,21
"138853",18,21
"1448857",15,21
"1476901",9,21
"1608357",8,21
"1614",20,21
"1636608",2,21
"1749074",15,21
"1750535",5,21
"1982879",3,21
"2027290",20,21
"2066024",16,21
"2109",14,21
"216964",21,15
"2261",9,21
"2320140",21,13
"2479393",2,21
"2601646",11,21
"2675773",21,7
"2681470",3,21
"2681987",21,18
"2704652",7,21
"2749962",5,21
"2800128",21,6
"2843732",6,21
"2845650",6,21
"28898",18,21
"2948781",5,21
"2955344",10,21
"2972775",5,21
"32025",13,21
"32257",6,21
"33056",19,21
"33926",20,21
"351745",2,21
"37692",9,21
"391036",8,21
"411486",14,21
"413889",5,21
"56426",6,21
"669502",16,21
"67575",8,21
"68298",21,9
"691437",20,21
"712361",8,21
"76629",21,15
"76887",6,21
"786",3,21
"79601",7,21
"994692",19,21
"1136535",5,20
"128944",13,20
"1316941",9,20
"1340830",6,20
"1449788",7,20
"1500960",19,20
"1501268",11,20
"1542963",12,20
"1623292",6,20
"1778262",9,20
"1778653",7,20
"1855646",7,20
"2024974",8,20
"212790",3,20
"216945",20,11
"251538",20,13
"2588449",6,20
"2609418",4,20
"2614801",10,20
"272774",8,20
"2731220",11,20
"2762326",20,0
"2792978",7,20
"2795384",16,20
"28045",3,20
"2805750",6,20
"2824673",13,20
"28258",11,20
"2831894",13,20
"2843775",20,1
"2845589",2,20
"2866384",20,18
"2937790",7,20
"29518",17,20
"2956026",8,20
"29561",20,17
"2983299",2,20
"305976",5,20
"3068305",8,20
"314343",4,20
"330922",20,13
"342949",3,20
"470150",3,20
"50052",16,20
"522485",15,20
"538220",20,20
"548914",5,20
"60480",12,20
"82986",20,0
"84107",6,20
"92402",6,20
"1109711",4,19
"1111760",19,18
"1113728",4,19
"111770",9,19
"114881",12,19
"1220717",10,19
"12914",6,19
"164452",19,16
"1660063",19,18
"171285",4,19
"1720343",19,8
"1775403",7,19
"1827285",19,15
"188709",9,19
"1921016",19,0
"1945657",2,19
"1982357",5,19
"1983736",6,19
"2025351",8,19
"2025360",12,19
"213116",15,19
"216963",8,19
"2177",13,19
"2191",5,19
"219745",9,19
"2215",4,19
"235559",12,19
"251540",13,19
"2675741",19,12
"2675792",19,11
"2697019",11,19
"2719231",19,5
"2745558",7,19
"2749994",6,19
"2751179",10,19
"2770788",19,12
"2778053",5,19
"2801918",12,19
"2816910",12,19
"2821409",19,3
"2885981",12,19
"2894203",19,4
"2940302",14,19
"2942997",17,19
"2946815",5,19
"2948610",7,19
"2953752",15,19
"2955888",3,19
"2956110",7,19
"2956389",2,19
"2956429",4,19
"2983208",18,19
"2991054",8,19
"2993618",8,19
"3019889",6,19
"3033391",8,19
"3034029",12,19
"3050259",7,19
"333965",15,19
"33865",17,19
"33993",5,19
"39777",19,17
"44011",6,19
"624",19,5
"74968",10,19
"86660",11,19
"912801",1,19
"931100",5,19
"954",10,19
"994696",14,19
"100177",18,11
"1129",9,18
"1195070",6,18
"1287640",6,18
"129726",16,18
"1299429",3,18
"1316444",1,18
"1338689",14,18
"134821",9,18
"1364",18,9
"1406512",6,18
"1408194",10,18
"1503929",4,18
"1505597",8,18
"153135",6,18
"1582",6,18
"1623288",11,18
"1656823",1,18
"1850254",18,15
"188711",4,18
"1903416",4,18
"191393",11,18
"1914195",18,1
"1983110",8,18
"2023057",12,18
"2037915",15,18
"2113",18,15
"213121",4,18
"214",9,18
"216946",17,18
"2186",18,14
"223919",18,11
"2289",4,18
"2419611",4,18
"2560509",6,18
"2582914",4,18
"2594495",12,18
"2656554",2,18
"2675787",5,18
"2733154",3,18
"2733215",1,18
"2733866",7,18
"2767877",8,18
"2775245",9,18
"2778051",6,18
"2778055",2,18
"2792977",5,18
"28109",18,8
"2812025",4,18
"2846389",11,18
"29324",13,18
"2944252",1,18
"2945587",5,18
"2948963",8,18
"2956318",4,18
"2956713",7,18
"2979330",9,18
"3037654",8,18
"3050333",8,18
"334715",15,18
"353851",18,13
"408956",6,18
"41675",18,17
"41980",5,18
"550542",6,18
"57037",15,18
"571800",5,18
"644524",4,18
"69656",17,18
"873191",16,18
"1006005",11,17
"1073987",5,17
"108080",17,5
"110163",15,17
"111955",14,17
"114627",2,17
"114883",9,17
"116598",17,5
"120577",7,17
"1330546",17,2
"1406197",2,17
"1410383",14,17
"1439319",17,14
"1471399",8,17
"1501226",17,2
"1516159",9,17
"157339",2,17
"164514",6,17
"1655500",11,17
"1674923",7,17
"172049",6,17
"1917441",9,17
"1921582",5,17
"1980936",5,17
"1982590",1,17
"1982897",2,17
"2003316",11,17
"2014742",14,17
"2024614",7,17
"2145",11,17
"2223",11,17
"2282148",2,17
"2283",9,17
"2303",6,17
"246273",3,17
"2590020",14,17
"2601122",12,17
"2675726",17,16
"2733170",7,17
"2733194",5,17
"2734236",4,17
"2734239",7,17
"2734240",7,17
"2734286",17,15
"2738852",17,17
"2839744",17,4
"2841063",7,17
"2845253",4,17
"2845655",5,17
"2895470",6,17
"292486",6,17
"2940297",13,17
"2944251",17,14
"2948773",7,17
"2955353",2,17
"295596",17,12
"2972784",17,17
"2984146",8,17
"2985648",2,17
"3035452",6,17
"3050282",1,17
"3051419",9,17
"347202",4,17
"36853",17,12
"370623",4,17
"386487",17,17
"39664",13,17
"401619",16,17
"405041",7,17
"444612",8,17
"712150",13,17
"72273",7,17
"103690",16,16
"115782",4,16
"1415657",7,16
"1462",16,10
"1538",1,16
"1576550",13,16
"1579506",11,16
"1636606",6,16
"1702170",16,4
"175304",16,7
"1758179",2,16
"1812112",9,16
"1871109",8,16
"1892254",3,16
"1921187",16,5
"194195",6,16
"1983117",4,16
"2024616",1,16
"2097",16,15
"2120",12,16
"2128",9,16
"2133",7,16
"223356",2,16
"246875",4,16
"2560298",1,16
"2560506",4,16
"2652803",14,16
"269258",11,16
"2715962",16,0
"2732590",11,16
"2733202",4,16
"2734065",14,16
"2734285",16,13
"2734291",2,16
"2748316",2,16
"2759660",10,16
"2759692",16,9
"2778060",12,16
"283699",16,9
"2847299",5,16
"2849865",16,4
"2932492",9,16
"2942452",7,16
"2948679",6,16
"2948731",3,16
"2948833",4,16
"2955352",3,16
"2955364",7,16
"2955567",7,16
"2955737",5,16
"2956702",5,16
"3003392",11,16
"3045841",16,1
"3047801",6,16
"3050267",2,16
"32049",12,16
"35789",16,10
"39778",16,14
"455364",16,9
"46239",13,16
"47874",6,16
"508451",11,16
"529881",13,16
"720",6,16
"769",6,16
"83557",16,14
"83560",4,16
"85991",8,16
"1089121",4,15
"1109712",3,15
"1198980",5,15
"1204537",4,15
"1316593",5,15
"136609",15,15
"1434042",15,5
"149715",2,15
"164451",6,15
"1690818",5,15
"1720323",9,15
"1775140",15,0
"1840297",4,15
"1887657",4,15
"1933220",6,15
"1963360",6,15
"201500",10,15
"2126929",7,15
"2172",10,15
"2287",13,15
"2487929",6,15
"2560492",6,15
"2588937",7,15
"2594496",15,11
"264691",14,15
"2656551",3,15
"2656761",15,10
"267375",10,15
"2704651",9,15
"2724470",5,15
"2732587",12,15
"2733115",3,15
"2733196",1,15
"2734264",5,15
"2734268",6,15
"2742601",15,14
"2742656",15,5
"2745562",15,14
"2751176",12,15
"2778916",7,15
"2799680",15,6
"2811778",13,15
"2816912",3,15
"2818469",15,10
"2843318",15,11
"2853158",5,15
"2885951",7,15
"2886822",1,15
"2892396",6,15
"2911527",15,12
"2929488",10,15
"2940491",0,15
"2955338",8,15
"29554",13,15
"2955754",2,15
"2979331",14,15
"2991940",2,15
"3049084",2,15
"3052213",15,1
"33994",9,15
"357441",15,3
"373543",15,4
"39768",5,15
"417127",6,15
"428411",2,15
"458197",15,11
"548913",5,15
"582419",15,14
"620",14,15
"634",3,15
"69896",7,15
"712310",5,15
"72293",4,15
"74700",11,15
"74969",15,9
"787",5,15
"846",4,15
"933",5,15
"10257",6,14
"10719",6,14
"1091",2,14
"1146875",4,14
"1188795",6,14
"1224749",11,14
"135858",14,12
"1435347",11,14
"1450761",14,8
"1498228",1,14
"152267",5,14
"1660073",8,14
"1720344",2,14
"1845000",3,14
"1857890",14,1
"1982747",6,14
"1983734",8,14
"2058133",10,14
"207244",14,10
"2130",12,14
"215578",13,14
"2162",6,14
"2170745",1,14
"2370",10,14
"2420313",14,3
"2487150",14,0
"2560502",4,14
"2586965",9,14
"2589986",8,14
"2591216",4,14
"2591217",4,14
"2608247",5,14
"2609251",1,14
"2613771",1,14
"2675789",14,14
"2675790",14,8
"2675796",3,14
"2681986",5,14
"2743575",7,14
"2745561",4,14
"2745563",10,14
"2792979",5,14
"2831893",10,14
"2834348",14,4
"2843444",14,0
"2843733",4,14
"2845590",4,14
"2873296",14,9
"2879149",13,14
"2911526",7,14
"2920934",14,0
"2924888",14,1
"2954097",2,14
"2955343",7,14
"2955597",7,14
"2956033",4,14
"2956431",1,14
"2956557",5,14
"2956707",3,14
"298656",3,14
"3003393",2,14
"3040676",5,14
"3047716",10,14
"3050348",4,14
"315393",11,14
"34095",6,14
"39478",8,14
"47835",7,14
"54259",5,14
"558016",4,14
"58050",11,14
"657323",10,14
"74349",2,14
"766224",10,14
"782",14,9
"79206",14,14
"836",5,14
"950",1,14
"1183412",7,13
"1194088",1,13
"1233460",4,13
"1234680",5,13
"1263",6,13
"135742",6,13
"142650",6,13
"1434099",4,13
"1505596",5,13
"1548417",1,13
"1564681",13,9
"1609559",10,13
"1612150",10,13
"1660074",8,13
"1674146",1,13
"1812111",13,12
"1813595",13,6
"186805",13,4
"186807",8,13
"186828",13,8
"1869339",5,13
"188710",4,13
"1921018",13,3
"2003370",13,11
"2035399",1,13
"2081051",4,13
"2083300",9,13
"2129",13,13
"216944",5,13
"230666",11,13
"235899",4,13
"2419948",2,13
"2419957",1,13
"2490853",3,13
"2502431",4,13
"2510522",1,13
"2607662",13,9
"261963",3,13
"2656546",4,13
"2661583",8,13
"2708348",1,13
"2715232",7,13
"2734276",4,13
"2734581",0,13
"2742677",13,8
"2768133",4,13
"2778067",2,13
"2836007",0,13
"2837485",13,1
"2846435",13,2
"2846436",8,13
"2887345",4,13
"2888526",13,1
"2910754",4,13
"2912630",13,3
"292833",9,13
"2929509",13,13
"2936912",6,13
"2946794",3,13
"2948855",2,13
"2955392",9,13
"2955413",5,13
"2955577",3,13
"2956344",8,13
"2956396",1,13
"2956432",5,13
"299583",5,13
"3047431",13,0
"3050243",8,13
"3050261",5,13
"3050304",10,13
"3071081",13,10
"31899",7,13
"353852",7,13
"385025",2,13
"447467",4,13
"448181",4,13
"680118",6,13
"712623",13,6
"717609",12,13
"754514",4,13
"754515",6,13
"781",13,10
"83556",6,13
"87791",4,13
"88916",6,13
"893",3,13
"1100043",7,12
"120682",12,8
"1267277",12,0
"1302411",4,12
"1348611",1,12
"1377",12,12
"1457153",10,12
"1495331",0,12
"1522127",5,12
"1586715",2,12
"1633874",7,12
"1643513",4,12
"1659192",12,8
"1676142",8,12
"1703250",12,8
"171282",12,12
"1858563",3,12
"1890422",1,12
"191291",2,12
"1941347",12,0
"196118",7,12
"1982076",1,12
"1982102",2,12
"1982151",3,12
"1985178",12,2
"1993872",3,12
"2033844",6,12
"2079134",0,12
"2079570",4,12
"2133959",6,12
"2169812",4,12
"2203895",3,12
"2259",5,12
"2265",4,12
"2528203",6,12
"2560261",2,12
"2560484",12,12
"2563662",5,12
"2599847",0,12
"2675776",12,12
"2686014",6,12
"2686228",2,12
"2719988",12,10
"2726117",11,12
"2734140",12,2
"2734225",3,12
"2742678",12,1
"2746232",8,12
"2748871",2,12
"2776868",7,12
"2785630",8,12
"279006",2,12
"2810070",5,12
"2831895",11,12
"2843366",2,12
"2845591",3,12
"2850492",12,2
"2861801",12,0
"2875710",12,0
"2905879",5,12
"292461",12,12
"2927284",3,12
"29292",10,12
"2929515",12,11
"2942894",12,11
"2946813",4,12
"2948866",0,12
"2948917",7,12
"2955309",7,12
"2955340",7,12
"2955349",6,12
"2955374",12,1
"2955378",2,12
"2955428",2,12
"2955565",5,12
"2955566",3,12
"2955568",3,12
"2955862",4,12
"2955917",2,12
"2956029",4,12
"2956056",3,12
"2956122",6,12
"2956316",1,12
"2956533",5,12
"2956682",2,12
"2967301",5,12
"299568",2,12
"3021405",9,12
"3047865",1,12
"3050245",7,12
"3050254",7,12
"3050383",12,9
"323273",5,12
"392332",7,12
"45362",11,12
"46254",12,5
"48003",9,12
"510690",4,12
"54262",8,12
"543886",2,12
"56193",5,12
"563177",10,12
"57372",7,12
"62088",4,12
"648691",12,1
"65123",12,7
"65959",4,12
"664662",3,12
"669357",1,12
"69657",12,8
"728003",3,12
"807",5,12
"83555",5,12
"85011",3,12
"92713",6,12
"1179669",3,11
"1204525",6,11
"1217416",11,10
"1274351",8,11
"1305738",4,11
"141",3,11
"1433513",11,8
"1457141",10,11
"1474867",7,11
"155615",8,11
"1586713",1,11
"1621534",2,11
"1636603",0,11
"164516",11,6
"1703972",3,11
"1706372",6,11
"1737405",11,7
"186328",7,11
"189779",5,11
"1932881",4,11
"1937004",2,11
"1963026",11,5
"1980923",4,11
"1982745",1,11
"1983106",3,11
"1983119",1,11
"2049890",3,11
"213119",6,11
"2146",2,11
"2175",6,11
"2201427",4,11
"2419610",0,11
"2545800",5,11
"2560359",3,11
"2563669",5,11
"2594456",3,11
"2599870",2,11
"2665175",11,4
"2675797",6,11
"2733195",2,11
"2733220",2,11
"2734217",4,11
"2734243",2,11
"2734249",0,11
"2735321",2,11
"2740427",2,11
"2742625",11,5
"2765402",3,11
"2770776",6,11
"2834276",3,11
"2839759",11,3
"2843722",6,11
"2850078",11,2
"2883238",11,8
"2894335",4,11
"2906468",11,11
"2929157",9,11
"2940489",9,11
"2948939",11,6
"2955327",3,11
"2955592",1,11
"2956001",5,11
"2956015",5,11
"2956237",4,11
"2956319",4,11
"2991499",8,11
"2992843",3,11
"3019934",4,11
"3047366",1,11
"3050244",5,11
"3050295",4,11
"33042",5,11
"399726",9,11
"549779",1,11
"653940",7,11
"683846",8,11
"85108",0,11
"904",4,11
"929509",1,11
"93973",8,11
"1131316",5,10
"114880",7,10
"1157948",10,9
"1164882",8,10
"1193503",7,10
"1449781",3,10
"1514074",2,10
"1545702",6,10
"157673",4,10
"158898",1,10
"1589748",2,10
"1594731",6,10
"161213",6,10
"1706375",4,10
"171632",4,10
"1840303",1,10
"1843490",10,3
"1920749",10,9
"1937005",4,10
"1982560",4,10
"1993867",3,10
"2060094",3,10
"212",5,10
"2149",4,10
"224467",2,10
"225999",10,9
"2276",6,10
"236",4,10
"2419967",0,10
"2483794",4,10
"251542",5,10
"255248",10,2
"2560487",1,10
"2560500",1,10
"2560608",4,10
"2560792",7,10
"2563664",8,10
"2566012",3,10
"2589790",10,5
"2603260",1,10
"2654843",0,10
"2675794",5,10
"2678565",10,1
"2719987",10,8
"2734220",6,10
"2734279",7,10
"2734280",5,10
"2742655",10,0
"2746072",3,10
"2767886",6,10
"2795389",2,10
"2799564",3,10
"2834378",10,7
"2844866",2,10
"2848886",1,10
"2851575",10,8
"2857501",1,10
"2861802",10,5
"2917160",10,1
"2935450",2,10
"2946819",3,10
"2948710",1,10
"2948726",1,10
"2948912",4,10
"2955317",3,10
"2955347",7,10
"2955564",3,10
"2955576",2,10
"2956000",7,10
"2956025",5,10
"2956310",4,10
"2956385",1,10
"2956437",3,10
"2956578",3,10
"2956711",2,10
"2984142",4,10
"3034648",5,10
"3047868",3,10
"3050249",1,10
"3050281",5,10
"3050292",4,10
"3050311",2,10
"3050345",1,10
"33991",7,10
"364103",2,10
"40222",3,10
"43659",4,10
"50339",9,10
"540068",1,10
"561996",0,10
"570156",10,4
"59277",10,7
"691963",2,10
"716",8,10
"74385",10,3
"84023",10,7
"860",10,6
"861914",7,10
"92401",8,10
"979982",10,3
"984991",7,10
"985052",5,10
"10704",3,9
"109232",3,9
"1116375",8,9
"1156431",4,9
"1195073",6,9
"128827",1,9
"1329899",2,9
"142651",4,9
"1463809",1,9
"1539298",9,7
"1565532",9,7
"160",4,9
"1623301",2,9
"1636617",9,3
"1643512",9,7
"1643950",2,9
"1647471",1,9
"1675689",9,3
"1759399",9,6
"1778264",7,9
"1779134",5,9
"1838072",0,9
"1940319",9,2
"1971485",2,9
"1980944",3,9
"1982098",3,9
"1982108",3,9
"1982557",2,9
"1982562",3,9
"1982746",1,9
"1982883",0,9
"1982889",7,9
"1983750",4,9
"1984776",5,9
"1986018",1,9
"204456",0,9
"2170099",4,9
"2249302",7,9
"230709",9,9
"2419",8,9
"242527",1,9
"2495532",9,0
"2560220",0,9
"2560269",9,3
"2560407",4,9
"2560489",1,9
"2560688",1,9
"2560700",2,9
"2571252",2,9
"2590021",7,9
"2596974",2,9
"2601574",9,2
"2656550",3,9
"2661587",9,6
"2663241",9,5
"2675707",4,9
"2675774",2,9
"2675781",9,8
"2675785",5,9
"2675795",3,9
"2686229",8,9
"2698683",9,1
"2704035",5,9
"2725619",0,9
"2733153",7,9
"2733171",4,9
"2734221",4,9
"2734251",3,9
"2734252",2,9
"2734284",3,9
"2746233",7,9
"2767353",4,9
"2767878",9,3
"2767893",9,3
"2772433",5,9
"2781976",9,4
"2785913",6,9
"2790996",9,1
"2807095",9,2
"28250",1,9
"2846398",3,9
"2920384",9,4
"2926099",5,9
"2929514",7,9
"2933293",6,9
"2933796",3,9
"2935858",7,9
"2955324",1,9
"2955603",9,0
"2955962",0,9
"2956030",3,9
"2956059",3,9
"2956090",2,9
"2956112",9,9
"2956114",2,9
"2956119",1,9
"2956185",4,9
"2956326",4,9
"2956580",1,9
"2975533",1,9
"2981578",0,9
"298338",9,2
"2986839",0,9
"2993937",5,9
"3030529",9,1
"3047794",1,9
"3048238",2,9
"3050344",6,9
"3052184",4,9
"324078",9,9
"332157",6,9
"33989",7,9
"33992",4,9
"35791",5,9
"373213",4,9
"399320",5,9
"401469",6,9
"498741",6,9
"49982",9,0
"51367",8,9
"54526",4,9
"56146",3,9
"624186",4,9
"630749",6,9
"67082",3,9
"683292",6,9
"745410",1,9
"754053",9,0
"84599",4,9
"951",2,9
"97393",2,9
"10261",1,8
"10358",4,8
"1081",3,8
"108150",8,4
"1109713",4,8
"120576",4,8
"1211642",2,8
"1234606",1,8
"134375",2,8
"1345117",5,8
"136241",6,8
"1394",4,8
"1414737",3,8
"142",4,8
"145262",3,8
"1545835",4,8
"1570339",1,8
"1582879",4,8
"1740",1,8
"1761895",2,8
"1819736",3,8
"1835721",8,7
"1839785",8,7
"1840283",3,8
"1843491",8,5
"1854574",8,6
"1869285",8,7
"1924733",8,2
"1929477",1,8
"1933912",8,1
"1971488",0,8
"1972867",0,8
"2005060",2,8
"2060617",2,8
"2083214",4,8
"2105",4,8
"211464",3,8
"213421",2,8
"2147",4,8
"2163016",5,8
"2170215",8,0
"2206",4,8
"225588",8,7
"2267",2,8
"2268087",4,8
"2518322",6,8
"2560406",3,8
"2560501",6,8
"2560545",8,4
"2560848",0,8
"2571250",1,8
"257758",5,8
"2588512",2,8
"2591118",2,8
"2601695",5,8
"2603820",6,8
"2662034",4,8
"267",4,8
"2675772",7,8
"2675778",2,8
"2682456",8,7
"2697371",2,8
"273135",1,8
"2732017",1,8
"2732034",8,1
"2733208",2,8
"2734242",3,8
"2734245",2,8
"2734247",2,8
"2743404",2,8
"2755405",4,8
"2766982",5,8
"2767581",8,2
"2767889",8,3
"2796140",3,8
"2802577",6,8
"2813165",2,8
"2825845",8,7
"2835951",0,8
"2843389",3,8
"2843645",8,0
"2843770",8,0
"2846396",2,8
"288021",3,8
"2886031",8,4
"288793",1,8
"2894293",2,8
"2910755",1,8
"2946160",1,8
"2948776",4,8
"2948787",8,0
"2948946",4,8
"2954031",1,8
"2955328",1,8
"2955346",1,8
"2955753",1,8
"2955845",0,8
"2955979",2,8
"2956092",2,8
"2956094",4,8
"2956238",5,8
"2956325",3,8
"2956401",8,7
"2956440",5,8
"2956476",0,8
"2956477",2,8
"2956575",3,8
"2956577",3,8
"2956635",0,8
"2956650",8,1
"2976237",8,5
"3018276",6,8
"3047354",8,4
"3058374",8,7
"32069",1,8
"44746",1,8
"451514",3,8
"47834",8,7
"52258",5,8
"558314",8,8
"663275",2,8
"783",3,8
"909930",5,8
"94138",3,8
"944547",8,8
"1034114",0,7
"10375",2,7
"1109717",1,7
"116759",7,4
"1187849",0,7
"1196056",7,4
"130308",0,7
"1329402",2,7
"141391",4,7
"1434046",7,7
"1434103",3,7
"151528",7,0
"1523522",0,7
"1524882",2,7
"158684",1,7
"159183",7,7
"1643324",7,0
"1703960",3,7
"1755682",3,7
"1798219",0,7
"1805459",1,7
"1914568",7,0
"1918540",1,7
"1972134",6,7
"1982086",1,7
"1982091",6,7
"1982570",5,7
"1982882",2,7
"1983751",2,7
"2005520",2,7
"2005525",1,7
"2006671",5,7
"205872",7,6
"2060307",7,2
"2066491",4,7
"207921",2,7
"2079596",6,7
"2169636",5,7
"2171500",2,7
"2218618",2,7
"224027",7,6
"2267655",1,7
"2330",5,7
"2419609",0,7
"2419963",0,7
"2420",3,7
"2485839",7,5
"2545797",7,4
"2560388",3,7
"2560435",0,7
"2560589",3,7
"2560594",1,7
"2560782",2,7
"2599866",7,3
"2675779",4,7
"2675780",6,7
"2675791",7,7
"2704413",2,7
"2708110",1,7
"2708352",7,7
"2732368",0,7
"2732982",0,7
"2733589",2,7
"2733898",7,4
"2734230",1,7
"2734277",1,7
"2734281",2,7
"2743910",1,7
"2752475",5,7
"2755560",0,7
"2756107",6,7
"2758906",4,7
"2762398",0,7
"2762410",3,7
"2762559",1,7
"2772432",2,7
"2782229",3,7
"2829498",2,7
"2832315",1,7
"2832317",2,7
"2843385",1,7
"2843726",1,7
"2843897",1,7
"2844018",3,7
"2846047",3,7
"2859476",0,7
"2869569",7,4
"2883107",4,7
"2885983",4,7
"2931039",4,7
"2939131",2,7
"2942480",7,4
"2948712",2,7
"2948771",2,7
"2948808",1,7
"2954081",0,7
"2954102",3,7
"2955228",0,7
"2955377",2,7
"2955573",4,7
"2955574",2,7
"2955723",3,7
"2955755",3,7
"2955942",1,7
"2956109",0,7
"2956121",4,7
"2956200",3,7
"2956309",3,7
"2956387",0,7
"2956390",2,7
"2956466",3,7
"2956581",3,7
"2956641",0,7
"2956661",1,7
"2956662",1,7
"2983842",4,7
"2992243",0,7
"3026968",4,7
"3050272",0,7
"3050314",1,7
"3050321",2,7
"3050337",3,7
"327511",0,7
"34064",5,7
"373540",7,3
"381899",7,3
"39640",3,7
"465797",3,7
"47251",0,7
"515256",1,7
"543314",7,4
"570266",2,7
"650003",3,7
"657445",7,4
"69655",2,7
"701045",4,7
"712624",7,2
"86840",1,7
"90426",3,7
"936902",4,7
"10266",6,0
"10276",0,6
"1028381",6,1
"10497",2,6
"1056831",0,6
"1076255",2,6
"1089115",0,6
"1100891",3,6
"114185",6,2
"1146873",2,6
"1211282",1,6
"1211641",4,6
"1282995",0,6
"1343",4,6
"1458492",2,6
"150340",2,6
"1518149",6,5
"1527536",0,6
"1636182",3,6
"1643949",2,6
"1658781",0,6
"1660076",3,6
"1758196",1,6
"1848399",4,6
"186820",6,2
"1914020",6,3
"1921565",6,6
"1930557",0,6
"1963270",2,6
"1967783",6,6
"1970189",2,6
"1980966",2,6
"1982363",6,1
"1982368",0,6
"1982567",2,6
"1982755",3,6
"1982881",5,6
"1983109",6,4
"1983118",1,6
"1985325",6,6
"1993631",1,6
"2024979",5,6
"203491",6,3
"2049885",3,6
"2079257",1,6
"2109686",4,6
"213465",3,6
"2158",0,6
"2169613",1,6
"2169651",0,6
"2170239",5,6
"223785",0,6
"225842",6,5
"227979",6,2
"2341050",4,6
"2382163",6,6
"2448811",6,0
"251749",5,6
"2560160",6,5
"2560301",6,4
"2560387",2,6
"2560493",3,6
"2560592",0,6
"2560611",2,6
"2560628",0,6
"2560683",0,6
"2560847",4,6
"2565509",0,6
"2565781",1,6
"2578110",0,6
"2593335",1,6
"2594494",1,6
"2597167",2,6
"2598453",1,6
"2599927",1,6
"2601632",1,6
"2652883",1,6
"2663019",2,6
"267890",4,6
"2683822",6,2
"2704034",4,6
"2709390",6,4
"2725684",6,5
"2733221",0,6
"2733592",3,6
"2734089",2,6
"2734102",6,3
"2734223",1,6
"2734238",0,6
"2734250",1,6
"2734254",1,6
"2734263",4,6
"2734278",6,6
"2734575",2,6
"2742675",3,6
"2762280",0,6
"2762286",2,6
"2762327",6,0
"2767888",6,6
"2829393",2,6
"2843355",2,6
"2843450",4,6
"2843788",0,6
"2845592",2,6
"2845651",6,3
"2846393",1,6
"2859655",1,6
"2866193",2,6
"2867004",6,4
"288",2,6
"2885973",6,5
"2885974",1,6
"2886375",6,4
"2895509",6,3
"2910589",6,6
"291183",6,6
"2939127",0,6
"2948705",1,6
"2948847",2,6
"2955239",2,6
"2955326",2,6
"2955341",6,6
"2955404",3,6
"2955502",1,6
"2955513",2,6
"2955575",4,6
"2955709",5,6
"2955764",4,6
"2955798",0,6
"2955887",3,6
"2956032",3,6
"2956043",0,6
"2956057",1,6
"2956084",4,6
"2956088",0,6
"2956095",1,6
"2956116",1,6
"2956120",2,6
"2956382",0,6
"2956391",2,6
"2956398",3,6
"2956657",2,6
"2963127",5,6
"2964608",0,6
"3025755",0,6
"3029088",0,6
"3047388",3,6
"3047737",3,6
"3048148",6,0
"3048181",3,6
"3048336",2,6
"3048363",1,6
"3050137",4,6
"3050258",0,6
"3050319",1,6
"3052209",3,6
"3052477",6,0
"3059992",0,6
"315953",6,1
"338644",1,6
"362534",1,6
"36855",2,6
"447897",5,6
"477967",6,3
"498846",6,6
"53953",3,6
"573569",2,6
"62099",5,6
"722418",0,6
"754069",0,6
"776",1,6
"868",3,6
"96942",2,6
"1034136",1,5
"10491",2,5
"10509",3,5
"10814",1,5
"1128151",2,5
"1129771",3,5
"1131462",0,5
"1150991",1,5
"1161927",1,5
"1179664",5,2
"1179817",2,5
"119858",5,1
"126738",2,5
"1279082",5,4
"137779",5,2
"1381133",2,5
"1432056",2,5
"1458846",0,5
"1471398",1,5
"1486473",4,5
"1603038",3,5
"160796",3,5
"1623275",5,1
"1638161",2,5
"1647470",2,5
"1647472",1,5
"167957",3,5
"1737406",0,5
"1778601",2,5
"1810947",0,5
"1838081",2,5
"1913686",1,5
"1920305",3,5
"1920860",0,5
"1982095",5,4
"1982355",0,5
"1983108",0,5
"1985733",5,2
"1985736",0,5
"1986022",1,5
"200667",1,5
"2041855",2,5
"2053669",3,5
"2058174",5,4
"2108123",0,5
"2161821",4,5
"2169611",1,5
"2169730",2,5
"2171497",3,5
"218111",2,5
"2212850",0,5
"229545",2,5
"238800",5,4
"2419964",1,5
"2420300",5,4
"2490633",1,5
"2494525",1,5
"2518495",1,5
"2529843",5,4
"2530023",2,5
"253629",5,0
"2560086",5,3
"2560302",0,5
"2560305",5,5
"2560306",0,5
"2560488",5,2
"2560490",1,5
"2560499",1,5
"2560505",1,5
"2560596",1,5
"2560625",1,5
"2565560",0,5
"2571156",5,5
"2571246",2,5
"2572084",5,0
"2576760",4,5
"2578113",1,5
"2588487",1,5
"2591226",3,5
"2598457",3,5
"2652881",1,5
"2656530",2,5
"2663020",3,5
"2675777",3,5
"2675784",2,5
"2699396",3,5
"2723402",2,5
"2731208",2,5
"2733152",0,5
"2733216",0,5
"2733591",0,5
"2733937",0,5
"2733959",1,5
"2734214",1,5
"2734222",0,5
"2734241",3,5
"2734255",1,5
"2734272",5,5
"2734273",2,5
"2734593",5,1
"2735",4,5
"2742653",3,5
"2759662",2,5
"2776851",4,5
"2782213",3,5
"2790987",0,5
"2792859",5,5
"279383",4,5
"2805839",2,5
"2806008",3,5
"2811503",1,5
"28228",1,5
"28321",5,5
"2841282",0,5
"2843351",5,4
"2843381",5,0
"2843421",1,5
"2843729",0,5
"2843734",1,5
"2844661",1,5
"2844665",3,5
"2844670",1,5
"2846395",0,5
"2846399",3,5
"2846402",2,5
"2846407",0,5
"2846672",5,0
"2849666",1,5
"2856180",2,5
"2866195",3,5
"2869543",0,5
"2883236",2,5
"2885152",1,5
"2909581",3,5
"2926475",2,5
"2930259",2,5
"2944951",3,5
"2948647",2,5
"2948775",5,1
"2948873",2,5
"2951104",0,5
"2955235",1,5
"2955318",4,5
"2955325",2,5
"2955339",4,5
"2955390",4,5
"2955403",0,5
"2955406",1,5
"2955538",5,1
"2955572",5,2
"2955879",0,5
"2955972",0,5
"2955983",3,5
"2956031",0,5
"2956042",3,5
"2956055",0,5
"2956087",0,5
"2956192",1,5
"2956210",1,5
"2956235",5,2
"2956311",5,5
"2956358",1,5
"2956441",2,5
"2956443",5,3
"2969598",2,5
"2989771",5,2
"2989772",5,3
"2993656",5,3
"2995234",1,5
"3020829",5,2
"3039168",0,5
"3040677",0,5
"3047754",0,5
"3047786",3,5
"3048334",1,5
"3050136",2,5
"3051417",2,5
"3052000",1,5
"3058433",2,5
"3071082",2,5
"3074101",2,5
"319426",5,5
"31984",2,5
"33055",3,5
"336486",0,5
"362830",5,0
"376418",3,5
"37665",5,5
"38322",0,5
"38804",5,1
"400947",3,5
"402236",3,5
"404583",1,5
"409316",2,5
"53435",3,5
"545123",3,5
"55510",5,2
"621376",5,4
"680287",5,0
"830",0,5
"83554",1,5
"849864",2,5
"866790",1,5
"88773",3,5
"999883",3,5
"10242",1,4
"10243",1,4
"102684",3,4
"10506",3,4
"106578",2,4
"10663",1,4
"108015",1,4
"1089135",0,4
"1109716",4,4
"1147129",1,4
"1167886",4,0
"1177214",0,4
"1183410",2,4
"1183411",0,4
"1211644",3,4
"1225785",1,4
"123",0,4
"1328881",1,4
"1329969",2,4
"1333713",3,4
"137",1,4
"1390116",0,4
"1390131",2,4
"1420727",2,4
"1450746",2,4
"1501348",4,3
"1586714",4,4
"1609546",2,4
"1623278",4,2
"1647473",1,4
"1686313",3,4
"1701853",0,4
"1774743",4,0
"1777491",1,4
"180170",4,4
"1805958",0,4
"181082",3,4
"1815972",4,4
"1821559",0,4
"1849031",2,4
"1857843",3,4
"1857844",4,0
"186171",0,4
"186827",4,4
"1898060",0,4
"1898474",1,4
"1903266",0,4
"1904",4,2
"1910991",1,4
"1917232",3,4
"1918522",4,4
"1920107",2,4
"1920110",4,3
"1920752",0,4
"1921407",0,4
"1922330",0,4
"1923",4,3
"1945582",4,4
"1980925",4,1
"1980926",2,4
"1980928",4,0
"1980948",2,4
"1982101",0,4
"1982237",1,4
"1982239",2,4
"1982571",3,4
"1982751",2,4
"1982891",1,4
"1983107",4,1
"1983116",1,4
"1983735",4,4
"1984783",2,4
"1986019",1,4
"2003504",2,4
"2006134",2,4
"2006668",0,4
"2033437",0,4
"2039723",1,4
"2044576",2,4
"2049886",1,4
"2056881",1,4
"2111",4,4
"2134",3,4
"2163605",2,4
"2169536",4,3
"2169652",1,4
"2170091",4,3
"2282409",2,4
"2320184",4,0
"2375",0,4
"2497644",2,4
"2560122",0,4
"2560134",1,4
"2560303",3,4
"2560514",1,4
"2560590",0,4
"2560658",2,4
"2560787",0,4
"2560802",2,4
"2578114",0,4
"2590932",0,4
"2591215",1,4
"2594453",0,4
"2596745",4,3
"2596898",4,1
"265522",2,4
"267888",2,4
"2681265",0,4
"2692624",4,4
"2713258",2,4
"2713263",0,4
"271881",2,4
"2732530",2,4
"2733334",2,4
"2733354",0,4
"2733593",0,4
"2733596",3,4
"2734237",0,4
"2734246",4,0
"2734571",0,4
"2738837",0,4
"2740298",0,4
"2747372",1,4
"2750648",0,4
"2770786",0,4
"2785531",2,4
"279280",4,4
"2794998",1,4
"2799495",0,4
"2822114",4,4
"2836041",1,4
"2842397",4,2
"2843386",4,1
"2843725",1,4
"2844671",2,4
"2844675",2,4
"2845090",2,4
"2845587",3,4
"2845970",0,4
"2846038",0,4
"2846041",1,4
"2846044",1,4
"2846064",1,4
"2846071",1,4
"2846689",0,4
"2859633",1,4
"2859634",4,3
"286130",2,4
"2863583",2,4
"2866192",1,4
"2869552",1,4
"2869556",0,4
"2871520",0,4
"2883075",2,4
"2886042",4,0
"2897335",1,4
"2908744",0,4
"2912654",2,4
"2925837",4,3
"2930315",1,4
"294631",4,1
"2948926",4,4
"2948935",4,0
"2953988",0,4
"2954008",3,4
"2954019",1,4
"2954056",1,4
"2954100",1,4
"2955242",4,0
"2955335",1,4
"2955342",1,4
"2955345",2,4
"2955348",2,4
"2955496",1,4
"2955514",1,4
"2955515",3,4
"2955724",1,4
"2955842",3,4
"2955877",1,4
"2955893",3,4
"2955960",3,4
"2955961",1,4
"2955963",3,4
"2955968",4,4
"2955969",4,2
"2956082",1,4
"2956132",2,4
"2956236",3,4
"2956315",1,4
"2956442",2,4
"2956465",1,4
"2956531",0,4
"2956535",4,3
"2956706",1,4
"2967300",1,4
"2980499",4,2
"2982871",0,4
"2992801",0,4
"3015951",2,4
"3020908",4,0
"304399",3,4
"3047355",1,4
"3047751",4,3
"3047776",0,4
"3047831",1,4
"3047833",4,3
"3048163",1,4
"3048195",1,4
"3048376",4,1
"3048452",4,0
"3050262",1,4
"3050270",4,3
"3050299",1,4
"3050313",4,2
"3050326",1,4
"3050332",0,4
"3050347",1,4
"3052040",4,4
"3052240",0,4
"3074082",0,4
"3074130",0,4
"307466",3,4
"312278",2,4
"328615",4,1
"331278",1,4
"340071",0,4
"345198",0,4
"35794",1,4
"359407",0,4
"373405",2,4
"373996",3,4
"374422",4,4
"39420",2,4
"39444",2,4
"39647",1,4
"401618",4,1
"417280",0,4
"43687",4,3
"444163",1,4
"44449",4,4
"446807",0,4
"44822",3,4
"46354",2,4
"47589",2,4
"552509",0,4
"56635",0,4
"56811",3,4
"595605",0,4
"599",2,4
"646",0,4
"66229",2,4
"68242",2,4
"71188",1,4
"754058",0,4
"755272",1,4
"775",2,4
"78526",0,4
"801",4,0
"84025",0,4
"861045",2,4
"907197",0,4
"929833",1,4
"939",4,2
"97195",0,4
"100901",3,0
"101534",1,3
"1026955",3,2
"10288",2,3
"1034111",0,3
"1034152",1,3
"104388",3,1
"10454",3,3
"10484",2,3
"10492",0,3
"10501",3,0
"10537",0,3
"105850",0,3
"10685",3,1
"1074306",0,3
"1076630",0,3
"1119533",2,3
"1131315",0,3
"1133329",0,3
"1157947",3,3
"1172191",2,3
"1188",3,1
"1198140",1,3
"1240483",3,2
"1250400",1,3
"1255301",1,3
"125593",3,3
"126740",2,3
"1296340",0,3
"1330545",3,3
"1383059",2,3
"1390119",3,3
"1390132",3,1
"1409",3,0
"1414742",2,3
"1415145",0,3
"1443109",0,3
"145263",2,3
"1458841",1,3
"1468409",0,3
"1487956",0,3
"148943",2,3
"1490057",0,3
"1507401",0,3
"1508644",1,3
"1522671",0,3
"152297",2,3
"1527535",1,3
"1555201",3,0
"1567473",1,3
"1572712",3,1
"1574141",3,0
"1623282",0,3
"1623283",3,3
"1623289",0,3
"164450",3,3
"1647283",1,3
"1653839",1,3
"1698417",1,3
"1698441",0,3
"1718166",0,3
"179237",3,3
"1793721",0,3
"1798216",0,3
"1798222",3,2
"1821553",0,3
"1821563",3,2
"1839799",2,3
"1840239",1,3
"1853231",0,3
"1871054",0,3
"1871321",3,0
"1873698",0,3
"1890450",1,3
"190062",3,1
"1903434",3,2
"1910992",0,3
"1913651",0,3
"1914165",0,3
"1918017",0,3
"1920753",0,3
"1920762",0,3
"1923703",3,0
"1927127",0,3
"1934253",0,3
"1940789",2,3
"1954378",0,3
"1980937",0,3
"1980949",0,3
"1980950",2,3
"1982092",1,3
"1982148",3,1
"1982241",1,3
"1982369",3,2
"1982573",3,0
"1982592",0,3
"1982595",3,3
"1982887",0,3
"1982890",1,3
"1982904",2,3
"1983120",1,3
"1983742",3,3
"1984784",1,3
"1986540",0,3
"1993859",3,1
"1993871",0,3
"2015370",3,0
"2016517",0,3
"2052657",1,3
"205879",2,3
"2072411",0,3
"2094720",0,3
"2100760",0,3
"2169529",0,3
"2169731",2,3
"2169799",2,3
"2169883",3,0
"2169910",1,3
"2169990",3,3
"2170003",0,3
"2170191",3,1
"2171498",0,3
"2171499",0,3
"2182344",0,3
"2182395",2,3
"2182400",2,3
"225143",2,3
"2259647",3,0
"2259883",1,3
"2260",3,3
"2279",2,3
"2283289",0,3
"231992",1,3
"2336",3,3
"234831",3,2
"2419630",3,0
"2420310",2,3
"2425",1,3
"246861",0,3
"2499159",3,2
"2508237",3,0
"2517899",0,3
"255527",3,2
"2559074",0,3
"2560139",0,3
"2560150",1,3
"2560300",0,3
"2560400",3,0
"2560434",0,3
"2560486",0,3
"2560591",1,3
"2560657",0,3
"2560671",3,2
"2560719",1,3
"2560751",0,3
"2560849",1,3
"2576406",0,3
"2582419",0,3
"2582830",1,3
"2583584",1,3
"2585772",3,0
"2588498",0,3
"2591209",0,3
"2591213",0,3
"2606912",2,3
"2607407",2,3
"2614160",3,0
"262968",0,3
"2652405",0,3
"2652411",1,3
"2652879",2,3
"2652880",0,3
"2653275",2,3
"2654281",3,0
"2675775",2,3
"2679995",0,3
"2697370",3,3
"2698923",0,3
"2713260",1,3
"2716879",3,0
"2718942",0,3
"2731207",1,3
"2731928",0,3
"2732027",0,3
"2733092",3,2
"2733117",0,3
"2733156",0,3
"2733201",0,3
"2733207",0,3
"2733219",2,3
"2733295",1,3
"2733329",2,3
"2733331",3,2
"2733594",1,3
"2733662",3,0
"2733665",0,3
"2733673",0,3
"2733892",2,3
"2733926",1,3
"2733927",1,3
"2733939",2,3
"2733946",0,3
"2734004",3,0
"2734080",0,3
"2734108",1,3
"2734120",0,3
"2734134",1,3
"2734141",1,3
"2734143",0,3
"2734153",0,3
"2734160",0,3
"2734190",0,3
"2734205",1,3
"2734219",3,2
"2734253",1,3
"2734258",0,3
"2734260",0,3
"2734261",0,3
"2734283",0,3
"2734288",3,2
"2734289",0,3
"2734290",3,2
"2734576",3,3
"2736273",0,3
"2742657",3,2
"2759705",3,1
"2762412",2,3
"2767565",0,3
"2776839",1,3
"2776856",3,2
"2776857",0,3
"2777363",2,3
"2790985",0,3
"2795692",1,3
"2801834",0,3
"28070",1,3
"2819619",2,3
"2843362",1,3
"2843399",3,2
"2843401",0,3
"2843467",3,2
"2843723",0,3
"2843724",2,3
"2843749",3,0
"2843753",3,1
"2843882",0,3
"2843896",3,3
"2844016",0,3
"2845093",0,3
"2845108",1,3
"2845126",1,3
"2845137",1,3
"2845588",2,3
"2845657",2,3
"2845949",3,0
"2845969",0,3
"2846405",0,3
"2846408",2,3
"2848881",0,3
"2850493",3,1
"2851101",0,3
"2859477",0,3
"2876028",3,0
"2885975",0,3
"2886823",0,3
"28871",0,3
"28874",3,1
"2912825",3,0
"2913600",0,3
"2914443",0,3
"2924887",0,3
"2926084",0,3
"2927281",3,3
"2930131",3,0
"2939492",3,2
"2946820",0,3
"2946834",1,3
"2948807",0,3
"2948922",1,3
"2951084",3,3
"2954014",3,1
"2955332",1,3
"2955333",1,3
"2955336",0,3
"2955337",3,1
"2955375",2,3
"2955391",1,3
"2955533",1,3
"2955536",2,3
"2955544",0,3
"2955546",1,3
"2955602",3,0
"2955687",0,3
"2955701",0,3
"2955735",3,2
"2955740",1,3
"2955750",3,1
"2955843",3,2
"2955859",1,3
"2955861",1,3
"2955880",0,3
"2955903",3,0
"2955945",0,3
"2955964",3,2
"2955966",2,3
"2955971",1,3
"2955973",0,3
"2955976",0,3
"2955978",3,3
"2956048",1,3
"2956078",1,3
"2956085",0,3
"2956093",0,3
"2956102",0,3
"2956118",1,3
"2956134",1,3
"2956260",1,3
"2956314",2,3
"2956321",3,1
"2956341",3,1
"2956357",2,3
"2956393",0,3
"2956394",0,3
"2956400",1,3
"2956464",2,3
"2956474",3,2
"2956537",3,3
"2956543",1,3
"2956638",1,3
"2956655",1,3
"2956666",0,3
"2956687",1,3
"2956697",0,3
"2956700",1,3
"2956712",2,3
"2963128",0,3
"2969250",1,3
"2993654",0,3
"3003729",0,3
"3038367",0,3
"3039167",3,1
"3040674",0,3
"3047352",1,3
"3047710",0,3
"3047749",0,3
"3047815",3,1
"3047828",0,3
"3048204",0,3
"3048260",1,3
"3048275",1,3
"3048330",3,2
"3048338",2,3
"3048371",3,0
"3050135",1,3
"3050251",0,3
"3050278",0,3
"3050287",0,3
"3050301",0,3
"3050328",0,3
"3050346",0,3
"3052207",0,3
"3052371",3,0
"3052614",0,3
"3060827",3,2
"310769",2,3
"31977",3,1
"342409",0,3
"345199",3,2
"35829",3,1
"36344",0,3
"367488",1,3
"367806",1,3
"40053",3,0
"430531",0,3
"431894",0,3
"44088",1,3
"49118",3,2
"542343",0,3
"563169",3,0
"566270",0,3
"573173",2,3
"61",3,3
"627445",2,3
"632112",0,3
"650377",1,3
"75687",3,1
"75905",2,3
"80852",3,0
"83191",3,3
"933845",0,3
"96495",0,3
"10245",0,2
"10265",2,2
"10286",0,2
"1032892",0,2
"103371",0,2
"1034112",0,2
"1034142",1,2
"1034150",0,2
"1046402",0,2
"10665",2,0
"1074304",0,2
"1075399",1,2
"108098",2,1
"1097754",0,2
"1105106",0,2
"1141137",2,0
"114378",0,2
"114380",2,2
"1146877",1,2
"1147043",2,0
"11660",2,0
"1168281",0,2
"1170710",0,2
"1173297",0,2
"1177765",0,2
"1184396",0,2
"1190451",0,2
"1193515",0,2
"1193712",0,2
"1195075",0,2
"1198451",0,2
"12167",2,0
"1225861",0,2
"122866",1,2
"1235689",2,2
"1273707",0,2
"1273711",0,2
"1273748",2,2
"1283076",2,0
"129951",1,2
"129954",2,1
"130369",2,2
"1312524",2,2
"1327036",1,2
"1327776",0,2
"1330070",0,2
"1335053",0,2
"1340709",2,2
"1340713",0,2
"1348911",1,2
"1354510",0,2
"1389960",2,1
"1391432",2,0
"1391456",2,0
"1406784",2,0
"1414739",0,2
"1415630",2,1
"1449778",0,2
"145261",0,2
"1458860",0,2
"1462747",0,2
"1463811",2,0
"1500713",0,2
"1506716",2,1
"1513458",2,2
"1526048",0,2
"1527513",0,2
"1529058",0,2
"155537",1,2
"1560342",1,2
"1623293",0,2
"1636270",0,2
"1644057",0,2
"1652133",1,2
"1653174",0,2
"1691958",2,1
"1701849",0,2
"1711684",2,0
"1714268",2,2
"1735466",0,2
"1746062",2,1
"1746067",2,0
"174708",1,2
"1765736",2,1
"1777061",2,1
"1785753",2,0
"1797140",2,0
"1798220",2,2
"1798221",1,2
"1805951",2,0
"181083",2,2
"1815969",0,2
"1853230",1,2
"1857889",2,1
"1859492",2,2
"186806",1,2
"1892252",0,2
"1897640",0,2
"190063",0,2
"190065",2,2
"1905288",0,2
"1911685",2,1
"1913649",2,0
"1913650",0,2
"1913653",2,0
"1913658",2,0
"1914200",0,2
"1914851",0,2
"1914899",1,2
"1918193",0,2
"1918720",2,1
"1921188",2,1
"1921548",1,2
"1921699",0,2
"1921704",0,2
"1921706",0,2
"1922246",2,0
"1922743",0,2
"1922798",2,0
"1923144",2,0
"1923351",0,2
"1923542",0,2
"1925779",1,2
"1926998",2,0
"1936988",2,1
"1938820",0,2
"196117",0,2
"1961683",0,2
"1962299",2,2
"1962300",0,2
"1966265",2,1
"1972626",0,2
"197575",0,2
"1980431",2,0
"1980941",2,0
"1981048",0,2
"1982077",2,0
"1982088",1,2
"1982093",1,2
"1982096",2,1
"1982105",0,2
"1982106",2,0
"1982107",2,1
"1982152",0,2
"1982153",0,2
"1982154",0,2
"1982219",0,2
"1982225",0,2
"1982236",2,2
"1982251",1,2
"1982269",0,2
"1982278",2,2
"1982300",2,0
"1982308",0,2
"1982365",0,2
"1982367",0,2
"1982373",2,1
"1982374",1,2
"1982375",1,2
"1982561",2,1
"1982563",0,2
"1982884",0,2
"1982888",0,2
"1982892",0,2
"1982893",0,2
"1982894",0,2
"1983741",0,2
"1984788",0,2
"1985329",2,1
"1986350",1,2
"1993630",2,1
"1993862",0,2
"1993865",0,2
"2003502",2,1
"2006133",0,2
"2006139",1,2
"2015376",0,2
"2016468",2,1
"2024265",2,2
"202462",1,2
"2024975",2,0
"2025338",0,2
"2032563",0,2
"203492",2,2
"2041859",2,0
"2045373",1,2
"2058097",0,2
"205870",0,2
"205876",0,2
"2059380",1,2
"208215",1,2
"2082385",0,2
"209052",2,2
"2126928",0,2
"215173",1,2
"2159",2,2
"2169532",0,2
"2169657",2,1
"2169688",0,2
"2169700",2,0
"2169811",0,2
"2169873",2,2
"2169882",1,2
"2170002",2,2
"2170042",1,2
"2182397",0,2
"2195",0,2
"2201441",1,2
"221065",2,2
"222450",2,0
"2225",1,2
"2267265",2,1
"2273",0,2
"2321115",0,2
"2337",2,0
"2419804",0,2
"2419947",0,2
"2419968",2,2
"2483673",2,1
"2493109",0,2
"2499023",1,2
"2509662",0,2
"2509787",1,2
"2530391",1,2
"2560092",2,1
"2560094",2,1
"2560111",0,2
"2560145",0,2
"2560158",0,2
"2560161",0,2
"2560163",0,2
"2560244",1,2
"2560286",1,2
"2560293",0,2
"2560336",0,2
"2560360",0,2
"2560415",2,0
"2560436",0,2
"2560495",1,2
"2560496",0,2
"2560504",2,1
"2560511",0,2
"2560593",0,2
"2560607",0,2
"2560631",2,1
"2560679",0,2
"2560680",0,2
"2560686",2,1
"2560790",0,2
"2571247",1,2
"257277",2,0
"2576376",2,2
"2591117",1,2
"2591189",1,2
"2591214",0,2
"2594458",2,0
"2603296",0,2
"2603322",2,1
"260373",2,0
"261726",2,1
"261827",1,2
"2661921",0,2
"2663326",1,2
"2675059",0,2
"2675101",0,2
"267893",0,2
"2686098",0,2
"2686235",0,2
"2686311",0,2
"2713269",0,2
"272136",0,2
"2731643",0,2
"2731942",0,2
"2732591",2,0
"2732677",0,2
"2732686",0,2
"2732968",2,1
"2733124",2,2
"2733130",2,1
"2733139",0,2
"2733178",1,2
"2733192",0,2
"2733200",0,2
"2733333",0,2
"2733350",0,2
"2733364",0,2
"2733371",0,2
"2733590",1,2
"2733600",0,2
"2733601",1,2
"2733618",0,2
"2733623",1,2
"2733896",0,2
"2733919",0,2
"2733922",2,2
"2733928",1,2
"2733941",2,2
"2733945",2,0
"2733947",0,2
"2733954",0,2
"2733956",2,0
"2733975",0,2
"2733996",0,2
"2734084",1,2
"2734101",1,2
"2734118",1,2
"2734126",0,2
"2734135",0,2
"2734138",0,2
"2734144",2,2
"2734147",1,2
"2734158",1,2
"2734187",1,2
"2734203",2,1
"2734213",2,2
"2734224",1,2
"2734228",2,2
"2734248",0,2
"2734256",0,2
"2734259",0,2
"2734282",2,2
"2734287",0,2
"2734404",2,1
"2734572",2,0
"2734577",1,2
"2734585",2,1
"2739681",0,2
"2742627",2,0
"2742629",0,2
"2742641",0,2
"2742646",2,1
"2745565",0,2
"2747320",1,2
"2749432",1,2
"2749668",0,2
"2755588",2,0
"2762415",2,0
"2766781",0,2
"2767577",1,2
"2770772",2,1
"2771472",2,2
"2776861",1,2
"2776867",1,2
"2782653",2,0
"2783674",0,2
"2785295",0,2
"2785518",2,2
"2785910",2,2
"2787014",0,2
"2790983",2,2
"2791001",1,2
"279530",0,2
"2798729",2,0
"2799681",2,0
"2801524",0,2
"281",1,2
"2810196",2,2
"2819099",2,2
"2832319",1,2
"2832322",1,2
"2836009",0,2
"2836048",0,2
"2838015",0,2
"2842329",2,1
"2842609",2,2
"2842653",2,0
"2842796",1,2
"2842942",2,0
"2842979",0,2
"2843105",0,2
"2843352",2,1
"2843400",1,2
"2843411",0,2
"2843430",2,2
"2843436",1,2
"2843630",2,2
"2843651",2,0
"2843728",1,2
"2843731",2,0
"2843752",2,0
"2843780",2,0
"2843841",2,2
"2844017",0,2
"2844031",0,2
"2844071",2,1
"2844087",1,2
"2844121",1,2
"2844165",1,2
"2844193",2,1
"2844289",2,0
"2844309",2,2
"2844660",0,2
"2844662",0,2
"2844677",2,0
"2845071",0,2
"2845088",0,2
"2845092",1,2
"2845127",1,2
"2845151",0,2
"2845179",0,2
"2845451",0,2
"2845488",0,2
"2845506",0,2
"2845593",1,2
"2845594",1,2
"2845596",2,1
"2845656",0,2
"2845734",2,1
"2845756",0,2
"2845954",0,2
"2845967",0,2
"2846046",0,2
"2846050",2,2
"2846052",0,2
"2846061",0,2
"2846088",0,2
"2846089",1,2
"2846131",0,2
"2846147",0,2
"2846182",2,0
"2846390",1,2
"2846391",0,2
"2846609",0,2
"2847108",1,2
"2848887",0,2
"2853091",2,0
"2859072",0,2
"2859488",0,2
"2859653",0,2
"2859656",0,2
"2863194",0,2
"2866191",0,2
"2866196",0,2
"2869544",1,2
"2869545",0,2
"2869549",0,2
"2871539",0,2
"2874884",0,2
"2874886",1,2
"2881426",0,2
"28896",2,2
"2890836",0,2
"2894587",2,2
"2898581",2,0
"2910954",0,2
"2926098",1,2
"2927243",0,2
"2937792",2,1
"2943016",1,2
"2944392",2,1
"2945588",2,1
"2946836",2,1
"2948641",0,2
"2948652",2,0
"2948688",1,2
"2948767",0,2
"2948769",0,2
"2948823",1,2
"2948877",1,2
"2953979",0,2
"2953980",2,0
"2953987",0,2
"2954006",2,0
"2954009",2,0
"2954025",1,2
"2954055",0,2
"2954057",0,2
"2954061",0,2
"2954065",2,1
"2954095",2,2
"2955249",0,2
"2955290",2,1
"2955291",0,2
"2955305",2,0
"2955350",2,2
"2955363",0,2
"2955385",0,2
"2955394",1,2
"2955399",0,2
"2955400",1,2
"2955424",0,2
"2955431",2,0
"2955440",0,2
"2955537",0,2
"2955559",0,2
"2955608",0,2
"2955659",0,2
"2955676",0,2
"2955710",1,2
"2955718",0,2
"2955719",0,2
"2955741",1,2
"2955765",2,2
"2955840",1,2
"2955878",1,2
"2955890",0,2
"2955892",0,2
"2955894",2,0
"2955895",1,2
"2955910",2,0
"2955916",2,2
"2955924",2,0
"2955947",2,0
"2955949",0,2
"2955965",1,2
"2955974",2,2
"2955989",0,2
"2955994",1,2
"2956034",0,2
"2956037",1,2
"2956044",1,2
"2956060",1,2
"2956080",0,2
"2956091",2,1
"2956113",2,2
"2956117",2,0
"2956126",0,2
"2956131",0,2
"2956133",2,0
"2956136",1,2
"2956191",2,2
"2956194",2,1
"2956196",1,2
"2956223",0,2
"2956258",2,1
"2956259",0,2
"2956262",1,2
"2956268",0,2
"2956338",0,2
"2956342",2,2
"2956366",0,2
"2956377",0,2
"2956426",0,2
"2956433",2,1
"2956469",1,2
"2956532",2,2
"2956534",0,2
"2956536",0,2
"2956559",0,2
"2956571",2,2
"2956573",1,2
"2956640",1,2
"2956649",2,0
"2956656",0,2
"2956660",1,2
"2956664",0,2
"2956665",2,2
"2956681",0,2
"2956684",0,2
"2956689",2,1
"2956695",0,2
"2956710",2,1
"2975529",0,2
"2982892",0,2
"2983213",2,2
"2989727",0,2
"2989766",1,2
"2989768",2,1
"2992719",2,1
"3015952",1,2
"3020826",1,2
"3031799",2,2
"3035369",1,2
"3038077",1,2
"3044472",0,2
"3044672",0,2
"3047349",0,2
"3047383",2,0
"3047708",2,0
"3047750",2,1
"3047752",1,2
"3047759",0,2
"3047765",2,0
"3047769",2,0
"3047787",0,2
"3047795",0,2
"3047810",2,2
"3047813",2,1
"3047947",1,2
"3048197",0,2
"3048240",0,2
"3048326",2,1
"3048335",2,1
"3048345",0,2
"3048375",0,2
"3048411",0,2
"3050134",0,2
"3050273",2,1
"3050279",0,2
"3050286",2,1
"3050290",0,2
"3050296",1,2
"3050297",0,2
"3050298",0,2
"3050300",0,2
"3050312",1,2
"3050317",2,1
"3050349",1,2
"3050350",0,2
"3051405",2,1
"3051617",1,2
"3051618",2,1
"3052187",0,2
"3052443",2,1
"3052464",0,2
"3052551",0,2
"3059715",0,2
"3060014",0,2
"3060030",2,2
"3060545",0,2
"312532",0,2
"32014",1,2
"33040",2,2
"34084",2,1
"345195",2,0
"345201",1,2
"346881",0,2
"347328",0,2
"35762",1,2
"35788",0,2
"35790",1,2
"35793",2,1
"358023",1,2
"362692",0,2
"36363",0,2
"365150",0,2
"373067",1,2
"373212",0,2
"373407",0,2
"373408",1,2
"38012",0,2
"393598",2,1
"40631",1,2
"406340",0,2
"42862",1,2
"437329",0,2
"452804",0,2
"462590",1,2
"46618",2,0
"469660",2,0
"490103",0,2
"515417",0,2
"52604",2,2
"536079",2,0
"540065",1,2
"54258",0,2
"546165",0,2
"547144",2,1
"554131",0,2
"563123",0,2
"57478",2,0
"58172",2,1
"59241",2,0
"59310",2,2
"633135",0,2
"648998",1,2
"658401",0,2
"680115",0,2
"68295",1,2
"691966",1,2
"702738",1,2
"706422",0,2
"747763",2,2
"762660",1,2
"77551",1,2
"880161",2,0
"882697",2,1
"89374",1,2
"90243",1,2
"90322",0,2
"929834",0,2
"946046",1,2
"99000",1,2
"998086",0,2
"100217",1,1
"1003177",1,1
"1006972",1,0
"100887",1,0
"10255",0,1
"10260",1,1
"10264",1,0
"10273",0,1
"1028419",0,1
"1032893",0,1
"1034099",0,1
"1034103",0,1
"1034108",0,1
"1034110",0,1
"1034149",1,0
"1035662",1,1
"103723",0,1
"103881",1,0
"1041406",0,1
"1041831",0,1
"10486",1,1
"10493",0,1
"1051138",0,1
"1051143",1,1
"10567",1,0
"10652",1,0
"1071177",1,0
"10724",0,1
"1074210",1,1
"10753",1,0
"10778",1,1
"107804",0,1
"10879",0,1
"1089111",0,1
"1089132",0,1
"1091556",1,0
"109270",0,1
"1095076",0,1
"1097752",0,1
"10989",1,0
"110103",0,1
"1110389",1,0
"1112008",0,1
"11137",0,1
"111418",0,1
"111970",1,1
"1126885",0,1
"1127515",0,1
"1133751",0,1
"1137801",1,0
"1147042",0,1
"1147137",0,1
"1148491",1,1
"115714",0,1
"11572",0,1
"1158",0,1
"115987",1,0
"115991",0,1
"1160795",0,1
"1165908",1,1
"11673",1,0
"1173741",0,1
"1173754",0,1
"117563",1,0
"1175662",0,1
"1175852",0,1
"1176423",0,1
"1176736",0,1
"1177752",0,1
"1177759",0,1
"1179815",0,1
"1183239",0,1
"11834",0,1
"1188812",0,1
"119164",0,1
"1193420",0,1
"119423",1,0
"1195085",1,1
"1197734",0,1
"11983",0,1
"1208309",0,1
"1211283",0,1
"1218492",0,1
"12202",0,1
"12204",0,1
"1225862",1,0
"1229760",1,1
"12317",1,0
"1231903",0,1
"1234144",1,1
"1235850",0,1
"1239567",0,1
"12417",0,1
"1243178",0,1
"1245890",0,1
"1246650",1,0
"1258",1,0
"1273699",0,1
"1273742",1,0
"1285589",0,1
"129732",1,0
"129950",1,0
"1300004",0,1
"1301279",0,1
"1301280",1,1
"1302410",0,1
"130309",1,0
"130310",1,1
"130370",0,1
"130371",0,1
"131082",0,1
"1327035",1,0
"1327772",1,1
"1327773",1,0
"1327935",1,0
"1327940",0,1
"1327948",0,1
"1327974",1,0
"1329812",0,1
"1330524",0,1
"1340708",1,0
"1351702",0,1
"135615",0,1
"135617",0,1
"135624",0,1
"1357669",0,1
"1357714",0,1
"13642",1,0
"1373",0,1
"137854",1,1
"1383054",0,1
"1401087",1,0
"1403565",1,0
"1425363",0,1
"1430884",1,0
"1434102",1,0
"1437364",1,1
"1445727",0,1
"144752",1,0
"1449783",0,1
"1458714",0,1
"1458726",0,1
"1458842",0,1
"1458859",0,1
"1458861",1,0
"1461743",1,0
"1465639",0,1
"1465751",1,0
"1472912",0,1
"148603",1,0
"1486469",1,0
"1487185",1,0
"1490227",0,1
"1497848",1,0
"1498204",1,0
"1500866",0,1
"1503293",0,1
"1506553",0,1
"1508220",0,1
"1511892",0,1
"1511894",0,1
"1513188",0,1
"1513247",0,1
"1513250",1,1
"1513256",1,1
"1513261",0,1
"1513274",0,1
"1516075",0,1
"152177",1,0
"1534553",0,1
"1541743",1,1
"1543207",1,0
"154347",0,1
"155493",0,1
"1558469",0,1
"1567005",1,1
"1567006",0,1
"1567012",0,1
"1567014",1,0
"1567466",1,0
"1569353",1,1
"1573458",1,1
"1573714",0,1
"1586712",0,1
"1589270",0,1
"1592097",0,1
"159252",0,1
"1592572",1,0
"1592576",1,1
"160843",0,1
"1608533",0,1
"161378",0,1
"1616781",0,1
"1618243",0,1
"1623304",0,1
"1623305",1,1
"1636271",0,1
"1636618",1,1
"1643948",0,1
"1647308",0,1
"1647391",1,0
"1647415",0,1
"1654740",1,0
"1654781",0,1
"1655662",1,0
"1663127",0,1
"1663208",1,1
"1663209",0,1
"1663210",0,1
"167474",1,1
"1675553",0,1
"1675555",0,1
"1675598",1,0
"1678143",0,1
"1678145",1,1
"1678146",0,1
"167968",1,0
"1685953",0,1
"1697349",1,1
"1701257",0,1
"1701845",1,0
"1703966",1,0
"1703970",0,1
"1703971",1,1
"1712389",0,1
"1712675",1,1
"1715860",1,1
"1720324",0,1
"1720526",1,0
"1732178",1,0
"1746059",1,0
"1746060",0,1
"1746061",0,1
"1746063",1,0
"1747384",1,1
"1755467",0,1
"1755681",0,1
"176106",1,1
"177758",1,1
"1779714",1,0
"1780507",1,1
"1785960",0,1
"1785995",0,1
"1792583",0,1
"1798217",0,1
"180504",0,1
"1805948",1,1
"1805956",0,1
"181084",1,0
"1815608",1,0
"1840267",0,1
"1852564",1,1
"1864622",0,1
"186532",1,0
"186846",1,0
"1868596",0,1
"1871106",1,0
"187217",1,1
"1873889",0,1
"1873895",0,1
"1874886",0,1
"1883379",1,1
"1887643",0,1
"1887649",0,1
"1890426",0,1
"1890464",1,1
"1891721",0,1
"1891771",0,1
"1892251",1,0
"189330",0,1
"1897538",0,1
"190061",1,0
"190064",1,1
"1902502",0,1
"1908807",0,1
"1908808",1,0
"1908813",0,1
"1909732",0,1
"1910993",0,1
"1911443",1,0
"1911604",0,1
"1911605",0,1
"1913652",1,0
"1913654",0,1
"1913655",1,0
"1914019",0,1
"1914021",0,1
"1914199",0,1
"1914850",1,1
"1914852",0,1
"1914856",1,0
"1914895",1,0
"1914897",1,0
"1917980",1,0
"1918725",0,1
"1918727",0,1
"1920498",0,1
"1920750",1,0
"1920757",0,1
"1920763",1,0
"1920774",1,0
"1920864",0,1
"1920866",0,1
"1920995",1,0
"1921125",0,1
"1921186",1,1
"1921526",1,1
"1921529",0,1
"1921530",0,1
"1921555",0,1
"1921705",0,1
"1922208",1,1
"1922210",1,0
"1922247",0,1
"1922353",0,1
"1922359",0,1
"1922432",1,0
"1922452",0,1
"1922471",0,1
"1922492",1,0
"1922539",1,0
"1922541",0,1
"1922546",1,0
"1922548",0,1
"1922601",0,1
"1922614",1,0
"1922621",1,0
"1922668",0,1
"1922674",1,0
"1922714",0,1
"1922715",0,1
"1922722",0,1
"1922729",0,1
"1922745",0,1
"1922749",0,1
"1922752",0,1
"1922761",0,1
"1922766",1,0
"1922792",0,1
"1922905",1,0
"1923011",1,0
"1923012",1,0
"1923073",0,1
"1923081",0,1
"1923104",0,1
"1923109",0,1
"1923118",1,0
"1923123",0,1
"1923150",0,1
"1923151",1,0
"1923238",0,1
"1923261",1,0
"1923291",0,1
"1923301",0,1
"1923327",1,0
"1923342",1,1
"1923344",1,0
"1923370",0,1
"1923383",0,1
"1923507",0,1
"1923541",0,1
"1923545",0,1
"1923558",1,1
"1923580",0,1
"1923619",0,1
"1923646",0,1
"1923650",0,1
"1923664",0,1
"1923685",0,1
"1923725",0,1
"1923735",1,0
"192452",0,1
"1924730",0,1
"1925019",0,1
"1925780",0,1
"1925782",0,1
"1929150",0,1
"1929964",1,0
"1931369",0,1
"1933180",0,1
"1933903",1,0
"1933905",0,1
"1933910",0,1
"194443",0,1
"1945560",1,0
"1945565",1,0
"1945575",0,1
"1954380",0,1
"1955558",1,1
"1958786",0,1
"195950",0,1
"1959930",0,1
"1960084",0,1
"1962302",1,0
"1965385",1,0
"1972584",0,1
"1972612",0,1
"1972621",0,1
"1972623",1,0
"1972624",1,0
"1972684",0,1
"1972685",0,1
"1977299",0,1
"1980540",0,1
"1980930",0,1
"1980946",1,0
"1980947",1,0
"1980961",1,1
"1981023",0,1
"1981027",1,0
"1981049",0,1
"198110",1,1
"1982078",1,0
"1982079",0,1
"1982080",1,0
"1982081",0,1
"1982083",0,1
"1982084",1,0
"1982085",1,0
"1982087",1,1
"1982097",0,1
"1982100",0,1
"1982112",0,1
"1982229",1,1
"1982238",1,0
"1982248",0,1
"1982263",0,1
"1982279",1,0
"1982291",0,1
"1982301",0,1
"1982381",0,1
"1982554",0,1
"1982556",0,1
"1982559",0,1
"1982569",1,0
"1982575",0,1
"1982577",0,1
"1982578",0,1
"1982588",0,1
"1982591",1,1
"1982596",1,1
"1982756",0,1
"1982886",0,1
"1982905",0,1
"1982916",0,1
"1982917",1,1
"1982918",0,1
"1982929",1,0
"1983562",0,1
"1983738",0,1
"1983744",0,1
"1984778",1,0
"1984781",1,1
"1984787",1,1
"1984790",0,1
"1985310",0,1
"1985341",0,1
"1985726",0,1
"1985729",0,1
"1985730",0,1
"1985731",1,1
"1985737",0,1
"1986960",0,1
"1987017",0,1
"1987727",1,1
"1987987",1,0
"1987994",1,0
"198929",1,0
"1993863",1,0
"1993879",1,1
"1993887",1,1
"1993889",0,1
"2003506",0,1
"2005469",1,0
"2005692",1,0
"2006137",1,1
"2006138",0,1
"2006145",1,0
"2006173",1,0
"2006179",0,1
"2007196",1,0
"2011075",1,0
"2011078",1,0
"2011088",1,0
"201490",0,1
"2015795",1,1
"2015871",1,0
"2017966",1,1
"2018500",0,1
"2022656",1,1
"2024274",0,1
"2025339",0,1
"2025398",0,1
"2025492",1,0
"2025595",0,1
"2025876",0,1
"2029293",1,1
"204050",0,1
"2040624",1,0
"2040658",0,1
"2044610",0,1
"204619",1,0
"2047761",0,1
"2052899",1,0
"2053079",0,1
"2055263",0,1
"2058318",0,1
"2058322",1,1
"2058328",1,0
"205908",0,1
"2059867",0,1
"2060092",0,1
"2065202",1,0
"207343",0,1
"2077147",1,0
"2083198",1,0
"2083199",0,1
"2094023",0,1
"2094259",1,0
"2094261",0,1
"2116198",1,0
"2116210",1,0
"2116384",0,1
"2116706",0,1
"213769",0,1
"2144178",0,1
"2164061",0,1
"2169534",0,1
"2169621",1,0
"2169622",1,0
"2169653",0,1
"2169689",1,1
"2169690",1,0
"2169692",1,0
"2169704",0,1
"2169706",0,1
"2169707",1,1
"2169708",1,0
"2169775",1,1
"2169798",0,1
"2169858",0,1
"2169860",0,1
"2169868",0,1
"2169963",1,1
"2169978",0,1
"2170030",0,1
"2170101",0,1
"2170170",0,1
"2170171",1,0
"2170172",0,1
"2170173",1,0
"2170174",1,0
"2170234",0,1
"2175118",0,1
"2182",1,1
"2183",0,1
"2184",0,1
"2200830",0,1
"2202225",1,0
"2220003",0,1
"2232",0,1
"2233",0,1
"223332",0,1
"2234086",0,1
"2234092",1,1
"2248",0,1
"2250414",1,1
"2250469",0,1
"2259792",1,0
"2270",0,1
"2272",0,1
"227470",1,1
"227507",0,1
"2282206",1,1
"2282642",0,1
"2284",0,1
"228582",1,0
"2293295",1,0
"2293720",0,1
"2301693",1,0
"2302",1,0
"2303507",1,1
"2304510",0,1
"2304620",0,1
"2314",0,1
"2316",0,1
"2316020",1,0
"2338395",0,1
"235201",1,0
"2364644",1,1
"2364646",0,1
"2365030",0,1
"239",0,1
"2419628",0,1
"2419667",0,1
"2419952",0,1
"2420305",0,1
"2420309",1,0
"244310",1,0
"246280",1,0
"2483367",1,1
"2493107",1,0
"2494563",1,1
"2499620",1,0
"2499625",0,1
"2499678",0,1
"2500166",0,1
"2500542",1,0
"2501942",1,0
"2501954",0,1
"2501960",0,1
"2501965",0,1
"2507290",0,1
"2507505",0,1
"2508226",1,0
"2508252",0,1
"2509379",1,0
"2509576",1,1
"2509729",1,0
"2509748",0,1
"2509764",0,1
"2510494",0,1
"2530392",0,1
"2560096",0,1
"2560127",1,0
"2560131",0,1
"2560132",0,1
"2560144",0,1
"2560147",1,0
"2560149",0,1
"2560156",0,1
"2560202",1,0
"2560233",0,1
"2560256",0,1
"2560283",1,1
"2560297",1,1
"2560299",1,0
"2560329",0,1
"2560333",1,0
"2560355",0,1
"2560370",0,1
"2560399",0,1
"2560418",1,0
"2560419",0,1
"2560422",1,1
"2560426",1,1
"2560433",0,1
"2560453",0,1
"2560455",0,1
"2560491",1,0
"2560494",1,0
"2560497",0,1
"2560507",0,1
"2560512",1,0
"2560513",1,1
"2560540",1,0
"2560541",1,1
"2560546",1,0
"2560606",0,1
"2560620",0,1
"2560621",0,1
"2560651",0,1
"2560655",0,1
"2560660",0,1
"2560676",1,0
"2560677",0,1
"2560678",0,1
"2560684",0,1
"2560685",1,0
"2560689",0,1
"2560691",0,1
"2560692",0,1
"2560720",0,1
"2560728",1,1
"2560788",1,0
"2560833",0,1
"2560835",0,1
"2560842",0,1
"2562463",0,1
"2565372",1,1
"2572069",0,1
"2572529",1,0
"2575328",0,1
"2575355",0,1
"2576759",0,1
"2576762",0,1
"2576871",0,1
"2583530",0,1
"2583589",0,1
"2583631",0,1
"2590931",0,1
"2594460",0,1
"2596714",0,1
"2596899",0,1
"2597325",0,1
"260149",0,1
"2601652",1,0
"2601660",1,0
"2606911",0,1
"2608978",1,1
"261164",0,1
"2653271",1,0
"2653718",0,1
"2660638",1,1
"2664942",1,0
"2666132",1,0
"2675788",0,1
"2681674",1,0
"2681861",1,0
"2686312",1,0
"2686313",1,0
"2686364",1,0
"2686378",1,0
"2690380",0,1
"269145",0,1
"2696411",1,1
"2711179",1,0
"2711185",1,0
"2712024",0,1
"271257",0,1
"2712941",1,1
"2718943",0,1
"2725651",0,1
"2730357",0,1
"2730854",0,1
"2731621",1,1
"2731624",0,1
"2731674",1,1
"2731690",0,1
"2731935",0,1
"2732023",0,1
"2732037",0,1
"2732038",1,1
"2732068",1,0
"2732592",1,0
"2732597",0,1
"2732683",1,1
"2732691",0,1
"2732708",1,0
"2732713",1,0
"2732775",1,0
"2732787",0,1
"2732921",1,0
"2732969",1,0
"2732970",0,1
"2733098",0,1
"2733128",0,1
"2733141",1,1
"2733161",0,1
"2733162",1,0
"2733174",1,0
"2733335",0,1
"2733342",1,0
"2733343",1,0
"2733346",0,1
"2733348",1,1
"2733351",0,1
"2733353",0,1
"2733356",0,1
"2733357",1,1
"2733363",1,1
"2733367",0,1
"2733369",0,1
"2733370",1,0
"2733374",1,0
"2733574",1,0
"2733579",0,1
"2733580",0,1
"2733587",0,1
"2733614",1,1
"2733621",0,1
"2733629",0,1
"2733634",0,1
"2733636",0,1
"2733644",1,0
"2733656",0,1
"2733661",0,1
"2733663",0,1
"2733668",0,1
"2733671",1,0
"2733681",1,0
"2733877",0,1
"2733883",0,1
"2733886",0,1
"2733887",0,1
"2733888",0,1
"2733895",0,1
"2733906",0,1
"2733918",0,1
"2733920",0,1
"2733923",1,0
"2733924",1,0
"2733925",1,0
"2733938",0,1
"2733951",1,1
"2733952",1,1
"2733958",1,1
"2733966",0,1
"2733973",0,1
"2733985",0,1
"2733997",0,1
"2733999",0,1
"2734002",0,1
"2734020",0,1
"2734027",0,1
"2734030",1,1
"2734041",0,1
"2734043",0,1
"2734046",0,1
"2734050",1,0
"2734056",1,0
"2734068",1,0
"2734074",0,1
"2734076",0,1
"2734079",0,1
"2734081",0,1
"2734083",1,1
"2734087",1,0
"2734088",0,1
"2734091",1,0
"2734095",0,1
"2734096",1,1
"2734103",0,1
"2734104",1,0
"2734109",1,1
"2734111",0,1
"2734116",1,1
"2734122",0,1
"2734128",1,1
"2734142",0,1
"2734145",0,1
"2734148",0,1
"2734149",0,1
"2734150",0,1
"2734151",0,1
"2734159",0,1
"2734188",0,1
"2734189",1,1
"2734191",0,1
"2734198",1,1
"2734199",0,1
"2734200",0,1
"2734201",1,1
"2734202",1,1
"2734209",0,1
"2734226",1,1
"2734227",0,1
"2734262",1,1
"2734269",0,1
"2734270",1,0
"2734333",1,0
"2734338",0,1
"2734369",1,0
"2734383",1,0
"2734556",0,1
"2734573",1,1
"2734583",0,1
"2734584",0,1
"2736271",0,1
"2742112",0,1
"2742630",0,1
"2742636",1,1
"2742650",0,1
"2742654",0,1
"2742670",0,1
"2743999",1,1
"2747318",0,1
"2747321",0,1
"2747322",0,1
"2759392",1,1
"2759403",0,1
"2761123",1,0
"2761539",0,1
"2762328",0,1
"2762721",1,1
"2763068",1,0
"2767890",1,1
"2770089",1,0
"2771471",0,1
"2772023",1,1
"2772448",1,0
"2776866",1,0
"2778077",0,1
"2781608",1,1
"2782652",1,1
"2783673",1,1
"2789210",1,0
"2791015",1,0
"2795238",1,1
"2797313",0,1
"2801326",0,1
"28034",1,0
"2810280",0,1
"2812864",0,1
"2812900",0,1
"2813545",0,1
"2815206",1,0
"28176",0,1
"2819103",0,1
"2819104",0,1
"2823683",0,1
"2834256",0,1
"28354",1,0
"2835563",0,1
"2836086",0,1
"2836365",0,1
"2836367",1,0
"28369",0,1
"2838238",1,1
"2840017",0,1
"2840018",0,1
"2841278",0,1
"2841299",0,1
"2841303",0,1
"2842540",0,1
"2842586",0,1
"2842588",1,0
"2842616",1,0
"2842725",0,1
"2842820",1,0
"2842852",0,1
"2842888",0,1
"2842972",1,0
"2842976",0,1
"2843069",1,1
"2843347",0,1
"2843374",0,1
"2843380",1,0
"2843397",0,1
"2843412",0,1
"2843422",0,1
"2843431",0,1
"2843447",1,0
"2843466",0,1
"2843478",0,1
"2843617",0,1
"2843618",0,1
"2843621",0,1
"2843625",1,1
"2843628",1,0
"2843635",0,1
"2843641",0,1
"2843649",1,0
"2843650",1,0
"2843653",0,1
"2843677",1,0
"2843727",0,1
"2843736",0,1
"2843750",1,0
"2843760",1,0
"2843768",0,1
"2843802",0,1
"2843837",0,1
"2843895",0,1
"2843930",1,0
"2843952",0,1
"2843955",0,1
"2843971",0,1
"2843986",1,0
"2844032",1,0
"2844039",0,1
"2844085",0,1
"2844117",0,1
"2844132",0,1
"2844163",1,0
"2844164",1,0
"2844169",1,0
"2844175",0,1
"2844192",0,1
"2844196",1,0
"2844204",1,0
"2844210",0,1
"2844213",0,1
"2844253",0,1
"2844254",1,0
"2844300",0,1
"2844383",1,0
"2844462",0,1
"2844604",1,0
"2844658",0,1
"2844663",1,0
"2844666",1,1
"2844667",1,0
"2844669",1,0
"2844674",1,0
"2844680",1,0
"2844792",0,1
"2844820",1,0
"2844828",1,0
"2844856",1,0
"2844982",0,1
"2845000",0,1
"2845016",1,0
"2845062",0,1
"2845079",0,1
"2845083",1,0
"2845091",0,1
"2845106",1,0
"2845111",0,1
"2845158",1,0
"2845184",1,0
"2845189",1,0
"2845421",0,1
"2845425",1,0
"2845430",0,1
"2845434",1,0
"2845437",0,1
"2845459",0,1
"2845471",0,1
"2845510",1,0
"2845516",0,1
"2845524",0,1
"2845595",1,0
"2845598",1,0
"2845599",0,1
"2845621",1,0
"2845645",1,0
"2845648",0,1
"2845649",1,1
"2845652",0,1
"2845654",0,1
"2845658",0,1
"2845663",0,1
"2845665",0,1
"2845717",0,1
"2845739",1,0
"2845758",1,0
"2845769",1,0
"2845770",0,1
"2845772",0,1
"2845837",0,1
"2845850",0,1
"2845853",1,0
"2845873",1,0
"2845938",1,0
"2845939",1,1
"2845955",1,0
"2845963",0,1
"2845966",1,0
"2845980",0,1
"2845986",0,1
"2846010",0,1
"2846025",1,0
"2846039",0,1
"2846043",1,0
"2846045",1,1
"2846048",0,1
"2846049",0,1
"2846051",0,1
"2846063",1,1
"2846072",0,1
"2846093",0,1
"2846094",0,1
"2846107",0,1
"2846151",1,0
"2846185",1,1
"2846194",0,1
"2846200",1,0
"2846201",0,1
"2846217",1,0
"2846392",0,1
"2846394",1,1
"2846400",1,0
"2846401",0,1
"2846403",1,0
"2846414",0,1
"2846423",0,1
"2846433",0,1
"2846437",0,1
"2846592",0,1
"2846593",0,1
"2846600",0,1
"2846603",0,1
"2846605",1,0
"2846628",0,1
"2846660",0,1
"2846681",0,1
"2846693",0,1
"2849971",0,1
"2851068",1,0
"2851978",0,1
"2851979",1,0
"2853534",1,0
"2860376",1,0
"2860377",0,1
"2861002",1,0
"2861800",1,1
"2863195",0,1
"2863847",0,1
"2865787",0,1
"2866695",0,1
"2867265",1,0
"2867473",0,1
"2869547",0,1
"2869553",0,1
"2869555",1,0
"2869557",1,1
"2871538",0,1
"2872567",1,1
"2873349",0,1
"2873413",0,1
"2874885",1,0
"2878269",0,1
"2879113",1,1
"2879399",1,0
"2886377",1,0
"28875",1,0
"28884",0,1
"2891955",0,1
"2894367",0,1
"2894753",0,1
"2894929",0,1
"2895623",1,0
"2897413",1,0
"2898580",1,1
"2899077",0,1
"2902422",1,0
"2902692",0,1
"2905569",0,1
"2905620",1,0
"290611",0,1
"2908630",0,1
"2911664",0,1
"2911956",1,0
"2914029",0,1
"2919614",1,0
"2923088",1,0
"2927268",0,1
"2927283",0,1
"2927622",0,1
"2936906",0,1
"2937284",0,1
"2937793",0,1
"2939128",1,0
"2939129",1,1
"2939132",0,1
"2942989",0,1
"2942992",0,1
"2943014",1,0
"2943019",1,1
"2945589",1,0
"2945916",0,1
"2946166",1,0
"2946170",1,1
"2946830",0,1
"294702",1,1
"2948645",0,1
"2948659",1,0
"2948694",1,1
"2948713",0,1
"2948774",0,1
"2948791",0,1
"2948826",0,1
"2948861",0,1
"2948878",1,0
"2948904",1,0
"2948910",0,1
"2948931",0,1
"2951619",0,1
"2953667",1,0
"2953997",1,1
"2954003",0,1
"2954012",0,1
"2954016",1,0
"2954021",1,0
"2954023",0,1
"2954030",1,0
"2954053",1,1
"2954054",0,1
"2954064",0,1
"2955232",1,1
"2955234",0,1
"2955358",0,1
"2955380",1,0
"2955388",0,1
"2955393",0,1
"2955397",1,0
"2955411",1,0
"2955417",0,1
"2955420",0,1
"2955423",0,1
"2955427",1,0
"2955487",1,0
"2955490",1,0
"2955492",0,1
"2955500",0,1
"2955501",0,1
"2955504",0,1
"2955535",1,0
"2955539",1,1
"2955545",0,1
"2955548",1,0
"2955549",0,1
"2955550",0,1
"2955553",1,1
"2955561",1,0
"2955570",0,1
"2955578",1,0
"2955579",0,1
"2955595",0,1
"2955598",0,1
"2955599",0,1
"2955609",1,0
"2955615",0,1
"2955617",0,1
"2955626",0,1
"2955631",1,0
"2955634",1,1
"2955635",1,0
"2955645",1,1
"2955647",0,1
"2955650",0,1
"2955655",0,1
"2955657",1,0
"2955664",0,1
"2955684",0,1
"2955700",0,1
"2955702",0,1
"2955703",0,1
"2955712",1,0
"2955728",1,0
"2955739",1,0
"2955751",0,1
"2955757",0,1
"2955768",1,0
"2955837",0,1
"2955846",0,1
"2955850",0,1
"2955855",1,1
"2955856",0,1
"2955865",0,1
"2955875",1,0
"2955882",1,1
"2955883",0,1
"2955884",1,0
"2955891",1,1
"2955907",1,0
"2955914",0,1
"2955918",1,0
"2955920",1,0
"2955922",1,0
"2955923",0,1
"2955956",1,1
"2955957",0,1
"2955975",0,1
"2955996",1,1
"2955998",1,0
"2956005",0,1
"2956008",1,1
"2956012",0,1
"2956045",0,1
"2956046",1,0
"2956050",1,1
"2956052",1,0
"2956053",1,0
"2956062",1,1
"2956064",1,1
"2956065",0,1
"2956066",1,0
"2956069",1,0
"2956071",0,1
"2956072",0,1
"2956075",0,1
"2956076",1,1
"2956079",0,1
"2956081",0,1
"2956106",0,1
"2956108",0,1
"2956125",0,1
"2956138",0,1
"2956143",1,0
"2956172",0,1
"2956179",0,1
"2956180",1,0
"2956181",0,1
"2956186",0,1
"2956195",1,0
"2956198",0,1
"2956205",0,1
"2956206",1,1
"2956221",0,1
"2956230",0,1
"2956255",1,0
"2956256",0,1
"2956257",0,1
"2956261",0,1
"2956264",0,1
"2956275",0,1
"2956283",0,1
"2956297",1,0
"2956302",0,1
"2956307",1,0
"2956320",1,1
"2956332",0,1
"2956340",0,1
"2956347",1,0
"2956354",0,1
"2956356",0,1
"2956362",1,1
"2956365",0,1
"2956367",0,1
"2956369",0,1
"2956392",1,0
"2956412",0,1
"2956417",1,0
"2956425",0,1
"2956430",0,1
"2956461",0,1
"2956479",1,0
"2956480",1,1
"2956491",1,0
"2956509",0,1
"2956513",0,1
"2956563",1,0
"2956567",1,1
"2956570",0,1
"2956574",0,1
"2956601",0,1
"2956619",0,1
"2956637",0,1
"2956658",1,0
"2956663",0,1
"2956667",1,0
"2956669",0,1
"2956670",1,0
"2956679",0,1
"2956683",0,1
"2956686",0,1
"2956691",1,1
"2956696",1,0
"2956698",1,0
"2956829",1,0
"29574",1,1
"2961985",1,0
"2962679",1,1
"2964607",0,1
"2968499",1,0
"2968613",0,1
"2969597",0,1
"2973797",0,1
"2975405",1,0
"2975519",1,1
"2975532",1,1
"2976354",1,0
"2976944",0,1
"2976977",0,1
"2980104",1,0
"2981351",1,1
"2983221",0,1
"298331",1,0
"298333",1,0
"2985323",0,1
"2985325",0,1
"2985571",0,1
"2986514",0,1
"2986828",0,1
"2986833",0,1
"2989726",0,1
"2991700",0,1
"299422",0,1
"2999280",0,1
"2999281",0,1
"3018589",1,1
"3021711",0,1
"3044455",1,1
"3047348",0,1
"3047368",1,0
"3047389",1,0
"3047391",0,1
"3047393",0,1
"3047403",0,1
"3047681",1,1
"3047722",0,1
"3047723",0,1
"3047733",0,1
"3047736",0,1
"3047741",0,1
"3047747",0,1
"3047753",1,1
"3047756",1,0
"3047757",0,1
"3047758",1,0
"3047763",1,1
"3047811",1,0
"3047825",0,1
"3047837",0,1
"3047843",0,1
"3047858",0,1
"3047860",1,1
"3047946",1,1
"3047962",1,0
"3048149",1,0
"3048150",1,0
"3048166",1,0
"3048172",1,1
"3048183",0,1
"3048192",0,1
"3048203",0,1
"3048212",1,0
"3048217",0,1
"3048221",0,1
"3048222",1,0
"3048235",0,1
"3048237",1,1
"3048239",0,1
"3048267",0,1
"3048270",0,1
"3048276",0,1
"3048303",0,1
"3048315",0,1
"3048333",0,1
"3048337",0,1
"3048344",1,1
"3048354",1,1
"3048396",1,0
"3048427",1,0
"3048436",0,1
"3048442",0,1
"3048448",0,1
"3050140",1,0
"3050246",0,1
"3050247",1,0
"3050268",0,1
"3050269",1,1
"3050276",0,1
"3050280",0,1
"3050284",1,0
"3050288",1,1
"3050302",1,1
"3050308",0,1
"3050310",0,1
"3050316",1,1
"3050318",0,1
"3050320",1,1
"3050341",0,1
"3050356",1,0
"3050360",0,1
"3051122",0,1
"3051381",1,0
"3051418",1,1
"3051615",1,1
"3051616",1,1
"3051988",1,0
"3051996",1,1
"3052033",0,1
"3052049",1,0
"3052052",0,1
"3052106",1,1
"3052126",0,1
"3052175",1,1
"3052206",1,1
"3052215",0,1
"3052220",1,0
"3052245",1,1
"3052261",0,1
"3052301",0,1
"3052328",0,1
"3052329",0,1
"3052345",1,0
"3052348",0,1
"3052353",0,1
"3052381",0,1
"3052387",0,1
"3052431",1,1
"3052435",1,1
"3052452",1,0
"3052516",0,1
"3052522",1,0
"3052529",1,0
"3052539",0,1
"3052554",0,1
"3052556",0,1
"3052567",1,0
"3052578",0,1
"3052595",0,1
"3052606",0,1
"3052610",0,1
"3052620",1,0
"3052627",0,1
"3052655",1,1
"3052707",0,1
"3052729",0,1
"3052731",0,1
"3052737",0,1
"3052742",0,1
"3052749",0,1
"3052757",0,1
"3052814",0,1
"3052827",0,1
"3052828",0,1
"3059729",0,1
"3060048",0,1
"3060068",0,1
"3060549",0,1
"3060627",1,0
"306276",0,1
"3067276",0,1
"3068308",0,1
"3068322",1,0
"3073865",0,1
"3073964",1,0
"3074086",1,1
"307461",1,0
"3078438",1,0
"310907",1,1
"319017",0,1
"322053",0,1
"322535",0,1
"325775",1,0
"335797",1,1
"336959",0,1
"337041",0,1
"338473",1,0
"341029",0,1
"341167",0,1
"346882",1,0
"346883",0,1
"351495",1,0
"35345",0,1
"356862",0,1
"35792",1,1
"362693",1,0
"369960",1,0
"3708",0,1
"372457",1,0
"373068",1,0
"375919",1,1
"38312",1,1
"390157",0,1
"395331",0,1
"396034",0,1
"400396",1,0
"40052",0,1
"40058",1,0
"401562",1,0
"40272",0,1
"405554",0,1
"407392",0,1
"40834",1,0
"41459",0,1
"419435",1,1
"426756",1,0
"438482",0,1
"45654",1,1
"458639",1,1
"469009",0,1
"470314",0,1
"478174",1,0
"47901",1,0
"479058",0,1
"47985",1,0
"483537",0,1
"499235",0,1
"511678",0,1
"519014",0,1
"519497",1,1
"52979",0,1
"52996",0,1
"54297",1,0
"545908",1,1
"545932",0,1
"55210",1,0
"558017",0,1
"558415",1,1
"55951",1,1
"573174",0,1
"573591",1,1
"577122",1,0
"583319",1,1
"591487",0,1
"59509",0,1
"598467",0,1
"60879",0,1
"62079",1,0
"638660",1,0
"642926",0,1
"64462",1,0
"646294",1,0
"647",0,1
"656190",1,0
"657339",0,1
"663281",0,1
"663557",1,0
"665097",0,1
"666144",0,1
"669041",1,0
"672794",0,1
"67476",0,1
"674971",0,1
"67572",1,1
"678",0,1
"682314",1,1
"686984",0,1
"686985",0,1
"68887",0,1
"693627",1,0
"693629",0,1
"694006",0,1
"694007",1,1
"694581",1,0
"700512",0,1
"71253",0,1
"72638",0,1
"73780",1,1
"747457",0,1
"749413",0,1
"753084",1,0
"753085",1,1
"754067",1,0
"754070",0,1
"758582",0,1
"768493",1,0
"768738",0,1
"77038",1,1
"78057",1,0
"80849",0,1
"83442",0,1
"83612",0,1
"84589",1,0
"84600",1,0
"861561",0,1
"862944",0,1
"864178",1,0
"887059",1,0
"888435",0,1
"889389",0,1
"889953",1,0
"909297",0,1
"909929",1,1
"929832",1,1
"931244",0,1
"93678",1,1
"941058",1,1
"944995",1,0
"948071",1,0
"984186",0,1
"990144",0,1
"994601",1,1
"1000373",0,0
"1002724",0,0
"100379",0,0
"1003836",0,0
"1003891",0,0
"1004049",0,0
"1005056",0,0
"100755",0,0
"1008292",0,0
"100953",0,0
"101513",0,0
"1016852",0,0
"101764",0,0
"102234",0,0
"10240",0,0
"10244",0,0
"10256",0,0
"10270",0,0
"10271",0,0
"1027232",0,0
"1027244",0,0
"1027245",0,0
"1027247",0,0
"1027248",0,0
"1027468",0,0
"1027627",0,0
"1027869",0,0
"1027880",0,0
"1027947",0,0
"10282",0,0
"1028409",0,0
"1028414",0,0
"1028420",0,0
"10291",0,0
"1030595",0,0
"1031708",0,0
"1032457",0,0
"1032478",0,0
"1034067",0,0
"1034100",0,0
"1034101",0,0
"1034107",0,0
"1034109",0,0
"1034113",0,0
"1034133",0,0
"1034135",0,0
"1034137",0,0
"1034140",0,0
"1034145",0,0
"1034377",0,0
"1034806",0,0
"10365",0,0
"1036613",0,0
"1036614",0,0
"103782",0,0
"10379",0,0
"103807",0,0
"1038082",0,0
"10406",0,0
"104097",0,0
"1041806",0,0
"1041883",0,0
"1042122",0,0
"1042123",0,0
"104263",0,0
"1043184",0,0
"104389",0,0
"104392",0,0
"104393",0,0
"10442",0,0
"104580",0,0
"104581",0,0
"104637",0,0
"1046571",0,0
"1046572",0,0
"1046573",0,0
"1046574",0,0
"104664",0,0
"10474",0,0
"10475",0,0
"1048434",0,0
"10494",0,0
"10508",0,0
"1050903",0,0
"1051140",0,0
"1051631",0,0
"1051792",0,0
"1054649",0,0
"1054968",0,0
"10552",0,0
"10561",0,0
"10564",0,0
"10565",0,0
"10566",0,0
"1056833",0,0
"10570",0,0
"10571",0,0
"10623",0,0
"10639",0,0
"10660",0,0
"10661",0,0
"10664",0,0
"10679",0,0
"10689",0,0
"1069378",0,0
"106966",0,0
"10707",0,0
"10708",0,0
"1070990",0,0
"1071502",0,0
"1072176",0,0
"1072517",0,0
"10726",0,0
"1072672",0,0
"1073767",0,0
"1074044",0,0
"10742",0,0
"1074213",0,0
"1074214",0,0
"1074325",0,0
"1074863",0,0
"1074864",0,0
"1074865",0,0
"10752",0,0
"10756",0,0
"10761",0,0
"1076136",0,0
"1076345",0,0
"1077832",0,0
"1077859",0,0
"10780",0,0
"10803",0,0
"1080349",0,0
"1080798",0,0
"1080799",0,0
"10811",0,0
"10812",0,0
"10815",0,0
"10817",0,0
"1081702",0,0
"10820",0,0
"10821",0,0
"10825",0,0
"10827",0,0
"10831",0,0
"10832",0,0
"10834",0,0
"10835",0,0
"10836",0,0
"10837",0,0
"10839",0,0
"10840",0,0
"10841",0,0
"10848",0,0
"10855",0,0
"10860",0,0
"10869",0,0
"1087068",0,0
"1087070",0,0
"10882",0,0
"1088890",0,0
"1089110",0,0
"1089116",0,0
"1089118",0,0
"1089119",0,0
"1089120",0,0
"1089128",0,0
"1089129",0,0
"1089138",0,0
"1089387",0,0
"1090133",0,0
"1091052",0,0
"1092564",0,0
"1093100",0,0
"1093773",0,0
"1093901",0,0
"1093928",0,0
"1093958",0,0
"109663",0,0
"1096935",0,0
"10979",0,0
"10986",0,0
"10987",0,0
"1099",0,0
"10990",0,0
"10991",0,0
"10993",0,0
"11006",0,0
"11008",0,0
"11019",0,0
"11020",0,0
"11021",0,0
"11023",0,0
"11024",0,0
"11029",0,0
"11033",0,0
"11034",0,0
"11036",0,0
"11039",0,0
"110456",0,0
"1105171",0,0
"1105378",0,0
"1105379",0,0
"1105380",0,0
"1105381",0,0
"1105385",0,0
"1105386",0,0
"1108070",0,0
"1108810",0,0
"11095",0,0
"1110702",0,0
"11118",0,0
"1112769",0,0
"1112770",0,0
"111470",0,0
"1114867",0,0
"1114980",0,0
"11155",0,0
"1115692",0,0
"1115696",0,0
"112023",0,0
"112227",0,0
"112228",0,0
"112229",0,0
"1123754",0,0
"1123964",0,0
"112436",0,0
"112437",0,0
"1124654",0,0
"1125677",0,0
"1125764",0,0
"1127516",0,0
"1127518",0,0
"1127767",0,0
"1128073",0,0
"1128108",0,0
"1128118",0,0
"1128119",0,0
"1129033",0,0
"1129035",0,0
"1129145",0,0
"1129146",0,0
"11292",0,0
"1130981",0,0
"1131",0,0
"1131702",0,0
"11318",0,0
"11320",0,0
"1133557",0,0
"1133653",0,0
"113553",0,0
"1136061",0,0
"1137931",0,0
"1141134",0,0
"1141221",0,0
"1141625",0,0
"114424",0,0
"1146872",0,0
"1146874",0,0
"1146876",0,0
"1147044",0,0
"1147144",0,0
"1147151",0,0
"1148",0,0
"114892",0,0
"114921",0,0
"114922",0,0
"114923",0,0
"1150353",0,0
"11520",0,0
"115232",0,0
"11569",0,0
"1157337",0,0
"1157338",0,0
"1157339",0,0
"11584",0,0
"1159195",0,0
"1159901",0,0
"1159902",0,0
"1159903",0,0
"1159904",0,0
"1159906",0,0
"1159907",0,0
"1159908",0,0
"116056",0,0
"1160968",0,0
"1161126",0,0
"1161132",0,0
"11617",0,0
"1161906",0,0
"1162280",0,0
"1163537",0,0
"11636",0,0
"11642",0,0
"1165135",0,0
"11657",0,0
"1165907",0,0
"11663",0,0
"11665",0,0
"11676",0,0
"1167690",0,0
"1168547",0,0
"1168548",0,0
"1168549",0,0
"1168594",0,0
"1170422",0,0
"1170424",0,0
"1170425",0,0
"1170656",0,0
"11709",0,0
"117198",0,0
"1172193",0,0
"11723",0,0
"1172985",0,0
"1173709",0,0
"1173757",0,0
"11746",0,0
"1175505",0,0
"11757",0,0
"1175848",0,0
"1175849",0,0
"1175850",0,0
"1175851",0,0
"1175853",0,0
"1175854",0,0
"1175855",0,0
"1176145",0,0
"1176146",0,0
"1176147",0,0
"1176148",0,0
"1176149",0,0
"1176150",0,0
"1176153",0,0
"1176422",0,0
"1176484",0,0
"11768",0,0
"1177630",0,0
"1177632",0,0
"1177751",0,0
"1177753",0,0
"1177757",0,0
"1177758",0,0
"1177762",0,0
"1177763",0,0
"1177764",0,0
"1177766",0,0
"1177767",0,0
"11780",0,0
"11788",0,0
"1179155",0,0
"1179812",0,0
"1179813",0,0
"118027",0,0
"11807",0,0
"11808",0,0
"11809",0,0
"118140",0,0
"11819",0,0
"1182518",0,0
"11840",0,0
"1185359",0,0
"11855",0,0
"11856",0,0
"11864",0,0
"11866",0,0
"11867",0,0
"11878",0,0
"1187894",0,0
"1187973",0,0
"11884",0,0
"11885",0,0
"11886",0,0
"1188792",0,0
"1188793",0,0
"1188794",0,0
"11901",0,0
"1194642",0,0
"1195163",0,0
"1195166",0,0
"1195378",0,0
"11958",0,0
"1196236",0,0
"11970",0,0
"11974",0,0
"11976",0,0
"1197730",0,0
"1197731",0,0
"1197732",0,0
"1197733",0,0
"11978",0,0
"1197952",0,0
"1198137",0,0
"1198144",0,0
"1198147",0,0
"1198219",0,0
"1198450",0,0
"119910",0,0
"120168",0,0
"1202142",0,0
"1202713",0,0
"12036",0,0
"12042",0,0
"12045",0,0
"1204543",0,0
"1204684",0,0
"12058",0,0
"1206110",0,0
"12064",0,0
"1206566",0,0
"1208583",0,0
"12092",0,0
"12109",0,0
"12110",0,0
"1211388",0,0
"1211481",0,0
"1213187",0,0
"1213406",0,0
"12141",0,0
"1214459",0,0
"12161",0,0
"12162",0,0
"12163",0,0
"12165",0,0
"12169",0,0
"12171",0,0
"12172",0,0
"12173",0,0
"12175",0,0
"12177",0,0
"12178",0,0
"12179",0,0
"12180",0,0
"12181",0,0
"12182",0,0
"12183",0,0
"1218506",0,0
"1218507",0,0
"12187",0,0
"1218727",0,0
"12188",0,0
"12194",0,0
"12195",0,0
"12196",0,0
"12197",0,0
"12198",0,0
"12199",0,0
"1220025",0,0
"12201",0,0
"12203",0,0
"12205",0,0
"12208",0,0
"12209",0,0
"12210",0,0
"12211",0,0
"1221206",0,0
"1221437",0,0
"12215",0,0
"12216",0,0
"12222",0,0
"12224",0,0
"12227",0,0
"12228",0,0
"12229",0,0
"122291",0,0
"12230",0,0
"12232",0,0
"1223260",0,0
"12238",0,0
"12239",0,0
"12240",0,0
"12241",0,0
"1224144",0,0
"1224145",0,0
"12242",0,0
"1224510",0,0
"1224515",0,0
"1225069",0,0
"12253",0,0
"1225789",0,0
"1225794",0,0
"12266",0,0
"12270",0,0
"1227354",0,0
"1227356",0,0
"1227357",0,0
"12285",0,0
"12286",0,0
"12288",0,0
"1229186",0,0
"1229324",0,0
"12294",0,0
"12295",0,0
"12301",0,0
"12302",0,0
"12303",0,0
"12305",0,0
"12313",0,0
"12315",0,0
"12319",0,0
"12321",0,0
"1232493",0,0
"1232640",0,0
"12327",0,0
"12328",0,0
"1233177",0,0
"1233383",0,0
"1233488",0,0
"1233675",0,0
"1234171",0,0
"12345",0,0
"12348",0,0
"1234872",0,0
"1234888",0,0
"1235662",0,0
"1236047",0,0
"1236391",0,0
"1236392",0,0
"1236395",0,0
"1236400",0,0
"1236405",0,0
"1236409",0,0
"1239439",0,0
"1239452",0,0
"1239565",0,0
"1239566",0,0
"1239568",0,0
"1239569",0,0
"1239571",0,0
"1239573",0,0
"1239574",0,0
"1239575",0,0
"1239578",0,0
"1239582",0,0
"1239583",0,0
"12402",0,0
"12407",0,0
"1241370",0,0
"1241918",0,0
"1241957",0,0
"12430",0,0
"12431",0,0
"12432",0,0
"12433",0,0
"1244203",0,0
"1244563",0,0
"1244565",0,0
"12450",0,0
"1245814",0,0
"1245909",0,0
"12465",0,0
"12466",0,0
"1246849",0,0
"12471",0,0
"1247114",0,0
"1247115",0,0
"1247116",0,0
"12472",0,0
"12473",0,0
"12475",0,0
"12480",0,0
"1248330",0,0
"1249467",0,0
"1249648",0,0
"1249676",0,0
"1249677",0,0
"1250303",0,0
"1250316",0,0
"12538",0,0
"12541",0,0
"1254420",0,0
"1254425",0,0
"12558",0,0
"1256869",0,0
"1262523",0,0
"12639",0,0
"12643",0,0
"1264880",0,0
"1264898",0,0
"1266451",0,0
"1266458",0,0
"1266977",0,0
"1273128",0,0
"1273739",0,0
"1273740",0,0
"1273741",0,0
"1273744",0,0
"127441",0,0
"127509",0,0
"1276181",0,0
"1276936",0,0
"1280052",0,0
"12804",0,0
"1281454",0,0
"1281455",0,0
"1282443",0,0
"1282444",0,0
"1283077",0,0
"12844",0,0
"1285598",0,0
"1286143",0,0
"128818",0,0
"12888",0,0
"12893",0,0
"12901",0,0
"12907",0,0
"129141",0,0
"129143",0,0
"129395",0,0
"1295080",0,0
"1296573",0,0
"1297645",0,0
"1297661",0,0
"1297894",0,0
"1298531",0,0
"1298633",0,0
"129875",0,0
"129876",0,0
"129953",0,0
"129955",0,0
"129956",0,0
"1300113",0,0
"1301220",0,0
"1302179",0,0
"1302848",0,0
"1302849",0,0
"1302850",0,0
"130327",0,0
"130328",0,0
"130478",0,0
"130499",0,0
"1305708",0,0
"1306518",0,0
"1307958",0,0
"1310424",0,0
"131083",0,0
"131226",0,0
"1312445",0,0
"1312873",0,0
"1312874",0,0
"1312929",0,0
"1317107",0,0
"1319",0,0
"1323525",0,0
"1323528",0,0
"1324128",0,0
"132477",0,0
"1324959",0,0
"1325446",0,0
"1327037",0,0
"1327764",0,0
"1327771",0,0
"1327774",0,0
"1327937",0,0
"1327939",0,0
"1327947",0,0
"1327952",0,0
"1327968",0,0
"1327969",0,0
"1327987",0,0
"1327993",0,0
"1329380",0,0
"1329649",0,0
"1329650",0,0
"1329781",0,0
"1329816",0,0
"1329823",0,0
"1329836",0,0
"1330066",0,0
"1330068",0,0
"1330491",0,0
"1330520",0,0
"1330521",0,0
"1331744",0,0
"1333313",0,0
"1335626",0,0
"1335638",0,0
"1335768",0,0
"1340746",0,0
"1340801",0,0
"1340820",0,0
"1340822",0,0
"1340825",0,0
"1340827",0,0
"1340833",0,0
"1340836",0,0
"1341019",0,0
"1341165",0,0
"134374",0,0
"134386",0,0
"1343920",0,0
"1345661",0,0
"1345662",0,0
"134632",0,0
"134681",0,0
"1348384",0,0
"1348394",0,0
"1352227",0,0
"135246",0,0
"1353241",0,0
"1353795",0,0
"1354512",0,0
"1354514",0,0
"1357707",0,0
"1357710",0,0
"136084",0,0
"136234",0,0
"1366055",0,0
"1367126",0,0
"1367435",0,0
"1371",0,0
"137475",0,0
"137758",0,0
"1379692",0,0
"1379695",0,0
"1379707",0,0
"1379710",0,0
"1379711",0,0
"1379712",0,0
"1379713",0,0
"1379714",0,0
"1379718",0,0
"1379719",0,0
"1379720",0,0
"1379721",0,0
"1379725",0,0
"1379788",0,0
"138073",0,0
"1380894",0,0
"1381007",0,0
"1381464",0,0
"1384490",0,0
"1385385",0,0
"1385658",0,0
"1386090",0,0
"1387160",0,0
"1387301",0,0
"1389204",0,0
"138948",0,0
"138949",0,0
"138950",0,0
"138951",0,0
"138982",0,0
"1391180",0,0
"1391181",0,0
"1391190",0,0
"1391431",0,0
"1391455",0,0
"1391702",0,0
"1391746",0,0
"1392388",0,0
"1396815",0,0
"139871",0,0
"1398939",0,0
"1399967",0,0
"140052",0,0
"1400526",0,0
"1403390",0,0
"140410",0,0
"1406134",0,0
"1406782",0,0
"1406788",0,0
"1406816",0,0
"1407638",0,0
"1408133",0,0
"1408137",0,0
"1408894",0,0
"1408895",0,0
"1410062",0,0
"1410467",0,0
"1411681",0,0
"1414644",0,0
"1415665",0,0
"1416026",0,0
"1416334",0,0
"1417304",0,0
"141860",0,0
"1419711",0,0
"1420600",0,0
"1425362",0,0
"1425365",0,0
"142577",0,0
"1427159",0,0
"1427476",0,0
"1427523",0,0
"1428189",0,0
"1428190",0,0
"142843",0,0
"1428763",0,0
"1429904",0,0
"1430411",0,0
"1431460",0,0
"1432563",0,0
"1432856",0,0
"1432857",0,0
"1435008",0,0
"1435450",0,0
"1435485",0,0
"1436892",0,0
"1437443",0,0
"1437839",0,0
"143919",0,0
"1440170",0,0
"1441796",0,0
"1441800",0,0
"1445557",0,0
"1445858",0,0
"1446792",0,0
"1448274",0,0
"1448276",0,0
"1449437",0,0
"1449896",0,0
"1449897",0,0
"1454023",0,0
"1454024",0,0
"1454025",0,0
"1454026",0,0
"1454027",0,0
"1454028",0,0
"1454029",0,0
"1454030",0,0
"1454066",0,0
"1454552",0,0
"1455653",0,0
"1456752",0,0
"1457165",0,0
"1457322",0,0
"1458186",0,0
"1458187",0,0
"1458716",0,0
"1458724",0,0
"1458852",0,0
"1458862",0,0
"1458863",0,0
"1459003",0,0
"1459800",0,0
"146",0,0
"1460070",0,0
"1460363",0,0
"1460374",0,0
"1461792",0,0
"1462681",0,0
"1462682",0,0
"1464127",0,0
"1464778",0,0
"1464786",0,0
"146499",0,0
"146500",0,0
"1468169",0,0
"1468172",0,0
"1468597",0,0
"146897",0,0
"1469905",0,0
"1469906",0,0
"1469908",0,0
"1469956",0,0
"1472425",0,0
"1475062",0,0
"1476485",0,0
"1476487",0,0
"147711",0,0
"147712",0,0
"1481186",0,0
"1481452",0,0
"1481465",0,0
"1483485",0,0
"1483681",0,0
"1485012",0,0
"1485186",0,0
"1485922",0,0
"1486425",0,0
"1486428",0,0
"1488557",0,0
"148879",0,0
"148880",0,0
"1489714",0,0
"1490052",0,0
"1492296",0,0
"1493829",0,0
"1493858",0,0
"1495316",0,0
"1497019",0,0
"1498504",0,0
"1500510",0,0
"1500757",0,0
"1500865",0,0
"1501716",0,0
"1502101",0,0
"150284",0,0
"150285",0,0
"1504569",0,0
"1504733",0,0
"1504801",0,0
"1506574",0,0
"1508224",0,0
"1508228",0,0
"1508710",0,0
"1508712",0,0
"151043",0,0
"1511772",0,0
"1511776",0,0
"1511779",0,0
"1511781",0,0
"1511783",0,0
"1511803",0,0
"1511805",0,0
"1511809",0,0
"1511847",0,0
"1511853",0,0
"1511891",0,0
"1511895",0,0
"1513202",0,0
"1513248",0,0
"1513251",0,0
"1513252",0,0
"1513253",0,0
"1513254",0,0
"1513255",0,0
"1513257",0,0
"1513258",0,0
"1513259",0,0
"1513260",0,0
"1513262",0,0
"1513263",0,0
"1513264",0,0
"1513265",0,0
"1513268",0,0
"1513272",0,0
"1513273",0,0
"1513275",0,0
"1513276",0,0
"151341",0,0
"1513516",0,0
"1513519",0,0
"1513520",0,0
"1513521",0,0
"1513527",0,0
"1513528",0,0
"1513530",0,0
"1513531",0,0
"1514665",0,0
"1514896",0,0
"151536",0,0
"1517681",0,0
"1518574",0,0
"1519097",0,0
"1519385",0,0
"1519387",0,0
"1519388",0,0
"1519389",0,0
"1519391",0,0
"1521255",0,0
"1521386",0,0
"1521387",0,0
"1521388",0,0
"1521390",0,0
"1521392",0,0
"1522059",0,0
"152217",0,0
"1523858",0,0
"1524461",0,0
"1524881",0,0
"1525173",0,0
"1527463",0,0
"1527515",0,0
"1527523",0,0
"1527770",0,0
"1530251",0,0
"153057",0,0
"1532031",0,0
"1532528",0,0
"1534544",0,0
"1534547",0,0
"1536592",0,0
"1536596",0,0
"1538101",0,0
"1538804",0,0
"1540096",0,0
"1540099",0,0
"154048",0,0
"1540823",0,0
"1541211",0,0
"154122",0,0
"1541823",0,0
"1541824",0,0
"1541887",0,0
"1542103",0,0
"1542744",0,0
"1542745",0,0
"154339",0,0
"1544364",0,0
"1546178",0,0
"1547219",0,0
"1547495",0,0
"1547577",0,0
"1547580",0,0
"1548713",0,0
"1548720",0,0
"1548721",0,0
"1548722",0,0
"1549128",0,0
"1551710",0,0
"1551711",0,0
"1552409",0,0
"1552662",0,0
"155414",0,0
"1555208",0,0
"1555235",0,0
"1557",0,0
"1557033",0,0
"1557034",0,0
"1557035",0,0
"155862",0,0
"1559",0,0
"1560351",0,0
"1560514",0,0
"1561171",0,0
"1561172",0,0
"1561705",0,0
"1562065",0,0
"1562066",0,0
"1564182",0,0
"1564903",0,0
"1565088",0,0
"1566298",0,0
"1566868",0,0
"1566869",0,0
"156690",0,0
"1566990",0,0
"1566995",0,0
"1567011",0,0
"1567013",0,0
"1567404",0,0
"1567453",0,0
"1567468",0,0
"1567487",0,0
"1568973",0,0
"1568974",0,0
"1569052",0,0
"1569053",0,0
"1569057",0,0
"157018",0,0
"1570330",0,0
"1572745",0,0
"1573459",0,0
"1574287",0,0
"1574422",0,0
"1576597",0,0
"157777",0,0
"1577776",0,0
"1577788",0,0
"1577997",0,0
"1578134",0,0
"157837",0,0
"157897",0,0
"1580591",0,0
"1580605",0,0
"1580606",0,0
"1580607",0,0
"1581151",0,0
"1582094",0,0
"158463",0,0
"1585246",0,0
"1585924",0,0
"1587517",0,0
"1587907",0,0
"1588048",0,0
"1588049",0,0
"1590154",0,0
"1590155",0,0
"1591",0,0
"159132",0,0
"1591444",0,0
"1592081",0,0
"1592083",0,0
"1592084",0,0
"1592085",0,0
"1592087",0,0
"1592088",0,0
"1592089",0,0
"1592090",0,0
"1592092",0,0
"1592094",0,0
"1592095",0,0
"1592096",0,0
"1592098",0,0
"1592099",0,0
"1592100",0,0
"1592101",0,0
"1592102",0,0
"1592103",0,0
"1592104",0,0
"1592109",0,0
"1592110",0,0
"1592113",0,0
"1592116",0,0
"1592117",0,0
"1592118",0,0
"1592119",0,0
"1592120",0,0
"1592123",0,0
"1592124",0,0
"1592127",0,0
"1592128",0,0
"1592129",0,0
"1592207",0,0
"1592211",0,0
"1592212",0,0
"1592828",0,0
"1592930",0,0
"1593424",0,0
"160057",0,0
"1602124",0,0
"160358",0,0
"160484",0,0
"1604871",0,0
"1605379",0,0
"1606497",0,0
"1606498",0,0
"1606499",0,0
"1606501",0,0
"1606502",0,0
"1606504",0,0
"1608048",0,0
"1608049",0,0
"1608064",0,0
"1608072",0,0
"1608085",0,0
"1608087",0,0
"1608089",0,0
"1608090",0,0
"1608100",0,0
"1608112",0,0
"1608134",0,0
"160842",0,0
"160844",0,0
"1608440",0,0
"1609634",0,0
"1610509",0,0
"1610872",0,0
"1611836",0,0
"1611875",0,0
"1612611",0,0
"1615583",0,0
"161675",0,0
"1618232",0,0
"1618233",0,0
"1618234",0,0
"1618235",0,0
"1618236",0,0
"1618237",0,0
"1618238",0,0
"1618239",0,0
"1618244",0,0
"1618245",0,0
"1618247",0,0
"1618248",0,0
"1618249",0,0
"1618250",0,0
"1618252",0,0
"1618255",0,0
"1618256",0,0
"1618257",0,0
"1618259",0,0
"1618260",0,0
"162171",0,0
"1622024",0,0
"1623276",0,0
"1623286",0,0
"1623287",0,0
"1623299",0,0
"1623300",0,0
"1623302",0,0
"1623303",0,0
"1623309",0,0
"1623686",0,0
"1628753",0,0
"1629132",0,0
"1629656",0,0
"1629671",0,0
"1630300",0,0
"1631303",0,0
"163164",0,0
"1633785",0,0
"1634381",0,0
"1634476",0,0
"1636200",0,0
"1637492",0,0
"1637496",0,0
"1637747",0,0
"1638164",0,0
"1638165",0,0
"1639814",0,0
"1640277",0,0
"1640969",0,0
"1642588",0,0
"1647414",0,0
"1647458",0,0
"1647805",0,0
"1647924",0,0
"1648481",0,0
"1648482",0,0
"1648483",0,0
"1648484",0,0
"1649459",0,0
"1650654",0,0
"165215",0,0
"1653395",0,0
"1653398",0,0
"1654339",0,0
"1654355",0,0
"1654356",0,0
"1654357",0,0
"1654603",0,0
"1654780",0,0
"1654782",0,0
"1655644",0,0
"1655645",0,0
"1655646",0,0
"1655647",0,0
"1655648",0,0
"1655649",0,0
"1655650",0,0
"1655651",0,0
"1655652",0,0
"1655653",0,0
"1655654",0,0
"1655656",0,0
"1655657",0,0
"1655658",0,0
"1655659",0,0
"1655660",0,0
"1655661",0,0
"165826",0,0
"1659771",0,0
"1661257",0,0
"1661392",0,0
"1661396",0,0
"1662272",0,0
"1662286",0,0
"1667230",0,0
"1667322",0,0
"1670669",0,0
"1670975",0,0
"167129",0,0
"167132",0,0
"1671382",0,0
"1673640",0,0
"1673646",0,0
"1675317",0,0
"1675548",0,0
"1675864",0,0
"1676181",0,0
"1676182",0,0
"1676183",0,0
"1676185",0,0
"1676267",0,0
"1678144",0,0
"1678147",0,0
"1678160",0,0
"1678161",0,0
"1678162",0,0
"1678163",0,0
"1678164",0,0
"1678165",0,0
"1678166",0,0
"1678167",0,0
"1678168",0,0
"1678170",0,0
"1678171",0,0
"1678175",0,0
"1678176",0,0
"1678177",0,0
"1678178",0,0
"1678179",0,0
"1678180",0,0
"1678208",0,0
"1678905",0,0
"1678906",0,0
"1679172",0,0
"1679239",0,0
"1679530",0,0
"167955",0,0
"1680158",0,0
"168135",0,0
"1682186",0,0
"1682187",0,0
"1685109",0,0
"1685724",0,0
"1685727",0,0
"1685730",0,0
"1685732",0,0
"1685733",0,0
"1685734",0,0
"1685735",0,0
"1685740",0,0
"1685741",0,0
"1685744",0,0
"1685745",0,0
"1685747",0,0
"1685748",0,0
"1685749",0,0
"1685750",0,0
"1685753",0,0
"1685754",0,0
"1685755",0,0
"1685756",0,0
"1685757",0,0
"1685758",0,0
"1685759",0,0
"1685760",0,0
"1685761",0,0
"1685763",0,0
"1685764",0,0
"1685765",0,0
"1685766",0,0
"1685767",0,0
"1685768",0,0
"1685769",0,0
"1685770",0,0
"1685771",0,0
"1685772",0,0
"1685775",0,0
"1685776",0,0
"1685777",0,0
"1685779",0,0
"1685780",0,0
"1685781",0,0
"1685783",0,0
"1685784",0,0
"1685785",0,0
"1685786",0,0
"1688637",0,0
"1690666",0,0
"1690805",0,0
"1691889",0,0
"1692045",0,0
"1692243",0,0
"1692244",0,0
"1692246",0,0
"1692247",0,0
"1692248",0,0
"1692252",0,0
"1692253",0,0
"1692254",0,0
"1692255",0,0
"1692257",0,0
"1692258",0,0
"1692259",0,0
"1692260",0,0
"1692261",0,0
"1692262",0,0
"1692263",0,0
"169683",0,0
"1698420",0,0
"1698709",0,0
"1698713",0,0
"1698714",0,0
"170",0,0
"1701404",0,0
"1701405",0,0
"1701549",0,0
"1701814",0,0
"1701824",0,0
"1701826",0,0
"1701828",0,0
"1701837",0,0
"1701850",0,0
"1702121",0,0
"1703961",0,0
"1703962",0,0
"1703964",0,0
"1703965",0,0
"1703967",0,0
"1703968",0,0
"1705092",0,0
"1705393",0,0
"1708574",0,0
"1708654",0,0
"170965",0,0
"1712387",0,0
"1714362",0,0
"1714364",0,0
"1714366",0,0
"1714367",0,0
"1714368",0,0
"1714370",0,0
"1714570",0,0
"1714619",0,0
"1716041",0,0
"1716042",0,0
"1718158",0,0
"1718171",0,0
"1718278",0,0
"1720493",0,0
"1720498",0,0
"1721090",0,0
"172278",0,0
"172391",0,0
"172394",0,0
"172667",0,0
"1728964",0,0
"1729670",0,0
"1732064",0,0
"1732176",0,0
"1732177",0,0
"1732179",0,0
"1732180",0,0
"173443",0,0
"1735586",0,0
"1737424",0,0
"1737555",0,0
"1738045",0,0
"1740646",0,0
"174142",0,0
"1742594",0,0
"1742595",0,0
"1742596",0,0
"1746057",0,0
"1746058",0,0
"1746064",0,0
"1746065",0,0
"1746066",0,0
"1746068",0,0
"1746069",0,0
"1746070",0,0
"1746071",0,0
"1746072",0,0
"1746073",0,0
"1746074",0,0
"1747271",0,0
"1747287",0,0
"1747326",0,0
"1747500",0,0
"1755198",0,0
"1755588",0,0
"1755590",0,0
"1755689",0,0
"1755781",0,0
"1756157",0,0
"1756615",0,0
"1756832",0,0
"1758139",0,0
"1758881",0,0
"175950",0,0
"1761477",0,0
"1761891",0,0
"1765754",0,0
"176652",0,0
"1766557",0,0
"1766559",0,0
"1766828",0,0
"1768064",0,0
"1769780",0,0
"1770265",0,0
"1770613",0,0
"1770618",0,0
"1772258",0,0
"1774200",0,0
"1774276",0,0
"1775248",0,0
"1775963",0,0
"1776109",0,0
"1776177",0,0
"1777015",0,0
"1777016",0,0
"1777052",0,0
"1777053",0,0
"1777064",0,0
"1777072",0,0
"1778559",0,0
"1778570",0,0
"1778573",0,0
"1779339",0,0
"1781241",0,0
"1784982",0,0
"178599",0,0
"1788438",0,0
"1788439",0,0
"1788440",0,0
"1788441",0,0
"1788442",0,0
"1788443",0,0
"1788444",0,0
"1788445",0,0
"1788449",0,0
"1788450",0,0
"1788451",0,0
"1788454",0,0
"1788455",0,0
"1795648",0,0
"1798085",0,0
"179986",0,0
"1803956",0,0
"1803957",0,0
"180399",0,0
"1804155",0,0
"1804157",0,0
"180526",0,0
"1805494",0,0
"180587",0,0
"1805950",0,0
"1805952",0,0
"1806636",0,0
"180822",0,0
"1808960",0,0
"180903",0,0
"1809243",0,0
"1809767",0,0
"1811230",0,0
"1812179",0,0
"1812308",0,0
"1813599",0,0
"1813613",0,0
"1813771",0,0
"1814283",0,0
"1815581",0,0
"1816232",0,0
"1816235",0,0
"181667",0,0
"1819306",0,0
"1820160",0,0
"1821222",0,0
"1821227",0,0
"1821749",0,0
"1821750",0,0
"1821751",0,0
"1822365",0,0
"1825688",0,0
"1825924",0,0
"1825950",0,0
"1825976",0,0
"1830242",0,0
"1833938",0,0
"183405",0,0
"183407",0,0
"1836608",0,0
"1837089",0,0
"1837217",0,0
"183754",0,0
"1837862",0,0
"1838077",0,0
"1840257",0,0
"1840301",0,0
"1840315",0,0
"1840323",0,0
"1840528",0,0
"1843763",0,0
"1843764",0,0
"1843765",0,0
"1843766",0,0
"1843767",0,0
"1843769",0,0
"1843770",0,0
"1843771",0,0
"1843772",0,0
"1848040",0,0
"1848042",0,0
"1848169",0,0
"1849328",0,0
"1849533",0,0
"1849535",0,0
"1849539",0,0
"1849542",0,0
"1849544",0,0
"1849545",0,0
"1850255",0,0
"185218",0,0
"1852629",0,0
"1853762",0,0
"1853865",0,0
"1856030",0,0
"1856031",0,0
"1856120",0,0
"1856406",0,0
"1856642",0,0
"1856767",0,0
"1857323",0,0
"185782",0,0
"185793",0,0
"1859161",0,0
"185954",0,0
"185955",0,0
"186165",0,0
"186187",0,0
"1862127",0,0
"1862824",0,0
"1862961",0,0
"1862962",0,0
"1862978",0,0
"1864623",0,0
"186533",0,0
"186534",0,0
"186637",0,0
"186642",0,0
"186772",0,0
"186786",0,0
"186821",0,0
"1868215",0,0
"1868472",0,0
"1868621",0,0
"1868658",0,0
"1868659",0,0
"1868829",0,0
"186938",0,0
"1870981",0,0
"1871153",0,0
"1871624",0,0
"1871631",0,0
"1871681",0,0
"1871687",0,0
"1871690",0,0
"1872708",0,0
"1873696",0,0
"1873778",0,0
"1873887",0,0
"1873891",0,0
"1874267",0,0
"1874539",0,0
"1874540",0,0
"1876758",0,0
"187764",0,0
"187850",0,0
"187978",0,0
"1881013",0,0
"1881104",0,0
"188141",0,0
"188143",0,0
"1881950",0,0
"1882382",0,0
"1883200",0,0
"1883202",0,0
"188333",0,0
"1883371",0,0
"1883377",0,0
"188350",0,0
"1884450",0,0
"1884453",0,0
"1884460",0,0
"1884461",0,0
"1884818",0,0
"1884873",0,0
"1884874",0,0
"1884875",0,0
"1884878",0,0
"1884991",0,0
"1885565",0,0
"1887218",0,0
"1887644",0,0
"1887645",0,0
"1888308",0,0
"1888309",0,0
"1888311",0,0
"1888317",0,0
"1888318",0,0
"1890365",0,0
"1891097",0,0
"1891098",0,0
"1891704",0,0
"1891713",0,0
"1891718",0,0
"1891719",0,0
"1891720",0,0
"1891725",0,0
"1891726",0,0
"1891727",0,0
"1891729",0,0
"1891731",0,0
"1891732",0,0
"1891733",0,0
"1891734",0,0
"1891735",0,0
"1891736",0,0
"1891737",0,0
"1891738",0,0
"1891739",0,0
"1891740",0,0
"1891741",0,0
"1891742",0,0
"1891743",0,0
"1891745",0,0
"1891746",0,0
"1891747",0,0
"1891748",0,0
"1891749",0,0
"1891750",0,0
"1891751",0,0
"1891752",0,0
"1891754",0,0
"1891755",0,0
"1891756",0,0
"1891757",0,0
"1891758",0,0
"1891759",0,0
"1891761",0,0
"1891762",0,0
"1891763",0,0
"1891764",0,0
"1891765",0,0
"1891766",0,0
"1891768",0,0
"1891769",0,0
"1891770",0,0
"1891772",0,0
"1891773",0,0
"1891774",0,0
"1892895",0,0
"1892896",0,0
"1895333",0,0
"1896336",0,0
"1897087",0,0
"1897529",0,0
"1897555",0,0
"1897731",0,0
"1897732",0,0
"1898175",0,0
"1899566",0,0
"1902501",0,0
"1904410",0,0
"1904439",0,0
"190478",0,0
"1904876",0,0
"1904881",0,0
"1904882",0,0
"1904884",0,0
"1905556",0,0
"1906170",0,0
"1906173",0,0
"1906179",0,0
"1906245",0,0
"1906317",0,0
"1906668",0,0
"1906673",0,0
"190729",0,0
"1907771",0,0
"1907787",0,0
"1908804",0,0
"1908806",0,0
"1908811",0,0
"191032",0,0
"1910928",0,0
"1911006",0,0
"1911007",0,0
"1911008",0,0
"1911009",0,0
"1911010",0,0
"1911102",0,0
"1911104",0,0
"1911434",0,0
"1911435",0,0
"1911438",0,0
"1911439",0,0
"1911555",0,0
"1911606",0,0
"1912234",0,0
"1912492",0,0
"1912590",0,0
"1912760",0,0
"191289",0,0
"1913024",0,0
"1913081",0,0
"1913124",0,0
"1913125",0,0
"1913642",0,0
"1913643",0,0
"1913656",0,0
"1913657",0,0
"1913683",0,0
"1913684",0,0
"1913685",0,0
"1913995",0,0
"1914155",0,0
"1914160",0,0
"1914161",0,0
"1914162",0,0
"1914192",0,0
"1914193",0,0
"1914194",0,0
"1914201",0,0
"1914202",0,0
"1914203",0,0
"1914205",0,0
"1914206",0,0
"1914207",0,0
"1914208",0,0
"1914209",0,0
"191436",0,0
"1914410",0,0
"1914442",0,0
"1914574",0,0
"1914575",0,0
"1914576",0,0
"191460",0,0
"191463",0,0
"1914788",0,0
"1914853",0,0
"1914854",0,0
"1914855",0,0
"1914893",0,0
"1914894",0,0
"1914898",0,0
"1914900",0,0
"1915202",0,0
"1915203",0,0
"1915205",0,0
"1915206",0,0
"1915207",0,0
"1915208",0,0
"1915209",0,0
"1916111",0,0
"1916647",0,0
"1917080",0,0
"1918014",0,0
"1918192",0,0
"1918194",0,0
"1918524",0,0
"1918525",0,0
"1918726",0,0
"1918729",0,0
"1918731",0,0
"1919083",0,0
"1919247",0,0
"192022",0,0
"192026",0,0
"1920493",0,0
"1920698",0,0
"1920751",0,0
"1920754",0,0
"1920755",0,0
"1920756",0,0
"1920758",0,0
"1920759",0,0
"1920760",0,0
"1920761",0,0
"1920764",0,0
"1920765",0,0
"1920772",0,0
"1920777",0,0
"1920778",0,0
"1920779",0,0
"1920780",0,0
"1920781",0,0
"1920861",0,0
"1920862",0,0
"1920865",0,0
"1920988",0,0
"1920989",0,0
"1920993",0,0
"1920994",0,0
"1920996",0,0
"1920998",0,0
"1920999",0,0
"1921000",0,0
"1921002",0,0
"1921004",0,0
"1921005",0,0
"1921008",0,0
"1921009",0,0
"1921117",0,0
"1921118",0,0
"1921119",0,0
"1921120",0,0
"1921121",0,0
"1921123",0,0
"1921126",0,0
"1921127",0,0
"1921128",0,0
"1921129",0,0
"1921130",0,0
"1921185",0,0
"1921189",0,0
"1921408",0,0
"1921409",0,0
"1921410",0,0
"1921411",0,0
"1921412",0,0
"1921413",0,0
"1921432",0,0
"1921528",0,0
"1921531",0,0
"1921544",0,0
"1921545",0,0
"1921546",0,0
"1921547",0,0
"1921553",0,0
"1921554",0,0
"1921556",0,0
"1921561",0,0
"1921563",0,0
"1921696",0,0
"1921698",0,0
"1921773",0,0
"1921778",0,0
"1921824",0,0
"1921825",0,0
"192203",0,0
"1922211",0,0
"1922212",0,0
"1922213",0,0
"1922242",0,0
"1922243",0,0
"1922329",0,0
"1922331",0,0
"1922332",0,0
"1922352",0,0
"1922355",0,0
"1922356",0,0
"1922357",0,0
"1922360",0,0
"1922361",0,0
"1922362",0,0
"1922365",0,0
"1922368",0,0
"1922370",0,0
"1922376",0,0
"1922377",0,0
"1922378",0,0
"1922379",0,0
"1922381",0,0
"1922385",0,0
"1922386",0,0
"1922387",0,0
"1922388",0,0
"1922392",0,0
"1922428",0,0
"1922429",0,0
"1922430",0,0
"1922431",0,0
"1922433",0,0
"1922434",0,0
"1922435",0,0
"1922436",0,0
"1922437",0,0
"1922439",0,0
"1922440",0,0
"1922441",0,0
"1922442",0,0
"1922443",0,0
"1922444",0,0
"1922445",0,0
"1922448",0,0
"1922449",0,0
"1922451",0,0
"1922455",0,0
"1922456",0,0
"1922458",0,0
"1922460",0,0
"1922461",0,0
"1922464",0,0
"1922483",0,0
"1922493",0,0
"1922496",0,0
"1922497",0,0
"1922498",0,0
"1922499",0,0
"1922504",0,0
"1922513",0,0
"1922524",0,0
"1922525",0,0
"1922527",0,0
"1922528",0,0
"1922529",0,0
"1922530",0,0
"1922531",0,0
"1922532",0,0
"1922533",0,0
"1922534",0,0
"1922535",0,0
"1922536",0,0
"1922538",0,0
"1922540",0,0
"1922542",0,0
"1922543",0,0
"1922544",0,0
"1922545",0,0
"1922547",0,0
"1922549",0,0
"1922550",0,0
"1922551",0,0
"1922552",0,0
"1922553",0,0
"1922554",0,0
"1922556",0,0
"1922557",0,0
"1922558",0,0
"1922559",0,0
"1922560",0,0
"1922561",0,0
"1922562",0,0
"1922563",0,0
"1922564",0,0
"1922566",0,0
"1922567",0,0
"1922569",0,0
"1922570",0,0
"1922571",0,0
"1922573",0,0
"1922575",0,0
"1922576",0,0
"1922578",0,0
"1922582",0,0
"1922583",0,0
"1922584",0,0
"1922585",0,0
"1922586",0,0
"1922587",0,0
"1922588",0,0
"1922589",0,0
"1922590",0,0
"1922591",0,0
"1922592",0,0
"1922594",0,0
"1922595",0,0
"1922596",0,0
"1922597",0,0
"1922598",0,0
"1922599",0,0
"1922600",0,0
"1922602",0,0
"1922603",0,0
"1922604",0,0
"1922606",0,0
"1922607",0,0
"1922608",0,0
"1922609",0,0
"1922610",0,0
"1922611",0,0
"1922612",0,0
"1922613",0,0
"1922615",0,0
"1922616",0,0
"1922617",0,0
"1922618",0,0
"1922619",0,0
"1922620",0,0
"1922622",0,0
"1922624",0,0
"1922626",0,0
"1922627",0,0
"1922628",0,0
"1922629",0,0
"1922630",0,0
"1922631",0,0
"1922632",0,0
"1922633",0,0
"1922634",0,0
"1922636",0,0
"1922637",0,0
"1922638",0,0
"1922639",0,0
"1922641",0,0
"1922644",0,0
"1922645",0,0
"1922646",0,0
"1922647",0,0
"1922648",0,0
"1922657",0,0
"1922658",0,0
"1922659",0,0
"1922660",0,0
"1922661",0,0
"1922662",0,0
"1922666",0,0
"1922667",0,0
"1922669",0,0
"1922671",0,0
"1922672",0,0
"1922673",0,0
"1922675",0,0
"1922676",0,0
"1922677",0,0
"1922680",0,0
"1922681",0,0
"1922682",0,0
"1922683",0,0
"1922684",0,0
"1922685",0,0
"1922686",0,0
"1922687",0,0
"1922688",0,0
"1922689",0,0
"1922693",0,0
"1922694",0,0
"1922695",0,0
"1922697",0,0
"1922698",0,0
"1922699",0,0
"1922701",0,0
"1922702",0,0
"1922703",0,0
"1922704",0,0
"1922705",0,0
"1922706",0,0
"1922707",0,0
"1922708",0,0
"1922709",0,0
"1922710",0,0
"1922711",0,0
"1922712",0,0
"1922713",0,0
"1922716",0,0
"1922717",0,0
"1922718",0,0
"1922720",0,0
"1922721",0,0
"1922723",0,0
"1922725",0,0
"1922726",0,0
"1922728",0,0
"1922730",0,0
"1922734",0,0
"1922736",0,0
"1922737",0,0
"1922738",0,0
"1922740",0,0
"1922741",0,0
"1922742",0,0
"1922744",0,0
"1922746",0,0
"1922748",0,0
"1922750",0,0
"1922751",0,0
"1922753",0,0
"1922754",0,0
"1922757",0,0
"1922758",0,0
"1922759",0,0
"1922760",0,0
"1922764",0,0
"1922765",0,0
"1922767",0,0
"1922768",0,0
"1922769",0,0
"1922770",0,0
"1922771",0,0
"1922772",0,0
"1922776",0,0
"1922777",0,0
"1922779",0,0
"1922782",0,0
"1922783",0,0
"1922784",0,0
"1922785",0,0
"1922787",0,0
"1922788",0,0
"1922789",0,0
"1922791",0,0
"1922793",0,0
"1922794",0,0
"1922795",0,0
"1922796",0,0
"1922797",0,0
"1922799",0,0
"1922800",0,0
"1922801",0,0
"1922803",0,0
"1922805",0,0
"1922807",0,0
"1922808",0,0
"1922809",0,0
"1922811",0,0
"1922812",0,0
"1922813",0,0
"1922814",0,0
"1922815",0,0
"1922816",0,0
"1922817",0,0
"1922818",0,0
"1922819",0,0
"1922821",0,0
"1922822",0,0
"1922823",0,0
"1922824",0,0
"1922826",0,0
"1922827",0,0
"1922832",0,0
"1922833",0,0
"1922835",0,0
"1922836",0,0
"1922837",0,0
"1922860",0,0
"1922861",0,0
"1922867",0,0
"1922868",0,0
"1922870",0,0
"1922873",0,0
"1922874",0,0
"1922875",0,0
"1922876",0,0
"1922877",0,0
"1922878",0,0
"1922879",0,0
"1922883",0,0
"1922892",0,0
"1922893",0,0
"1922894",0,0
"1922895",0,0
"1922896",0,0
"1922898",0,0
"1922899",0,0
"1922900",0,0
"1922901",0,0
"1922902",0,0
"1922922",0,0
"1922923",0,0
"1922925",0,0
"1922926",0,0
"1922927",0,0
"1922928",0,0
"1922930",0,0
"1922931",0,0
"1922932",0,0
"1922933",0,0
"1922936",0,0
"1922938",0,0
"1922941",0,0
"1922943",0,0
"1922947",0,0
"1922948",0,0
"1922949",0,0
"1922950",0,0
"1922952",0,0
"1922955",0,0
"1922956",0,0
"1922958",0,0
"1922960",0,0
"1922962",0,0
"1922972",0,0
"1922988",0,0
"1922989",0,0
"1922990",0,0
"1922993",0,0
"1922997",0,0
"1922998",0,0
"1922999",0,0
"1923000",0,0
"1923001",0,0
"1923002",0,0
"1923009",0,0
"1923017",0,0
"1923074",0,0
"1923075",0,0
"1923077",0,0
"1923078",0,0
"1923079",0,0
"1923080",0,0
"1923082",0,0
"1923083",0,0
"1923088",0,0
"1923089",0,0
"1923090",0,0
"1923091",0,0
"1923092",0,0
"1923093",0,0
"1923094",0,0
"1923095",0,0
"1923096",0,0
"1923097",0,0
"1923100",0,0
"1923101",0,0
"1923102",0,0
"1923105",0,0
"1923106",0,0
"1923107",0,0
"1923108",0,0
"1923110",0,0
"1923111",0,0
"1923112",0,0
"1923113",0,0
"1923114",0,0
"1923115",0,0
"1923116",0,0
"1923117",0,0
"1923119",0,0
"1923120",0,0
"1923121",0,0
"1923122",0,0
"1923124",0,0
"1923125",0,0
"1923126",0,0
"1923127",0,0
"1923128",0,0
"1923129",0,0
"1923130",0,0
"1923131",0,0
"1923132",0,0
"1923133",0,0
"1923134",0,0
"1923135",0,0
"1923136",0,0
"1923137",0,0
"1923138",0,0
"1923140",0,0
"1923141",0,0
"1923142",0,0
"1923143",0,0
"1923145",0,0
"1923146",0,0
"1923147",0,0
"1923148",0,0
"1923149",0,0
"1923152",0,0
"1923153",0,0
"1923154",0,0
"1923155",0,0
"1923156",0,0
"1923157",0,0
"1923158",0,0
"1923159",0,0
"1923160",0,0
"1923161",0,0
"1923162",0,0
"1923163",0,0
"1923164",0,0
"1923165",0,0
"1923168",0,0
"1923169",0,0
"1923170",0,0
"1923185",0,0
"1923186",0,0
"1923194",0,0
"1923196",0,0
"1923197",0,0
"1923199",0,0
"1923200",0,0
"1923201",0,0
"1923204",0,0
"1923205",0,0
"1923206",0,0
"1923208",0,0
"1923209",0,0
"1923210",0,0
"1923211",0,0
"1923213",0,0
"1923214",0,0
"1923215",0,0
"1923216",0,0
"1923217",0,0
"1923218",0,0
"1923220",0,0
"1923221",0,0
"1923222",0,0
"1923225",0,0
"1923228",0,0
"1923229",0,0
"1923230",0,0
"1923233",0,0
"1923234",0,0
"1923235",0,0
"1923236",0,0
"1923237",0,0
"1923239",0,0
"1923240",0,0
"1923243",0,0
"1923244",0,0
"1923245",0,0
"1923246",0,0
"1923247",0,0
"1923248",0,0
"1923249",0,0
"1923250",0,0
"1923252",0,0
"1923253",0,0
"1923254",0,0
"1923255",0,0
"1923256",0,0
"1923257",0,0
"1923258",0,0
"1923259",0,0
"1923260",0,0
"1923262",0,0
"1923263",0,0
"1923264",0,0
"1923265",0,0
"1923266",0,0
"1923267",0,0
"1923268",0,0
"1923269",0,0
"1923270",0,0
"1923272",0,0
"1923273",0,0
"1923274",0,0
"1923275",0,0
"1923277",0,0
"1923278",0,0
"1923279",0,0
"1923281",0,0
"1923282",0,0
"1923284",0,0
"1923285",0,0
"1923287",0,0
"1923288",0,0
"1923289",0,0
"1923292",0,0
"1923293",0,0
"1923294",0,0
"1923295",0,0
"1923296",0,0
"1923298",0,0
"1923300",0,0
"1923303",0,0
"1923304",0,0
"1923305",0,0
"1923306",0,0
"1923307",0,0
"1923308",0,0
"1923309",0,0
"1923310",0,0
"1923313",0,0
"1923316",0,0
"1923320",0,0
"1923321",0,0
"1923322",0,0
"1923323",0,0
"1923324",0,0
"1923326",0,0
"1923330",0,0
"1923331",0,0
"1923332",0,0
"1923333",0,0
"1923335",0,0
"1923336",0,0
"1923338",0,0
"1923340",0,0
"1923343",0,0
"1923345",0,0
"1923350",0,0
"1923355",0,0
"1923356",0,0
"1923357",0,0
"1923365",0,0
"1923366",0,0
"1923367",0,0
"1923369",0,0
"1923371",0,0
"1923372",0,0
"1923373",0,0
"1923374",0,0
"1923377",0,0
"1923378",0,0
"1923380",0,0
"1923381",0,0
"1923382",0,0
"1923384",0,0
"1923385",0,0
"1923386",0,0
"1923387",0,0
"1923388",0,0
"1923389",0,0
"1923390",0,0
"1923391",0,0
"1923392",0,0
"1923393",0,0
"1923394",0,0
"1923398",0,0
"1923399",0,0
"1923400",0,0
"1923401",0,0
"1923403",0,0
"1923404",0,0
"1923405",0,0
"1923406",0,0
"1923407",0,0
"1923408",0,0
"1923409",0,0
"1923414",0,0
"1923415",0,0
"1923416",0,0
"1923417",0,0
"1923418",0,0
"1923419",0,0
"1923420",0,0
"1923421",0,0
"1923422",0,0
"1923423",0,0
"1923425",0,0
"1923429",0,0
"1923430",0,0
"1923431",0,0
"1923433",0,0
"1923435",0,0
"1923439",0,0
"1923440",0,0
"1923441",0,0
"1923442",0,0
"1923443",0,0
"1923444",0,0
"1923445",0,0
"1923446",0,0
"1923447",0,0
"1923448",0,0
"1923449",0,0
"1923450",0,0
"1923451",0,0
"1923452",0,0
"1923454",0,0
"1923455",0,0
"1923463",0,0
"1923464",0,0
"1923466",0,0
"1923467",0,0
"1923468",0,0
"1923469",0,0
"1923470",0,0
"1923474",0,0
"1923475",0,0
"1923476",0,0
"1923477",0,0
"1923478",0,0
"1923485",0,0
"1923486",0,0
"1923487",0,0
"1923488",0,0
"1923489",0,0
"1923493",0,0
"1923494",0,0
"1923495",0,0
"1923496",0,0
"1923501",0,0
"1923502",0,0
"1923509",0,0
"1923529",0,0
"1923530",0,0
"1923531",0,0
"1923532",0,0
"1923533",0,0
"1923534",0,0
"1923535",0,0
"1923536",0,0
"1923537",0,0
"1923540",0,0
"1923543",0,0
"1923546",0,0
"1923547",0,0
"1923549",0,0
"1923551",0,0
"1923553",0,0
"1923554",0,0
"1923555",0,0
"1923557",0,0
"1923559",0,0
"1923561",0,0
"1923562",0,0
"1923563",0,0
"1923564",0,0
"1923565",0,0
"1923566",0,0
"1923578",0,0
"1923579",0,0
"1923582",0,0
"1923593",0,0
"1923594",0,0
"1923595",0,0
"1923596",0,0
"1923597",0,0
"1923598",0,0
"1923599",0,0
"1923601",0,0
"1923602",0,0
"1923603",0,0
"1923604",0,0
"1923605",0,0
"1923606",0,0
"1923607",0,0
"1923608",0,0
"1923609",0,0
"1923610",0,0
"1923611",0,0
"1923612",0,0
"1923613",0,0
"1923614",0,0
"1923615",0,0
"1923617",0,0
"1923618",0,0
"1923621",0,0
"1923622",0,0
"1923623",0,0
"1923625",0,0
"1923626",0,0
"1923627",0,0
"1923628",0,0
"1923629",0,0
"1923630",0,0
"1923631",0,0
"1923632",0,0
"1923633",0,0
"1923634",0,0
"1923635",0,0
"1923636",0,0
"1923637",0,0
"1923639",0,0
"1923640",0,0
"1923641",0,0
"1923642",0,0
"1923643",0,0
"1923644",0,0
"1923649",0,0
"1923651",0,0
"1923652",0,0
"1923653",0,0
"1923654",0,0
"1923655",0,0
"1923656",0,0
"1923657",0,0
"1923658",0,0
"1923659",0,0
"1923660",0,0
"1923662",0,0
"1923663",0,0
"1923665",0,0
"1923667",0,0
"1923668",0,0
"1923669",0,0
"1923670",0,0
"1923671",0,0
"1923672",0,0
"1923673",0,0
"1923674",0,0
"1923675",0,0
"1923676",0,0
"1923677",0,0
"1923678",0,0
"1923679",0,0
"1923680",0,0
"1923682",0,0
"1923683",0,0
"1923684",0,0
"1923687",0,0
"1923688",0,0
"1923689",0,0
"1923690",0,0
"1923691",0,0
"1923692",0,0
"1923693",0,0
"1923695",0,0
"1923696",0,0
"1923697",0,0
"1923698",0,0
"1923699",0,0
"1923701",0,0
"1923702",0,0
"1923704",0,0
"1923705",0,0
"1923706",0,0
"1923707",0,0
"1923709",0,0
"1923710",0,0
"1923713",0,0
"1923714",0,0
"1923715",0,0
"1923716",0,0
"1923717",0,0
"1923721",0,0
"1923722",0,0
"1923723",0,0
"1923724",0,0
"1923726",0,0
"1923727",0,0
"1923730",0,0
"1923732",0,0
"1923738",0,0
"1923739",0,0
"1923740",0,0
"1923742",0,0
"1923743",0,0
"1923744",0,0
"1923745",0,0
"1923746",0,0
"1923748",0,0
"1923751",0,0
"1923752",0,0
"1923753",0,0
"1923754",0,0
"1923755",0,0
"1923756",0,0
"1923757",0,0
"1923758",0,0
"1923759",0,0
"1923760",0,0
"1923761",0,0
"1923764",0,0
"1923765",0,0
"1923768",0,0
"1923769",0,0
"1923770",0,0
"1923775",0,0
"1923778",0,0
"1923779",0,0
"1923780",0,0
"1923781",0,0
"1924285",0,0
"1924286",0,0
"1924287",0,0
"1924729",0,0
"1924731",0,0
"1924732",0,0
"1924734",0,0
"1925152",0,0
"1925781",0,0
"1926117",0,0
"1926498",0,0
"1926511",0,0
"1926881",0,0
"1926967",0,0
"1926968",0,0
"1926969",0,0
"1926996",0,0
"1926997",0,0
"1928621",0,0
"1929030",0,0
"1929963",0,0
"1930269",0,0
"1930302",0,0
"1930304",0,0
"1930507",0,0
"1930508",0,0
"1930509",0,0
"1930510",0,0
"1930825",0,0
"1930920",0,0
"193121",0,0
"193122",0,0
"1931370",0,0
"1931371",0,0
"1932006",0,0
"1932118",0,0
"1932713",0,0
"1932910",0,0
"1932912",0,0
"1932923",0,0
"1932926",0,0
"1932927",0,0
"1933176",0,0
"1933178",0,0
"1933181",0,0
"1933185",0,0
"1933263",0,0
"1933906",0,0
"1933907",0,0
"1933908",0,0
"1933909",0,0
"1933911",0,0
"1934254",0,0
"1934322",0,0
"1935922",0,0
"1936269",0,0
"1937789",0,0
"1937817",0,0
"1938656",0,0
"1939619",0,0
"1940570",0,0
"1941234",0,0
"1941236",0,0
"1941238",0,0
"194440",0,0
"194441",0,0
"1945561",0,0
"1945562",0,0
"1945739",0,0
"1945740",0,0
"1945850",0,0
"194699",0,0
"194802",0,0
"1949196",0,0
"1949197",0,0
"1949203",0,0
"194965",0,0
"194966",0,0
"195061",0,0
"195062",0,0
"1954248",0,0
"1954379",0,0
"1955054",0,0
"1955137",0,0
"1955153",0,0
"1955175",0,0
"1955196",0,0
"1955197",0,0
"1955198",0,0
"1955199",0,0
"1955493",0,0
"1958777",0,0
"1958778",0,0
"1958784",0,0
"1958785",0,0
"1958957",0,0
"1959287",0,0
"1959843",0,0
"1959844",0,0
"1959848",0,0
"1960046",0,0
"1960710",0,0
"1961665",0,0
"1961666",0,0
"1961678",0,0
"1961679",0,0
"1961680",0,0
"1961681",0,0
"1961682",0,0
"1961783",0,0
"1961784",0,0
"1961785",0,0
"1961786",0,0
"1961787",0,0
"1962264",0,0
"1962301",0,0
"1963247",0,0
"1963254",0,0
"1963256",0,0
"1963260",0,0
"196398",0,0
"196400",0,0
"196403",0,0
"1964370",0,0
"1964372",0,0
"1964806",0,0
"1965018",0,0
"1965074",0,0
"1965089",0,0
"1965093",0,0
"1965225",0,0
"1965238",0,0
"1965306",0,0
"1965312",0,0
"1965355",0,0
"1965376",0,0
"1965378",0,0
"1965379",0,0
"1965380",0,0
"1965382",0,0
"1965383",0,0
"1965384",0,0
"196690",0,0
"196691",0,0
"1967296",0,0
"1967781",0,0
"1969351",0,0
"1969397",0,0
"1969400",0,0
"1969830",0,0
"1970800",0,0
"1971410",0,0
"1971411",0,0
"1971414",0,0
"1971417",0,0
"1971418",0,0
"1971419",0,0
"1971421",0,0
"1971423",0,0
"1971424",0,0
"1971425",0,0
"1971427",0,0
"1971429",0,0
"1971430",0,0
"1971431",0,0
"1971432",0,0
"1971436",0,0
"1971439",0,0
"1971443",0,0
"1971445",0,0
"1972431",0,0
"1972565",0,0
"1972566",0,0
"1972567",0,0
"1972568",0,0
"1972569",0,0
"1972570",0,0
"1972571",0,0
"1972572",0,0
"1972573",0,0
"1972574",0,0
"1972575",0,0
"1972576",0,0
"1972577",0,0
"1972578",0,0
"1972580",0,0
"1972581",0,0
"1972586",0,0
"1972587",0,0
"1972588",0,0
"1972589",0,0
"1972592",0,0
"1972593",0,0
"1972594",0,0
"1972595",0,0
"1972596",0,0
"1972597",0,0
"1972611",0,0
"1972613",0,0
"1972614",0,0
"1972615",0,0
"1972616",0,0
"1972617",0,0
"1972618",0,0
"1972619",0,0
"1972620",0,0
"1972622",0,0
"1972625",0,0
"1972637",0,0
"1972639",0,0
"1972683",0,0
"1972686",0,0
"1972687",0,0
"1972700",0,0
"1972716",0,0
"1972994",0,0
"1977075",0,0
"1977105",0,0
"1977141",0,0
"1977142",0,0
"1977143",0,0
"1977297",0,0
"1977298",0,0
"1977304",0,0
"1977307",0,0
"1977392",0,0
"1977402",0,0
"1977411",0,0
"1977412",0,0
"197771",0,0
"197772",0,0
"1978413",0,0
"1978533",0,0
"1978534",0,0
"1978535",0,0
"1978536",0,0
"1978537",0,0
"1978538",0,0
"1978539",0,0
"1978540",0,0
"1978541",0,0
"1978542",0,0
"1978543",0,0
"1978544",0,0
"1978545",0,0
"1978546",0,0
"1979541",0,0
"1979848",0,0
"1980160",0,0
"1980419",0,0
"1980425",0,0
"1980426",0,0
"1980427",0,0
"1980428",0,0
"1980429",0,0
"1980430",0,0
"1980432",0,0
"1980433",0,0
"1980442",0,0
"1980456",0,0
"1980457",0,0
"1980458",0,0
"1980517",0,0
"1980538",0,0
"1980541",0,0
"1980625",0,0
"1980631",0,0
"1980633",0,0
"1980915",0,0
"1980916",0,0
"1980917",0,0
"1980918",0,0
"1980922",0,0
"1980931",0,0
"1980938",0,0
"1980942",0,0
"1980943",0,0
"1980945",0,0
"1980955",0,0
"1980956",0,0
"1980957",0,0
"1980958",0,0
"1980959",0,0
"1980960",0,0
"1980962",0,0
"1980964",0,0
"1981020",0,0
"1981024",0,0
"1981026",0,0
"1981032",0,0
"1981041",0,0
"1981042",0,0
"1981043",0,0
"1981047",0,0
"1981162",0,0
"1981166",0,0
"1981167",0,0
"1981916",0,0
"1981932",0,0
"1981933",0,0
"1982082",0,0
"1982089",0,0
"1982090",0,0
"1982099",0,0
"1982227",0,0
"1982228",0,0
"1982240",0,0
"1982244",0,0
"1982245",0,0
"1982246",0,0
"1982247",0,0
"1982252",0,0
"1982253",0,0
"1982254",0,0
"1982255",0,0
"1982256",0,0
"1982257",0,0
"1982258",0,0
"1982259",0,0
"1982260",0,0
"1982261",0,0
"1982262",0,0
"1982264",0,0
"1982265",0,0
"1982266",0,0
"1982267",0,0
"1982268",0,0
"1982270",0,0
"1982271",0,0
"1982272",0,0
"1982273",0,0
"1982274",0,0
"1982275",0,0
"1982276",0,0
"1982277",0,0
"1982280",0,0
"1982281",0,0
"1982282",0,0
"1982283",0,0
"1982284",0,0
"1982285",0,0
"1982286",0,0
"1982287",0,0
"1982288",0,0
"1982290",0,0
"1982292",0,0
"1982295",0,0
"1982297",0,0
"1982298",0,0
"1982302",0,0
"1982303",0,0
"1982304",0,0
"1982305",0,0
"1982306",0,0
"1982307",0,0
"1982360",0,0
"1982364",0,0
"1982371",0,0
"1982372",0,0
"1982376",0,0
"1982378",0,0
"1982379",0,0
"1982380",0,0
"1982555",0,0
"1982558",0,0
"1982564",0,0
"1982565",0,0
"1982566",0,0
"1982574",0,0
"1982576",0,0
"1982583",0,0
"1982584",0,0
"1982585",0,0
"1982594",0,0
"1982660",0,0
"1982675",0,0
"1982750",0,0
"1982885",0,0
"1982926",0,0
"1982928",0,0
"1983535",0,0
"1983561",0,0
"1983563",0,0
"1983564",0,0
"1983569",0,0
"1983570",0,0
"1983737",0,0
"1983739",0,0
"1983740",0,0
"1983771",0,0
"1984773",0,0
"1984774",0,0
"1984775",0,0
"1984777",0,0
"1984779",0,0
"1984780",0,0
"1984789",0,0
"1984796",0,0
"1984798",0,0
"1984799",0,0
"1984800",0,0
"1985159",0,0
"1985290",0,0
"1985291",0,0
"1985292",0,0
"1985293",0,0
"1985303",0,0
"1985304",0,0
"1985305",0,0
"1985307",0,0
"1985308",0,0
"1985309",0,0
"1985326",0,0
"1985327",0,0
"1985328",0,0
"1985336",0,0
"1985337",0,0
"1985338",0,0
"1985339",0,0
"1985340",0,0
"1985342",0,0
"1985353",0,0
"1985354",0,0
"1985365",0,0
"1985366",0,0
"1985368",0,0
"1985688",0,0
"1985689",0,0
"1985690",0,0
"1985691",0,0
"1985693",0,0
"1985694",0,0
"1985695",0,0
"1985696",0,0
"1985697",0,0
"1985698",0,0
"1985699",0,0
"1985702",0,0
"1985703",0,0
"1985704",0,0
"1985706",0,0
"1985708",0,0
"1985710",0,0
"1985711",0,0
"1985712",0,0
"1985713",0,0
"1985714",0,0
"1985715",0,0
"1985716",0,0
"1985717",0,0
"1985718",0,0
"1985720",0,0
"1985722",0,0
"1985723",0,0
"1985724",0,0
"1985725",0,0
"1985727",0,0
"1985732",0,0
"1985734",0,0
"1985735",0,0
"1985738",0,0
"1985739",0,0
"1985740",0,0
"198589",0,0
"1985968",0,0
"1985982",0,0
"198599",0,0
"1986015",0,0
"1986017",0,0
"1986020",0,0
"1986021",0,0
"1986023",0,0
"1986024",0,0
"1986027",0,0
"1986029",0,0
"1986112",0,0
"1986113",0,0
"1986118",0,0
"1986538",0,0
"1986950",0,0
"1986958",0,0
"1987013",0,0
"1987018",0,0
"1987019",0,0
"1987123",0,0
"1987124",0,0
"1987125",0,0
"1987126",0,0
"1987127",0,0
"1987128",0,0
"1987129",0,0
"1987130",0,0
"1987146",0,0
"1987148",0,0
"1987149",0,0
"1987150",0,0
"1987152",0,0
"1987153",0,0
"1987154",0,0
"1987155",0,0
"1987156",0,0
"1987157",0,0
"1987158",0,0
"1987360",0,0
"1987403",0,0
"1987500",0,0
"1987728",0,0
"1987729",0,0
"1987938",0,0
"1987940",0,0
"1987942",0,0
"1987988",0,0
"1987989",0,0
"1987993",0,0
"1993639",0,0
"1993647",0,0
"1993649",0,0
"1993651",0,0
"1993652",0,0
"1993860",0,0
"1993861",0,0
"1993864",0,0
"1993873",0,0
"1993876",0,0
"1993882",0,0
"1993883",0,0
"1993884",0,0
"1993885",0,0
"1993886",0,0
"1993888",0,0
"1993907",0,0
"199587",0,0
"2003120",0,0
"2003308",0,0
"2003327",0,0
"2003391",0,0
"2003398",0,0
"2003498",0,0
"2003499",0,0
"2003503",0,0
"2003505",0,0
"2003649",0,0
"2003650",0,0
"2003651",0,0
"2003652",0,0
"2003672",0,0
"2003673",0,0
"2003678",0,0
"2003680",0,0
"2004415",0,0
"2004457",0,0
"2004460",0,0
"2005044",0,0
"2005055",0,0
"2005463",0,0
"2005509",0,0
"2005519",0,0
"2005691",0,0
"2005693",0,0
"2005694",0,0
"2005695",0,0
"2005696",0,0
"2005700",0,0
"2005701",0,0
"2005702",0,0
"2006135",0,0
"2006136",0,0
"2006158",0,0
"2006169",0,0
"2006170",0,0
"2006171",0,0
"2006172",0,0
"2006175",0,0
"2006177",0,0
"2006178",0,0
"2006180",0,0
"2006394",0,0
"2006498",0,0
"2006642",0,0
"2006928",0,0
"2010268",0,0
"2010269",0,0
"2010273",0,0
"2010275",0,0
"2010278",0,0
"2010279",0,0
"2010280",0,0
"2010281",0,0
"2010316",0,0
"2010317",0,0
"2010319",0,0
"2010321",0,0
"2010323",0,0
"2010326",0,0
"2010327",0,0
"2010331",0,0
"2010333",0,0
"2011073",0,0
"2011077",0,0
"2011079",0,0
"2011080",0,0
"2011081",0,0
"2011082",0,0
"2012856",0,0
"2012857",0,0
"2013564",0,0
"2013968",0,0
"2014347",0,0
"2014434",0,0
"2014542",0,0
"2015361",0,0
"2015372",0,0
"2015374",0,0
"2015375",0,0
"2015816",0,0
"2015864",0,0
"2016034",0,0
"2016426",0,0
"2016427",0,0
"2016448",0,0
"2016456",0,0
"2016457",0,0
"2016460",0,0
"2016461",0,0
"2016467",0,0
"2017081",0,0
"2017082",0,0
"2017083",0,0
"2017714",0,0
"2017716",0,0
"2018312",0,0
"2018313",0,0
"201847",0,0
"2018471",0,0
"2018501",0,0
"2018502",0,0
"2018503",0,0
"2018564",0,0
"201862",0,0
"2018685",0,0
"2019445",0,0
"2020286",0,0
"2020287",0,0
"2020881",0,0
"2021212",0,0
"2021666",0,0
"2021667",0,0
"2021738",0,0
"2022475",0,0
"2022738",0,0
"2022739",0,0
"2023155",0,0
"2024214",0,0
"2024263",0,0
"2024275",0,0
"2024277",0,0
"2024279",0,0
"2024312",0,0
"2024526",0,0
"2024611",0,0
"2024724",0,0
"2025079",0,0
"2025333",0,0
"2025388",0,0
"2025396",0,0
"2025397",0,0
"202568",0,0
"2026195",0,0
"2026248",0,0
"2026601",0,0
"2027243",0,0
"2027645",0,0
"2029303",0,0
"2029304",0,0
"2029305",0,0
"2029306",0,0
"2029771",0,0
"2030126",0,0
"2030909",0,0
"2030954",0,0
"2030964",0,0
"2031165",0,0
"2031166",0,0
"2031200",0,0
"203168",0,0
"2032573",0,0
"2032989",0,0
"2034156",0,0
"2034157",0,0
"2034343",0,0
"2034996",0,0
"2035708",0,0
"2038470",0,0
"2038729",0,0
"2039267",0,0
"2040655",0,0
"2040656",0,0
"2040657",0,0
"2040659",0,0
"2040662",0,0
"2040663",0,0
"204090",0,0
"2041350",0,0
"2041419",0,0
"2041496",0,0
"2041504",0,0
"2041505",0,0
"2042206",0,0
"204269",0,0
"2043550",0,0
"2045011",0,0
"2045186",0,0
"2045345",0,0
"2045504",0,0
"2047765",0,0
"2047786",0,0
"2047832",0,0
"204873",0,0
"204933",0,0
"2049444",0,0
"204987",0,0
"2049887",0,0
"2049888",0,0
"2049892",0,0
"2049893",0,0
"2049933",0,0
"2049937",0,0
"2049938",0,0
"2050018",0,0
"2050019",0,0
"2050020",0,0
"2050021",0,0
"2050037",0,0
"2050039",0,0
"2050971",0,0
"2050976",0,0
"2051905",0,0
"2052157",0,0
"2052561",0,0
"2052563",0,0
"2053080",0,0
"2053697",0,0
"2054179",0,0
"2054611",0,0
"2054916",0,0
"2054920",0,0
"2055262",0,0
"2056161",0,0
"2056194",0,0
"2056385",0,0
"2056780",0,0
"2056878",0,0
"2056880",0,0
"2056882",0,0
"2056886",0,0
"2057198",0,0
"2057942",0,0
"2058093",0,0
"2058298",0,0
"2058316",0,0
"2058317",0,0
"2058320",0,0
"2058324",0,0
"2058330",0,0
"2058396",0,0
"2058620",0,0
"205868",0,0
"205875",0,0
"2058884",0,0
"205895",0,0
"205896",0,0
"205899",0,0
"205910",0,0
"2060093",0,0
"2060112",0,0
"2060142",0,0
"2060511",0,0
"2060778",0,0
"206392",0,0
"2065033",0,0
"2065211",0,0
"2065797",0,0
"2069319",0,0
"2069320",0,0
"2069321",0,0
"2069322",0,0
"2069323",0,0
"2069324",0,0
"2069325",0,0
"2069326",0,0
"2069327",0,0
"2069608",0,0
"2069609",0,0
"2070152",0,0
"2070199",0,0
"207240",0,0
"2072410",0,0
"2073044",0,0
"2073163",0,0
"2074132",0,0
"2077299",0,0
"2077300",0,0
"2077302",0,0
"2077303",0,0
"2077304",0,0
"2077305",0,0
"2077306",0,0
"2077307",0,0
"207809",0,0
"2079148",0,0
"2079397",0,0
"2079458",0,0
"2079465",0,0
"2079554",0,0
"2080107",0,0
"2080823",0,0
"2081631",0,0
"2082585",0,0
"2082586",0,0
"2082658",0,0
"2083181",0,0
"2083182",0,0
"2083207",0,0
"2083275",0,0
"2083444",0,0
"2083445",0,0
"2093224",0,0
"2093273",0,0
"2093274",0,0
"2093276",0,0
"2093496",0,0
"2093789",0,0
"2094187",0,0
"2094260",0,0
"2094282",0,0
"2094713",0,0
"2099352",0,0
"2099521",0,0
"2099567",0,0
"2100421",0,0
"2108109",0,0
"2108111",0,0
"2108200",0,0
"2108201",0,0
"2108204",0,0
"2108205",0,0
"210827",0,0
"2108549",0,0
"2108552",0,0
"2109380",0,0
"211595",0,0
"2116174",0,0
"2116176",0,0
"2116179",0,0
"2116182",0,0
"2116188",0,0
"2116189",0,0
"2116195",0,0
"2116197",0,0
"2116201",0,0
"2116202",0,0
"2116207",0,0
"2116363",0,0
"2116599",0,0
"2116702",0,0
"211977",0,0
"2122733",0,0
"2126099",0,0
"213034",0,0
"2136037",0,0
"2136038",0,0
"213633",0,0
"2137352",0,0
"2137353",0,0
"2137354",0,0
"2137541",0,0
"2137542",0,0
"2137544",0,0
"2137546",0,0
"213775",0,0
"2137858",0,0
"2138326",0,0
"2144",0,0
"214439",0,0
"215167",0,0
"2152567",0,0
"2152923",0,0
"2155",0,0
"2161803",0,0
"2161807",0,0
"2161809",0,0
"2161875",0,0
"2161876",0,0
"2161878",0,0
"2162637",0,0
"2162642",0,0
"2163422",0,0
"216371",0,0
"2163965",0,0
"2163996",0,0
"2164100",0,0
"216614",0,0
"2169571",0,0
"2169607",0,0
"2169623",0,0
"2169624",0,0
"2169625",0,0
"2169643",0,0
"2169647",0,0
"2169663",0,0
"2169666",0,0
"2169668",0,0
"2169669",0,0
"2169685",0,0
"2169686",0,0
"2169687",0,0
"2169693",0,0
"2169699",0,0
"2169701",0,0
"2169705",0,0
"2169709",0,0
"2169721",0,0
"2169722",0,0
"2169723",0,0
"2169725",0,0
"2169734",0,0
"2169735",0,0
"2169738",0,0
"2169739",0,0
"2169740",0,0
"2169741",0,0
"2169742",0,0
"2169744",0,0
"2169747",0,0
"2169757",0,0
"2169760",0,0
"2169801",0,0
"2169802",0,0
"2169803",0,0
"2169807",0,0
"2169808",0,0
"2169809",0,0
"2169810",0,0
"2169814",0,0
"2169824",0,0
"2169825",0,0
"2169827",0,0
"2169829",0,0
"2169834",0,0
"2169843",0,0
"2169853",0,0
"2169854",0,0
"2169857",0,0
"2169859",0,0
"2169861",0,0
"2169862",0,0
"2169864",0,0
"2169865",0,0
"2169866",0,0
"2169867",0,0
"2169870",0,0
"2169871",0,0
"2169872",0,0
"2169876",0,0
"2169877",0,0
"2169878",0,0
"2169879",0,0
"2169880",0,0
"2169881",0,0
"2169884",0,0
"2169885",0,0
"2169886",0,0
"2169893",0,0
"2169894",0,0
"2169902",0,0
"2169904",0,0
"2169905",0,0
"2169918",0,0
"2169919",0,0
"2169920",0,0
"2169922",0,0
"2169923",0,0
"2169925",0,0
"2169926",0,0
"2169927",0,0
"2169936",0,0
"2169937",0,0
"2169960",0,0
"2169961",0,0
"2169965",0,0
"2169966",0,0
"2169970",0,0
"2169971",0,0
"2169973",0,0
"2169974",0,0
"2169975",0,0
"2169976",0,0
"2169979",0,0
"2169980",0,0
"2169981",0,0
"2169991",0,0
"2170000",0,0
"2170001",0,0
"2170004",0,0
"2170005",0,0
"2170006",0,0
"2170007",0,0
"2170008",0,0
"2170041",0,0
"2170044",0,0
"2170045",0,0
"2170046",0,0
"2170047",0,0
"2170049",0,0
"2170050",0,0
"2170052",0,0
"2170053",0,0
"2170061",0,0
"2170064",0,0
"2170098",0,0
"2170100",0,0
"2170103",0,0
"2170105",0,0
"2170106",0,0
"2170108",0,0
"2170109",0,0
"2170110",0,0
"2170114",0,0
"2170115",0,0
"2170119",0,0
"2170121",0,0
"2170123",0,0
"2170124",0,0
"2170126",0,0
"2170132",0,0
"2170135",0,0
"2170139",0,0
"2170193",0,0
"2170194",0,0
"2170195",0,0
"2170197",0,0
"2170198",0,0
"2170199",0,0
"2170200",0,0
"2170201",0,0
"2170203",0,0
"2170204",0,0
"2170205",0,0
"2170206",0,0
"2170216",0,0
"2170217",0,0
"2170221",0,0
"2170222",0,0
"2170224",0,0
"2170233",0,0
"2170235",0,0
"2170236",0,0
"2170237",0,0
"2170240",0,0
"2170246",0,0
"2170247",0,0
"2170248",0,0
"2170250",0,0
"2170251",0,0
"2170253",0,0
"2170255",0,0
"2170256",0,0
"2170403",0,0
"2170408",0,0
"2170423",0,0
"2172548",0,0
"2174902",0,0
"2174956",0,0
"2175117",0,0
"2175329",0,0
"217615",0,0
"217686",0,0
"2182585",0,0
"2184051",0,0
"2184399",0,0
"2184469",0,0
"2185086",0,0
"2185281",0,0
"218667",0,0
"218849",0,0
"218923",0,0
"219174",0,0
"219299",0,0
"219584",0,0
"219596",0,0
"219744",0,0
"2198",0,0
"2200716",0,0
"2200955",0,0
"2201042",0,0
"2201426",0,0
"2202146",0,0
"2202565",0,0
"2202647",0,0
"220340",0,0
"2204155",0,0
"220608",0,0
"220812",0,0
"221036",0,0
"221054",0,0
"2211641",0,0
"2212477",0,0
"221262",0,0
"2213167",0,0
"2213168",0,0
"2218594",0,0
"2218617",0,0
"2218619",0,0
"2219092",0,0
"2219118",0,0
"2219120",0,0
"2219133",0,0
"2219134",0,0
"2219137",0,0
"2219138",0,0
"2219139",0,0
"2219141",0,0
"2219143",0,0
"2219217",0,0
"2220",0,0
"2220002",0,0
"222079",0,0
"222474",0,0
"222557",0,0
"222645",0,0
"2231334",0,0
"2231706",0,0
"223252",0,0
"223260",0,0
"223262",0,0
"223264",0,0
"223282",0,0
"223284",0,0
"223287",0,0
"223301",0,0
"223303",0,0
"223305",0,0
"223307",0,0
"223308",0,0
"223313",0,0
"223314",0,0
"223316",0,0
"223317",0,0
"223321",0,0
"223323",0,0
"223324",0,0
"223337",0,0
"223342",0,0
"223344",0,0
"223345",0,0
"223346",0,0
"223347",0,0
"223352",0,0
"223358",0,0
"223901",0,0
"224578",0,0
"2250219",0,0
"2250368",0,0
"2250389",0,0
"2250409",0,0
"2250412",0,0
"2250452",0,0
"225362",0,0
"2259335",0,0
"226584",0,0
"226613",0,0
"2267679",0,0
"2268",0,0
"2268125",0,0
"2268743",0,0
"2282173",0,0
"2282485",0,0
"2282643",0,0
"2282644",0,0
"2282645",0,0
"2282646",0,0
"2283027",0,0
"2283028",0,0
"2283236",0,0
"2283388",0,0
"2283800",0,0
"228578",0,0
"228897",0,0
"229030",0,0
"2292426",0,0
"2292642",0,0
"2292651",0,0
"2293277",0,0
"2293280",0,0
"2293285",0,0
"2293289",0,0
"2293290",0,0
"2293291",0,0
"2293292",0,0
"2293294",0,0
"2293296",0,0
"2293298",0,0
"2293300",0,0
"2293304",0,0
"2293305",0,0
"2293309",0,0
"2293310",0,0
"2294149",0,0
"2294150",0,0
"2294151",0,0
"2294152",0,0
"2294156",0,0
"230158",0,0
"2301635",0,0
"2301720",0,0
"2301721",0,0
"2301722",0,0
"2301732",0,0
"2303160",0,0
"2303411",0,0
"2303527",0,0
"2304056",0,0
"2304463",0,0
"2304477",0,0
"2304480",0,0
"2304505",0,0
"2304516",0,0
"2304617",0,0
"2304618",0,0
"2304619",0,0
"2304647",0,0
"2305250",0,0
"2305257",0,0
"2305465",0,0
"2306623",0,0
"2306727",0,0
"2306813",0,0
"2307",0,0
"230871",0,0
"231374",0,0
"2315478",0,0
"2315627",0,0
"2315724",0,0
"2315803",0,0
"2315806",0,0
"2315807",0,0
"2315809",0,0
"2315813",0,0
"2316740",0,0
"2320522",0,0
"2320870",0,0
"2321187",0,0
"232237",0,0
"232380",0,0
"232800",0,0
"233051",0,0
"233067",0,0
"2338394",0,0
"233894",0,0
"2340808",0,0
"235266",0,0
"2358449",0,0
"2364201",0,0
"2364202",0,0
"2364281",0,0
"2364291",0,0
"2364645",0,0
"2365005",0,0
"2365010",0,0
"2365012",0,0
"2365015",0,0
"2365016",0,0
"2365017",0,0
"2365021",0,0
"2365026",0,0
"2365027",0,0
"2365028",0,0
"2365031",0,0
"2365032",0,0
"2365037",0,0
"2365038",0,0
"2365039",0,0
"2365041",0,0
"2365042",0,0
"2365043",0,0
"2365044",0,0
"2365045",0,0
"2365048",0,0
"2365051",0,0
"2365055",0,0
"2365056",0,0
"237020",0,0
"237716",0,0
"2382122",0,0
"239365",0,0
"240865",0,0
"241651",0,0
"2419631",0,0
"2419632",0,0
"2419635",0,0
"2419636",0,0
"2419638",0,0
"2419640",0,0
"2419649",0,0
"2419660",0,0
"2419666",0,0
"2419747",0,0
"2419748",0,0
"2419805",0,0
"2419940",0,0
"2419945",0,0
"2420301",0,0
"2420308",0,0
"242710",0,0
"243550",0,0
"243563",0,0
"244050",0,0
"245685",0,0
"246144",0,0
"2468",0,0
"2474",0,0
"2479372",0,0
"2480172",0,0
"2480175",0,0
"2480177",0,0
"2480178",0,0
"2480179",0,0
"2480188",0,0
"2480193",0,0
"2483307",0,0
"2483661",0,0
"2483878",0,0
"2486070",0,0
"2486281",0,0
"2486665",0,0
"2488595",0,0
"2488596",0,0
"2488957",0,0
"2490812",0,0
"2490813",0,0
"2490814",0,0
"2490815",0,0
"2490816",0,0
"2490817",0,0
"2491019",0,0
"2491323",0,0
"249184",0,0
"2492447",0,0
"2492466",0,0
"2492468",0,0
"2493108",0,0
"2494552",0,0
"249583",0,0
"249584",0,0
"2496634",0,0
"2499242",0,0
"2499618",0,0
"2499621",0,0
"2499622",0,0
"2499677",0,0
"2499680",0,0
"2499685",0,0
"2499930",0,0
"2499932",0,0
"2500543",0,0
"2501271",0,0
"2501272",0,0
"2501923",0,0
"2501925",0,0
"2501926",0,0
"2501927",0,0
"2501928",0,0
"2501929",0,0
"2501933",0,0
"2501934",0,0
"2501935",0,0
"2501936",0,0
"2501937",0,0
"2501938",0,0
"2501943",0,0
"2501944",0,0
"2501945",0,0
"2501946",0,0
"2501947",0,0
"2501948",0,0
"2501950",0,0
"2501955",0,0
"2501956",0,0
"2501957",0,0
"2501958",0,0
"2501961",0,0
"2501962",0,0
"2501964",0,0
"2501966",0,0
"2501969",0,0
"2501999",0,0
"2502000",0,0
"2507301",0,0
"2507303",0,0
"2507320",0,0
"2507498",0,0
"2507499",0,0
"2507500",0,0
"2507501",0,0
"2507502",0,0
"2507503",0,0
"2507504",0,0
"2507689",0,0
"2508185",0,0
"2508186",0,0
"2508187",0,0
"2508203",0,0
"2508233",0,0
"2508235",0,0
"2508251",0,0
"2508254",0,0
"2508255",0,0
"2508259",0,0
"2509152",0,0
"2509266",0,0
"2509286",0,0
"2509380",0,0
"2509381",0,0
"2509382",0,0
"2509383",0,0
"2509395",0,0
"2509586",0,0
"2509664",0,0
"2509728",0,0
"2509750",0,0
"2509781",0,0
"2509785",0,0
"2510428",0,0
"2517212",0,0
"2518008",0,0
"2518373",0,0
"2528965",0,0
"2529121",0,0
"2530021",0,0
"2530028",0,0
"2530161",0,0
"253700",0,0
"253701",0,0
"253702",0,0
"2544873",0,0
"2544984",0,0
"2546034",0,0
"2547312",0,0
"2547432",0,0
"2547964",0,0
"255066",0,0
"255238",0,0
"255255",0,0
"255431",0,0
"2557875",0,0
"2557970",0,0
"2558055",0,0
"2558066",0,0
"2558458",0,0
"2560099",0,0
"2560102",0,0
"2560124",0,0
"2560128",0,0
"2560133",0,0
"2560141",0,0
"2560153",0,0
"2560154",0,0
"2560172",0,0
"2560176",0,0
"2560189",0,0
"2560196",0,0
"2560197",0,0
"2560210",0,0
"2560226",0,0
"2560238",0,0
"2560245",0,0
"2560248",0,0
"2560255",0,0
"2560259",0,0
"2560260",0,0
"2560262",0,0
"2560263",0,0
"2560264",0,0
"2560266",0,0
"2560267",0,0
"2560268",0,0
"2560272",0,0
"2560273",0,0
"2560274",0,0
"2560275",0,0
"2560276",0,0
"2560279",0,0
"2560280",0,0
"2560281",0,0
"2560282",0,0
"2560284",0,0
"2560285",0,0
"2560287",0,0
"2560288",0,0
"2560289",0,0
"2560290",0,0
"2560291",0,0
"2560292",0,0
"2560294",0,0
"2560296",0,0
"2560304",0,0
"2560307",0,0
"2560308",0,0
"2560309",0,0
"2560340",0,0
"2560343",0,0
"2560350",0,0
"2560353",0,0
"2560354",0,0
"2560356",0,0
"2560358",0,0
"2560366",0,0
"2560367",0,0
"2560376",0,0
"2560377",0,0
"2560379",0,0
"2560381",0,0
"2560383",0,0
"2560384",0,0
"2560386",0,0
"2560389",0,0
"2560390",0,0
"2560392",0,0
"2560393",0,0
"2560394",0,0
"2560395",0,0
"2560397",0,0
"2560398",0,0
"2560405",0,0
"2560409",0,0
"2560414",0,0
"2560416",0,0
"2560417",0,0
"2560420",0,0
"2560421",0,0
"2560423",0,0
"2560424",0,0
"2560425",0,0
"2560427",0,0
"2560428",0,0
"2560429",0,0
"2560430",0,0
"2560431",0,0
"2560432",0,0
"2560437",0,0
"2560438",0,0
"2560439",0,0
"2560440",0,0
"2560442",0,0
"2560443",0,0
"2560444",0,0
"2560445",0,0
"2560446",0,0
"2560447",0,0
"2560448",0,0
"2560449",0,0
"2560451",0,0
"2560452",0,0
"2560454",0,0
"2560456",0,0
"2560460",0,0
"2560462",0,0
"2560463",0,0
"2560464",0,0
"2560466",0,0
"2560469",0,0
"2560470",0,0
"2560471",0,0
"2560472",0,0
"2560473",0,0
"2560474",0,0
"2560475",0,0
"2560476",0,0
"2560478",0,0
"2560479",0,0
"2560482",0,0
"2560498",0,0
"2560503",0,0
"2560508",0,0
"2560510",0,0
"2560515",0,0
"2560530",0,0
"2560531",0,0
"2560534",0,0
"2560535",0,0
"2560539",0,0
"2560542",0,0
"2560543",0,0
"2560544",0,0
"2560548",0,0
"2560551",0,0
"2560552",0,0
"2560553",0,0
"2560554",0,0
"2560555",0,0
"2560557",0,0
"2560560",0,0
"2560561",0,0
"2560574",0,0
"2560578",0,0
"2560579",0,0
"2560597",0,0
"2560598",0,0
"2560604",0,0
"2560612",0,0
"2560615",0,0
"2560618",0,0
"2560619",0,0
"2560622",0,0
"2560623",0,0
"2560629",0,0
"2560630",0,0
"2560632",0,0
"2560633",0,0
"2560634",0,0
"2560636",0,0
"2560640",0,0
"2560644",0,0
"2560648",0,0
"2560649",0,0
"2560652",0,0
"2560653",0,0
"2560654",0,0
"2560656",0,0
"2560661",0,0
"2560662",0,0
"2560664",0,0
"2560665",0,0
"2560666",0,0
"2560667",0,0
"2560668",0,0
"2560669",0,0
"2560670",0,0
"2560672",0,0
"2560673",0,0
"2560674",0,0
"2560682",0,0
"2560687",0,0
"2560690",0,0
"2560695",0,0
"2560697",0,0
"2560699",0,0
"2560701",0,0
"2560702",0,0
"2560703",0,0
"2560704",0,0
"2560705",0,0
"2560706",0,0
"2560721",0,0
"2560722",0,0
"2560723",0,0
"2560724",0,0
"2560725",0,0
"2560727",0,0
"2560729",0,0
"2560731",0,0
"2560732",0,0
"2560733",0,0
"2560734",0,0
"2560735",0,0
"2560736",0,0
"2560738",0,0
"2560739",0,0
"2560740",0,0
"2560744",0,0
"2560745",0,0
"2560747",0,0
"2560748",0,0
"2560752",0,0
"2560753",0,0
"2560755",0,0
"2560756",0,0
"2560757",0,0
"2560758",0,0
"2560759",0,0
"2560760",0,0
"2560761",0,0
"2560762",0,0
"2560763",0,0
"2560765",0,0
"2560774",0,0
"2560775",0,0
"2560781",0,0
"2560786",0,0
"2560789",0,0
"2560791",0,0
"2560804",0,0
"2560809",0,0
"2560811",0,0
"2560812",0,0
"2560814",0,0
"2560822",0,0
"2560829",0,0
"2560831",0,0
"2560834",0,0
"2560836",0,0
"2560839",0,0
"2560843",0,0
"2560845",0,0
"2562174",0,0
"2562181",0,0
"2562518",0,0
"2562807",0,0
"256325",0,0
"2563665",0,0
"2563666",0,0
"2563667",0,0
"2563670",0,0
"2563671",0,0
"2565557",0,0
"2565561",0,0
"2565596",0,0
"2569569",0,0
"2569586",0,0
"2571",0,0
"2571287",0,0
"2572050",0,0
"2572065",0,0
"2572074",0,0
"2572082",0,0
"2572083",0,0
"2572085",0,0
"2575",0,0
"2575357",0,0
"2575832",0,0
"2576606",0,0
"2576763",0,0
"2578115",0,0
"257816",0,0
"2580409",0,0
"2582827",0,0
"2583590",0,0
"2583591",0,0
"2583592",0,0
"2583593",0,0
"2586199",0,0
"2586645",0,0
"2587225",0,0
"2587564",0,0
"2587565",0,0
"2587857",0,0
"2587859",0,0
"2587860",0,0
"2587863",0,0
"2587864",0,0
"2587866",0,0
"2587867",0,0
"2587869",0,0
"2588096",0,0
"2588133",0,0
"2589659",0,0
"2589991",0,0
"2589992",0,0
"2591025",0,0
"2591069",0,0
"2591110",0,0
"2591121",0,0
"2591379",0,0
"2591406",0,0
"2591635",0,0
"2591696",0,0
"2592163",0,0
"2592193",0,0
"2592216",0,0
"2593322",0,0
"2593324",0,0
"2593327",0,0
"2593331",0,0
"2593656",0,0
"2593922",0,0
"2593930",0,0
"2596676",0,0
"2596709",0,0
"2596827",0,0
"2596881",0,0
"2596882",0,0
"2596883",0,0
"2596902",0,0
"2597809",0,0
"259901",0,0
"2599343",0,0
"2599622",0,0
"2600160",0,0
"2600161",0,0
"2600347",0,0
"260121",0,0
"2601256",0,0
"2601269",0,0
"2601608",0,0
"2601630",0,0
"2601635",0,0
"2603244",0,0
"2603245",0,0
"2603316",0,0
"2603436",0,0
"260374",0,0
"260375",0,0
"260378",0,0
"260379",0,0
"2603849",0,0
"2604334",0,0
"2604840",0,0
"2607629",0,0
"2608085",0,0
"2608320",0,0
"2608606",0,0
"2609058",0,0
"260908",0,0
"260909",0,0
"260915",0,0
"260917",0,0
"2609813",0,0
"2613793",0,0
"262078",0,0
"262588",0,0
"263001",0,0
"263004",0,0
"263437",0,0
"263793",0,0
"2651595",0,0
"265294",0,0
"2653507",0,0
"2653508",0,0
"2653660",0,0
"2653709",0,0
"2654280",0,0
"2655",0,0
"2656538",0,0
"2656740",0,0
"265877",0,0
"2660749",0,0
"2660760",0,0
"2661817",0,0
"2661922",0,0
"2662136",0,0
"2662277",0,0
"2662283",0,0
"2663234",0,0
"2664131",0,0
"2664236",0,0
"2664558",0,0
"2664939",0,0
"2664940",0,0
"2664941",0,0
"266799",0,0
"2672571",0,0
"267285",0,0
"2674975",0,0
"2676436",0,0
"2678528",0,0
"267970",0,0
"2682577",0,0
"2683043",0,0
"2683823",0,0
"2686202",0,0
"2686208",0,0
"2686238",0,0
"2686301",0,0
"2686305",0,0
"268748",0,0
"2689370",0,0
"2692113",0,0
"269213",0,0
"269277",0,0
"2696355",0,0
"2696356",0,0
"2696386",0,0
"2696416",0,0
"2696442",0,0
"2696462",0,0
"2699468",0,0
"270117",0,0
"270146",0,0
"2703869",0,0
"2704172",0,0
"270478",0,0
"2705123",0,0
"2706523",0,0
"270673",0,0
"2708350",0,0
"2709781",0,0
"2711183",0,0
"2712025",0,0
"2712833",0,0
"2712846",0,0
"2712957",0,0
"2712970",0,0
"2712971",0,0
"2712977",0,0
"2712979",0,0
"2713208",0,0
"2713224",0,0
"2713267",0,0
"2713283",0,0
"2713289",0,0
"2713291",0,0
"2713293",0,0
"2713302",0,0
"2713312",0,0
"2713320",0,0
"2713326",0,0
"2714177",0,0
"2715094",0,0
"2719181",0,0
"2719194",0,0
"2719198",0,0
"2720886",0,0
"2721748",0,0
"2721749",0,0
"2723896",0,0
"2725417",0,0
"2725997",0,0
"272636",0,0
"272751",0,0
"2730579",0,0
"2730845",0,0
"2730846",0,0
"2730849",0,0
"2730850",0,0
"2730914",0,0
"2731622",0,0
"2731623",0,0
"2731625",0,0
"2731675",0,0
"2731677",0,0
"2731691",0,0
"2731932",0,0
"2731937",0,0
"2731941",0,0
"2731958",0,0
"2731966",0,0
"2731981",0,0
"2731985",0,0
"2731989",0,0
"2732019",0,0
"2732020",0,0
"2732021",0,0
"2732022",0,0
"2732028",0,0
"2732029",0,0
"2732031",0,0
"2732033",0,0
"2732035",0,0
"2732062",0,0
"2732254",0,0
"2732554",0,0
"2732555",0,0
"2732589",0,0
"2732595",0,0
"2732596",0,0
"2732598",0,0
"2732599",0,0
"2732600",0,0
"2732601",0,0
"2732603",0,0
"2732604",0,0
"2732605",0,0
"2732655",0,0
"2732675",0,0
"2732679",0,0
"2732684",0,0
"2732688",0,0
"2732689",0,0
"2732693",0,0
"2732697",0,0
"2732698",0,0
"2732699",0,0
"2732700",0,0
"2732701",0,0
"2732704",0,0
"2732705",0,0
"2732709",0,0
"2732710",0,0
"2732711",0,0
"2732712",0,0
"2732714",0,0
"2732762",0,0
"2732763",0,0
"2732764",0,0
"2732765",0,0
"2732776",0,0
"2732777",0,0
"2732778",0,0
"2732779",0,0
"2732780",0,0
"2732781",0,0
"2732782",0,0
"2732783",0,0
"2732784",0,0
"2732785",0,0
"2732786",0,0
"2732788",0,0
"2732789",0,0
"2732877",0,0
"2732892",0,0
"2732910",0,0
"2732912",0,0
"2732913",0,0
"2732916",0,0
"2732917",0,0
"2732918",0,0
"2732926",0,0
"2732928",0,0
"2732929",0,0
"2732930",0,0
"2732932",0,0
"2732939",0,0
"2732960",0,0
"2732962",0,0
"2732963",0,0
"2732964",0,0
"2732965",0,0
"2732972",0,0
"2733088",0,0
"2733095",0,0
"2733099",0,0
"2733102",0,0
"2733104",0,0
"2733109",0,0
"2733112",0,0
"2733122",0,0
"2733127",0,0
"2733142",0,0
"2733146",0,0
"2733150",0,0
"2733160",0,0
"2733167",0,0
"2733175",0,0
"2733197",0,0
"2733203",0,0
"2733205",0,0
"2733297",0,0
"2733315",0,0
"2733316",0,0
"2733317",0,0
"2733318",0,0
"2733319",0,0
"2733320",0,0
"2733321",0,0
"2733322",0,0
"2733325",0,0
"2733326",0,0
"2733327",0,0
"2733328",0,0
"2733330",0,0
"2733332",0,0
"2733336",0,0
"2733337",0,0
"2733338",0,0
"2733339",0,0
"2733340",0,0
"2733345",0,0
"2733349",0,0
"2733352",0,0
"2733355",0,0
"2733358",0,0
"2733359",0,0
"2733360",0,0
"2733362",0,0
"2733365",0,0
"2733366",0,0
"2733368",0,0
"2733372",0,0
"2733373",0,0
"2733375",0,0
"2733376",0,0
"2733377",0,0
"2733575",0,0
"2733576",0,0
"2733577",0,0
"2733578",0,0
"2733581",0,0
"2733583",0,0
"2733585",0,0
"2733586",0,0
"2733588",0,0
"2733595",0,0
"2733597",0,0
"2733598",0,0
"2733599",0,0
"2733602",0,0
"2733603",0,0
"2733604",0,0
"2733605",0,0
"2733606",0,0
"2733607",0,0
"2733608",0,0
"2733609",0,0
"2733610",0,0
"2733611",0,0
"2733612",0,0
"2733613",0,0
"2733615",0,0
"2733616",0,0
"2733617",0,0
"2733619",0,0
"2733620",0,0
"2733622",0,0
"2733624",0,0
"2733625",0,0
"2733627",0,0
"2733628",0,0
"2733630",0,0
"2733631",0,0
"2733632",0,0
"2733633",0,0
"2733635",0,0
"2733637",0,0
"2733638",0,0
"2733639",0,0
"2733640",0,0
"2733641",0,0
"2733642",0,0
"2733643",0,0
"2733645",0,0
"2733646",0,0
"2733647",0,0
"2733648",0,0
"2733649",0,0
"2733650",0,0
"2733651",0,0
"2733652",0,0
"2733653",0,0
"2733654",0,0
"2733655",0,0
"2733657",0,0
"2733658",0,0
"2733659",0,0
"2733660",0,0
"2733664",0,0
"2733666",0,0
"2733667",0,0
"2733669",0,0
"2733670",0,0
"2733672",0,0
"2733674",0,0
"2733675",0,0
"2733676",0,0
"2733677",0,0
"2733678",0,0
"2733679",0,0
"2733680",0,0
"2733682",0,0
"2733683",0,0
"2733684",0,0
"2733685",0,0
"2733870",0,0
"2733871",0,0
"2733872",0,0
"2733873",0,0
"2733874",0,0
"2733875",0,0
"2733876",0,0
"2733878",0,0
"2733879",0,0
"2733880",0,0
"2733881",0,0
"2733882",0,0
"2733884",0,0
"2733885",0,0
"2733889",0,0
"2733890",0,0
"2733891",0,0
"2733893",0,0
"2733894",0,0
"2733897",0,0
"2733899",0,0
"2733900",0,0
"2733901",0,0
"2733902",0,0
"2733903",0,0
"2733904",0,0
"2733905",0,0
"2733907",0,0
"2733916",0,0
"2733917",0,0
"2733921",0,0
"2733929",0,0
"2733930",0,0
"2733931",0,0
"2733932",0,0
"2733933",0,0
"2733934",0,0
"2733935",0,0
"2733936",0,0
"2733940",0,0
"2733942",0,0
"2733943",0,0
"2733944",0,0
"2733948",0,0
"2733949",0,0
"2733950",0,0
"2733953",0,0
"2733955",0,0
"2733957",0,0
"2733960",0,0
"2733961",0,0
"2733962",0,0
"2733963",0,0
"2733964",0,0
"2733965",0,0
"2733967",0,0
"2733968",0,0
"2733969",0,0
"2733970",0,0
"2733971",0,0
"2733972",0,0
"2733974",0,0
"2733976",0,0
"2733977",0,0
"2733978",0,0
"2733979",0,0
"2733981",0,0
"2733982",0,0
"2733983",0,0
"2733984",0,0
"2733986",0,0
"2733987",0,0
"2733988",0,0
"2733989",0,0
"2733990",0,0
"2733991",0,0
"2733992",0,0
"2733993",0,0
"2733994",0,0
"2733995",0,0
"2733998",0,0
"2734000",0,0
"2734001",0,0
"2734003",0,0
"2734005",0,0
"2734007",0,0
"2734008",0,0
"2734009",0,0
"2734010",0,0
"2734011",0,0
"2734012",0,0
"2734013",0,0
"2734014",0,0
"2734015",0,0
"2734016",0,0
"2734018",0,0
"2734019",0,0
"2734021",0,0
"2734022",0,0
"2734023",0,0
"2734024",0,0
"2734025",0,0
"2734026",0,0
"2734028",0,0
"2734029",0,0
"2734031",0,0
"2734032",0,0
"2734033",0,0
"2734034",0,0
"2734035",0,0
"2734036",0,0
"2734037",0,0
"2734038",0,0
"2734040",0,0
"2734042",0,0
"2734044",0,0
"2734047",0,0
"2734048",0,0
"2734049",0,0
"2734051",0,0
"2734052",0,0
"2734057",0,0
"2734059",0,0
"2734061",0,0
"2734064",0,0
"2734070",0,0
"2734072",0,0
"2734073",0,0
"2734078",0,0
"2734082",0,0
"2734085",0,0
"2734086",0,0
"2734092",0,0
"2734093",0,0
"2734094",0,0
"2734097",0,0
"2734098",0,0
"2734100",0,0
"2734105",0,0
"2734106",0,0
"2734110",0,0
"2734113",0,0
"2734114",0,0
"2734115",0,0
"2734117",0,0
"2734121",0,0
"2734124",0,0
"2734130",0,0
"2734131",0,0
"2734132",0,0
"2734133",0,0
"2734136",0,0
"2734137",0,0
"2734139",0,0
"2734146",0,0
"2734152",0,0
"2734154",0,0
"2734155",0,0
"2734156",0,0
"2734157",0,0
"2734161",0,0
"2734162",0,0
"2734163",0,0
"2734186",0,0
"2734197",0,0
"2734204",0,0
"2734206",0,0
"2734207",0,0
"2734208",0,0
"2734210",0,0
"2734211",0,0
"2734212",0,0
"2734216",0,0
"2734231",0,0
"2734232",0,0
"2734233",0,0
"2734234",0,0
"2734235",0,0
"2734244",0,0
"2734257",0,0
"2734265",0,0
"2734267",0,0
"2734275",0,0
"2734294",0,0
"2734295",0,0
"2734328",0,0
"2734332",0,0
"2734334",0,0
"2734335",0,0
"2734336",0,0
"2734339",0,0
"2734340",0,0
"2734341",0,0
"2734345",0,0
"2734347",0,0
"2734348",0,0
"2734349",0,0
"2734350",0,0
"2734351",0,0
"2734352",0,0
"2734366",0,0
"2734367",0,0
"2734368",0,0
"2734370",0,0
"2734371",0,0
"2734372",0,0
"2734373",0,0
"2734374",0,0
"2734375",0,0
"2734376",0,0
"2734377",0,0
"2734379",0,0
"2734380",0,0
"2734382",0,0
"2734384",0,0
"2734385",0,0
"2734386",0,0
"2734387",0,0
"2734388",0,0
"2734389",0,0
"2734390",0,0
"2734392",0,0
"2734394",0,0
"2734395",0,0
"2734396",0,0
"2734397",0,0
"2734398",0,0
"2734399",0,0
"2734400",0,0
"2734401",0,0
"2734402",0,0
"2734403",0,0
"2734405",0,0
"2734406",0,0
"2734408",0,0
"2734409",0,0
"2734410",0,0
"2734414",0,0
"2734418",0,0
"2734422",0,0
"2734427",0,0
"2734433",0,0
"2734434",0,0
"2734435",0,0
"2734436",0,0
"2734437",0,0
"2734438",0,0
"2734439",0,0
"2734484",0,0
"2734485",0,0
"2734488",0,0
"2734489",0,0
"2734500",0,0
"2734501",0,0
"2734502",0,0
"2734503",0,0
"2734511",0,0
"2734512",0,0
"2734513",0,0
"2734515",0,0
"2734518",0,0
"2734519",0,0
"2734523",0,0
"2734524",0,0
"2734525",0,0
"2734535",0,0
"2734536",0,0
"2734551",0,0
"2734554",0,0
"2734555",0,0
"2734560",0,0
"2734561",0,0
"2734564",0,0
"2734566",0,0
"2734567",0,0
"2734568",0,0
"2734569",0,0
"2734570",0,0
"2734574",0,0
"2734582",0,0
"2734588",0,0
"2734591",0,0
"2734592",0,0
"2734595",0,0
"2734846",0,0
"2735301",0,0
"2736192",0,0
"2736272",0,0
"2736647",0,0
"2736691",0,0
"2737068",0,0
"2737072",0,0
"2737073",0,0
"273810",0,0
"2738125",0,0
"2738413",0,0
"2738469",0,0
"2738555",0,0
"2738980",0,0
"2739834",0,0
"2740297",0,0
"2741068",0,0
"2741642",0,0
"2741717",0,0
"2741801",0,0
"2742113",0,0
"2742620",0,0
"2742621",0,0
"2742628",0,0
"2742631",0,0
"2742640",0,0
"2742642",0,0
"2742643",0,0
"2742644",0,0
"2742647",0,0
"2742669",0,0
"2742671",0,0
"2742717",0,0
"2742948",0,0
"2743971",0,0
"2744412",0,0
"2745133",0,0
"2745566",0,0
"2745890",0,0
"2745891",0,0
"2745892",0,0
"2745893",0,0
"2745894",0,0
"2745895",0,0
"2746248",0,0
"2746363",0,0
"2746925",0,0
"2746928",0,0
"2747210",0,0
"2747317",0,0
"2747319",0,0
"2747323",0,0
"2747343",0,0
"2747493",0,0
"2747940",0,0
"2748241",0,0
"2748244",0,0
"2748249",0,0
"2748250",0,0
"2748254",0,0
"2748302",0,0
"2748378",0,0
"2748762",0,0
"2748764",0,0
"2748958",0,0
"2748959",0,0
"2748967",0,0
"2748968",0,0
"2748973",0,0
"2749260",0,0
"2749412",0,0
"2749927",0,0
"2749931",0,0
"2749935",0,0
"2750853",0,0
"2751480",0,0
"2752331",0,0
"2753656",0,0
"2754975",0,0
"2754999",0,0
"2755000",0,0
"2755147",0,0
"2755482",0,0
"2755483",0,0
"2755484",0,0
"2759195",0,0
"2759197",0,0
"2759395",0,0
"2759404",0,0
"2759405",0,0
"2759407",0,0
"2759464",0,0
"2759706",0,0
"2762389",0,0
"2762426",0,0
"2762427",0,0
"2762429",0,0
"2762819",0,0
"2763527",0,0
"2763529",0,0
"2763531",0,0
"2763538",0,0
"2764701",0,0
"2766566",0,0
"2767029",0,0
"2767265",0,0
"2767553",0,0
"2767892",0,0
"2769078",0,0
"2769516",0,0
"2770092",0,0
"2771210",0,0
"2771212",0,0
"2771380",0,0
"2771381",0,0
"2776148",0,0
"2776703",0,0
"2776813",0,0
"2776864",0,0
"2777364",0,0
"2777710",0,0
"2777947",0,0
"2777957",0,0
"2778671",0,0
"277944",0,0
"2781641",0,0
"2782564",0,0
"2783546",0,0
"2783549",0,0
"2783667",0,0
"2783669",0,0
"2785212",0,0
"2787157",0,0
"2789855",0,0
"2790029",0,0
"2791164",0,0
"2791982",0,0
"2793719",0,0
"2793721",0,0
"2793722",0,0
"2793723",0,0
"2793728",0,0
"2793733",0,0
"2793737",0,0
"2793738",0,0
"2793742",0,0
"2793743",0,0
"2793799",0,0
"2794574",0,0
"2794960",0,0
"2795181",0,0
"279538",0,0
"279539",0,0
"2795688",0,0
"2795689",0,0
"2795745",0,0
"2797303",0,0
"2798807",0,0
"2799672",0,0
"2801354",0,0
"2801356",0,0
"2801357",0,0
"2801553",0,0
"2801566",0,0
"2802554",0,0
"2803865",0,0
"2803971",0,0
"2805939",0,0
"280701",0,0
"280702",0,0
"2807625",0,0
"2809160",0,0
"2810370",0,0
"2810799",0,0
"2810802",0,0
"2810803",0,0
"2810810",0,0
"2811963",0,0
"2812031",0,0
"2813673",0,0
"2813777",0,0
"2814367",0,0
"2816460",0,0
"2816467",0,0
"2816839",0,0
"2816840",0,0
"2816906",0,0
"2816909",0,0
"2816911",0,0
"2816951",0,0
"2816952",0,0
"2816953",0,0
"2817418",0,0
"2817738",0,0
"2818228",0,0
"2819097",0,0
"2819102",0,0
"2819996",0,0
"2819997",0,0
"2820395",0,0
"2820912",0,0
"282263",0,0
"2822843",0,0
"2822848",0,0
"2822864",0,0
"2824520",0,0
"2824522",0,0
"2824647",0,0
"2825847",0,0
"282712",0,0
"2827437",0,0
"2827439",0,0
"282786",0,0
"2829367",0,0
"28295",0,0
"2829835",0,0
"2829836",0,0
"2829853",0,0
"28300",0,0
"2830843",0,0
"2831178",0,0
"2831671",0,0
"2831966",0,0
"2831969",0,0
"28322",0,0
"2833771",0,0
"2833772",0,0
"2834247",0,0
"2834265",0,0
"2834422",0,0
"28347",0,0
"28350",0,0
"28355",0,0
"2835654",0,0
"2835936",0,0
"2835941",0,0
"2836011",0,0
"2836044",0,0
"2836105",0,0
"2836132",0,0
"2836135",0,0
"2836142",0,0
"2836297",0,0
"2836364",0,0
"2836366",0,0
"28375",0,0
"2838076",0,0
"2838077",0,0
"2838134",0,0
"283824",0,0
"2838328",0,0
"2838395",0,0
"2839003",0,0
"2840070",0,0
"2841037",0,0
"2841279",0,0
"2841283",0,0
"2841300",0,0
"2841302",0,0
"2842319",0,0
"2842328",0,0
"2842332",0,0
"2842333",0,0
"2842394",0,0
"28425",0,0
"2842545",0,0
"2842570",0,0
"2842573",0,0
"2842583",0,0
"2842593",0,0
"2842620",0,0
"2842639",0,0
"2842710",0,0
"2842711",0,0
"2842716",0,0
"2842721",0,0
"2842727",0,0
"2842738",0,0
"2842740",0,0
"2842751",0,0
"2842752",0,0
"2842756",0,0
"2842816",0,0
"2842828",0,0
"2842862",0,0
"2842870",0,0
"2842934",0,0
"2842946",0,0
"2842950",0,0
"2842966",0,0
"2842993",0,0
"2843048",0,0
"2843096",0,0
"2843109",0,0
"2843141",0,0
"2843161",0,0
"2843343",0,0
"2843346",0,0
"2843368",0,0
"2843370",0,0
"2843383",0,0
"2843384",0,0
"2843388",0,0
"2843403",0,0
"2843414",0,0
"2843416",0,0
"2843418",0,0
"2843419",0,0
"2843425",0,0
"2843426",0,0
"2843428",0,0
"2843435",0,0
"2843440",0,0
"2843445",0,0
"2843455",0,0
"2843458",0,0
"2843470",0,0
"2843476",0,0
"2843482",0,0
"2843613",0,0
"2843615",0,0
"2843616",0,0
"2843619",0,0
"2843620",0,0
"2843622",0,0
"2843623",0,0
"2843624",0,0
"2843626",0,0
"2843627",0,0
"2843629",0,0
"2843631",0,0
"2843632",0,0
"2843633",0,0
"2843634",0,0
"2843636",0,0
"2843637",0,0
"2843638",0,0
"2843639",0,0
"2843640",0,0
"2843643",0,0
"2843644",0,0
"2843647",0,0
"2843648",0,0
"2843652",0,0
"2843654",0,0
"2843655",0,0
"2843656",0,0
"2843657",0,0
"2843658",0,0
"2843659",0,0
"2843660",0,0
"2843661",0,0
"2843663",0,0
"2843664",0,0
"2843666",0,0
"2843668",0,0
"2843672",0,0
"2843673",0,0
"2843674",0,0
"2843675",0,0
"2843676",0,0
"2843678",0,0
"2843679",0,0
"2843680",0,0
"2843681",0,0
"2843682",0,0
"2843683",0,0
"2843684",0,0
"2843685",0,0
"2843686",0,0
"2843687",0,0
"2843688",0,0
"2843689",0,0
"2843690",0,0
"2843691",0,0
"2843692",0,0
"2843693",0,0
"2843695",0,0
"2843696",0,0
"2843697",0,0
"2843698",0,0
"2843699",0,0
"2843700",0,0
"2843701",0,0
"2843702",0,0
"2843703",0,0
"2843704",0,0
"2843705",0,0
"2843706",0,0
"2843707",0,0
"2843708",0,0
"2843709",0,0
"2843710",0,0
"2843711",0,0
"2843712",0,0
"2843713",0,0
"2843714",0,0
"2843715",0,0
"2843716",0,0
"2843719",0,0
"2843720",0,0
"2843721",0,0
"2843737",0,0
"2843738",0,0
"2843739",0,0
"2843740",0,0
"2843741",0,0
"2843742",0,0
"2843743",0,0
"2843745",0,0
"2843747",0,0
"2843757",0,0
"2843758",0,0
"2843761",0,0
"2843762",0,0
"2843763",0,0
"2843764",0,0
"2843767",0,0
"2843769",0,0
"2843771",0,0
"2843772",0,0
"2843773",0,0
"2843774",0,0
"2843777",0,0
"2843778",0,0
"2843779",0,0
"2843781",0,0
"2843782",0,0
"2843783",0,0
"2843784",0,0
"2843785",0,0
"2843786",0,0
"2843790",0,0
"2843792",0,0
"2843795",0,0
"2843796",0,0
"2843798",0,0
"2843799",0,0
"2843800",0,0
"2843801",0,0
"2843803",0,0
"2843804",0,0
"2843805",0,0
"2843809",0,0
"2843810",0,0
"2843811",0,0
"2843812",0,0
"2843813",0,0
"2843814",0,0
"2843815",0,0
"2843816",0,0
"2843817",0,0
"2843819",0,0
"2843821",0,0
"2843822",0,0
"2843823",0,0
"2843824",0,0
"2843825",0,0
"2843826",0,0
"2843827",0,0
"2843828",0,0
"2843829",0,0
"2843832",0,0
"2843834",0,0
"2843835",0,0
"2843836",0,0
"2843838",0,0
"2843840",0,0
"2843842",0,0
"2843843",0,0
"2843844",0,0
"2843845",0,0
"2843846",0,0
"2843847",0,0
"2843848",0,0
"2843849",0,0
"2843850",0,0
"2843851",0,0
"2843852",0,0
"2843854",0,0
"2843855",0,0
"2843857",0,0
"2843858",0,0
"2843859",0,0
"2843860",0,0
"2843861",0,0
"2843862",0,0
"2843863",0,0
"2843864",0,0
"2843865",0,0
"2843867",0,0
"2843868",0,0
"2843869",0,0
"2843870",0,0
"2843871",0,0
"2843872",0,0
"2843873",0,0
"2843874",0,0
"2843875",0,0
"2843876",0,0
"2843877",0,0
"2843878",0,0
"2843879",0,0
"2843881",0,0
"2843883",0,0
"2843885",0,0
"2843886",0,0
"2843887",0,0
"2843888",0,0
"2843889",0,0
"2843890",0,0
"2843891",0,0
"2843892",0,0
"2843894",0,0
"2843899",0,0
"2843900",0,0
"2843902",0,0
"2843903",0,0
"2843904",0,0
"2843905",0,0
"2843907",0,0
"2843908",0,0
"2843909",0,0
"2843917",0,0
"2843918",0,0
"2843919",0,0
"2843920",0,0
"2843921",0,0
"2843922",0,0
"2843923",0,0
"2843924",0,0
"2843925",0,0
"2843926",0,0
"2843927",0,0
"2843928",0,0
"2843929",0,0
"2843932",0,0
"2843933",0,0
"2843934",0,0
"2843935",0,0
"2843937",0,0
"2843938",0,0
"2843939",0,0
"2843940",0,0
"2843942",0,0
"2843943",0,0
"2843944",0,0
"2843945",0,0
"2843946",0,0
"2843947",0,0
"2843948",0,0
"2843950",0,0
"2843951",0,0
"2843953",0,0
"2843954",0,0
"2843956",0,0
"2843957",0,0
"2843958",0,0
"2843959",0,0
"2843961",0,0
"2843965",0,0
"2843966",0,0
"2843967",0,0
"2843968",0,0
"2843969",0,0
"2843970",0,0
"2843972",0,0
"2843974",0,0
"2843979",0,0
"2843980",0,0
"2843984",0,0
"2843985",0,0
"2843987",0,0
"2843988",0,0
"2843989",0,0
"2843990",0,0
"2843991",0,0
"2843992",0,0
"2843993",0,0
"2843995",0,0
"2843996",0,0
"2843999",0,0
"2844001",0,0
"2844002",0,0
"2844003",0,0
"2844004",0,0
"2844005",0,0
"2844006",0,0
"2844007",0,0
"2844008",0,0
"2844009",0,0
"2844010",0,0
"2844013",0,0
"2844014",0,0
"2844019",0,0
"2844020",0,0
"2844027",0,0
"2844030",0,0
"2844034",0,0
"2844035",0,0
"2844036",0,0
"2844037",0,0
"2844038",0,0
"2844041",0,0
"2844042",0,0
"2844043",0,0
"2844044",0,0
"2844045",0,0
"2844046",0,0
"2844047",0,0
"2844048",0,0
"2844050",0,0
"2844051",0,0
"2844053",0,0
"2844054",0,0
"2844059",0,0
"2844063",0,0
"2844064",0,0
"2844066",0,0
"2844067",0,0
"2844068",0,0
"2844069",0,0
"2844074",0,0
"2844075",0,0
"2844078",0,0
"2844080",0,0
"2844081",0,0
"2844082",0,0
"2844083",0,0
"2844084",0,0
"2844086",0,0
"2844090",0,0
"2844092",0,0
"2844093",0,0
"2844094",0,0
"2844095",0,0
"2844096",0,0
"2844097",0,0
"2844098",0,0
"2844105",0,0
"2844106",0,0
"2844107",0,0
"2844109",0,0
"2844113",0,0
"2844116",0,0
"2844118",0,0
"2844119",0,0
"2844120",0,0
"2844123",0,0
"2844124",0,0
"2844126",0,0
"2844127",0,0
"2844128",0,0
"2844129",0,0
"2844130",0,0
"2844131",0,0
"2844134",0,0
"2844135",0,0
"2844138",0,0
"2844139",0,0
"2844140",0,0
"2844141",0,0
"2844142",0,0
"2844143",0,0
"2844144",0,0
"2844146",0,0
"2844147",0,0
"2844148",0,0
"2844149",0,0
"2844150",0,0
"2844151",0,0
"2844152",0,0
"2844153",0,0
"2844154",0,0
"2844155",0,0
"2844156",0,0
"2844158",0,0
"2844161",0,0
"2844166",0,0
"2844167",0,0
"2844168",0,0
"2844171",0,0
"2844178",0,0
"2844180",0,0
"2844181",0,0
"2844185",0,0
"2844186",0,0
"2844187",0,0
"2844188",0,0
"2844189",0,0
"2844190",0,0
"2844191",0,0
"2844194",0,0
"2844195",0,0
"2844197",0,0
"2844198",0,0
"2844199",0,0
"2844200",0,0
"2844201",0,0
"2844202",0,0
"2844203",0,0
"2844205",0,0
"2844206",0,0
"2844208",0,0
"2844209",0,0
"2844211",0,0
"2844212",0,0
"2844214",0,0
"2844215",0,0
"2844216",0,0
"2844220",0,0
"2844223",0,0
"2844225",0,0
"2844226",0,0
"2844227",0,0
"2844228",0,0
"2844229",0,0
"2844231",0,0
"2844232",0,0
"2844233",0,0
"2844234",0,0
"2844235",0,0
"2844238",0,0
"2844239",0,0
"2844240",0,0
"2844241",0,0
"2844242",0,0
"2844243",0,0
"2844245",0,0
"2844249",0,0
"2844252",0,0
"2844255",0,0
"2844256",0,0
"2844258",0,0
"2844259",0,0
"2844260",0,0
"2844261",0,0
"2844262",0,0
"2844263",0,0
"2844264",0,0
"2844265",0,0
"2844266",0,0
"2844267",0,0
"2844270",0,0
"2844271",0,0
"2844273",0,0
"2844275",0,0
"2844276",0,0
"2844277",0,0
"2844278",0,0
"2844280",0,0
"2844284",0,0
"2844286",0,0
"2844287",0,0
"2844288",0,0
"2844291",0,0
"2844292",0,0
"2844294",0,0
"2844295",0,0
"2844297",0,0
"2844298",0,0
"2844301",0,0
"2844302",0,0
"2844303",0,0
"2844304",0,0
"2844305",0,0
"2844307",0,0
"2844310",0,0
"2844311",0,0
"2844312",0,0
"2844405",0,0
"2844406",0,0
"2844407",0,0
"2844408",0,0
"2844409",0,0
"2844411",0,0
"2844412",0,0
"2844414",0,0
"2844415",0,0
"2844416",0,0
"2844417",0,0
"2844418",0,0
"2844419",0,0
"2844424",0,0
"2844425",0,0
"2844426",0,0
"2844427",0,0
"2844428",0,0
"2844429",0,0
"2844430",0,0
"2844431",0,0
"2844433",0,0
"2844436",0,0
"2844437",0,0
"2844440",0,0
"2844441",0,0
"2844442",0,0
"2844443",0,0
"2844444",0,0
"2844445",0,0
"2844446",0,0
"2844447",0,0
"2844456",0,0
"2844457",0,0
"2844460",0,0
"2844461",0,0
"2844463",0,0
"2844464",0,0
"2844465",0,0
"2844466",0,0
"2844467",0,0
"2844468",0,0
"2844469",0,0
"2844471",0,0
"2844472",0,0
"2844474",0,0
"2844475",0,0
"2844476",0,0
"2844477",0,0
"2844483",0,0
"2844484",0,0
"2844485",0,0
"2844498",0,0
"2844500",0,0
"2844501",0,0
"2844502",0,0
"2844505",0,0
"2844506",0,0
"2844507",0,0
"2844508",0,0
"2844509",0,0
"2844510",0,0
"2844511",0,0
"2844512",0,0
"2844513",0,0
"2844514",0,0
"2844515",0,0
"2844516",0,0
"2844518",0,0
"2844519",0,0
"2844521",0,0
"2844522",0,0
"2844523",0,0
"2844524",0,0
"2844525",0,0
"2844526",0,0
"2844527",0,0
"2844528",0,0
"2844529",0,0
"2844530",0,0
"2844531",0,0
"2844533",0,0
"2844535",0,0
"2844536",0,0
"2844537",0,0
"2844538",0,0
"2844539",0,0
"2844540",0,0
"2844541",0,0
"2844542",0,0
"2844543",0,0
"2844544",0,0
"2844548",0,0
"2844549",0,0
"2844550",0,0
"2844551",0,0
"2844552",0,0
"2844553",0,0
"2844554",0,0
"2844555",0,0
"2844558",0,0
"2844559",0,0
"2844560",0,0
"2844561",0,0
"2844562",0,0
"2844563",0,0
"2844564",0,0
"2844565",0,0
"2844566",0,0
"2844567",0,0
"2844568",0,0
"2844569",0,0
"2844571",0,0
"2844572",0,0
"2844575",0,0
"2844576",0,0
"2844577",0,0
"2844578",0,0
"2844579",0,0
"2844580",0,0
"2844581",0,0
"2844582",0,0
"2844583",0,0
"2844585",0,0
"2844587",0,0
"2844588",0,0
"2844590",0,0
"2844595",0,0
"2844597",0,0
"2844599",0,0
"2844600",0,0
"2844603",0,0
"2844609",0,0
"2844610",0,0
"2844611",0,0
"2844612",0,0
"2844613",0,0
"2844614",0,0
"2844616",0,0
"2844618",0,0
"2844619",0,0
"2844620",0,0
"2844621",0,0
"2844625",0,0
"2844626",0,0
"2844627",0,0
"2844628",0,0
"2844629",0,0
"2844630",0,0
"2844632",0,0
"2844636",0,0
"2844638",0,0
"2844639",0,0
"2844640",0,0
"2844641",0,0
"2844642",0,0
"2844643",0,0
"2844645",0,0
"2844646",0,0
"2844649",0,0
"2844650",0,0
"2844651",0,0
"2844652",0,0
"2844653",0,0
"2844655",0,0
"2844656",0,0
"2844657",0,0
"2844659",0,0
"2844664",0,0
"2844668",0,0
"2844672",0,0
"2844673",0,0
"2844676",0,0
"2844678",0,0
"2844679",0,0
"2844681",0,0
"2844689",0,0
"2844690",0,0
"2844691",0,0
"2844692",0,0
"2844693",0,0
"2844694",0,0
"2844695",0,0
"2844697",0,0
"2844698",0,0
"2844699",0,0
"2844700",0,0
"2844701",0,0
"2844702",0,0
"2844703",0,0
"2844704",0,0
"2844705",0,0
"2844706",0,0
"2844707",0,0
"2844708",0,0
"2844709",0,0
"2844711",0,0
"2844712",0,0
"2844713",0,0
"2844714",0,0
"2844715",0,0
"2844716",0,0
"2844718",0,0
"2844719",0,0
"2844720",0,0
"2844721",0,0
"2844723",0,0
"2844724",0,0
"2844725",0,0
"2844726",0,0
"2844727",0,0
"2844728",0,0
"2844729",0,0
"2844730",0,0
"2844731",0,0
"2844732",0,0
"2844734",0,0
"2844735",0,0
"2844736",0,0
"2844737",0,0
"2844738",0,0
"2844739",0,0
"2844740",0,0
"2844741",0,0
"2844742",0,0
"2844743",0,0
"2844744",0,0
"2844745",0,0
"2844746",0,0
"2844747",0,0
"2844748",0,0
"2844749",0,0
"2844750",0,0
"2844751",0,0
"2844752",0,0
"2844753",0,0
"2844754",0,0
"2844755",0,0
"2844756",0,0
"2844757",0,0
"2844758",0,0
"2844760",0,0
"2844761",0,0
"2844762",0,0
"2844763",0,0
"2844764",0,0
"2844765",0,0
"2844766",0,0
"2844767",0,0
"2844769",0,0
"2844770",0,0
"2844771",0,0
"2844772",0,0
"2844773",0,0
"2844774",0,0
"2844775",0,0
"2844776",0,0
"2844778",0,0
"2844780",0,0
"2844781",0,0
"2844782",0,0
"2844784",0,0
"2844785",0,0
"2844787",0,0
"2844790",0,0
"2844793",0,0
"2844794",0,0
"2844795",0,0
"2844796",0,0
"2844799",0,0
"2844800",0,0
"2844802",0,0
"2844804",0,0
"2844806",0,0
"2844808",0,0
"2844809",0,0
"2844810",0,0
"2844811",0,0
"2844816",0,0
"2844818",0,0
"2844819",0,0
"2844822",0,0
"2844825",0,0
"2844826",0,0
"2844830",0,0
"2844831",0,0
"2844832",0,0
"2844833",0,0
"2844834",0,0
"2844835",0,0
"2844837",0,0
"2844838",0,0
"2844839",0,0
"2844842",0,0
"2844843",0,0
"2844846",0,0
"2844847",0,0
"2844848",0,0
"2844849",0,0
"2844850",0,0
"2844851",0,0
"2844852",0,0
"2844857",0,0
"2844858",0,0
"2844859",0,0
"2844861",0,0
"2844862",0,0
"2844961",0,0
"2844962",0,0
"2844963",0,0
"2844965",0,0
"2844966",0,0
"2844970",0,0
"2844971",0,0
"2844972",0,0
"2844973",0,0
"2844974",0,0
"2844975",0,0
"2844977",0,0
"2844978",0,0
"2844981",0,0
"2844983",0,0
"2844985",0,0
"2844986",0,0
"2844987",0,0
"2844989",0,0
"2844994",0,0
"2844995",0,0
"2844996",0,0
"2844997",0,0
"2844999",0,0
"2845001",0,0
"2845003",0,0
"2845004",0,0
"2845005",0,0
"2845006",0,0
"2845007",0,0
"2845008",0,0
"2845009",0,0
"2845010",0,0
"2845012",0,0
"2845013",0,0
"2845014",0,0
"2845015",0,0
"2845017",0,0
"2845018",0,0
"2845019",0,0
"2845020",0,0
"2845023",0,0
"2845024",0,0
"2845025",0,0
"2845026",0,0
"2845027",0,0
"2845028",0,0
"2845031",0,0
"2845033",0,0
"2845034",0,0
"2845035",0,0
"2845036",0,0
"2845037",0,0
"2845038",0,0
"2845039",0,0
"2845041",0,0
"2845042",0,0
"2845043",0,0
"2845044",0,0
"2845045",0,0
"2845046",0,0
"2845047",0,0
"2845048",0,0
"2845049",0,0
"2845050",0,0
"2845051",0,0
"2845052",0,0
"2845054",0,0
"2845055",0,0
"2845056",0,0
"2845057",0,0
"2845060",0,0
"2845061",0,0
"2845064",0,0
"2845066",0,0
"2845069",0,0
"2845070",0,0
"2845073",0,0
"2845074",0,0
"2845075",0,0
"2845076",0,0
"2845077",0,0
"2845078",0,0
"2845080",0,0
"2845081",0,0
"2845082",0,0
"2845084",0,0
"2845085",0,0
"2845086",0,0
"2845087",0,0
"2845089",0,0
"2845094",0,0
"2845095",0,0
"2845103",0,0
"2845104",0,0
"2845105",0,0
"2845107",0,0
"2845109",0,0
"2845110",0,0
"2845112",0,0
"2845113",0,0
"2845114",0,0
"2845115",0,0
"2845116",0,0
"2845117",0,0
"2845118",0,0
"2845119",0,0
"2845122",0,0
"2845128",0,0
"2845130",0,0
"2845131",0,0
"2845134",0,0
"2845135",0,0
"2845136",0,0
"2845138",0,0
"2845142",0,0
"2845143",0,0
"2845145",0,0
"2845148",0,0
"2845149",0,0
"2845150",0,0
"2845152",0,0
"2845153",0,0
"2845154",0,0
"2845155",0,0
"2845156",0,0
"2845157",0,0
"2845159",0,0
"2845160",0,0
"2845161",0,0
"2845162",0,0
"2845163",0,0
"2845164",0,0
"2845165",0,0
"2845167",0,0
"2845168",0,0
"2845170",0,0
"2845171",0,0
"2845172",0,0
"2845173",0,0
"2845174",0,0
"2845175",0,0
"2845176",0,0
"2845177",0,0
"2845178",0,0
"2845180",0,0
"2845181",0,0
"2845182",0,0
"2845183",0,0
"2845185",0,0
"2845186",0,0
"2845187",0,0
"2845188",0,0
"2845190",0,0
"2845191",0,0
"2845386",0,0
"2845387",0,0
"2845388",0,0
"2845389",0,0
"2845390",0,0
"2845391",0,0
"2845392",0,0
"2845393",0,0
"2845394",0,0
"2845395",0,0
"2845396",0,0
"2845397",0,0
"2845398",0,0
"2845399",0,0
"2845400",0,0
"2845401",0,0
"2845402",0,0
"2845403",0,0
"2845404",0,0
"2845405",0,0
"2845406",0,0
"2845407",0,0
"2845409",0,0
"2845410",0,0
"2845411",0,0
"2845412",0,0
"2845413",0,0
"2845414",0,0
"2845419",0,0
"2845420",0,0
"2845422",0,0
"2845426",0,0
"2845427",0,0
"2845428",0,0
"2845431",0,0
"2845432",0,0
"2845433",0,0
"2845435",0,0
"2845436",0,0
"2845438",0,0
"2845439",0,0
"2845440",0,0
"2845441",0,0
"2845445",0,0
"2845446",0,0
"2845447",0,0
"2845448",0,0
"2845449",0,0
"2845450",0,0
"2845455",0,0
"2845456",0,0
"2845458",0,0
"2845460",0,0
"2845461",0,0
"2845462",0,0
"2845463",0,0
"2845464",0,0
"2845465",0,0
"2845466",0,0
"2845467",0,0
"2845469",0,0
"2845470",0,0
"2845472",0,0
"2845473",0,0
"2845474",0,0
"2845475",0,0
"2845476",0,0
"2845477",0,0
"2845478",0,0
"2845479",0,0
"2845480",0,0
"2845481",0,0
"2845482",0,0
"2845483",0,0
"2845484",0,0
"2845485",0,0
"2845486",0,0
"2845487",0,0
"2845489",0,0
"2845490",0,0
"2845491",0,0
"2845492",0,0
"2845493",0,0
"2845494",0,0
"2845497",0,0
"2845498",0,0
"2845499",0,0
"2845501",0,0
"2845502",0,0
"2845503",0,0
"2845504",0,0
"2845509",0,0
"2845511",0,0
"2845512",0,0
"2845513",0,0
"2845517",0,0
"2845519",0,0
"2845520",0,0
"2845523",0,0
"2845525",0,0
"2845527",0,0
"2845528",0,0
"2845529",0,0
"2845530",0,0
"2845531",0,0
"2845532",0,0
"2845533",0,0
"2845534",0,0
"2845536",0,0
"2845537",0,0
"2845538",0,0
"2845539",0,0
"2845544",0,0
"2845548",0,0
"2845550",0,0
"2845552",0,0
"2845553",0,0
"2845556",0,0
"2845557",0,0
"2845558",0,0
"2845559",0,0
"2845562",0,0
"2845564",0,0
"2845565",0,0
"2845569",0,0
"2845570",0,0
"2845573",0,0
"2845574",0,0
"2845575",0,0
"2845577",0,0
"2845578",0,0
"2845579",0,0
"2845580",0,0
"2845583",0,0
"2845584",0,0
"2845585",0,0
"2845597",0,0
"2845600",0,0
"2845601",0,0
"2845603",0,0
"2845604",0,0
"2845605",0,0
"2845606",0,0
"2845607",0,0
"2845608",0,0
"2845610",0,0
"2845611",0,0
"2845612",0,0
"2845613",0,0
"2845614",0,0
"2845615",0,0
"2845617",0,0
"2845618",0,0
"2845619",0,0
"2845620",0,0
"2845622",0,0
"2845623",0,0
"2845625",0,0
"2845626",0,0
"2845631",0,0
"2845632",0,0
"2845634",0,0
"2845635",0,0
"2845636",0,0
"2845637",0,0
"2845638",0,0
"2845639",0,0
"2845640",0,0
"2845641",0,0
"2845642",0,0
"2845643",0,0
"2845644",0,0
"2845647",0,0
"2845653",0,0
"2845659",0,0
"2845660",0,0
"2845661",0,0
"2845662",0,0
"2845664",0,0
"2845666",0,0
"2845667",0,0
"2845669",0,0
"2845670",0,0
"2845671",0,0
"2845672",0,0
"2845673",0,0
"2845674",0,0
"2845675",0,0
"2845676",0,0
"2845678",0,0
"2845679",0,0
"2845680",0,0
"2845681",0,0
"2845682",0,0
"2845683",0,0
"2845685",0,0
"2845686",0,0
"2845688",0,0
"2845689",0,0
"2845690",0,0
"2845691",0,0
"2845692",0,0
"2845693",0,0
"2845695",0,0
"2845697",0,0
"2845698",0,0
"2845699",0,0
"2845700",0,0
"2845701",0,0
"2845702",0,0
"2845703",0,0
"2845704",0,0
"2845705",0,0
"2845706",0,0
"2845707",0,0
"2845709",0,0
"2845710",0,0
"2845711",0,0
"2845712",0,0
"2845713",0,0
"2845714",0,0
"2845715",0,0
"2845716",0,0
"2845718",0,0
"2845720",0,0
"2845721",0,0
"2845722",0,0
"2845723",0,0
"2845724",0,0
"2845725",0,0
"2845726",0,0
"2845728",0,0
"2845729",0,0
"2845730",0,0
"2845733",0,0
"2845741",0,0
"2845743",0,0
"2845744",0,0
"2845749",0,0
"2845751",0,0
"2845752",0,0
"2845753",0,0
"2845754",0,0
"2845755",0,0
"2845757",0,0
"2845759",0,0
"2845760",0,0
"2845767",0,0
"2845768",0,0
"2845771",0,0
"2845773",0,0
"2845774",0,0
"2845775",0,0
"2845776",0,0
"2845777",0,0
"2845778",0,0
"2845779",0,0
"2845780",0,0
"2845781",0,0
"2845782",0,0
"2845785",0,0
"2845786",0,0
"2845787",0,0
"2845788",0,0
"2845789",0,0
"2845790",0,0
"2845791",0,0
"2845793",0,0
"2845794",0,0
"2845795",0,0
"2845796",0,0
"2845798",0,0
"2845799",0,0
"2845801",0,0
"2845802",0,0
"2845804",0,0
"2845805",0,0
"2845806",0,0
"2845807",0,0
"2845831",0,0
"2845832",0,0
"2845833",0,0
"2845834",0,0
"2845835",0,0
"2845836",0,0
"2845838",0,0
"2845839",0,0
"2845840",0,0
"2845841",0,0
"2845842",0,0
"2845843",0,0
"2845845",0,0
"2845846",0,0
"2845847",0,0
"2845848",0,0
"2845849",0,0
"2845852",0,0
"2845854",0,0
"2845855",0,0
"2845856",0,0
"2845857",0,0
"2845858",0,0
"2845859",0,0
"2845860",0,0
"2845861",0,0
"2845862",0,0
"2845863",0,0
"2845864",0,0
"2845865",0,0
"2845866",0,0
"2845867",0,0
"2845868",0,0
"2845869",0,0
"2845870",0,0
"2845872",0,0
"2845874",0,0
"2845875",0,0
"2845877",0,0
"2845878",0,0
"2845883",0,0
"2845885",0,0
"2845886",0,0
"2845887",0,0
"2845888",0,0
"2845889",0,0
"2845893",0,0
"2845895",0,0
"2845896",0,0
"2845897",0,0
"2845899",0,0
"2845900",0,0
"2845902",0,0
"2845903",0,0
"2845905",0,0
"2845906",0,0
"2845909",0,0
"2845924",0,0
"2845933",0,0
"2845934",0,0
"2845935",0,0
"2845936",0,0
"2845940",0,0
"2845941",0,0
"2845942",0,0
"2845943",0,0
"2845944",0,0
"2845945",0,0
"2845946",0,0
"2845947",0,0
"2845948",0,0
"2845950",0,0
"2845951",0,0
"2845952",0,0
"2845953",0,0
"2845956",0,0
"2845957",0,0
"2845958",0,0
"2845959",0,0
"2845960",0,0
"2845961",0,0
"2845962",0,0
"2845964",0,0
"2845965",0,0
"2845968",0,0
"2845971",0,0
"2845974",0,0
"2845978",0,0
"2845979",0,0
"2845981",0,0
"2845982",0,0
"2845983",0,0
"2845984",0,0
"2845985",0,0
"2845987",0,0
"2845988",0,0
"2845989",0,0
"2845990",0,0
"2845991",0,0
"2845992",0,0
"2845993",0,0
"2845994",0,0
"2845995",0,0
"2845996",0,0
"2845997",0,0
"2845998",0,0
"2845999",0,0
"2846000",0,0
"2846001",0,0
"2846002",0,0
"2846003",0,0
"2846005",0,0
"2846006",0,0
"2846007",0,0
"2846008",0,0
"2846009",0,0
"2846011",0,0
"2846015",0,0
"2846016",0,0
"2846017",0,0
"2846018",0,0
"2846020",0,0
"2846021",0,0
"2846022",0,0
"2846026",0,0
"2846029",0,0
"2846030",0,0
"2846031",0,0
"2846032",0,0
"2846033",0,0
"2846034",0,0
"2846035",0,0
"2846036",0,0
"2846037",0,0
"2846040",0,0
"2846042",0,0
"2846055",0,0
"2846058",0,0
"2846059",0,0
"2846065",0,0
"2846066",0,0
"2846067",0,0
"2846068",0,0
"2846069",0,0
"2846073",0,0
"2846074",0,0
"2846075",0,0
"2846076",0,0
"2846078",0,0
"2846079",0,0
"2846082",0,0
"2846084",0,0
"2846085",0,0
"2846087",0,0
"2846091",0,0
"2846092",0,0
"2846095",0,0
"2846096",0,0
"2846098",0,0
"2846099",0,0
"2846100",0,0
"2846101",0,0
"2846102",0,0
"2846103",0,0
"2846105",0,0
"2846106",0,0
"2846108",0,0
"2846109",0,0
"2846110",0,0
"2846111",0,0
"2846112",0,0
"2846113",0,0
"2846114",0,0
"2846115",0,0
"2846116",0,0
"2846117",0,0
"2846118",0,0
"2846119",0,0
"2846120",0,0
"2846121",0,0
"2846122",0,0
"2846123",0,0
"2846124",0,0
"2846125",0,0
"2846126",0,0
"2846127",0,0
"2846128",0,0
"2846129",0,0
"2846130",0,0
"2846132",0,0
"2846133",0,0
"2846134",0,0
"2846135",0,0
"2846136",0,0
"2846137",0,0
"2846138",0,0
"2846139",0,0
"2846140",0,0
"2846141",0,0
"2846142",0,0
"2846144",0,0
"2846146",0,0
"2846148",0,0
"2846149",0,0
"2846150",0,0
"2846153",0,0
"2846154",0,0
"2846156",0,0
"2846157",0,0
"2846158",0,0
"2846159",0,0
"2846160",0,0
"2846161",0,0
"2846165",0,0
"2846166",0,0
"2846168",0,0
"2846169",0,0
"2846170",0,0
"2846171",0,0
"2846172",0,0
"2846174",0,0
"2846175",0,0
"2846177",0,0
"2846180",0,0
"2846181",0,0
"2846183",0,0
"2846184",0,0
"2846186",0,0
"2846187",0,0
"2846188",0,0
"2846190",0,0
"2846191",0,0
"2846193",0,0
"2846195",0,0
"2846196",0,0
"2846198",0,0
"2846199",0,0
"2846203",0,0
"2846204",0,0
"2846205",0,0
"2846206",0,0
"2846208",0,0
"2846209",0,0
"2846210",0,0
"2846212",0,0
"2846214",0,0
"2846215",0,0
"2846226",0,0
"2846232",0,0
"2846233",0,0
"2846234",0,0
"2846235",0,0
"2846236",0,0
"2846237",0,0
"2846239",0,0
"2846241",0,0
"2846242",0,0
"2846243",0,0
"2846244",0,0
"2846253",0,0
"2846259",0,0
"2846262",0,0
"2846269",0,0
"2846271",0,0
"2846275",0,0
"2846286",0,0
"2846291",0,0
"2846302",0,0
"2846379",0,0
"2846383",0,0
"2846384",0,0
"2846385",0,0
"2846386",0,0
"2846387",0,0
"2846388",0,0
"2846397",0,0
"2846404",0,0
"2846406",0,0
"2846409",0,0
"2846410",0,0
"2846411",0,0
"2846413",0,0
"2846415",0,0
"2846416",0,0
"2846417",0,0
"2846418",0,0
"2846419",0,0
"2846420",0,0
"2846425",0,0
"2846426",0,0
"2846427",0,0
"2846429",0,0
"2846430",0,0
"2846431",0,0
"2846432",0,0
"2846434",0,0
"2846439",0,0
"2846440",0,0
"2846442",0,0
"2846443",0,0
"2846446",0,0
"2846447",0,0
"2846449",0,0
"2846450",0,0
"2846451",0,0
"2846454",0,0
"2846455",0,0
"2846570",0,0
"2846571",0,0
"2846572",0,0
"2846573",0,0
"2846576",0,0
"2846578",0,0
"2846579",0,0
"2846580",0,0
"2846581",0,0
"2846583",0,0
"2846584",0,0
"2846587",0,0
"2846588",0,0
"2846589",0,0
"2846590",0,0
"2846594",0,0
"2846595",0,0
"2846596",0,0
"2846597",0,0
"2846599",0,0
"2846601",0,0
"2846604",0,0
"2846606",0,0
"2846607",0,0
"2846608",0,0
"2846610",0,0
"2846612",0,0
"2846613",0,0
"2846614",0,0
"2846616",0,0
"2846617",0,0
"2846618",0,0
"2846620",0,0
"2846621",0,0
"2846622",0,0
"2846623",0,0
"2846624",0,0
"2846625",0,0
"2846626",0,0
"2846627",0,0
"2846629",0,0
"2846630",0,0
"2846631",0,0
"2846632",0,0
"2846634",0,0
"2846635",0,0
"2846636",0,0
"2846637",0,0
"2846638",0,0
"2846642",0,0
"2846643",0,0
"2846644",0,0
"2846645",0,0
"2846646",0,0
"2846647",0,0
"2846648",0,0
"2846649",0,0
"2846650",0,0
"2846652",0,0
"2846653",0,0
"2846654",0,0
"2846655",0,0
"2846656",0,0
"2846657",0,0
"2846661",0,0
"2846662",0,0
"2846663",0,0
"2846664",0,0
"2846665",0,0
"2846666",0,0
"2846667",0,0
"2846668",0,0
"2846670",0,0
"2846671",0,0
"2846673",0,0
"2846675",0,0
"2846676",0,0
"2846677",0,0
"2846678",0,0
"2846679",0,0
"2846680",0,0
"2846682",0,0
"2846683",0,0
"2846684",0,0
"2846685",0,0
"2846686",0,0
"2846687",0,0
"2846691",0,0
"2846692",0,0
"2846694",0,0
"2846695",0,0
"2846696",0,0
"2846700",0,0
"2846701",0,0
"2846739",0,0
"284687",0,0
"284688",0,0
"2849081",0,0
"2849244",0,0
"2849246",0,0
"2849625",0,0
"2849626",0,0
"2849972",0,0
"285013",0,0
"2850494",0,0
"2851069",0,0
"2851077",0,0
"2851980",0,0
"2851981",0,0
"2851982",0,0
"2852099",0,0
"2852116",0,0
"2855688",0,0
"2856573",0,0
"2857061",0,0
"2859474",0,0
"2859632",0,0
"2859658",0,0
"2860051",0,0
"2860269",0,0
"2860374",0,0
"2860396",0,0
"2860997",0,0
"2862773",0,0
"2862998",0,0
"2863193",0,0
"2863832",0,0
"2865672",0,0
"2865793",0,0
"2865794",0,0
"2865806",0,0
"2866198",0,0
"2866277",0,0
"2866663",0,0
"2866684",0,0
"2867479",0,0
"2867550",0,0
"2871166",0,0
"2872675",0,0
"2872676",0,0
"2872811",0,0
"2873234",0,0
"2873352",0,0
"2873372",0,0
"2873373",0,0
"2873534",0,0
"2873557",0,0
"2873951",0,0
"2874031",0,0
"287412",0,0
"2874141",0,0
"2874627",0,0
"2874879",0,0
"2874887",0,0
"2874888",0,0
"2874889",0,0
"2874890",0,0
"2875722",0,0
"2875723",0,0
"2875798",0,0
"2875839",0,0
"2875869",0,0
"2876597",0,0
"2876620",0,0
"2876789",0,0
"2877507",0,0
"2877511",0,0
"2877945",0,0
"2878088",0,0
"2879117",0,0
"2879287",0,0
"2879396",0,0
"2879398",0,0
"2879515",0,0
"2880839",0,0
"2880993",0,0
"288456",0,0
"2885687",0,0
"2885976",0,0
"2886209",0,0
"2886224",0,0
"2886398",0,0
"2886399",0,0
"2886400",0,0
"2886401",0,0
"2886402",0,0
"2886406",0,0
"28873",0,0
"28876",0,0
"28882",0,0
"28907",0,0
"2894297",0,0
"2894344",0,0
"2894356",0,0
"2894395",0,0
"2894588",0,0
"2894747",0,0
"2894793",0,0
"2894794",0,0
"2894795",0,0
"2894796",0,0
"2894801",0,0
"2894809",0,0
"2899887",0,0
"290028",0,0
"2900297",0,0
"290030",0,0
"2902622",0,0
"2902690",0,0
"2902694",0,0
"2902747",0,0
"2903266",0,0
"2904972",0,0
"2905464",0,0
"2905465",0,0
"2905564",0,0
"2905565",0,0
"2905566",0,0
"2905567",0,0
"2905570",0,0
"2905571",0,0
"2906028",0,0
"2906742",0,0
"2906743",0,0
"2907287",0,0
"2907493",0,0
"2908099",0,0
"2908628",0,0
"2908746",0,0
"2909205",0,0
"2909736",0,0
"2909742",0,0
"2910155",0,0
"2910948",0,0
"2910949",0,0
"2910950",0,0
"2910951",0,0
"2911954",0,0
"2911957",0,0
"2912260",0,0
"2912296",0,0
"2912606",0,0
"2912629",0,0
"2912631",0,0
"291286",0,0
"2912878",0,0
"2912895",0,0
"2913478",0,0
"2913660",0,0
"2914024",0,0
"2914027",0,0
"2914028",0,0
"2914178",0,0
"2914454",0,0
"2914456",0,0
"2914457",0,0
"2914460",0,0
"2914477",0,0
"2914480",0,0
"2914481",0,0
"2914483",0,0
"2914484",0,0
"2914485",0,0
"2914486",0,0
"2914487",0,0
"2914488",0,0
"291612",0,0
"2917713",0,0
"2917714",0,0
"2917716",0,0
"2917812",0,0
"2918454",0,0
"2918920",0,0
"2918921",0,0
"2918927",0,0
"2919376",0,0
"2919921",0,0
"2919922",0,0
"292029",0,0
"2920374",0,0
"292052",0,0
"2921215",0,0
"2921791",0,0
"2921792",0,0
"2921793",0,0
"2922857",0,0
"2922858",0,0
"2922859",0,0
"292477",0,0
"2924880",0,0
"2924881",0,0
"2924884",0,0
"2924885",0,0
"2924904",0,0
"2924906",0,0
"2924907",0,0
"29252",0,0
"29255",0,0
"29256",0,0
"29257",0,0
"2926097",0,0
"2926108",0,0
"292627",0,0
"29271",0,0
"29272",0,0
"2927787",0,0
"2927788",0,0
"2928187",0,0
"2928256",0,0
"2928257",0,0
"2928831",0,0
"2929005",0,0
"2929007",0,0
"2929011",0,0
"2929250",0,0
"2929252",0,0
"2929287",0,0
"29323",0,0
"2932867",0,0
"2935866",0,0
"2936613",0,0
"2936914",0,0
"2936919",0,0
"2937408",0,0
"2940487",0,0
"29407",0,0
"29429",0,0
"2942964",0,0
"2942966",0,0
"2942979",0,0
"2942980",0,0
"2942991",0,0
"2942993",0,0
"2942994",0,0
"2943001",0,0
"2943011",0,0
"2943013",0,0
"2943015",0,0
"2944850",0,0
"2945019",0,0
"2945982",0,0
"2946038",0,0
"2946156",0,0
"2946162",0,0
"2946167",0,0
"2946169",0,0
"2946173",0,0
"2946175",0,0
"2946180",0,0
"2946811",0,0
"2946816",0,0
"2946822",0,0
"2948639",0,0
"2948640",0,0
"2948643",0,0
"2948648",0,0
"2948665",0,0
"2948678",0,0
"2948680",0,0
"2948690",0,0
"2948755",0,0
"2948768",0,0
"2948856",0,0
"2948872",0,0
"2948876",0,0
"2948898",0,0
"2948900",0,0
"2948901",0,0
"2948913",0,0
"2948940",0,0
"2948949",0,0
"2950075",0,0
"2950076",0,0
"2950460",0,0
"2951256",0,0
"2951261",0,0
"2951390",0,0
"2951391",0,0
"2951616",0,0
"2951617",0,0
"2951618",0,0
"2951978",0,0
"2953674",0,0
"2953971",0,0
"2953972",0,0
"2953974",0,0
"2953975",0,0
"2953976",0,0
"2953981",0,0
"2953982",0,0
"2953983",0,0
"2953984",0,0
"2953986",0,0
"2953989",0,0
"2953990",0,0
"2953991",0,0
"2953993",0,0
"2953994",0,0
"2953995",0,0
"2953998",0,0
"2953999",0,0
"2954002",0,0
"2954004",0,0
"2954005",0,0
"2954007",0,0
"2954011",0,0
"2954013",0,0
"2954015",0,0
"2954017",0,0
"2954018",0,0
"2954027",0,0
"2954028",0,0
"2954033",0,0
"2954034",0,0
"2954037",0,0
"2954039",0,0
"2954040",0,0
"2954041",0,0
"2954042",0,0
"2954043",0,0
"2954044",0,0
"2954045",0,0
"2954046",0,0
"2954049",0,0
"2954050",0,0
"2954051",0,0
"2954052",0,0
"2954060",0,0
"2954062",0,0
"2954063",0,0
"2954066",0,0
"2954067",0,0
"2954068",0,0
"2954098",0,0
"2955190",0,0
"2955233",0,0
"2955236",0,0
"2955237",0,0
"2955240",0,0
"2955243",0,0
"2955245",0,0
"2955246",0,0
"2955248",0,0
"2955250",0,0
"2955253",0,0
"2955254",0,0
"2955259",0,0
"2955260",0,0
"2955261",0,0
"2955262",0,0
"2955263",0,0
"2955264",0,0
"2955265",0,0
"2955266",0,0
"2955267",0,0
"2955268",0,0
"2955269",0,0
"2955270",0,0
"2955271",0,0
"2955272",0,0
"2955273",0,0
"2955274",0,0
"2955275",0,0
"2955276",0,0
"2955277",0,0
"2955278",0,0
"2955279",0,0
"2955280",0,0
"2955281",0,0
"2955282",0,0
"2955283",0,0
"2955284",0,0
"2955285",0,0
"2955286",0,0
"2955287",0,0
"2955289",0,0
"2955292",0,0
"2955294",0,0
"2955295",0,0
"2955296",0,0
"2955298",0,0
"2955300",0,0
"2955302",0,0
"2955303",0,0
"2955304",0,0
"2955306",0,0
"2955307",0,0
"2955308",0,0
"2955319",0,0
"2955320",0,0
"2955321",0,0
"2955322",0,0
"2955323",0,0
"2955330",0,0
"2955331",0,0
"2955334",0,0
"2955354",0,0
"2955355",0,0
"2955356",0,0
"2955357",0,0
"2955361",0,0
"2955362",0,0
"2955365",0,0
"2955367",0,0
"2955379",0,0
"2955381",0,0
"2955382",0,0
"2955383",0,0
"2955384",0,0
"2955386",0,0
"2955395",0,0
"2955396",0,0
"2955398",0,0
"2955401",0,0
"2955402",0,0
"2955405",0,0
"2955407",0,0
"2955410",0,0
"2955412",0,0
"2955414",0,0
"2955415",0,0
"2955416",0,0
"2955418",0,0
"2955419",0,0
"2955421",0,0
"2955422",0,0
"2955425",0,0
"2955426",0,0
"2955433",0,0
"2955434",0,0
"2955435",0,0
"2955436",0,0
"2955437",0,0
"2955438",0,0
"2955441",0,0
"2955442",0,0
"2955443",0,0
"2955444",0,0
"2955445",0,0
"2955446",0,0
"2955447",0,0
"2955448",0,0
"2955449",0,0
"2955450",0,0
"2955451",0,0
"2955452",0,0
"2955453",0,0
"2955454",0,0
"2955455",0,0
"2955456",0,0
"2955457",0,0
"2955458",0,0
"2955462",0,0
"2955464",0,0
"2955465",0,0
"2955466",0,0
"2955467",0,0
"2955468",0,0
"2955470",0,0
"2955472",0,0
"2955474",0,0
"2955475",0,0
"2955476",0,0
"2955477",0,0
"2955479",0,0
"2955482",0,0
"2955483",0,0
"2955485",0,0
"2955486",0,0
"2955488",0,0
"2955493",0,0
"2955494",0,0
"2955495",0,0
"2955498",0,0
"2955499",0,0
"2955503",0,0
"2955505",0,0
"2955506",0,0
"2955507",0,0
"2955508",0,0
"2955510",0,0
"2955511",0,0
"2955512",0,0
"2955518",0,0
"2955519",0,0
"2955520",0,0
"2955521",0,0
"2955522",0,0
"2955524",0,0
"2955525",0,0
"2955526",0,0
"2955527",0,0
"2955528",0,0
"2955531",0,0
"2955532",0,0
"2955534",0,0
"2955540",0,0
"2955541",0,0
"2955542",0,0
"2955543",0,0
"2955547",0,0
"2955551",0,0
"2955552",0,0
"2955555",0,0
"2955556",0,0
"2955557",0,0
"2955558",0,0
"2955560",0,0
"2955562",0,0
"2955563",0,0
"2955569",0,0
"2955571",0,0
"2955580",0,0
"2955581",0,0
"2955582",0,0
"2955583",0,0
"2955584",0,0
"2955585",0,0
"2955586",0,0
"2955587",0,0
"2955588",0,0
"2955589",0,0
"2955590",0,0
"2955591",0,0
"2955593",0,0
"2955594",0,0
"2955596",0,0
"2955600",0,0
"2955601",0,0
"2955605",0,0
"2955606",0,0
"2955607",0,0
"2955610",0,0
"2955611",0,0
"2955612",0,0
"2955613",0,0
"2955614",0,0
"2955616",0,0
"2955618",0,0
"2955619",0,0
"2955620",0,0
"2955621",0,0
"2955622",0,0
"2955623",0,0
"2955624",0,0
"2955625",0,0
"2955627",0,0
"2955628",0,0
"2955629",0,0
"2955630",0,0
"2955632",0,0
"2955633",0,0
"2955636",0,0
"2955637",0,0
"2955638",0,0
"2955639",0,0
"2955640",0,0
"2955641",0,0
"2955642",0,0
"2955644",0,0
"2955646",0,0
"2955648",0,0
"2955651",0,0
"2955652",0,0
"2955653",0,0
"2955654",0,0
"2955656",0,0
"2955658",0,0
"2955660",0,0
"2955661",0,0
"2955662",0,0
"2955663",0,0
"2955665",0,0
"2955666",0,0
"2955667",0,0
"2955669",0,0
"2955670",0,0
"2955671",0,0
"2955672",0,0
"2955673",0,0
"2955674",0,0
"2955675",0,0
"2955677",0,0
"2955678",0,0
"2955679",0,0
"2955680",0,0
"2955681",0,0
"2955682",0,0
"2955683",0,0
"2955685",0,0
"2955686",0,0
"2955688",0,0
"2955689",0,0
"2955690",0,0
"2955691",0,0
"2955692",0,0
"2955693",0,0
"2955694",0,0
"2955697",0,0
"2955698",0,0
"2955699",0,0
"2955704",0,0
"2955705",0,0
"2955706",0,0
"2955707",0,0
"2955708",0,0
"2955711",0,0
"2955720",0,0
"2955721",0,0
"2955722",0,0
"2955725",0,0
"2955726",0,0
"2955727",0,0
"2955729",0,0
"2955730",0,0
"2955732",0,0
"2955734",0,0
"2955738",0,0
"2955742",0,0
"2955743",0,0
"2955744",0,0
"2955746",0,0
"2955747",0,0
"2955749",0,0
"2955752",0,0
"2955756",0,0
"2955758",0,0
"2955759",0,0
"2955760",0,0
"2955761",0,0
"2955762",0,0
"2955763",0,0
"2955766",0,0
"2955767",0,0
"2955770",0,0
"2955772",0,0
"2955774",0,0
"2955775",0,0
"2955776",0,0
"2955777",0,0
"2955778",0,0
"2955779",0,0
"2955781",0,0
"2955783",0,0
"2955784",0,0
"2955785",0,0
"2955786",0,0
"2955787",0,0
"2955788",0,0
"2955790",0,0
"2955792",0,0
"2955793",0,0
"2955794",0,0
"2955795",0,0
"2955796",0,0
"2955797",0,0
"2955799",0,0
"2955800",0,0
"2955801",0,0
"2955802",0,0
"2955803",0,0
"2955804",0,0
"2955805",0,0
"2955806",0,0
"2955833",0,0
"2955835",0,0
"2955836",0,0
"2955838",0,0
"2955839",0,0
"2955844",0,0
"2955847",0,0
"2955848",0,0
"2955849",0,0
"2955851",0,0
"2955852",0,0
"2955853",0,0
"2955857",0,0
"2955860",0,0
"2955863",0,0
"2955864",0,0
"2955868",0,0
"2955869",0,0
"2955870",0,0
"2955872",0,0
"2955873",0,0
"2955874",0,0
"2955881",0,0
"2955885",0,0
"2955896",0,0
"2955897",0,0
"2955898",0,0
"2955899",0,0
"2955900",0,0
"2955901",0,0
"2955902",0,0
"2955904",0,0
"2955905",0,0
"2955906",0,0
"2955908",0,0
"2955909",0,0
"2955911",0,0
"2955913",0,0
"2955915",0,0
"2955919",0,0
"2955921",0,0
"2955926",0,0
"2955927",0,0
"2955928",0,0
"2955929",0,0
"2955935",0,0
"2955938",0,0
"2955939",0,0
"2955940",0,0
"2955941",0,0
"2955948",0,0
"2955950",0,0
"2955951",0,0
"2955952",0,0
"2955953",0,0
"2955958",0,0
"2955959",0,0
"2955967",0,0
"2955970",0,0
"2955977",0,0
"2955980",0,0
"2955981",0,0
"2955982",0,0
"2955984",0,0
"2955985",0,0
"2955986",0,0
"2955987",0,0
"2955988",0,0
"2955992",0,0
"2955993",0,0
"2955995",0,0
"2955997",0,0
"2955999",0,0
"2956002",0,0
"2956003",0,0
"2956009",0,0
"2956010",0,0
"2956011",0,0
"2956013",0,0
"2956014",0,0
"2956028",0,0
"2956035",0,0
"2956036",0,0
"2956038",0,0
"2956039",0,0
"2956040",0,0
"2956041",0,0
"2956047",0,0
"2956051",0,0
"2956054",0,0
"2956058",0,0
"2956063",0,0
"2956067",0,0
"2956068",0,0
"2956070",0,0
"2956073",0,0
"2956074",0,0
"2956077",0,0
"2956083",0,0
"2956086",0,0
"2956089",0,0
"2956096",0,0
"2956097",0,0
"2956099",0,0
"2956100",0,0
"2956101",0,0
"2956103",0,0
"2956104",0,0
"2956105",0,0
"2956107",0,0
"2956111",0,0
"2956115",0,0
"2956124",0,0
"2956130",0,0
"2956135",0,0
"2956137",0,0
"2956139",0,0
"2956140",0,0
"2956141",0,0
"2956142",0,0
"2956144",0,0
"2956145",0,0
"2956146",0,0
"2956147",0,0
"2956148",0,0
"2956149",0,0
"2956150",0,0
"2956151",0,0
"2956153",0,0
"2956154",0,0
"2956155",0,0
"2956157",0,0
"2956158",0,0
"2956160",0,0
"2956161",0,0
"2956163",0,0
"2956167",0,0
"2956168",0,0
"2956169",0,0
"2956170",0,0
"2956171",0,0
"2956173",0,0
"2956175",0,0
"2956176",0,0
"2956177",0,0
"2956178",0,0
"2956183",0,0
"2956184",0,0
"2956187",0,0
"2956188",0,0
"2956190",0,0
"2956193",0,0
"2956199",0,0
"2956201",0,0
"2956202",0,0
"2956203",0,0
"2956204",0,0
"2956207",0,0
"2956208",0,0
"2956209",0,0
"2956213",0,0
"2956214",0,0
"2956222",0,0
"2956224",0,0
"2956229",0,0
"2956231",0,0
"2956232",0,0
"2956234",0,0
"2956240",0,0
"2956241",0,0
"2956243",0,0
"2956245",0,0
"2956246",0,0
"2956247",0,0
"2956248",0,0
"2956249",0,0
"2956250",0,0
"2956252",0,0
"2956253",0,0
"2956263",0,0
"2956265",0,0
"2956266",0,0
"2956269",0,0
"2956270",0,0
"2956271",0,0
"2956272",0,0
"2956274",0,0
"2956276",0,0
"2956277",0,0
"2956278",0,0
"2956281",0,0
"2956282",0,0
"2956284",0,0
"2956287",0,0
"2956288",0,0
"2956290",0,0
"2956292",0,0
"2956293",0,0
"2956294",0,0
"2956296",0,0
"2956299",0,0
"2956300",0,0
"2956301",0,0
"2956303",0,0
"2956304",0,0
"2956305",0,0
"2956306",0,0
"2956308",0,0
"2956312",0,0
"2956313",0,0
"2956327",0,0
"2956330",0,0
"2956331",0,0
"2956333",0,0
"2956334",0,0
"2956335",0,0
"2956336",0,0
"2956337",0,0
"2956339",0,0
"2956345",0,0
"2956346",0,0
"2956348",0,0
"2956349",0,0
"2956350",0,0
"2956351",0,0
"2956355",0,0
"2956359",0,0
"2956360",0,0
"2956361",0,0
"2956363",0,0
"2956364",0,0
"2956368",0,0
"2956370",0,0
"2956371",0,0
"2956372",0,0
"2956373",0,0
"2956374",0,0
"2956378",0,0
"2956379",0,0
"2956380",0,0
"2956388",0,0
"2956395",0,0
"2956399",0,0
"2956402",0,0
"2956403",0,0
"2956404",0,0
"2956405",0,0
"2956406",0,0
"2956409",0,0
"2956410",0,0
"2956411",0,0
"2956413",0,0
"2956414",0,0
"2956415",0,0
"2956416",0,0
"2956419",0,0
"2956420",0,0
"2956421",0,0
"2956422",0,0
"2956439",0,0
"2956444",0,0
"2956445",0,0
"2956446",0,0
"2956447",0,0
"2956448",0,0
"2956449",0,0
"2956450",0,0
"2956451",0,0
"2956453",0,0
"2956454",0,0
"2956455",0,0
"2956456",0,0
"2956457",0,0
"2956458",0,0
"2956459",0,0
"2956460",0,0
"2956462",0,0
"2956467",0,0
"2956468",0,0
"2956473",0,0
"2956475",0,0
"2956478",0,0
"2956481",0,0
"2956482",0,0
"2956483",0,0
"2956484",0,0
"2956485",0,0
"2956486",0,0
"2956487",0,0
"2956488",0,0
"2956489",0,0
"2956490",0,0
"2956492",0,0
"2956493",0,0
"2956494",0,0
"2956496",0,0
"2956497",0,0
"2956498",0,0
"2956499",0,0
"2956500",0,0
"2956501",0,0
"2956503",0,0
"2956504",0,0
"2956505",0,0
"2956506",0,0
"2956510",0,0
"2956512",0,0
"2956514",0,0
"2956515",0,0
"2956516",0,0
"2956517",0,0
"2956518",0,0
"2956519",0,0
"2956520",0,0
"2956521",0,0
"2956522",0,0
"2956523",0,0
"2956524",0,0
"2956525",0,0
"2956526",0,0
"2956527",0,0
"2956528",0,0
"2956530",0,0
"2956538",0,0
"2956539",0,0
"2956540",0,0
"2956541",0,0
"2956542",0,0
"2956546",0,0
"2956548",0,0
"2956551",0,0
"2956554",0,0
"2956556",0,0
"2956558",0,0
"2956560",0,0
"2956561",0,0
"2956562",0,0
"2956564",0,0
"2956565",0,0
"2956566",0,0
"2956568",0,0
"2956569",0,0
"2956572",0,0
"2956576",0,0
"2956583",0,0
"2956584",0,0
"2956586",0,0
"2956587",0,0
"2956588",0,0
