"","SRR4142417","SRR4142283"
"1404",8453410,4905988
"471",6572178,2140
"48296",5391321,6271
"134536",347770,4613543
"2800373",2885406,1431508
"1158459",654336,2553479
"470",1950690,3304
"60548",829142,1887457
"2494702",1805846,3465
"1530123",1378432,961
"469",1346446,1730
"2923375",1244421,375
"570",14936,1238442
"2913495",929060,195
"549",52423,849157
"61645",52754,816667
"1134687",3536,815067
"1785128",812870,1278
"69218",681214,16487
"2871688",680780,188
"286",594455,104491
"1883",575045,536474
"2565368",524415,928
"106654",516994,430
"83655",7159,506560
"1148157",469976,109
"1646340",120741,419521
"1386",373125,18455
"252970",11865,307731
"412384",291065,134815
"9606",283014,198433
"1914861",277972,37029
"547",276708,167941
"2364647",5369,273097
"2886821",4839,237884
"1071679",19703,229892
"3047875",221194,25591
"371036",219458,42094
"543",123707,211410
"208223",11240,209421
"1330547",48993,193820
"374",182270,192663
"2865833",72304,186742
"220684",72081,184459
"1396",182445,13208
"2849093",179707,39868
"356",146596,169974
"1483604",22209,169536
"861299",109053,162417
"1822464",27105,154606
"2781734",154402,62777
"2912824",144226,4406
"539813",138113,24622
"1861",61675,136567
"244366",3811,135857
"13687",59955,127923
"470934",127358,31324
"273251",12836,122734
"1873",115325,120980
"2884022",82158,107696
"450367",107334,9066
"294",106627,7887
"3039158",103069,37543
"477641",67831,100826
"2492396",3613,100068
"85006",79562,99233
"191495",74680,98354
"2878151",2548,95923
"2997333",93929,95373
"1166130",25887,94391
"940133",33497,93084
"158836",90544,18201
"321662",90064,683
"41297",46977,86538
"28056",80620,86410
"1890302",86183,1377
"1798223",16782,84785
"67304",84676,40544
"2802641",19334,84203
"2933797",40715,83021
"2812560",64060,82381
"715475",69831,80068
"2742131",69952,78494
"186817",75755,35899
"3036374",7873,75723
"2836181",75629,78
"3052846",74422,73749
"715472",52071,74350
"1428",71842,3361
"80840",67856,71769
"1045317",26715,71286
"53335",40989,70416
"407",43442,70254
"379",70180,42390
"138336",31662,69865
"119060",29126,69455
"496014",57038,69141
"2842346",67620,403
"1839",36883,65617
"85023",43860,64756
"2745503",63073,205
"56438",52507,62948
"196914",56142,62478
"183795",61881,10074
"674703",60941,42136
"34071",55841,60870
"2949664",45854,60206
"649831",52102,60198
"2070",43418,58847
"2899123",10196,58643
"1223566",58482,26365
"1969",58181,16884
"871203",11090,58128
"32008",37208,57615
"2782665",57110,20030
"2926709",56193,5759
"1762",44584,55948
"1813",43532,55399
"2880218",6201,55369
"1355477",41598,55251
"2782641",54987,19304
"66880",54949,9041
"164546",51483,18688
"1866885",42851,51265
"85007",39733,51259
"2768069",50924,9416
"2851567",27081,50522
"2836373",45250,49849
"477697",48627,24629
"91347",28701,48613
"1141883",27969,48306
"33910",47847,48205
"2678258",48016,2037
"204457",26109,47409
"2613770",47277,35796
"1881017",46730,1026
"2951806",46725,28920
"56",46360,41090
"399",46016,22433
"212767",34110,45898
"44249",45388,8292
"2981134",11302,45104
"1827",37219,44936
"35754",43980,39264
"386874",24603,43592
"374432",14476,43444
"858422",43127,15133
"2736875",43091,15442
"1437360",36181,42849
"1176646",23454,42802
"550",42723,19224
"2932773",34094,42628
"134537",7186,42567
"248903",41461,2355
"2714944",15013,41208
"54571",40940,34154
"1865",36969,40619
"33882",29354,40345
"2926710",40087,2268
"2026199",7740,40051
"2911537",12592,39370
"218821",30471,38745
"1586287",38680,19783
"2764186",14359,38263
"118613",38115,120
"946334",36016,37931
"261302",5158,37027
"1763",27216,36588
"624315",36405,33785
"2740529",36280,15322
"3040509",33244,35656
"573",9277,35536
"384",35373,16381
"2807101",35362,16522
"1882682",35215,20651
"3056648",34883,19894
"1867",31228,34702
"1866",31866,34323
"2736640",25955,34070
"2944128",10991,34046
"35753",33845,33750
"2782662",33558,26422
"1894999",32944,23541
"304895",11982,32796
"75105",5702,32753
"2062",29333,32491
"406548",16402,32427
"2527974",16093,32189
"413497",2651,32069
"169427",25322,31687
"1707785",19815,31678
"240495",23720,31661
"284016",20975,31557
"993502",31399,14054
"363835",13705,31256
"535744",774,31195
"122358",29317,31185
"86664",31143,16891
"2653851",30901,22031
"34073",30072,27214
"94132",27329,30032
"1076124",29999,27944
"190148",29484,12572
"2895495",29286,832
"860235",28831,29190
"2714943",11406,28914
"410837",8671,28862
"3018446",22786,28707
"182640",26424,28485
"1076",24753,28319
"2528023",26311,28237
"3070683",28221,4670
"49319",28042,26126
"113562",26543,27900
"1405",27788,1811
"1404888",27634,18186
"2807512",16044,27439
"1725411",27349,23368
"3014784",26628,20585
"28141",2518,26454
"566",3404,26202
"106589",25862,21116
"397260",25820,12836
"1478",25488,4384
"303",25459,21608
"41294",23186,25372
"83451",15550,25294
"80864",24350,24989
"2548456",24722,13671
"2712223",18773,24692
"172713",24634,661
"2937800",17190,24585
"2804617",10746,24519
"2937801",16667,24502
"1616788",535,24476
"59814",12159,24347
"2653852",21550,24200
"1451",24054,450
"2878150",4366,23868
"29539",18867,23808
"2843793",23706,1605
"2777983",23580,606
"68287",22812,23572
"1268",23536,19292
"930166",23528,1125
"68246",23440,10120
"46165",16813,23321
"354356",23217,22190
"2954084",23024,814
"2849501",14475,22738
"1385",22725,12075
"88688",19588,22617
"1882757",22584,12323
"3049772",19292,22573
"2954771",22499,17393
"47879",22477,832
"358",22357,10049
"382",22074,5159
"37331",16818,22069
"2879617",22009,7758
"466153",9359,21998
"2895480",21865,815
"927083",21839,20723
"1847",15762,21811
"2071607",9715,21783
"114616",12687,21780
"283686",5181,21560
"1544730",19259,21503
"948107",3770,21410
"191",16648,21205
"2802971",21180,14039
"1357915",21102,9545
"2728827",20941,19897
"2942996",9305,20922
"2840469",20856,19204
"140098",3954,20855
"103733",16969,20791
"311231",4240,20783
"85030",8147,20599
"148447",3206,20548
"1274631",20480,10727
"1387353",9981,20286
"3002436",17651,20286
"2976823",20282,9272
"1812935",20271,17170
"2219224",16977,20239
"1325090",7751,20237
"715473",14092,20154
"41275",10958,20069
"2781978",5670,20040
"2045",13690,19991
"1892855",11816,19922
"3039155",19915,15569
"1592106",10362,19913
"2861782",3892,19855
"2725560",2747,19732
"53359",19644,18715
"28095",15525,19623
"1824",16568,19576
"2778070",14289,19545
"1836",16372,19527
"2903629",19472,5965
"2823875",19409,514
"2781735",14882,19325
"1327635",12844,19322
"29449",19305,4745
"32033",16168,19217
"42684",19172,13999
"85015",11977,19152
"571",4862,19142
"1909395",16984,19043
"165695",11978,18965
"1636152",9507,18864
"1938607",12728,18732
"2840457",14303,18610
"3061628",18560,9481
"2823693",8963,18555
"420952",3056,18553
"3012344",6810,18532
"858423",18490,17935
"3049075",18421,353
"546871",17909,18409
"1506334",18310,561
"2053",14220,18278
"2496836",18225,10287
"165697",10967,18187
"2780091",18177,17016
"1325095",10911,18103
"196162",12509,18089
"2792008",13349,18071
"546874",14698,17953
"2202825",12710,17907
"1402861",17889,8124
"1855912",17806,11331
"2938948",8521,17789
"375",17766,16061
"36873",3109,17694
"1776742",17692,130
"43357",12336,17659
"1740721",15703,17501
"1325100",17408,15576
"331696",12406,17356
"3074437",3049,17345
"338",13208,17252
"47760",17251,13429
"2604047",2105,17228
"1993",16341,17220
"2558918",11741,17208
"82115",17206,12432
"2745196",13213,17128
"2724914",5527,17049
"2980557",5435,17028
"2714942",7505,17024
"439387",15405,16969
"2898149",13150,16940
"587753",16888,4814
"93944",15893,16854
"3062449",16793,7525
"29430",16738,82
"106590",16706,6265
"311230",3220,16637
"2654982",3313,16636
"40324",16540,16615
"103731",13001,16522
"2703788",4007,16512
"68",15997,16492
"2609668",16457,18
"1617967",2900,16425
"2981138",12802,16396
"198620",16362,517
"39643",16299,14662
"2074",12395,16242
"758793",5723,16213
"1413221",16201,10002
"2268449",13106,16191
"338584",15694,16135
"2505979",16128,572
"2865832",11470,16127
"173860",16113,5829
"298654",13257,16080
"1915",15984,9232
"3028622",15543,15974
"75",8588,15974
"399176",6980,15961
"28105",15936,9009
"2774151",15649,15903
"1643322",11983,15895
"2024580",14254,15887
"2995304",13982,15870
"504468",8725,15837
"2653857",12924,15815
"3039159",14012,15814
"1761016",2979,15811
"76892",8227,15785
"588673",11720,15763
"1690815",11631,15670
"1798224",12589,15650
"2714951",15649,3781
"2981136",15598,10891
"419479",13113,15588
"2602070",3491,15566
"2742128",13781,15561
"2917724",10325,15475
"2953738",15421,38
"3015177",10057,15382
"2594473",7963,15366
"288000",11753,15344
"87883",7536,15343
"404386",14350,15282
"2903901",10156,15262
"2567896",15258,14799
"2722752",14351,15230
"119045",9423,15132
"3015152",15123,15081
"270351",10071,15121
"2898793",3227,15083
"3075432",15082,14376
"433659",10147,15051
"1325112",11713,15007
"709879",14969,11248
"941907",7283,14940
"392734",3384,14938
"2843215",12643,14929
"2135430",14881,11301
"40323",12683,14878
"2895494",14815,518
"114615",11330,14790
"115808",11600,14765
"2728020",8350,14755
"2872652",7399,14733
"2884264",4904,14695
"150026",5914,14648
"299767",14630,9662
"398",14579,9321
"2981135",14569,11041
"2995223",10691,14491
"48",8644,14464
"2897332",10156,14417
"2782659",14407,5920
"2591108",13079,14395
"2931390",9620,14368
"2010972",10148,14355
"37326",11684,14265
"562",14247,14170
"1219491",12838,14212
"390989",10410,14188
"3020055",14134,5012
"715471",10055,14126
"1933044",2720,14073
"227318",10843,14026
"83637",13646,14024
"2782654",13875,14006
"204434",3496,13980
"169430",2984,13938
"47857",13395,13929
"659352",11319,13863
"2878152",1909,13846
"2591145",13843,8991
"114",13163,13828
"2099693",9002,13823
"944492",12392,13795
"3043734",13752,8214
"1849967",10598,13710
"40214",13666,233
"2714939",8904,13611
"2843216",11759,13603
"2582905",8757,13588
"3034358",3055,13582
"551989",5004,13423
"2978974",13402,11885
"47989",13402,12884
"2878153",3221,13385
"758802",13069,13384
"1716",10412,13376
"2675222",13368,13292
"2202249",12698,13366
"255045",10681,13329
"2898796",8510,13297
"307121",12970,13291
"2996826",8179,13269
"155322",13266,828
"39956",6771,13252
"1653480",10644,13251
"1804986",10841,13221
"2598579",10843,13203
"497725",3969,13173
"2750812",13163,13170
"362257",13149,6154
"1463165",3898,13148
"1814",11449,13144
"3039153",11908,13140
"380",13136,9012
"3037797",13106,9662
"1406",13104,1031
"2033",13101,12751
"756892",13069,162
"1560345",7097,13051
"28901",13050,11739
"3061627",13030,12364
"2034",9623,12969
"211114",10163,12962
"2013",11631,12960
"2814653",1675,12921
"106592",12905,7838
"722472",12309,12897
"1827580",12869,7613
"1708",10538,12866
"1411117",12323,12834
"940614",2805,12824
"47865",12822,11779
"2849779",12816,11410
"249586",12803,9597
"1813879",7108,12777
"1971",12317,12763
"1542730",2922,12760
"1885",10768,12743
"445576",9509,12670
"43",5610,12669
"1707",9873,12621
"2760089",8296,12556
"1855352",12552,12351
"2305220",12552,6813
"2894310",7978,12496
"2925318",12465,75
"3044187",8009,12462
"2001",11967,12461
"200618",7672,12437
"1005665",3868,12427
"1002689",3621,12415
"2663857",7551,12399
"449461",8264,12397
"67385",12383,8445
"2681549",7099,12382
"101571",6797,12376
"2735433",2318,12358
"940615",2345,12358
"222",11066,12315
"51201",12314,6993
"357",12295,7262
"2678257",12283,397
"116188",12229,9765
"487316",12209,80
"69666",7275,12195
"1301032",12151,1362
"2735134",8968,12111
"86265",12101,678
"44255",9204,12091
"2963432",12075,6535
"292",6290,12065
"3015151",11441,12050
"47872",12032,10993
"1817",9205,12002
"1541170",5995,12000
"1848900",11927,10755
"408",7490,11904
"69",11901,7488
"93064",5775,11893
"95486",7345,11833
"1646498",11828,47
"2789776",11818,10535
"3028804",11493,11818
"2878388",10373,11816
"2914159",8122,11780
"47858",11288,11757
"2518370",8581,11752
"1750527",9149,11738
"160791",7671,11737
"2745504",11725,542
"3039154",11722,10007
"125216",7833,11709
"2884263",11676,11040
"2730915",11667,9121
"1077946",11650,7716
"2797636",11637,8738
"223967",7451,11620
"544",11616,10575
"1521768",10289,11593
"871742",11546,7077
"2842453",9421,11528
"2894081",9990,11512
"2018025",11507,9376
"40216",11479,63
"2571746",3413,11434
"242606",11431,10524
"2907545",11379,8085
"2038343",4570,11368
"2651334",8411,11349
"67367",11346,5280
"2078691",11326,10591
"285665",11324,10590
"467976",11309,10066
"2051959",2104,11269
"80816",11269,9134
"2973976",11268,2327
"73044",11268,10709
"662548",11257,4595
"3047871",11249,4824
"2202828",7361,11242
"40215",11222,51
"1710",9472,11214
"299152",10885,11211
"2483798",6861,11187
"3043848",7005,11162
"85009",9439,11153
"117157",8971,11147
"2136173",11108,11129
"28214",6768,11126
"413496",2678,11111
"2884455",11090,2200
"2813578",9803,11069
"524884",8517,11041
"92647",3440,11018
"3016000",7534,10998
"2020311",10983,1476
"335929",7076,10972
"3004093",10954,10522
"665007",8401,10941
"1658665",10940,7214
"642780",7682,10936
"2976824",10926,9146
"1914461",10908,10119
"1473598",7386,10864
"321985",10861,5091
"1926494",2802,10851
"68212",10845,8271
"2763008",9471,10834
"2589903",9053,10782
"3047874",10779,3843
"2067958",7099,10743
"1896961",7679,10737
"160826",7280,10735
"745310",6012,10710
"2735434",1990,10709
"2589974",4063,10700
"204525",7852,10678
"1641402",7819,10641
"2943497",10631,37
"356852",10266,10622
"2653203",5976,10584
"28450",3944,10583
"2903960",7026,10583
"66425",10571,6600
"2714110",10555,47
"82633",9794,10540
"1881",10238,10529
"261654",9930,10511
"53362",10154,10501
"1526658",10243,10492
"2976822",10479,8538
"1679497",6455,10475
"2991075",7215,10457
"158500",10441,6197
"68214",10436,8785
"2760705",7033,10434
"37927",4454,10402
"2057741",10398,10175
"3057122",10397,8528
"257708",7230,10384
"2984843",7034,10373
"2051553",6730,10362
"83656",10049,10357
"2562284",8095,10335
"68270",10321,10204
"2931983",10316,7863
"2099694",10290,4136
"396",10278,4827
"455432",8294,10270
"45398",10225,9238
"488447",4722,10193
"34072",9958,10182
"1391654",10177,9848
"135621",10163,8423
"94",8394,10157
"2721173",8414,10156
"83654",5037,10147
"83627",8159,10145
"37919",9004,10130
"2880933",10086,8493
"269660",5754,10052
"2708539",5929,9975
"2589074",6178,9960
"33903",9947,7318
"2950074",9941,46
"2870346",3447,9933
"135487",8069,9921
"419476",6863,9920
"204455",8377,9908
"1404741",9900,2822
"2049881",9900,6392
"193462",9558,9854
"2589080",9708,9840
"1813468",5629,9822
"1877",9357,9813
"1774216",6696,9806
"2768066",9796,9286
"433",5669,9766
"2175864",8854,9754
"1835",7370,9731
"3045147",9721,54
"53461",8651,9695
"2590772",9691,6412
"2571748",3157,9672
"68223",9658,7286
"1616117",9639,9356
"1907575",4332,9636
"2867410",8796,9619
"2079227",9616,2816
"131568",9607,8559
"2732249",8404,9598
"2017486",8588,9581
"613",6920,9552
"155892",6569,9547
"1325102",9537,6289
"33886",6996,9514
"3075199",8283,9500
"3047873",9494,5175
"1609977",7015,9475
"2726118",6726,9462
"29448",9450,9396
"2184053",9444,8389
"410",5612,9436
"207745",9413,4119
"3064901",9412,5972
"33914",7067,9410
"1932",9388,4960
"1927",9384,8665
"1904616",8279,9370
"83291",8624,9370
"943830",9331,2834
"299146",8769,9330
"47875",8803,9330
"202950",9316,31
"2014920",9304,7339
"370526",7415,9292
"2927875",8673,9291
"204441",6763,9290
"1404864",8990,9288
"1488356",9275,8590
"3015154",8853,9275
"2704468",7539,9268
"1223565",9267,3357
"149698",6363,9267
"335406",6218,9254
"1420889",9241,8863
"2831000",9241,6244
"2872154",6400,9227
"2900152",9226,8134
"1437009",8073,9216
"450734",5852,9208
"2896848",7434,9199
"28447",7196,9188
"1776741",9180,32
"1890",9174,7749
"36814",8576,9168
"2603276",5178,9146
"53462",7088,9124
"2709380",9116,7220
"2918170",8400,9090
"2072505",9081,7601
"710705",8759,9074
"1523415",5031,9068
"1003110",8645,9053
"2942449",9052,5838
"2509455",7777,9050
"1542737",5308,9042
"2547399",3861,9042
"80860",6259,8998
"2712222",8987,5504
"1286181",6879,8982
"3018036",5379,8977
"2749844",8696,8960
"2825844",8573,8947
"157920",7573,8929
"424188",8929,5627
"515350",8555,8918
"1472",8905,338
"2911538",8793,8905
"1034889",8868,7572
"2949637",8849,8488
"60550",3665,8830
"1436133",7244,8813
"152480",8696,8790
"3018339",8777,8269
"630515",6031,8767
"3004092",7144,8766
"1775910",5754,8761
"2777475",6321,8751
"2736757",5868,8750
"420953",2158,8744
"2768162",6541,8721
"2803858",5471,8700
"204447",8519,8672
"2973977",7585,8669
"2006",7529,8668
"2742132",8411,8630
"2751189",8624,8530
"2714844",8617,7534
"2745",7846,8606
"2721244",8602,7088
"2801029",8575,6320
"31958",7176,8565
"361575",8558,2072
"2769491",8555,7861
"1245",8554,5274
"1988",7606,8535
"2732067",8525,7106
"1764",6088,8510
"1162966",6493,8486
"110319",5483,8476
"2082949",7189,8476
"1772",6889,8467
"2742137",8447,7671
"39691",7071,8442
"2763071",1960,8420
"2684469",8089,8418
"2020",7646,8414
"1906272",8401,603
"128574",8391,687
"627624",5267,8391
"285450",7864,8380
"1421430",8371,474
"265",7189,8367
"3062779",8367,7394
"2898442",8178,8363
"2695266",8355,6585
"2592334",5386,8314
"2811111",7899,8312
"3064139",5205,8296
"1775411",4822,8289
"515361",8287,5808
"443156",7039,8282
"135614",6744,8278
"202956",8278,77
"2203204",8270,7359
"546",8269,4190
"1325120",8022,8262
"564369",8252,8114
"434009",8245,4299
"2202148",6362,8242
"881260",7948,8237
"2219696",4589,8218
"482564",8217,2514
"1325115",7589,8207
"3075627",8202,8199
"2768161",5889,8201
"1549949",7400,8150
"3073064",7128,8143
"184914",4827,8134
"1573",6281,8121
"2851598",8121,1986
"2571747",2735,8118
"434008",8117,4679
"1758189",8107,17
"28068",8089,6920
"36818",8077,5729
"3075825",7805,8064
"2698679",4357,8057
"632569",5892,8057
"904039",6446,8052
"106649",8050,29
"334852",4337,8042
"2801030",8020,5918
"2892996",8012,7671
"3015996",4406,8004
"2705012",6839,7983
"52",7975,6607
"1911175",6372,7969
"2895565",5462,7968
"2602016",7966,7771
"29303",6134,7953
"2136401",7945,7508
"2662361",5003,7945
"2771361",5833,7932
"1879050",7930,58
"3070676",7921,3844
"1582356",3826,7907
"2596828",5321,7907
"2202827",5228,7896
"2753607",7888,6067
"1163710",1550,7861
"96344",7859,4997
"2027919",7845,2222
"2486272",4778,7831
"1549858",4729,7830
"642",7310,7809
"1850238",5217,7794
"348043",7794,5845
"946333",7782,6803
"1325114",6763,7711
"2478464",7709,2071
"1888",6854,7707
"658062",4416,7702
"33075",2489,7687
"1940610",6980,7662
"67287",7654,5827
"2748863",7648,278
"324057",7644,1452
"40566",6095,7631
"1736675",7628,7036
"2710756",7029,7627
"3075824",7627,6790
"709883",7611,7520
"2202826",5155,7599
"2911539",7264,7596
"37329",6267,7592
"2497875",7586,5883
"1235591",7581,7173
"1906275",155,7578
"2685869",4611,7573
"1914",7572,6034
"1771",6207,7554
"192",6212,7552
"2714941",6278,7546
"2992140",7544,7254
"47763",7537,6950
"41",5289,7521
"2833628",7511,6504
"319947",7492,7178
"84757",6066,7490
"48736",6094,7489
"2898433",4315,7486
"1920",7479,4272
"1867715",7474,6477
"2020377",3569,7473
"1249101",5833,7471
"747",7447,4820
"287",7445,6707
"2987751",5367,7439
"1907",7438,7003
"114686",7437,6241
"2672569",5011,7435
"2045452",4921,7420
"2775403",7403,5184
"317",7381,2856
"2937788",4208,7375
"2768068",7129,7350
"70348",7339,40
"1642299",7140,7337
"2717324",6845,7336
"1960",7334,5471
"864828",7315,5070
"2596913",4381,7297
"2026188",7294,398
"1038928",6973,7292
"1333996",6236,7291
"2509457",7282,6601
"83681",6667,7279
"2949093",4097,7278
"416169",3702,7274
"1849581",1618,7241
"404589",6760,7241
"2771430",3472,7240
"2972485",4208,7230
"2923272",6496,7220
"1333528",7209,6868
"152142",5899,7199
"2763006",6651,7194
"1535768",7179,5691
"2763107",2741,7170
"42256",7147,7005
"1552759",5228,7144
"186650",7131,6596
"53360",7102,7124
"33050",4614,7123
"675864",6359,7110
"2918171",6300,7105
"2720714",6907,7080
"412690",5692,7073
"2898431",7072,6343
"2518371",5041,7071
"1608473",7056,20
"36813",5774,7056
"42881",7043,6130
"212765",5696,7037
"85698",6086,7020
"337",3565,7019
"2599297",4152,7015
"129921",5775,7008
"237610",7004,4637
"1535208",5549,7003
"285578",6996,6983
"1226757",6434,6989
"2499145",5265,6989
"2201350",4629,6988
"1889",6982,6274
"110321",6980,2803
"2963105",6957,3655
"3053466",6938,6576
"582680",3205,6934
"3026433",6932,228
"3030210",6899,6922
"29405",6918,6091
"457921",5150,6916
"161492",6508,6907
"1783515",6905,6635
"1702325",4991,6879
"2742136",6879,6750
"2983215",6876,34
"1696",5625,6875
"2886505",6875,3349
"2908642",5346,6869
"89966",6868,6789
"1841249",6867,6404
"1045776",6859,5916
"3070677",4184,6854
"2819238",5912,6853
"3075430",3586,6853
"653931",4324,6849
"2066",6838,6444
"2508722",6834,6270
"1842539",5951,6829
"1286180",5437,6822
"1813880",5578,6812
"1800",5752,6806
"2997354",4257,6795
"40318",6793,6286
"2686304",6790,6674
"2684468",6783,5958
"2071710",6779,3836
"2153354",2008,6775
"318424",5779,6766
"2653200",6765,6135
"1977088",6762,6288
"391953",6761,5723
"1901",6480,6753
"46351",5482,6751
"2294034",6512,6735
"65496",5257,6735
"2602015",6730,6693
"2761578",6730,5738
"2917725",5646,6711
"455344",5205,6711
"83453",4287,6707
"2651199",6706,2508
"2282738",6647,6703
"3074430",6698,6084
"66871",6688,6648
"2964669",6679,6506
"52133",6672,30
"2493680",6659,3959
"1827195",1878,6655
"2692234",6648,6387
"3031124",6641,5752
"1795",5748,6638
"67305",6638,5174
"173480",5769,6628
"2675741",6626,2
"1868589",5506,6623
"2005464",6619,551
"2775496",3868,6619
"2509458",4603,6618
"43356",2611,6613
"283811",5848,6612
"1522432",6589,5524
"13690",5246,6575
"1137095",6547,697
"435897",6210,6544
"2528964",5288,6538
"1312183",6531,3784
"2714938",4178,6531
"3016086",6157,6527
"35621",6526,5271
"53358",5937,6524
"339268",3785,6516
"560555",3919,6515
"2890321",3747,6514
"280145",6513,50
"1804624",2598,6512
"151416",6510,5960
"1133546",4794,6508
"242605",6508,6140
"2928472",5357,6507
"1442032",6489,6340
"220687",6489,3124
"1690220",5393,6488
"2795690",5554,6483
"2028343",5841,6482
"453783",6480,4784
"3015161",5986,6478
"139208",6075,6476
"710111",5545,6465
"356851",6428,6458
"648995",3886,6439
"1210884",6438,6161
"1742993",6433,2780
"2895471",6427,241
"2937787",3564,6420
"2742135",6406,6406
"2494701",6401,4349
"1197460",6399,6251
"2654191",5229,6384
"563996",3835,6382
"2061",4915,6381
"67282",6376,5911
"1275",6371,5969
"2708082",5606,6370
"2662065",5751,6369
"2758442",5121,6364
"33899",6364,5174
"2930198",6353,16
"2585716",6344,6020
"321984",6339,3316
"50338",6329,3079
"2607753",6324,4165
"32",5556,6311
"2015316",4640,6309
"1632864",4968,6307
"517",5722,6293
"107709",6291,5563
"85025",4873,6287
"423349",2740,6285
"2716812",5570,6284
"2126346",6020,6283
"43767",4948,6283
"2498135",5614,6280
"548",6270,4875
"359",6266,3619
"322009",3052,6259
"574727",5431,6258
"2750011",6255,5727
"2851540",119,6245
"2419771",3509,6243
"402297",3837,6235
"2954086",6233,344
"870903",1770,6228
"486398",6225,3143
"413503",606,6224
"2998080",6223,6203
"2879846",6217,5734
"2675754",5442,6215
"3051092",6200,5488
"2732487",6186,5382
"627192",4384,6183
"37921",5479,6182
"2045208",5582,6180
"2865673",6176,4926
"1950",6171,5904
"1090615",4539,6169
"85693",5368,6166
"2589797",5462,6162
"53457",5015,6158
"1575",2859,6151
"161493",5747,6148
"2565555",3530,6134
"2060726",6132,3134
"470931",5841,6130
"56730",6129,2348
"2704467",5109,6116
"1460244",6110,4088
"28077",4575,6096
"106648",6093,28
"31",5027,6091
"85085",6091,2294
"185951",3740,6084
"2583243",5634,6082
"68895",5571,6073
"2867005",4838,6072
"1176198",5568,6067
"2599640",5885,6062
"1663",6042,6051
"3028709",6043,5930
"3023370",4722,6006
"2662397",6002,5325
"2838850",6000,5568
"2782169",4164,5996
"262209",4781,5994
"2991545",5994,5765
"39692",5127,5992
"1324350",5985,46
"1470176",4737,5984
"921",5199,5981
"85012",5302,5980
"1810",5967,4642
"1813871",5965,4459
"1714373",4470,5949
"42255",5942,5586
"1484109",3370,5941
"2944250",5940,5350
"316",5723,5940
"530584",4967,5940
"3070680",5925,3570
"228602",4791,5923
"2566013",4767,5922
"151783",5137,5921
"216929",5015,5914
"162426",4431,5910
"3034022",4854,5910
"2762748",3549,5906
"3039156",5892,3338
"3048535",5892,4202
"2819978",5010,5887
"1812480",5883,4003
"480035",4804,5882
"3033811",5881,5482
"234612",5870,3605
"3020716",5866,46
"1894",4830,5858
"3016093",5601,5858
"1653831",5850,631
"442121",5261,5840
"1654",5225,5831
"186189",5829,5670
"2083284",4732,5823
"1323731",4988,5822
"2908837",4728,5821
"2675229",5819,1538
"67581",5819,5357
"33069",5818,1765
"1225128",4577,5806
"2073078",5804,384
"352475",5797,5333
"2866715",5795,5549
"1658671",4558,5792
"2283195",4975,5792
"2748629",5788,5737
"2306165",5786,2660
"1766",4668,5783
"2759526",3273,5779
"2108470",3442,5774
"56458",4274,5772
"3034675",5771,297
"2896849",4764,5759
"3075198",5755,5660
"553",2508,5748
"372663",4894,5741
"228899",5739,2906
"3064278",4198,5737
"1517554",3285,5723
"1030157",3318,5720
"758782",1810,5718
"67267",5715,5615
"76862",4596,5708
"1630693",5705,5430
"2057",4885,5700
"1404768",5697,5669
"1619308",4110,5693
"482462",4703,5692
"108981",5682,98
"75682",4519,5681
"2789216",5678,5606
"553510",5673,5578
"106370",4763,5670
"1859",4765,5665
"2991972",5455,5661
"1571470",5656,2189
"2954080",5655,65
"2678259",5648,374
"445710",3051,5642
"728066",5640,2092
"2675232",5639,5434
"258505",5634,5618
"202862",5442,5631
"666685",3167,5631
"571913",4436,5629
"675281",4891,5627
"1858653",4650,5622
"2917727",5620,1724
"1911",5456,5614
"244734",5513,5614
"305",4196,5614
"1517551",3195,5613
"659012",4380,5603
"280236",4938,5595
"2282523",3736,5593
"2711156",3557,5592
"68278",5589,4317
"83461",4480,5589
"2041",4321,5587
"1854",4424,5586
"2591463",2684,5586
"57704",4635,5579
"3015149",5406,5577
"2843330",3877,5576
"2715164",5574,38
"3027808",3335,5574
"343",3995,5562
"2932244",5079,5561
"561879",5559,3262
"1521117",3654,5547
"2904790",4698,5545
"1871111",5544,29
"3061626",5213,5534
"1670830",5530,5134
"2293571",5522,4701
"3016092",5100,5521
"1608957",5518,4970
"1808001",5511,52
"2969621",5241,5506
"2901380",5504,317
"1893",5495,4933
"1828",4199,5492
"2714952",5490,4910
"3068633",3991,5481
"2782168",3956,5474
"2071627",3207,5460
"2744474",5449,4764
"1906274",3672,5448
"1395974",5446,2529
"1494466",3296,5436
"88138",2496,5428
"2203205",5426,4982
"577492",3088,5418
"68200",5417,5301
"522",3208,5415
"424800",3321,5408
"40988",4087,5406
"1138189",5405,2452
"3039386",4808,5401
"2006115",5398,42
"31989",4323,5393
"2866810",5392,1476
"1792307",5105,5390
"2585135",4367,5381
"2600304",4345,5381
"562959",5376,1590
"3075605",3034,5375
"1791",4924,5371
"215580",5369,4845
"2509459",4853,5366
"39694",4473,5364
"2979324",5344,2143
"1967",5222,5341
"1794",5334,5107
"2984338",4262,5330
"2567934",4288,5326
"273677",3997,5323
"589382",5223,5321
"470932",4597,5320
"3028710",5319,5257
"2056258",5303,3937
"2483799",4297,5303
"3024246",4617,5303
"1355015",5279,5300
"2950605",3287,5300
"2201999",5239,5292
"1871086",2957,5290
"2063",5253,5290
"2599293",3236,5288
"1379270",4717,5284
"2675225",3976,5271
"2795216",5268,4603
"3031131",5265,4416
"2762325",3973,5254
"862751",5188,5254
"323415",4754,5252
"1736046",5250,5192
"74313",3147,5245
"528191",5240,161
"314722",4009,5237
"467094",5232,4449
"380021",5230,1795
"68249",5218,4765
"2026191",5202,185
"2171623",4161,5202
"3075197",5202,5071
"2904523",3670,5200
"1797",4476,5197
"2918527",5186,1306
"2676871",5180,4895
"2593653",4404,5176
"1229164",2667,5171
"1736306",3972,5171
"564",5171,838
"72763",4521,5171
"66892",5167,4350
"339",3698,5161
"2837956",5160,4823
"2233851",4567,5158
"2498704",4492,5154
"42197",4204,5147
"2721246",5144,4148
"134601",4000,5142
"76758",5138,1341
"319706",4183,5129
"1792",4112,5115
"2952477",5112,2939
"82380",3806,5106
"220927",3659,5100
"1711",4094,5098
"563835",5097,4658
"1858",4480,5087
"165696",3431,5085
"2735133",4049,5085
"1407071",5084,41
"1789672",5083,4999
"85413",4294,5083
"1047172",4456,5082
"2575440",3297,5080
"2079793",4214,5074
"2976431",3406,5072
"38300",5068,5062
"3015156",4881,5050
"2211140",2143,5049
"39695",4207,5049
"2797167",5048,4751
"2575374",5039,2826
"34029",5034,4376
"104663",5032,3082
"39688",4369,5026
"2884805",5002,85
"2136182",5001,53
"2020312",4995,1888
"2315862",4995,4029
"1670831",4833,4982
"2985506",3616,4974
"1969806",3079,4972
"2665642",3594,4971
"40567",4282,4968
"39689",4918,4965
"2968084",4165,4962
"453304",4707,4958
"208224",4957,3188
"171437",4069,4937
"2742676",4933,3333
"1404367",4840,4932
"1804",4323,4927
"2017685",4920,3334
"1063",4203,4918
"1805827",4076,4906
"185642",3591,4906
"2772401",4895,1934
"1914233",4392,4894
"2968085",4106,4893
"41899",2724,4889
"2775420",4888,4541
"2932247",3772,4887
"1882749",4885,4359
"340268",4827,4884
"356302",4562,4883
"2755382",4103,4880
"547188",3669,4879
"1404443",4837,4878
"1404411",4818,4875
"209247",4124,4869
"479978",4313,4869
"67345",4868,4698
"191494",3562,4866
"43348",3753,4866
"700274",3869,4860
"2059884",4530,4856
"2774190",4055,4852
"168695",4392,4851
"615",2851,4845
"528244",4092,4839
"13689",3034,4836
"2211212",4834,305
"2004646",4833,19
"2816956",4139,4832
"34018",3800,4832
"3016090",4582,4829
"2596916",3703,4807
"665914",679,4800
"2211211",1422,4798
"284035",4787,4798
"2020412",4244,4796
"2906072",4019,4796
"110937",3785,4790
"2563897",4790,53
"3018929",4781,2364
"44010",3621,4780
"47885",4777,4622
"1697043",2753,4775
"3009077",3864,4773
"104336",3368,4771
"3068632",4342,4770
"69277",4589,4769
"2861750",3878,4767
"29580",4187,4765
"1892",4620,4764
"3039384",4356,4761
"3016089",4474,4758
"2026624",2981,4757
"7",3941,4752
"2072590",4751,3261
"2919322",3991,4748
"163604",4264,4737
"2382165",3968,4736
"192812",3116,4732
"1079",4022,4727
"64104",4724,1629
"11",3777,4721
"2854170",4084,4719
"588932",2523,4718
"2608402",3804,4717
"2975049",4709,546
"2914710",4708,4285
"399736",3775,4708
"2004644",4691,20
"40989",3763,4691
"1882747",4690,3928
"53458",3762,4689
"217203",3325,4684
"2571749",3320,4681
"1312364",2561,4678
"3015163",4639,4678
"1801",3937,4677
"2905871",3085,4674
"1179673",3992,4671
"1648182",4664,3547
"2969247",3711,4664
"340345",3571,4659
"28894",4592,4655
"1392",4652,308
"66374",4647,3442
"2729175",3693,4644
"80865",4633,4529
"37330",3957,4623
"2483401",3569,4617
"2570229",3956,4615
"1183401",4614,1431
"538381",3840,4605
"3019544",4601,3237
"2528009",3810,4600
"35",3972,4600
"2055889",3882,4597
"2599401",4596,4486
"43668",3700,4595
"413882",4592,4302
"34070",4591,3470
"61646",4591,2228
"57043",3538,4590
"483545",3873,4588
"1597781",4585,4390
"60920",3806,4582
"1981173",4568,2167
"2026186",4567,253
"2070347",3461,4566
"2970906",3655,4565
"33877",3763,4561
"1138587",3608,4560
"53451",4222,4559
"661481",4558,4547
"2861285",2207,4554
"1823",3938,4551
"1416806",2852,4544
"2035",3668,4544
"2587808",3878,4544
"59893",4543,734
"2968083",3591,4541
"1288636",3845,4536
"219314",3282,4533
"2909587",3334,4531
"156977",3120,4518
"2662028",3560,4513
"2003551",3592,4499
"2527989",3525,4495
"1736691",3422,4491
"907364",4490,4192
"639200",4488,4122
"231455",2224,4486
"2678260",4481,1270
"582702",1973,4470
"2014887",2969,4467
"1775",3005,4461
"2871170",3966,4458
"120959",3435,4453
"2714937",4125,4450
"2819979",3760,4446
"182639",3647,4440
"426",3476,4439
"1742992",4438,2751
"204891",3794,4437
"2830998",4437,3131
"2731096",4436,1992
"1357916",3074,4433
"2584466",4143,4433
"2749991",3736,4427
"2893890",4419,1939
"2806346",4414,1943
"69665",2904,4409
"1138194",4408,2182
"2582831",4407,4357
"132473",4403,4266
"2857060",3845,4402
"53522",4044,4402
"2899220",4400,3897
"446860",3761,4397
"216778",3606,4395
"1793",3521,4384
"2972479",4382,3015
"1795630",3276,4374
"2175645",3705,4372
"1903409",1088,4370
"28047",3530,4368
"2108399",77,4363
"1842727",4358,4020
"1690221",4356,3987
"767452",3650,4353
"2994496",2006,4349
"2026189",4346,82
"1789224",4341,33
"2991074",2688,4338
"3056937",3767,4335
"1891644",2953,4332
"2419774",3394,4328
"2567884",3426,4327
"3064286",3450,4326
"60894",3571,4326
"1072463",3308,4314
"2798861",4313,41
"290399",4312,2422
"1573712",4311,249
"60552",1686,4311
"2778082",2294,4310
"2219043",2912,4308
"160699",4296,1790
"2763498",2147,4294
"179636",4291,4278
"2174846",4271,4288
"1817965",4287,4169
"1905847",3524,4286
"2711215",2731,4284
"887464",4199,4283
"1325107",3477,4279
"2992573",4276,3355
"3016419",4027,4266
"69395",2625,4266
"2995141",3270,4264
"1408",4262,1694
"104087",4261,754
"223390",3646,4257
"3016096",4013,4257
"267128",2718,4253
"1193713",4250,2425
"84595",3304,4248
"37332",3808,4245
"2060312",2867,4243
"2609253",3384,4242
"2039870",3915,4239
"67296",4229,3828
"2962047",3335,4227
"488446",1817,4218
"260554",4212,1479
"2501295",1040,4208
"2966192",4207,3669
"47883",4206,1035
"2213200",3372,4203
"2929802",3484,4203
"2851650",2724,4202
"475937",4202,4039
"57975",2267,4202
"1390395",2475,4201
"535",3998,4199
"2746961",4198,3086
"2508882",3560,4189
"2482763",2859,4175
"2220096",3117,4174
"379684",4169,2216
"1522758",4165,3033
"2509675",1029,4163
"83618",3412,4159
"2705439",4157,4158
"2742639",4158,1458
"75294",3172,4155
"375549",4154,2435
"2736649",3520,4150
"3033808",4148,3929
"3019553",4147,3617
"53376",2524,4147
"2486273",2888,4146
"1678",3686,4144
"2976533",2686,4140
"152500",2298,4138
"2654547",3466,4138
"388357",3583,4135
"3074855",3476,4125
"2051957",4119,3879
"2820884",3441,4118
"1850374",3650,4116
"1431246",3579,4114
"2759943",3271,4112
"482957",2174,4110
"2742603",3182,4109
"1169025",4107,3979
"3002640",4105,4055
"2986949",3194,4103
"2861282",3096,4101
"2528022",3532,4100
"2928154",4096,85
"207340",2566,4087
"390988",2899,4085
"2970464",2943,4080
"1269",3448,4069
"1938605",2314,4067
"2233999",4067,3921
"1763524",1868,4063
"2781962",3185,4060
"39960",2631,4055
"33051",2412,4044
"82541",4044,3999
"283",3975,4041
"113",3982,4036
"2991051",4032,968
"1758689",3335,4029
"2558931",3772,4027
"2898276",3977,4027
"2897334",2677,4015
"404405",3761,4014
"2994664",2942,4010
"38501",1648,4009
"904291",3023,4004
"3015167",3780,4002
"1609758",3080,4000
"2820278",3177,4000
"2714931",3037,3995
"450378",2753,3992
"2968500",2587,3990
"1675686",3955,3983
"2825975",3982,218
"2488560",3764,3980
"2857058",2938,3980
"1538159",3978,1893
"1795631",3976,3724
"2931382",3975,1286
"1653478",2889,3971
"2697032",3739,3969
"2787629",3960,1193
"1297742",3534,3959
"47312",3059,3958
"137722",3483,3956
"158822",2931,3954
"1389020",3254,3953
"2826993",3414,3950
"2933290",3259,3950
"2918765",2342,3946
"2911495",2443,3941
"912",3091,3941
"2812896",3940,2549
"3028312",2544,3939
"2681552",3927,3802
"722731",2900,3925
"1363",3922,74
"2592652",3107,3918
"1385591",2306,3917
"506",3366,3917
"1349819",3277,3914
"2567881",3461,3913
"684552",3124,3913
"879274",3908,3407
"3015997",2229,3901
"3068634",3120,3898
"463025",3040,3895
"319939",3894,3451
"1670800",3375,3893
"3045156",3893,1563
"1593482",3890,3350
"2502779",3389,3885
"2935861",3122,3885
"32002",3360,3885
"39",2752,3877
"885040",3876,1386
"68232",3875,3698
"85968",3145,3875
"2493673",3870,3574
"2810513",3092,3870
"2561924",2050,3867
"36809",3183,3866
"2745198",3864,1910
"1912",3858,3556
"701042",2627,3854
"80867",3432,3847
"2731112",3842,1904
"2991496",3838,2188
"2027911",3837,2257
"40990",2979,3835
"2589976",3519,3834
"2675524",3198,3833
"2973088",3830,421
"743009",2721,3830
"310581",2652,3826
"1652028",3066,3821
"2760308",3554,3819
"2650471",3547,3814
"2728021",3220,3814
"55395",3814,3441
"57493",3026,3813
"2996782",2407,3809
"79329",2067,3808
"2909588",2501,3802
"2267618",51,3799
"31998",2085,3799
"680247",3798,1892
"2579971",3308,3795
"53399",3528,3780
"3028735",3247,3779
"3074822",3778,1154
"2082387",3054,3777
"1740163",1747,3775
"2603206",3175,3775
"2500546",2384,3770
"1397",3768,987
"652764",3037,3764
"2929795",2867,3760
"333966",3215,3758
"1391653",3465,3756
"1561022",3756,3748
"1446794",2755,3755
"47853",3470,3755
"344163",2921,3754
"444597",3155,3747
"2871826",3746,604
"1268041",2822,3742
"1298",3115,3736
"208439",3091,3721
"436397",3516,3720
"3014995",3530,3717
"1793722",2745,3716
"2527983",3348,3716
"3016103",3543,3712
"95485",2161,3701
"3019602",3700,1905
"3058426",3119,3700
"1274",2884,3699
"2875706",3699,3687
"1078471",3048,3696
"34",3277,3696
"2943498",2648,3694
"133",2561,3687
"37928",3397,3687
"1138190",3684,1791
"280333",3681,3630
"709810",2697,3679
"1534349",3181,3677
"3015999",2174,3676
"1784",2707,3674
"1961362",1988,3673
"1114970",3671,188
"1389713",2880,3666
"1437453",3666,3419
"2715163",3666,35
"33889",2951,3665
"708113",2893,3657
"3002903",3655,755
"119219",3168,3654
"1545728",3002,3649
"1207504",2000,3648
"3040935",2243,3641
"2908637",3638,28
"444444",2648,3637
"2604421",2090,3632
"2699395",2744,3631
"293958",3630,2208
"3028316",2588,3630
"292913",2201,3629
"94625",1595,3629
"2745510",3625,242
"2760083",2962,3625
"67827",1080,3624
"2735528",3623,1366
"593909",3410,3623
"1482074",3207,3621
"2338327",2561,3620
"1767",2807,3616
"2303331",3613,3537
"1849032",3610,2533
"2292766",3471,3603
"146017",3047,3599
"1592790",2352,3597
"1838286",3596,3283
"2010829",2260,3595
"2493669",3591,3217
"108980",3590,36
"49546",3590,2409
"1936029",2939,3588
"28090",3586,97
"2567941",3584,2115
"991904",3091,3584
"2716225",3583,3558
"2600159",3582,2557
"3073562",2739,3582
"40137",3005,3580
"33996",2174,3575
"2420509",2869,3573
"2304600",3117,3563
"463040",2508,3559
"83455",3132,3557
"1682113",2870,3556
"76760",3556,837
"2175648",2774,3555
"48935",2603,3553
"3050069",2699,3552
"319707",2914,3542
"2934158",2804,3539
"2055",2761,3536
"29549",3262,3535
"1276",2927,3531
"1069221",2818,3527
"36863",3521,3165
"1270",2913,3520
"2963431",2767,3519
"2763257",2400,3518
"68192",3517,3363
"875808",2698,3514
"2662261",2981,3510
"2528026",2793,3503
"2830997",3502,2372
"414996",3035,3502
"47850",3268,3500
"2565366",3497,2557
"2565556",2364,3496
"1874630",2651,3493
"39122",2795,3490
"2575923",2736,3489
"71655",544,3488
"2975441",3482,2430
"3049047",2656,3481
"465721",3481,2565
"376175",3479,3123
"290",2855,3477
"135719",2160,3474
"2897774",2868,3472
"152682",2198,3471
"2865112",3470,2543
"2698673",2644,3469
"2107713",2751,3468
"2662362",3467,37
"451876",3466,1491
"1572644",2755,3460
"2203210",3287,3457
"279",2763,3456
"2762322",3452,3307
"2686094",3449,2522
"2883205",3440,816
"3003265",2355,3437
"2578107",3434,2519
"459858",2568,3431
"332055",2208,3430
"1184720",3425,1632
"105219",2677,3420
"1515612",2437,3418
"126673",2939,3411
"2040",2693,3410
"84531",3039,3409
"1852",2497,3404
"2025349",2355,3400
"1780",2265,3396
"69367",2380,3396
"2004797",3395,1773
"335928",2855,3389
"121719",2959,3388
"370764",2566,3382
"2041385",3380,1811
"2895486",3374,449
"1778",2617,3370
"247333",2795,3367
"2594003",2862,3365
"2493676",3235,3364
"141349",2410,3362
"1745854",3184,3361
"2026193",3361,166
"75385",3011,3359
"2857059",2882,3355
"2175620",2528,3350
"1871048",3163,3347
"2601898",2515,3341
"367477",2218,3337
"53437",2768,3329
"2597660",2629,3328
"2528024",3233,3318
"292462",2464,3317
"2493672",3315,3064
"1136941",2494,3312
"1573718",3310,421
"556288",2702,3310
"1903186",2781,3308
"2999062",2615,3308
"1701758",2658,3307
"3074897",3307,2284
"199596",2475,3306
"2609257",2452,3301
"692370",2376,3299
"110322",3298,1974
"3032282",3298,2692
"584",2194,3295
"1921510",1951,3293
"2978473",3290,2969
"2986947",3290,601
"376",3153,3290
"2048898",1930,3287
"3049070",2946,3284
"2108445",3282,2858
"2904252",3278,2587
"93220",2307,3266
"1283291",3264,450
"2599600",2906,3262
"2003315",2134,3261
"39687",2860,3257
"2054227",2159,3256
"661488",3256,3141
"194963",3252,2396
"2603277",3250,1771
"28099",3249,987
"93217",2339,3249
"1452",3236,1677
"2811104",3234,3199
"2541726",2619,3227
"66269",1300,3225
"1259258",2546,3223
"1799",2573,3217
"3025663",3217,2653
"2830667",2253,3213
"337004",2465,3213
"1855380",3211,212
"3069708",2684,3211
"36821",2681,3210
"2615214",1995,3206
"28209",2303,3204
"2592654",2509,3200
"300028",2535,3193
"2080742",3176,3192
"68175",2408,3192
"2493671",3006,3189
"945844",2661,3185
"67308",3183,2490
"120107",1892,3182
"931866",3180,2893
"1746199",2277,3174
"2963406",2432,3174
"2934161",2695,3170
"36805",2228,3170
"561",3166,2159
"2806262",3157,3137
"1842534",3156,2212
"1862145",2671,3156
"2014",2888,3153
"2850559",3153,324
"444103",2863,3151
"165301",3148,2308
"398053",1529,3148
"2759707",2142,3146
"2742602",2384,3144
"2867012",2677,3144
"2594265",2696,3143
"655015",2330,3139
"150203",2009,3138
"2029849",2401,3135
"1148509",3133,527
"134",2311,3130
"47420",3128,3026
"1935379",2418,3127
"75309",1585,3127
"1829",2603,3126
"2986923",3125,2391
"545619",2469,3122
"2486855",3118,2304
"2830983",3116,1247
"3038927",2216,3115
"2813577",2808,3113
"2841594",2472,3112
"472693",675,3103
"3031126",3102,1652
"463014",2382,3102
"2762323",3100,2861
"2290922",2969,3099
"2708338",2622,3099
"1914525",2007,3096
"671077",2974,3096
"1891675",605,3095
"2991728",2099,3095
"1874061",1990,3093
"2614639",2582,3093
"1804990",2319,3091
"1353891",2639,3088
"1619313",3087,1438
"1285901",2682,3083
"2895818",2661,3081
"2593973",2548,3080
"2815358",3080,1724
"488731",1641,3079
"2067415",2185,3077
"31988",2817,3076
"680248",3076,2212
"160674",2498,3075
"470076",2177,3074
"234",3072,2877
"2498848",3066,484
"2576891",3052,3065
"248026",3064,2791
"1503055",1690,3063
"1547487",2623,3063
"522259",1652,3063
"198119",3059,291
"1315974",1890,3057
"1331682",2592,3057
"188770",3011,3054
"67081",2273,3054
"964",1949,3054
"1028989",3052,1066
"2745495",3047,1125
"2962064",2171,3047
"2970818",941,3045
"748247",2824,3045
"2982531",2170,3042
"1882831",2660,3040
"1105204",3039,1391
"2725666",2836,3036
"2895491",3035,240
"2895473",3031,307
"1806508",2965,3030
"2762576",3030,1544
"3029053",3029,2177
"3064529",2553,3023
"2862869",3022,2886
"37923",2632,3021
"2991729",2115,3020
"2026187",3018,114
"2072936",1852,3016
"2651974",2998,3016
"590652",2097,3016
"198618",3015,614
"1906742",2447,3010
"2895493",3010,342
"555315",3009,2239
"2201356",3005,423
"2908006",3002,1388
"795665",3002,2913
"2614638",2272,2999
"2815936",2999,347
"1867719",2995,2509
"1395951",2991,1508
"43669",2464,2989
"2851648",2115,2988
"2968086",2174,2988
"2906497",2986,1429
"682998",2403,2986
"2697363",1884,2984
"2782674",2984,2801
"2054",2482,2982
"1964449",2980,1870
"486698",2482,2979
"1508451",2009,2978
"155177",2763,2978
"1166950",2660,2977
"1176649",2977,1070
"2758041",2324,2977
"477680",2062,2977
"169765",2343,2975
"2058152",1076,2975
"47759",2967,2926
"1061",2472,2966
"1004901",2308,2965
"1763828",1891,2962
"240521",2962,1459
"3072793",2506,2962
"68280",2853,2960
"1719132",2279,2959
"56689",2374,2956
"2665643",2465,2954
"2585717",2868,2952
"296",2947,960
"237",2946,2198
"1492898",2710,2941
"2715959",2783,2941
"2995145",2393,2939
"3003392",2936,9
"1069220",2453,2934
"2182432",2729,2934
"2608999",2795,2933
"2904253",2716,2929
"191493",2451,2924
"2972478",2924,756
"1852022",2500,2922
"2152891",743,2921
"3026420",2921,2779
"110505",2414,2919
"1332264",2485,2919
"2676077",1869,2916
"2763317",2914,2756
"3049069",2423,2914
"1589",2912,1636
"1296669",2908,2168
"436515",2908,2777
"312306",2901,2210
"1784719",2194,2900
"1798193",1963,2900
"2027860",1049,2896
"51671",2006,2894
"99653",2535,2891
"1532023",1852,2890
"3049073",2287,2885
"569860",1959,2883
"2734618",2038,2879
"3050384",2387,2874
"1897060",2275,2872
"409290",2872,1712
"2768071",2093,2871
"1768",2269,2869
"2758710",2425,2869
"1758194",2490,2868
"2820808",2867,2491
"1926868",2584,2863
"135735",2860,1054
"925818",1887,2858
"2742204",2227,2857
"33900",2829,2855
"2840373",2853,2816
"95300",2852,594
"1938841",2850,2518
"2744518",2850,2716
"2782167",2291,2849
"1427356",2846,2502
"2054919",2841,515
"2005884",2658,2837
"2081791",2837,1391
"296544",1900,2836
"2528010",2500,2834
"1447062",2580,2832
"2509614",2557,2831
"391905",2174,2830
"1176536",2032,2824
"2082188",2085,2824
"323620",2820,2545
"2306583",2819,2261
"31957",2476,2805
"321983",2802,1859
"128785",2246,2800
"3073268",2463,2799
"398694",2390,2797
"43057",2277,2796
"3016094",2769,2794
"2875948",1984,2789
"2762729",1534,2787
"2789327",1527,2787
"2861283",2461,2786
"117567",2444,2785
"1230998",2320,2784
"2745498",2782,162
"580165",2781,356
"633392",2780,2271
"3025666",755,2777
"67825",2776,1824
"2684212",2774,541
"1561023",1942,2773
"1605891",2394,2770
"281472",2542,2767
"84292",2080,2767
"2606451",1521,2765
"2697569",2761,1437
"2663859",2146,2759
"1545044",2261,2756
"1335043",2499,2753
"501023",1882,2752
"2932245",2133,2751
"418699",2537,2750
"53408",2749,2174
"55518",2166,2736
"1671680",2089,2735
"1040979",2732,1405
"2976241",2616,2730
"2493675",2727,2729
"2675523",2266,2725
"2175646",2029,2720
"1016987",1837,2719
"386911",1920,2711
"85643",2426,2711
"1176721",916,2710
"1752398",2704,2139
"674079",2125,2701
"2740462",1485,2700
"3070679",2699,1434
"1416803",2199,2697
"1788",2059,2697
"2175650",1944,2694
"216816",2693,2153
"3049071",2014,2693
"3004094",2466,2690
"556499",2234,2687
"2782166",1955,2686
"1325111",2199,2685
"1843368",1827,2685
"2862331",1578,2683
"179879",1331,2682
"47880",2678,1968
"2014534",2055,2674
"227605",1964,2673
"2779671",2588,2668
"2880219",1634,2668
"2995166",2250,2664
"46429",1617,2663
"2806347",2662,2341
"2986920",2656,1655
"565",1849,2655
"193",2127,2654
"117207",1681,2649
"42253",2605,2649
"1534348",2255,2648
"3049072",1913,2647
"65741",2646,2385
"2800818",1529,2644
"342113",1396,2643
"28049",1878,2639
"1855519",1643,2637
"337191",2072,2637
"2654248",2474,2636
"1748",2496,2634
"2765360",2357,2634
"2795488",2005,2632
"2653850",1632,2628
"912630",1986,2625
"590",1551,2623
"2879621",1941,2622
"2780074",1836,2621
"231454",900,2620
"2762331",1930,2619
"2060066",1154,2617
"545",2617,2048
"2925844",2066,2610
"111015",2222,2609
"1789",2140,2608
"35703",2608,1347
"1229727",2244,2605
"37914",1787,2604
"316612",2601,2022
"2719023",2122,2600
"374606",2446,2598
"1729695",2021,2594
"2779775",2101,2592
"592316",763,2592
"1749",2298,2587
"1982042",1608,2585
"2942909",1983,2583
"2995154",2583,1873
"2996261",2583,2061
"2830992",2582,1438
"2873270",1998,2582
"2964670",2579,334
"1577075",2479,2576
"2821832",2326,2573
"2871095",2570,292
"43263",2570,2157
"1042",1709,2566
"2268461",2065,2564
"2773709",2564,27
"2830995",2564,1411
"2082386",2563,1982
"92645",1809,2562
"121428",1645,2558
"1324796",2087,2558
"1419277",2557,2538
"2175666",1939,2557
"913",2242,2557
"3016091",2556,2468
"75291",1951,2556
"1226968",2023,2555
"2742624",2553,1590
"2770551",1946,2553
"2175655",1992,2546
"2789856",1989,2543
"2855434",2542,198
"2836161",2541,2016
"2865838",2449,2540
"2892442",1836,2540
"146919",2295,2539
"1285192",1927,2537
"286727",2176,2535
"3068893",2420,2534
"2895559",1911,2532
"2774189",1451,2529
"111831",2041,2524
"356837",2360,2521
"38310",1989,2521
"158899",2053,2520
"1639133",2520,2022
"2782678",2417,2518
"55508",2056,2518
"2996112",1668,2515
"1073531",1977,2514
"2880934",2509,2449
"3064287",2037,2508
"249567",2507,2279
"2730848",2506,428
"666686",2506,1550
"2861279",2504,1864
"863372",1855,2504
"2954079",2503,382
"2835787",1645,2502
"1634516",1712,2501
"200252",2180,2501
"76259",2359,2501
"3039801",2227,2500
"963",1924,2500
"2305508",1069,2499
"702115",2499,434
"1704044",2279,2498
"1423",2497,2202
"364410",1352,2496
"2527982",1692,2492
"3043847",2491,1749
"2708084",1926,2490
"103855",2109,2489
"2843766",89,2488
"36822",1963,2486
"80842",1707,2486
"2811421",2168,2485
"1930058",2102,2484
"3019890",1744,2479
"3019968",2479,1055
"79328",2478,2398
"2502843",1612,2471
"1368430",2470,1302
"2839983",2301,2469
"282217",2468,2255
"1005039",2041,2467
"83676",2137,2460
"1085",2079,2459
"2831662",2009,2457
"2930091",1578,2455
"2583231",2447,1104
"29447",2445,2009
"110932",749,2444
"2795215",1842,2444
"128780",2005,2443
"2745197",2443,1695
"2613773",2442,1908
"2711231",2442,2194
"78587",1522,2436
"2027405",2229,2433
"1379903",2083,2431
"2865839",2429,2242
"2856555",1796,2425
"2885079",1724,2425
"1725",2076,2423
"56448",1821,2423
"256618",2078,2421
"70346",2420,65
"3026192",2309,2419
"2877941",2417,2409
"2004647",2416,22
"1505757",2022,2414
"36808",1877,2414
"1161",2413,1807
"284581",2412,1204
"20",1431,2410
"2879618",2409,1785
"2925842",2035,2409
"399497",2047,2409
"2545797",2408,3
"2738409",1975,2408
"75697",2167,2408
"105560",2403,2109
"1774",2027,2403
"55209",733,2400
"2897773",1719,2398
"652787",1011,2398
"2070761",2397,2135
"76731",2397,2167
"1503054",1618,2395
"71433",2395,2342
"445709",1711,2394
"2211210",2051,2392
"2919917",2390,1560
"2748098",2067,2387
"3038773",1991,2386
"273678",1739,2377
"1851",1776,2374
"2859001",2373,136
"2949090",2132,2371
"2822761",1522,2370
"2743470",2316,2369
"37487",2174,2369
"1659",2208,2368
"2321403",2366,1756
"249058",1726,2365
"279828",1862,2363
"2804761",2362,468
"398049",732,2362
"2867516",2360,651
"93221",1744,2357
"2811423",2356,1768
"3016097",2130,2356
"1144307",1738,2355
"200451",2355,708
"29314",1963,2355
"2683590",2018,2352
"2060",1714,2350
"69578",1959,2350
"1881061",2090,2349
"71999",1887,2349
"204037",2348,2276
"2282397",1838,2344
"546160",1736,2344
"2033869",1949,2336
"2760713",2336,1808
"2071",1747,2332
"2829500",1559,2332
"3035531",1633,2332
"1795043",794,2329
"2725414",2019,2329
"716925",2329,1920
"646637",2326,1641
"332249",1970,2324
"683047",1574,2322
"311180",1908,2321
"1972846",2320,1655
"2895490",2318,224
"2996004",1935,2317
"1555112",2253,2316
"33883",1752,2313
"1660",1988,2312
"2099695",2051,2312
"2547601",1593,2309
"2654282",1710,2309
"46913",2051,2309
"1149133",2307,1802
"2734",2214,2307
"190721",1818,2306
"2987701",2306,1884
"198107",2062,2305
"296591",2304,2252
"712122",1909,2304
"49",2300,1700
"180282",2282,2297
"2507582",2022,2297
"215691",1893,2296
"80679",2053,2296
"2698828",1323,2293
"172043",1308,2292
"2995143",1311,2287
"1969821",2284,2158
"2929515",2283,19
"3028808",1913,2279
"2016596",2257,2278
"84159",1865,2278
"76116",2096,2275
"128",1521,2273
"364317",2155,2273
"34007",1960,2271
"2954088",2270,76
"940557",368,2268
"3039385",2265,1799
"3031330",1169,2264
"322509",1738,2263
"2774875",2160,2262
"502394",1926,2261
"103816",1771,2259
"3052091",2259,727
"300",2254,1578
"2773266",1675,2252
"237609",2251,858
"664962",1756,2251
"1978566",1915,2250
"146922",2197,2248
"329",1639,2244
"139021",1771,2241
"225991",2241,2040
"2733867",1482,2241
"3065910",2046,2240
"200450",2239,599
"114687",2109,2236
"159743",2233,194
"190323",1476,2232
"217204",2022,2232
"2979468",2148,2232
"2759167",1831,2231
"2596912",1762,2230
"2589888",2093,2229
"2816950",2099,2229
"47",1547,2227
"65656",1984,2226
"1663591",1886,2225
"200644",2225,1157
"2915130",1757,2225
"1082851",2207,2224
"158627",2224,421
"3039157",2223,966
"2021",1755,2222
"2419844",1795,2220
"2799326",1981,2220
"157782",2218,1226
"2319844",1300,2218
"2944810",2090,2215
"3070678",2215,1134
"33057",2046,2213
"1919",2211,2157
"1644061",1953,2210
"2907154",1588,2208
"293",1311,2206
"309887",1947,2206
"540747",1934,2205
"147645",2022,2202
"2528021",2201,2065
"2821406",2104,2198
"2842348",2195,128
"1744",1964,2192
"2017484",2019,2191
"2830996",2191,1172
"1392877",2112,2188
"187137",2186,2117
"1897061",1704,2183
"2004",1895,2181
"2909673",1500,2180
"1851544",1941,2179
"1208324",1738,2177
"1393",2172,1122
"1837283",2171,2113
"1176533",1873,2169
"665913",582,2169
"1550579",1039,2168
"253",2168,438
"2970925",1382,2168
"2493668",2167,1912
"2094119",1735,2163
"2795387",2157,2110
"2601677",1942,2154
"2995140",1687,2154
"352858",2154,834
"29442",2151,883
"2840468",1495,2149
"1076550",526,2144
"2487344",1738,2144
"1796606",2143,1249
"2929803",1112,2142
"2741720",2141,2025
"191390",2139,737
"1211322",1830,2136
"2583377",2133,1506
"1610493",1808,2128
"2831967",1879,2123
"370777",2123,2056
"1273",1809,2122
"2811424",1584,2121
"2049589",2119,610
"551760",1889,2117
"94254",1672,2117
"1612173",1756,2116
"512402",1598,2116
"2603292",1520,2114
"2782660",2113,2089
"2546351",1995,2112
"2762577",2112,462
"317577",1831,2112
"353",2025,2112
"61647",2110,2035
"2588711",1749,2109
"2728022",586,2109
"3027470",2109,19
"370524",1673,2109
"1938334",1525,2107
"191302",1662,2101
"341045",1586,2097
"2855503",1683,2094
"2590775",2092,1070
"1810504",1947,2091
"2781976",2089,0
"132919",1889,2087
"2579935",1022,2082
"388459",1793,2079
"28454",208,2078
"98668",1780,2078
"2742145",1761,2077
"886343",1694,2077
"223392",1663,2076
"1913979",1677,2073
"2730847",2070,585
"2875729",1518,2070
"216465",1944,2065
"1639348",1710,2064
"400770",2025,2063
"36861",1899,2061
"46679",2060,391
"2969308",1627,2059
"2217913",893,2056
"2420300",2055,0
"2499144",1697,2055
"35806",1855,2055
"61624",2055,1802
"2560053",1721,2054
"2760310",1895,2054
"2798724",1389,2053
"2596911",2052,1022
"1334193",2051,1624
"3016006",1860,2051
"2766784",1266,2050
"2867264",2050,522
"658666",2048,397
"717785",2033,2047
"543877",1368,2046
"1906741",1875,2043
"1853130",2040,502
"2818388",2040,2000
"2744521",2039,2008
"1881016",1850,2038
"2925843",2037,1989
"122277",1392,2034
"2901869",1893,2034
"867076",2033,116
"2052956",2032,204
"54291",2032,1484
"2660554",1957,2031
"2971235",1241,2030
"2320270",2027,513
"41977",1898,2027
"1546107",2026,1970
"2954092",2026,422
"94624",1781,2023
"2202149",1606,2021
"3031919",2019,1838
"662",2019,1981
"1855416",1161,2017
"2774459",2017,246
"119981",1683,2016
"1826607",1647,2013
"2917991",1846,2013
"2822368",1915,2012
"1250539",1816,2008
"2220095",1558,2008
"2789739",1620,2008
"1267766",1321,2007
"1734031",1475,2006
"206389",1973,2005
"458032",2004,1885
"74329",1232,2000
"2829815",1518,1998
"1538158",1997,1040
"2591633",1750,1996
"1183413",1995,704
"2493679",1800,1994
"238749",1842,1993
"1796921",1862,1987
"1961713",1987,1643
"2745511",1985,180
"447217",1818,1983
"577",1982,1302
"857417",1581,1982
"2589967",1980,1917
"3025315",1388,1980
"52771",1842,1980
"1750",1952,1979
"2862880",1519,1979
"9",1979,706
"39645",1978,1815
"712270",1491,1978
"266062",1680,1977
"3025671",1032,1977
"395598",1973,313
"2528642",1233,1972
"307486",1910,1970
"2109913",1898,1969
"2571115",1495,1968
"2806348",1814,1968
"1573719",1965,354
"293089",1897,1965
"2954096",1965,408
"2017485",1689,1963
"2723776",1146,1963
"373",1963,1147
"173366",1451,1960
"407020",1172,1960
"47878",1959,607
"156980",1538,1957
"187303",1350,1957
"3032592",1502,1956
"1705399",1770,1955
"434014",1955,1858
"281362",1895,1954
"1335048",1653,1952
"2778902",985,1952
"2498452",1584,1951
"2657486",1815,1951
"67824",1949,1099
"2052056",563,1945
"2879622",1522,1945
"488729",1213,1943
"2290923",1893,1942
"2480810",1486,1942
"2874628",1942,1182
"3041765",1941,1833
"2599595",1940,918
"2782568",1249,1937
"2932250",1936,1720
"67258",1936,1847
"2692134",1933,456
"280",1605,1933
"2872309",1683,1933
"645517",1227,1933
"1069",1666,1931
"1389922",1488,1929
"2871820",1903,1928
"1842537",1917,1802
"225326",1610,1917
"768507",1915,1809
"2490851",595,1914
"1032851",1599,1912
"2703789",964,1912
"862126",1031,1912
"2059672",1637,1907
"394964",1609,1907
"1302308",1468,1906
"2995138",1903,1838
"129817",1900,366
"2703794",24,1900
"2724468",1900,1449
"388463",397,1900
"2782004",1725,1898
"76947",1226,1894
"2609255",1431,1889
"2920382",1886,1790
"2508168",1688,1885
"2721243",1885,1612
"2716227",1568,1884
"2752515",1031,1880
"46677",1880,532
"2824561",1749,1878
"2940492",1770,1877
"2005885",1876,1722
"2774137",1450,1876
"173479",1506,1874
"56464",1330,1873
"2109914",1715,1872
"2931399",1872,954
"408015",1654,1872
"2986927",1871,919
"2020313",1869,1324
"1564114",1475,1866
"2930049",1863,1695
"72000",1533,1863
"2760307",1469,1862
"412963",974,1862
"656179",1296,1862
"2511995",1750,1860
"69362",1419,1860
"2012",1701,1859
"2739433",1121,1859
"1792508",1615,1857
"2838157",1853,1513
"2872646",1363,1853
"80866",1769,1853
"1486262",1852,1777
"2070337",1333,1849
"158892",1848,413
"93219",1353,1847
"66428",1652,1845
"2801335",1815,1841
"22",1839,1703
"2895476",1839,197
"423351",913,1837
"1712261",1534,1836
"1896164",1519,1836
"1602166",1834,51
"1715720",1736,1834
"1108595",1603,1829
"2865837",1732,1829
"347",1648,1826
"53635",1692,1826
"2860336",1553,1823
"2819290",1822,445
"2974552",1819,1483
"359110",1817,584
"1267217",1605,1815
"3025670",1338,1815
"370622",1524,1815
"199591",1565,1808
"2726185",1695,1806
"33888",1362,1805
"65700",518,1805
"434010",1749,1804
"2341112",1745,1803
"1112",1188,1802
"266",1479,1802
"2901164",1604,1800
"1850250",1488,1799
"3029060",1798,1297
"1742359",1797,686
"2024551",1437,1796
"2006110",1591,1794
"2802975",1782,1793
"2831891",834,1793
"86185",1793,487
"748280",1694,1792
"2675878",1787,1717
"80880",1787,1727
"56454",1555,1785
"279058",1451,1784
"3031712",1784,1431
"2813744",1401,1783
"58346",1783,1655
"658644",1782,406
"2961896",1777,313
"1077935",1489,1775
"2704465",1774,1580
"75692",1774,1657
"2838156",1773,1464
"1827285",1771,19
"2597659",1385,1770
"291594",1608,1770
"34004",1469,1770
"70411",404,1767
"46352",1299,1766
"1851514",1765,1522
"2952571",1633,1765
"381",1763,1671
"488730",1106,1763
"73919",1763,1738
"536018",1594,1762
"2954091",1761,466
"2116657",1695,1760
"2878391",1537,1759
"2983246",1759,1264
"656178",1244,1758
"1353260",982,1755
"2053287",1755,20
"3017325",1429,1755
"2698682",1539,1753
"2607911",1752,42
"1550733",1030,1751
"2499213",1751,83
"2995170",1501,1751
"2807096",1546,1747
"1335061",1745,1200
"536",1563,1744
"1118379",1377,1743
"2816454",1649,1742
"2745490",1741,743
"2829499",1390,1740
"2681983",1739,95
"2761107",1414,1738
"2906474",1738,1120
"2738142",1528,1737
"1357074",1736,931
"134034",1449,1735
"2493674",1512,1735
"1870985",1386,1734
"2854260",1167,1732
"2995142",1330,1732
"1344094",1731,337
"2493678",1731,1611
"2811415",1641,1730
"2979461",1185,1728
"2565782",1511,1726
"405212",1694,1726
"2799325",1552,1724
"2841257",1517,1722
"76115",1603,1719
"57706",1718,1543
"1664560",1297,1714
"351604",1625,1714
"2057246",1649,1710
"2876939",1348,1710
"2877940",1694,1710
"279113",1462,1709
"53412",1709,1417
"575",1029,1708
"2705458",708,1707
"1962974",1580,1705
"2067960",1705,1691
"2954094",1704,482
"1050370",1582,1698
"219687",1408,1698
"2026240",718,1695
"2850561",1695,1585
"2867233",1171,1693
"120962",1691,1466
"60136",1414,1691
"84566",934,1691
"62140",1105,1690
"263913",1117,1689
"670516",1477,1688
"2777556",1364,1687
"93218",1134,1687
"2604537",1082,1685
"475662",1501,1685
"41276",1062,1684
"1125847",1682,1181
"83262",1400,1682
"2728835",1680,1656
"2736",1516,1679
"1637975",1678,743
"1463158",1339,1677
"2743575",1675,4
"3020843",1675,1318
"1896196",1176,1674
"379893",1674,1575
"421767",1672,509
"2875540",1671,1419
"1871049",1323,1670
"2170729",1410,1670
"1441095",1669,629
"2933563",1669,45
"2961893",1669,1255
"74829",1518,1667
"59737",1368,1666
"2879427",1541,1663
"2080419",1376,1662
"2086471",1662,1223
"29311",1232,1662
"1348774",1131,1661
"1842540",1646,1661
"2771436",1422,1661
"286802",1288,1660
"1783348",1568,1659
"279826",1659,1197
"121292",1656,794
"1384459",1412,1656
"2744516",1621,1656
"2823043",1376,1656
"85016",1292,1655
"2320867",1654,1350
"3034026",1394,1654
"123899",1413,1653
"2527995",1399,1653
"357808",1653,1468
"492670",1653,1166
"1637869",870,1652
"1943633",1469,1650
"2962858",1650,353
"1605838",1645,791
"1234841",888,1644
"150123",1190,1643
"2976680",1483,1643
"1908",1642,1606
"84112",1330,1642
"1628086",1641,271
"2604832",1641,1228
"2605946",1357,1641
"654",1301,1640
"2571029",1271,1639
"415229",1252,1636
"2975482",1635,749
"3026162",1477,1634
"2020486",1633,950
"2714924",1500,1630
"1581038",1629,290
"2982692",1428,1629
"3041175",1512,1629
"158877",1527,1626
"2986919",1485,1625
"2879620",1085,1623
"435",1052,1623
"1578165",1236,1621
"2203219",1187,1621
"499555",1309,1620
"1644131",1460,1619
"244566",1619,639
"2828862",1509,1618
"392593",1616,1359
"553814",1615,1568
"2973512",1575,1612
"1485",1611,955
"1484116",1610,1540
"216142",1609,738
"2871493",1607,92
"354",1587,1607
"2835531",1604,1507
"78327",1604,1060
"2737050",1385,1603
"2995658",1603,372
"702113",1211,1603
"2880932",996,1601
"2527979",1390,1600
"1263728",1390,1598
"1760988",1504,1598
"2795974",1432,1598
"2483404",1559,1596
"199683",1594,1378
"346",1365,1594
"2894192",1593,1576
"1310165",1273,1591
"3068889",1452,1590
"33887",1198,1590
"1245526",1588,1497
"61648",1588,1339
"1396826",1256,1584
"1637853",869,1583
"2997335",1582,775
"2866627",1427,1580
"748811",1562,1577
"2961596",1283,1576
"2851959",1575,1507
"72557",1370,1575
"2183911",1416,1573
"644",1466,1572
"2743089",1351,1569
"2897342",1402,1567
"256821",1220,1565
"1795032",1284,1564
"376489",1478,1564
"1411621",1563,1452
"1579979",1436,1563
"2597701",1453,1562
"2714925",1401,1562
"2762611",1368,1561
"1710540",1260,1559
"1856685",1559,1035
"3041435",1250,1559
"59732",1558,1257
"1084",1188,1555
"1778540",428,1554
"2493670",1388,1554
"1756988",1259,1552
"2259340",1200,1552
"2871175",1551,34
"345370",1476,1550
"2590785",1548,960
"3032001",1335,1546
"56688",1334,1546
"1573720",1545,64
"2587851",1014,1544
"36746",1543,389
"533",1106,1543
"561184",1346,1543
"2744574",1339,1541
"2843200",1377,1541
"517398",1541,340
"2674997",1540,1433
"1930532",1539,831
"575200",1240,1539
"2493681",1438,1538
"2744515",1461,1538
"679318",1302,1538
"3070682",1537,864
"1777866",1536,1497
"502682",1008,1536
"1755504",1534,926
"208962",1534,1350
"2929512",1534,13
"1206777",1532,403
"2703787",1515,1531
"1620215",1522,1527
"2293838",1527,1428
"2724527",940,1522
"377615",1301,1522
"488732",809,1522
"1402135",1387,1521
"2817475",1231,1521
"2775404",1520,1498
"2940488",1471,1520
"1637862",812,1518
"453842",1192,1518
"157783",1516,879
"2217832",1516,57
"1064539",1183,1514
"2497863",1198,1514
"556533",1514,1122
"2755559",1388,1513
"1176587",1512,1422
"1495650",1469,1512
"2023229",1016,1512
"670052",1309,1512
"2846775",1033,1511
"2974023",1509,1500
"85021",1258,1509
"31963",1179,1508
"1414719",1198,1506
"1759059",1505,1317
"2991715",1503,1443
"453230",1384,1502
"3045157",1501,641
"162496",1276,1500
"2591109",1500,1454
"3049774",1242,1500
"2077182",999,1499
"2811422",1497,1067
"215813",1275,1496
"2939414",1495,735
"78331",1377,1495
"3064288",1156,1494
"651740",1493,453
"1981880",1485,1492
"1399",1491,829
"1903704",1491,1254
"2079792",1198,1488
"2867231",946,1488
"52774",1368,1487
"1694",1265,1486
"2962671",1176,1486
"55080",1486,1422
"446683",1485,1349
"2886352",1484,1127
"2116510",1369,1483
"1325564",1482,1391
"80869",1410,1482
"28031",1481,361
"38305",1226,1481
"2202254",1298,1480
"1259973",1260,1479
"2065379",1160,1477
"2527984",1354,1476
"2774461",1476,229
"35554",1417,1476
"2792015",1475,785
"1830",1168,1474
"270",1385,1473
"34003",1155,1473
"1267768",1207,1471
"2182384",969,1471
"2676868",1469,1402
"1484118",1468,1435
"3028711",1394,1468
"506591",1283,1467
"1945662",1230,1465
"2011015",1465,287
"125287",1383,1462
"2932254",1462,892
"47884",1461,343
"1353889",1371,1460
"2587844",1358,1460
"82367",1189,1460
"2774460",1456,287
"470933",1455,861
"2981137",1434,1454
"2745519",1452,262
"2860285",1196,1452
"1914471",1451,1430
"2590774",1451,842
"521689",1446,1451
"129337",1344,1450
"3031998",1220,1449
"659350",1243,1449
"869886",1218,1449
"2355",1446,369
"563172",1446,1062
"2961599",1294,1445
"1288495",1288,1443
"204286",1246,1443
"2830990",1441,365
"33008",1213,1441
"1364945",1222,1440
"1401995",1099,1439
"2066070",1371,1434
"2653853",1434,1038
"1742989",1185,1433
"3033386",1165,1431
"351052",1277,1426
"1842533",1413,1424
"563",691,1424
"1643826",1270,1422
"2704462",1388,1421
"3016341",1421,1111
"56455",1000,1421
"57480",1285,1420
"285",1345,1419
"3003272",1091,1419
"2690837",1245,1417
"3032579",1163,1417
"1785145",1415,171
"2976459",1256,1415
"3034023",1149,1414
"2708079",1027,1413
"3049801",1233,1413
"47960",1338,1412
"251699",1411,491
"328692",1274,1411
"2952527",1287,1410
"2675378",761,1409
"2906443",1409,685
"447792",682,1409
"2895796",1228,1408
"2897772",1325,1408
"321846",1407,473
"2489212",1139,1406
"1853682",1197,1405
"1891094",1030,1404
"70775",1142,1402
"186802",1400,1181
"2830993",1400,351
"1476025",1399,444
"1727",1088,1397
"1223514",1140,1396
"3057176",1288,1396
"1471",1395,753
"2891570",1322,1395
"1661694",1272,1393
"2830999",1390,645
"656366",1303,1390
"1892404",1388,39
"205844",1140,1388
"69823",1053,1388
"1851167",1384,1375
"1967501",1384,923
"2005388",1384,74
"100225",1246,1383
"37930",1245,1383
"2480625",1025,1381
"73141",1226,1381
"2831968",1244,1378
"1548548",1195,1377
"2219057",1375,329
"28104",1257,1374
"44251",1374,649
"265976",1294,1373
"518",1164,1373
"1279",1372,713
"2126321",885,1372
"468",1372,98
"96773",1233,1371
"2251",1208,1368
"1915078",1079,1367
"28448",939,1366
"1802",1182,1365
"1053",1286,1362
"1903858",1362,885
"2927975",1239,1361
"639313",1168,1361
"980254",1188,1361
"1461694",1214,1359
"2953749",1211,1359
"1494608",1241,1358
"43927",1078,1358
"2058657",1039,1357
"2607656",1357,1251
"2875777",1096,1356
"2886938",1355,1284
"1963268",1175,1354
"2740185",1273,1354
"2866808",1354,815
"2853163",1313,1353
"2859226",1041,1353
"163011",1352,201
"1295382",1194,1350
"1917485",1180,1350
"2954093",1350,353
"2483403",1133,1347
"2842456",1019,1347
"1331258",1239,1345
"1033854",1338,1343
"692036",1178,1343
"1416614",1260,1342
"1853699",1121,1342
"3003271",1032,1341
"370038",1290,1340
"2493093",1238,1339
"2944234",1339,918
"3061629",1337,1305
"2584094",788,1336
"2682091",530,1335
"2489010",575,1333
"2077136",1332,202
"614",557,1330
"2175619",1127,1329
"2518343",1295,1329
"266951",780,1329
"108010",1274,1327
"133453",1320,1327
"3036127",1184,1327
"2560010",1147,1325
"2705472",1324,723
"81475",847,1324
"2083786",1171,1323
"2153385",1323,485
"2838237",1323,946
"35760",1086,1323
"483913",1323,479
"51288",1322,1088
"447588",1320,1303
"2235",1161,1318
"2804758",1118,1318
"3041766",1232,1318
"1768242",1316,1152
"682798",1315,1286
"1434011",823,1314
"485898",1314,774
"1294143",1313,1050
"2895487",1313,33
"462710",1098,1312
"2527972",1151,1310
"1736226",1309,716
"200452",1309,373
"2079536",1108,1308
"2929514",1308,11
"2917691",1125,1304
"158787",1152,1302
"1121358",1079,1296
"2725477",1295,1244
"2961939",1113,1295
"2109915",1214,1294
"551996",1084,1293
"2705399",1292,1176
"1075",1199,1291
"3009083",854,1291
"1652545",1140,1290
"1735038",1206,1289
"1649486",736,1287
"2770322",908,1285
"3015158",1166,1284
"2583822",1078,1283
"1649184",1282,1204
"204038",784,1282
"2589076",1050,1282
"2743090",1091,1281
"3068324",1054,1281
"2267833",1280,446
"2979467",1057,1280
"2740807",1257,1279
"3075121",1057,1279
"3073271",1278,567
"399742",1278,476
"2518644",1277,572
"320497",783,1276
"59405",1199,1276
"2861288",1041,1275
"980427",1130,1274
"308754",1071,1272
"580",1231,1272
"349751",1078,1271
"404941",1125,1271
"2971912",1270,280
"1823759",1227,1269
"2488567",6,1268
"186822",1266,1122
"2856823",1032,1266
"1805478",1118,1265
"467975",1265,1134
"361183",814,1263
"2004650",1262,19
"2021862",1219,1262
"306",1262,731
"186192",1193,1261
"2744522",1261,1151
"2866807",1261,162
"418223",668,1261
"2502781",1260,1199
"2714923",1244,1260
"33052",827,1260
"38875",1259,747
"80868",1099,1258
"2067959",1257,634
"283878",1043,1257
"2831106",1247,1256
"1192162",1147,1255
"1756993",299,1255
"2025949",894,1255
"2778370",1254,273
"1280",1253,981
"1686399",1253,98
"2962676",1159,1252
"2837969",1251,215
"347534",1056,1251
"869889",1147,1248
"169176",855,1247
"53346",1245,68
"332158",1016,1244
"555316",1086,1244
"2744523",1231,1243
"2909249",790,1243
"2806442",1186,1242
"1198301",1186,1241
"3003393",1241,10
"195105",1043,1240
"2744517",1195,1239
"2592345",405,1237
"2842349",1237,417
"2971236",928,1236
"57497",1183,1236
"29404",1121,1235
"293088",1219,1234
"3068640",1175,1234
"1526572",978,1233
"189381",1233,548
"3015150",1119,1232
"1432792",1231,1181
"186931",1210,1231
"2987689",1108,1231
"37931",1231,752
"1705310",465,1229
"2821543",1229,1179
"2742133",1228,1080
"2597769",1035,1227
"2806210",1176,1226
"33010",1157,1226
"2654249",1225,1116
"2931975",934,1225
"2962065",1047,1225
"1453760",959,1224
"1853690",1062,1224
"2527978",1027,1223
"2931976",1004,1222
"2161816",1064,1221
"3030011",955,1221
"55968",872,1221
"1972068",1171,1220
"358220",1220,1207
"106591",1219,1026
"573737",929,1219
"3031114",1190,1217
"432329",1166,1215
"1940612",1101,1214
"2792603",1172,1214
"2872648",285,1212
"2000",1128,1211
"2021234",1211,1149
"204039",523,1211
"358099",960,1211
"2847991",1093,1206
"3038924",670,1206
"59930",1206,1167
"67780",208,1206
"2749808",1204,92
"2883126",1203,1048
"89184",1091,1203
"2080740",1024,1202
"1880678",1201,277
"1174501",1200,231
"1120045",1199,497
"2886935",1199,1177
"1041",770,1197
"2963434",1045,1197
"2881056",969,1195
"1609966",1057,1194
"1615494",492,1194
"178339",931,1194
"2692330",1004,1194
"1534110",1193,109
"159346",968,1191
"755307",1145,1190
"2697563",968,1189
"2812648",1189,1121
"686597",1187,1123
"1874",1066,1186
"2496847",1016,1186
"2904243",978,1186
"69964",1139,1186
"924",1084,1186
"2906514",596,1185
"221822",1019,1184
"2750025",1182,1171
"2925841",1182,917
"1655",1045,1180
"579",1180,1087
"2978392",1179,1054
"3031996",869,1179
"500",1043,1178
"2587852",1007,1177
"2815360",1177,606
"3051137",1050,1177
"3052086",966,1177
"33918",905,1174
"67294",1174,1054
"74712",885,1174
"157592",1134,1172
"2604158",1048,1171
"2894187",1072,1171
"3026145",1171,817
"3003247",808,1170
"2663121",1169,1168
"531813",1050,1169
"400634",1168,430
"2842357",1164,849
"2873296",261,1164
"926",1120,1164
"387343",982,1161
"461393",1045,1160
"1081866",1022,1159
"2023772",1159,1142
"2895475",1159,151
"34002",991,1158
"47671",1158,1123
"2587163",952,1157
"2697023",1157,144
"1282737",948,1156
"2978683",448,1156
"682956",1156,753
"1897729",1086,1153
"1458426",1152,1100
"1479019",660,1152
"2587849",1082,1152
"2949993",988,1152
"1851395",1009,1151
"82976",955,1151
"2518599",651,1150
"2527980",1003,1148
"3062598",448,1148
"2964616",1147,1139
"126",910,1146
"129985",1146,704
"85017",1017,1145
"2867408",1144,141
"88723",1059,1143
"2726189",810,1142
"1123043",964,1139
"1788301",1139,377
"853",954,1139
"130049",1138,1106
"152268",1138,379
"1768108",1028,1138
"442",665,1138
"2055955",743,1137
"3016087",1043,1137
"74426",966,1137
"203135",1004,1136
"2884832",1136,291
"82996",935,1136
"2715678",1135,1061
"3025782",1134,782
"1525371",1132,523
"138118",998,1131
"2884874",919,1131
"125",1128,1127
"2039234",867,1128
"2954090",1128,41
"32013",1106,1128
"1248727",1039,1126
"1564506",1040,1126
"1765967",1049,1126
"2011159",744,1126
"1547898",938,1125
"651143",924,1125
"158080",946,1123
"376170",947,1123
"392610",644,1122
"1620421",1120,1120
"1273155",1082,1119
"2748080",1119,792
"56453",875,1119
"2805590",907,1118
"3074146",1118,477
"3068275",867,1116
"1883416",1107,1115
"29288",878,1113
"2862866",1112,535
"1603606",1071,1110
"2739057",925,1110
"2961595",932,1110
"54736",1107,1046
"1299",980,1104
"2614442",1104,852
"345632",989,1103
"2815343",1101,1098
"1933880",1100,773
"2930199",1007,1100
"2841064",1099,251
"1670",1059,1098
"2613965",988,1098
"1854057",1096,970
"1329841",1095,721
"2761047",917,1094
"48664",884,1093
"56460",816,1092
"2943192",1037,1091
"1049",1018,1090
"414",1090,1039
"1644056",950,1088
"1873716",1011,1088
"74031",1068,1088
"2079535",854,1087
"2169400",968,1087
"1850093",1086,1081
"2202141",967,1086
"2886936",898,1086
"106634",1057,1084
"2953657",973,1084
"47716",1084,1015
"192843",1048,1083
"2867011",923,1083
"2953750",832,1083
"2956797",1011,1081
"199136",1051,1080
"1353136",962,1079
"2984530",940,1079
"363952",983,1078
"2560332",1077,127
"1747",793,1076
"187304",940,1075
"122355",1073,286
"1940",1073,558
"2057798",881,1073
"2583532",1072,1021
"1207075",1071,148
"1813451",1071,816
"2847989",1071,1061
"336810",1071,63
"1806885",695,1070
"2866592",1069,662
"74318",875,1069
"2691571",878,1068
"2994661",1068,418
"2694929",988,1067
"640205",1067,707
"699433",875,1067
"2932249",1065,921
"396595",1023,1065
"1703",808,1064
"43306",995,1062
"1549850",1019,1061
"164608",731,1061
"304378",813,1058
"2057800",874,1055
"244596",1014,1055
"2773299",804,1055
"191028",1021,1054
"2722820",985,1054
"3045175",1054,882
"2508289",715,1051
"2651583",977,1051
"1263550",653,1050
"2714945",907,1050
"3024400",839,1050
"515393",1050,332
"551",553,1049
"2478662",1047,985
"3017783",832,1047
"2609252",828,1045
"2048897",1043,456
"2811788",557,1043
"289370",1043,710
"1225769",866,1041
"2898441",1041,633
"2929509",1041,15
"2599819",1040,924
"2840474",949,1039
"83677",956,1039
"1547448",1038,1024
"1586233",1001,1038
"67351",1038,1004
"1309411",903,1037
"44750",835,1036
"2830994",1035,461
"2932248",1035,955
"2982694",961,1035
"553982",967,1034
"2987688",1033,922
"441500",789,1033
"1478019",1031,657
"1411902",966,1030
"3042028",1029,75
"1473112",1028,239
"1656",945,1028
"3026161",952,1027
"629680",888,1027
"13134",797,1024
"2918299",968,1023
"168471",815,1022
"2909672",897,1022
"404432",890,1022
"71254",794,1022
"1458425",997,1021
"2902623",917,1020
"3050071",824,1020
"1775881",808,1019
"2954078",1019,133
"641491",1011,1019
"1848517",1018,51
"497727",1017,478
"582",915,1017
"68203",1017,908
"816",1017,955
"47421",1016,873
"89154",834,1016
"758826",1005,1015
"1484693",913,1014
"2211108",994,1014
"2768165",1014,930
"292800",974,1014
"189425",1013,791
"219572",1012,316
"1188315",944,1011
"1906273",922,1011
"2847045",1011,992
"3033809",1011,781
"675090",954,1011
"2008794",1010,986
"39775",957,1010
"1499973",1009,516
"44252",1009,716
"1404244",806,1008
"2494374",948,1008
"2963433",905,1008
"1936990",1007,861
"3047478",847,1006
"1785161",1005,459
"400061",918,1005
"1434191",758,1004
"1048396",943,1002
"1879049",1002,212
"2733488",860,1002
"180957",307,1001
"1072256",795,1000
"191610",783,996
"2562449",996,826
"1491",994,709
"2867238",598,994
"2079596",990,15
"2675218",819,990
"2769067",729,990
"575378",990,894
"1333523",867,989
"2079791",749,989
"229731",920,988
"337243",805,987
"3015995",771,979
"68909",807,979
"2184519",978,939
"1795874",417,977
"38302",872,977
"1773489",875,976
"2697565",722,976
"1872427",958,975
"2025658",975,238
"2565558",975,897
"2587529",177,975
"3055079",781,975
"81032",810,975
"1928",973,936
"2847992",956,973
"2906456",973,684
"482",856,973
"3055080",803,971
"2954077",970,47
"405559",782,970
"274",866,969
"1715989",968,886
"2745509",968,93
"28151",944,968
"1407499",798,967
"2718876",683,967
"202951",966,38
"216851",925,966
"2202000",909,966
"38304",733,966
"1385715",964,597
"2748873",961,922
"2831890",863,961
"2816859",886,960
"430679",818,960
"2860258",872,958
"3031727",689,958
"225194",851,957
"1737425",855,956
"1886",931,956
"60035",890,956
"1306274",954,223
"3032281",778,954
"2239",861,953
"497967",953,894
"60890",817,952
"334542",794,950
"340320",789,950
"2735906",949,540
"1833",735,948
"2587855",772,948
"3029055",866,947
"1288970",772,944
"2683284",756,943
"33072",909,943
"1537215",792,942
"2565914",939,812
"134623",937,813
"1826872",644,937
"2497861",831,937
"146937",936,924
"2773308",924,934
"2840183",916,934
"2771012",889,932
"2886940",863,932
"544580",796,932
"1851505",858,931
"517719",721,930
"1949083",924,928
"2173174",855,927
"3058420",857,926
"1495638",903,925
"2587847",863,925
"2872158",767,925
"2907343",890,925
"83614",797,925
"28256",924,873
"2867236",583,923
"437900",923,360
"1850526",814,922
"436",557,922
"93222",701,922
"2594795",837,920
"2842356",920,629
"2752316",919,918
"481743",918,128
"59779",758,918
"2704463",916,839
"87",712,916
"2497436",914,900
"901",859,912
"1009682",847,911
"1781",734,910
"2829501",821,910
"1499686",908,636
"1306526",907,342
"28453",552,907
"1763535",906,895
"2994972",722,906
"1716143",880,905
"2605945",817,905
"62320",749,905
"2816475",864,904
"2953890",798,904
"1705566",903,419
"2674991",812,903
"2081970",902,806
"1552990",806,901
"153496",583,899
"2794089",764,899
"57494",690,899
"1703340",563,898
"2782655",814,898
"2785056",898,502
"416",819,898
"2020716",896,790
"33011",761,896
"189691",895,895
"191292",804,894
"2812658",836,894
"35746",786,894
"392733",247,893
"2962672",812,891
"3032283",720,891
"2692125",773,888
"78543",888,168
"61652",616,886
"2527990",801,884
"2652443",797,883
"2746",883,877
"648",619,882
"1306787",868,881
"3064531",678,881
"1981174",880,287
"1890424",866,879
"2962673",833,879
"632",83,879
"2737173",628,878
"873",789,877
"2584940",874,751
"2870750",873,274
"213422",784,872
"379895",770,872
"2726956",871,508
"651",852,871
"1307763",817,870
"352",816,869
"1219",868,557
"255984",546,868
"34098",868,62
"1573711",866,231
"1695218",844,866
"215221",590,866
"364197",866,483
"12916",775,865
"2964609",818,864
"2078786",863,368
"2842355",863,673
"1932360",785,862
"2675233",862,340
"2836432",717,862
"859144",862,395
"3033389",805,861
"2742",723,860
"551759",815,860
"311182",859,839
"43675",694,859
"634157",740,859
"2811108",810,858
"2859228",858,518
"2787706",18,857
"521520",856,244
"1682490",855,831
"936337",713,855
"2587842",657,854
"79263",853,547
"2949307",726,852
"2545798",788,851
"2961574",761,851
"2971264",784,851
"1301",850,501
"264697",850,295
"2597515",775,849
"2706126",849,446
"1138383",603,848
"2951988",731,847
"3002901",791,847
"2733571",719,846
"2953748",686,846
"73010",751,846
"74033",684,846
"1611770",845,267
"265959",570,845
"3033810",844,832
"1902245",645,843
"2931930",843,787
"1155739",842,673
"2994971",682,842
"1891926",762,841
"116718",840,324
"187491",682,840
"2781952",476,840
"881",806,840
"1773",730,839
"2497325",718,839
"441501",759,839
"1872084",796,838
"2511069",796,838
"1658672",837,812
"43771",660,837
"645",835,837
"110539",836,830
"53407",836,227
"915099",835,272
"1649453",729,834
"2708301",801,833
"80878",806,832
"119",706,830
"2495594",724,829
"59561",786,829
"2764711",828,145
"293387",828,307
"2923366",825,724
"2954101",825,33
"32012",737,825
"38289",704,824
"3019098",823,625
"556",658,823
"1562974",803,822
"2527867",708,821
"660522",618,821
"1608628",766,820
"2494550",724,820
"1573676",819,597
"1938606",733,819
"83564",742,819
"1536774",818,382
"2747372",16,818
"82977",818,589
"2866311",721,817
"1858609",795,816
"658446",728,814
"146923",813,769
"1536772",813,357
"2053930",635,813
"2072413",597,813
"1323948",790,811
"184917",720,811
"3048007",637,811
"507",777,810
"186188",809,791
"1891671",621,809
"2764705",646,809
"2909283",620,809
"879",714,809
"156978",659,807
"2920387",807,471
"2019",700,806
"2675099",712,806
"2901142",660,806
"3042299",697,806
"445930",705,806
"68239",806,611
"78448",684,806
"55212",805,743
"2072414",634,804
"1177",802,480
"1487865",706,801
"2184083",737,801
"2675230",801,348
"3017782",592,801
"158823",696,800
"2072642",800,374
"31993",504,800
"65958",557,800
"1050",757,798
"1930273",738,798
"2779519",735,798
"2961598",734,798
"564137",709,798
"1748965",797,747
"2758038",745,797
"2842397",797,6
"1446467",796,764
"1586232",709,796
"1889240",706,796
"55211",619,796
"2733487",718,794
"63561",794,784
"929813",545,794
"147206",674,793
"1758178",642,793
"56459",572,792
"2712698",708,791
"2951804",704,791
"92945",784,791
"1532555",444,790
"2749999",790,449
"2993564",737,790
"413501",166,790
"1132836",788,347
"63",701,788
"2029983",787,719
"2751478",719,787
"2886932",787,715
"2094021",786,615
"2175621",579,786
"2175664",573,785
"2775080",589,785
"2883169",735,783
"1198456",782,612
"1648923",782,361
"2909339",782,653
"195913",697,780
"56450",541,780
"75612",777,163
"414371",599,776
"635",741,776
"2185142",504,774
"2982524",666,774
"2835648",757,773
"2596915",772,760
"2979863",772,490
"95301",772,687
"2045451",771,309
"2609254",585,771
"2728024",771,710
"1335613",649,770
"2982699",613,770
"79883",770,304
"2319843",725,767
"2979861",767,535
"1771309",700,766
"2810347",766,188
"2938695",694,765
"3075123",643,765
"1458461",594,764
"2546350",764,723
"29284",649,764
"1382803",655,762
"2714934",542,762
"2745518",762,223
"2999067",762,725
"3029084",698,762
"3038546",756,762
"571177",762,733
"1126833",760,576
"1262452",760,734
"370111",759,571
"2017482",655,758
"2590776",758,229
"53246",758,717
"2793103",757,52
"299262",674,757
"196024",748,756
"1909299",474,755
"2795779",662,755
"2861284",668,755
"511",591,755
"2949995",737,754
"3067904",653,754
"319501",648,754
"2884876",706,753
"290400",656,753
"1619153",670,752
"28232",650,752
"2681310",665,751
"2682776",638,751
"49283",751,642
"1076926",749,387
"42906",518,749
"2282849",748,607
"2707174",458,748
"2718938",748,740
"2968969",737,748
"1925020",747,342
"1960083",660,747
"2527996",658,747
"521",677,747
"184748",643,746
"1906",735,746
"2774562",746,546
"2885078",598,746
"375286",481,746
"636",630,745
"2954085",744,32
"2731681",743,622
"2932251",743,661
"1881069",598,742
"465541",742,605
"2937524",628,741
"3033392",666,741
"420402",679,741
"273384",582,740
"2796927",740,712
"2843765",740,0
"538949",725,740
"206351",728,739
"3026424",661,739
"33995",456,739
"1684",718,738
"194924",694,738
"2057025",722,738
"471189",612,738
"658630",737,264
"1529068",681,736
"2605989",615,736
"1073",735,707
"204042",626,734
"2614538",734,257
"1548547",733,659
"434",477,733
"119484",732,715
"2730851",732,108
"171865",656,731
"1821625",731,669
"328813",687,730
"487698",591,730
"3031916",527,729
"745377",697,729
"1630135",596,727
"206506",664,727
"2902624",630,727
"3038545",727,650
"2995155",447,726
"413",724,726
"2867016",651,725
"1281578",622,724
"2489213",672,724
"99",629,724
"1637837",397,723
"2049",597,723
"2675877",723,656
"414771",723,384
"869888",605,723
"154981",703,722
"1873425",722,345
"29543",635,722
"2831149",721,651
"2609258",609,720
"2855836",720,679
"1648404",455,719
"2725563",560,719
"1017351",601,718
"1870820",718,460
"265960",513,718
"3042026",626,718
"3046670",665,718
"648999",697,718
"2819280",670,714
"401472",498,714
"1520670",602,713
"166501",632,712
"169760",712,479
"2866626",712,448
"76761",712,238
"2730359",641,711
"2967130",539,711
"3040943",643,711
"2057743",686,709
"2931974",709,637
"296842",692,708
"1907662",613,707
"223182",649,707
"2247",606,707
"2697027",537,707
"3039160",707,314
"1306993",706,136
"2175660",539,706
"2691357",705,695
"2905879",705,2
"388408",598,705
"2493677",659,704
"2714935",576,702
"629",637,702
"2853258",617,701
"1136497",636,700
"1667168",641,700
"184912",53,700
"2772253",561,700
"3059028",623,700
"35814",638,700
"2709392",553,698
"3059027",485,698
"1547283",697,303
"210",697,461
"2916410",697,664
"2721245",638,696
"52022",688,696
"135613",695,575
"1915310",561,695
"261284",693,695
"2720029",695,223
"28097",525,695
"2969431",694,574
"88724",650,694
"1331910",576,693
"1457250",563,693
"2052660",693,601
"182210",673,692
"2908651",605,692
"2508880",560,691
"2707525",551,691
"2853158",691,11
"2867020",602,691
"413810",572,691
"2233998",690,41
"2493633",690,479
"2594007",689,625
"2762896",689,31
"3015166",689,674
"555317",644,689
"2175149",610,688
"2560058",414,688
"604330",662,688
"1661",581,687
"310783",563,687
"108486",516,686
"114707",686,393
"135740",621,686
"1679096",622,686
"2759954",643,686
"92644",654,686
"156453",685,588
"2528027",600,685
"53409",685,104
"446679",683,193
"1902",535,682
"2939437",607,682
"2520506",681,633
"2615203",681,679
"2592049",587,680
"33071",668,679
"1108",678,630
"2910158",678,673
"483937",678,535
"638",677,107
"2500132",614,676
"2009329",606,675
"2494234",675,673
"3042029",675,94
"141948",557,674
"2698684",595,674
"2734634",630,674
"1842535",438,673
"1938604",672,651
"2954082",672,64
"2964610",672,650
"39485",672,27
"55148",635,672
"77635",525,672
"1407",671,381
"2175667",508,671
"2594459",671,467
"2015348",374,670
"520056",669,27
"1798205",621,668
"1871022",576,668
"2867022",623,668
"1397703",667,223
"1401",667,166
"1852390",567,667
"2759525",583,667
"556257",468,667
"38286",550,666
"1046",665,571
"2579977",384,665
"152794",516,664
"2282309",348,664
"2341117",663,645
"507626",663,653
"2565554",508,662
"2876194",620,662
"3031113",619,662
"1930276",661,659
"2992441",469,661
"416273",542,661
"2583823",540,660
"2585118",584,660
"2913412",660,579
"3061632",660,638
"2590016",563,659
"274537",620,659
"84567",502,659
"1434010",159,658
"169133",582,658
"2665156",197,658
"2842350",657,151
"2842354",657,399
"43617",656,629
"638849",630,656
"43663",655,416
"1178516",654,623
"1496",654,261
"1703338",441,654
"739141",313,654
"1173025",653,653
"1332080",442,653
"2585119",567,653
"2830842",653,610
"2725558",432,652
"2742134",652,606
"2749086",568,652
"3026418",622,652
"2692233",651,643
"392011",619,651
"1538644",650,366
"239759",637,650
"2528017",578,650
"743836",568,650
"2237",649,627
"2898795",563,649
"163202",511,648
"2691354",638,648
"2259622",472,647
"3021811",356,646
"302485",639,646
"2878535",607,645
"2987533",645,601
"2127060",580,644
"2735870",644,612
"2909671",644,532
"1860122",578,643
"2815720",643,39
"336203",496,643
"3033390",518,642
"1526412",577,641
"1566358",641,293
"2747268",612,641
"1922217",640,223
"171163",577,639
"2986928",407,639
"1520",638,337
"84406",638,239
"2911520",593,637
"368607",497,637
"393765",591,637
"1701090",473,636
"2878680",521,636
"2904242",566,635
"1853232",633,634
"2321394",515,634
"2876190",542,634
"652",600,634
"2745482",633,545
"3003351",633,149
"1335757",632,627
"245188",515,632
"2766984",632,437
"2796139",607,632
"3034025",577,631
"379347",495,630
"373687",629,384
"172827",550,628
"2282310",314,628
"564064",628,599
"68209",626,514
"876",597,626
"2572921",543,624
"168934",468,623
"2901189",608,623
"323450",485,623
"375489",623,418
"1356852",622,575
"171549",535,622
"1898738",442,622
"2750620",459,622
"2779361",458,622
"859143",622,368
"50340",621,202
"2763010",571,620
"2724122",397,619
"2761579",619,580
"32003",619,549
"238834",618,428
"2806263",618,611
"446660",607,618
"163359",590,617
"2666025",616,461
"2884875",487,616
"2933779",553,616
"29581",556,616
"1883414",559,615
"2055947",464,615
"2961597",526,615
"630",423,614
"133924",535,613
"1968839",506,613
"2724121",381,613
"1678128",563,611
"2590869",552,611
"2599399",480,611
"2877939",605,611
"2496837",609,601
"2781021",463,609
"2789857",609,595
"204461",505,608
"2916397",451,608
"72274",608,585
"2954083",607,66
"1536773",606,319
"2086585",539,606
"3053904",536,606
"984",462,606
"2283160",605,209
"2931977",491,605
"92947",500,605
"1954172",604,297
"2726989",604,416
"2874213",604,500
"1325724",355,603
"35701",512,603
"91915",384,603
"163877",601,172
"2003188",531,601
"2175641",485,599
"2813778",402,599
"2983233",599,587
"894",542,598
"1563222",596,520
"155894",455,595
"2563602",595,511
"2699430",570,595
"555573",547,595
"2664893",594,332
"2817656",544,594
"3032584",583,594
"1898733",459,593
"2681308",253,593
"3033387",591,593
"481",499,593
"3033388",573,592
"1379870",591,540
"145458",475,591
"1455",591,222
"52773",504,591
"1162",590,389
"1866326",412,590
"2976884",590,124
"2996034",590,508
"1827469",339,589
"2986803",582,588
"436516",588,227
"1379040",482,587
"2918528",494,587
"355249",560,587
"618",439,587
"947919",573,587
"2173831",362,585
"2910984",565,585
"1618207",476,584
"214856",546,584
"496057",537,584
"1436290",583,551
"1710539",466,583
"218936",583,537
"1234",582,580
"1632780",471,582
"2876193",505,582
"2596949",339,581
"2961570",445,581
"63745",551,581
"1664069",580,437
"2662033",580,256
"133926",577,578
"3043332",578,266
"131081",411,577
"2026885",545,577
"715179",577,399
"3068314",393,576
"741759",428,576
"1243",575,368
"1496080",428,575
"1550728",376,575
"2806553",365,575
"2883100",506,575
"1868135",343,574
"231439",559,574
"2731680",486,574
"1796",530,572
"2722756",355,572
"1821621",502,571
"1881022",504,571
"39791",422,571
"710648",571,2
"1603886",449,570
"1906738",463,570
"2731552",570,518
"1385664",569,482
"179637",531,569
"2749906",477,569
"277",537,569
"361111",523,569
"748197",552,569
"2678688",489,568
"313985",555,568
"1531429",529,567
"1775880",430,567
"1400387",511,566
"2055893",475,566
"1398",565,367
"2666185",563,565
"285091",524,565
"1834519",564,505
"2735316",564,481
"1916917",383,563
"496056",501,563
"83219",550,563
"107",553,562
"1916",416,562
"2042057",146,562
"2978973",466,562
"2746321",561,488
"471827",561,509
"47917",561,519
"75293",561,546
"84096",449,561
"2822760",522,560
"2599296",472,558
"2213015",557,405
"2718",442,557
"2886045",493,557
"2901381",557,252
"706438",524,557
"1457",526,555
"1465",555,350
"1891787",459,555
"2714940",481,555
"2881234",491,555
"2708348",553,6
"3057114",552,483
"34008",497,552
"224402",474,551
"1211326",550,484
"1288121",497,550
"169292",459,550
"300181",156,550
"651822",540,550
"2583374",440,549
"2747817",490,549
"1470347",473,548
"2028345",509,548
"2600596",488,548
"53374",407,548
"1618022",547,174
"1990687",455,547
"2871694",444,547
"1691904",546,394
"2350",546,486
"2175674",411,545
"2812000",545,150
"1903411",440,544
"3034024",544,543
"38288",414,544
"1118963",543,331
"2758573",452,543
"2829187",543,430
"1930277",505,542
"2231055",461,542
"2724123",381,542
"336820",380,542
"2837506",541,40
"370324",424,541
"1017270",540,270
"81479",540,534
"1379910",519,539
"2153485",539,488
"421628",539,476
"649841",518,539
"2742129",479,538
"1798806",435,537
"182337",291,537
"2044521",520,537
"3073816",537,366
"476157",369,537
"265606",488,536
"2710596",536,518
"2781022",422,536
"487184",516,536
"1499392",457,535
"3017784",447,535
"702114",534,525
"2953747",412,533
"3026423",533,533
"33059",515,533
"427923",533,520
"208216",412,532
"2933562",357,532
"47877",532,277
"1930622",531,526
"2558360",438,531
"2740163",531,515
"1808979",482,530
"239934",477,530
"59282",402,530
"1680",438,529
"388950",513,529
"74030",498,529
"1214604",528,524
"2763540",425,528
"2978474",528,527
"81412",528,496
"1536769",527,208
"1979344",527,153
"2871487",527,467
"2986951",527,317
"154",493,526
"160799",526,278
"2678261",526,377
"2729423",526,270
"2745947",515,526
"348826",444,526
"43770",434,526
"1685",442,525
"262324",525,502
"2738843",525,25
"1510570",367,524
"2875539",522,523
"2991053",523,288
"1134435",458,522
"1177712",356,522
"225992",498,522
"3037258",143,522
"119977",516,521
"3051119",369,521
"472181",479,521
"1855331",520,25
"2681547",494,520
"959",429,520
"1477518",519,346
"1870819",519,270
"2880651",505,518
"33958",518,420
"430914",380,518
"2505977",457,517
"297",479,517
"106633",499,516
"152260",516,487
"227319",373,516
"44742",506,516
"67826",516,458
"122",432,515
"529",515,485
"2070463",514,180
"2666183",514,185
"980251",514,508
"136857",439,513
"199592",296,513
"324767",513,372
"1277350",439,512
"1297617",474,512
"1827300",511,125
"512763",511,487
"1094342",495,510
"1550024",431,510
"2527968",452,510
"2603215",509,510
"2610902",468,510
"2711328",455,510
"387341",459,510
"454171",407,509
"2837511",508,155
"3028314",464,508
"511062",451,508
"53413",386,508
"328814",456,507
"2823518",451,506
"3022676",466,506
"75588",506,161
"1467",505,301
"2175644",379,505
"2259620",400,505
"2681307",505,242
"3073902",380,505
"2892541",503,125
"1176257",438,502
"1769779",385,502
"53501",435,502
"84110",456,502
"2066049",501,127
"2303528",501,405
"256701",429,501
"2680004",396,501
"2861765",501,461
"2895474",500,60
"89053",434,500
"1636603",499,10
"349971",499,256
"1502",498,413
"1442136",497,475
"2201271",409,497
"2898794",470,497
"1231",402,496
"2305221",437,496
"2782629",361,496
"2810070",496,3
"2796366",495,491
"2803845",495,436
"1046043",450,494
"2016196",427,494
"2364787",433,494
"2798804",489,494
"29570",456,494
"703",371,494
"129338",493,437
"1513468",346,493
"2705547",158,493
"2953881",421,492
"1984801",483,491
"219574",491,105
"2997337",414,491
"225971",322,490
"2754725",448,490
"3016342",427,490
"1715691",393,489
"1912215",489,483
"202907",386,489
"2764185",422,489
"3021710",483,489
"33871",414,489
"81",489,325
"98671",351,489
"1353147",488,453
"2014076",488,222
"2338073",488,335
"2806252",472,488
"2884220",467,488
"1916956",474,487
"463192",394,487
"712411",410,487
"2044467",253,486
"2866381",424,486
"3050112",486,104
"318683",339,486
"2675219",462,485
"1336740",385,484
"1590",484,322
"1842536",484,325
"2035811",484,473
"394733",351,484
"44012",441,484
"1931241",483,472
"1280948",418,482
"2722825",463,482
"2926399",482,258
"3017781",428,482
"483547",419,482
"2545455",480,440
"3020907",480,399
"3041098",480,457
"938406",480,254
"33907",409,479
"897",473,479
"2650975",383,478
"1809410",314,477
"2789208",476,39
"41202",476,441
"1537400",434,475
"285983",475,255
"2956061",114,475
"41295",353,475
"665099",475,214
"86663",475,154
"3017361",433,474
"67260",474,455
"2161747",398,473
"2592655",347,473
"2758563",473,192
"1646377",309,472
"1765219",472,437
"2710758",472,390
"3025190",472,200
"92942",472,237
"2601122",470,17
"255475",383,469
"2703885",330,469
"1197717",411,468
"1543721",431,468
"333367",406,468
"76890",223,468
"84111",380,468
"1679444",343,467
"2045200",467,28
"2692235",405,467
"2823904",466,25
"2866382",388,466
"2908839",466,294
"554880",466,148
"1903410",300,465
"190893",465,335
"43768",368,465
"1639",464,217
"1868655",464,24
"2093857",447,464
"258",430,464
"2590012",464,160
"2714933",382,464
"3035471",359,464
"121872",425,463
"2259595",463,405
"2584944",437,463
"2709410",366,463
"2986922",463,207
"13769",403,462
"1510150",462,433
"1649877",462,276
"1980001",454,462
"2801506",1,462
"29571",452,462
"3034020",384,462
"1632865",447,461
"1904944",326,461
"1954171",461,205
"2775159",325,461
"1536771",460,162
"203263",356,460
"2576902",460,197
"1030",459,352
"1484898",333,459
"3062685",450,459
"2008795",433,458
"2175673",323,458
"2609808",458,317
"2813727",404,458
"430522",403,458
"2509456",457,252
"489632",457,278
"145357",284,456
"426114",414,456
"463024",392,456
"2086577",455,144
"2904129",124,455
"56957",412,455
"1144323",454,114
"2929796",454,369
"3075619",362,454
"92490",299,454
"1231000",352,453
"156976",355,453
"34062",453,174
"727",453,90
"3022791",452,432
"3041497",403,452
"218208",423,451
"2672567",451,244
"1578",450,124
"1925550",421,450
"2815309",418,450
"2898151",308,450
"3004129",401,450
"1863",290,449
"2602067",377,449
"1076596",315,448
"186826",448,269
"2495582",448,413
"264686",447,167
"2953753",373,447
"3024247",178,447
"3075620",350,447
"353800",376,447
"1942",446,312
"3028878",410,446
"363852",375,446
"1385663",445,405
"181663",433,445
"2571030",440,445
"76335",445,296
"271420",410,443
"2984842",398,443
"2738410",441,427
"2768834",309,441
"406552",371,441
"44675",440,441
"596707",118,441
"1844971",428,440
"253239",393,440
"2682228",440,419
"45989",392,440
"72361",440,237
"274539",348,439
"3059080",374,439
"441",265,439
"679663",428,439
"683042",374,439
"2213194",438,165
"2961571",422,438
"3019932",438,231
"69525",387,438
"2789740",319,437
"307580",437,271
"106",429,436
"1115757",436,393
"1190508",325,436
"199441",436,238
"676210",436,44
"712710",308,436
"1678028",357,435
"1696072",341,435
"2072405",295,435
"2562582",278,435
"302484",399,435
"3058963",349,435
"2600320",307,434
"2834406",434,215
"38284",416,434
"2219225",433,347
"2691359",409,433
"3067903",433,418
"419475",433,332
"3039392",432,209
"386490",432,159
"1803177",380,431
"239935",406,431
"84993",431,393
"1411316",356,430
"189426",430,222
"588898",411,430
"2102",428,241
"292414",411,428
"2936682",428,101
"1111069",427,407
"1664033",426,390
"1704307",392,426
"2126281",367,426
"247480",426,144
"2785907",312,426
"138074",341,425
"1566351",383,425
"2594455",425,312
"3068341",392,425
"699041",337,425
"2866573",337,424
"472569",365,424
"641107",424,148
"721785",322,424
"1930",423,330
"2600177",423,402
"69527",411,423
"899",423,374
"2108523",397,422
"2580515",422,235
"2785627",406,422
"32046",414,422
"1288494",407,421
"1930274",376,421
"2048283",378,421
"2292447",332,421
"232348",387,421
"332999",360,421
"2745199",317,419
"2963939",395,419
"2651284",418,238
"271",418,346
"3027225",373,418
"3051120",287,418
"1003114",417,399
"1068",330,417
"1580596",342,417
"1936003",360,417
"2681984",331,417
"73918",417,409
"1265399",416,388
"1935",416,372
"1985873",351,416
"269673",416,121
"2796143",416,400
"2919578",371,416
"29542",354,416
"2980100",415,412
"169435",318,414
"365617",414,345
"44930",378,413
"1335746",391,411
"1763538",411,91
"2782643",411,409
"2906062",411,251
"631",64,411
"1080068",410,387
"1188319",398,410
"167964",410,380
"1985254",323,410
"2605424",410,102
"2719588",304,410
"2897333",410,167
"44250",410,247
"1109412",283,409
"2796470",396,409
"670",409,346
"69223",342,409
"1332188",134,408
"2434",358,408
"2495430",322,408
"2998079",408,256
"321327",350,408
"225422",328,407
"2575375",230,407
"2886046",346,407
"2933872",407,208
"644652",350,407
"2043170",321,406
"2054914",406,338
"2822844",366,406
"1619311",405,232
"188932",316,405
"2866588",358,405
"552",261,405
"83986",363,405
"875171",327,405
"214851",346,404
"2488819",366,404
"2562282",323,404
"441209",326,404
"2527691",403,373
"2980556",374,403
"1184",402,196
"1350",402,303
"1560339",225,402
"2582913",323,402
"310575",402,364
"794846",402,309
"1179675",331,401
"1357",401,96
"146827",273,401
"2697043",322,401
"569",401,288
"650",362,401
"447020",360,400
"1532905",399,185
"1636423",152,399
"2894755",318,399
"2979862",399,323
"338565",268,399
"400092",338,399
"1261031",398,153
"2496867",361,398
"2801033",341,398
"2831892",398,34
"657387",390,398
"848",398,255
"2903900",283,397
"524",255,397
"1178482",396,357
"2171755",365,396
"60847",303,396
"1710541",350,395
"2482728",274,395
"872",363,395
"913107",395,348
"1163398",394,134
"1500686",394,65
"1516059",305,394
"2201",340,394
"1390",393,179
"3028315",393,237
"2070369",392,378
"2175091",391,378
"2490858",391,371
"2709394",302,391
"349221",362,391
"1482",390,176
"2741301",390,285
"1178",389,128
"1986146",388,389
"1007105",348,388
"1712516",388,170
"2810562",338,388
"1290",387,204
"2053832",387,17
"2756133",262,387
"2946605",323,387
"46257",387,109
"626119",331,387
"154046",290,386
"3029061",356,386
"2819999",385,127
"2873269",385,275
"2953746",385,377
"3051171",348,385
"3062782",385,351
"32062",341,385
"1532552",384,207
"2005456",384,197
"33986",384,311
"1675028",3,383
"182710",383,148
"2714932",383,290
"1615674",382,140
"1699371",332,382
"222819",370,382
"2587848",382,162
"1420917",371,381
"2294119",381,326
"2785785",353,381
"52227",353,381
"118562",380,268
"1397264",380,357
"1805933",380,275
"2070348",282,380
"2762563",380,111
"2895496",380,74
"876364",370,380
"1526927",379,56
"1839785",379,6
"1917421",379,160
"2956798",221,379
"93378",272,379
"2257",333,378
"266809",270,378
"2796141",378,10
"2855502",274,378
"2878678",312,378
"1173283",377,88
"2996051",377,332
"558537",351,377
"2017483",376,136
"2979870",376,376
"405",336,375
"2578106",338,374
"2782686",328,374
"712528",313,374
"74109",374,55
"1571",373,248
"37929",353,373
"403",373,300
"1561",372,121
"2041036",303,372
"2500532",349,372
"2608981",344,372
"2707005",372,172
"2932259",372,135
"1748967",258,371
"2662363",349,371
"2976335",344,371
"3035288",371,4
"556325",316,371
"2500560",1,370
"2507162",305,370
"2587846",308,370
"2743",334,370
"158483",368,369
"1921713",369,117
"147212",368,25
"2728023",368,328
"574987",230,368
"1172565",287,367
"146939",364,367
"2103230",227,367
"2878542",241,367
"3022697",367,226
"930805",367,363
"1932004",308,366
"2487892",275,366
"2795724",366,96
"29489",366,359
"1125",365,270
"252514",345,365
"267212",265,365
"2795293",363,365
"48074",349,365
"1216297",364,147
"10778",59,363
"2528020",236,363
"2878545",269,363
"2995161",281,363
"67376",363,333
"1537274",362,362
"2055160",321,362
"2598458",362,345
"2735317",362,216
"2778064",336,362
"56956",334,362
"59505",343,362
"79885",362,140
"312285",344,361
"797277",361,360
"2093824",137,360
"2924032",360,188
"82987",231,360
"1100",293,359
"1778678",359,198
"2605747",290,359
"2743000",359,113
"2807626",324,359
"79880",315,359
"1296",358,175
"1724",302,358
"2018065",212,358
"2606626",290,358
"2694930",358,290
"285107",269,358
"2663022",357,200
"1097",356,338
"1209493",356,317
"1758466",284,356
"2217867",356,168
"2500533",309,356
"299308",329,356
"158327",308,355
"1839798",355,18
"2707299",347,354
"45401",354,300
"648794",342,354
"1590041",292,353
"1683",324,353
"2138101",353,316
"2282475",244,353
"298",353,84
"3076685",290,353
"157779",352,338
"2109593",345,352
"2763056",343,352
"2907205",352,341
"29510",341,352
"300019",266,352
"45462",352,316
"539",290,352
"698828",293,352
"2725684",351,5
"2867025",269,351
"2971798",351,322
"53460",265,351
"542",244,351
"914",320,351
"135622",350,309
"160808",271,350
"253703",350,155
"437505",335,350
"1178540",349,57
"1282",349,227
"301375",295,349
"34085",349,170
"61858",349,335
"2587850",339,348
"2844358",348,129
"2856523",327,348
"2895286",282,348
"3020832",314,348
"1182568",326,347
"162209",347,317
"224012",347,187
"2495645",322,347
"2496028",347,290
"2654218",347,311
"3048891",347,132
"655307",281,347
"1421",346,182
"1689",321,346
"2565926",345,256
"278153",315,345
"2795687",343,345
"2907159",345,332
"2919913",345,218
"2998077",345,133
"712435",309,345
"86173",345,328
"2744520",324,344
"2917832",338,344
"3058903",344,323
"875328",267,344
"2576904",343,232
"271865",343,204
"520734",186,343
"55213",211,343
"626932",343,314
"638619",315,343
"995",311,343
"208199",342,194
"2894203",342,11
"2933816",342,57
"3041264",342,197
"1239307",331,341
"161879",287,341
"1160973",286,340
"2666139",274,340
"255519",298,339
"2764720",314,339
"898",189,339
"1218",338,230
"2529408",277,338
"3015983",338,318
"33905",312,338
"83263",338,290
"936456",277,338
"1769",237,337
"393662",321,337
"1501",336,232
"2527973",295,336
"2528007",255,336
"2857077",294,336
"2878915",336,174
"454601",305,336
"1203471",313,335
"137545",315,335
"2741953",320,335
"1839801",270,334
"187145",333,334
"2487276",334,331
"2488639",334,268
"446",334,236
"1751150",200,333
"1826864",311,333
"2175639",277,333
"2994555",333,261
"54911",307,333
"72360",333,138
"1082704",254,332
"181487",244,332
"2036",249,332
"252307",331,332
"2751170",281,332
"2769486",324,332
"1765049",331,323
"195250",253,331
"281093",308,331
"35841",331,137
"45668",331,261
"132132",330,299
"2698458",330,319
"29486",242,330
"2983230",275,330
"46680",328,330
"907",330,298
"102116",329,195
"1510225",329,304
"1565605",329,313
"1604004",248,329
"2866278",329,191
"447471",289,329
"1126",328,267
"118126",302,328
"1462996",328,212
"2488665",325,328
"2817025",265,328
"2841662",328,255
"65551",292,328
"2779527",327,101
"2793010",327,318
"2962597",327,219
"984207",327,159
"1778675",292,326
"3031125",326,188
"554",238,326
"2169540",325,152
"671990",218,325
"970",277,325
"121871",238,324
"1457365",295,324
"154116",303,324
"1758730",324,93
"251701",324,118
"2784880",298,324
"42838",319,324
"435905",288,324
"2304594",323,314
"2979868",275,323
"519081",278,323
"1422",302,322
"146826",322,288
"1873524",302,322
"2371",217,322
"2718875",301,322
"2853257",286,322
"2895477",322,37
"301",322,208
"302406",289,322
"1096868",301,321
"221352",271,321
"2263",296,321
"2709784",321,189
"2714936",290,321
"2952228",278,321
"85072",262,321
"1049583",255,320
"169134",320,317
"2054915",320,89
"2492438",243,320
"2861281",225,320
"2872311",293,320
"54298",281,320
"714067",293,320
"2691417",319,287
"2916755",298,319
"43769",244,319
"1333845",318,257
"1911573",282,318
"1972867",318,0
"84996",225,318
"1050174",238,317
"1265445",317,248
"1462615",317,47
"1535204",317,184
"169669",317,114
"2806989",317,151
"2950604",317,267
"332411",306,317
"1796620",236,316
"216572",258,316
"2724135",316,142
"367825",256,316
"759811",316,161
"2835869",315,119
"58169",250,315
"664426",254,315
"1173032",281,314
"1379909",314,280
"3074147",314,64
"480418",216,314
"672",314,275
"1479",313,248
"157",313,254
"256319",295,313
"42443",298,313
"2058625",312,273
"2483033",246,312
"2601894",301,312
"28188",312,132
"2860286",312,292
"2938232",175,312
"1389004",311,297
"1525",295,311
"2527971",252,311
"2579248",311,148
"2698900",259,311
"3004095",305,311
"418719",263,311
"1510841",191,310
"1628392",310,261
"2675216",234,310
"2738883",310,291
"2605730",309,261
"272131",309,166
"2895522",308,296
"29484",117,308
"360422",308,162
"1569",307,145
"2026255",256,307
"257438",190,307
"2587853",220,307
"2420135",306,255
"2502979",306,305
"285473",279,306
"2911172",266,306
"465797",306,11
"712116",265,306
"1372",305,243
"1450",220,305
"1459637",305,171
"161899",254,305
"29494",278,305
"312279",305,173
"570267",241,305
"1806216",304,19
"29320",304,182
"401471",242,304
"1622118",303,77
"2898725",301,303
"2954087",303,88
"3056445",303,284
"1500687",302,123
"2735795",227,302
"2745514",302,118
"1089444",211,301
"161896",246,301
"1986034",301,156
"2785909",239,301
"2932256",301,86
"2949630",301,274
"3074898",301,281
"421",301,276
"683737",301,101
"76759",301,238
"120961",300,188
"19",275,300
"2144175",243,300
"241368",300,256
"2820002",300,62
"2946555",252,300
"2956832",272,300
"42239",300,262
"586",288,300
"1548602",226,299
"2512235",299,187
"2735563",299,258
"28231",279,299
"2966625",299,93
"44013",299,293
"2686360",298,280
"2714355",246,298
"28028",287,298
"2867010",285,298
"2870860",298,211
"431306",183,298
"28132",257,297
"554344",274,297
"1178515",296,240
"2781024",236,296
"1748242",265,295
"1912216",259,295
"2172098",295,217
"2866201",273,295
"3073092",295,136
"1620816",294,189
"2163011",288,294
"2259638",168,294
"1173270",293,48
"1653176",202,293
"1811807",293,263
"2083054",293,82
"255247",293,217
"2603598",256,293
"2610895",234,293
"3028807",293,174
"317936",293,108
"33934",292,174
"86665",292,161
"172042",288,291
"2056231",291,174
"2249",225,291
"2527994",254,291
"2929493",219,291
"425",194,290
"1987723",289,276
"2528019",289,270
"2956823",289,281
"34038",201,289
"85874",245,289
"99598",289,155
"1743",227,288
"2772483",288,219
"2914041",288,173
"2919914",180,288
"43765",223,288
"502558",287,288
"607712",253,288
"79604",234,288
"109266",287,120
"135079",237,287
"142864",287,202
"2594462",287,235
"151895",221,286
"2005046",227,286
"252130",272,286
"2986929",286,248
"2100764",78,285
"2527976",285,266
"2697371",50,285
"1413",284,129
"1434072",272,284
"1646",284,254
"218284",284,189
"2716226",252,284
"28025",249,284
"72276",284,266
"120831",283,278
"1217908",258,283
"254758",283,169
"3039400",232,283
"576610",236,283
"1389005",237,282
"2899122",271,282
"2975157",282,241
"3032287",282,58
"927",249,282
"2252",239,281
"2559073",264,281
"2837504",281,218
"2961994",244,281
"2968968",236,281
"1265601",261,280
"1910952",280,149
"2560334",192,280
"38308",146,280
"38313",280,257
"395631",93,280
"48073",260,280
"1008152",276,279
"1173280",279,25
"1678129",225,279
"254250",279,273
"2762318",279,226
"2816248",279,209
"2932258",279,150
"1259844",278,109
"1534",278,151
"2754044",260,278
"2867023",237,278
"2927876",278,273
"370405",263,278
"50741",236,278
"1752064",277,160
"2547962",84,277
"2762320",277,267
"3015952",7,277
"485870",277,200
"55779",260,277
"60137",250,277
"85336",238,277
"1842532",275,276
"2268026",275,276
"2774873",276,215
"2777984",276,42
"2880221",276,197
"107401",275,64
"1125966",218,275
"1612551",275,261
"1898042",191,275
"1921421",260,275
"96241",275,170
"12960",266,274
"2661630",229,274
"2876028",274,2
"3067902",190,274
"43658",265,274
"485880",274,222
"1073996",242,273
"1295642",273,192
"1481672",273,249
"1538553",264,273
"2609807",273,158
"395922",240,273
"1464",272,210
"2660750",272,8
"38301",227,272
"46355",236,272
"1428684",271,244
"2675231",271,138
"34020",271,150
"1561005",226,270
"2175632",233,270
"2558361",196,270
"2683591",240,270
"2738126",270,50
"1016",269,206
"173559",265,269
"2730360",240,269
"2742627",73,269
"2911367",247,269
"45655",269,260
"63612",269,263
"73029",243,269
"1056",268,218
"120",268,254
"2718620",232,268
"2916802",268,85
"3031408",183,268
"428712",268,256
"1287736",221,267
"241425",267,199
"418701",256,267
"93681",267,217
"1349409",221,266
"1681",250,266
"2742650",2,266
"2994951",256,266
"3025669",201,266
"37448",266,246
"1272",208,265
"1471761",244,265
"1528099",207,265
"2925845",265,60
"1613",192,264
"1891279",230,264
"3057115",264,241
"3070681",227,264
"421058",141,264
"53946",249,264
"1704499",227,263
"1809",192,263
"194",263,245
"2072406",215,263
"2072412",240,263
"2527964",245,263
"2883127",263,247
"818",223,263
"1338368",262,136
"192389",136,262
"2448483",163,262
"260552",262,219
"2956836",256,262
"497",262,145
"161895",230,261
"2059875",234,261
"2072407",250,261
"2781023",242,261
"2851642",213,261
"2895489",261,198
"2904245",261,234
"2976983",261,241
"321332",261,247
"1327989",70,260
"1884263",260,260
"2126069",260,98
"2794344",249,260
"2807620",260,10
"29382",260,170
"2956834",240,260
"68043",240,260
"817",244,260
"1033",259,231
"137584",259,236
"1717",161,259
"2986280",251,259
"920",191,259
"126734",215,258
"203557",254,258
"2067572",258,63
"2906798",258,208
"2922394",204,258
"2956833",217,258
"1852381",249,257
"497726",257,124
"77021",257,183
"986106",255,257
"2518176",256,146
"2567937",121,256
"2654238",256,53
"2785908",200,256
"60893",255,256
"1069494",255,158
"1380432",241,255
"1905730",202,255
"2058624",217,255
"2675710",255,67
"3049799",215,255
"335405",116,255
"1389192",254,238
"1871047",254,215
"259",235,254
"2594457",254,178
"2956784",254,154
"3025665",254,35
"587",254,219
"81408",254,229
"95619",254,221
"1076588",241,253
"2594454",253,133
"2714353",197,253
"2900738",253,238
"40545",183,253
"742013",253,223
"981384",253,242
"131110",252,241
"2081702",252,246
"456327",209,252
"90964",252,67
"1034015",251,138
"135619",251,243
"2293862",196,251
"2572090",251,99
"2597702",131,251
"2895483",251,83
"2909669",213,251
"379064",251,81
"390846",251,79
"518898",251,233
"1112103",250,179
"218673",227,250
"2782609",241,250
"2946593",240,250
"55079",250,183
"76853",250,105
"1612552",236,249
"171404",249,201
"2609415",235,249
"2933777",249,230
"2936507",229,249
"375288",249,221
"407217",198,249
"58180",206,249
"585455",234,249
"2358",241,248
"2675726",66,248
"2924033",248,136
"3024245",174,248
"495",218,248
"1420916",229,247
"1526571",224,247
"2576756",220,247
"2713573",198,247
"76885",83,247
"1853278",198,246
"1869241",246,132
"3054208",246,72
"911045",246,235
"206662",245,219
"29438",245,90
"2944933",227,245
"1124597",214,244
"1426",244,236
"1436084",244,169
"2027857",244,117
"2162713",244,216
"2912187",244,126
"38293",244,184
"2175635",219,243
"265175",232,243
"2728853",243,113
"28026",212,243
"2955313",169,243
"2005460",242,185
"2583989",108,242
"417367",242,104
"651561",242,177
"773",242,168
"2725288",207,241
"1173273",240,71
"1499308",192,240
"1549855",226,240
"188786",217,240
"2729421",240,129
"2850441",240,82
"43674",214,240
"712157",197,240
"1920883",214,239
"196013",239,190
"254",239,224
"1609967",202,238
"1973486",238,225
"2700081",238,73
"42353",238,223
"57495",165,238
"61592",206,238
"657",238,232
"658642",238,192
"1082930",212,237
"1295327",200,237
"1659194",237,35
"238836",43,237
"2679963",216,237
"2861799",237,50
"2894156",224,237
"85",198,237
"2077137",236,124
"3070999",236,76
"1249552",222,235
"2175622",194,235
"2740515",203,235
"2819994",235,121
"3002643",118,235
"84565",235,221
"1686",234,231
"1930593",230,234
"194197",183,234
"2789424",234,221
"2895485",234,74
"3070658",204,234
"78258",234,222
"1055323",233,181
"1397108",197,233
"1983719",233,110
"2018067",233,38
"280473",233,142
"3047872",233,82
"568768",163,233
"118323",232,173
"1597",133,232
"2664899",232,48
"2932257",232,114
"2996035",232,152
"3058393",232,170
"1150",231,174
"2609809",231,188
"267363",193,231
"2749040",231,222
"2871174",231,186
"2961531",231,190
"3046383",191,231
"545501",231,114
"2041044",230,141
"2479392",230,173
"2926907",230,145
"2986281",222,230
"35798",230,228
"45663",222,230
"536441",216,230
"78398",230,203
"865757",225,230
"1827305",229,88
"2758572",193,229
"2798577",174,229
"28251",229,126
"294699",229,148
"308865",229,193
"328812",208,229
"1761012",213,228
"2683272",228,68
"2751171",216,228
"2795031",175,228
"2883106",172,228
"2886361",228,50
"2929798",194,228
"847",185,228
"986",220,228
"1129704",227,227
"2048654",227,104
"233100",215,227
"666",227,187
"82995",158,227
"911",199,227
"174633",226,201
"2995174",226,81
"3059026",226,129
"44577",226,216
"45404",134,226
"1201031",131,225
"199",225,169
"2518177",225,122
"2572088",80,225
"28072",225,180
"300825",225,58
"326454",90,225
"2030797",224,35
"2094151",183,224
"2126553",224,180
"2681309",91,224
"2705548",131,224
"354349",224,191
"394935",224,212
"48076",224,220
"1164",223,146
"137816",223,163
"155077",223,174
"2093823",68,223
"2879114",223,94
"2931921",176,223
"2956824",220,223
"2966453",185,223
"3065396",223,158
"797291",174,223
"82989",223,107
"838",203,223
"1475485",172,222
"1536648",222,218
"1643824",185,222
"1727164",207,222
"1827481",222,100
"2080759",222,12
"2083206",168,222
"2602769",189,222
"2846779",222,17
"2993656",8,222
"3023076",167,222
"32207",186,222
"35757",202,222
"645292",222,19
"1448929",216,221
"2377",163,221
"245876",211,221
"269261",204,221
"316277",220,221
"985",221,210
"1637831",178,220
"416213",170,220
"99807",192,220
"1909699",219,189
"3046382",186,219
"81462",215,219
"1844006",191,218
"2576839",218,89
"2593652",218,111
"2681766",211,218
"2800686",138,218
"2874282",218,88
"2895352",163,218
"576131",207,218
"81682",218,206
"1415568",171,217
"1584",171,217
"2099387",217,151
"2724150",217,117
"29573",217,193
"2983222",154,217
"3059030",166,217
"47886",217,195
"1221500",216,112
"1282863",166,216
"2758440",216,196
"2950108",190,216
"3069118",216,195
"33007",167,216
"931531",216,204
"100886",215,16
"1052",190,215
"155925",180,215
"1898684",215,132
"2678256",215,4
"304207",197,215
"438",129,215
"1444770",138,214
"1470434",136,214
"1553431",214,143
"164759",192,214
"2483402",153,214
"2739061",214,206
"3073561",186,214
"1117645",213,200
"1351",213,161
"1855823",213,96
"2750929",158,213
"2774055",128,213
"2777185",213,106
"2814292",201,213
"34037",204,213
"1336806",184,212
"1752063",210,212
"1973475",212,60
"2743772",212,197
"2823905",212,17
"397865",212,211
"1324352",211,158
"1647413",211,159
"2734065",30,211
"2810563",211,191
"3045816",168,211
"3074378",180,211
"36739",168,211
"42817",159,211
"673862",211,34
"101564",210,192
"1173288",210,24
"1280380",204,210
"1874317",210,205
"2083055",210,33
"221341",200,210
"2949996",210,179
"59932",210,204
"1870862",197,209
"1965282",200,209
"2291597",209,192
"1175445",204,208
"158841",172,208
"1599",208,77
"1818004",208,199
"198467",208,118
"2837508",208,126
"2991500",74,208
"3047030",196,208
"633404",208,111
"750",208,93
"1173026",177,207
"33074",193,207
"37637",166,207
"459526",207,174
"571256",207,171
"676",187,207
"1085624",206,145
"1134405",151,206
"1476754",187,206
"1536775",206,73
"1751046",189,206
"2810512",206,122
"402384",206,92
"713887",206,133
"1070314",189,205
"1689834",178,205
"2831673",205,120
"2983267",106,205
"1159327",130,204
"2079234",180,204
"2895568",204,55
"475088",192,204
"678932",204,194
"1050638",203,178
"118163",203,147
"1382237",203,38
"1536770",203,79
"1579316",168,203
"1639108",203,197
"1945512",180,203
"2047",182,203
"217159",203,82
"2557994",141,203
"2748319",203,93
"2866628",169,203
"2932253",203,190
"367298",179,203
"39640",5,203
"1102",159,202
"1703969",202,82
"1705",186,202
"1751056",202,74
"2697370",202,16
"2855441",159,202
"2914983",56,202
"3035454",183,202
"520",150,202
"55601",202,167
"633",103,202
"754",202,16
"102134",201,180
"1500254",201,194
"1702043",169,201
"3036945",201,199
"3050898",201,199
"33987",181,201
"595468",126,201
"930972",201,185
"152053",154,200
"2080757",141,200
"2663009",200,85
"2743001",200,98
"2856519",200,109
"1014",199,89
"192421",199,195
"365349",199,112
"626937",186,199
"933080",172,199
"1249553",198,183
"1637",198,104
"179",173,198
"1984776",4,198
"2576903",198,71
"376805",198,183
"1504",197,72
"2759736",138,197
"28129",133,197
"2853159",197,89
"2916754",197,93
"1286",196,88
"186490",196,44
"2714358",180,196
"2810514",196,94
"2904247",196,186
"2934340",188,196
"29471",156,196
"36745",196,158
"40577",196,86
"43660",196,114
"146825",195,180
"2608982",195,188
"2982533",129,195
"2986424",195,87
"1445505",182,194
"155978",194,167
"1851148",182,194
"2047767",185,194
"2529386",194,8
"2993314",180,194
"371142",150,194
"1168034",193,169
"2115968",193,58
"2267275",193,22
"2584122",193,119
"2779359",193,140
"28065",188,193
"2895472",193,77
"2899133",78,193
"40576",179,193
"98228",193,136
"999",193,176
"168384",192,177
"171",192,159
"2594883",192,96
"323449",192,169
"35799",140,192
"367188",135,192
"491948",192,44
"82654",192,148
"1218177",191,155
"1862358",156,191
"1980674",191,38
"2867024",167,191
"2892440",191,33
"2904246",191,173
"3020899",191,173
"100716",149,190
"1075398",132,190
"1921087",156,190
"2894079",190,77
"2952525",152,190
"2005462",189,152
"250",189,124
"2591634",189,169
"2759528",98,189
"2785911",158,189
"2983214",189,187
"220697",188,160
"2487928",188,20
"2709403",155,188
"2732163",188,165
"2744479",188,122
"28100",188,175
"2820661",188,48
"2853439",151,188
"2912628",188,133
"484770",188,58
"1240404",25,187
"1963025",135,187
"208479",187,158
"2420306",154,187
"2781961",174,187
"2893885",187,142
"487",168,187
"1230341",113,186
"184117",186,160
"2879116",186,95
"2881377",186,151
"3003256",186,175
"36839",186,135
"453162",186,165
"584609",186,108
"651666",186,177
"1092",185,147
"1196095",185,105
"1436085",185,154
"1598",185,105
"2426",185,172
"2507160",185,112
"2738867",185,44
"28108",185,183
"289435",185,132
"85683",185,165
"1331736",119,184
"2202721",184,109
"2508306",124,184
"2592814",158,184
"2686365",184,85
"2732364",86,184
"2861802",21,184
"2911514",184,126
"33943",159,184
"656",165,184
"1051",172,183
"2303332",181,183
"2852117",141,183
"90627",145,183
"1173263",182,135
"1293",182,60
"1871076",182,113
"2751",182,84
"29533",169,182
"2983220",164,182
"54304",182,127
"624186",182,16
"104",181,124
"1763998",181,157
"1807691",181,176
"2594463",181,136
"2738",181,68
"2795738",158,181
"28227",181,99
"2992143",181,166
"3057057",56,181
"704125",181,128
"1352",180,91
"1986204",180,170
"2479367",166,180
"2809020",165,180
"2809708",127,180
"281120",119,180
"2972483",180,93
"3023936",180,61
"133448",179,152
"1509",179,134
"2015795",6,179
"2596890",179,123
"2980026",179,116
"41170",179,148
"505",177,179
"1038856",152,178
"129958",178,129
"1307",168,178
"1358",178,119
"1866325",146,178
"1906945",178,122
"1910969",178,89
"1912871",178,23
"2364271",178,80
"2665645",178,131
"2744519",178,157
"37482",178,162
"687",178,103
"823",178,157
"1721091",177,152
"2594461",177,110
"2594913",155,177
"2813779",112,177
"2879938",177,113
"2932255",177,123
"36845",177,95
"69965",177,110
"702967",132,177
"1185412",176,60
"133539",176,153
"1795355",176,149
"1908198",176,153
"2585771",176,110
"266009",176,132
"2742655",176,50
"2749807",176,45
"2812647",176,155
"28198",176,121
"291644",176,163
"2917990",176,167
"33936",176,116
"457083",176,106
"88058",106,176
"1173101",129,175
"1486245",175,160
"1535304",175,171
"1718",158,175
"2069255",175,24
"2335",175,106
"2339259",175,115
"2810535",116,175
"2983212",152,175
"2983606",153,175
"38290",156,175
"518753",168,175
"69966",175,76
"905",154,175
"1173284",174,39
"1225337",174,148
"1349410",145,174
"1505",174,115
"1605721",100,174
"2682541",174,81
"2809707",174,148
"2859768",174,132
"29347",151,174
"2961941",135,174
"3060154",129,174
"1874277",131,173
"2823109",163,173
"2867014",173,166
"2993563",159,173
"317660",173,131
"631220",170,173
"641",173,155
"69221",172,173
"1279031",172,163
"1592897",172,99
"191579",172,105
"2213202",172,167
"226",172,169
"2813780",172,132
"2818390",172,164
"2907623",128,172
"2986835",172,124
"3070996",172,61
"307249",172,169
"355243",172,160
"485447",172,151
"561061",134,172
"755731",172,48
"81028",172,163
"96345",172,87
"107637",170,171
"1165",171,130
"1490",171,125
"1642646",171,123
"1930071",171,148
"246787",171,149
"2883512",166,171
"291112",171,153
"3016339",171,88
"320787",171,114
"52959",171,137
"1218801",170,102
"1921086",170,164
"2058175",170,163
"2107708",140,170
"44000",170,105
"558152",170,127
"2082587",146,169
"262",169,118
"2986824",169,97
"2986837",169,114
"591197",117,169
"59843",169,61
"95641",147,169
"1232427",123,168
"1442555",145,168
"169679",168,100
"200991",109,168
"2599890",168,81
"2792224",142,168
"2893469",114,168
"29466",168,53
"2986924",168,146
"340146",168,149
"373672",168,156
"1033922",137,167
"1492",167,94
"1493",167,91
"1493872",160,167
"158",167,106
"1604335",66,167
"1784714",167,121
"2246",139,167
"2494548",130,167
"2742796",167,140
"2789425",153,167
"28131",167,148
"2979869",167,131
"553611",167,160
"62322",120,167
"935293",128,167
"1442551",138,166
"1649480",126,166
"1754",166,83
"238",166,146
"254246",156,166
"2604941",119,166
"2829502",140,166
"2897177",148,166
"31979",166,98
"1814290",165,164
"215743",156,165
"2485124",165,113
"2507935",165,115
"258224",128,165
"2935040",144,165
"2983229",134,165
"53336",145,165
"622",165,163
"67313",143,165
"979",165,83
"1458307",155,164
"1471400",164,138
"1751286",164,36
"28152",38,164
"2980554",164,121
"3029399",137,164
"390884",164,155
"150829",118,163
"2497456",163,131
"2974039",154,163
"447237",129,163
"133549",162,141
"1624",162,122
"2685834",162,144
"2986823",162,115
"3003260",162,142
"3031997",162,105
"374106",162,30
"43657",162,109
"511745",162,91
"588067",113,162
"1274359",161,100
"1732569",88,161
"2004710",161,100
"2565559",76,161
"258255",133,161
"2684113",159,161
"2913614",144,161
"2924031",161,95
"3003262",161,137
"45972",161,39
"84999",136,161
"1642",160,101
"1761453",160,112
"2665646",159,160
"2675713",160,45
"2714594",114,160
"2715212",160,118
"28112",160,154
"2875962",150,160
"2893202",160,98
"2924034",160,68
"298596",160,85
"658643",160,50
"930",147,160
"1486034",159,65
"1542",159,91
"2854257",116,159
"2908645",159,139
"3045146",159,93
"388413",127,159
"519",136,159
"583",149,159
"658629",159,71
"833",155,159
"101385",158,138
"104102",133,158
"2499157",158,143
"2715679",158,137
"2782006",122,158
"2816357",149,158
"46503",158,132
"57320",158,150
"114529",155,157
"1910951",157,66
"2547598",138,157
"265426",157,65
"3024242",157,80
"3031802",130,157
"502",136,157
"51173",157,37
"131318",156,142
"1400866",156,131
"1462527",156,89
"1486991",126,156
"1697",117,156
"2483360",156,147
"2547394",156,124
"2731219",144,156
"2748320",141,156
"2778058",156,135
"2879119",83,156
"2908843",156,121
"3020900",156,124
"302167",156,60
"417574",156,51
"70799",156,99
"971",122,156
"1055101",155,120
"1415657",155,16
"157688",155,25
"2490452",150,155
"2792013",154,155
"2822410",144,155
"2834819",119,155
"291645",144,155
"2930219",155,44
"3016636",151,155
"3039851",155,143
"1217282",154,142
"1591409",140,154
"1795053",93,154
"1913578",104,154
"1974213",115,154
"213115",154,143
"2706887",154,123
"3050072",154,69
"308354",154,60
"585425",118,154
"651456",154,10
"1389223",153,128
"1504981",153,141
"1570",153,91
"1610576",153,140
"1749259",122,153
"1852377",128,153
"2208",153,92
"2746225",153,79
"2934937",134,153
"3003261",150,153
"624",153,13
"661191",121,153
"1081631",152,27
"1234545",59,152
"1402",152,74
"2047966",133,152
"2069256",152,76
"2233542",152,142
"2698672",152,125
"2733484",152,145
"2736252",152,97
"2912855",121,152
"2920939",152,113
"2929800",152,140
"2994319",152,115
"301301",152,139
"484429",146,152
"86304",137,152
"887061",152,136
"935222",152,86
"1612624",151,69
"2183896",151,97
"2686077",151,124
"2692425",151,78
"3019933",151,96
"3059078",151,134
"314275",151,129
"44008",151,85
"89153",124,151
"1714860",150,64
"1815583",150,145
"186803",150,145
"1987356",124,150
"2169583",150,61
"2296",130,150
"254247",150,126
"2758724",141,150
"2942204",150,142
"59753",150,148
"839",150,142
"1232428",138,149
"1302376",149,22
"2608254",149,11
"2735554",117,149
"2961520",149,45
"53419",115,149
"76831",149,82
"857252",105,149
"1564",148,113
"192149",148,105
"2107709",121,148
"227866",148,77
"2516557",148,119
"253237",148,88
"271065",148,131
"2996785",148,147
"3003263",148,119
"398743",124,148
"63186",148,129
"779",148,125
"996801",148,88
"1215089",147,84
"1234143",147,143
"2033033",142,147
"2508307",136,147
"2560057",127,147
"2560792",147,72
"257984",107,147
"2587856",147,117
"2662364",147,127
"2713414",147,68
"2925837",147,7
"3024248",147,71
"376490",115,147
"391613",139,147
"396015",138,147
"481146",84,147
"546367",147,74
"658632",147,24
"746691",147,72
"1777867",137,146
"2268024",125,146
"2447890",146,96
"2487074",129,146
"260364",146,123
"2739434",133,146
"2827233",146,22
"2966586",146,121
"2999116",146,103
"3036302",141,146
"3039116",120,146
"331648",146,105
"522262",146,49
"729",146,118
"914153",146,77
"1179672",145,125
"1227948",61,145
"160825",138,145
"1871021",115,145
"2015076",145,142
"2026",121,145
"283734",145,92
"2907534",145,144
"2908842",124,145
"31909",145,66
"649196",115,145
"1236179",144,135
"135577",125,144
"1816218",144,65
"2077090",29,144
"2201181",144,107
"2599305",144,121
"2697019",144,13
"2705473",144,122
"2782013",134,144
"2782176",144,121
"2864201",144,97
"555319",144,44
"674",144,117
"1408191",143,142
"1472767",143,103
"158849",89,143
"160386",136,143
"185300",143,125
"2715131",124,143
"2832500",132,143
"2890406",143,43
"767892",119,143
"1337936",142,87
"1813611",142,71
"1920191",119,142
"2092",142,53
"2761580",116,142
"2864040",142,87
"3034146",142,107
"473531",138,142
"61434",133,142
"623",142,122
"820",142,104
"1027273",141,128
"131111",141,116
"1678728",141,138
"2732161",137,141
"2855841",141,53
"2862945",141,43
"2879939",141,101
"2885633",141,106
"2896860",141,135
"2939495",141,86
"3051614",141,30
"487173",141,109
"54913",141,54
"568",141,118
"628",85,141
"1211807",128,140
"1642647",124,140
"1868325",140,123
"2597518",140,127
"2704140",140,100
"2813843",100,140
"2834768",111,140
"2908210",140,104
"2954099",140,24
"754423",140,64
"762210",101,140
"1050635",108,139
"1955013",139,37
"2081477",105,139
"2099786",139,93
"2893884",139,118
"2932268",139,64
"3058432",117,139
"351671",139,124
"516051",102,139
"60478",139,112
"632773",139,101
"837",139,125
"126385",138,121
"1439319",138,61
"1517",138,74
"2183582",138,130
"525917",138,129
"61015",138,80
"108007",137,131
"1310418",137,114
"1336796",137,67
"1630406",137,64
"1774273",137,93
"2487072",137,106
"2500547",137,81
"2705471",137,94
"28111",120,137
"2890317",119,137
"2937442",137,100
"2986827",137,112
"3048334",137,0
"323273",137,13
"343874",137,90
"387661",137,106
"54006",116,137
"550984",98,137
"66228",137,131
"669359",137,118
"685565",137,73
"712538",130,137
"909656",137,75
"1008",136,101
"1160",136,93
"1354",136,58
"1442554",136,136
"1563",136,76
"2267264",105,136
"2478552",136,87
"2488810",136,73
"253245",136,115
"266749",136,73
"2979464",136,117
"46506",136,124
"84642",136,131
"96472",136,133
"1161942",85,135
"1170562",135,107
"1241981",135,130
"147322",135,69
"2871169",135,133
"2872754",135,125
"2949629",95,135
"2950541",135,108
"3027472",82,135
"409",92,135
"59739",129,135
"696485",135,86
"1671721",116,134
"1717717",134,125
"1734049",134,44
"2072408",88,134
"2587861",116,134
"2589818",134,62
"2738983",43,134
"2986829",134,78
"2986831",134,72
"324079",134,21
"398041",134,121
"47715",115,134
"49338",130,134
"544645",134,106
"1307761",93,133
"141451",133,110
"1442556",100,133
"158481",108,133
"2559597",118,133
"2583587",133,102
"2653858",133,127
"2839024",133,103
"285530",133,61
"2866279",133,119
"2996794",133,85
"3003257",118,133
"528343",133,49
"585423",120,133
"616991",133,117
"1216932",132,80
"1260",132,64
"1288",132,72
"1769012",132,130
"2008793",132,110
"2331",132,54
"2487065",132,99
"2778550",32,132
"2907624",111,132
"2976883",132,77
"3051121",132,118
"33923",132,103
"373994",132,129
"438033",132,117
"44260",125,132
"641148",113,132
"712",132,108
"81947",132,75
"1173586",110,131
"1449",131,107
"1488",131,72
"1727163",131,88
"1737446",104,131
"2763667",84,131
"2821536",131,131
"93466",131,31
"1019",130,77
"104268",130,70
"1129264",130,113
"1306519",118,130
"1507808",60,130
"1821960",55,130
"1886807",130,48
"200454",130,49
"2320868",130,78
"2569540",130,129
"2913616",110,130
"2929491",110,130
"296745",130,96
"3003258",130,113
"3009078",104,130
"3020906",122,130
"373891",130,103
"411153",130,130
"658641",130,29
"668",130,65
"1229",129,111
"1380685",129,110
"1508404",129,116
"153265",115,129
"178899",129,113
"2419841",129,42
"2715209",129,86
"2808963",129,96
"2966552",122,129
"3025408",129,1
"387090",124,129
"42422",129,43
"59734",129,77
"61435",129,114
"935199",93,129
"107445",128,75
"1492737",128,106
"1499687",128,95
"2494375",104,128
"2607663",88,128
"2609256",88,128
"2614693",128,118
"266748",128,66
"28903",128,101
"291990",120,128
"2977320",113,128
"313598",128,81
"1283",127,68
"1736",122,127
"2502791",127,103
"252966",112,127
"2587854",127,105
"279359",127,111
"2865840",127,109
"29330",126,127
"3044166",127,99
"458033",127,112
"65058",106,127
"680",104,127
"713030",95,127
"1729720",126,113
"2054641",121,126
"2597770",126,50
"2829597",126,112
"2829795",126,95
"28449",103,126
"2918516",126,111
"2951084",17,126
"36835",126,59
"1281",125,57
"1330545",125,65
"1400864",125,112
"1508419",125,119
"1714849",125,122
"201",125,53
"212743",125,64
"256",125,88
"2684406",98,125
"2810516",97,125
"3038925",125,103
"339617",125,121
"38303",115,125
"566027",101,125
"111501",124,103
"155977",124,85
"1702221",112,124
"1719",124,112
"2051",98,124
"2811789",53,124
"2867409",124,108
"3070997",124,71
"430451",124,36
"447032",124,17
"1124835",89,123
"1247",123,34
"203192",110,123
"2083052",123,100
"2249356",123,102
"2675331",123,65
"2906078",123,71
"29388",123,90
"2962659",79,123
"2980027",123,68
"2987521",119,123
"33035",106,123
"33952",123,76
"45065",107,123
"485448",97,123
"777",123,104
"1117707",122,86
"143223",122,107
"1796646",122,114
"2282170",122,98
"2530390",104,122
"2709302",122,69
"2795973",96,122
"28197",122,82
"2864102",122,98
"2903536",105,122
"104270",121,93
"1250205",121,82
"1636610",121,39
"171438",121,90
"1725232",106,121
"1836467",98,121
"2010992",121,115
"213849",104,121
"228745",93,121
"232346",121,121
"2546356",121,119
"2592382",121,90
"267818",121,59
"29552",121,49
"3058398",121,98
"33938",121,87
"454155",103,121
"659243",121,77
"664683",121,110
"1050624",107,120
"1094",110,120
"1519",120,63
"1649468",120,118
"2033032",115,120
"2086584",114,120
"2291",120,112
"232259",120,116
"2785918",93,120
"28118",119,120
"2886510",33,120
"2893883",120,120
"3028318",120,93
"37734",120,76
"633415",99,120
"673",120,103
"76594",120,62
"878220",120,109
"88190",120,112
"1004303",105,119
"1323375",119,94
"1353277",119,45
"166486",119,59
"1685010",119,103
"1712410",119,116
"1727196",99,119
"1855377",84,119
"2161677",94,119
"2820280",76,119
"2893057",119,62
"371601",119,105
"649161",119,92
"1096",100,118
"1580",118,96
"1763534",118,51
"1850246",118,72
"2676309",94,118
"2697010",118,57
"2738844",118,55
"2742656",118,115
"2742677",23,118
"2893886",118,87
"2898483",118,44
"2911176",81,118
"34090",93,118
"367743",118,50
"399025",118,78
"446692",118,98
"585",118,103
"60520",118,37
"69541",118,73
"75787",100,118
"1355330",117,90
"1565",117,102
"2303505",117,73
"2518989",117,106
"28173",114,117
"282402",110,117
"2979332",98,117
"2980108",106,117
"299566",117,65
"2997336",117,76
"318147",117,79
"32067",117,59
"35787",117,108
"70771",79,117
"714",117,100
"1004301",115,116
"1006",116,96
"1118202",90,116
"1295392",109,116
"1303",116,93
"1617448",116,72
"174",116,45
"1761794",116,114
"1868734",116,87
"1882918",116,85
"2594042",116,47
"2780922",116,104
"290053",93,116
"2908840",116,77
"3015170",116,51
"33025",86,116
"452627",116,106
"51669",116,50
"52694",116,104
"71237",116,72
"81416",97,116
"85020",88,116
"890",97,116
"916",116,114
"1104324",115,92
"1296654",0,115
"146474",86,115
"1650",115,66
"1690818",115,17
"1736674",115,95
"2320",114,115
"2420305",115,0
"2494373",115,99
"2528593",87,115
"2591606",110,115
"2867015",113,115
"2912630",115,8
"29483",115,69
"459529",21,115
"52584",115,96
"882104",97,115
"1583341",114,52
"1737359",76,114
"1750598",114,99
"184755",94,114
"2283318",114,100
"2590900",93,114
"2773454",114,70
"2961619",114,108
"2968831",102,114
"2980181",87,114
"459472",114,99
"55206",98,114
"570278",114,99
"871694",76,114
"889453",114,97
"1033846",80,113
"1302659",113,51
"146786",113,84
"153493",77,113
"17",77,113
"1987921",113,26
"2068654",113,48
"2502784",113,110
"2739062",113,89
"2983219",92,113
"3036126",113,60
"316068",113,113
"485",89,113
"55197",113,105
"84032",113,81
"86170",113,109
"944547",113,6
"996",113,59
"1178778",102,112
"1188228",105,112
"1255",112,52
"135616",90,112
"143361",112,77
"1481665",112,99
"200254",94,112
"2283194",112,76
"2529032",112,64
"2686362",112,104
"2721545",112,89
"2778876",112,99
"29341",112,102
"33964",112,75
"529884",98,112
"999183",112,95
"138851",82,111
"1416779",93,111
"1737490",111,90
"1833852",111,65
"192073",64,111
"2093856",111,71
"2650157",92,111
"2662448",110,111
"271097",111,98
"2742683",111,63
"2785025",111,60
"29380",111,57
"556054",82,111
"565560",111,110
"571915",111,111
"683124",111,84
"92172",108,111
"992289",111,62
"139438",110,87
"1936021",110,98
"1968541",64,110
"2316383",98,110
"2691580",96,110
"2748",110,55
"2853432",110,107
"29394",110,93
"2977321",110,106
"2998559",110,105
"338191",110,77
"39948",80,110
"407035",110,79
"408139",110,104
"55208",92,110
"669",110,108
"691",110,82
"946435",110,32
"1045808",104,109
"1511761",109,72
"1561003",109,97
"178399",109,75
"1784713",109,91
"187493",109,85
"1888915",109,52
"247",109,96
"2506452",86,109
"2546359",109,92
"2675298",109,96
"2686366",109,100
"28087",109,84
"2811425",109,109
"28264",109,106
"2870840",109,28
"2874284",109,12
"2877527",79,109
"29370",109,71
"3067275",109,46
"3070660",109,72
"33932",109,43
"445",109,94
"58138",109,82
"674529",109,105
"880",77,109
"111781",108,95
"1130723",108,62
"1263979",108,93
"1353134",108,103
"1638",108,50
"1689272",106,108
"1854498",49,108
"1921709",108,25
"1977566",108,18
"2546366",108,82
"2562892",108,79
"2696063",108,82
"2758037",90,108
"278132",104,108
"28113",90,108
"2838877",108,75
"29324",108,40
"384636",108,80
"504090",108,104
"907046",108,76
"102115",107,68
"111769",87,107
"1175444",105,107
"1531",91,107
"2100422",107,102
"2299",107,106
"2518994",107,100
"266805",69,107
"2799184",107,45
"28091",83,107
"2811781",82,107
"2857064",94,107
"2862509",107,76
"292566",107,84
"2929510",107,90
"2942908",107,95
"2963092",107,91
"3070215",100,107
"3070815",60,107
"338645",107,96
"33945",107,67
"51515",107,93
"573658",107,79
"754409",107,67
"86188",67,107
"882626",91,107
"119864",89,106
"134287",106,23
"1453352",106,68
"1474",106,83
"1662285",79,106
"1803846",99,106
"1936081",106,76
"2054902",65,106
"2569541",106,106
"2576307",106,46
"2651167",106,58
"2661553",106,96
"2696560",106,102
"2854186",105,106
"2920386",106,72
"29379",106,38
"3032586",106,93
"323284",89,106
"393921",106,40
"70863",106,42
"824",101,106
"82985",93,106
"953",106,46
"1055104",105,96
"1336804",105,70
"1359",105,74
"1604",105,51
"2040586",84,105
"246",105,69
"2778078",84,105
"2812863",87,105
"2814294",87,105
"28182",105,72
"2918453",105,68
"3032582",104,105
"648802",105,47
"663364",105,29
"754476",89,105
"933262",101,105
"94869",105,69
"1152",104,79
"1238",104,81
"159",104,61
"1658616",104,85
"200",88,104
"2364272",104,28
"248906",103,104
"2518971",104,100
"2724191",104,83
"2739063",93,104
"2801844",100,104
"2881428",104,86
"2906077",104,87
"2912314",71,104
"3058394",104,78
"476552",98,104
"643214",104,33
"861",104,77
"1114861",103,94
"1170699",103,87
"197222",103,56
"2293",91,103
"2777367",103,40
"2906076",103,72
"2906468",17,103
"2912188",82,103
"2986834",103,88
"3075222",90,103
"332410",103,67
"45243",103,78
"454154",103,84
"53410",103,40
"716816",75,103
"79967",63,103
"809",103,79
"851",103,66
"105751",97,102
"1241979",102,76
"1304",102,91
"1305",102,102
"1400865",96,102
"1620392",102,94
"1714845",102,19
"204",95,102
"241244",102,57
"2496866",102,95
"2588534",87,102
"2678565",102,53
"2686078",102,74
"2808900",98,102
"2852098",102,74
"2881052",95,102
"2937774",88,102
"361177",64,102
"43948",98,102
"1032",97,101
"1509244",67,101
"1675036",91,101
"1727145",101,80
"1871025",99,101
"1874361",101,75
"2049305",87,101
"2303750",101,94
"24",101,70
"2506430",101,83
"2654325",101,72
"2708053",58,101
"2876713",101,7
"288004",101,73
"2978283",85,101
"3070659",101,100
"452",101,94
"45656",101,98
"46126",101,44
"553239",101,77
"82983",74,101
"104623",100,78
"1085622",88,100
"136073",100,98
"1416627",100,97
"161154",100,91
"1690666",100,0
"186818",100,38
"195",100,43
"2058136",91,100
"2495429",92,100
"2562285",100,92
"2905121",85,100
"3034230",91,100
"3040348",95,100
"490759",100,92
"1165090",99,60
"1302",99,60
"1357545",99,97
"1424294",99,71
"1497",99,63
"1697053",99,71
"1908341",99,87
"1912324",89,99
"1970093",99,59
"2039166",99,92
"2072409",87,99
"2498113",99,91
"2507538",99,85
"2709303",99,90
"2750995",99,94
"2779518",99,83
"2840467",99,56
"2867013",99,89
"2895484",99,48
"39488",99,84
"403957",99,72
"48461",96,99
"51197",55,99
"529883",49,99
"69967",99,78
"860353",66,99
"993689",99,99
"166309",87,98
"1850252",98,65
"1913577",98,77
"2211160",82,98
"230089",88,98
"2731755",94,98
"2772557",80,98
"2800681",46,98
"2814293",98,98
"2886359",98,84
"2908211",98,31
"2930200",98,42
"29559",98,63
"313588",98,50
"358766",65,98
"37372",98,29
"885581",98,70
"1510",72,97
"1563479",97,97
"1709477",97,85
"1852970",97,60
"2060084",66,97
"2207",97,76
"248039",84,97
"2546360",97,90
"2724",97,80
"2742625",29,97
"28183",96,97
"3003259",97,71
"3042615",97,72
"40520",97,68
"45497",97,49
"948519",97,88
"1070130",96,27
"1177216",96,31
"1307839",96,83
"1308",96,76
"1522",96,82
"1633",96,14
"1640",96,48
"1674922",77,96
"2094025",96,78
"273376",96,89
"2764325",96,42
"28171",96,68
"2829596",96,89
"29378",96,62
"29495",96,95
"2986838",96,85
"3038653",96,40
"394958",96,70
"863643",96,91
"86795",71,96
"90244",96,62
"114090",95,20
"13373",93,95
"1547",95,54
"1570939",89,95
"165179",91,95
"2352",95,73
"2749995",66,95
"28895",95,64
"2918526",95,62
"3051123",79,95
"3075221",70,95
"416344",55,95
"537",93,95
"54005",95,35
"724",87,95
"1017",94,83
"1179670",71,94
"1252",86,94
"1291540",81,94
"1348613",94,53
"1501392",84,94
"161360",94,69
"169480",89,94
"1706369",94,91
"178440",94,67
"180",94,93
"1807358",94,71
"2020965",88,94
"244582",43,94
"2734218",34,94
"2781243",94,48
"2867026",69,94
"28898",94,17
"2976127",94,64
"33060",94,90
"42858",94,53
"437897",94,68
"53345",94,55
"702745",94,55
"71452",94,54
"91604",94,71
"930802",94,52
"1353138",90,93
"1903414",79,93
"2107707",59,93
"251538",93,16
"2571116",93,86
"2594004",93,63
"29562",93,86
"2973072",62,93
"2976982",93,50
"2984951",93,45
"347208",93,28
"357276",71,93
"477976",93,63
"486",70,93
"492",83,93
"54299",93,87
"57029",93,71
"712036",93,93
"91844",93,89
"1383885",88,92
"1807141",92,49
"1858656",88,92
"197",92,92
"2282124",51,92
"2305987",89,92
"2487064",79,92
"2496266",92,91
"2560335",92,9
"2572577",69,92
"2654676",65,92
"2742678",11,92
"2791037",92,35
"2803864",92,73
"2829569",92,88
"2861775",92,55
"3070995",92,76
"329854",84,92
"414778",92,55
"43662",92,91
"754429",92,83
"1050646",70,91
"1099853",91,75
"1884913",91,91
"2132",91,61
"2813842",91,39
"2829812",91,76
"2854261",72,91
"2864101",91,23
"2929799",91,68
"2939494",91,47
"3048493",91,85
"328515",91,58
"39152",91,72
"59600",91,71
"76857",91,45
"879567",86,91
"1871034",90,85
"2038776",90,79
"2320431",65,90
"232537",68,90
"2358479",90,67
"2478663",90,84
"2653189",80,90
"2731756",65,90
"2741499",27,90
"2806551",90,74
"2891210",89,90
"2939415",62,90
"339862",84,90
"46867",90,43
"745",90,31
"84980",78,90
"1621989",89,67
"1623",89,73
"1936080",89,72
"2080449",89,83
"2528037",82,89
"2589987",55,89
"2742657",54,89
"2854036",61,89
"2856851",79,89
"2867021",57,89
"2870839",85,89
"2935863",89,74
"3073563",80,89
"341027",33,89
"379899",89,83
"51589",68,89
"670486",89,86
"762954",75,89
"84022",89,66
"985782",89,69
"1042156",88,83
"111782",88,58
"1168287",54,88
"1254",74,88
"1389011",72,88
"1515",88,57
"1564138",88,37
"1574161",88,67
"1615909",88,80
"1721",71,88
"1816183",88,85
"1827144",60,88
"2051906",78,88
"209",88,43
"252356",88,80
"2653681",88,65
"2666127",88,23
"2709396",81,88
"2742646",88,8
"2746231",88,31
"2871165",88,46
"2875764",88,62
"2884834",88,52
"2917790",79,88
"2983235",72,88
"3021011",88,73
"332186",88,83
"357794",88,75
"454",88,71
"738",88,81
"1513",87,69
"166485",87,35
"1884905",87,80
"191412",87,75
"202746",87,43
"2058134",87,46
"2242",87,76
"2666138",84,87
"2686361",87,80
"270918",87,68
"2714947",87,47
"2754694",69,87
"2763669",87,75
"28119",83,87
"28223",87,79
"2855394",87,47
"2886044",87,51
"2994495",87,68
"3004096",87,26
"34102",87,77
"347213",87,43
"493",64,87
"63743",87,84
"69710",87,78
"815",72,87
"112234",86,69
"1155384",70,86
"1191912",86,71
"1336",85,86
"138072",74,86
"1481663",73,86
"1702250",86,23
"190146",47,86
"215591",72,86
"2516559",86,73
"2564040",56,86
"2689569",86,57
"2820270",86,70
"2835041",86,80
"2864218",86,46
"2897181",86,56
"2946797",67,86
"3064001",86,45
"33033",85,86
"33968",86,54
"363408",86,52
"39768",86,9
"412593",86,68
"474394",83,86
"47678",86,68
"52972",86,79
"54914",86,78
"700220",86,36
"756828",86,33
"1236046",69,85
"138",85,63
"154288",85,31
"1714848",85,50
"171523",85,73
"1778264",85,8
"1847728",85,26
"1848904",85,48
"1891207",81,85
"2094736",0,85
"2133944",85,79
"2172103",85,50
"2185111",54,85
"2220073",85,80
"2236",85,81
"2594269",76,85
"2599308",85,63
"2666100",85,72
"2745512",85,24
"2773294",78,85
"2834459",74,85
"2845819",85,69
"2878534",83,85
"298657",85,80
"33959",85,68
"343403",85,77
"453816",85,47
"521720",85,83
"663",85,80
"821",73,85
"83771",85,60
"960",85,70
"1032072",84,63
"1442557",84,67
"1494",84,58
"1903276",84,77
"1912795",84,83
"2079575",69,84
"208226",84,52
"2303538",84,73
"2493639",51,84
"2684405",75,84
"2697030",84,61
"2781599",84,69
"2803751",84,35
"2818493",84,54
"2823902",79,84
"2913620",68,84
"29485",76,84
"456827",84,72
"53442",84,51
"622488",84,69
"622681",84,83
"65093",84,65
"863",73,84
"104264",83,66
"111500",83,64
"1191459",83,66
"1592728",66,83
"1641",83,50
"171695",83,55
"1730",78,83
"2024615",75,83
"203804",83,26
"2184575",83,53
"2483110",83,53
"263377",64,83
"2651972",71,83
"2714855",83,61
"2766537",73,83
"313603",83,77
"433286",83,62
"44935",83,65
"518738",83,69
"712471",76,83
"732",66,83
"803",83,33
"82801",83,47
"110662",60,82
"120652",43,82
"1235990",82,28
"1312072",72,82
"1336795",82,52
"1442159",82,81
"1643685",82,70
"1776384",82,75
"2507161",82,48
"265949",82,81
"2704655",82,19
"28080",82,44
"29487",82,18
"2983228",79,82
"3022127",78,82
"915",82,75
"981385",82,53
"1286698",81,74
"1572645",81,77
"160453",81,50
"1677857",81,57
"1763363",77,81
"1854492",81,53
"187327",51,81
"1970738",81,67
"2083053",81,79
"2487063",81,56
"2609667",80,81
"2650158",81,65
"2756",81,57
"2775246",81,80
"28035",81,52
"28127",74,81
"2829809",81,70
"2872157",75,81
"2895947",81,73
"2913621",81,79
"2982691",72,81
"3025672",55,81
"3038772",79,81
"35795",81,14
"36854",81,69
"538",81,74
"681157",81,67
"718",81,69
"97478",81,78
"1006576",80,40
"1155388",80,25
"1524258",78,80
"1541",80,67
"1561924",80,54
"1577685",53,80
"1582259",80,48
"1740262",80,64
"186846",80,11
"1941349",69,80
"195253",71,80
"2069432",80,42
"2682487",60,80
"2751178",80,57
"2770780",80,29
"2775920",50,80
"2831148",80,80
"2850078",80,8
"2963940",80,57
"398736",80,56
"535712",63,80
"831",80,52
"116090",79,60
"1196083",55,79
"1313",79,59
"1940789",79,1
"1940790",60,79
"2184581",68,79
"2777186",79,62
"28038",79,46
"2821559",79,62
"2830782",79,59
"2854796",60,79
"2942275",59,79
"2949635",79,78
"2983236",65,79
"326329",79,47
"379097",79,74
"417368",79,28
"490",63,79
"731",79,35
"89373",74,79
"97477",79,68
"1074311",78,62
"1241982",78,43
"1249",78,33
"1292",78,41
"132920",78,64
"1336802",78,77
"1503041",66,78
"1556",78,56
"158847",78,50
"1617283",73,78
"1628059",78,64
"1667",78,65
"1731",78,56
"1853276",60,78
"1968788",65,78
"2231053",64,78
"255507",78,42
"2583851",78,75
"2592817",71,78
"2733922",0,78
"2734271",44,78
"2762329",78,17
"2809031",78,55
"2954089",78,16
"3019969",76,78
"3025667",78,47
"3059077",78,45
"312277",72,78
"316279",71,78
"32064",78,75
"374981",78,51
"379067",78,60
"426117",65,78
"51101",68,78
"675",78,64
"88431",69,78
"1177211",45,77
"1355374",77,35
"1449788",77,23
"151276",77,52
"158850",45,77
"170679",74,77
"1835724",34,77
"2173034",77,59
"2520507",77,54
"2592815",77,73
"2685905",77,53
"28123",76,77
"2849039",62,77
"2929492",67,77
"3060215",77,77
"31953",77,53
"320324",77,63
"330734",66,77
"359303",77,67
"359408",77,55
"415095",77,45
"463",77,27
"51366",77,52
"586733",77,22
"637",77,23
"77095",57,77
"85026",67,77
"1071983",76,57
"156213",76,58
"1643",76,31
"1703250",76,72
"170573",76,48
"1727214",28,76
"1765964",76,57
"1870884",76,53
"1929246",76,44
"2099583",76,76
"2482769",76,25
"2715232",76,13
"2751313",73,76
"2763672",76,60
"28116",76,75
"2864212",60,76
"2898187",76,68
"290110",76,69
"2908648",76,61
"2930213",76,38
"29385",76,55
"3025668",76,66
"326522",76,56
"33070",76,74
"348824",76,20
"412034",68,76
"444051",72,76
"46234",76,67
"52443",76,64
"576611",76,72
"61651",50,76
"754417",76,49
"75985",70,76
"76832",76,30
"84030",76,73
"1178825",73,75
"1353976",75,29
"1376",70,75
"2419773",75,18
"246432",75,41
"2496865",69,75
"2560785",75,49
"2576356",75,5
"2686363",75,52
"2698686",40,75
"2774188",59,75
"2816908",57,75
"288965",75,44
"2950245",75,75
"332951",71,75
"336261",75,52
"38986",75,62
"40269",75,44
"713",62,75
"766",75,69
"826",75,53
"875932",55,75
"983544",69,75
"1131703",42,74
"1366",74,44
"1456591",74,62
"1476",74,41
"1652495",63,74
"1751095",74,52
"1756149",54,74
"178606",60,74
"1796652",65,74
"181486",60,74
"1855336",74,66
"187492",74,43
"218144",74,32
"2238",74,67
"2614441",74,46
"2676233",53,74
"2719912",74,59
"2864204",71,74
"2898076",74,69
"2937786",74,61
"29498",74,52
"2969821",74,47
"3022126",41,74
"3026967",58,74
"3047468",60,74
"380393",66,74
"476",74,48
"643674",50,74
"856",68,74
"884684",74,39
"999141",70,74
"142877",73,61
"166314",54,73
"1790137",73,66
"1807790",51,73
"182773",73,66
"1918945",64,73
"1922328",73,3
"216937",73,30
"219181",73,67
"2218628",73,70
"2322",73,18
"2507159",73,55
"2608253",73,54
"2748865",63,73
"2813371",73,41
"2815577",61,73
"3015168",73,63
"35742",68,73
"359370",72,73
"451",64,73
"640030",61,73
"666507",50,73
"70255",73,34
"747522",65,73
"754477",73,53
"869806",64,73
"104609",72,59
"1107",72,58
"1379",72,56
"1844999",72,48
"194196",72,46
"1942464",72,61
"2065312",72,67
"2259673",72,43
"2264",68,72
"252967",72,44
"2746932",66,72
"2767842",72,47
"28196",72,69
"2864207",60,72
"2880008",52,72
"29362",72,61
"29497",69,72
"2964606",72,60
"3072977",72,30
"327575",72,20
"351679",72,48
"400946",72,53
"423605",72,57
"57487",72,55
"784",57,72
"985762",72,55
"1054033",71,61
"116092",71,42
"1505597",71,11
"163003",71,67
"1632",71,69
"183417",71,31
"1902580",71,25
"191026",63,71
"1911929",71,13
"2199",71,56
"2320858",71,40
"2479546",71,59
"2487118",71,44
"2518645",71,67
"2828763",71,49
"2975055",55,71
"3018314",71,59
"389348",69,71
"475",71,60
"53444",71,24
"577469",47,71
"66969",71,46
"744515",51,71
"82135",71,38
"1115758",55,70
"153151",70,52
"1548",70,51
"1550240",70,49
"155866",70,20
"1688404",70,52
"1716543",70,47
"1796616",70,67
"1803865",50,70
"1878942",70,67
"1971485",70,6
"2057808",68,70
"2593655",70,70
"261964",52,70
"2719119",67,70
"2724469",70,27
"2742626",70,30
"2762277",49,70
"28446",70,51
"2850492",70,55
"2899121",70,34
"2980107",64,70
"3042315",66,70
"32052",64,70
"33028",70,52
"34067",70,40
"351672",70,42
"356322",70,68
"432330",48,70
"472834",70,24
"47735",70,23
"563843",58,70
"59610",56,70
"76123",64,70
"849",70,23
"1055487",69,57
"1147",69,59
"1335",69,45
"136468",69,47
"170651",69,33
"196",67,69
"198",69,55
"2005703",69,50
"2058137",69,69
"214473",69,49
"2209",69,68
"240427",69,51
"2547600",69,61
"2560337",69,8
"263",62,69
"263819",69,64
"2742673",69,59
"2779360",65,69
"2923364",69,36
"300231",58,69
"326544",69,62
"332101",69,57
"46507",69,36
"519450",69,30
"568766",65,69
"634113",69,31
"649776",69,63
"748770",69,42
"754397",69,59
"79209",66,69
"90736",58,69
"914150",59,69
"1031538",68,68
"103808",43,68
"118000",63,68
"1295609",68,41
"129577",68,66
"13076",68,22
"131112",68,43
"1334",52,68
"1461582",68,67
"157687",68,41
"1841651",68,21
"1884904",45,68
"1898749",68,52
"1982626",68,33
"206",68,51
"2126319",68,64
"2558174",36,68
"2662262",68,56
"2813035",68,64
"28199",63,68
"3035694",68,41
"3047542",68,51
"367791",68,47
"447199",68,27
"45658",68,61
"60961",68,66
"83558",68,5
"1006155",67,50
"105841",67,64
"109790",67,17
"121277",67,55
"1230533",67,60
"1452732",67,37
"1585976",67,56
"1660079",67,23
"167642",67,33
"1870984",67,29
"188913",67,41
"1959104",67,55
"197162",57,67
"1985183",67,3
"2054173",67,27
"2590015",64,67
"2675053",59,67
"2686359",57,67
"2767188",67,39
"2779362",67,54
"2847778",67,66
"2929494",59,67
"418240",67,38
"501783",67,40
"589436",67,59
"607711",67,60
"664643",67,58
"71190",51,67
"85404",67,59
"1177574",66,55
"1227",63,66
"1239415",66,40
"1267021",66,25
"1507512",66,45
"1510466",66,46
"1525218",66,57
"1653434",60,66
"1884914",66,46
"1917990",66,13
"1977865",66,49
"2070537",47,66
"2269",66,50
"2285",66,14
"243899",66,36
"2594005",59,66
"265668",66,55
"2735868",66,46
"2819101",66,55
"2827482",51,66
"2856556",66,42
"2895482",66,44
"2933959",66,59
"3050131",66,30
"3053655",46,66
"48075",66,43
"529731",66,43
"656519",66,42
"1028752",65,33
"1229621",65,57
"1229909",65,53
"1284",65,34
"1287055",45,65
"1380604",62,65
"1382466",57,65
"146785",65,62
"1692041",65,56
"1910968",65,41
"195522",65,47
"213",65,24
"216932",65,7
"216933",65,13
"2211106",65,46
"2433",65,64
"265488",65,52
"2726122",62,65
"28124",65,65
"28135",48,65
"2843770",65,1
"2856338",65,37
"2904120",48,65
"3038539",46,65
"33047",47,65
"333962",65,55
"362787",65,32
"383750",65,54
"47770",60,65
"522485",65,24
"556548",39,65
"680279",60,65
"70864",54,65
"82688",65,39
"88233",65,58
"89152",65,55
"940",65,23
"985002",65,26
"1033997",64,41
"1055688",62,64
"1094892",64,61
"113653",45,64
"1264",64,62
"1314",54,64
"1481914",60,64
"1495066",64,27
"1529",64,56
"1666906",56,64
"1756150",54,64
"1915309",64,53
"2098",64,29
"2292255",64,61
"2497860",64,22
"2572594",62,64
"2606450",64,53
"265883",64,56
"2675775",64,3
"273528",64,57
"2774015",35,64
"28133",62,64
"367190",64,53
"46127",64,43
"90245",59,64
"97138",64,64
"1354726",63,61
"1410606",63,42
"147709",63,41
"2003121",23,63
"2054316",63,58
"2268451",63,15
"233055",63,47
"2419842",63,30
"2498451",63,49
"2527775",57,63
"2588536",63,55
"2744027",63,54
"28184",56,63
"28200",63,33
"2842201",57,63
"2886360",63,38
"3035470",56,63
"33940",63,35
"37636",63,49
"38323",63,22
"39491",57,63
"54120",63,33
"626",47,63
"64895",56,63
"65555",54,63
"931099",39,63
"96230",63,39
"1007",56,62
"160233",48,62
"1798225",62,50
"2025351",62,9
"221350",53,62
"2675054",59,62
"2708020",62,42
"271098",62,45
"29375",47,62
"29384",62,25
"3049084",62,24
"311181",62,50
"43661",62,61
"66219",62,48
"81459",62,10
"85402",46,62
"1028416",61,37
"103810",61,52
"1054034",61,49
"115778",61,33
"1434100",61,53
"1470200",61,39
"1859475",61,33
"1903694",61,60
"1917830",51,61
"213118",61,55
"2293317",61,37
"2497879",61,37
"2497989",61,50
"2583805",61,37
"2609418",61,11
"2704651",61,18
"2742636",61,11
"2779445",61,56
"28084",60,61
"2880988",40,61
"2949614",31,61
"454662",61,59
"60217",61,54
"69328",44,61
"74706",61,31
"754515",61,16
"84163",57,61
"1127744",60,12
"1199245",60,49
"1316596",60,49
"1329200",60,16
"1578720",52,60
"1660083",44,60
"171284",60,36
"1852373",60,48
"1903412",60,60
"191303",60,45
"1921712",60,13
"1940690",45,60
"2271",51,60
"2675785",60,21
"2678343",48,60
"2731377",53,60
"2795386",35,60
"2908646",60,44
"2917715",49,60
"3030492",60,33
"33038",57,60
"40091",60,43
"411483",60,28
"47466",60,51
"64471",60,41
"911092",59,60
"114186",59,36
"1179777",59,34
"1295",53,59
"1410383",59,16
"1511",59,28
"1588",59,45
"1679721",59,36
"172",59,44
"1761789",35,59
"1920110",49,59
"2068655",59,50
"2599307",26,59
"2681987",59,10
"2691913",31,59
"2735562",59,39
"2755562",52,59
"2769351",41,59
"2814275",59,55
"2820710",59,46
"2918899",59,54
"2966554",59,49
"3032580",28,59
"314281",59,45
"480520",59,22
"49899",59,54
"499229",59,58
"92400",59,7
"958",59,50
"1050657",58,54
"1082702",41,58
"1302235",52,58
"1381081",58,40
"1470066",58,36
"1495331",58,6
"1582439",58,22
"1632866",50,58
"1778262",45,58
"1855880",43,58
"1910936",58,2
"1918946",58,51
"2018052",28,58
"2081042",34,58
"2099584",58,47
"2766701",56,58
"2779528",58,49
"2795383",58,33
"2801997",56,58
"28172",58,46
"2831895",58,14
"2925782",58,58
"2944914",58,52
"342950",56,58
"47951",58,56
"728",56,58
"752201",58,40
"859",58,36
"97050",46,58
"1018",57,49
"109472",57,31
"1513297",57,38
"153491",57,56
"1583",57,43
"1723645",44,57
"1789226",56,57
"1892259",57,50
"1918010",57,0
"1926290",29,57
"1940636",38,57
"1945584",57,47
"2036037",57,53
"2093",57,36
"2563896",57,45
"2656761",57,11
"2675786",57,12
"2746060",57,41
"2747",57,18
"28082",54,57
"28229",57,42
"2894082",57,43
"3035289",57,38
"3037696",38,57
"3064797",57,48
"309806",54,57
"401619",57,15
"45495",49,57
"603050",54,57
"69539",57,40
"83561",54,57
"1118153",43,56
"120212",40,56
"1481923",56,54
"1497681",51,56
"1498",50,56
"1522312",56,51
"173",56,46
"1886670",56,31
"1935446",56,52
"208596",56,24
"2487742",56,38
"2746230",56,41
"28037",56,49
"2819098",56,35
"28262",49,56
"2831893",7,56
"2864209",44,56
"2878098",34,56
"2895488",56,33
"2968475",56,53
"2984846",56,54
"33024",44,56
"366522",56,51
"36874",47,56
"396811",56,51
"433296",53,56
"83984",34,56
"870",43,56
"104267",55,53
"118968",50,55
"1246",55,54
"1336794",55,43
"136",29,55
"1596",41,55
"1743159",55,50
"1817405",55,26
"1981510",40,55
"2066133",41,55
"2141",55,50
"2161872",51,55
"237258",55,53
"247523",55,32
"254245",55,11
"2572923",55,50
"2587865",45,55
"2686358",55,53
"285458",55,47
"2884482",55,44
"2934315",55,55
"2955314",55,32
"2968490",55,53
"2980499",55,47
"35786",55,42
"456163",47,55
"54077",38,55
"573501",44,55
"637971",49,55
"680026",44,55
"1007676",54,24
"1131707",54,48
"150120",54,29
"1581557",54,41
"1699621",54,28
"1824638",54,34
"1852629",54,0
"187878",33,54
"1971488",54,7
"198483",54,52
"2100821",54,40
"2108365",50,54
"212667",54,31
"2212991",54,28
"231049",54,36
"256326",54,51
"2576917",37,54
"2732982",8,54
"2737",54,14
"28187",54,49
"2861801",54,7
"29575",54,38
"329857",54,43
"435912",52,54
"488",37,54
"56112",49,54
"577489",54,39
"84377",38,54
"84378",54,42
"1050714",29,53
"1080223",46,53
"118060",53,45
"119206",53,40
"1435069",53,50
"1581",37,53
"158846",53,9
"1891186",53,39
"2012495",53,44
"2033438",31,53
"2172099",44,53
"225848",53,49
"2763022",39,53
"2806205",53,25
"28189",49,53
"2912675",53,53
"293091",38,53
"2951138",35,53
"2975052",39,53
"2976343",53,28
"3016343",33,53
"3029174",53,42
"3030529",1,53
"3047864",44,53
"390641",33,53
"621",53,47
"649756",53,37
"693075",53,37
"780",52,53
"78259",44,53
"84135",53,30
"942880",53,40
"97084",53,52
"1293412",48,52
"1427149",34,52
"162",48,52
"1796635",52,31
"1888890",49,52
"1944646",52,42
"1945586",52,29
"1968775",44,52
"1977864",52,20
"1987584",39,52
"203",46,52
"2224",52,46
"242703",52,48
"2706014",52,44
"2741553",37,52
"2769490",50,52
"2840371",52,36
"2904123",52,20
"291048",37,52
"2929481",52,24
"3023090",52,51
"347209",52,31
"39669",52,20
"543349",52,51
"580459",52,32
"75984",52,40
"86102",52,50
"865",52,40
"102106",47,51
"1156568",29,51
"1278232",51,39
"1335745",51,43
"152161",51,49
"1636609",51,40
"1844051",51,51
"190897",51,43
"2029986",34,51
"2115978",40,51
"2173169",51,27
"2210",51,15
"2213226",51,48
"224372",42,51
"2486578",51,46
"2583452",51,27
"2676247",51,28
"2689107",42,51
"2785331",51,28
"2795691",51,39
"2819096",50,51
"2864217",39,51
"2893572",51,34
"2918755",51,28
"2923279",51,43
"2926671",51,51
"293388",51,22
"2980099",40,51
"300876",51,38
"314282",51,30
"338190",51,19
"406020",37,51
"418008",51,39
"44009",47,51
"45067",51,48
"456",51,49
"512649",32,51
"53344",51,44
"659",51,31
"72803",46,51
"919",49,51
"96232",50,51
"972",49,51
"1043206",28,50
"1318",47,50
"1348114",50,39
"1394889",44,50
"1583098",50,36
"1601",50,43
"167",30,50
"1678078",30,50
"1743173",31,50
"1910937",50,11
"1911586",50,36
"1983755",48,50
"215689",37,50
"234828",35,50
"2652177",50,38
"2656760",50,6
"2726954",50,45
"2785912",42,50
"28128",50,48
"28169",50,44
"283735",47,50
"2864202",50,36
"2864206",50,34
"29348",50,37
"294671",50,23
"2961948",50,39
"3018315",49,50
"3049085",50,27
"309805",50,44
"322095",50,41
"33970",50,37
"38027",50,50
"556053",25,50
"795750",44,50
"1186",49,30
"1273541",49,37
"1324864",10,49
"147268",49,33
"16",40,49
"161398",49,48
"168169",49,16
"1738770",49,41
"1743165",33,49
"1855909",45,49
"1867846",49,44
"1904463",46,49
"1906744",36,49
"1914871",46,49
"1932669",49,23
"1971364",49,48
"1979527",25,49
"221345",49,46
"2509341",49,12
"2570561",49,46
"2587862",49,40
"2702",48,49
"2708117",49,37
"2724901",29,49
"2733155",47,49
"2864203",49,45
"2878390",22,49
"2880989",21,49
"28885",48,49
"2925838",49,14
"29423",40,49
"2994078",49,48
"3072978",49,20
"311808",49,30
"386891",49,24
"41997",49,41
"420336",49,34
"446374",49,29
"449",47,49
"46124",49,26
"563798",49,38
"595671",26,49
"63363",49,39
"697331",46,49
"82348",49,45
"1073986",34,48
"1149953",48,43
"1162633",48,24
"1184387",48,35
"149016",48,32
"1581680",48,48
"1610",43,48
"1759089",48,40
"1825069",48,14
"1965231",48,43
"2095",48,26
"2121",48,20
"2566012",48,16
"2715735",48,47
"2734193",38,48
"2806443",48,42
"2841063",48,14
"29507",45,48
"2986279",48,38
"3050305",48,46
"51664",15,48
"652716",48,38
"673372",48,40
"689",48,45
"698776",48,29
"69968",38,48
"71998",31,48
"1042877",38,47
"1096856",47,37
"1160721",37,47
"118883",47,36
"1200300",36,47
"1231049",47,29
"1470067",47,27
"1573704",47,17
"1580092",44,47
"1687",47,46
"1743162",46,47
"1763536",47,43
"1763883",38,47
"1796613",47,46
"1855619",29,47
"1931275",47,42
"2071621",40,47
"207949",46,47
"2254",44,47
"235559",47,32
"2422",38,47
"244787",47,41
"2580412",47,47
"2668067",46,47
"2676755",37,47
"2712024",47,1
"2763670",47,42
"2787628",45,47
"2856522",47,12
"29391",47,33
"29459",40,47
"2946699",47,36
"3072790",47,31
"381751",47,36
"410072",37,47
"489910",47,23
"51229",47,30
"516075",47,39
"850",47,39
"10319",42,46
"111504",46,16
"123841",46,22
"1315211",46,25
"1348",46,35
"137591",46,42
"1607",46,36
"1635327",46,31
"176102",46,26
"1921711",46,21
"2067065",46,44
"213419",46,41
"216934",46,22
"224719",46,43
"2545632",46,42
"2734129",25,46
"2742629",46,2
"2749996",46,18
"2844380",32,46
"2861280",21,46
"2912228",46,34
"2925411",31,46
"29521",46,28
"3035472",41,46
"3042300",45,46
"3064892",45,46
"436114",45,46
"442694",27,46
"45634",37,46
"480",46,38
"59",29,46
"71667",39,46
"76258",42,46
"83552",43,46
"841",21,46
"84405",32,46
"944",46,36
"1048758",45,22
"109328",39,45
"116085",40,45
"1218493",45,26
"1442558",45,30
"145260",43,45
"148813",45,45
"148814",45,28
"150830",37,45
"1984778",0,45
"2002831",24,45
"2050",35,45
"2096",45,13
"2222",45,45
"227388",26,45
"2496265",44,45
"2518973",45,34
"2559074",45,5
"2576926",25,45
"2588535",45,24
"2592625",33,45
"2672570",45,28
"2697033",36,45
"2722751",45,35
"2767877",45,19
"278860",34,45
"2800061",45,45
"2822842",30,45
"2864205",45,40
"290335",39,45
"2931922",42,45
"2933778",45,44
"326319",45,31
"387093",42,45
"404011",45,35
"45056",45,40
"46228",45,37
"505341",42,45
"55583",44,45
"573570",31,45
"577309",31,45
"594679",45,18
"712357",45,15
"83265",45,42
"877500",30,45
"936476",45,45
"1002672",44,35
"122420",41,44
"1309",44,33
"1399115",39,44
"1408281",37,44
"1444684",44,38
"155085",44,20
"171552",32,44
"1967665",41,44
"2007306",44,15
"216942",43,44
"2203",44,28
"246167",44,43
"256839",39,44
"2588299",44,37
"2714927",44,32
"2734125",44,8
"2763062",44,29
"2810537",44,37
"2819993",42,44
"2891294",27,44
"2992242",44,33
"2999013",44,35
"3003601",44,19
"3034674",44,39
"338192",44,31
"33962",44,26
"375929",44,40
"388640",44,31
"40544",44,42
"45610",44,29
"47493",30,44
"715",44,34
"718286",44,40
"913109",44,44
"995019",37,44
"1068590",42,43
"1096243",37,43
"1176482",43,41
"13",43,26
"1311",43,28
"1328770",43,25
"1330546",43,19
"1521",43,39
"182180",43,24
"186764",43,39
"189834",20,43
"1918005",43,12
"1985180",43,6
"2039",40,43
"2109558",29,43
"2190",43,15
"2214",43,40
"2267253",27,43
"248315",39,43
"2490939",43,36
"2552945",43,37
"2560028",43,33
"2564099",43,42
"2704653",43,26
"2740837",43,21
"2781390",40,43
"28110",43,35
"2812551",42,43
"2823317",42,43
"28253",43,38
"2831894",19,43
"2904119",43,30
"2931400",43,23
"2969672",28,43
"3046369",36,43
"3050324",22,43
"3070656",42,43
"34061",35,43
"416916",40,43
"431057",43,28
"43305",43,31
"448181",43,17
"450",41,43
"468911",40,43
"504",43,40
"53952",43,21
"558541",26,43
"81852",43,27
"83683",43,19
"105",39,42
"1144748",42,35
"1218315",33,42
"1249480",42,32
"1320552",42,35
"1349",42,26
"135569",42,28
"13773",41,42
"1443036",42,15
"1505907",42,35
"1514105",42,34
"1587",36,42
"1691",28,42
"1835254",42,21
"1835721",42,13
"1849015",30,42
"1855883",42,25
"1896175",42,35
"1967666",42,23
"2036206",33,42
"216946",25,42
"227",35,42
"246969",37,42
"2483366",24,42
"2571750",42,27
"2675783",42,4
"2675792",42,13
"2708346",42,32
"2781774",42,26
"2811778",42,15
"2866200",42,39
"2921087",42,18
"301953",42,36
"3050271",42,24
"320778",42,33
"326523",38,42
"349064",38,42
"39765",42,40
"487686",42,20
"552386",42,28
"89586",38,42
"1166",37,41
"1328",41,26
"1340",41,26
"140",39,41
"1408204",41,29
"1522056",41,40
"1594731",41,8
"160798",41,30
"1705353",33,41
"174587",41,26
"1755100",41,33
"1853224",33,41
"1935204",41,34
"2094",41,13
"2570911",41,22
"2601575",41,27
"2701",41,31
"2735436",41,17
"2782163",41,37
"2864213",36,41
"2908650",41,36
"29291",39,41
"2937286",41,30
"2976818",40,41
"3050637",41,34
"319318",41,23
"34105",41,27
"35755",38,41
"39486",41,32
"409322",41,40
"43080",41,18
"461876",38,41
"51665",41,27
"588",28,41
"680114",29,41
"751585",22,41
"827",36,41
"89093",41,25
"1031542",40,24
"107327",39,40
"1441386",40,35
"1470540",40,38
"1499987",40,35
"150247",40,15
"1505596",40,21
"1542390",40,29
"1670455",37,40
"1702170",40,15
"1778263",40,37
"1813182",40,22
"1855617",40,29
"1890438",40,22
"1912064",40,8
"206403",40,30
"2163644",35,40
"2320140",40,14
"234827",40,25
"2683822",40,7
"2714926",40,33
"2761623",40,14
"2821140",40,24
"2956317",27,40
"2965074",40,26
"3050260",40,28
"3071081",40,2
"320912",40,32
"334543",40,29
"33990",17,40
"391290",40,34
"39441",40,32
"453161",38,40
"554406",40,24
"568386",40,35
"572511",31,40
"5761",19,40
"64160",40,20
"755175",40,35
"89059",40,38
"906",38,40
"94122",40,34
"942",23,40
"1008460",39,27
"102684",39,2
"1244531",39,19
"125316",39,32
"1273132",39,36
"1329",39,16
"134813",37,39
"1353",39,17
"1442553",39,34
"1603555",34,39
"1630141",39,31
"1678309",39,19
"1810868",39,19
"1816219",39,37
"1819725",39,31
"187880",24,39
"1918011",39,0
"1925548",39,28
"1945588",39,27
"200615",26,39
"2107",39,16
"2123",39,18
"2360",38,39
"2479547",27,39
"2490855",39,24
"2575699",39,32
"2675797",39,11
"2714949",39,16
"2735723",39,25
"2770234",23,39
"2778057",38,39
"28107",39,35
"28125",34,39
"28137",36,39
"2819100",33,39
"2843779",39,0
"3020715",22,39
"3028070",39,36
"3043330",29,39
"3050138",19,39
"313590",30,39
"33043",39,28
"34087",39,32
"54252",39,37
"553981",34,39
"64898",39,19
"651457",25,39
"710191",39,22
"875170",23,39
"1007869",29,38
"1032623",38,20
"1071078",38,24
"118969",38,19
"1322",38,31
"1508420",38,14
"159191",38,26
"1743174",38,35
"1802984",38,17
"1984781",0,38
"2016361",33,38
"2016373",26,38
"240426",29,38
"2590884",29,38
"2592816",38,32
"2675790",38,11
"2711221",38,35
"2732593",38,23
"2740404",38,25
"2742653",38,25
"2778054",33,38
"2856608",37,38
"285729",38,19
"2864208",32,38
"2919376",38,1
"2920269",38,37
"2929495",37,38
"309868",38,26
"387092",38,20
"536044",38,28
"626940",38,36
"72",31,38
"76859",37,38
"80850",38,35
"102886",37,21
"1241978",33,37
"1281486",37,19
"1285600",29,37
"1300",35,37
"1310",37,30
"1427364",37,28
"157692",37,37
"1636720",37,31
"1660078",37,12
"170861",31,37
"172045",20,37
"185008",37,32
"1855616",37,35
"186814",37,27
"1925021",37,8
"201828",37,18
"221402",37,37
"2325",37,18
"2500548",32,37
"251540",37,15
"2547970",35,37
"2579250",37,20
"2708340",21,37
"2764326",37,32
"2766470",37,34
"2811091",28,37
"2828656",37,29
"2919598",37,16
"2948708",26,37
"29546",37,30
"2976236",37,37
"3070814",37,30
"3075583",37,1
"307643",37,31
"337479",21,37
"57665",37,21
"60480",37,25
"665568",35,37
"753",37,36
"844",37,35
"87541",30,37
"110164",36,27
"1253",36,32
"135620",28,36
"1501662",36,35
"152331",35,36
"155194",36,22
"1563703",36,27
"1758390",36,28
"176292",36,23
"1846278",35,36
"1912897",28,36
"1945585",36,30
"2023057",36,34
"2116",27,36
"249188",23,36
"2505970",36,13
"2508726",36,29
"251535",36,23
"2570586",33,36
"2593672",36,32
"2599641",35,36
"2675787",36,12
"2689109",36,29
"2704654",36,31
"2717374",32,36
"2719313",29,36
"2734106",36,0
"2772254",36,24
"2774154",36,21
"2778056",26,36
"286104",36,29
"2871094",30,36
"2893889",29,36
"2904121",36,26
"2904122",36,17
"2929489",36,32
"3050322",19,36
"3050355",32,36
"3050362",36,35
"419257",33,36
"470565",34,36
"505249",32,36
"718192",36,20
"92245",36,34
"1075399",35,3
"1316444",35,5
"1330330",34,35
"1338",35,25
"1566379",24,35
"167375",35,35
"1702097",35,30
"1705394",35,21
"1903056",35,19
"1921710",35,14
"1927128",35,26
"1930764",35,20
"1984777",0,35
"2044912",32,35
"2055892",23,35
"2058135",35,26
"2173853",28,35
"2203724",35,32
"2282419",35,24
"2358187",35,25
"2576919",35,32
"2748760",29,35
"2778059",29,35
"2817969",35,18
"2912315",35,35
"2927224",28,35
"29465",35,31
"2956343",35,27
"2992244",27,35
"3003229",27,35
"326320",16,35
"33039",35,34
"413403",35,25
"423477",35,18
"620",23,35
"708131",27,35
"86106",33,35
"983548",35,33
"1278212",34,31
"1529069",34,32
"1603",34,21
"1884915",34,16
"1945589",34,18
"2009331",34,8
"2143",34,17
"2145",34,21
"2160",34,31
"221027",26,34
"2421",34,18
"2508687",34,16
"2560251",23,34
"2576922",34,33
"2608867",34,18
"2675789",34,7
"2689110",20,34
"2719989",34,28
"2742675",24,34
"2767881",34,20
"277988",34,22
"28263",34,26
"2956470",13,34
"3002900",34,22
"3036300",34,31
"3049086",26,34
"3050334",21,34
"3059082",33,34
"310037",34,27
"392416",29,34
"400065",34,28
"46125",17,34
"478",34,29
"556287",31,34
"573600",30,34
"57372",10,34
"58049",34,32
"591154",34,21
"60519",34,27
"65553",34,15
"684066",34,6
"718217",34,25
"735",34,22
"84599",34,4
"861445",25,34
"97393",34,3
"990268",34,30
"1137606",33,29
"1149952",28,33
"1225785",1,33
"123824",23,33
"1266052",27,33
"1379908",33,21
"1679002",33,32
"1720083",18,33
"1755811",30,33
"1785996",33,19
"1789762",33,29
"182709",33,26
"197482",33,32
"1982898",33,32
"2042961",33,26
"2081049",33,31
"2126985",33,20
"213116",33,25
"2162846",28,33
"2194",33,16
"235888",31,33
"236753",27,33
"2506420",32,33
"2570468",33,17
"2675791",33,12
"2683967",33,21
"2699836",33,23
"2714929",33,30
"2745560",33,29
"2777577",33,24
"2778911",33,26
"2843318",33,8
"2844696",33,19
"2880990",32,33
"2949997",23,33
"2955554",33,0
"2991418",29,33
"3015165",32,33
"3024576",33,24
"3031993",33,25
"3051997",33,14
"312539",33,28
"375175",30,33
"449520",33,25
"455364",9,33
"46255",23,33
"50052",33,28
"526944",33,20
"53945",33,15
"589437",33,25
"617123",33,14
"693153",27,33
"97481",33,19
"102862",32,27
"1074467",32,12
"109262",32,7
"1138822",32,16
"1160784",32,29
"1232575",13,32
"1269201",23,32
"1296540",32,14
"1386941",32,29
"143222",29,32
"1758398",29,32
"1884907",31,32
"191301",32,21
"1982880",26,32
"2021971",27,32
"214888",32,18
"217",32,13
"2216012",32,5
"2267891",32,19
"227942",32,18
"2682810",31,32
"2734195",20,32
"2751177",16,32
"2785124",16,32
"2806609",30,32
"2920380",32,9
"29329",32,27
"2954097",32,7
"2955567",32,18
"2982615",32,32
"2993455",32,17
"2993714",32,19
"3040675",20,32
"3050252",11,32
"3074145",32,22
"361101",27,32
"44674",32,21
"51364",32,23
"56636",24,32
"785",32,19
"85018",32,28
"954",32,26
"1183412",31,10
"1190813",31,27
"1193095",31,30
"1318743",31,20
"1388755",24,31
"1400862",31,22
"151081",22,31
"1605",28,31
"1609531",31,16
"1612",31,16
"1622",27,31
"1623306",31,29
"1653476",31,26
"1743168",31,31
"1779135",30,31
"1855652",21,31
"1868793",31,30
"2104",28,31
"213483",31,14
"2151",31,26
"2234",25,31
"235",31,23
"2587597",27,31
"2598861",31,7
"264636",31,18
"2675794",31,11
"2683193",31,7
"2714930",31,21
"2843732",31,16
"289201",31,13
"2956376",15,31
"2983211",31,13
"3060017",20,31
"3070661",31,27
"33037",31,19
"336988",31,20
"360911",31,15
"483",31,24
"491950",26,31
"511435",31,29
"519472",31,12
"574697",16,31
"644281",31,9
"75658",29,31
"81461",31,23
"81468",20,31
"1041504",26,30
"1056807",30,24
"108080",30,14
"110163",30,11
"115561",24,30
"118882",30,21
"128944",19,30
"135618",30,28
"1382",22,30
"1395624",22,30
"142058",30,22
"1629",30,27
"1632019",28,30
"165096",30,22
"1699623",21,30
"185007",28,30
"1855910",30,28
"186824",21,30
"190895",30,25
"202",30,25
"2081052",18,30
"2138",18,30
"216938",30,14
"2180",30,15
"2226",17,30
"229980",27,30
"2382161",30,24
"2487150",3,30
"2562451",30,13
"2576923",30,30
"2576932",29,30
"261825",30,22
"2714948",21,30
"2733170",30,12
"2767879",30,19
"2776706",23,30
"2792977",10,30
"2799495",30,4
"2806552",30,15
"2822137",30,22
"2824673",30,12
"2841264",13,30
"2841528",30,24
"2846408",30,1
"2890407",26,30
"2937985",19,30
"2951137",30,21
"2953752",30,20
"2956212",29,30
"2991054",24,30
"303541",27,30
"3057550",24,30
"3059076",30,18
"33056",30,22
"33926",17,30
"41673",27,30
"513050",30,27
"53558",30,14
"53953",5,30
"633807",30,27
"66821",23,30
"693750",29,30
"712362",30,20
"72293",30,5
"726",30,26
"762",18,30
"768",20,30
"86331",10,30
"948",20,30
"101192",18,29
"1060",28,29
"1071080",29,24
"113267",29,20
"114527",29,20
"1375",29,13
"1424653",29,25
"1534743",29,24
"1673428",29,25
"1811193",29,29
"2066483",20,29
"235899",17,29
"256818",22,29
"2598455",26,29
"265570",27,29
"2709685",16,29
"2733892",8,29
"2755338",22,29
"2779363",29,23
"282676",26,29
"2864211",19,29
"2874846",29,16
"2916816",29,24
"29519",27,29
"2961895",29,23
"444",29,23
"45851",27,29
"496",29,26
"50719",22,29
"51663",21,29
"556259",29,15
"715451",27,29
"76634",29,25
"768528",29,25
"774",29,29
"927786",29,18
"92944",22,29
"1182",28,23
"1325083",23,28
"136094",19,28
"14",28,26
"142651",28,15
"1471399",28,9
"147802",22,28
"1505652",25,28
"157268",28,16
"1581011",28,25
"1628248",24,28
"165779",28,27
"1699622",28,16
"1749074",28,19
"1780362",28,23
"1805431",28,20
"185588",22,28
"1855895",28,19
"186823",28,23
"191393",28,14
"191411",20,28
"1972134",28,6
"1983110",7,28
"2008440",25,28
"2109",28,18
"2139",28,9
"2148",28,26
"2204145",28,28
"225084",28,18
"2269374",28,20
"2280",28,9
"230361",28,23
"240411",27,28
"254839",28,20
"2560029",28,21
"2590551",28,27
"2681986",28,16
"2695882",28,19
"2720720",19,28
"2738125",28,0
"2778051",28,8
"2785746",28,21
"2822846",21,28
"2895470",28,12
"2903099",28,22
"29360",28,26
"2948772",12,28
"3015160",24,28
"3040201",28,22
"3050348",17,28
"3059081",28,24
"3074148",28,20
"33034",28,20
"342948",28,25
"404582",28,17
"40542",28,21
"513223",20,28
"57705",28,24
"58231",28,13
"676208",25,28
"83526",28,18
"1178537",27,7
"11786",27,1
"1294",27,15
"1303590",27,18
"133925",24,27
"1341",22,27
"1346287",13,27
"135575",22,27
"169402",27,22
"1794699",27,18
"1840293",27,21
"184064",27,23
"1852374",27,23
"187101",23,27
"1933220",9,27
"194424",26,27
"2039639",27,22
"2058174",27,2
"206042",27,19
"2081041",15,27
"2187",19,27
"2317",27,27
"254955",24,27
"2561898",27,27
"2587843",27,16
"2587858",19,27
"260714",27,23
"2717",22,27
"2732590",27,16
"2734192",27,25
"2734196",22,27
"2734229",13,27
"2773264",24,27
"2796146",27,15
"2843308",18,27
"2845650",19,27
"2849641",27,23
"2894778",27,6
"29287",21,27
"2940299",27,24
"2942997",26,27
"2948788",27,13
"2955497",19,27
"2956386",14,27
"2970966",19,27
"3003623",27,27
"3036714",27,18
"3045840",27,0
"3056647",27,9
"3058373",27,12
"317658",19,27
"32011",27,26
"33941",27,20
"42879",27,17
"51161",20,27
"511746",27,18
"69499",27,21
"730",20,27
"770",20,27
"810",22,27
"868131",27,12
"93929",24,27
"1032242",26,18
"1076626",24,26
"1186051",26,8
"1220717",23,26
"1338689",16,26
"1387555",26,22
"1547445",26,23
"1602",17,26
"1618",26,21
"1623281",20,26
"1623288",15,26
"1813019",26,26
"1884916",11,26
"2100116",26,26
"2126984",26,21
"214",26,14
"216935",24,26
"2189",26,17
"228229",26,23
"233316",26,22
"2546128",26,16
"2675793",26,10
"267889",21,26
"2686210",26,22
"2714946",26,23
"2749962",26,13
"2767885",26,11
"2836091",26,20
"2843756",26,2
"2866282",22,26
"2879107",26,15
"2954102",26,4
"29555",26,21
"296199",26,24
"2995171",26,24
"3039426",25,26
"3047343",26,24
"3048252",26,0
"3050323",16,26
"39766",22,26
"39950",26,17
"42094",26,13
"45667",26,11
"544718",17,26
"55603",26,26
"75906",25,26
"76517",26,20
"83171",26,15
"955",26,22
"10279",22,25
"104204",22,25
"1050655",21,25
"10702",25,20
"1163",25,18
"1177213",25,24
"1218495",25,17
"129726",25,19
"1364",25,8
"137583",25,24
"137732",25,23
"138563",14,25
"1579",21,25
"164393",23,25
"1643951",21,25
"1712654",25,25
"1758374",25,25
"1761895",25,2
"1918008",25,9
"1983734",14,25
"202747",25,19
"216963",25,22
"2173",25,19
"2303",25,20
"2304606",25,12
"2321111",25,18
"242600",25,23
"2495532",0,25
"2545799",25,25
"2576930",25,20
"2778052",13,25
"2793708",25,22
"2841925",25,22
"2894779",25,0
"2896845",25,11
"2897176",25,19
"2911527",25,10
"2925830",25,24
"2932492",15,25
"2939731",18,25
"2944251",25,25
"2956463",25,21
"2956529",19,25
"3024411",19,25
"3050256",25,8
"3052090",25,23
"315405",20,25
"347202",25,19
"35818",25,17
"39496",22,25
"413889",25,9
"44011",25,9
"48003",11,25
"549298",25,13
"708126",25,21
"708186",24,25
"762833",25,17
"76936",25,11
"84590",25,22
"985043",25,17
"114885",24,19
"1151742",18,24
"132604",24,19
"1329836",24,0
"134676",24,24
"1472345",22,24
"1500960",24,14
"1574269",24,17
"1576550",24,18
"1614",24,17
"1625",24,16
"171286",12,24
"1933929",24,19
"2003370",8,24
"2027290",24,18
"2099",24,17
"2115",24,16
"2169690",1,24
"2301",24,18
"247481",24,14
"2590022",24,18
"2725268",24,16
"2734194",16,24
"2751176",24,21
"2792084",18,24
"2864103",21,24
"2866199",23,24
"2923363",24,13
"293371",24,17
"29419",24,20
"2945587",24,7
"29520",20,24
"2956122",5,24
"2956579",24,9
"315358",24,10
"322019",24,20
"33865",22,24
"34021",20,24
"35817",17,24
"484",11,24
"51049",24,18
"52258",24,7
"52764",24,19
"54248",24,21
"596095",24,18
"59748",24,10
"644410",24,22
"77022",18,24
"787",24,16
"994692",24,13
"994695",24,9
"10719",23,7
"115782",11,23
"129728",22,23
"1381597",23,10
"1508657",23,4
"1560342",4,23
"1591088",23,23
"1600",23,20
"1644130",23,23
"1703960",23,6
"170673",23,23
"173566",15,23
"1798220",3,23
"182141",23,16
"187452",19,23
"2005262",23,22
"2018305",23,18
"2051905",23,2
"227945",23,15
"2478954",23,6
"2512240",16,23
"2586643",22,23
"2586965",23,7
"2589990",23,23
"2591003",19,23
"2675796",23,11
"2714036",23,19
"2734286",23,7
"2742601",23,15
"2770636",23,16
"2815775",23,23
"2849642",19,23
"292691",20,23
"2937909",23,21
"2940300",16,23
"2940301",23,22
"2948573",23,21
"29553",23,18
"2955347",11,23
"295596",23,15
"2956123",14,23
"2983210",23,18
"3002962",17,23
"3004105",12,23
"3015169",23,15
"3050336",22,23
"311400",22,23
"33993",9,23
"373543",23,13
"45498",23,19
"498374",11,23
"54526",3,23
"61635",16,23
"71997",23,23
"759620",23,16
"83559",13,23
"912801",9,23
"949",23,18
"1084719",22,17
"1194427",18,22
"129727",22,12
"1326",22,20
"1346",22,20
"144",21,22
"151781",20,22
"1577791",22,21
"160795",22,4
"1623295",22,16
"164514",22,3
"1647",14,22
"1660073",18,22
"1702238",22,12
"1706371",22,17
"1750719",21,22
"1903686",22,6
"1940621",15,22
"195498",22,14
"2005473",22,13
"2018044",13,22
"2024608",22,21
"2083051",16,22
"2130",22,17
"216931",22,17
"2169658",22,19
"2277",17,22
"2287",22,4
"230709",22,12
"2315",22,14
"2319",22,7
"2321114",22,22
"254785",18,22
"2560492",22,7
"2594495",18,22
"2599927",22,2
"2675776",22,5
"2726434",22,17
"274591",22,17
"279303",9,22
"2803850",22,10
"2820817",22,18
"2831896",22,11
"2893471",22,16
"2940297",13,22
"29556",22,22
"2955990",13,22
"2956211",11,22
"3031803",22,7
"3047867",20,22
"394751",22,18
"411486",16,22
"446372",22,13
"46541",22,12
"56812",22,11
"58290",17,22
"59512",22,14
"74349",9,22
"788",11,22
"938288",22,19
"94694",22,17
"10294",18,21
"1129",21,20
"1145276",21,8
"1170711",19,21
"118062",12,21
"1301915",20,21
"1345",21,12
"139",18,21
"1469144",12,21
"1473",21,6
"1609968",20,21
"1633874",13,21
"1647476",13,21
"1656159",21,19
"1679449",20,21
"1825023",21,18
"1848580",21,9
"1866938",16,21
"1869339",16,21
"188709",21,14
"198251",15,21
"198252",21,20
"1982900",15,21
"1985182",21,6
"1987580",21,15
"200415",21,17
"2059264",21,17
"206379",20,21
"215578",21,19
"216936",12,21
"216945",21,5
"225148",21,10
"2259672",21,16
"2275",13,21
"229155",21,16
"2424",21,10
"2479767",12,21
"2517362",18,21
"2560330",21,0
"2579791",21,13
"2608247",21,14
"2652721",21,20
"2731220",21,19
"2734266",21,19
"2734285",21,13
"2740405",20,21
"2742641",21,3
"2749809",21,10
"2782231",21,12
"2795384",21,17
"2829816",21,19
"2834378",5,21
"2843733",21,8
"2845816",12,21
"2911526",17,21
"2932252",21,16
"29461",16,21
"3035453",16,21
"3041619",17,21
"3047716",21,15
"32025",21,13
"33951",21,20
"488546",21,16
"489",18,21
"54254",21,12
"640330",21,7
"649777",21,15
"67575",19,21
"67760",21,14
"70258",21,14
"72275",18,21
"73913",21,17
"766224",16,21
"79601",21,13
"86332",21,7
"92758",21,15
"938155",21,18
"119394",15,20
"1222016",20,15
"1294262",16,20
"1316941",20,11
"1374",20,9
"1448857",17,20
"157691",20,15
"1623280",20,15
"1631871",20,15
"164516",20,9
"166935",19,20
"171279",20,13
"1812115",14,20
"182262",20,19
"1871109",12,20
"1872114",20,20
"1882662",17,20
"188710",20,18
"1933904",20,9
"2014541",20,18
"2072025",20,12
"2112",20,16
"2120",13,20
"2186",17,20
"2483368",19,20
"2570191",17,20
"2607662",20,13
"2613334",17,20
"2663326",0,20
"2675773",20,11
"2683680",20,2
"2709304",18,20
"2759660",10,20
"2772226",18,20
"2778065",20,10
"2778068",19,20
"2817385",17,20
"2847299",14,20
"2864210",20,12
"2870563",20,15
"290425",20,12
"292628",19,20
"2967301",20,13
"2972775",20,14
"2983208",20,19
"2983836",19,20
"2985324",7,20
"3026425",20,5
"3061989",18,20
"33046",20,20
"36853",20,16
"377315",20,18
"393005",8,20
"39777",20,15
"43990",14,20
"470150",20,17
"47834",20,4
"507763",18,20
"55205",20,12
"57863",20,18
"59195",20,10
"650378",19,20
"669502",20,10
"680115",20,3
"682410",14,20
"68892",16,20
"74700",20,6
"754516",17,20
"76629",20,11
"782",20,15
"81466",14,20
"92401",20,9
"994696",20,14
"1032243",19,16
"104955",19,15
"1111760",13,19
"1218494",19,9
"1274351",19,14
"1302411",19,6
"1378",19,6
"155615",11,19
"1608357",19,6
"1648",15,19
"1654388",19,15
"1660063",18,19
"1778653",19,10
"1850254",19,9
"1884634",19,17
"1903434",19,2
"1985284",19,16
"2008790",19,12
"2099788",19,18
"2110",19,8
"212790",13,19
"2202",12,19
"2223",15,19
"2419611",19,4
"2485784",19,9
"2557993",11,19
"2560848",7,19
"2575361",19,14
"2589986",19,17
"2610896",19,13
"2682455",19,4
"2689102",17,19
"2733202",14,19
"2738979",19,17
"2742195",19,16
"2778066",19,15
"2785630",19,17
"28258",10,19
"2840180",14,19
"2885981",14,19
"2929490",18,19
"29389",13,19
"2940302",19,16
"2946815",13,19
"2948789",17,19
"2955329",16,19
"2956237",19,13
"2956389",19,14
"3021405",13,19
"3031999",13,19
"3035514",19,16
"3058374",7,19
"3068305",19,17
"314343",19,15
"334715",19,15
"37692",19,11
"41980",19,13
"488142",13,19
"512749",19,14
"548914",19,7
"571800",19,8
"717609",19,15
"720",19,13
"74385",19,14
"769",19,10
"77608",19,11
"83556",12,19
"86660",19,17
"873191",8,19
"92793",19,16
"931101",19,17
"945",16,19
"100177",18,9
"111770",18,15
"1118",15,18
"114528",17,18
"1244",18,14
"1353246",5,18
"1636607",12,18
"171281",18,11
"1741",18,10
"1812112",18,18
"1840265",18,15
"1868794",18,9
"1891280",18,14
"1911587",18,10
"1964448",18,11
"1982358",15,18
"2099789",18,14
"2136",18,9
"2137",18,12
"216964",18,8
"2170745",18,14
"2172",14,18
"225999",9,18
"233181",18,11
"2487929",18,17
"249402",18,16
"2560214",13,18
"2560778",11,18
"2664091",12,18
"2675782",18,6
"2734215",8,18
"2738852",18,6
"2742598",18,11
"2746233",8,18
"2767358",12,18
"2778055",18,15
"2805750",18,11
"2812025",18,13
"2815361",14,18
"2825845",18,17
"2829498",18,9
"2843794",18,6
"2886040",18,18
"2923362",18,15
"292461",18,7
"2935858",18,9
"2946794",18,18
"2948679",7,18
"2954081",18,3
"2955340",18,9
"2955566",18,7
"2955604",18,17
"29561",18,7
"2956353",14,18
"2983232",18,15
"2993618",13,18
"32049",18,18
"428411",18,7
"45362",17,18
"46239",18,10
"47835",10,18
"51365",18,7
"51668",18,9
"56426",18,10
"56877",18,15
"57037",15,18
"712633",15,18
"754517",12,18
"84156",18,8
"85991",9,18
"113107",17,14
"1221880",17,11
"1292359",17,17
"1377",17,8
"1406512",17,16
"142649",16,17
"142650",10,17
"143",17,11
"1501269",17,10
"1612150",17,11
"1705617",10,17
"1715806",14,17
"1758395",17,11
"1812111",17,8
"1814128",17,10
"186804",17,15
"1982899",12,17
"1983578",17,0
"1985175",5,17
"2039240",17,6
"2066024",13,17
"2107999",17,4
"2177",13,17
"222136",17,11
"2234087",17,14
"2509662",17,4
"2560595",17,13
"2590895",9,17
"2662034",17,7
"267375",7,17
"2675772",17,8
"2719911",10,17
"2719988",11,17
"2732594",8,17
"2733169",17,12
"2734239",17,13
"2778063",15,17
"2801918",17,11
"2810348",17,11
"2836007",17,7
"2846389",17,13
"2885951",17,7
"29433",17,14
"2948610",14,17
"2948800",17,15
"2948936",17,12
"2955597",13,17
"2979330",17,13
"3048188",17,6
"3050261",17,10
"322535",17,0
"44001",13,17
"46632",16,17
"54261",17,17
"547987",17,9
"589873",17,16
"60919",13,17
"691437",16,17
"739",17,12
"84107",10,17
"87791",17,5
"93682",17,12
"1073987",16,10
"1188795",10,16
"1224749",16,12
"12914",14,16
"1390185",16,15
"1406197",8,16
"155863",13,16
"1582",16,9
"164452",9,16
"165694",11,16
"1660080",8,16
"1905288",4,16
"1921184",16,10
"1982895",16,15
"198832",16,12
"2024614",16,8
"212663",16,9
"216944",16,9
"2176",9,16
"2286",16,14
"236",16,14
"2419619",16,2
"2560484",11,16
"2560509",12,16
"2576928",16,12
"2588449",16,9
"2592653",16,16
"2656551",5,16
"2686229",7,16
"2733866",16,11
"2734292",15,16
"2738399",12,16
"2759692",16,13
"2767886",7,16
"2844189",0,16
"2845253",16,6
"2850494",16,4
"2937790",13,16
"2948781",16,16
"2955364",12,16
"2955509",14,16
"2956001",16,7
"2956026",6,16
"2956431",16,11
"315393",16,12
"32257",10,16
"34019",11,16
"35773",16,7
"374982",11,16
"39778",15,16
"401618",16,1
"45361",10,16
"45363",16,8
"53433",8,16
"548913",13,16
"55802",16,16
"712368",16,14
"712623",16,7
"747548",16,12
"754514",16,2
"83816",16,16
"85034",16,9
"883811",16,11
"971279",16,11
"981330",16,16
"104628",13,15
"1085647",14,15
"114883",15,9
"1157948",15,8
"134821",7,15
"136609",15,11
"1462",11,15
"150055",15,12
"1501226",6,15
"1501268",15,14
"1516159",12,15
"1598147",15,11
"1674923",13,15
"1699624",15,14
"171282",15,6
"171288",15,13
"1750535",14,15
"1798219",8,15
"1888195",15,15
"1921187",15,1
"2003316",15,12
"2024616",4,15
"2025808",8,15
"2109686",15,7
"2133",12,15
"2133959",15,7
"2149",8,15
"2259647",4,15
"2289",9,15
"2330",15,12
"2370",15,11
"2419772",15,14
"2420313",9,15
"2584467",15,14
"2590020",15,7
"2591216",15,9
"2613771",15,6
"2614801",14,15
"261524",11,15
"2704652",15,5
"2708352",15,13
"2714928",15,15
"2724470",15,12
"2734236",11,15
"2734264",7,15
"2745563",10,15
"2768133",15,8
"2792979",15,11
"2816912",15,8
"282132",6,15
"2842457",15,6
"2862870",15,11
"2866570",5,15
"2883238",6,15
"2885973",15,4
"2897413",4,15
"2916693",6,15
"2943841",7,15
"2951085",13,15
"2955344",9,15
"2955917",15,5
"2956352",13,15
"298656",15,7
"2992805",8,15
"3033384",15,8
"3037654",15,4
"3048451",15,15
"3050243",15,14
"3050277",11,15
"3050304",15,6
"333965",15,10
"33994",15,14
"362837",15,10
"364102",5,15
"415001",15,12
"41675",13,15
"54262",15,10
"634",11,15
"680118",7,15
"683846",7,15
"712361",13,15
"716",15,6
"766894",15,10
"786",15,12
"79206",10,15
"85701",15,15
"877455",12,15
"909930",10,15
"984175",15,4
"103690",14,6
"1085644",14,14
"1204525",14,12
"1233873",14,12
"1263",3,14
"1287640",14,6
"1316593",14,13
"1345117",11,14
"135727",14,12
"138853",14,8
"1415630",14,0
"1476901",14,3
"1609559",5,14
"1623285",8,14
"1643513",9,14
"171285",14,8
"1826170",14,13
"1903416",14,9
"1930546",12,14
"195248",5,14
"1980936",9,14
"1982086",4,14
"1982560",14,13
"1982881",14,12
"2014742",14,10
"2191",14,14
"2259",14,14
"2483367",3,14
"255474",14,13
"2560303",14,6
"2560485",14,12
"2560784",5,14
"2565531",14,7
"2588937",12,14
"2601646",14,10
"264691",14,7
"2656554",14,8
"2675795",14,3
"269258",14,13
"269259",8,14
"2726117",13,14
"2734140",14,1
"2742654",14,1
"2751179",13,14
"2756107",10,14
"2775245",12,14
"2799680",6,14
"2812759",14,11
"2839759",10,14
"2887345",14,13
"2916633",14,7
"2929488",14,9
"2942452",14,9
"2948731",14,3
"2953809",12,14
"2955392",13,14
"2956110",13,14
"2956344",8,14
"2967302",14,5
"2972784",14,12
"2985648",14,10
"3033930",14,4
"3034029",12,14
"3050267",11,14
"3056835",14,12
"3074204",14,5
"33989",13,14
"34095",14,6
"379547",10,14
"386487",14,9
"39664",11,14
"412965",14,11
"413888",12,14
"444612",11,14
"497724",10,14
"498846",14,12
"58050",14,7
"59754",14,8
"68288",14,6
"691963",6,14
"69896",14,9
"701257",14,2
"92402",8,14
"985052",14,13
"1179669",13,13
"1346829",13,13
"1457141",13,7
"1457153",13,8
"1498228",13,9
"1550241",13,6
"1572712",13,1
"157673",13,4
"1589748",8,13
"1623284",13,12
"1623290",13,1
"1636608",13,12
"164451",11,13
"1659192",13,10
"1798217",5,13
"1798222",4,13
"1843210",13,13
"1845000",13,7
"1921582",13,9
"1937005",13,11
"194195",13,8
"1982590",13,2
"2037915",13,13
"2111",7,13
"2162",11,13
"223919",12,13
"2283483",13,9
"2560588",13,6
"2560700",13,9
"2560783",5,13
"2571156",13,8
"2582914",12,13
"2601668",13,8
"2661583",13,8
"2675779",13,8
"2675784",13,6
"272774",13,12
"2733194",13,9
"2734240",13,13
"2734268",13,13
"2734282",13,3
"2735321",13,1
"2745561",7,13
"2749961",6,13
"2767893",13,9
"2770786",13,0
"2783539",8,13
"28109",6,13
"2843729",8,13
"2866211",13,9
"288793",13,1
"2894202",12,13
"2894593",13,8
"2942480",13,5
"2942894",13,2
"2943016",13,2
"2946813",6,13
"2948912",13,2
"29501",8,13
"29518",12,13
"2955349",13,7
"2955565",12,13
"2961985",0,13
"2979331",13,13
"2984142",13,5
"3033391",4,13
"3050295",9,13
"305976",9,13
"33045",13,12
"330922",13,8
"353852",6,13
"391036",13,9
"392332",13,8
"508451",13,10
"51367",9,13
"538220",13,7
"563177",4,13
"583357",13,9
"74968",10,13
"74969",13,12
"76860",13,6
"76887",8,13
"83555",7,13
"836",13,9
"951",13,9
"101534",5,12
"108150",7,12
"111844",10,12
"1136535",12,9
"114880",12,8
"114881",7,12
"1204537",5,12
"1340830",10,12
"152297",12,3
"1532350",12,10
"1609546",12,5
"1621534",12,3
"162289",12,9
"1636606",10,12
"1643949",6,12
"1676142",11,12
"1758179",9,12
"1774743",12,2
"187218",12,7
"1945658",12,10
"1963360",7,12
"1982151",7,12
"1982901",12,7
"1982902",12,1
"2060617",12,1
"2093834",11,12
"2129",12,2
"216427",12,11
"225143",3,12
"2276",12,8
"2283",10,12
"246273",8,12
"2560331",12,0
"2560489",7,12
"2560501",4,12
"2560502",12,11
"2661587",8,12
"2675777",12,7
"2716879",12,11
"2719987",12,9
"2725994",12,9
"2733141",3,12
"2734263",3,12
"2734276",8,12
"2742671",12,0
"2767195",12,0
"2770776",12,8
"2778053",12,11
"2778067",6,12
"279383",4,12
"2816910",12,0
"28321",12,10
"2846402",2,12
"2846436",12,7
"2859227",8,12
"2883998",11,12
"29292",12,10
"2940491",3,12
"2948917",12,11
"2948946",2,12
"2955327",7,12
"2955351",7,12
"2955888",12,7
"2956000",9,12
"2956390",12,4
"2956432",12,10
"2956707",12,8
"2983299",12,9
"2991499",10,12
"301585",12,9
"3019889",5,12
"3035452",12,9
"3047865",12,8
"33055",12,3
"345198",12,2
"365348",12,5
"39478",10,12
"47874",12,11
"50339",6,12
"54259",12,12
"550542",5,12
"621376",12,8
"644524",12,11
"781",12,10
"813",11,12
"83557",12,11
"860",12,4
"10242",11,5
"1091",7,11
"1101",7,11
"1195070",11,11
"1232667",11,10
"1432056",11,7
"1434046",11,8
"157339",11,11
"1586715",7,11
"161213",4,11
"1720344",11,5
"1755682",9,11
"1775403",11,6
"1806891",10,11
"1843490",7,11
"1848399",11,10
"1848766",9,11
"1855646",8,11
"1917441",11,1
"1921565",11,8
"1967783",7,11
"1980944",11,6
"1982903",8,11
"1985177",11,6
"201500",11,9
"2113",11,11
"2118",11,6
"2128",11,10
"213119",8,11
"213465",5,11
"2206",11,10
"246875",11,6
"2483794",4,11
"2497644",1,11
"2502431",7,11
"2563668",7,11
"2565304",10,11
"2594496",11,2
"2596974",3,11
"2598457",11,1
"2652803",11,6
"2663241",8,11
"2675781",11,4
"2733195",11,10
"2734222",11,2
"2734242",8,11
"2734249",11,8
"2734250",6,11
"2734251",11,7
"2770788",11,9
"2778916",9,11
"2845655",9,11
"2850493",11,3
"2910754",11,7
"2933293",11,10
"2939127",5,11
"2940489",4,11
"2948773",4,11
"2948847",11,9
"2948963",9,11
"2955353",11,8
"2955491",11,1
"2955577",8,11
"2955737",4,11
"2955912",5,11
"2956015",6,11
"2956318",4,11
"2956533",8,11
"2956578",9,11
"2956713",10,11
"2992843",9,11
"3037457",11,0
"3050137",6,11
"3050244",4,11
"3050245",11,9
"3050292",11,4
"305899",11,9
"342949",11,9
"405041",11,11
"43659",11,4
"447897",9,11
"458197",10,11
"515256",6,11
"558016",7,11
"56146",11,7
"650377",11,2
"653940",4,11
"657323",7,11
"65959",11,7
"664662",11,2
"669357",3,11
"69655",11,3
"69656",10,11
"807",6,11
"846",9,11
"88916",11,9
"933",11,8
"1034114",2,10
"1089121",10,7
"112040",8,10
"135858",6,10
"1365176",10,10
"150340",10,5
"1503929",10,4
"1522127",5,10
"153135",10,0
"1542963",10,6
"1583100",9,10
"1623292",9,10
"1655500",8,10
"1840303",10,10
"188711",3,10
"1917158",10,9
"1918012",10,1
"1921189",0,10
"197614",10,5
"1983579",10,0
"2006671",10,3
"2024974",1,10
"2033844",10,7
"213121",10,8
"2169636",6,10
"2169652",3,10
"2215",10,8
"2249302",10,7
"225588",10,4
"2419",8,10
"2419948",10,4
"242527",2,10
"2490853",10,4
"2545800",9,10
"2560487",10,7
"2590021",10,7
"2704035",10,3
"2732587",10,8
"2734274",10,10
"2734279",10,4
"2734291",10,8
"2740427",7,10
"2745558",10,6
"2746072",10,5
"2766982",10,3
"2767887",10,9
"2772433",10,6
"2776868",10,9
"2792978",10,8
"2802577",10,4
"2811482",6,10
"2813165",9,10
"2822847",10,7
"283699",8,10
"2844665",10,4
"2886822",9,10
"2894335",10,8
"2894356",1,10
"2944252",8,10
"2948710",8,10
"2948775",10,2
"2948776",4,10
"2954095",10,1
"2955317",4,10
"2955338",10,4
"2955346",10,10
"2955378",6,10
"2955568",10,9
"2955572",7,10
"2955576",10,9
"2955709",4,10
"2956429",10,7
"2956575",9,10
"2956580",2,10
"2956682",8,10
"2956702",10,7
"2984146",9,10
"2991940",10,7
"299568",10,5
"299583",10,8
"3034648",10,10
"3050249",9,10
"3050259",9,10
"3050333",5,10
"319426",10,7
"324078",6,10
"370623",8,10
"373408",10,0
"399320",9,10
"408956",10,10
"543886",7,10
"56193",6,10
"570156",7,10
"671211",10,10
"712310",10,3
"795748",10,10
"84023",10,6
"93973",10,8
"979982",9,10
"1109711",5,9
"1113728",9,7
"1129771",3,9
"116598",9,3
"1343",5,9
"1570339",9,3
"1706372",9,4
"1720343",9,8
"1737405",9,5
"1778601",9,1
"1798216",4,9
"1840297",9,6
"1858563",9,6
"1920749",4,9
"1922327",5,9
"1982557",6,9
"1982879",5,9
"203491",7,9
"2049890",6,9
"2058133",9,9
"2060094",9,4
"2060307",4,9
"207244",9,7
"2081051",9,5
"2083300",1,9
"2097",9,4
"2163016",4,9
"2175",9,9
"2265",9,8
"2419610",9,6
"2490635",9,8
"2518322",7,9
"2528203",3,9
"255248",9,4
"2560220",9,8
"2560359",5,9
"2560847",9,4
"2591226",9,7
"2656546",9,5
"2681469",9,8
"2686014",9,9
"2699396",3,9
"2733115",9,8
"2733355",0,9
"2734217",6,9
"2734220",9,5
"2734230",5,9
"2734245",9,7
"2734247",9,6
"2734581",4,9
"2743910",9,8
"2785123",8,9
"2794574",9,1
"2806008",6,9
"2832317",8,9
"2843749",1,9
"2849865",9,5
"2867247",6,9
"2892396",7,9
"2913506",9,3
"2923352",9,1
"292486",7,9
"2926099",2,9
"292833",9,7
"2948726",7,9
"2953978",3,9
"2955229",0,9
"2955328",7,9
"2955341",6,9
"2955391",7,9
"2955413",6,9
"2955564",8,9
"2955754",6,9
"2955942",5,9
"2956025",9,9
"2956029",5,9
"2956030",4,9
"2956113",3,9
"2956235",9,7
"2956319",5,9
"2956396",9,6
"2956437",9,3
"2981578",2,9
"3019934",8,9
"3038367",9,7
"3047352",5,9
"3047804",9,2
"3048238",8,9
"3048291",9,1
"3050254",9,7
"364103",9,8
"381899",9,7
"399726",9,8
"40222",9,4
"447467",6,9
"46354",7,9
"478807",9,2
"498741",9,1
"510690",9,3
"529881",8,9
"59277",8,9
"630749",9,5
"680287",9,2
"712150",8,9
"78526",9,2
"83560",6,9
"86840",9,6
"90426",4,9
"929833",9,0
"931100",8,9
"1006005",7,8
"10257",7,8
"10497",8,3
"1100043",7,8
"1109713",6,8
"1156431",8,7
"116759",8,2
"1183377",6,8
"1305738",8,8
"1348611",8,4
"1390131",2,8
"1394",5,8
"1414737",3,8
"1434042",8,5
"145262",8,8
"1463809",3,8
"1474867",7,8
"1514074",8,2
"1548417",5,8
"1565532",8,4
"1656823",8,3
"1660074",6,8
"1740",6,8
"174708",7,8
"1759399",4,8
"1819736",5,8
"1843491",8,3
"1854574",8,3
"1864623",8,3
"186805",8,3
"1890422",3,8
"1914568",8,6
"1920305",8,3
"1921017",8,6
"1922243",8,0
"1929477",7,8
"1937004",5,8
"1940555",1,8
"196117",4,8
"1967782",8,8
"1982091",3,8
"1982357",7,8
"1982897",8,6
"1983117",5,8
"1983736",8,7
"2005060",8,7
"2035399",6,8
"2049886",8,2
"2049935",8,3
"2053669",5,8
"2070759",8,5
"212",8,7
"2124",8,8
"213421",6,8
"2146",8,7
"2169812",8,8
"2170239",8,6
"219745",8,7
"2203895",7,8
"2261",8,8
"2282148",8,2
"2510522",8,4
"2560261",8,6
"2560286",1,8
"2560406",8,3
"2560514",8,3
"2560592",1,8
"2563669",8,4
"2578113",8,0
"2588512",5,8
"2591217",8,8
"2594456",4,8
"2594494",8,2
"2599866",8,7
"2599870",6,8
"2656530",1,8
"2660638",3,8
"267",5,8
"2675778",8,4
"2682456",4,8
"2686378",4,8
"2731207",8,6
"273135",3,8
"2734280",5,8
"2734284",8,2
"2746232",8,8
"2758906",8,8
"2778060",8,8
"2785518",8,2
"279006",8,2
"2790985",6,8
"2800128",8,5
"2816911",8,0
"28250",8,8
"2832315",8,8
"2834276",7,8
"2842458",8,8
"2843722",8,7
"2843726",3,8
"2845590",5,8
"2846050",3,8
"2847108",8,1
"2859633",8,4
"2866384",7,8
"2879149",6,8
"2910589",4,8
"2930131",8,0
"2936912",8,5
"2944951",4,8
"2948939",6,8
"2955318",3,8
"29554",8,7
"2955428",8,7
"2955502",8,1
"2955573",8,5
"2955592",1,8
"2955894",8,1
"2956033",8,8
"2956055",4,8
"2956114",8,5
"2956185",5,8
"2956236",8,6
"2956311",3,8
"2956398",8,4
"2956443",6,8
"2956466",8,2
"2956581",1,8
"29574",8,1
"2989727",5,8
"2993937",8,7
"3047786",5,8
"32069",2,8
"33042",6,8
"33991",8,7
"33992",8,8
"34064",8,4
"347215",8,1
"357441",8,8
"35789",8,8
"400060",8,7
"401469",7,8
"402236",6,8
"417127",7,8
"526525",8,4
"582419",8,8
"62099",8,4
"64897",6,8
"657445",8,3
"728003",7,8
"747763",8,8
"83554",8,5
"85011",8,5
"861914",8,5
"929509",3,8
"94138",8,3
"950",8,4
"10492",1,7
"106578",5,7
"1081",3,7
"1109712",3,7
"1128151",7,4
"1131316",7,6
"114185",7,4
"1147158",7,0
"1179664",3,7
"1184396",3,7
"1193503",7,2
"1195073",3,7
"1217416",7,3
"1240483",5,7
"1329899",4,7
"141",7,3
"141391",5,7
"1433513",7,4
"1434099",7,5
"1449781",7,7
"1458492",5,7
"1524882",7,5
"1527536",0,7
"1539298",2,7
"1545702",7,4
"1579506",7,5
"158898",6,7
"1647471",5,7
"1660076",6,7
"1675029",6,7
"1720323",7,6
"172049",7,7
"1758196",6,7
"181082",7,3
"1813595",7,5
"1838072",7,6
"1840283",7,4
"1857890",7,0
"186328",4,7
"186807",7,7
"1887657",3,7
"1902136",7,4
"191291",7,6
"1918722",4,7
"1934254",0,7
"1945657",7,7
"196118",7,3
"1962299",7,0
"1982102",5,7
"1982570",3,7
"1982891",6,7
"1983118",1,7
"1983750",4,7
"1984784",5,7
"2005520",6,7
"207921",2,7
"2079570",1,7
"2105",7,7
"2169699",0,7
"2171499",3,7
"225842",5,7
"227979",7,6
"229545",7,5
"2341050",7,4
"234831",5,7
"2419609",7,3
"246861",7,6
"2479393",6,7
"2485839",3,7
"2494525",7,7
"251542",7,3
"2560065",7,3
"2560495",7,3
"2560500",1,7
"2560506",7,6
"2560608",3,7
"2560628",7,2
"2563664",7,7
"2565781",7,4
"2571252",7,5
"2594458",2,7
"2598453",4,7
"261963",7,1
"267890",7,4
"2704034",3,7
"2724322",7,2
"2725619",4,7
"2732368",7,3
"2733092",7,0
"2733154",7,6
"2733208",4,7
"2733220",7,7
"2733939",7,2
"2734243",7,2
"2734281",5,7
"2745895",2,7
"2748316",7,7
"2755405",7,2
"2765402",5,7
"279280",5,7
"2799564",6,7
"2807095",7,0
"2809036",3,7
"2842796",4,7
"2843355",5,7
"2843385",4,7
"2843389",5,7
"2843725",7,3
"2846398",7,0
"2863583",5,7
"2881426",5,7
"2885983",1,7
"28874",7,4
"2894293",7,2
"291183",7,3
"2920384",1,7
"2920934",7,0
"2927284",6,7
"2946160",7,5
"2946819",4,7
"2948855",6,7
"2954012",0,7
"2955324",7,6
"2955339",7,4
"2955352",4,7
"2955753",7,7
"2955755",2,7
"2955775",0,7
"2955862",7,4
"2955877",4,7
"2955960",5,7
"2955963",3,7
"2956132",7,0
"2956146",1,7
"2956315",6,7
"2956385",5,7
"2956577",5,7
"2956641",7,3
"2963127",7,3
"3026968",7,7
"3031799",2,7
"3047366",3,7
"3050299",7,4
"3051419",7,2
"3052209",6,7
"351745",5,7
"373213",2,7
"385025",7,3
"393065",7,3
"47251",7,4
"477967",5,7
"62088",4,7
"638660",1,7
"683292",4,7
"783",3,7
"85108",3,7
"909929",0,7
"939",4,7
"10",5,6
"10258",6,6
"10288",6,3
"10358",6,6
"1056831",4,6
"10663",6,4
"109232",6,5
"1109716",3,6
"111955",6,6
"1146875",6,4
"1164882",6,3
"1198980",5,6
"120577",6,6
"1211641",4,6
"1211642",6,4
"1235689",6,4
"1299429",4,6
"1329402",6,4
"1329969",2,6
"135742",5,6
"1381133",2,6
"142",5,6
"1435347",4,6
"1450761",4,6
"151528",6,2
"1518149",6,5
"1545835",6,2
"1569353",3,6
"159183",6,5
"160",6,5
"1623283",6,1
"1623301",1,6
"1636182",6,2
"1636618",6,3
"1643512",6,5
"1701845",0,6
"1703972",6,6
"1712675",3,6
"171632",5,6
"1718166",6,1
"1737406",6,4
"175304",2,6
"179237",3,6
"1837130",6,4
"1849031",6,3
"186828",6,4
"1883371",6,1
"1892254",6,4
"1913686",1,6
"1914020",0,6
"1918009",6,2
"1923",4,6
"1980923",4,6
"1982076",4,6
"1982567",6,2
"1982571",5,6
"1982746",6,5
"1982747",4,6
"1982751",6,0
"1982755",3,6
"1982889",4,6
"1983106",2,6
"1983107",2,6
"1984780",0,6
"1985325",6,0
"1985736",4,6
"1993867",6,3
"1993872",6,4
"2003504",2,6
"204456",6,2
"2169611",6,3
"2169613",6,2
"2171498",6,5
"2201427",5,6
"2231056",6,0
"230666",6,5
"2419957",5,6
"2499023",0,6
"2517899",6,3
"2560388",2,6
"2560407",6,4
"2560589",1,6
"2560688",2,6
"2560782",3,6
"2563662",2,6
"2571246",6,3
"2582419",3,6
"2591215",6,4
"2599847",6,3
"2601695",6,3
"2606912",4,6
"2609251",6,6
"2652881",1,6
"2652883",2,6
"2656550",6,6
"2665175",6,0
"267888",4,6
"2681470",5,6
"2719231",6,5
"2733153",6,3
"2733958",1,6
"2734089",6,1
"2734102",5,6
"2734225",6,2
"2734238",2,6
"2734252",4,6
"2734254",2,6
"2734272",3,6
"2734273",6,3
"2734278",3,6
"2735",5,6
"2742630",6,4
"2745562",3,6
"2748871",6,2
"2749994",4,6
"2752475",2,6
"2767353",6,5
"2782229",6,6
"2792859",2,6
"2794998",6,4
"2796140",6,2
"2810196",2,6
"2839744",6,4
"2843723",6,5
"2843774",0,6
"2843783",6,0
"2843841",6,3
"2843897",2,6
"2844661",3,6
"2844866",2,6
"2845589",6,6
"2845591",6,5
"2848886",6,4
"2856180",1,6
"2869553",6,2
"2885974",6,4
"2894790",6,3
"2930315",6,0
"2955343",6,5
"2955345",3,6
"2955390",2,6
"2955861",4,6
"2955956",1,6
"2956056",6,6
"2956059",5,6
"2956080",0,6
"2956087",0,6
"2956095",3,6
"2956109",6,3
"2956120",6,3
"2956191",3,6
"2956200",4,6
"2956309",3,6
"2956325",5,6
"2956441",4,6
"2956474",4,6
"2956476",6,6
"2956537",5,6
"2956557",6,6
"2956635",4,6
"2956661",4,6
"2956665",0,6
"2956666",1,6
"2962679",1,6
"2976237",5,6
"304399",6,2
"3047383",6,4
"3050258",2,6
"3050270",2,6
"3050282",6,5
"3050311",6,2
"3050383",6,6
"3071082",6,5
"3074101",3,6
"307461",4,6
"31899",6,3
"327511",1,6
"332157",6,6
"353851",4,6
"35788",0,6
"36855",6,1
"374422",6,5
"37665",4,6
"44449",4,6
"552509",2,6
"552525",6,0
"558314",6,6
"570266",2,6
"59310",2,6
"648691",6,2
"648800",6,1
"663275",3,6
"68298",6,3
"69657",6,1
"82986",4,6
"83191",5,6
"849864",1,6
"904",6,2
"92713",6,5
"984991",6,2
"999883",2,6
"10491",5,2
"10509",1,5
"10704",5,4
"1131315",5,3
"114627",3,5
"1146873",5,1
"1161927",4,5
"1183411",5,3
"1194088",5,5
"120576",5,5
"1211644",5,4
"1234606",5,2
"1234680",5,3
"130308",5,1
"1333713",5,1
"137779",3,5
"1408194",5,5
"1420727",2,5
"1434102",1,5
"143495",2,5
"149715",5,1
"155493",5,1
"1564681",5,5
"1586714",2,5
"1623278",5,3
"1638161",5,4
"1647470",1,5
"1686313",5,3
"1779134",5,3
"1798221",2,5
"1839799",2,5
"1840267",5,1
"1859492",5,2
"186820",5,0
"1869285",0,5
"1871054",1,5
"189779",5,3
"1898474",5,1
"1919083",0,5
"1920107",0,5
"1921018",5,1
"1932881",3,5
"1963270",5,2
"1982095",5,5
"1982108",5,1
"1982368",2,5
"1982377",0,5
"1982745",5,5
"1983581",5,2
"1983735",5,4
"1993631",5,2
"2015370",0,5
"2024979",4,5
"2057791",5,3
"205872",5,5
"2066491",5,1
"2126929",5,3
"2147",4,5
"2161821",5,2
"2170091",5,2
"2171497",1,5
"2182397",5,0
"2218618",5,5
"223785",5,3
"224027",5,3
"2267",4,5
"2382163",5,4
"238800",4,5
"2419967",5,2
"2420",2,5
"2483609",5,1
"251749",5,3
"2518495",3,5
"2529843",5,5
"2560300",1,5
"2560360",5,2
"2560400",5,1
"2560499",5,1
"2560625",1,5
"2560849",4,5
"2571250",4,5
"257758",3,5
"2578110",3,5
"2588487",5,2
"2594453",2,5
"2603260",5,0
"2652405",5,1
"265522",0,5
"2663020",5,0
"2675707",5,2
"2675780",4,5
"2675788",5,2
"2686228",5,5
"2692624",5,3
"2698683",5,0
"2709390",5,1
"271881",5,4
"2723402",5,3
"2732530",5,2
"2733171",5,4
"2733196",5,4
"2733219",5,2
"2733596",5,4
"2733959",2,5
"2734214",1,5
"2734221",5,2
"2759705",5,2
"2762398",2,5
"2766781",0,5
"2776851",2,5
"2776867",1,5
"2777957",5,1
"2782213",4,5
"2795389",3,5
"28045",5,5
"2818469",5,2
"2832319",3,5
"2841656",5,2
"2843366",5,4
"2843421",5,2
"2843450",4,5
"2843734",5,2
"2843778",1,5
"2843896",0,5
"2845108",5,0
"2845592",1,5
"2845594",2,5
"2846047",1,5
"2846393",3,5
"2851575",5,3
"2857501",2,5
"2866192",5,3
"2871538",2,5
"288",5,2
"2883075",5,4
"2883107",2,5
"2886031",3,5
"2894788",5,3
"2899077",5,4
"2910755",5,4
"2910954",3,5
"2927281",2,5
"2929157",3,5
"2931039",2,5
"2933796",2,5
"293389",4,5
"2939131",2,5
"2946834",4,5
"2948926",1,5
"2953991",5,1
"2954023",0,5
"2954100",5,0
"2955309",5,3
"2955325",3,5
"2955350",4,5
"2955377",5,4
"2955406",3,5
"2955513",5,5
"2955514",1,5
"2955539",0,5
"2955574",5,3
"2955575",5,3
"2955723",4,5
"2955845",2,5
"2955893",5,5
"2956032",3,5
"2956042",5,5
"2956057",3,5
"2956094",3,5
"2956102",1,5
"2956112",3,5
"2956119",5,5
"2956196",2,5
"2956210",3,5
"2956238",5,4
"2956310",5,3
"2956326",5,4
"2956543",5,2
"2956638",1,5
"2956679",0,5
"2964608",5,0
"2992243",5,4
"3020826",4,5
"3040676",2,5
"3040677",5,2
"3047354",5,1
"3047758",5,1
"3047794",5,4
"3047866",4,5
"3048336",1,5
"3048436",5,2
"3050272",4,5
"3050281",5,2
"3050316",0,5
"3050319",5,3
"3050344",1,5
"3050347",5,1
"3051417",5,1
"3051617",5,2
"3052000",2,5
"33040",5,4
"35791",5,2
"35792",5,5
"362534",5,3
"373540",5,3
"376418",4,5
"39444",4,5
"39647",5,2
"417280",2,5
"42862",2,5
"451514",5,1
"459532",5,2
"46254",5,3
"53435",5,1
"540068",2,5
"543314",2,5
"595605",5,1
"701045",4,5
"722418",5,3
"72273",4,5
"745774",5,4
"775",5,1
"776",0,5
"80849",5,3
"936902",2,5
"96942",5,0
"10243",4,2
"10260",0,4
"10276",4,2
"10454",4,3
"1089135",3,4
"1100891",2,4
"1187849",4,3
"1193712",2,4
"1198137",4,1
"119858",4,0
"120682",2,4
"125593",4,3
"1267277",0,4
"134375",2,4
"1354510",4,2
"136241",4,3
"1390119",0,4
"1390132",4,4
"1415145",1,4
"1434103",1,4
"1458846",3,4
"1463811",0,4
"1465751",3,4
"1471398",4,1
"1506716",2,4
"1508644",4,2
"152267",3,4
"1538",4,4
"1586713",2,4
"1610509",0,4
"1623305",4,2
"1647472",1,4
"1647473",4,0
"1674146",4,4
"1675598",4,0
"1675689",3,4
"176652",4,4
"1805958",4,2
"181083",2,4
"1815969",0,4
"1815972",2,4
"1821559",3,4
"1840239",4,3
"1883379",4,2
"190063",3,4
"1904",4,3
"1918727",4,0
"1921016",4,0
"1922368",0,4
"1922798",0,4
"1945582",3,4
"1955558",2,4
"195950",4,0
"1980925",4,2
"1980949",1,4
"1982098",4,4
"1982148",2,4
"1982237",3,4
"1982363",4,0
"1982562",3,4
"1982882",3,4
"1982883",4,3
"1982888",4,2
"1983116",4,2
"1983119",2,4
"1983751",4,3
"2017966",4,1
"2024265",2,4
"202462",4,1
"2045011",4,0
"2058320",0,4
"2058328",4,2
"2077147",4,1
"2083214",4,4
"2108123",4,4
"211464",3,4
"2169651",4,3
"2170173",1,4
"2170174",0,4
"2171500",4,1
"218111",3,4
"221065",1,4
"2217825",4,0
"2259792",1,4
"2268087",4,4
"2303507",4,1
"2336",4,3
"2337",4,3
"2375",4,2
"2419963",4,2
"2425",4,1
"2560086",3,4
"2560269",4,2
"2560298",2,4
"2560488",4,3
"2560591",2,4
"2560596",4,0
"2560719",3,4
"2560831",1,4
"2560834",0,4
"2589790",4,4
"2591189",4,2
"2652879",4,3
"2675774",4,4
"2686364",4,3
"268748",4,0
"2708110",1,4
"272136",0,4
"2733215",3,4
"2733941",3,4
"2733954",4,3
"2734127",4,1
"2734213",4,3
"2734228",2,4
"2734241",3,4
"2734255",4,3
"2734258",3,4
"2734333",0,4
"2734571",4,3
"2749432",4,2
"2762410",0,4
"2762559",4,2
"2762721",0,4
"2767194",4,0
"2767581",4,0
"2767889",1,4
"2771472",3,4
"2772432",4,4
"2776839",2,4
"2781608",3,4
"2783674",4,1
"2811503",4,1
"2813673",0,4
"2819099",1,4
"2819619",4,4
"2829393",1,4
"2834348",4,1
"2836048",2,4
"2842588",4,0
"2843351",1,4
"2843362",3,4
"2843412",1,4
"2843466",0,4
"2843625",3,4
"2843724",4,2
"2843952",4,0
"2844071",3,4
"2844309",3,4
"2844675",2,4
"2845400",4,0
"2845587",4,0
"2845588",1,4
"2846038",4,3
"2846044",3,4
"2846046",2,4
"2846071",4,3
"2846395",4,1
"2846407",4,0
"2848881",1,4
"2851015",3,4
"2859655",2,4
"2866193",1,4
"2866198",0,4
"2869552",3,4
"288021",3,4
"2886375",4,3
"2895509",3,4
"2939492",4,3
"294702",0,4
"2948807",4,3
"2948808",3,4
"2948866",3,4
"2948873",3,4
"2954008",1,4
"2954031",4,1
"2954057",1,4
"2955239",1,4
"2955424",4,1
"2955429",0,4
"2955496",2,4
"2955538",4,1
"2955545",4,0
"2955571",0,4
"2955710",2,4
"2955719",4,0
"2955735",2,4
"2955878",4,3
"2955887",3,4
"2955913",4,0
"2955979",4,4
"2956052",1,4
"2956082",2,4
"2956116",2,4
"2956126",4,4
"2956133",4,1
"2956261",4,2
"2956314",4,2
"2956357",1,4
"2956377",2,4
"2956401",4,3
"2956440",4,2
"2956475",2,4
"2956536",0,4
"2956655",4,3
"2956662",4,4
"2956706",1,4
"2969250",4,2
"2969597",1,4
"2975529",1,4
"2983842",4,3
"2985323",2,4
"3015951",1,4
"3035369",4,2
"3038077",4,3
"3040674",1,4
"3045841",4,0
"3047737",4,3
"3047768",0,4
"3047868",4,3
"3048172",4,2
"3050262",2,4
"3050297",0,4
"3050313",4,4
"3050321",2,4
"3050340",1,4
"3050345",4,1
"3051618",2,4
"3051996",4,2
"3052213",4,0
"3052691",1,4
"3059992",3,4
"310769",4,2
"31984",3,4
"338644",3,4
"35762",4,4
"367806",2,4
"373405",1,4
"44822",3,4
"511678",2,4
"545123",2,4
"549779",4,1
"558017",3,4
"561996",1,4
"566270",4,4
"56811",3,4
"627445",4,4
"650003",4,4
"65123",4,2
"66229",4,4
"67082",4,3
"671126",4,1
"68242",2,4
"722417",0,4
"754053",4,0
"756280",1,4
"75905",3,4
"768738",4,0
"77038",4,0
"84025",4,1
"880161",1,4
"893",4,2
"90243",4,3
"90322",0,4
"909297",4,3
"96495",4,1
"97195",2,4
"10256",3,0
"10261",1,3
"1026955",3,1
"1034103",0,3
"1034152",3,3
"10375",3,3
"1051143",0,3
"105850",1,3
"10742",0,3
"1076255",3,2
"108015",2,3
"10814",3,1
"1109717",1,3
"1116375",2,3
"1119533",1,3
"1160795",3,1
"1165908",3,2
"1188",3,0
"1193515",3,2
"1195075",0,3
"1211282",3,1
"122866",0,3
"1233460",2,3
"1279082",1,3
"1283076",0,3
"1301280",3,1
"130310",3,0
"130369",3,3
"1327036",3,2
"1340827",0,3
"1390116",2,3
"1450746",3,2
"145263",2,3
"1560514",3,0
"158684",3,0
"160796",2,3
"1623282",2,3
"1636617",3,3
"1643948",1,3
"164450",3,1
"1647283",3,3
"167957",3,2
"1706375",3,2
"1715860",0,3
"1720526",3,3
"1775140",3,2
"1777491",0,3
"177758",2,3
"180170",2,3
"1805459",3,2
"1857843",0,3
"1857845",2,3
"186171",2,3
"1864622",0,3
"188350",1,3
"1887643",1,3
"1890450",3,0
"190065",0,3
"1910931",1,3
"1910991",1,3
"1913653",3,0
"1914195",1,3
"1914850",0,3
"1915209",3,0
"1917232",2,3
"1918721",2,3
"1921117",3,0
"1921186",3,0
"1921530",3,0
"1921548",3,0
"1922536",3,2
"1923541",0,3
"1923626",0,3
"1923760",0,3
"1930557",0,3
"1940319",2,3
"1980937",3,2
"1981049",3,2
"1982088",0,3
"1982097",0,3
"1982101",0,3
"1982107",2,3
"1982152",1,3
"1982219",3,1
"1982236",2,3
"1982238",3,0
"1982239",3,1
"1982355",3,3
"1982369",0,3
"1982375",1,3
"1982554",0,3
"1982892",2,3
"1983108",3,0
"1983120",0,3
"1983742",3,1
"1985179",3,3
"1985181",2,3
"1986540",2,3
"1993630",2,3
"1993859",3,3
"1993863",3,2
"1993865",2,3
"2005525",0,3
"2025876",0,3
"2033437",3,2
"203492",3,2
"2039723",3,3
"204619",1,3
"205875",1,3
"2059867",1,3
"2079134",3,3
"2079257",2,3
"208215",3,0
"2134",3,2
"2159",3,2
"2169657",3,1
"2169689",3,1
"2169731",1,3
"2169882",0,3
"2169922",3,0
"2169963",3,3
"2170099",1,3
"224467",3,2
"2272",3,3
"2283289",1,3
"231992",3,2
"2321115",3,0
"232237",0,3
"2419952",3,1
"2419968",3,1
"244310",3,0
"2483673",1,3
"2490633",3,2
"2509785",3,3
"2509787",3,2
"2560094",1,3
"2560124",2,3
"2560305",2,3
"2560387",1,3
"2560475",3,0
"2560486",1,3
"2560590",3,3
"2560593",3,1
"2560611",3,0
"2560669",3,1
"2560671",3,2
"2560679",1,3
"2560689",1,3
"2560787",1,3
"2565509",3,0
"2575328",3,0
"2591117",3,0
"2591118",3,1
"2594460",3,1
"2597167",3,2
"2601574",3,2
"2603820",3,3
"262968",2,3
"2653271",3,1
"2654281",3,1
"2663019",1,3
"2663232",1,3
"267893",2,3
"2681861",3,1
"2686235",3,1
"2704413",3,3
"2713260",3,3
"2731208",0,3
"2732017",3,1
"2733109",3,2
"2733124",3,1
"2733152",3,3
"2733192",3,1
"2733200",3,1
"2733201",0,3
"2733329",3,1
"2733330",3,0
"2733331",3,3
"2733364",0,3
"2733589",2,3
"2733591",1,3
"2733946",3,3
"2733978",0,3
"2734079",3,0
"2734126",2,3
"2734134",1,3
"2734143",3,1
"2734189",1,3
"2734219",3,2
"2734226",3,2
"2734231",0,3
"2734237",1,3
"2734246",1,3
"2734253",3,1
"2734283",3,0
"2734575",2,3
"2734583",3,0
"2736273",1,3
"2739681",3,0
"2739834",1,3
"2742670",3,2
"2750648",3,2
"2759662",0,3
"2761123",2,3
"2767196",2,3
"2770092",0,3
"2772023",0,3
"2776856",3,1
"2785910",3,1
"2801834",3,0
"2821409",1,3
"28228",3,1
"2835951",3,3
"2836041",3,3
"2837485",1,3
"2841300",0,3
"2842328",0,3
"2842934",0,3
"2843352",1,3
"2843383",0,3
"2843403",0,3
"2843721",3,0
"2844018",0,3
"2844085",3,0
"2844119",3,0
"2844669",0,3
"2844670",3,1
"2844676",1,3
"2845090",0,3
"2845092",3,1
"2845506",3,0
"2845593",3,1
"2845651",3,3
"2846043",1,3
"2846049",0,3
"2846064",2,3
"2846399",3,0
"2846435",3,1
"2846672",3,0
"2846739",3,1
"2848887",1,3
"2853534",0,3
"2859072",1,3
"2859634",3,1
"2866191",3,2
"2869569",3,1
"2883236",3,2
"2885152",1,3
"2894367",0,3
"2894786",3,2
"2894789",3,0
"2897335",2,3
"2898581",1,3
"2909581",3,3
"2912629",3,0
"2917160",3,0
"2926475",3,3
"2948647",3,3
"2948705",3,2
"2948771",1,3
"2948877",3,1
"2948935",1,3
"2954019",1,3
"2954053",3,0
"2955342",3,3
"2955374",2,3
"2955403",2,3
"2955404",3,1
"2955423",3,0
"2955515",3,3
"2955583",3,3
"2955700",3,1
"2955701",3,0
"2955739",1,3
"2955762",0,3
"2955764",2,3
"2955842",0,3
"2955880",3,2
"2955882",2,3
"2955884",1,3
"2955900",0,3
"2955915",0,3
"2955962",3,1
"2955969",0,3
"2955983",0,3
"2955994",2,3
"2956048",3,0
"2956085",3,2
"2956090",3,1
"2956121",2,3
"2956134",0,3
"2956136",0,3
"2956195",2,3
"2956206",3,0
"2956223",3,2
"2956240",3,0
"2956255",0,3
"2956256",3,2
"2956316",3,1
"2956341",3,3
"2956356",3,0
"2956358",2,3
"2956366",3,2
"2956382",3,2
"2956426",1,3
"2956433",3,2
"2956442",3,1
"2956464",3,3
"2956465",0,3
"2956477",1,3
"2956531",3,1
"2956532",2,3
"2956535",3,2
"2956639",3,2
"2956689",3,2
"2956698",3,2
"2956711",3,3
"2956712",1,3
"2975532",0,3
"2975533",3,1
"2982871",3,3
"2983213",1,3
"2991700",0,3
"2995234",3,0
"3003729",0,3
"3018276",3,3
"3018589",3,2
"3020908",3,0
"3029088",3,0
"3039168",3,2
"3047695",1,3
"3047749",0,3
"3047750",3,2
"3047752",3,1
"3047777",0,3
"3047815",3,0
"3048149",3,2
"3048150",3,0
"3048181",1,3
"3048240",1,3
"3048260",0,3
"3048270",3,3
"3048365",3,2
"3050269",1,3
"3050301",3,3
"3050314",2,3
"3050315",2,3
"312278",3,0
"319017",2,3
"31977",1,3
"32014",3,3
"320841",3,0
"335797",2,3
"345201",3,0
"358023",3,3
"373407",0,3
"373996",3,1
"38012",3,2
"38804",3,2
"39420",0,3
"400947",3,1
"409316",3,2
"430531",0,3
"431894",2,3
"43687",3,1
"444163",3,3
"446807",2,3
"44746",3,1
"47589",3,2
"478174",2,3
"47901",2,3
"49118",3,2
"499235",3,2
"546184",3,0
"55510",3,3
"573569",3,3
"573591",3,3
"59817",3,1
"61",3,3
"646",3,1
"682314",3,2
"691966",0,3
"712624",3,1
"745410",2,3
"75687",3,1
"801",3,1
"830",1,3
"866790",3,1
"868",3,2
"88773",1,3
"984186",0,3
"998086",1,3
"1003177",0,2
"1006972",2,0
"100901",0,2
"10264",1,2
"10266",0,2
"10286",1,2
"1034135",0,2
"10442",2,0
"10484",2,1
"10486",2,2
"10493",1,2
"10506",0,2
"10683",1,2
"1072672",0,2
"1074306",1,2
"1087068",2,0
"1089111",2,1
"1089115",2,0
"1089132",1,2
"1110389",2,1
"1131462",2,1
"114380",0,2
"1146874",0,2
"1150991",2,0
"1157947",2,2
"1177763",0,2
"1179815",0,2
"1183239",2,1
"119164",2,0
"1196056",2,2
"1198140",2,2
"1198451",2,1
"12194",0,2
"1225862",0,2
"123",0,2
"1258",0,2
"126738",2,2
"126740",0,2
"1285589",2,0
"128827",0,2
"129954",2,1
"130370",0,2
"1308863",1,2
"1327772",2,2
"1328881",1,2
"1340709",1,2
"1345662",2,0
"1373",2,0
"1383059",2,2
"1414742",1,2
"1430884",2,1
"1437364",2,1
"1458841",2,2
"1458861",0,2
"1481186",2,0
"1487956",1,2
"1490057",2,1
"1513458",2,2
"1526048",1,2
"1527535",0,2
"1555235",0,2
"1573458",2,0
"1574141",2,0
"1582879",2,1
"1592576",2,1
"1603038",1,2
"1623289",2,1
"1636271",2,0
"1643950",2,2
"1649",2,0
"1658781",0,2
"1661257",2,0
"1663208",2,1
"1691958",2,0
"1701853",2,2
"1703964",2,0
"1703970",2,1
"1703971",2,1
"1714268",2,0
"1775248",1,2
"1777061",2,1
"1780507",2,0
"1785753",0,2
"1805956",2,0
"1806636",0,2
"1838081",2,2
"1840315",1,2
"1853231",0,2
"1857844",2,0
"1857889",2,2
"186827",0,2
"188141",2,0
"1890426",0,2
"1892252",2,1
"189330",1,2
"1903266",2,1
"1906673",0,2
"1910935",2,1
"1910992",0,2
"1913650",2,1
"1914852",2,0
"1918522",2,1
"1918540",1,2
"1920750",2,0
"1920752",0,2
"1920761",0,2
"1920774",2,0
"1921002",0,2
"1921185",2,0
"1921526",2,2
"1921544",1,2
"1922452",0,2
"1922539",0,2
"1922560",0,2
"1922632",2,0
"1922636",0,2
"1922697",0,2
"1924733",0,2
"1926881",2,1
"1936988",2,1
"1941347",2,0
"1954380",2,0
"1963254",0,2
"1970189",2,0
"1970800",0,2
"1977299",2,0
"1980926",2,2
"1980928",2,1
"1980950",2,1
"198110",0,2
"1982078",2,0
"1982080",2,0
"1982083",0,2
"1982085",2,1
"1982096",1,2
"1982106",2,1
"1982112",0,2
"1982240",0,2
"1982251",2,2
"1982365",1,2
"1982373",2,1
"1982558",2,2
"1982750",0,2
"1982886",0,2
"1982890",2,1
"1982893",2,1
"1982894",2,2
"1982904",0,2
"1982926",0,2
"1983738",2,0
"1984783",2,2
"1984787",0,2
"1985176",1,2
"1985328",0,2
"1985729",0,2
"1985733",2,2
"1986018",1,2
"1986021",0,2
"1993861",0,2
"1993886",2,0
"2005509",2,0
"2006133",0,2
"2006135",0,2
"2006137",2,0
"2006139",0,2
"2006145",0,2
"2015871",2,0
"2016468",0,2
"2024263",1,2
"2024312",2,0
"2029293",2,2
"2042206",2,0
"2044610",2,0
"2049885",0,2
"2052899",0,2
"2058097",2,2
"205870",2,2
"2059380",1,2
"2094720",2,2
"2158",2,2
"2163605",1,2
"2169532",2,0
"2169536",2,1
"2169686",2,1
"2169730",2,2
"2169799",2,0
"2169811",0,2
"2169870",0,2
"2169871",2,0
"2169872",2,1
"2169965",2,0
"2169990",1,2
"2170002",0,2
"2170042",2,1
"2182",1,2
"2182400",0,2
"2201441",0,2
"2212850",1,2
"2232",2,0
"2250414",1,2
"2250469",2,0
"2260",0,2
"2267655",1,2
"2282409",2,1
"2307",0,2
"2314",1,2
"2316",1,2
"2338395",0,2
"2419667",2,0
"2419964",0,2
"2423",1,2
"242710",2,1
"2494563",2,0
"2500542",0,2
"2501947",0,2
"2507290",0,2
"2509666",2,0
"2510494",0,2
"2530392",0,2
"255527",1,2
"2560096",0,2
"2560111",0,2
"2560122",2,1
"2560132",2,0
"2560145",0,2
"2560154",1,2
"2560158",2,2
"2560160",2,2
"2560267",2,0
"2560297",2,1
"2560306",0,2
"2560356",2,1
"2560395",2,0
"2560490",2,0
"2560491",2,2
"2560493",2,1
"2560498",2,0
"2560505",2,2
"2560511",2,2
"2560512",2,0
"2560530",0,2
"2560545",2,2
"2560594",2,2
"2560619",1,2
"2560658",0,2
"2560677",2,0
"2560683",2,1
"2560686",2,2
"2560703",2,0
"2560725",1,2
"2560802",0,2
"2560833",2,1
"2563667",2,0
"2565560",2,2
"2571247",0,2
"2576376",1,2
"2576406",2,2
"2576760",2,0
"2582830",2,2
"2583530",0,2
"2583631",0,2
"2588133",1,2
"2591209",2,2
"2591213",1,2
"2591214",2,1
"2593335",2,1
"2596745",0,2
"2597325",2,1
"2601632",2,1
"2606911",2,1
"2607407",2,2
"2614160",2,1
"2653275",0,2
"2656538",1,2
"2675059",2,0
"2681265",1,2
"2686312",1,2
"2692113",1,2
"2713258",0,2
"2713267",1,2
"272636",2,0
"2731621",2,1
"2732683",2,2
"2732686",1,2
"2732691",1,2
"2732765",0,2
"2732969",0,2
"2733088",2,1
"2733095",2,1
"2733139",2,2
"2733178",2,2
"2733207",2,2
"2733216",2,1
"2733221",0,2
"2733295",2,0
"2733333",0,2
"2733334",1,2
"2733350",1,2
"2733376",2,0
"2733593",1,2
"2733594",2,0
"2733599",2,0
"2733656",0,2
"2733895",2,0
"2733898",2,0
"2733919",1,2
"2733927",1,2
"2733938",0,2
"2733952",1,2
"2733956",1,2
"2733989",2,0
"2734068",0,2
"2734080",2,0
"2734081",2,0
"2734083",2,1
"2734084",2,2
"2734096",0,2
"2734104",2,2
"2734111",0,2
"2734114",0,2
"2734115",2,0
"2734116",1,2
"2734121",1,2
"2734135",0,2
"2734138",2,0
"2734141",2,1
"2734158",2,1
"2734160",2,1
"2734187",2,1
"2734200",0,2
"2734205",0,2
"2734206",2,0
"2734223",1,2
"2734244",2,1
"2734256",2,2
"2734287",2,2
"2734289",1,2
"2734484",0,2
"2734489",1,2
"2734576",0,2
"2740298",0,2
"2743404",2,2
"2747320",2,2
"2762412",2,1
"2767553",2,0
"2767565",2,0
"2767577",2,2
"2767878",2,2
"2770089",1,2
"2770772",2,2
"2771471",2,1
"2776857",2,1
"2776861",1,2
"2776866",2,1
"2777363",0,2
"2782653",2,1
"2783669",0,2
"2785531",2,2
"2785913",2,1
"2789210",1,2
"2790996",1,2
"279530",0,2
"2797313",0,2
"2813777",2,0
"2815206",2,0
"2822114",2,2
"2822848",0,2
"282786",0,2
"2836009",2,0
"2836011",0,2
"2836044",0,2
"2836105",0,2
"2842888",0,2
"2843069",0,2
"2843109",2,1
"2843346",1,2
"2843400",2,0
"2843478",0,2
"2843624",2,0
"2843629",2,1
"2843645",1,2
"2843753",2,1
"2843882",2,2
"2843947",2,0
"2844016",2,1
"2844017",0,2
"2844165",0,2
"2844383",2,2
"2844663",0,2
"2844667",2,0
"2844671",2,0
"2844672",0,2
"2844677",1,2
"2844678",1,2
"2844849",2,0
"2845075",2,0
"2845079",2,0
"2845104",2,0
"2845126",2,1
"2845188",2,2
"2845657",2,0
"2845658",2,1
"2845757",0,2
"2845758",0,2
"2845837",2,0
"2845873",2,0
"2845939",0,2
"2845954",2,0
"2845969",2,2
"2845970",2,0
"2846061",2,2
"2846073",2,1
"2846084",2,0
"2846096",0,2
"2846103",0,2
"2846120",2,0
"2846179",1,2
"2846182",0,2
"2846232",2,2
"2846394",1,2
"2846400",0,2
"2846401",0,2
"2846404",0,2
"2846405",0,2
"2846576",0,2
"285013",0,2
"2859476",2,1
"2859653",0,2
"2859656",0,2
"2861800",2,0
"2863847",0,2
"2865672",1,2
"2866195",2,2
"2869543",1,2
"2869544",2,1
"2869545",1,2
"2879113",0,2
"2894587",1,2
"2894794",0,2
"2902422",0,2
"2912654",2,1
"2913600",2,1
"2914443",2,2
"2923088",2,0
"2924888",0,2
"2930259",2,2
"2932867",1,2
"2937792",2,1
"2943013",0,2
"2945588",2,2
"2945589",0,2
"294631",1,2
"2948712",2,1
"2948823",2,1
"2948833",2,2
"2948878",1,2
"2948931",2,0
"2950075",2,0
"2951617",0,2
"2953988",2,2
"2953997",2,0
"2954005",1,2
"2954021",2,0
"2954056",2,1
"2954064",2,2
"2954065",2,0
"2954068",2,0
"2954098",2,0
"2955326",2,2
"2955335",0,2
"2955337",2,1
"2955348",0,2
"2955358",0,2
"2955375",2,2
"2955383",0,2
"2955394",2,0
"2955397",0,2
"2955431",2,1
"2955536",0,2
"2955579",2,2
"2955593",2,0
"2955598",2,0
"2955609",1,2
"2955611",1,2
"2955634",1,2
"2955647",1,2
"2955685",2,0
"2955718",1,2
"2955724",0,2
"2955738",0,2
"2955750",2,1
"2955860",0,2
"2955891",0,2
"2955914",0,2
"2955918",0,2
"2955920",0,2
"2955957",2,1
"2955958",1,2
"2955961",0,2
"2955964",2,1
"2955966",1,2
"2955972",2,1
"2956031",2,1
"2956043",2,1
"2956044",1,2
"2956046",1,2
"2956066",0,2
"2956071",1,2
"2956078",1,2
"2956083",1,2
"2956084",2,1
"2956117",0,2
"2956118",2,2
"2956175",2,0
"2956192",1,2
"2956262",2,0
"2956263",2,1
"2956362",1,2
"2956364",1,2
"2956367",2,0
"2956387",2,0
"2956414",0,2
"2956491",2,1
"2956530",0,2
"2956534",2,1
"2956563",0,2
"2956567",1,2
"2956570",1,2
"2956571",2,1
"2956583",2,0
"2956636",2,0
"2956656",2,2
"2956658",2,2
"2956663",2,1
"2956664",2,2
"2956692",0,2
"2973661",0,2
"2975050",2,0
"2976354",0,2
"2981351",2,2
"2986524",0,2
"2986822",2,1
"2992719",0,2
"3020829",2,1
"3025755",1,2
"3039167",2,0
"3047355",2,1
"3047751",2,0
"3047753",2,2
"3047754",2,2
"3047759",0,2
"3047764",2,0
"3047787",2,0
"3047795",2,0
"3047801",2,2
"3047824",2,1
"3047853",2,0
"3048163",2,2
"3048195",2,1
"3048221",0,2
"3048226",2,0
"3048237",1,2
"3048272",2,0
"3048275",2,1
"3048330",1,2
"3048333",2,1
"3048354",2,0
"3048401",2,0
"3048455",2,1
"3050136",2,2
"3050247",1,2
"3050257",2,0
"3050286",1,2
"3050300",0,2
"3050302",0,2
"3050309",2,1
"3050310",2,0
"3050326",2,2
"3050337",2,2
"3050349",1,2
"3050360",2,2
"3051418",2,1
"3051421",1,2
"3051616",2,1
"3052206",1,2
"3052207",1,2
"3052222",2,0
"3052348",2,1
"3052370",2,0
"3052398",2,0
"3052418",2,0
"3052442",0,2
"3052462",2,0
"3052548",1,2
"3052605",2,1
"3052640",0,2
"3052819",2,1
"3058433",2,0
"3060030",2,1
"3060827",2,1
"3067276",0,2
"3073865",2,1
"3073964",1,2
"3074086",2,1
"3074130",1,2
"307466",1,2
"308912",1,2
"315953",2,1
"320840",0,2
"331278",2,0
"332471",0,2
"336486",0,2
"341029",2,0
"342409",2,2
"345195",1,2
"345199",1,2
"354585",0,2
"35790",2,0
"35793",2,1
"35829",0,2
"36363",1,2
"367488",2,1
"388452",0,2
"389480",2,1
"393598",1,2
"395331",2,1
"40053",2,0
"404583",2,1
"438482",2,1
"46021",0,2
"462590",1,2
"469812",2,0
"470314",1,2
"515417",2,2
"526476",2,0
"53988",2,1
"540067",2,0
"542343",2,0
"54258",2,2
"54297",2,0
"56635",2,2
"573174",0,2
"5763",2,0
"598467",2,0
"599",2,0
"642926",1,2
"663557",1,2
"670252",2,0
"67572",2,0
"706422",2,1
"70796",2,0
"71188",2,1
"73497",0,2
"73780",2,2
"762660",1,2
"77551",1,2
"80852",2,0
"83612",2,0
"861044",2,1
"882697",0,2
"89374",2,1
"90060",0,2
"907197",0,2
"929834",2,1
"99000",1,2
"994601",2,1
"1000373",1,1
"100379",0,1
"1005056",1,0
"100755",0,1
"100887",1,0
"10245",0,1
"10265",1,1
"10271",1,0
"10273",0,1
"1028381",0,1
"1028419",0,1
"103371",1,0
"1034107",0,1
"1034109",0,1
"1034111",1,0
"1034142",0,1
"1034150",0,1
"104388",1,1
"10494",0,1
"10501",1,0
"1054968",0,1
"10567",0,1
"10570",1,0
"1070990",1,1
"1074304",1,0
"1076630",0,1
"108098",1,1
"10831",0,1
"10860",0,1
"1089120",1,0
"1095076",0,1
"11029",1,0
"11036",1,0
"1105106",1,1
"1115696",1,0
"1123964",1,1
"112436",1,0
"1124849",1,0
"1133329",0,1
"113553",1,1
"1141134",1,1
"1141137",0,1
"1141221",1,0
"114378",1,0
"1146877",0,1
"1147042",1,0
"1147137",0,1
"115987",1,0
"1161906",0,1
"1170710",0,1
"1172191",1,0
"11723",0,1
"1173297",0,1
"1173754",1,1
"1175851",1,0
"1177752",1,0
"1177757",0,1
"1177759",1,1
"1177765",0,1
"11780",0,1
"1179155",1,1
"1183410",1,0
"1187973",1,0
"1190451",1,1
"1193420",1,0
"12042",1,0
"12161",0,1
"1218492",0,1
"1218507",1,0
"12216",0,1
"1227357",0,1
"1229186",0,1
"1229760",1,1
"1231903",0,1
"1233488",1,0
"1234144",0,1
"12348",1,0
"1245890",0,1
"12480",0,1
"1266458",1,0
"1273739",1,0
"1273748",1,1
"1276936",0,1
"1296340",1,1
"129875",1,0
"129950",1,0
"129951",0,1
"129955",0,1
"129956",0,1
"1300004",1,0
"1302410",0,1
"130309",1,0
"130371",0,1
"1305708",1,0
"1327037",1,0
"1327774",1,0
"1327776",0,1
"1329816",0,1
"1329823",1,0
"1335053",1,0
"1348394",1,0
"1348911",0,1
"1351702",1,0
"1353795",1,1
"1354512",1,1
"1354514",0,1
"13642",0,1
"137",1,1
"137758",1,0
"1391455",0,1
"1408133",0,1
"1414739",0,1
"1429904",1,1
"1430411",1,1
"143919",1,0
"1443109",0,1
"1445858",1,0
"1446792",1,0
"1449778",1,0
"145261",1,0
"1454026",1,0
"1454066",1,0
"1458714",0,1
"1458726",1,1
"1458860",1,0
"1460363",1,0
"1462681",0,1
"1462747",0,1
"1464786",0,1
"1468169",1,0
"1468409",1,1
"147712",1,0
"148603",1,1
"1486469",1,0
"148880",1,0
"148943",1,1
"1490052",1,0
"1495316",0,1
"1498204",1,0
"1500713",1,1
"1501348",1,1
"1506553",0,1
"1511892",0,1
"1513188",0,1
"1513250",0,1
"1513262",0,1
"1516075",0,1
"1519097",0,1
"1522671",0,1
"1523522",1,0
"1527513",1,1
"1527770",0,1
"1530251",0,1
"1538804",1,1
"1541743",1,0
"1541823",1,0
"1544364",1,0
"1555201",0,1
"1557",1,0
"1557034",1,0
"1564182",1,0
"1567011",1,0
"1567466",1,1
"1567473",1,1
"1567487",0,1
"1577788",0,1
"157897",1,0
"1581151",0,1
"1586712",1,1
"1592103",0,1
"161675",0,1
"1623293",1,1
"1629656",1,0
"1636270",0,1
"1638165",1,0
"1644057",1,0
"1647308",1,0
"1647458",1,0
"1649459",1,0
"1652133",1,0
"1653174",1,1
"1653839",1,1
"1654780",0,1
"1655651",0,1
"1671382",1,0
"167474",0,1
"1675553",0,1
"1678144",1,0
"1679172",1,0
"1685740",1,0
"1698417",0,1
"170",1,0
"1701405",0,1
"1701850",0,1
"1703965",1,0
"1703967",1,1
"1703968",0,1
"1716041",0,1
"1718171",0,1
"1718278",1,1
"1732176",1,0
"1735466",1,0
"1746061",0,1
"1746062",1,0
"1747287",1,0
"1747384",1,0
"1755689",1,0
"1774276",1,0
"1776177",1,0
"1777072",0,1
"1785960",1,1
"1785995",1,1
"1803956",1,0
"1805951",1,0
"1813599",1,1
"1815581",0,1
"1815608",1,1
"1821563",0,1
"1822365",1,0
"1837217",1,0
"183754",0,1
"1840323",1,1
"1840528",0,1
"1852564",0,1
"1853230",1,0
"185782",0,1
"1862978",0,1
"186806",1,0
"1868621",0,1
"187217",0,1
"1873891",0,1
"1873895",0,1
"1873998",1,0
"1882382",1,0
"1883377",1,1
"1884460",1,0
"1887645",0,1
"1890464",1,1
"1891721",1,0
"1891741",1,0
"1891749",1,0
"1891770",0,1
"1895333",1,1
"1896336",1,0
"1898060",1,0
"190062",1,0
"1909732",1,0
"1910993",0,1
"1911006",0,1
"1911009",0,1
"1911605",1,0
"1911685",1,0
"1912760",1,0
"1913024",0,1
"1913651",1,1
"1913652",1,0
"1913655",1,1
"1913995",1,0
"1914019",0,1
"1914165",0,1
"1914853",1,0
"1914856",1,0
"1914895",0,1
"1914897",0,1
"1914899",0,1
"1915205",1,0
"1918192",0,1
"1918194",0,1
"1918525",0,1
"1918720",1,0
"1918723",0,1
"1920751",0,1
"1920756",0,1
"1920762",1,0
"1920779",0,1
"1920780",0,1
"1920860",0,1
"1920998",1,0
"1921000",1,0
"1921123",1,0
"1921407",0,1
"1921531",1,0
"1921699",1,1
"1921704",0,1
"1921705",0,1
"192203",0,1
"1922213",0,1
"1922528",0,1
"1922532",1,0
"1922564",1,0
"1922570",0,1
"1922588",1,0
"1922609",1,0
"1922619",1,0
"1922666",0,1
"1922714",1,0
"1922726",1,0
"1922743",1,1
"1922745",0,1
"1922805",1,0
"1922893",0,1
"1922952",1,0
"1922998",1,0
"1923081",0,1
"1923138",0,1
"1923150",1,0
"1923194",1,0
"1923201",1,0
"1923236",0,1
"1923248",0,1
"1923282",0,1
"1923304",0,1
"1923367",0,1
"1923440",0,1
"1923444",1,0
"1923470",0,1
"1923486",0,1
"1923493",0,1
"1923495",1,0
"1923507",1,0
"1923678",1,0
"1923697",0,1
"1923703",1,0
"1923727",1,0
"1923742",1,0
"1923743",0,1
"1923744",0,1
"1923758",0,1
"1924729",0,1
"1924730",1,0
"1924732",1,0
"1925780",1,1
"1926968",1,0
"1928621",0,1
"1932713",1,0
"1932926",1,0
"1933903",0,1
"1933905",1,0
"1933910",1,0
"1933912",0,1
"1934253",1,1
"1935922",1,0
"1938820",1,1
"194440",0,1
"1945740",0,1
"1949196",0,1
"1955137",0,1
"1960710",0,1
"1962300",1,1
"1963026",1,1
"1965383",1,0
"1966265",1,1
"1967296",0,1
"1972684",1,0
"1972687",0,1
"1977392",1,0
"1977412",1,1
"1978546",1,0
"1980419",1,0
"1980942",1,1
"1980946",1,0
"1980947",1,1
"1980955",0,1
"1980960",0,1
"1981047",0,1
"1981048",0,1
"1982077",0,1
"1982079",1,0
"1982081",0,1
"1982082",0,1
"1982087",0,1
"1982090",0,1
"1982093",1,0
"1982100",1,0
"1982154",0,1
"1982225",1,0
"1982227",0,1
"1982229",0,1
"1982254",0,1
"1982256",0,1
"1982268",0,1
"1982275",0,1
"1982288",1,0
"1982295",0,1
"1982300",0,1
"1982306",1,0
"1982308",1,0
"1982360",0,1
"1982364",0,1
"1982367",0,1
"1982372",0,1
"1982374",1,1
"1982380",0,1
"1982559",1,0
"1982561",1,0
"1982563",1,0
"1982566",0,1
"1982569",0,1
"1982573",1,1
"1982583",0,1
"1982588",0,1
"1982595",1,0
"1982905",0,1
"1982916",1,0
"1982918",1,0
"1983109",0,1
"1983737",1,0
"1983741",1,0
"1984785",1,0
"1984796",1,1
"1984798",0,1
"1985290",0,1
"1985303",1,1
"1985305",0,1
"1985338",0,1
"1985341",0,1
"1985342",0,1
"1985688",1,0
"1985711",0,1
"1985720",1,1
"1985727",1,0
"1985731",1,1
"1985732",1,0
"1985734",0,1
"1985735",0,1
"1985737",0,1
"1986015",0,1
"1986019",1,0
"1986022",1,1
"1986350",0,1
"1986538",1,0
"1987017",1,0
"1987129",1,0
"1987130",0,1
"1987153",0,1
"1987403",0,1
"1987729",1,0
"1993871",1,0
"1993873",0,1
"1993879",1,1
"1993882",0,1
"1993885",1,0
"1993888",1,0
"1993907",0,1
"2003120",1,0
"2003502",1,1
"2003672",1,0
"2003673",0,1
"2004415",0,1
"2005519",0,1
"2006134",1,0
"2006138",1,0
"2006172",1,0
"2006173",1,0
"2006175",1,1
"2006179",0,1
"2006668",1,0
"200667",0,1
"2007196",1,1
"2011078",0,1
"2011080",1,0
"2015361",1,0
"2015376",0,1
"2016457",1,0
"2016461",0,1
"2022656",1,0
"2024279",1,0
"2024724",1,0
"2025360",1,1
"2025492",1,1
"2031166",1,0
"2034156",0,1
"2034343",1,1
"204050",1,0
"2040656",0,1
"2052657",1,1
"2054179",0,1
"2055263",1,0
"2058322",1,0
"205868",0,1
"205876",0,1
"205879",0,1
"205908",1,0
"205910",0,1
"2065797",1,0
"2069327",1,0
"2072411",0,1
"2077299",0,1
"2079397",1,0
"2083182",0,1
"2083444",0,1
"2083445",0,1
"2093224",0,1
"2094023",1,0
"2100760",1,1
"2108552",1,0
"2126928",1,1
"2169534",0,1
"2169621",1,0
"2169653",1,1
"2169663",1,0
"2169688",0,1
"2169700",1,1
"2169704",1,0
"2169705",0,1
"2169706",1,0
"2169707",1,1
"2169862",1,0
"2169864",1,1
"2169865",0,1
"2169868",0,1
"2169873",1,1
"2169883",1,1
"2169910",1,1
"2169927",1,0
"2170003",0,1
"2170007",0,1
"2170101",1,0
"2170126",1,0
"2170171",1,0
"2170172",1,0
"2170201",0,1
"2170215",0,1
"2170236",0,1
"2170253",1,0
"2183",0,1
"2184",0,1
"2184469",0,1
"2195",1,0
"2201426",0,1
"2202565",0,1
"2217830",1,0
"2219141",1,0
"2225",0,1
"2234092",1,1
"2248",0,1
"2250409",1,0
"225362",0,1
"2259883",0,1
"2268125",0,1
"2270",1,0
"227470",1,1
"2282206",0,1
"2284",1,0
"2292426",0,1
"2304480",0,1
"2304617",1,1
"2316740",1,0
"233067",0,1
"235201",1,0
"235266",1,0
"2364646",1,1
"2419945",0,1
"2419947",0,1
"2420301",1,0
"2448811",0,1
"2490816",1,0
"2492447",0,1
"2493108",1,0
"2499621",0,1
"2500559",0,1
"2501271",1,0
"2501923",1,0
"2501960",1,0
"2508226",1,0
"2508237",0,1
"2509152",0,1
"2509286",0,1
"2509395",1,0
"2509576",1,0
"2509664",1,0
"2509728",0,1
"2509729",0,1
"2509764",1,0
"2529121",1,0
"2530023",1,1
"2530391",1,0
"253629",1,1
"2547964",0,1
"2560134",1,1
"2560139",0,1
"2560147",0,1
"2560150",1,0
"2560161",0,1
"2560163",0,1
"2560266",1,1
"2560294",0,1
"2560296",1,0
"2560301",1,1
"2560302",1,0
"2560333",1,1
"2560336",1,1
"2560366",0,1
"2560383",0,1
"2560390",0,1
"2560405",0,1
"2560414",1,0
"2560429",0,1
"2560434",1,0
"2560435",1,1
"2560440",0,1
"2560443",1,0
"2560462",0,1
"2560463",1,1
"2560476",1,0
"2560479",0,1
"2560494",1,0
"2560503",1,1
"2560504",1,0
"2560507",1,1
"2560508",1,0
"2560539",1,0
"2560607",1,1
"2560615",1,0
"2560631",1,1
"2560655",1,1
"2560657",1,1
"2560665",1,0
"2560670",0,1
"2560682",1,0
"2560691",0,1
"2560705",1,0
"2560720",1,0
"2560721",1,1
"2560739",0,1
"2560751",1,0
"2560765",0,1
"2560789",0,1
"2560835",1,1
"2562181",0,1
"2562463",1,1
"2563670",0,1
"2565561",0,1
"2565596",1,0
"2572529",1,0
"2575355",0,1
"2576759",1,0
"2576762",1,0
"2576871",1,0
"2578114",1,1
"257816",0,1
"2583584",0,1
"2585772",1,0
"2587225",0,1
"2587860",0,1
"2588498",1,0
"2590932",0,1
"2591121",1,0
"2593930",0,1
"2596898",1,1
"260149",0,1
"2601652",1,0
"2603296",0,1
"2603316",1,0
"260373",1,1
"2604840",1,1
"2609058",1,0
"2613793",0,1
"263437",0,1
"2653660",0,1
"2654280",1,0
"2661921",1,1
"2664558",0,1
"2674975",0,1
"2675101",1,0
"2679995",1,1
"2686098",1,1
"2686208",0,1
"2686311",1,0
"2686313",1,1
"2690380",1,0
"2698923",1,1
"2711179",1,0
"2713224",0,1
"2713269",0,1
"2713312",0,1
"2713320",0,1
"2718942",0,1
"2718943",1,0
"2725417",0,1
"2730357",0,1
"2730849",1,0
"2730914",0,1
"2731623",1,0
"2731643",0,1
"2731928",1,0
"2731932",1,1
"2731942",1,0
"2732021",0,1
"2732027",1,0
"2732031",0,1
"2732068",1,0
"2732592",0,1
"2732601",1,0
"2732684",1,0
"2732689",0,1
"2732693",1,0
"2732775",0,1
"2732910",1,0
"2732912",1,0
"2732929",0,1
"2732932",0,1
"2732963",0,1
"2733099",0,1
"2733102",0,1
"2733128",1,0
"2733156",1,0
"2733160",1,0
"2733197",0,1
"2733297",1,0
"2733315",0,1
"2733325",0,1
"2733336",0,1
"2733351",1,0
"2733353",0,1
"2733354",0,1
"2733365",1,1
"2733368",1,0
"2733370",0,1
"2733580",1,0
"2733590",1,1
"2733592",1,1
"2733595",1,1
"2733597",0,1
"2733598",0,1
"2733603",1,0
"2733604",0,1
"2733605",1,0
"2733614",0,1
"2733619",1,1
"2733621",1,0
"2733623",1,0
"2733624",1,1
"2733629",0,1
"2733636",1,0
"2733644",1,0
"2733648",0,1
"2733655",1,0
"2733662",1,1
"2733664",0,1
"2733684",1,0
"2733870",0,1
"2733876",0,1
"2733879",0,1
"2733882",0,1
"2733883",0,1
"2733887",0,1
"2733888",1,0
"2733890",1,0
"2733893",1,0
"2733896",0,1
"2733899",1,0
"2733918",1,0
"2733920",1,0
"2733926",1,1
"2733929",0,1
"2733934",0,1
"2733942",0,1
"2733947",0,1
"2733948",0,1
"2733951",0,1
"2733960",0,1
"2733963",1,0
"2733965",1,0
"2733966",0,1
"2733967",0,1
"2733971",0,1
"2733975",1,0
"2733986",1,0
"2733987",0,1
"2733996",1,0
"2733997",1,0
"2733999",1,0
"2734000",1,0
"2734015",1,0
"2734020",1,0
"2734025",1,0
"2734036",0,1
"2734045",1,1
"2734048",0,1
"2734049",1,0
"2734052",1,0
"2734053",1,1
"2734074",0,1
"2734078",1,0
"2734086",1,0
"2734088",1,0
"2734095",1,0
"2734103",1,0
"2734108",1,1
"2734113",1,0
"2734120",0,1
"2734128",0,1
"2734131",1,0
"2734142",1,0
"2734145",1,1
"2734146",1,0
"2734147",1,0
"2734149",0,1
"2734151",1,1
"2734153",0,1
"2734159",1,1
"2734188",0,1
"2734190",1,1
"2734191",1,1
"2734198",1,0
"2734199",1,0
"2734202",1,1
"2734203",1,1
"2734210",0,1
"2734216",0,1
"2734224",1,1
"2734227",1,1
"2734235",0,1
"2734248",0,1
"2734259",0,1
"2734260",1,1
"2734261",0,1
"2734262",0,1
"2734277",0,1
"2734288",1,1
"2734290",1,0
"2734349",1,0
"2734350",1,0
"2734351",1,0
"2734369",1,0
"2734374",1,0
"2734400",0,1
"2734564",0,1
"2734566",1,0
"2734568",0,1
"2734570",0,1
"2734574",1,0
"2734584",1,0
"2734592",1,0
"2736192",1,0
"2736271",0,1
"2738980",1,0
"2740297",1,0
"2742112",0,1
"2742643",0,1
"2742669",0,1
"2742717",1,0
"2743999",1,1
"2745893",1,0
"2747321",1,0
"2747493",1,0
"2750853",1,0
"2755560",1,0
"2759392",1,1
"2759395",1,0
"2762280",1,1
"2762286",1,1
"2762328",0,1
"2762389",0,1
"2763068",0,1
"2763529",1,1
"2763531",0,1
"2767888",1,0
"2767890",1,1
"2767892",0,1
"2776813",1,0
"2776864",1,0
"277944",1,0
"2782652",0,1
"2785295",0,1
"2787014",0,1
"2790983",0,1
"2790987",0,1
"2791001",0,1
"2791015",0,1
"2791982",0,1
"279538",0,1
"2795745",0,1
"2797303",1,0
"2798729",1,0
"2799672",1,0
"2799681",0,1
"2801524",0,1
"2803971",0,1
"28070",1,0
"280701",1,0
"2807625",1,0
"281",1,1
"2812864",1,0
"2813545",1,0
"2816909",1,1
"2819103",1,0
"2819104",1,0
"2819997",0,1
"2820395",0,1
"282263",1,0
"2822864",1,0
"2823683",1,0
"2827437",1,0
"2829835",1,0
"2829836",1,0
"2831519",1,0
"2831969",0,1
"2836365",1,0
"28369",0,1
"2838015",1,0
"2838395",1,0
"2840018",1,1
"2841278",1,0
"2841279",1,1
"2841282",1,1
"2841299",1,0
"2841302",1,1
"2841303",0,1
"2842329",0,1
"2842586",1,0
"2842609",0,1
"2842616",0,1
"2842653",1,1
"2842816",0,1
"2842828",0,1
"2842976",1,0
"2842979",1,0
"2843096",1,0
"2843347",1,0
"2843381",1,0
"2843386",1,0
"2843399",0,1
"2843401",1,1
"2843418",0,1
"2843422",1,0
"2843444",1,0
"2843447",0,1
"2843467",1,0
"2843617",1,0
"2843622",0,1
"2843628",0,1
"2843634",1,0
"2843639",0,1
"2843640",0,1
"2843641",0,1
"2843649",1,0
"2843651",1,1
"2843652",1,0
"2843656",0,1
"2843659",1,0
"2843674",1,0
"2843680",1,0
"2843681",1,1
"2843682",1,0
"2843690",0,1
"2843698",0,1
"2843727",0,1
"2843728",1,1
"2843752",1,1
"2843760",1,0
"2843763",1,0
"2843775",1,0
"2843871",1,0
"2843874",1,0
"2843907",0,1
"2843934",1,0
"2843938",1,0
"2843992",1,0
"2843996",0,1
"2844005",0,1
"2844019",1,0
"2844031",0,1
"2844032",0,1
"2844067",1,0
"2844093",0,1
"2844109",1,0
"2844120",0,1
"2844121",1,0
"2844139",1,0
"2844163",1,0
"2844175",0,1
"2844193",1,0
"2844194",1,0
"2844203",0,1
"2844233",1,0
"2844255",0,1
"2844271",1,1
"2844300",1,0
"2844307",0,1
"2844407",1,0
"2844501",0,1
"2844575",1,0
"2844658",1,1
"2844659",1,0
"2844660",0,1
"2844662",0,1
"2844664",0,1
"2844673",0,1
"2844704",0,1
"2844726",0,1
"2844816",1,1
"2844839",1,0
"2844843",0,1
"2844859",1,0
"2844862",0,1
"2844981",0,1
"2845000",0,1
"2845027",1,0
"2845034",1,0
"2845080",0,1
"2845106",1,0
"2845109",1,1
"2845111",0,1
"2845127",1,1
"2845136",0,1
"2845137",1,1
"2845138",0,1
"2845143",1,0
"2845158",1,0
"2845159",1,0
"2845160",1,0
"2845174",1,0
"2845179",0,1
"2845399",1,0
"2845406",1,0
"2845421",1,0
"2845437",0,1
"2845438",1,0
"2845462",1,0
"2845481",0,1
"2845501",0,1
"2845520",1,0
"2845523",0,1
"2845524",1,0
"2845579",0,1
"2845595",1,1
"2845597",0,1
"2845598",0,1
"2845620",0,1
"2845625",0,1
"2845649",1,1
"2845653",1,1
"2845654",0,1
"2845656",1,0
"2845660",1,0
"2845683",0,1
"2845688",0,1
"2845733",0,1
"2845734",0,1
"2845754",0,1
"2845785",1,0
"2845787",0,1
"2845940",1,1
"2845942",0,1
"2845949",1,1
"2845950",1,1
"2845967",1,0
"2845974",1,0
"2845981",0,1
"2846022",1,0
"2846041",0,1
"2846045",1,1
"2846048",1,0
"2846059",1,0
"2846074",0,1
"2846075",1,0
"2846089",1,1
"2846144",1,0
"2846183",1,0
"2846184",1,0
"2846185",1,0
"2846200",0,1
"2846201",0,1
"2846206",1,0
"2846390",0,1
"2846396",0,1
"2846403",1,0
"2846414",0,1
"2846415",0,1
"2846573",1,0
"2846601",0,1
"2846604",1,0
"2846620",0,1
"2846632",1,0
"2846643",0,1
"2846670",1,0
"2849666",1,0
"2849971",0,1
"2851068",0,1
"2851069",1,0
"2851979",1,0
"2851980",1,0
"2851981",1,1
"2855688",1,0
"2859488",0,1
"2859658",0,1
"2860269",1,0
"2860376",1,0
"2861002",0,1
"286130",1,1
"2863194",0,1
"2863195",1,0
"2865787",1,0
"2866196",1,0
"2866695",0,1
"2867473",1,0
"2867479",0,1
"2869547",0,1
"2869555",1,1
"2871520",1,0
"2873372",1,0
"2873460",1,0
"2874884",0,1
"2874885",1,0
"2874890",0,1
"2875710",1,0
"2878269",0,1
"2885975",1,0
"2886377",1,0
"2886401",1,0
"2886402",1,0
"2886823",1,0
"28884",0,1
"2888526",0,1
"2890836",1,0
"2894787",1,1
"2894793",1,0
"2898580",0,1
"2907493",1,0
"2908630",1,1
"2908744",1,1
"2912260",1,1
"2912631",1,0
"2917812",1,0
"2919921",1,0
"292029",0,1
"2920374",1,0
"292052",0,1
"2921792",0,1
"2926098",0,1
"2927243",1,0
"2927283",1,0
"2929007",1,0
"293386",1,0
"2935450",1,1
"2936914",0,1
"2936919",0,1
"2937284",0,1
"2939128",1,0
"2942991",1,0
"2942992",1,0
"2942994",1,1
"2943001",1,0
"2943019",1,0
"2945019",0,1
"2945916",1,0
"2946170",1,0
"2946820",1,1
"2946836",0,1
"2948639",0,1
"2948641",1,0
"2948652",1,0
"2948694",1,0
"2948755",1,0
"2948767",1,0
"2948791",1,0
"2948922",0,1
"2951104",0,1
"2951261",1,0
"2953971",1,1
"2953975",1,1
"2953976",0,1
"2953980",0,1
"2953984",0,1
"2953986",0,1
"2954004",1,1
"2954009",0,1
"2954014",1,1
"2954016",1,0
"2954018",1,0
"2954025",1,0
"2954030",0,1
"2954054",0,1
"2954061",1,0
"2954062",0,1
"2955228",1,0
"2955232",0,1
"2955235",1,1
"2955237",0,1
"2955272",1,0
"2955331",0,1
"2955332",1,1
"2955333",1,1
"2955336",1,1
"2955354",0,1
"2955363",1,1
"2955380",0,1
"2955382",1,0
"2955384",1,0
"2955386",0,1
"2955399",1,1
"2955405",1,1
"2955411",1,0
"2955412",0,1
"2955415",1,0
"2955425",0,1
"2955426",1,1
"2955427",0,1
"2955448",1,0
"2955457",1,0
"2955465",0,1
"2955477",1,0
"2955498",1,0
"2955501",0,1
"2955506",0,1
"2955512",0,1
"2955533",0,1
"2955537",0,1
"2955543",0,1
"2955544",0,1
"2955546",0,1
"2955559",1,1
"2955563",1,0
"2955570",0,1
"2955599",1,1
"2955600",0,1
"2955602",0,1
"2955603",1,1
"2955607",1,1
"2955610",1,0
"2955623",1,0
"2955625",0,1
"2955627",1,0
"2955635",0,1
"2955654",0,1
"2955664",0,1
"2955673",1,0
"2955674",1,0
"2955684",1,0
"2955687",1,1
"2955705",0,1
"2955706",0,1
"2955711",1,0
"2955712",1,0
"2955725",0,1
"2955727",0,1
"2955729",1,0
"2955740",0,1
"2955741",1,0
"2955752",0,1
"2955758",0,1
"2955761",1,0
"2955767",1,0
"2955859",0,1
"2955864",1,0
"2955874",1,0
"2955879",1,0
"2955883",0,1
"2955885",1,0
"2955890",1,0
"2955892",0,1
"2955895",1,0
"2955899",0,1
"2955903",0,1
"2955904",1,0
"2955905",1,0
"2955907",1,1
"2955922",1,1
"2955923",0,1
"2955924",0,1
"2955928",0,1
"2955947",1,0
"2955950",1,0
"2955965",1,1
"2955968",1,1
"2955973",0,1
"2955975",1,0
"2955978",1,1
"2955982",1,0
"2955989",0,1
"2955995",0,1
"2955996",0,1
"2956005",0,1
"2956008",0,1
"2956010",0,1
"2956012",1,0
"2956045",1,0
"2956050",1,0
"2956051",1,1
"2956068",1,0
"2956069",0,1
"2956073",0,1
"2956074",0,1
"2956076",0,1
"2956077",0,1
"2956081",1,1
"2956088",1,1
"2956089",1,1
"2956091",0,1
"2956092",1,1
"2956108",1,0
"2956131",0,1
"2956138",1,0
"2956139",0,1
"2956143",0,1
"2956144",0,1
"2956147",1,0
"2956180",0,1
"2956190",1,0
"2956198",1,0
"2956205",0,1
"2956234",1,0
"2956241",0,1
"2956253",0,1
"2956257",1,0
"2956258",0,1
"2956264",0,1
"2956268",0,1
"2956330",1,0
"2956336",1,0
"2956340",0,1
"2956351",1,0
"2956354",1,1
"2956359",0,1
"2956365",0,1
"2956368",0,1
"2956392",1,1
"2956393",0,1
"2956395",1,0
"2956469",0,1
"2956513",1,0
"2956559",1,1
"2956561",1,0
"2956562",0,1
"2956565",1,0
"2956568",1,0
"2956572",1,0
"2956573",1,1
"2956625",0,1
"2956637",1,1
"2956640",1,0
"2956649",1,0
"2956650",0,1
"2956657",1,0
"2956659",1,0
"2956660",1,0
"2956667",1,1
"2956668",0,1
"2956669",1,0
"2956681",1,1
"2956686",0,1
"2956687",0,1
"2956691",1,0
"2956695",1,1
"2956696",1,1
"2956697",1,1
"2956700",1,1
"2956704",0,1
"2956710",1,0
"2956829",1,0
"2963128",1,1
"2964607",0,1
"2967299",1,0
"2967300",1,0
"2968921",0,1
"2969106",0,1
"2978125",0,1
"2979871",0,1
"2983216",1,0
"298333",0,1
"298334",0,1
"2985325",0,1
"2986514",0,1
"2989766",1,1
"2989768",1,1
"2989771",0,1
"2989772",1,1
"2993654",0,1
"3017834",0,1
"3035291",0,1
"3044455",1,1
"3047345",0,1
"3047348",1,0
"3047349",1,0
"3047353",0,1
"3047375",0,1
"3047391",1,0
"3047393",1,0
"3047697",0,1
"3047704",0,1
"3047710",0,1
"3047739",1,0
"3047763",0,1
"3047765",1,0
"3047776",1,0
"3047782",0,1
"3047797",0,1
"3047800",0,1
"3047808",1,0
"3047810",1,1
"3047825",1,0
"3047829",0,1
"3047831",1,1
"3047854",0,1
"3047855",1,0
"3047860",1,0
"3047946",0,1
"3047947",1,1
"3047948",1,0
"3048170",1,0
"3048192",1,1
"3048204",1,0
"3048218",1,0
"3048266",0,1
"3048268",1,0
"3048276",1,0
"3048303",0,1
"3048306",1,0
"3048335",1,1
"3048337",0,1
"3048338",1,1
"3048345",1,0
"3048348",0,1
"3048356",1,0
"3048363",1,1
"3048375",1,0
"3048377",1,0
"3048379",1,0
"3048411",1,0
"3048420",1,0
"3048422",0,1
"3048442",1,0
"3048446",0,1
"3048452",0,1
"3050133",1,0
"3050134",1,0
"3050135",0,1
"3050246",0,1
"3050253",0,1
"3050278",0,1
"3050279",1,1
"3050280",0,1
"3050284",0,1
"3050285",0,1
"3050288",1,1
"3050290",1,0
"3050312",0,1
"3050317",1,1
"3050327",1,0
"3050328",0,1
"3050332",1,1
"3050346",1,1
"3050356",1,1
"3050357",0,1
"3051117",1,0
"3051122",1,0
"3051615",0,1
"3051994",0,1
"3051998",1,0
"3052114",1,0
"3052116",0,1
"3052150",0,1
"3052152",1,0
"3052175",1,0
"3052177",0,1
"3052184",0,1
"3052187",1,0
"3052214",1,0
"3052223",1,0
"3052230",0,1
"3052238",0,1
"3052243",0,1
"3052245",0,1
"3052263",0,1
"3052324",0,1
"3052333",0,1
"3052338",1,0
"3052346",0,1
"3052354",1,0
"3052382",0,1
"3052400",0,1
"3052408",1,0
"3052409",1,0
"3052423",1,0
"3052432",1,0
"3052437",1,0
"3052443",0,1
"3052453",1,0
"3052456",0,1
"3052522",1,0
"3052536",1,0
"3052547",0,1
"3052573",1,0
"3052577",1,0
"3052581",1,0
"3052584",0,1
"3052610",0,1
"3052614",1,0
"3052616",0,1
"3052624",0,1
"3052638",1,0
"3052684",0,1
"3052734",1,0
"3052738",1,0
"3052770",0,1
"3052783",0,1
"3052804",0,1
"3052816",0,1
"3053610",0,1
"3059971",0,1
"3060014",0,1
"3060016",1,0
"3060048",0,1
"3060068",1,0
"3060545",0,1
"3060549",0,1
"3060627",1,0
"3074092",0,1
"3078438",1,1
"310539",0,1
"311226",1,0
"31535",1,0
"31559",0,1
"31757",0,1
"321961",1,0
"328615",1,0
"329381",1,1
"330398",1,0
"332097",0,1
"335963",1,0
"33724",0,1
"340071",1,1
"34084",1,1
"346883",0,1
"349681",0,1
"352248",1,0
"35345",0,1
"35779",0,1
"35794",0,1
"359407",1,1
"362693",0,1
"362830",0,1
"36344",1,0
"36427",1,0
"36772",0,1
"369960",0,1
"37105",0,1
"37127",1,0
"37206",1,0
"373068",0,1
"373126",0,1
"373212",1,0
"373398",1,0
"37554",0,1
"378212",1,0
"38312",0,1
"390443",0,1
"390844",1,0
"40050",0,1
"40051",1,0
"400567",1,0
"40059",1,0
"40631",1,1
"406340",1,1
"407392",1,1
"40834",0,1
"419435",0,1
"421012",0,1
"425386",1,0
"431893",0,1
"43240",1,0
"437329",0,1
"44088",0,1
"449719",0,1
"45237",0,1
"45654",1,1
"458639",1,0
"459770",0,1
"46448",0,1
"466051",1,0
"47985",1,0
"48221",0,1
"48257",1,0
"48543",1,0
"49982",0,1
"51637",1,0
"519014",1,0
"52604",1,0
"53182",0,1
"53434",1,0
"540065",1,1
"545908",0,1
"545932",1,1
"554131",0,1
"558415",1,0
"563123",1,0
"573172",1,1
"573173",1,0
"574549",0,1
"578305",1,0
"592146",0,1
"59241",0,1
"59509",1,1
"603333",0,1
"607716",0,1
"60879",1,0
"632112",0,1
"648998",0,1
"657339",1,0
"658401",0,1
"665097",0,1
"669041",1,0
"681518",0,1
"68295",1,1
"687351",1,0
"693998",0,1
"694014",0,1
"694581",0,1
"696859",0,1
"699370",0,1
"700512",0,1
"70203",0,1
"702738",0,1
"717848",0,1
"747457",1,0
"749413",1,0
"753084",1,1
"753085",0,1
"754045",1,0
"754056",0,1
"754058",1,1
"754064",0,1
"754067",0,1
"754069",0,1
"754070",1,1
"754075",0,1
"755272",0,1
"75746",0,1
"75888",0,1
"762906",1,0
"764348",1,0
"79264",0,1
"83617",0,1
"859651",0,1
"861045",1,0
"870484",0,1
"880162",1,1
"886980",1,0
"887059",1,0
"887702",1,0
"906669",0,1
"926474",0,1
"92706",1,1
"933845",1,1
"934027",1,1
"944644",1,0
"946046",1,0
"99179",1,0
"100217",0,0
"1002724",0,0
"1003836",0,0
"1003891",0,0
"1004049",0,0
"1008292",0,0
"100953",0,0
"101513",0,0
"1016852",0,0
"101764",0,0
"102234",0,0
"10240",0,0
"10244",0,0
"10255",0,0
"10270",0,0
"1027232",0,0
"1027244",0,0
"1027245",0,0
"1027247",0,0
"1027248",0,0
"1027468",0,0
"1027627",0,0
"1027869",0,0
"1027880",0,0
"1027947",0,0
"10282",0,0
"1028409",0,0
"1028414",0,0
"1028420",0,0
"10291",0,0
"1030595",0,0
"1031708",0,0
"1032457",0,0
"1032478",0,0
"1032892",0,0
"1032893",0,0
"1034067",0,0
"1034099",0,0
"1034100",0,0
"1034101",0,0
"1034108",0,0
"1034110",0,0
"1034112",0,0
"1034113",0,0
"1034133",0,0
"1034136",0,0
"1034137",0,0
"1034140",0,0
"1034145",0,0
"1034149",0,0
"1034377",0,0
"1034806",0,0
"1035662",0,0
"10365",0,0
"1036613",0,0
"1036614",0,0
"103723",0,0
"103782",0,0
"10379",0,0
"103807",0,0
"1038082",0,0
"103881",0,0
"10406",0,0
"104097",0,0
"1041406",0,0
"1041806",0,0
"1041831",0,0
"1041883",0,0
"1042122",0,0
"1042123",0,0
"104263",0,0
"1043184",0,0
"104389",0,0
"104392",0,0
"104393",0,0
"104580",0,0
"104581",0,0
"104637",0,0
"1046402",0,0
"1046571",0,0
"1046572",0,0
"1046573",0,0
"1046574",0,0
"104664",0,0
"10474",0,0
"10475",0,0
"1048434",0,0
"10508",0,0
"1050903",0,0
"1051138",0,0
"1051140",0,0
"1051631",0,0
"1051792",0,0
"10537",0,0
"1054649",0,0
"10552",0,0
"10561",0,0
"10564",0,0
"10565",0,0
"10566",0,0
"1056833",0,0
"10571",0,0
"10623",0,0
"10639",0,0
"10652",0,0
"10660",0,0
"10661",0,0
"10664",0,0
"10665",0,0
"10679",0,0
"10685",0,0
"10689",0,0
"1069378",0,0
"106966",0,0
"10707",0,0
"10708",0,0
"1071177",0,0
"1071502",0,0
"1072176",0,0
"10724",0,0
"1072517",0,0
"10726",0,0
"1073767",0,0
"1074044",0,0
"1074210",0,0
"1074213",0,0
"1074214",0,0
"1074325",0,0
"1074863",0,0
"1074864",0,0
"1074865",0,0
"10752",0,0
"10753",0,0
"10756",0,0
"10761",0,0
"1076136",0,0
"1076345",0,0
"1077832",0,0
"1077859",0,0
"10780",0,0
"107804",0,0
"10803",0,0
"1080349",0,0
"1080798",0,0
"1080799",0,0
"10811",0,0
"10812",0,0
"10815",0,0
"10817",0,0
"1081702",0,0
"10820",0,0
"10821",0,0
"10825",0,0
"10827",0,0
"10832",0,0
"10834",0,0
"10835",0,0
"10836",0,0
"10837",0,0
"10839",0,0
"10840",0,0
"10841",0,0
"10848",0,0
"10855",0,0
"10869",0,0
"1087070",0,0
"10879",0,0
"10882",0,0
"1088890",0,0
"1089110",0,0
"1089116",0,0
"1089118",0,0
"1089119",0,0
"1089128",0,0
"1089129",0,0
"1089138",0,0
"1089387",0,0
"1090133",0,0
"1091052",0,0
"1091556",0,0
"1092564",0,0
"109270",0,0
"1093100",0,0
"1093773",0,0
"1093901",0,0
"1093928",0,0
"1093958",0,0
"109663",0,0
"1096935",0,0
"1097752",0,0
"1097754",0,0
"10979",0,0
"10986",0,0
"10987",0,0
"10989",0,0
"1099",0,0
"10990",0,0
"10991",0,0
"10993",0,0
"11006",0,0
"11008",0,0
"110103",0,0
"11019",0,0
"11020",0,0
"11021",0,0
"11023",0,0
"11024",0,0
"11033",0,0
"11034",0,0
"11039",0,0
"110456",0,0
"1105171",0,0
"1105378",0,0
"1105379",0,0
"1105380",0,0
"1105381",0,0
"1105385",0,0
"1105386",0,0
"1108070",0,0
"1108810",0,0
"11095",0,0
"1110702",0,0
"11118",0,0
"1112008",0,0
"1112769",0,0
"1112770",0,0
"11137",0,0
"111418",0,0
"111470",0,0
"1114867",0,0
"1114980",0,0
"11155",0,0
"1115692",0,0
"111970",0,0
"112023",0,0
"112227",0,0
"112228",0,0
"112229",0,0
"1123754",0,0
"112437",0,0
"1124654",0,0
"1125677",0,0
"1125764",0,0
"1126885",0,0
"1127515",0,0
"1127516",0,0
"1127518",0,0
"1127767",0,0
"1128073",0,0
"1128108",0,0
"1128118",0,0
"1128119",0,0
"1129033",0,0
"1129035",0,0
"1129145",0,0
"1129146",0,0
"11292",0,0
"1130981",0,0
"1131",0,0
"1131702",0,0
"11318",0,0
"11320",0,0
"1133557",0,0
"1133653",0,0
"1133751",0,0
"1136061",0,0
"1137801",0,0
"1137931",0,0
"1141625",0,0
"114424",0,0
"1146872",0,0
"1146876",0,0
"1147043",0,0
"1147044",0,0
"1147129",0,0
"1147144",0,0
"1147151",0,0
"1148",0,0
"1148491",0,0
"114892",0,0
"114921",0,0
"114922",0,0
"114923",0,0
"1150353",0,0
"11520",0,0
"115232",0,0
"11569",0,0
"115714",0,0
"11572",0,0
"1157337",0,0
"1157338",0,0
"1157339",0,0
"1158",0,0
"11584",0,0
"1159195",0,0
"1159901",0,0
"1159902",0,0
"1159903",0,0
"1159904",0,0
"1159906",0,0
"1159907",0,0
"1159908",0,0
"115991",0,0
"116056",0,0
"1160968",0,0
"1161126",0,0
"1161132",0,0
"11617",0,0
"1162280",0,0
"1163537",0,0
"11636",0,0
"11642",0,0
"1165135",0,0
"11657",0,0
"1165907",0,0
"11660",0,0
"11663",0,0
"11665",0,0
"11673",0,0
"11676",0,0
"1167690",0,0
"1167886",0,0
"1168281",0,0
"1168547",0,0
"1168548",0,0
"1168549",0,0
"1168594",0,0
"1170422",0,0
"1170424",0,0
"1170425",0,0
"1170656",0,0
"11709",0,0
"117198",0,0
"1172193",0,0
"1172985",0,0
"1173709",0,0
"1173741",0,0
"1173757",0,0
"11746",0,0
"1175505",0,0
"117563",0,0
"1175662",0,0
"11757",0,0
"1175848",0,0
"1175849",0,0
"1175850",0,0
"1175852",0,0
"1175853",0,0
"1175854",0,0
"1175855",0,0
"1176145",0,0
"1176146",0,0
"1176147",0,0
"1176148",0,0
"1176149",0,0
"1176150",0,0
"1176153",0,0
"1176422",0,0
"1176423",0,0
"1176484",0,0
"1176736",0,0
"11768",0,0
"1177214",0,0
"1177630",0,0
"1177632",0,0
"1177751",0,0
"1177753",0,0
"1177758",0,0
"1177762",0,0
"1177764",0,0
"1177766",0,0
"1177767",0,0
"11788",0,0
"1179812",0,0
"1179813",0,0
"1179817",0,0
"118027",0,0
"11807",0,0
"11808",0,0
"11809",0,0
"118140",0,0
"11819",0,0
"1182518",0,0
"11834",0,0
"11840",0,0
"1185359",0,0
"11855",0,0
"11856",0,0
"11864",0,0
"11866",0,0
"11867",0,0
"11878",0,0
"1187894",0,0
"11884",0,0
"11885",0,0
"11886",0,0
"1188792",0,0
"1188793",0,0
"1188794",0,0
"1188812",0,0
"11901",0,0
"119423",0,0
"1194642",0,0
"1195085",0,0
"1195163",0,0
"1195166",0,0
"1195378",0,0
"11958",0,0
"1196236",0,0
"11970",0,0
"11974",0,0
"11976",0,0
"1197730",0,0
"1197731",0,0
"1197732",0,0
"1197733",0,0
"1197734",0,0
"11978",0,0
"1197952",0,0
"1198144",0,0
"1198147",0,0
"1198219",0,0
"11983",0,0
"1198450",0,0
"119910",0,0
"120168",0,0
"1202142",0,0
"1202713",0,0
"12036",0,0
"12045",0,0
"1204543",0,0
"1204684",0,0
"12058",0,0
"1206110",0,0
"12064",0,0
"1206566",0,0
"1208309",0,0
"1208583",0,0
"12092",0,0
"12109",0,0
"12110",0,0
"1211283",0,0
"1211388",0,0
"1211481",0,0
"1213187",0,0
"1213406",0,0
"12141",0,0
"1214459",0,0
"12162",0,0
"12163",0,0
"12165",0,0
"12167",0,0
"12169",0,0
"12171",0,0
"12172",0,0
"12173",0,0
"12175",0,0
"12177",0,0
"12178",0,0
"12179",0,0
"12180",0,0
"12181",0,0
"12182",0,0
"12183",0,0
"1218506",0,0
"12187",0,0
"1218727",0,0
"12188",0,0
"12195",0,0
"12196",0,0
"12197",0,0
"12198",0,0
"12199",0,0
"1220025",0,0
"12201",0,0
"12202",0,0
"12203",0,0
"12204",0,0
"12205",0,0
"12208",0,0
"12209",0,0
"12210",0,0
"12211",0,0
"1221206",0,0
"1221437",0,0
"12215",0,0
"12222",0,0
"12224",0,0
"12227",0,0
"12228",0,0
"12229",0,0
"122291",0,0
"12230",0,0
"12232",0,0
"1223260",0,0
"12238",0,0
"12239",0,0
"12240",0,0
"12241",0,0
"1224144",0,0
"1224145",0,0
"12242",0,0
"1224510",0,0
"1224515",0,0
"1225069",0,0
"12253",0,0
"1225789",0,0
"1225794",0,0
"1225861",0,0
"12266",0,0
"12270",0,0
"1227354",0,0
"1227356",0,0
"12285",0,0
"12286",0,0
"12288",0,0
"1229324",0,0
"12294",0,0
"12295",0,0
"12301",0,0
"12302",0,0
"12303",0,0
"12305",0,0
"12313",0,0
"12315",0,0
"12317",0,0
"12319",0,0
"12321",0,0
"1232493",0,0
"1232640",0,0
"12327",0,0
"12328",0,0
"1233177",0,0
"1233383",0,0
"1233675",0,0
"1234171",0,0
"12345",0,0
"1234872",0,0
"1234888",0,0
"1235662",0,0
"1235850",0,0
"1236047",0,0
"1236391",0,0
"1236392",0,0
"1236395",0,0
"1236400",0,0
"1236405",0,0
"1236409",0,0
"1239439",0,0
"1239452",0,0
"1239565",0,0
"1239566",0,0
"1239567",0,0
"1239568",0,0
"1239569",0,0
"1239571",0,0
"1239573",0,0
"1239574",0,0
"1239575",0,0
"1239578",0,0
"1239582",0,0
"1239583",0,0
"12402",0,0
"12407",0,0
"1241370",0,0
"12417",0,0
"1241918",0,0
"1241957",0,0
"12430",0,0
"12431",0,0
"1243178",0,0
"12432",0,0
"12433",0,0
"1244203",0,0
"1244563",0,0
"1244565",0,0
"12450",0,0
"1245814",0,0
"1245909",0,0
"12465",0,0
"12466",0,0
"1246650",0,0
"1246849",0,0
"12471",0,0
"1247114",0,0
"1247115",0,0
"1247116",0,0
"12472",0,0
"12473",0,0
"12475",0,0
"1248330",0,0
"1249467",0,0
"1249648",0,0
"1249676",0,0
"1249677",0,0
"1250303",0,0
"1250316",0,0
"1250400",0,0
"12538",0,0
"12541",0,0
"1254420",0,0
"1254425",0,0
"1255301",0,0
"12558",0,0
"1256869",0,0
"1262523",0,0
"12639",0,0
"12643",0,0
"1264880",0,0
"1264898",0,0
"1266451",0,0
"1266977",0,0
"1273128",0,0
"1273699",0,0
"1273707",0,0
"1273711",0,0
"1273740",0,0
"1273741",0,0
"1273742",0,0
"1273744",0,0
"127441",0,0
"127509",0,0
"1276181",0,0
"1280052",0,0
"12804",0,0
"1281454",0,0
"1281455",0,0
"1282443",0,0
"1282444",0,0
"1282995",0,0
"1283077",0,0
"12844",0,0
"1285598",0,0
"1286143",0,0
"128818",0,0
"12888",0,0
"12893",0,0
"12901",0,0
"12907",0,0
"129141",0,0
"129143",0,0
"129395",0,0
"1295080",0,0
"1296573",0,0
"129732",0,0
"1297645",0,0
"1297661",0,0
"1297894",0,0
"1298531",0,0
"1298633",0,0
"129876",0,0
"129953",0,0
"1300113",0,0
"1301220",0,0
"1301279",0,0
"1302179",0,0
"1302848",0,0
"1302849",0,0
"1302850",0,0
"130327",0,0
"130328",0,0
"130478",0,0
"130499",0,0
"1306518",0,0
"1307958",0,0
"1310424",0,0
"131082",0,0
"131083",0,0
"131226",0,0
"1312445",0,0
"1312524",0,0
"1312873",0,0
"1312874",0,0
"1312929",0,0
"1317107",0,0
"1319",0,0
"1323525",0,0
"1323528",0,0
"1324128",0,0
"132477",0,0
"1324959",0,0
"1325446",0,0
"1327035",0,0
"1327764",0,0
"1327771",0,0
"1327773",0,0
"1327935",0,0
"1327937",0,0
"1327939",0,0
"1327940",0,0
"1327947",0,0
"1327948",0,0
"1327952",0,0
"1327968",0,0
"1327969",0,0
"1327974",0,0
"1327987",0,0
"1327993",0,0
"1329380",0,0
"1329649",0,0
"1329650",0,0
"1329781",0,0
"1329812",0,0
"1330066",0,0
"1330068",0,0
"1330070",0,0
"1330491",0,0
"1330520",0,0
"1330521",0,0
"1330524",0,0
"1331744",0,0
"1333313",0,0
"1335626",0,0
"1335638",0,0
"1335768",0,0
"1340708",0,0
"1340713",0,0
"1340746",0,0
"1340801",0,0
"1340820",0,0
"1340822",0,0
"1340825",0,0
"1340833",0,0
"1340836",0,0
"1341019",0,0
"1341165",0,0
"134374",0,0
"134386",0,0
"1343920",0,0
"1345661",0,0
"134632",0,0
"134681",0,0
"1348384",0,0
"1352227",0,0
"135246",0,0
"1353241",0,0
"135615",0,0
"135617",0,0
"135624",0,0
"1357669",0,0
"1357707",0,0
"1357710",0,0
"1357714",0,0
"136084",0,0
"136234",0,0
"1366055",0,0
"1367126",0,0
"1367435",0,0
"1371",0,0
"137475",0,0
"137854",0,0
"1379692",0,0
"1379695",0,0
"1379707",0,0
"1379710",0,0
"1379711",0,0
"1379712",0,0
"1379713",0,0
"1379714",0,0
"1379718",0,0
"1379719",0,0
"1379720",0,0
"1379721",0,0
"1379725",0,0
"1379788",0,0
"138073",0,0
"1380894",0,0
"1381007",0,0
"1381464",0,0
"1383054",0,0
"1384490",0,0
"1385385",0,0
"1385658",0,0
"1386090",0,0
"1387160",0,0
"1387301",0,0
"1389204",0,0
"138948",0,0
"138949",0,0
"138950",0,0
"138951",0,0
"138982",0,0
"1389960",0,0
"1391180",0,0
"1391181",0,0
"1391190",0,0
"1391431",0,0
"1391432",0,0
"1391456",0,0
"1391702",0,0
"1391746",0,0
"1392388",0,0
"1396815",0,0
"139871",0,0
"1398939",0,0
"1399967",0,0
"140052",0,0
"1400526",0,0
"1401087",0,0
"1403390",0,0
"1403565",0,0
"140410",0,0
"1406134",0,0
"1406782",0,0
"1406784",0,0
"1406788",0,0
"1406816",0,0
"1407638",0,0
"1408137",0,0
"1408894",0,0
"1408895",0,0
"1409",0,0
"1410062",0,0
"1410467",0,0
"1411681",0,0
"1414644",0,0
"1415665",0,0
"1416026",0,0
"1416334",0,0
"1417304",0,0
"141860",0,0
"1419711",0,0
"1420600",0,0
"1425362",0,0
"1425363",0,0
"1425365",0,0
"142577",0,0
"1427159",0,0
"1427476",0,0
"1427523",0,0
"1428189",0,0
"1428190",0,0
"142843",0,0
"1428763",0,0
"1431460",0,0
"1432563",0,0
"1432856",0,0
"1432857",0,0
"1435008",0,0
"1435450",0,0
"1435485",0,0
"1436892",0,0
"1437443",0,0
"1437839",0,0
"1440170",0,0
"1441796",0,0
"1441800",0,0
"1445557",0,0
"1445727",0,0
"144752",0,0
"1448274",0,0
"1448276",0,0
"1449437",0,0
"1449783",0,0
"1449896",0,0
"1449897",0,0
"1454023",0,0
"1454024",0,0
"1454025",0,0
"1454027",0,0
"1454028",0,0
"1454029",0,0
"1454030",0,0
"1454552",0,0
"1455653",0,0
"1456752",0,0
"1457165",0,0
"1457322",0,0
"1458186",0,0
"1458187",0,0
"1458716",0,0
"1458724",0,0
"1458842",0,0
"1458852",0,0
"1458859",0,0
"1458862",0,0
"1458863",0,0
"1459003",0,0
"1459800",0,0
"146",0,0
"1460070",0,0
"1460374",0,0
"1461743",0,0
"1461792",0,0
"1462682",0,0
"1464127",0,0
"1464778",0,0
"146499",0,0
"146500",0,0
"1465639",0,0
"1468172",0,0
"1468597",0,0
"146897",0,0
"1469905",0,0
"1469906",0,0
"1469908",0,0
"1469956",0,0
"1472425",0,0
"1472912",0,0
"1475062",0,0
"1476485",0,0
"1476487",0,0
"147711",0,0
"1481452",0,0
"1481465",0,0
"1483485",0,0
"1483681",0,0
"1485012",0,0
"1485186",0,0
"1485922",0,0
"1486425",0,0
"1486428",0,0
"1486473",0,0
"1487185",0,0
"1488557",0,0
"148879",0,0
"1489714",0,0
"1490227",0,0
"1492296",0,0
"1493829",0,0
"1493858",0,0
"1497019",0,0
"1497848",0,0
"1498504",0,0
"1500510",0,0
"1500757",0,0
"1500865",0,0
"1500866",0,0
"1501716",0,0
"1502101",0,0
"150284",0,0
"150285",0,0
"1503293",0,0
"1504569",0,0
"1504733",0,0
"1504801",0,0
"1506574",0,0
"1507401",0,0
"1508220",0,0
"1508224",0,0
"1508228",0,0
"1508710",0,0
"1508712",0,0
"151043",0,0
"1511772",0,0
"1511776",0,0
"1511779",0,0
"1511781",0,0
"1511783",0,0
"1511803",0,0
"1511805",0,0
"1511809",0,0
"1511847",0,0
"1511853",0,0
"1511891",0,0
"1511894",0,0
"1511895",0,0
"1513202",0,0
"1513247",0,0
"1513248",0,0
"1513251",0,0
"1513252",0,0
"1513253",0,0
"1513254",0,0
"1513255",0,0
"1513256",0,0
"1513257",0,0
"1513258",0,0
"1513259",0,0
"1513260",0,0
"1513261",0,0
"1513263",0,0
"1513264",0,0
"1513265",0,0
"1513268",0,0
"1513272",0,0
"1513273",0,0
"1513274",0,0
"1513275",0,0
"1513276",0,0
"151341",0,0
"1513516",0,0
"1513519",0,0
"1513520",0,0
"1513521",0,0
"1513527",0,0
"1513528",0,0
"1513530",0,0
"1513531",0,0
"1514665",0,0
"1514896",0,0
"151536",0,0
"1517681",0,0
"1518574",0,0
"1519385",0,0
"1519387",0,0
"1519388",0,0
"1519389",0,0
"1519391",0,0
"1521255",0,0
"1521386",0,0
"1521387",0,0
"1521388",0,0
"1521390",0,0
"1521392",0,0
"152177",0,0
"1522059",0,0
"152217",0,0
"1523858",0,0
"1524461",0,0
"1524881",0,0
"1525173",0,0
"1527463",0,0
"1527515",0,0
"1527523",0,0
"1529058",0,0
"153057",0,0
"1532031",0,0
"1532528",0,0
"1534544",0,0
"1534547",0,0
"1534553",0,0
"1536592",0,0
"1536596",0,0
"1538101",0,0
"1540096",0,0
"1540099",0,0
"154048",0,0
"1540823",0,0
"1541211",0,0
"154122",0,0
"1541824",0,0
"1541887",0,0
"1542103",0,0
"1542744",0,0
"1542745",0,0
"1543207",0,0
"154339",0,0
"154347",0,0
"1546178",0,0
"1547219",0,0
"1547495",0,0
"1547577",0,0
"1547580",0,0
"1548713",0,0
"1548720",0,0
"1548721",0,0
"1548722",0,0
"1549128",0,0
"1551710",0,0
"1551711",0,0
"1552409",0,0
"1552662",0,0
"155414",0,0
"1555208",0,0
"155537",0,0
"1557033",0,0
"1557035",0,0
"1558469",0,0
"155862",0,0
"1559",0,0
"1560351",0,0
"1561171",0,0
"1561172",0,0
"1561705",0,0
"1562065",0,0
"1562066",0,0
"1564903",0,0
"1565088",0,0
"1566298",0,0
"1566868",0,0
"1566869",0,0
"156690",0,0
"1566990",0,0
"1566995",0,0
"1567005",0,0
"1567006",0,0
"1567012",0,0
"1567013",0,0
"1567014",0,0
"1567404",0,0
"1567453",0,0
"1567468",0,0
"1568973",0,0
"1568974",0,0
"1569052",0,0
"1569053",0,0
"1569057",0,0
"157018",0,0
"1570330",0,0
"1572745",0,0
"1573459",0,0
"1573714",0,0
"1574287",0,0
"1574422",0,0
"1576597",0,0
"157777",0,0
"1577776",0,0
"1577997",0,0
"1578134",0,0
"157837",0,0
"1580591",0,0
"1580605",0,0
"1580606",0,0
"1580607",0,0
"1582094",0,0
"158463",0,0
"1585246",0,0
"1585924",0,0
"1587517",0,0
"1587907",0,0
"1588048",0,0
"1588049",0,0
"1589270",0,0
"1590154",0,0
"1590155",0,0
"1591",0,0
"159132",0,0
"1591444",0,0
"1592081",0,0
"1592083",0,0
"1592084",0,0
"1592085",0,0
"1592087",0,0
"1592088",0,0
"1592089",0,0
"1592090",0,0
"1592092",0,0
"1592094",0,0
"1592095",0,0
"1592096",0,0
"1592097",0,0
"1592098",0,0
"1592099",0,0
"1592100",0,0
"1592101",0,0
"1592102",0,0
"1592104",0,0
"1592109",0,0
"1592110",0,0
"1592113",0,0
"1592116",0,0
"1592117",0,0
"1592118",0,0
"1592119",0,0
"1592120",0,0
"1592123",0,0
"1592124",0,0
"1592127",0,0
"1592128",0,0
"1592129",0,0
"1592207",0,0
"1592211",0,0
"1592212",0,0
"159252",0,0
"1592572",0,0
"1592828",0,0
"1592930",0,0
"1593424",0,0
"160057",0,0
"1602124",0,0
"160358",0,0
"160484",0,0
"1604871",0,0
"1605379",0,0
"1606497",0,0
"1606498",0,0
"1606499",0,0
"1606501",0,0
"1606502",0,0
"1606504",0,0
"1608048",0,0
"1608049",0,0
"1608064",0,0
"1608072",0,0
"1608085",0,0
"1608087",0,0
"1608089",0,0
"1608090",0,0
"1608100",0,0
"1608112",0,0
"1608134",0,0
"160842",0,0
"160843",0,0
"160844",0,0
"1608440",0,0
"1608533",0,0
"1609634",0,0
"1610872",0,0
"1611836",0,0
"1611875",0,0
"1612611",0,0
"161378",0,0
"1615583",0,0
"1616781",0,0
"1618232",0,0
"1618233",0,0
"1618234",0,0
"1618235",0,0
"1618236",0,0
"1618237",0,0
"1618238",0,0
"1618239",0,0
"1618243",0,0
"1618244",0,0
"1618245",0,0
"1618247",0,0
"1618248",0,0
"1618249",0,0
"1618250",0,0
"1618252",0,0
"1618255",0,0
"1618256",0,0
"1618257",0,0
"1618259",0,0
"1618260",0,0
"162171",0,0
"1622024",0,0
"1623275",0,0
"1623276",0,0
"1623286",0,0
"1623287",0,0
"1623299",0,0
"1623300",0,0
"1623302",0,0
"1623303",0,0
"1623304",0,0
"1623309",0,0
"1623686",0,0
"1628753",0,0
"1629132",0,0
"1629671",0,0
"1630300",0,0
"1631303",0,0
"163164",0,0
"1633785",0,0
"1634381",0,0
"1634476",0,0
"1636200",0,0
"1637492",0,0
"1637496",0,0
"1637747",0,0
"1638164",0,0
"1639814",0,0
"1640277",0,0
"1640969",0,0
"1642588",0,0
"1643324",0,0
"1647391",0,0
"1647414",0,0
"1647415",0,0
"1647805",0,0
"1647924",0,0
"1648481",0,0
"1648482",0,0
"1648483",0,0
"1648484",0,0
"1650654",0,0
"165215",0,0
"1653395",0,0
"1653398",0,0
"1654339",0,0
"1654355",0,0
"1654356",0,0
"1654357",0,0
"1654603",0,0
"1654740",0,0
"1654781",0,0
"1654782",0,0
"1655644",0,0
"1655645",0,0
"1655646",0,0
"1655647",0,0
"1655648",0,0
"1655649",0,0
"1655650",0,0
"1655652",0,0
"1655653",0,0
"1655654",0,0
"1655656",0,0
"1655657",0,0
"1655658",0,0
"1655659",0,0
"1655660",0,0
"1655661",0,0
"1655662",0,0
"165826",0,0
"1659771",0,0
"1661392",0,0
"1661396",0,0
"1662272",0,0
"1662286",0,0
"1663127",0,0
"1663209",0,0
"1663210",0,0
"1667230",0,0
"1667322",0,0
"1670669",0,0
"1670975",0,0
"167129",0,0
"167132",0,0
"1673640",0,0
"1673646",0,0
"1675317",0,0
"1675548",0,0
"1675555",0,0
"1675864",0,0
"1676181",0,0
"1676182",0,0
"1676183",0,0
"1676185",0,0
"1676267",0,0
"1678143",0,0
"1678145",0,0
"1678146",0,0
"1678147",0,0
"1678160",0,0
"1678161",0,0
"1678162",0,0
"1678163",0,0
"1678164",0,0
"1678165",0,0
"1678166",0,0
"1678167",0,0
"1678168",0,0
"1678170",0,0
"1678171",0,0
"1678175",0,0
"1678176",0,0
"1678177",0,0
"1678178",0,0
"1678179",0,0
"1678180",0,0
"1678208",0,0
"1678905",0,0
"1678906",0,0
"1679239",0,0
"1679530",0,0
"167955",0,0
"167968",0,0
"1680158",0,0
"168135",0,0
"1682186",0,0
"1682187",0,0
"1685109",0,0
"1685724",0,0
"1685727",0,0
"1685730",0,0
"1685732",0,0
"1685733",0,0
"1685734",0,0
"1685735",0,0
"1685741",0,0
"1685744",0,0
"1685745",0,0
"1685747",0,0
"1685748",0,0
"1685749",0,0
"1685750",0,0
"1685753",0,0
"1685754",0,0
"1685755",0,0
"1685756",0,0
"1685757",0,0
"1685758",0,0
"1685759",0,0
"1685760",0,0
"1685761",0,0
"1685763",0,0
"1685764",0,0
"1685765",0,0
"1685766",0,0
"1685767",0,0
"1685768",0,0
"1685769",0,0
"1685770",0,0
"1685771",0,0
"1685772",0,0
"1685775",0,0
"1685776",0,0
"1685777",0,0
"1685779",0,0
"1685780",0,0
"1685781",0,0
"1685783",0,0
"1685784",0,0
"1685785",0,0
"1685786",0,0
"1685953",0,0
"1688637",0,0
"1690805",0,0
"1691889",0,0
"1692045",0,0
"1692243",0,0
"1692244",0,0
"1692246",0,0
"1692247",0,0
"1692248",0,0
"1692252",0,0
"1692253",0,0
"1692254",0,0
"1692255",0,0
"1692257",0,0
"1692258",0,0
"1692259",0,0
"1692260",0,0
"1692261",0,0
"1692262",0,0
"1692263",0,0
"169683",0,0
"1697349",0,0
"1698420",0,0
"1698441",0,0
"1698709",0,0
"1698713",0,0
"1698714",0,0
"1701257",0,0
"1701404",0,0
"1701549",0,0
"1701814",0,0
"1701824",0,0
"1701826",0,0
"1701828",0,0
"1701837",0,0
"1701849",0,0
"1702121",0,0
"1703961",0,0
"1703962",0,0
"1703966",0,0
"1705092",0,0
"1705393",0,0
"1708574",0,0
"1708654",0,0
"170965",0,0
"1711684",0,0
"1712387",0,0
"1712389",0,0
"1714362",0,0
"1714364",0,0
"1714366",0,0
"1714367",0,0
"1714368",0,0
"1714370",0,0
"1714570",0,0
"1714619",0,0
"1716042",0,0
"1718158",0,0
"1720324",0,0
"1720493",0,0
"1720498",0,0
"1721090",0,0
"172278",0,0
"172391",0,0
"172394",0,0
"172667",0,0
"1728964",0,0
"1729670",0,0
"1732064",0,0
"1732177",0,0
"1732178",0,0
"1732179",0,0
"1732180",0,0
"173443",0,0
"1735586",0,0
"1737424",0,0
"1737555",0,0
"1738045",0,0
"1740646",0,0
"174142",0,0
"1742594",0,0
"1742595",0,0
"1742596",0,0
"1746057",0,0
"1746058",0,0
"1746059",0,0
"1746060",0,0
"1746063",0,0
"1746064",0,0
"1746065",0,0
"1746066",0,0
"1746067",0,0
"1746068",0,0
"1746069",0,0
"1746070",0,0
"1746071",0,0
"1746072",0,0
"1746073",0,0
"1746074",0,0
"1747271",0,0
"1747326",0,0
"1747500",0,0
"1755198",0,0
"1755467",0,0
"1755588",0,0
"1755590",0,0
"1755681",0,0
"1755781",0,0
"1756157",0,0
"1756615",0,0
"1756832",0,0
"1758139",0,0
"1758881",0,0
"175950",0,0
"176106",0,0
"1761477",0,0
"1761891",0,0
"1765736",0,0
"1765754",0,0
"1766557",0,0
"1766559",0,0
"1766828",0,0
"1768064",0,0
"1769780",0,0
"1770265",0,0
"1770613",0,0
"1770618",0,0
"1772258",0,0
"1774200",0,0
"1775963",0,0
"1776109",0,0
"1777015",0,0
"1777016",0,0
"1777052",0,0
"1777053",0,0
"1777064",0,0
"1778559",0,0
"1778570",0,0
"1778573",0,0
"1779339",0,0
"1779714",0,0
"1781241",0,0
"1784982",0,0
"178599",0,0
"1788438",0,0
"1788439",0,0
"1788440",0,0
"1788441",0,0
"1788442",0,0
"1788443",0,0
"1788444",0,0
"1788445",0,0
"1788449",0,0
"1788450",0,0
"1788451",0,0
"1788454",0,0
"1788455",0,0
"1792583",0,0
"1793721",0,0
"1795648",0,0
"1797140",0,0
"1798085",0,0
"179986",0,0
"1803957",0,0
"180399",0,0
"1804155",0,0
"1804157",0,0
"180504",0,0
"180526",0,0
"1805494",0,0
"180587",0,0
"1805948",0,0
"1805950",0,0
"1805952",0,0
"1805953",0,0
"180822",0,0
"1808960",0,0
"180903",0,0
"1809243",0,0
"1809767",0,0
"181084",0,0
"1810947",0,0
"1811230",0,0
"1812179",0,0
"1812308",0,0
"1813613",0,0
"1813771",0,0
"1814283",0,0
"1816232",0,0
"1816235",0,0
"181667",0,0
"1819306",0,0
"1820160",0,0
"1821222",0,0
"1821227",0,0
"1821553",0,0
"1821749",0,0
"1821750",0,0
"1821751",0,0
"1825688",0,0
"1825924",0,0
"1825950",0,0
"1825976",0,0
"1830242",0,0
"1833938",0,0
"183405",0,0
"183407",0,0
"1836608",0,0
"1837089",0,0
"1837862",0,0
"1838077",0,0
"1840257",0,0
"1840301",0,0
"1843763",0,0
"1843764",0,0
"1843765",0,0
"1843766",0,0
"1843767",0,0
"1843769",0,0
"1843770",0,0
"1843771",0,0
"1843772",0,0
"1848040",0,0
"1848042",0,0
"1848169",0,0
"1849328",0,0
"1849533",0,0
"1849535",0,0
"1849539",0,0
"1849542",0,0
"1849544",0,0
"1849545",0,0
"1850255",0,0
"185218",0,0
"1853762",0,0
"1853865",0,0
"1856030",0,0
"1856031",0,0
"1856120",0,0
"1856406",0,0
"1856642",0,0
"1856767",0,0
"1857323",0,0
"185793",0,0
"1859161",0,0
"185954",0,0
"185955",0,0
"186165",0,0
"186187",0,0
"1862127",0,0
"1862824",0,0
"1862961",0,0
"1862962",0,0
"186532",0,0
"186533",0,0
"186534",0,0
"186637",0,0
"186642",0,0
"186772",0,0
"186786",0,0
"186821",0,0
"1868215",0,0
"1868472",0,0
"1868596",0,0
"1868658",0,0
"1868659",0,0
"1868829",0,0
"186938",0,0
"1870981",0,0
"1871106",0,0
"1871153",0,0
"1871321",0,0
"1871624",0,0
"1871631",0,0
"1871681",0,0
"1871687",0,0
"1871690",0,0
"1872708",0,0
"1873696",0,0
"1873698",0,0
"1873778",0,0
"1873887",0,0
"1873889",0,0
"1874267",0,0
"1874539",0,0
"1874540",0,0
"1874886",0,0
"1876758",0,0
"187764",0,0
"187850",0,0
"187978",0,0
"1881013",0,0
"1881104",0,0
"188143",0,0
"1881950",0,0
"1883200",0,0
"1883202",0,0
"188333",0,0
"1884450",0,0
"1884453",0,0
"1884461",0,0
"1884818",0,0
"1884873",0,0
"1884874",0,0
"1884875",0,0
"1884878",0,0
"1884991",0,0
"1885565",0,0
"1887218",0,0
"1887644",0,0
"1887649",0,0
"1888308",0,0
"1888309",0,0
"1888311",0,0
"1888317",0,0
"1888318",0,0
"1890365",0,0
"1891097",0,0
"1891098",0,0
"1891704",0,0
"1891713",0,0
"1891718",0,0
"1891719",0,0
"1891720",0,0
"1891725",0,0
"1891726",0,0
"1891727",0,0
"1891729",0,0
"1891731",0,0
"1891732",0,0
"1891733",0,0
"1891734",0,0
"1891735",0,0
"1891736",0,0
"1891737",0,0
"1891738",0,0
"1891739",0,0
"1891740",0,0
"1891742",0,0
"1891743",0,0
"1891745",0,0
"1891746",0,0
"1891747",0,0
"1891748",0,0
"1891750",0,0
"1891751",0,0
"1891752",0,0
"1891754",0,0
"1891755",0,0
"1891756",0,0
"1891757",0,0
"1891758",0,0
"1891759",0,0
"1891761",0,0
"1891762",0,0
"1891763",0,0
"1891764",0,0
"1891765",0,0
"1891766",0,0
"1891768",0,0
"1891769",0,0
"1891771",0,0
"1891772",0,0
"1891773",0,0
"1891774",0,0
"1892251",0,0
"1892895",0,0
"1892896",0,0
"1897087",0,0
"1897529",0,0
"1897538",0,0
"1897555",0,0
"1897640",0,0
"1897731",0,0
"1897732",0,0
"1898175",0,0
"1899566",0,0
"190061",0,0
"190064",0,0
"1902501",0,0
"1902502",0,0
"1904410",0,0
"1904439",0,0
"190478",0,0
"1904876",0,0
"1904881",0,0
"1904882",0,0
"1904884",0,0
"1905556",0,0
"1906170",0,0
"1906173",0,0
"1906179",0,0
"1906245",0,0
"1906317",0,0
"1906668",0,0
"190729",0,0
"1907771",0,0
"1907787",0,0
"1908804",0,0
"1908806",0,0
"1908807",0,0
"1908808",0,0
"1908811",0,0
"1908813",0,0
"191032",0,0
"1910928",0,0
"1911007",0,0
"1911008",0,0
"1911010",0,0
"1911102",0,0
"1911104",0,0
"1911434",0,0
"1911435",0,0
"1911438",0,0
"1911439",0,0
"1911443",0,0
"1911555",0,0
"1911604",0,0
"1911606",0,0
"1912234",0,0
"1912492",0,0
"1912590",0,0
"191289",0,0
"1913081",0,0
"1913124",0,0
"1913125",0,0
"1913642",0,0
"1913643",0,0
"1913649",0,0
"1913654",0,0
"1913656",0,0
"1913657",0,0
"1913658",0,0
"1913683",0,0
"1913684",0,0
"1913685",0,0
"1914021",0,0
"1914155",0,0
"1914160",0,0
"1914161",0,0
"1914162",0,0
"1914192",0,0
"1914193",0,0
"1914194",0,0
"1914199",0,0
"1914200",0,0
"1914201",0,0
"1914202",0,0
"1914203",0,0
"1914205",0,0
"1914206",0,0
"1914207",0,0
"1914208",0,0
"1914209",0,0
"191436",0,0
"1914410",0,0
"1914442",0,0
"1914574",0,0
"1914575",0,0
"1914576",0,0
"191460",0,0
"191463",0,0
"1914788",0,0
"1914851",0,0
"1914854",0,0
"1914855",0,0
"1914893",0,0
"1914894",0,0
"1914898",0,0
"1914900",0,0
"1915202",0,0
"1915203",0,0
"1915206",0,0
"1915207",0,0
"1915208",0,0
"1916111",0,0
"1916647",0,0
"1917080",0,0
"1917980",0,0
"1918006",0,0
"1918007",0,0
"1918014",0,0
"1918017",0,0
"1918193",0,0
"1918524",0,0
"1918724",0,0
"1918725",0,0
"1918726",0,0
"1918729",0,0
"1918731",0,0
"1919247",0,0
"192022",0,0
"192026",0,0
"1920493",0,0
"1920498",0,0
"1920698",0,0
"1920753",0,0
"1920754",0,0
"1920755",0,0
"1920757",0,0
"1920758",0,0
"1920759",0,0
"1920760",0,0
"1920763",0,0
"1920764",0,0
"1920765",0,0
"1920772",0,0
"1920777",0,0
"1920778",0,0
"1920781",0,0
"1920861",0,0
"1920862",0,0
"1920864",0,0
"1920865",0,0
"1920866",0,0
"1920988",0,0
"1920989",0,0
"1920993",0,0
"1920994",0,0
"1920995",0,0
"1920996",0,0
"1920999",0,0
"1921004",0,0
"1921005",0,0
"1921008",0,0
"1921009",0,0
"1921118",0,0
"1921119",0,0
"1921120",0,0
"1921121",0,0
"1921125",0,0
"1921126",0,0
"1921127",0,0
"1921128",0,0
"1921129",0,0
"1921130",0,0
"1921188",0,0
"1921408",0,0
"1921409",0,0
"1921410",0,0
"1921411",0,0
"1921412",0,0
"1921413",0,0
"1921432",0,0
"1921528",0,0
"1921529",0,0
"1921545",0,0
"1921546",0,0
"1921547",0,0
"1921553",0,0
"1921554",0,0
"1921555",0,0
"1921556",0,0
"1921561",0,0
"1921563",0,0
"1921696",0,0
"1921698",0,0
"1921706",0,0
"1921773",0,0
"1921778",0,0
"1921824",0,0
"1921825",0,0
"1922208",0,0
"1922210",0,0
"1922211",0,0
"1922212",0,0
"1922242",0,0
"1922246",0,0
"1922247",0,0
"1922329",0,0
"1922330",0,0
"1922331",0,0
"1922332",0,0
"1922352",0,0
"1922353",0,0
"1922355",0,0
"1922356",0,0
"1922357",0,0
"1922359",0,0
"1922360",0,0
"1922361",0,0
"1922362",0,0
"1922365",0,0
"1922370",0,0
"1922376",0,0
"1922377",0,0
"1922378",0,0
"1922379",0,0
"1922381",0,0
"1922385",0,0
"1922386",0,0
"1922387",0,0
"1922388",0,0
"1922392",0,0
"1922428",0,0
"1922429",0,0
"1922430",0,0
"1922431",0,0
"1922432",0,0
"1922433",0,0
"1922434",0,0
"1922435",0,0
"1922436",0,0
"1922437",0,0
"1922439",0,0
"1922440",0,0
"1922441",0,0
"1922442",0,0
"1922443",0,0
"1922444",0,0
"1922445",0,0
"1922448",0,0
"1922449",0,0
"1922451",0,0
"1922455",0,0
"1922456",0,0
"1922458",0,0
"1922460",0,0
"1922461",0,0
"1922464",0,0
"1922471",0,0
"1922483",0,0
"1922492",0,0
"1922493",0,0
"1922496",0,0
"1922497",0,0
"1922498",0,0
"1922499",0,0
"1922504",0,0
"1922513",0,0
"1922524",0,0
"1922525",0,0
"1922527",0,0
"1922529",0,0
"1922530",0,0
"1922531",0,0
"1922533",0,0
"1922534",0,0
"1922535",0,0
"1922538",0,0
"1922540",0,0
"1922541",0,0
"1922542",0,0
"1922543",0,0
"1922544",0,0
"1922545",0,0
"1922546",0,0
"1922547",0,0
"1922548",0,0
"1922549",0,0
"1922550",0,0
"1922551",0,0
"1922552",0,0
"1922553",0,0
"1922554",0,0
"1922556",0,0
"1922557",0,0
"1922558",0,0
"1922559",0,0
"1922561",0,0
"1922562",0,0
"1922563",0,0
"1922566",0,0
"1922567",0,0
"1922569",0,0
"1922571",0,0
"1922573",0,0
"1922575",0,0
"1922576",0,0
"1922578",0,0
"1922582",0,0
"1922583",0,0
"1922584",0,0
"1922585",0,0
"1922586",0,0
"1922587",0,0
"1922589",0,0
"1922590",0,0
"1922591",0,0
"1922592",0,0
"1922594",0,0
"1922595",0,0
"1922596",0,0
"1922597",0,0
"1922598",0,0
"1922599",0,0
"1922600",0,0
"1922601",0,0
"1922602",0,0
"1922603",0,0
"1922604",0,0
"1922606",0,0
"1922607",0,0
"1922608",0,0
"1922610",0,0
"1922611",0,0
"1922612",0,0
"1922613",0,0
"1922614",0,0
"1922615",0,0
"1922616",0,0
"1922617",0,0
"1922618",0,0
"1922620",0,0
"1922621",0,0
"1922622",0,0
"1922624",0,0
"1922626",0,0
"1922627",0,0
"1922628",0,0
"1922629",0,0
"1922630",0,0
"1922631",0,0
"1922633",0,0
"1922634",0,0
"1922637",0,0
"1922638",0,0
"1922639",0,0
"1922641",0,0
"1922644",0,0
"1922645",0,0
"1922646",0,0
"1922647",0,0
"1922648",0,0
"1922657",0,0
"1922658",0,0
"1922659",0,0
"1922660",0,0
"1922661",0,0
"1922662",0,0
"1922667",0,0
"1922668",0,0
"1922669",0,0
"1922671",0,0
"1922672",0,0
"1922673",0,0
"1922674",0,0
"1922675",0,0
"1922676",0,0
"1922677",0,0
"1922680",0,0
"1922681",0,0
"1922682",0,0
"1922683",0,0
"1922684",0,0
"1922685",0,0
"1922686",0,0
"1922687",0,0
"1922688",0,0
"1922689",0,0
"1922693",0,0
"1922694",0,0
"1922695",0,0
"1922698",0,0
"1922699",0,0
"1922701",0,0
"1922702",0,0
"1922703",0,0
"1922704",0,0
"1922705",0,0
"1922706",0,0
"1922707",0,0
"1922708",0,0
"1922709",0,0
"1922710",0,0
"1922711",0,0
"1922712",0,0
"1922713",0,0
"1922715",0,0
"1922716",0,0
"1922717",0,0
"1922718",0,0
"1922720",0,0
"1922721",0,0
"1922722",0,0
"1922723",0,0
"1922725",0,0
"1922728",0,0
"1922729",0,0
"1922730",0,0
"1922734",0,0
"1922736",0,0
"1922737",0,0
"1922738",0,0
"1922740",0,0
"1922741",0,0
"1922742",0,0
"1922744",0,0
"1922746",0,0
"1922748",0,0
"1922749",0,0
"1922750",0,0
"1922751",0,0
"1922752",0,0
"1922753",0,0
"1922754",0,0
"1922757",0,0
"1922758",0,0
"1922759",0,0
"1922760",0,0
"1922761",0,0
"1922764",0,0
"1922765",0,0
"1922766",0,0
"1922767",0,0
"1922768",0,0
"1922769",0,0
"1922770",0,0
"1922771",0,0
"1922772",0,0
"1922776",0,0
"1922777",0,0
"1922779",0,0
"1922782",0,0
"1922783",0,0
"1922784",0,0
"1922785",0,0
"1922787",0,0
"1922788",0,0
"1922789",0,0
"1922791",0,0
"1922792",0,0
"1922793",0,0
"1922794",0,0
"1922795",0,0
"1922796",0,0
"1922797",0,0
"1922799",0,0
"1922800",0,0
"1922801",0,0
"1922803",0,0
"1922807",0,0
"1922808",0,0
"1922809",0,0
"1922811",0,0
"1922812",0,0
"1922813",0,0
"1922814",0,0
"1922815",0,0
"1922816",0,0
"1922817",0,0
"1922818",0,0
"1922819",0,0
"1922821",0,0
"1922822",0,0
"1922823",0,0
"1922824",0,0
"1922826",0,0
"1922827",0,0
"1922832",0,0
"1922833",0,0
"1922835",0,0
"1922836",0,0
"1922837",0,0
"1922860",0,0
"1922861",0,0
"1922867",0,0
"1922868",0,0
"1922870",0,0
"1922873",0,0
"1922874",0,0
"1922875",0,0
"1922876",0,0
"1922877",0,0
"1922878",0,0
"1922879",0,0
"1922883",0,0
"1922892",0,0
"1922894",0,0
"1922895",0,0
"1922896",0,0
"1922898",0,0
"1922899",0,0
"1922900",0,0
"1922901",0,0
"1922902",0,0
"1922905",0,0
"1922922",0,0
"1922923",0,0
"1922925",0,0
"1922926",0,0
"1922927",0,0
"1922928",0,0
"1922930",0,0
"1922931",0,0
"1922932",0,0
"1922933",0,0
"1922936",0,0
"1922938",0,0
"1922941",0,0
"1922943",0,0
"1922947",0,0
"1922948",0,0
"1922949",0,0
"1922950",0,0
"1922955",0,0
"1922956",0,0
"1922958",0,0
"1922960",0,0
"1922962",0,0
"1922972",0,0
"1922988",0,0
"1922989",0,0
"1922990",0,0
"1922993",0,0
"1922997",0,0
"1922999",0,0
"1923000",0,0
"1923001",0,0
"1923002",0,0
"1923009",0,0
"1923011",0,0
"1923012",0,0
"1923017",0,0
"1923073",0,0
"1923074",0,0
"1923075",0,0
"1923077",0,0
"1923078",0,0
"1923079",0,0
"1923080",0,0
"1923082",0,0
"1923083",0,0
"1923088",0,0
"1923089",0,0
"1923090",0,0
"1923091",0,0
"1923092",0,0
"1923093",0,0
"1923094",0,0
"1923095",0,0
"1923096",0,0
"1923097",0,0
"1923100",0,0
"1923101",0,0
"1923102",0,0
"1923104",0,0
"1923105",0,0
"1923106",0,0
"1923107",0,0
"1923108",0,0
"1923109",0,0
"1923110",0,0
"1923111",0,0
"1923112",0,0
"1923113",0,0
"1923114",0,0
"1923115",0,0
"1923116",0,0
"1923117",0,0
"1923118",0,0
"1923119",0,0
"1923120",0,0
"1923121",0,0
"1923122",0,0
"1923123",0,0
"1923124",0,0
"1923125",0,0
"1923126",0,0
"1923127",0,0
"1923128",0,0
"1923129",0,0
"1923130",0,0
"1923131",0,0
"1923132",0,0
"1923133",0,0
"1923134",0,0
"1923135",0,0
"1923136",0,0
"1923137",0,0
"1923140",0,0
"1923141",0,0
"1923142",0,0
"1923143",0,0
"1923144",0,0
"1923145",0,0
"1923146",0,0
"1923147",0,0
"1923148",0,0
"1923149",0,0
"1923151",0,0
"1923152",0,0
"1923153",0,0
"1923154",0,0
"1923155",0,0
"1923156",0,0
"1923157",0,0
"1923158",0,0
"1923159",0,0
"1923160",0,0
"1923161",0,0
"1923162",0,0
"1923163",0,0
"1923164",0,0
"1923165",0,0
"1923168",0,0
"1923169",0,0
"1923170",0,0
"1923185",0,0
"1923186",0,0
"1923196",0,0
"1923197",0,0
"1923199",0,0
"1923200",0,0
"1923204",0,0
"1923205",0,0
"1923206",0,0
"1923208",0,0
"1923209",0,0
"1923210",0,0
"1923211",0,0
"1923213",0,0
"1923214",0,0
"1923215",0,0
"1923216",0,0
"1923217",0,0
"1923218",0,0
"1923220",0,0
"1923221",0,0
"1923222",0,0
"1923225",0,0
"1923228",0,0
"1923229",0,0
"1923230",0,0
"1923233",0,0
"1923234",0,0
"1923235",0,0
"1923237",0,0
"1923238",0,0
"1923239",0,0
"1923240",0,0
"1923243",0,0
"1923244",0,0
"1923245",0,0
"1923246",0,0
"1923247",0,0
"1923249",0,0
"1923250",0,0
"1923252",0,0
"1923253",0,0
"1923254",0,0
"1923255",0,0
"1923256",0,0
"1923257",0,0
"1923258",0,0
"1923259",0,0
"1923260",0,0
"1923261",0,0
"1923262",0,0
"1923263",0,0
"1923264",0,0
"1923265",0,0
"1923266",0,0
"1923267",0,0
"1923268",0,0
"1923269",0,0
"1923270",0,0
"1923272",0,0
"1923273",0,0
"1923274",0,0
"1923275",0,0
"1923277",0,0
"1923278",0,0
"1923279",0,0
"1923281",0,0
"1923284",0,0
"1923285",0,0
"1923287",0,0
"1923288",0,0
"1923289",0,0
"1923291",0,0
"1923292",0,0
"1923293",0,0
"1923294",0,0
"1923295",0,0
"1923296",0,0
"1923298",0,0
"1923300",0,0
"1923301",0,0
"1923303",0,0
"1923305",0,0
"1923306",0,0
"1923307",0,0
"1923308",0,0
"1923309",0,0
"1923310",0,0
"1923313",0,0
"1923316",0,0
"1923320",0,0
"1923321",0,0
"1923322",0,0
"1923323",0,0
"1923324",0,0
"1923326",0,0
"1923327",0,0
"1923330",0,0
"1923331",0,0
"1923332",0,0
"1923333",0,0
"1923335",0,0
"1923336",0,0
"1923338",0,0
"1923340",0,0
"1923342",0,0
"1923343",0,0
"1923344",0,0
"1923345",0,0
"1923350",0,0
"1923351",0,0
"1923355",0,0
"1923356",0,0
"1923357",0,0
"1923365",0,0
"1923366",0,0
"1923369",0,0
"1923370",0,0
"1923371",0,0
"1923372",0,0
"1923373",0,0
"1923374",0,0
"1923377",0,0
"1923378",0,0
"1923380",0,0
"1923381",0,0
"1923382",0,0
"1923383",0,0
"1923384",0,0
"1923385",0,0
"1923386",0,0
"1923387",0,0
"1923388",0,0
"1923389",0,0
"1923390",0,0
"1923391",0,0
"1923392",0,0
"1923393",0,0
"1923394",0,0
"1923398",0,0
"1923399",0,0
"1923400",0,0
"1923401",0,0
"1923403",0,0
"1923404",0,0
"1923405",0,0
"1923406",0,0
"1923407",0,0
"1923408",0,0
"1923409",0,0
"1923414",0,0
"1923415",0,0
"1923416",0,0
"1923417",0,0
"1923418",0,0
"1923419",0,0
"1923420",0,0
"1923421",0,0
"1923422",0,0
"1923423",0,0
"1923425",0,0
"1923429",0,0
"1923430",0,0
"1923431",0,0
"1923433",0,0
"1923435",0,0
"1923439",0,0
"1923441",0,0
"1923442",0,0
"1923443",0,0
"1923445",0,0
"1923446",0,0
"1923447",0,0
"1923448",0,0
"1923449",0,0
"1923450",0,0
"1923451",0,0
"1923452",0,0
"1923454",0,0
"1923455",0,0
"1923463",0,0
"1923464",0,0
"1923466",0,0
"1923467",0,0
"1923468",0,0
"1923469",0,0
"1923474",0,0
"1923475",0,0
"1923476",0,0
"1923477",0,0
"1923478",0,0
"1923485",0,0
"1923487",0,0
"1923488",0,0
"1923489",0,0
"1923494",0,0
"1923496",0,0
"1923501",0,0
"1923502",0,0
"1923509",0,0
"1923529",0,0
"1923530",0,0
"1923531",0,0
"1923532",0,0
"1923533",0,0
"1923534",0,0
"1923535",0,0
"1923536",0,0
"1923537",0,0
"1923540",0,0
"1923542",0,0
"1923543",0,0
"1923545",0,0
"1923546",0,0
"1923547",0,0
"1923549",0,0
"1923551",0,0
"1923553",0,0
"1923554",0,0
"1923555",0,0
"1923557",0,0
"1923558",0,0
"1923559",0,0
"1923561",0,0
"1923562",0,0
"1923563",0,0
"1923564",0,0
"1923565",0,0
"1923566",0,0
"1923578",0,0
"1923579",0,0
"1923580",0,0
"1923582",0,0
"1923593",0,0
"1923594",0,0
"1923595",0,0
"1923596",0,0
"1923597",0,0
"1923598",0,0
"1923599",0,0
"1923601",0,0
"1923602",0,0
"1923603",0,0
"1923604",0,0
"1923605",0,0
"1923606",0,0
"1923607",0,0
"1923608",0,0
"1923609",0,0
"1923610",0,0
"1923611",0,0
"1923612",0,0
"1923613",0,0
"1923614",0,0
"1923615",0,0
"1923617",0,0
"1923618",0,0
"1923619",0,0
"1923621",0,0
"1923622",0,0
"1923623",0,0
"1923625",0,0
"1923627",0,0
"1923628",0,0
"1923629",0,0
"1923630",0,0
"1923631",0,0
"1923632",0,0
"1923633",0,0
"1923634",0,0
"1923635",0,0
"1923636",0,0
"1923637",0,0
"1923639",0,0
"1923640",0,0
"1923641",0,0
"1923642",0,0
"1923643",0,0
"1923644",0,0
"1923646",0,0
"1923649",0,0
"1923650",0,0
"1923651",0,0
"1923652",0,0
"1923653",0,0
"1923654",0,0
"1923655",0,0
"1923656",0,0
"1923657",0,0
"1923658",0,0
"1923659",0,0
"1923660",0,0
"1923662",0,0
"1923663",0,0
"1923664",0,0
"1923665",0,0
"1923667",0,0
"1923668",0,0
"1923669",0,0
"1923670",0,0
"1923671",0,0
"1923672",0,0
"1923673",0,0
"1923674",0,0
"1923675",0,0
"1923676",0,0
"1923677",0,0
"1923679",0,0
"1923680",0,0
"1923682",0,0
"1923683",0,0
"1923684",0,0
"1923685",0,0
"1923687",0,0
"1923688",0,0
"1923689",0,0
"1923690",0,0
"1923691",0,0
"1923692",0,0
"1923693",0,0
"1923695",0,0
"1923696",0,0
"1923698",0,0
"1923699",0,0
"1923701",0,0
"1923702",0,0
"1923704",0,0
"1923705",0,0
"1923706",0,0
"1923707",0,0
"1923709",0,0
"1923710",0,0
"1923713",0,0
"1923714",0,0
"1923715",0,0
"1923716",0,0
"1923717",0,0
"1923721",0,0
"1923722",0,0
"1923723",0,0
"1923724",0,0
"1923725",0,0
"1923726",0,0
"1923730",0,0
"1923732",0,0
"1923735",0,0
"1923738",0,0
"1923739",0,0
"1923740",0,0
"1923745",0,0
"1923746",0,0
"1923748",0,0
"1923751",0,0
"1923752",0,0
"1923753",0,0
"1923754",0,0
"1923755",0,0
"1923756",0,0
"1923757",0,0
"1923759",0,0
"1923761",0,0
"1923764",0,0
"1923765",0,0
"1923768",0,0
"1923769",0,0
"1923770",0,0
"1923775",0,0
"1923778",0,0
"1923779",0,0
"1923780",0,0
"1923781",0,0
"1924285",0,0
"1924286",0,0
"1924287",0,0
"192452",0,0
"1924731",0,0
"1924734",0,0
"1925019",0,0
"1925152",0,0
"1925779",0,0
"1925781",0,0
"1925782",0,0
"1926117",0,0
"1926498",0,0
"1926511",0,0
"1926967",0,0
"1926969",0,0
"1926996",0,0
"1926997",0,0
"1926998",0,0
"1927127",0,0
"1929030",0,0
"1929150",0,0
"1929963",0,0
"1929964",0,0
"1930269",0,0
"1930302",0,0
"1930304",0,0
"1930507",0,0
"1930508",0,0
"1930509",0,0
"1930510",0,0
"1930825",0,0
"1930920",0,0
"193121",0,0
"193122",0,0
"1931369",0,0
"1931370",0,0
"1931371",0,0
"1932006",0,0
"1932118",0,0
"1932910",0,0
"1932912",0,0
"1932923",0,0
"1932927",0,0
"1933176",0,0
"1933178",0,0
"1933180",0,0
"1933181",0,0
"1933185",0,0
"1933263",0,0
"1933906",0,0
"1933907",0,0
"1933908",0,0
"1933909",0,0
"1933911",0,0
"1934322",0,0
"1936269",0,0
"1937789",0,0
"1937817",0,0
"1938656",0,0
"1939619",0,0
"1940570",0,0
"1941234",0,0
"1941236",0,0
"1941238",0,0
"194441",0,0
"194443",0,0
"1945560",0,0
"1945561",0,0
"1945562",0,0
"1945565",0,0
"1945575",0,0
"1945739",0,0
"1945850",0,0
"194699",0,0
"194802",0,0
"1949197",0,0
"1949203",0,0
"194965",0,0
"194966",0,0
"195061",0,0
"195062",0,0
"1954248",0,0
"1954378",0,0
"1954379",0,0
"1955054",0,0
"1955153",0,0
"1955175",0,0
"1955196",0,0
"1955197",0,0
"1955198",0,0
"1955199",0,0
"1955493",0,0
"1958777",0,0
"1958778",0,0
"1958784",0,0
"1958785",0,0
"1958786",0,0
"1958957",0,0
"1959287",0,0
"1959843",0,0
"1959844",0,0
"1959848",0,0
"1959930",0,0
"1960046",0,0
"1960084",0,0
"1961665",0,0
"1961666",0,0
"1961678",0,0
"1961679",0,0
"1961680",0,0
"1961681",0,0
"1961682",0,0
"1961683",0,0
"1961783",0,0
"1961784",0,0
"1961785",0,0
"1961786",0,0
"1961787",0,0
"1962264",0,0
"1962301",0,0
"1962302",0,0
"1963247",0,0
"1963256",0,0
"1963260",0,0
"196398",0,0
"196400",0,0
"196403",0,0
"1964370",0,0
"1964372",0,0
"1964806",0,0
"1965018",0,0
"1965074",0,0
"1965089",0,0
"1965093",0,0
"1965225",0,0
"1965238",0,0
"1965306",0,0
"1965312",0,0
"1965355",0,0
"1965376",0,0
"1965378",0,0
"1965379",0,0
"1965380",0,0
"1965382",0,0
"1965384",0,0
"1965385",0,0
"196690",0,0
"196691",0,0
"1967781",0,0
"1969351",0,0
"1969397",0,0
"1969400",0,0
"1969830",0,0
"1971410",0,0
"1971411",0,0
"1971414",0,0
"1971417",0,0
"1971418",0,0
"1971419",0,0
"1971421",0,0
"1971423",0,0
"1971424",0,0
"1971425",0,0
"1971427",0,0
"1971429",0,0
"1971430",0,0
"1971431",0,0
"1971432",0,0
"1971436",0,0
"1971439",0,0
"1971443",0,0
"1971445",0,0
"1972431",0,0
"1972565",0,0
"1972566",0,0
"1972567",0,0
"1972568",0,0
"1972569",0,0
"1972570",0,0
"1972571",0,0
"1972572",0,0
"1972573",0,0
"1972574",0,0
"1972575",0,0
"1972576",0,0
"1972577",0,0
"1972578",0,0
"1972580",0,0
"1972581",0,0
"1972584",0,0
"1972586",0,0
"1972587",0,0
"1972588",0,0
"1972589",0,0
"1972592",0,0
"1972593",0,0
"1972594",0,0
"1972595",0,0
"1972596",0,0
"1972597",0,0
"1972611",0,0
"1972612",0,0
"1972613",0,0
"1972614",0,0
"1972615",0,0
"1972616",0,0
"1972617",0,0
"1972618",0,0
"1972619",0,0
"1972620",0,0
"1972621",0,0
"1972622",0,0
"1972623",0,0
"1972624",0,0
"1972625",0,0
"1972626",0,0
"1972637",0,0
"1972639",0,0
"1972683",0,0
"1972685",0,0
"1972686",0,0
"1972700",0,0
"1972716",0,0
"1972994",0,0
"197575",0,0
"1977075",0,0
"1977105",0,0
"1977141",0,0
"1977142",0,0
"1977143",0,0
"1977297",0,0
"1977298",0,0
"1977304",0,0
"1977307",0,0
"1977402",0,0
"1977411",0,0
"197771",0,0
"197772",0,0
"1978413",0,0
"1978533",0,0
"1978534",0,0
"1978535",0,0
"1978536",0,0
"1978537",0,0
"1978538",0,0
"1978539",0,0
"1978540",0,0
"1978541",0,0
"1978542",0,0
"1978543",0,0
"1978544",0,0
"1978545",0,0
"1979541",0,0
"1979848",0,0
"1980160",0,0
"1980425",0,0
"1980426",0,0
"1980427",0,0
"1980428",0,0
"1980429",0,0
"1980430",0,0
"1980431",0,0
"1980432",0,0
"1980433",0,0
"1980442",0,0
"1980456",0,0
"1980457",0,0
"1980458",0,0
"1980517",0,0
"1980538",0,0
"1980540",0,0
"1980541",0,0
"1980625",0,0
"1980631",0,0
"1980633",0,0
"1980915",0,0
"1980916",0,0
"1980917",0,0
"1980918",0,0
"1980922",0,0
"1980930",0,0
"1980931",0,0
"1980938",0,0
"1980941",0,0
"1980943",0,0
"1980945",0,0
"1980948",0,0
"1980956",0,0
"1980957",0,0
"1980958",0,0
"1980959",0,0
"1980961",0,0
"1980962",0,0
"1980964",0,0
"1980966",0,0
"1981020",0,0
"1981023",0,0
"1981024",0,0
"1981026",0,0
"1981027",0,0
"1981032",0,0
"1981041",0,0
"1981042",0,0
"1981043",0,0
"1981162",0,0
"1981166",0,0
"1981167",0,0
"1981916",0,0
"1981932",0,0
"1981933",0,0
"1982084",0,0
"1982089",0,0
"1982092",0,0
"1982099",0,0
"1982105",0,0
"1982153",0,0
"1982228",0,0
"1982241",0,0
"1982244",0,0
"1982245",0,0
"1982246",0,0
"1982247",0,0
"1982248",0,0
"1982252",0,0
"1982253",0,0
"1982255",0,0
"1982257",0,0
"1982258",0,0
"1982259",0,0
"1982260",0,0
"1982261",0,0
"1982262",0,0
"1982263",0,0
"1982264",0,0
"1982265",0,0
"1982266",0,0
"1982267",0,0
"1982269",0,0
"1982270",0,0
"1982271",0,0
"1982272",0,0
"1982273",0,0
"1982274",0,0
"1982276",0,0
"1982277",0,0
"1982278",0,0
"1982279",0,0
"1982280",0,0
"1982281",0,0
"1982282",0,0
"1982283",0,0
"1982284",0,0
"1982285",0,0
"1982286",0,0
"1982287",0,0
"1982290",0,0
"1982291",0,0
"1982292",0,0
"1982297",0,0
"1982298",0,0
"1982301",0,0
"1982302",0,0
"1982303",0,0
"1982304",0,0
"1982305",0,0
"1982307",0,0
"1982371",0,0
"1982376",0,0
"1982378",0,0
"1982379",0,0
"1982381",0,0
"1982555",0,0
"1982556",0,0
"1982564",0,0
"1982565",0,0
"1982574",0,0
"1982575",0,0
"1982576",0,0
"1982577",0,0
"1982578",0,0
"1982584",0,0
"1982585",0,0
"1982591",0,0
"1982592",0,0
"1982594",0,0
"1982596",0,0
"1982660",0,0
"1982675",0,0
"1982756",0,0
"1982884",0,0
"1982885",0,0
"1982887",0,0
"1982917",0,0
"1982928",0,0
"1982929",0,0
"1983535",0,0
"1983561",0,0
"1983562",0,0
"1983563",0,0
"1983564",0,0
"1983569",0,0
"1983570",0,0
"1983739",0,0
"1983740",0,0
"1983744",0,0
"1983771",0,0
"1984773",0,0
"1984774",0,0
"1984775",0,0
"1984779",0,0
"1984788",0,0
"1984789",0,0
"1984790",0,0
"1984799",0,0
"1984800",0,0
"1985159",0,0
"1985178",0,0
"1985291",0,0
"1985292",0,0
"1985293",0,0
"1985304",0,0
"1985307",0,0
"1985308",0,0
"1985309",0,0
"1985310",0,0
"1985326",0,0
"1985327",0,0
"1985329",0,0
"1985336",0,0
"1985337",0,0
"1985339",0,0
"1985340",0,0
"1985353",0,0
"1985354",0,0
"1985365",0,0
"1985366",0,0
"1985368",0,0
"1985689",0,0
"1985690",0,0
"1985691",0,0
"1985693",0,0
"1985694",0,0
"1985695",0,0
"1985696",0,0
"1985697",0,0
"1985698",0,0
"1985699",0,0
"1985702",0,0
"1985703",0,0
"1985704",0,0
"1985706",0,0
"1985708",0,0
"1985710",0,0
"1985712",0,0
"1985713",0,0
"1985714",0,0
"1985715",0,0
"1985716",0,0
"1985717",0,0
"1985718",0,0
"1985722",0,0
"1985723",0,0
"1985724",0,0
"1985725",0,0
"1985726",0,0
"1985730",0,0
"1985738",0,0
"1985739",0,0
"1985740",0,0
"198589",0,0
"1985968",0,0
"1985982",0,0
"198599",0,0
"1986017",0,0
"1986020",0,0
"1986023",0,0
"1986024",0,0
"1986027",0,0
"1986029",0,0
"1986112",0,0
"1986113",0,0
"1986118",0,0
"1986950",0,0
"1986958",0,0
"1986960",0,0
"1987013",0,0
"1987018",0,0
"1987019",0,0
"1987123",0,0
"1987124",0,0
"1987125",0,0
"1987126",0,0
"1987127",0,0
"1987128",0,0
"1987146",0,0
"1987148",0,0
"1987149",0,0
"1987150",0,0
"1987152",0,0
"1987154",0,0
"1987155",0,0
"1987156",0,0
"1987157",0,0
"1987158",0,0
"1987360",0,0
"1987500",0,0
"1987727",0,0
"1987728",0,0
"1987938",0,0
"1987940",0,0
"1987942",0,0
"1987987",0,0
"1987988",0,0
"1987989",0,0
"1987993",0,0
"1987994",0,0
"198929",0,0
"1993639",0,0
"1993647",0,0
"1993649",0,0
"1993651",0,0
"1993652",0,0
"1993860",0,0
"1993862",0,0
"1993864",0,0
"1993876",0,0
"1993883",0,0
"1993884",0,0
"1993887",0,0
"1993889",0,0
"199587",0,0
"2003308",0,0
"2003327",0,0
"2003391",0,0
"2003398",0,0
"2003498",0,0
"2003499",0,0
"2003503",0,0
"2003505",0,0
"2003506",0,0
"2003649",0,0
"2003650",0,0
"2003651",0,0
"2003652",0,0
"2003678",0,0
"2003680",0,0
"2004457",0,0
"2004460",0,0
"2005044",0,0
"2005055",0,0
"2005463",0,0
"2005469",0,0
"2005691",0,0
"2005692",0,0
"2005693",0,0
"2005694",0,0
"2005695",0,0
"2005696",0,0
"2005700",0,0
"2005701",0,0
"2005702",0,0
"2006136",0,0
"2006158",0,0
"2006169",0,0
"2006170",0,0
"2006171",0,0
"2006177",0,0
"2006178",0,0
"2006180",0,0
"2006394",0,0
"2006498",0,0
"2006642",0,0
"2006928",0,0
"2010268",0,0
"2010269",0,0
"2010273",0,0
"2010275",0,0
"2010278",0,0
"2010279",0,0
"2010280",0,0
"2010281",0,0
"2010316",0,0
"2010317",0,0
"2010319",0,0
"2010321",0,0
"2010323",0,0
"2010326",0,0
"2010327",0,0
"2010331",0,0
"2010333",0,0
"2011073",0,0
"2011075",0,0
"2011077",0,0
"2011079",0,0
"2011081",0,0
"2011082",0,0
"2011088",0,0
"2012856",0,0
"2012857",0,0
"2013564",0,0
"2013968",0,0
"2014347",0,0
"2014434",0,0
"2014542",0,0
"201490",0,0
"2015372",0,0
"2015374",0,0
"2015375",0,0
"2015816",0,0
"2015864",0,0
"2016034",0,0
"2016426",0,0
"2016427",0,0
"2016448",0,0
"2016456",0,0
"2016460",0,0
"2016467",0,0
"2016517",0,0
"2017081",0,0
"2017082",0,0
"2017083",0,0
"2017714",0,0
"2017716",0,0
"2018312",0,0
"2018313",0,0
"201847",0,0
"2018471",0,0
"2018500",0,0
"2018501",0,0
"2018502",0,0
"2018503",0,0
"2018564",0,0
"201862",0,0
"2018685",0,0
"2019445",0,0
"2020286",0,0
"2020287",0,0
"2020881",0,0
"2021212",0,0
"2021666",0,0
"2021667",0,0
"2021738",0,0
"2022475",0,0
"2022738",0,0
"2022739",0,0
"2023155",0,0
"2024214",0,0
"2024274",0,0
"2024275",0,0
"2024277",0,0
"2024526",0,0
"2024611",0,0
"2024975",0,0
"2025079",0,0
"2025333",0,0
"2025338",0,0
"2025339",0,0
"2025388",0,0
"2025396",0,0
"2025397",0,0
"2025398",0,0
"2025595",0,0
"202568",0,0
"2026195",0,0
"2026248",0,0
"2026601",0,0
"2027243",0,0
"2027645",0,0
"2029303",0,0
"2029304",0,0
"2029305",0,0
"2029306",0,0
"2029771",0,0
"2030126",0,0
"2030909",0,0
"2030954",0,0
"2030964",0,0
"2031165",0,0
"2031200",0,0
"203168",0,0
"2032563",0,0
"2032573",0,0
"2032989",0,0
"2034157",0,0
"2034996",0,0
"2035708",0,0
"2038470",0,0
"2038729",0,0
"2039267",0,0
"2040624",0,0
"2040655",0,0
"2040657",0,0
"2040658",0,0
"2040659",0,0
"2040662",0,0
"2040663",0,0
"204090",0,0
"2041350",0,0
"2041419",0,0
"2041496",0,0
"2041504",0,0
"2041505",0,0
"2041855",0,0
"2041859",0,0
"204269",0,0
"2043550",0,0
"2044576",0,0
"2045186",0,0
"2045345",0,0
"2045373",0,0
"2045504",0,0
"2047761",0,0
"2047765",0,0
"2047786",0,0
"2047832",0,0
"204873",0,0
"204933",0,0
"2049444",0,0
"204987",0,0
"2049887",0,0
"2049888",0,0
"2049892",0,0
"2049893",0,0
"2049933",0,0
"2049937",0,0
"2049938",0,0
"2050018",0,0
"2050019",0,0
"2050020",0,0
"2050021",0,0
"2050037",0,0
"2050039",0,0
"2050971",0,0
"2050976",0,0
"2052157",0,0
"2052561",0,0
"2052563",0,0
"2053079",0,0
"2053080",0,0
"2053697",0,0
"2054611",0,0
"2054916",0,0
"2054920",0,0
"2055262",0,0
"2056161",0,0
"2056194",0,0
"2056385",0,0
"2056780",0,0
"2056878",0,0
"2056880",0,0
"2056881",0,0
"2056882",0,0
"2056886",0,0
"2057198",0,0
"2057942",0,0
"2058093",0,0
"2058298",0,0
"2058316",0,0
"2058317",0,0
"2058318",0,0
"2058324",0,0
"2058330",0,0
"2058396",0,0
"2058620",0,0
"2058884",0,0
"205895",0,0
"205896",0,0
"205899",0,0
"2060092",0,0
"2060093",0,0
"2060112",0,0
"2060142",0,0
"2060511",0,0
"2060778",0,0
"206392",0,0
"2065033",0,0
"2065202",0,0
"2065211",0,0
"2069319",0,0
"2069320",0,0
"2069321",0,0
"2069322",0,0
"2069323",0,0
"2069324",0,0
"2069325",0,0
"2069326",0,0
"2069608",0,0
"2069609",0,0
"2070152",0,0
"2070199",0,0
"207240",0,0
"2072410",0,0
"2073044",0,0
"2073163",0,0
"207343",0,0
"2074132",0,0
"2077300",0,0
"2077302",0,0
"2077303",0,0
"2077304",0,0
"2077305",0,0
"2077306",0,0
"2077307",0,0
"207809",0,0
"2079148",0,0
"2079458",0,0
"2079465",0,0
"2079554",0,0
"2080107",0,0
"2080823",0,0
"2081631",0,0
"2082385",0,0
"2082585",0,0
"2082586",0,0
"2082658",0,0
"2083181",0,0
"2083198",0,0
"2083199",0,0
"2083207",0,0
"2083275",0,0
"209052",0,0
"2093273",0,0
"2093274",0,0
"2093276",0,0
"2093496",0,0
"2093789",0,0
"2094187",0,0
"2094259",0,0
"2094260",0,0
"2094261",0,0
"2094282",0,0
"2094713",0,0
"2099352",0,0
"2099521",0,0
"2099567",0,0
"2100421",0,0
"2108109",0,0
"2108111",0,0
"2108200",0,0
"2108201",0,0
"2108204",0,0
"2108205",0,0
"210827",0,0
"2108549",0,0
"2109380",0,0
"211595",0,0
"2116174",0,0
"2116176",0,0
"2116179",0,0
"2116182",0,0
"2116188",0,0
"2116189",0,0
"2116195",0,0
"2116197",0,0
"2116198",0,0
"2116201",0,0
"2116202",0,0
"2116207",0,0
"2116210",0,0
"2116363",0,0
"2116384",0,0
"2116599",0,0
"2116702",0,0
"2116706",0,0
"211977",0,0
"2122733",0,0
"2126099",0,0
"213034",0,0
"2136037",0,0
"2136038",0,0
"213633",0,0
"2137352",0,0
"2137353",0,0
"2137354",0,0
"2137541",0,0
"2137542",0,0
"2137544",0,0
"2137546",0,0
"213769",0,0
"213775",0,0
"2137858",0,0
"2138326",0,0
"2144",0,0
"2144178",0,0
"214439",0,0
"215167",0,0
"215173",0,0
"2152567",0,0
"2152923",0,0
"2155",0,0
"2161803",0,0
"2161807",0,0
"2161809",0,0
"2161875",0,0
"2161876",0,0
"2161878",0,0
"2162637",0,0
"2162642",0,0
"2163422",0,0
"216371",0,0
"2163965",0,0
"2163996",0,0
"2164061",0,0
"2164100",0,0
"216614",0,0
"2169529",0,0
"2169571",0,0
"2169607",0,0
"2169622",0,0
"2169623",0,0
"2169624",0,0
"2169625",0,0
"2169643",0,0
"2169647",0,0
"2169666",0,0
"2169668",0,0
"2169669",0,0
"2169685",0,0
"2169687",0,0
"2169692",0,0
"2169693",0,0
"2169701",0,0
"2169708",0,0
"2169709",0,0
"2169721",0,0
"2169722",0,0
"2169723",0,0
"2169725",0,0
"2169734",0,0
"2169735",0,0
"2169738",0,0
"2169739",0,0
"2169740",0,0
"2169741",0,0
"2169742",0,0
"2169744",0,0
"2169747",0,0
"2169757",0,0
"2169760",0,0
"2169775",0,0
"2169798",0,0
"2169801",0,0
"2169802",0,0
"2169803",0,0
"2169807",0,0
"2169808",0,0
"2169809",0,0
"2169810",0,0
"2169814",0,0
"2169824",0,0
"2169825",0,0
"2169827",0,0
"2169829",0,0
"2169834",0,0
"2169843",0,0
"2169853",0,0
"2169854",0,0
"2169857",0,0
"2169858",0,0
"2169859",0,0
"2169860",0,0
"2169861",0,0
"2169866",0,0
"2169867",0,0
"2169876",0,0
"2169877",0,0
"2169878",0,0
"2169879",0,0
"2169880",0,0
"2169881",0,0
"2169884",0,0
"2169885",0,0
"2169886",0,0
"2169893",0,0
"2169894",0,0
"2169902",0,0
"2169904",0,0
"2169905",0,0
"2169918",0,0
"2169919",0,0
"2169920",0,0
"2169923",0,0
"2169925",0,0
"2169926",0,0
"2169936",0,0
"2169937",0,0
"2169960",0,0
"2169961",0,0
"2169966",0,0
"2169970",0,0
"2169971",0,0
"2169973",0,0
"2169974",0,0
"2169975",0,0
"2169976",0,0
"2169978",0,0
"2169979",0,0
"2169980",0,0
"2169981",0,0
"2169991",0,0
"2170000",0,0
"2170001",0,0
"2170004",0,0
"2170005",0,0
"2170006",0,0
"2170008",0,0
"2170030",0,0
"2170041",0,0
"2170044",0,0
"2170045",0,0
"2170046",0,0
"2170047",0,0
"2170049",0,0
"2170050",0,0
"2170052",0,0
"2170053",0,0
"2170061",0,0
"2170064",0,0
"2170098",0,0
"2170100",0,0
"2170103",0,0
"2170105",0,0
"2170106",0,0
"2170108",0,0
"2170109",0,0
"2170110",0,0
"2170114",0,0
"2170115",0,0
"2170119",0,0
"2170121",0,0
"2170123",0,0
"2170124",0,0
"2170132",0,0
"2170135",0,0
"2170139",0,0
"2170170",0,0
"2170191",0,0
"2170193",0,0
"2170194",0,0
"2170195",0,0
"2170197",0,0
"2170198",0,0
"2170199",0,0
"2170200",0,0
"2170203",0,0
"2170204",0,0
"2170205",0,0
"2170206",0,0
"2170216",0,0
"2170217",0,0
"2170221",0,0
"2170222",0,0
"2170224",0,0
"2170233",0,0
"2170234",0,0
"2170235",0,0
"2170237",0,0
"2170240",0,0
"2170246",0,0
"2170247",0,0
"2170248",0,0
"2170250",0,0
"2170251",0,0
"2170255",0,0
"2170256",0,0
"2170403",0,0
"2170408",0,0
"2170423",0,0
"2172548",0,0
"2174902",0,0
"2174956",0,0
"2175117",0,0
"2175118",0,0
"2175329",0,0
"217615",0,0
"217686",0,0
"2182344",0,0
"2182395",0,0
"2182585",0,0
"2184051",0,0
"2184399",0,0
"2185086",0,0
"2185281",0,0
"218667",0,0
"218849",0,0
"218923",0,0
"219174",0,0
"219299",0,0
"219584",0,0
"219596",0,0
"219744",0,0
"2198",0,0
"2200716",0,0
"2200830",0,0
"2200955",0,0
"2201042",0,0
"2202146",0,0
"2202225",0,0
"2202647",0,0
"220340",0,0
"2204155",0,0
"220608",0,0
"220812",0,0
"221036",0,0
"221054",0,0
"2211641",0,0
"2212477",0,0
"221262",0,0
"2213167",0,0
"2213168",0,0
"2218594",0,0
"2218617",0,0
"2218619",0,0
"2219092",0,0
"2219118",0,0
"2219120",0,0
"2219133",0,0
"2219134",0,0
"2219137",0,0
"2219138",0,0
"2219139",0,0
"2219143",0,0
"2219217",0,0
"2220",0,0
"2220002",0,0
"2220003",0,0
"222079",0,0
"222450",0,0
"222474",0,0
"222557",0,0
"222645",0,0
"2231334",0,0
"2231706",0,0
"223252",0,0
"223260",0,0
"223262",0,0
"223264",0,0
"223282",0,0
"223284",0,0
"223287",0,0
"2233",0,0
"223301",0,0
"223303",0,0
"223305",0,0
"223307",0,0
"223308",0,0
"223313",0,0
"223314",0,0
"223316",0,0
"223317",0,0
"223321",0,0
"223323",0,0
"223324",0,0
"223332",0,0
"223337",0,0
"223342",0,0
"223344",0,0
"223345",0,0
"223346",0,0
"223347",0,0
"223352",0,0
"223356",0,0
"223358",0,0
"2234086",0,0
"223901",0,0
"224578",0,0
"2250219",0,0
"2250368",0,0
"2250389",0,0
"2250412",0,0
"2250452",0,0
"2259335",0,0
"226584",0,0
"226613",0,0
"2267265",0,0
"2267679",0,0
"2268",0,0
"2268743",0,0
"2273",0,0
"227507",0,0
"2279",0,0
"2282173",0,0
"2282485",0,0
"2282642",0,0
"2282643",0,0
"2282644",0,0
"2282645",0,0
"2282646",0,0
"2283027",0,0
"2283028",0,0
"2283236",0,0
"2283388",0,0
"2283800",0,0
"228578",0,0
"228582",0,0
"228897",0,0
"229030",0,0
"2292642",0,0
"2292651",0,0
"2293277",0,0
"2293280",0,0
"2293285",0,0
"2293289",0,0
"2293290",0,0
"2293291",0,0
"2293292",0,0
"2293294",0,0
"2293295",0,0
"2293296",0,0
"2293298",0,0
"2293300",0,0
"2293304",0,0
"2293305",0,0
"2293309",0,0
"2293310",0,0
"2293720",0,0
"2294149",0,0
"2294150",0,0
"2294151",0,0
"2294152",0,0
"2294156",0,0
"230158",0,0
"2301635",0,0
"2301693",0,0
"2301720",0,0
"2301721",0,0
"2301722",0,0
"2301732",0,0
"2302",0,0
"2303160",0,0
"2303411",0,0
"2303527",0,0
"2304056",0,0
"2304463",0,0
"2304477",0,0
"2304505",0,0
"2304510",0,0
"2304516",0,0
"2304618",0,0
"2304619",0,0
"2304620",0,0
"2304647",0,0
"2305250",0,0
"2305257",0,0
"2305465",0,0
"2306623",0,0
"2306727",0,0
"2306813",0,0
"230871",0,0
"231374",0,0
"2315478",0,0
"2315627",0,0
"2315724",0,0
"2315803",0,0
"2315806",0,0
"2315807",0,0
"2315809",0,0
"2315813",0,0
"2316020",0,0
"2320184",0,0
"2320522",0,0
"2320870",0,0
"2321187",0,0
"232380",0,0
"232800",0,0
"233051",0,0
"2338394",0,0
"233894",0,0
"2340808",0,0
"2358449",0,0
"2364201",0,0
"2364202",0,0
"2364281",0,0
"2364291",0,0
"2364644",0,0
"2364645",0,0
"2365005",0,0
"2365010",0,0
"2365012",0,0
"2365015",0,0
"2365016",0,0
"2365017",0,0
"2365021",0,0
"2365026",0,0
"2365027",0,0
"2365028",0,0
"2365030",0,0
"2365031",0,0
"2365032",0,0
"2365037",0,0
"2365038",0,0
"2365039",0,0
"2365041",0,0
"2365042",0,0
"2365043",0,0
"2365044",0,0
"2365045",0,0
"2365048",0,0
"2365051",0,0
"2365055",0,0
"2365056",0,0
"237020",0,0
"237716",0,0
"2382122",0,0
"239",0,0
"239365",0,0
"240865",0,0
"241651",0,0
"2419628",0,0
"2419630",0,0
"2419631",0,0
"2419632",0,0
"2419635",0,0
"2419636",0,0
"2419638",0,0
"2419640",0,0
"2419649",0,0
"2419660",0,0
"2419666",0,0
"2419747",0,0
"2419748",0,0
"2419804",0,0
"2419805",0,0
"2419940",0,0
"2420308",0,0
"2420309",0,0
"2420310",0,0
"243550",0,0
"243563",0,0
"244050",0,0
"245685",0,0
"246144",0,0
"246280",0,0
"2468",0,0
"2474",0,0
"2479372",0,0
"2480172",0,0
"2480175",0,0
"2480177",0,0
"2480178",0,0
"2480179",0,0
"2480188",0,0
"2480193",0,0
"2483307",0,0
"2483661",0,0
"2483878",0,0
"2486070",0,0
"2486281",0,0
"2486665",0,0
"2488595",0,0
"2488596",0,0
"2488957",0,0
"2490812",0,0
"2490813",0,0
"2490814",0,0
"2490815",0,0
"2490817",0,0
"2491019",0,0
"2491323",0,0
"249184",0,0
"2492466",0,0
"2492468",0,0
"2493107",0,0
"2493109",0,0
"2494552",0,0
"249583",0,0
"249584",0,0
"2496634",0,0
"2499159",0,0
"2499242",0,0
"2499618",0,0
"2499620",0,0
"2499622",0,0
"2499625",0,0
"2499677",0,0
"2499678",0,0
"2499680",0,0
"2499685",0,0
"2499930",0,0
"2499932",0,0
"2500166",0,0
"2500543",0,0
"2501272",0,0
"2501925",0,0
"2501926",0,0
"2501927",0,0
"2501928",0,0
"2501929",0,0
"2501933",0,0
"2501934",0,0
"2501935",0,0
"2501936",0,0
"2501937",0,0
"2501938",0,0
"2501942",0,0
"2501943",0,0
"2501944",0,0
"2501945",0,0
"2501946",0,0
"2501948",0,0
"2501950",0,0
"2501954",0,0
"2501955",0,0
"2501956",0,0
"2501957",0,0
"2501958",0,0
"2501961",0,0
"2501962",0,0
"2501964",0,0
"2501965",0,0
"2501966",0,0
"2501969",0,0
"2501999",0,0
"2502000",0,0
"2507301",0,0
"2507303",0,0
"2507320",0,0
"2507498",0,0
"2507499",0,0
"2507500",0,0
"2507501",0,0
"2507502",0,0
"2507503",0,0
"2507504",0,0
"2507505",0,0
"2507689",0,0
"2508185",0,0
"2508186",0,0
"2508187",0,0
"2508203",0,0
"2508233",0,0
"2508235",0,0
"2508251",0,0
"2508252",0,0
"2508254",0,0
"2508255",0,0
"2508259",0,0
"2509266",0,0
"2509379",0,0
"2509380",0,0
"2509381",0,0
"2509382",0,0
"2509383",0,0
"2509586",0,0
"2509748",0,0
"2509750",0,0
"2509781",0,0
"2510428",0,0
"2517212",0,0
"2518008",0,0
"2518373",0,0
"2528965",0,0
"2530021",0,0
"2530028",0,0
"2530161",0,0
"253700",0,0
"253701",0,0
"253702",0,0
"2544873",0,0
"2544984",0,0
"2546034",0,0
"2547312",0,0
"2547432",0,0
"255066",0,0
"255238",0,0
"255255",0,0
"255431",0,0
"2557875",0,0
"2557970",0,0
"2558055",0,0
"2558066",0,0
"2558458",0,0
"2560092",0,0
"2560099",0,0
"2560102",0,0
"2560127",0,0
"2560128",0,0
"2560131",0,0
"2560133",0,0
"2560141",0,0
"2560144",0,0
"2560149",0,0
"2560153",0,0
"2560156",0,0
"2560172",0,0
"2560176",0,0
"2560189",0,0
"2560196",0,0
"2560197",0,0
"2560202",0,0
"2560210",0,0
"2560226",0,0
"2560233",0,0
"2560238",0,0
"2560244",0,0
"2560245",0,0
"2560248",0,0
"2560255",0,0
"2560256",0,0
"2560259",0,0
"2560260",0,0
"2560262",0,0
"2560263",0,0
"2560264",0,0
"2560268",0,0
"2560272",0,0
"2560273",0,0
"2560274",0,0
"2560275",0,0
"2560276",0,0
"2560279",0,0
"2560280",0,0
"2560281",0,0
"2560282",0,0
"2560283",0,0
"2560284",0,0
"2560285",0,0
"2560287",0,0
"2560288",0,0
"2560289",0,0
"2560290",0,0
"2560291",0,0
"2560292",0,0
"2560293",0,0
"2560299",0,0
"2560304",0,0
"2560307",0,0
"2560308",0,0
"2560309",0,0
"2560329",0,0
"2560340",0,0
"2560343",0,0
"2560350",0,0
"2560353",0,0
"2560354",0,0
"2560355",0,0
"2560358",0,0
"2560367",0,0
"2560370",0,0
"2560376",0,0
"2560377",0,0
"2560379",0,0
"2560381",0,0
"2560384",0,0
"2560386",0,0
"2560389",0,0
"2560392",0,0
"2560393",0,0
"2560394",0,0
"2560397",0,0
"2560398",0,0
"2560399",0,0
"2560409",0,0
"2560415",0,0
"2560416",0,0
"2560417",0,0
"2560418",0,0
"2560419",0,0
"2560420",0,0
"2560421",0,0
"2560422",0,0
"2560423",0,0
"2560424",0,0
"2560425",0,0
"2560426",0,0
"2560427",0,0
"2560428",0,0
"2560430",0,0
"2560431",0,0
"2560432",0,0
"2560433",0,0
"2560436",0,0
"2560437",0,0
"2560438",0,0
"2560439",0,0
"2560442",0,0
"2560444",0,0
"2560445",0,0
"2560446",0,0
"2560447",0,0
"2560448",0,0
"2560449",0,0
"2560451",0,0
"2560452",0,0
"2560453",0,0
"2560454",0,0
"2560455",0,0
"2560456",0,0
"2560460",0,0
"2560464",0,0
"2560466",0,0
"2560469",0,0
"2560470",0,0
"2560471",0,0
"2560472",0,0
"2560473",0,0
"2560474",0,0
"2560478",0,0
"2560482",0,0
"2560496",0,0
"2560497",0,0
"2560510",0,0
"2560513",0,0
"2560515",0,0
"2560531",0,0
"2560534",0,0
"2560535",0,0
"2560540",0,0
"2560541",0,0
"2560542",0,0
"2560543",0,0
"2560544",0,0
"2560546",0,0
"2560548",0,0
"2560551",0,0
"2560552",0,0
"2560553",0,0
"2560554",0,0
"2560555",0,0
"2560557",0,0
"2560560",0,0
"2560561",0,0
"2560574",0,0
"2560578",0,0
"2560579",0,0
"2560597",0,0
"2560598",0,0
"2560604",0,0
"2560606",0,0
"2560612",0,0
"2560618",0,0
"2560620",0,0
"2560621",0,0
"2560622",0,0
"2560623",0,0
"2560629",0,0
"2560630",0,0
"2560632",0,0
"2560633",0,0
"2560634",0,0
"2560636",0,0
"2560640",0,0
"2560644",0,0
"2560648",0,0
"2560649",0,0
"2560651",0,0
"2560652",0,0
"2560653",0,0
"2560654",0,0
"2560656",0,0
"2560660",0,0
"2560661",0,0
"2560662",0,0
"2560664",0,0
"2560666",0,0
"2560667",0,0
"2560668",0,0
"2560672",0,0
"2560673",0,0
"2560674",0,0
"2560676",0,0
"2560678",0,0
"2560680",0,0
"2560684",0,0
"2560685",0,0
"2560687",0,0
"2560690",0,0
"2560692",0,0
"2560695",0,0
"2560697",0,0
"2560699",0,0
"2560701",0,0
"2560702",0,0
"2560704",0,0
"2560706",0,0
"2560722",0,0
"2560723",0,0
"2560724",0,0
"2560727",0,0
"2560728",0,0
"2560729",0,0
"2560731",0,0
"2560732",0,0
"2560733",0,0
"2560734",0,0
"2560735",0,0
"2560736",0,0
"2560738",0,0
"2560740",0,0
"2560744",0,0
"2560745",0,0
"2560747",0,0
"2560748",0,0
"2560752",0,0
"2560753",0,0
"2560755",0,0
"2560756",0,0
"2560757",0,0
"2560758",0,0
"2560759",0,0
"2560760",0,0
"2560761",0,0
"2560762",0,0
"2560763",0,0
"2560774",0,0
"2560775",0,0
"2560781",0,0
"2560786",0,0
"2560788",0,0
"2560790",0,0
"2560791",0,0
"2560804",0,0
"2560809",0,0
"2560811",0,0
"2560812",0,0
"2560814",0,0
"2560822",0,0
"2560829",0,0
"2560836",0,0
"2560839",0,0
"2560842",0,0
"2560843",0,0
"2560845",0,0
"2562174",0,0
"2562518",0,0
"2562807",0,0
"256325",0,0
"2563665",0,0
"2563666",0,0
"2563671",0,0
"2565372",0,0
"2565557",0,0
"2569569",0,0
"2569586",0,0
"2571",0,0
"2571287",0,0
"2572050",0,0
"2572065",0,0
"2572069",0,0
"2572074",0,0
"2572082",0,0
"2572083",0,0
"2572084",0,0
"2572085",0,0
"257277",0,0
"2575",0,0
"2575357",0,0
"2575832",0,0
"2576606",0,0
"2576763",0,0
"2578115",0,0
"2580409",0,0
"2582827",0,0
"2583589",0,0
"2583590",0,0
"2583591",0,0
"2583592",0,0
"2583593",0,0
"2586199",0,0
"2586645",0,0
"2587564",0,0
"2587565",0,0
"2587857",0,0
"2587859",0,0
"2587863",0,0
"2587864",0,0
"2587866",0,0
"2587867",0,0
"2587869",0,0
"2588096",0,0
"2589659",0,0
"2589991",0,0
"2589992",0,0
"2590931",0,0
"2591025",0,0
"2591069",0,0
"2591110",0,0
"2591379",0,0
"2591406",0,0
"2591635",0,0
"2591696",0,0
"2592163",0,0
"2592193",0,0
"2592216",0,0
"2593322",0,0
"2593324",0,0
"2593327",0,0
"2593331",0,0
"2593656",0,0
"2593922",0,0
"2596676",0,0
"2596709",0,0
"2596714",0,0
"2596827",0,0
"2596881",0,0
"2596882",0,0
"2596883",0,0
"2596899",0,0
"2596902",0,0
"2597809",0,0
"259901",0,0
"2599343",0,0
"2599622",0,0
"2600160",0,0
"2600161",0,0
"2600347",0,0
"260121",0,0
"2601256",0,0
"2601269",0,0
"2601608",0,0
"2601630",0,0
"2601635",0,0
"2601660",0,0
"2603244",0,0
"2603245",0,0
"2603322",0,0
"2603436",0,0
"260374",0,0
"260375",0,0
"260378",0,0
"260379",0,0
"2603849",0,0
"2604334",0,0
"2607629",0,0
"2608085",0,0
"2608320",0,0
"2608606",0,0
"2608978",0,0
"260908",0,0
"260909",0,0
"260915",0,0
"260917",0,0
"2609813",0,0
"261164",0,0
"261726",0,0
"261827",0,0
"262078",0,0
"262588",0,0
"263001",0,0
"263004",0,0
"263793",0,0
"2651595",0,0
"2652411",0,0
"2652880",0,0
"265294",0,0
"2653507",0,0
"2653508",0,0
"2653709",0,0
"2653718",0,0
"2654843",0,0
"2655",0,0
"2656740",0,0
"265877",0,0
"2660749",0,0
"2660760",0,0
"2661817",0,0
"2661922",0,0
"2662136",0,0
"2662277",0,0
"2662283",0,0
"2663234",0,0
"2664131",0,0
"2664236",0,0
"2664939",0,0
"2664940",0,0
"2664941",0,0
"2664942",0,0
"2666132",0,0
"266799",0,0
"2672571",0,0
"267285",0,0
"2676436",0,0
"2678528",0,0
"267970",0,0
"2681674",0,0
"2682577",0,0
"2683043",0,0
"2683823",0,0
"2686202",0,0
"2686238",0,0
"2686301",0,0
"2686305",0,0
"2689370",0,0
"269145",0,0
"269213",0,0
"269277",0,0
"2696355",0,0
"2696356",0,0
"2696386",0,0
"2696411",0,0
"2696416",0,0
"2696442",0,0
"2696462",0,0
"2699468",0,0
"270117",0,0
"270146",0,0
"2703869",0,0
"2704172",0,0
"270478",0,0
"2705123",0,0
"2706523",0,0
"270673",0,0
"2708350",0,0
"2709781",0,0
"2711183",0,0
"2711185",0,0
"2712025",0,0
"271257",0,0
"2712833",0,0
"2712846",0,0
"2712941",0,0
"2712957",0,0
"2712970",0,0
"2712971",0,0
"2712977",0,0
"2712979",0,0
"2713208",0,0
"2713263",0,0
"2713283",0,0
"2713289",0,0
"2713291",0,0
"2713293",0,0
"2713302",0,0
"2713326",0,0
"2714177",0,0
"2715094",0,0
"2715962",0,0
"2719181",0,0
"2719194",0,0
"2719198",0,0
"2720886",0,0
"2721748",0,0
"2721749",0,0
"2723896",0,0
"2725651",0,0
"2725997",0,0
"272751",0,0
"2730579",0,0
"2730845",0,0
"2730846",0,0
"2730850",0,0
"2730854",0,0
"2731622",0,0
"2731624",0,0
"2731625",0,0
"2731674",0,0
"2731675",0,0
"2731677",0,0
"2731690",0,0
"2731691",0,0
"2731935",0,0
"2731937",0,0
"2731941",0,0
"2731958",0,0
"2731966",0,0
"2731981",0,0
"2731985",0,0
"2731989",0,0
"2732019",0,0
"2732020",0,0
"2732022",0,0
"2732023",0,0
"2732028",0,0
"2732029",0,0
"2732033",0,0
"2732034",0,0
"2732035",0,0
"2732037",0,0
"2732038",0,0
"2732062",0,0
"2732254",0,0
"2732554",0,0
"2732555",0,0
"2732589",0,0
"2732591",0,0
"2732595",0,0
"2732596",0,0
"2732597",0,0
"2732598",0,0
"2732599",0,0
"2732600",0,0
"2732603",0,0
"2732604",0,0
"2732605",0,0
"2732655",0,0
"2732675",0,0
"2732677",0,0
"2732679",0,0
"2732688",0,0
"2732697",0,0
"2732698",0,0
"2732699",0,0
"2732700",0,0
"2732701",0,0
"2732704",0,0
"2732705",0,0
"2732708",0,0
"2732709",0,0
"2732710",0,0
"2732711",0,0
"2732712",0,0
"2732713",0,0
"2732714",0,0
"2732762",0,0
"2732763",0,0
"2732764",0,0
"2732776",0,0
"2732777",0,0
"2732778",0,0
"2732779",0,0
"2732780",0,0
"2732781",0,0
"2732782",0,0
"2732783",0,0
"2732784",0,0
"2732785",0,0
"2732786",0,0
"2732787",0,0
"2732788",0,0
"2732789",0,0
"2732877",0,0
"2732892",0,0
"2732913",0,0
"2732916",0,0
"2732917",0,0
"2732918",0,0
"2732921",0,0
"2732926",0,0
"2732928",0,0
"2732930",0,0
"2732939",0,0
"2732960",0,0
"2732962",0,0
"2732964",0,0
"2732965",0,0
"2732968",0,0
"2732970",0,0
"2732972",0,0
"2733098",0,0
"2733104",0,0
"2733112",0,0
"2733117",0,0
"2733122",0,0
"2733127",0,0
"2733130",0,0
"2733142",0,0
"2733146",0,0
"2733150",0,0
"2733161",0,0
"2733162",0,0
"2733167",0,0
"2733174",0,0
"2733175",0,0
"2733203",0,0
"2733205",0,0
"2733316",0,0
"2733317",0,0
"2733318",0,0
"2733319",0,0
"2733320",0,0
"2733321",0,0
"2733322",0,0
"2733326",0,0
"2733327",0,0
"2733328",0,0
"2733332",0,0
"2733335",0,0
"2733337",0,0
"2733338",0,0
"2733339",0,0
"2733340",0,0
"2733342",0,0
"2733343",0,0
"2733345",0,0
"2733346",0,0
"2733348",0,0
"2733349",0,0
"2733352",0,0
"2733356",0,0
"2733357",0,0
"2733358",0,0
"2733359",0,0
"2733360",0,0
"2733362",0,0
"2733363",0,0
"2733366",0,0
"2733367",0,0
"2733369",0,0
"2733371",0,0
"2733372",0,0
"2733373",0,0
"2733374",0,0
"2733375",0,0
"2733377",0,0
"2733574",0,0
"2733575",0,0
"2733576",0,0
"2733577",0,0
"2733578",0,0
"2733579",0,0
"2733581",0,0
"2733583",0,0
"2733585",0,0
"2733586",0,0
"2733587",0,0
"2733588",0,0
"2733600",0,0
"2733601",0,0
"2733602",0,0
"2733606",0,0
"2733607",0,0
"2733608",0,0
"2733609",0,0
"2733610",0,0
"2733611",0,0
"2733612",0,0
"2733613",0,0
"2733615",0,0
"2733616",0,0
"2733617",0,0
"2733618",0,0
"2733620",0,0
"2733622",0,0
"2733625",0,0
"2733627",0,0
"2733628",0,0
"2733630",0,0
"2733631",0,0
"2733632",0,0
"2733633",0,0
"2733634",0,0
"2733635",0,0
"2733637",0,0
"2733638",0,0
"2733639",0,0
"2733640",0,0
"2733641",0,0
"2733642",0,0
"2733643",0,0
"2733645",0,0
"2733646",0,0
"2733647",0,0
"2733649",0,0
"2733650",0,0
"2733651",0,0
"2733652",0,0
"2733653",0,0
"2733654",0,0
"2733657",0,0
"2733658",0,0
"2733659",0,0
"2733660",0,0
"2733661",0,0
"2733663",0,0
"2733665",0,0
"2733666",0,0
"2733667",0,0
"2733668",0,0
"2733669",0,0
"2733670",0,0
"2733671",0,0
"2733672",0,0
"2733673",0,0
"2733674",0,0
"2733675",0,0
"2733676",0,0
"2733677",0,0
"2733678",0,0
"2733679",0,0
"2733680",0,0
"2733681",0,0
"2733682",0,0
"2733683",0,0
"2733685",0,0
"2733871",0,0
"2733872",0,0
"2733873",0,0
"2733874",0,0
"2733875",0,0
"2733877",0,0
"2733878",0,0
"2733880",0,0
"2733881",0,0
"2733884",0,0
"2733885",0,0
"2733886",0,0
"2733889",0,0
"2733891",0,0
"2733894",0,0
"2733897",0,0
"2733900",0,0
"2733901",0,0
"2733902",0,0
"2733903",0,0
"2733904",0,0
"2733905",0,0
"2733906",0,0
"2733907",0,0
"2733916",0,0
"2733917",0,0
"2733921",0,0
"2733923",0,0
"2733924",0,0
"2733925",0,0
"2733928",0,0
"2733930",0,0
"2733931",0,0
"2733932",0,0
"2733933",0,0
"2733935",0,0
"2733936",0,0
"2733937",0,0
"2733940",0,0
"2733943",0,0
"2733944",0,0
"2733945",0,0
"2733949",0,0
"2733950",0,0
"2733953",0,0
"2733955",0,0
"2733957",0,0
"2733961",0,0
"2733962",0,0
"2733964",0,0
"2733968",0,0
"2733969",0,0
"2733970",0,0
"2733972",0,0
"2733973",0,0
"2733974",0,0
"2733976",0,0
"2733977",0,0
"2733979",0,0
"2733981",0,0
"2733982",0,0
"2733983",0,0
"2733984",0,0
"2733985",0,0
"2733988",0,0
"2733990",0,0
"2733991",0,0
"2733992",0,0
"2733993",0,0
"2733994",0,0
"2733995",0,0
"2733998",0,0
"2734001",0,0
"2734002",0,0
"2734003",0,0
"2734004",0,0
"2734005",0,0
"2734007",0,0
"2734008",0,0
"2734009",0,0
"2734010",0,0
"2734011",0,0
"2734012",0,0
"2734013",0,0
"2734014",0,0
"2734016",0,0
"2734018",0,0
"2734019",0,0
"2734021",0,0
"2734022",0,0
"2734023",0,0
"2734024",0,0
"2734026",0,0
"2734027",0,0
"2734028",0,0
"2734029",0,0
"2734030",0,0
"2734031",0,0
"2734032",0,0
"2734033",0,0
"2734034",0,0
"2734035",0,0
"2734037",0,0
"2734038",0,0
"2734040",0,0
"2734041",0,0
"2734042",0,0
"2734043",0,0
"2734044",0,0
"2734046",0,0
"2734047",0,0
"2734050",0,0
"2734051",0,0
"2734056",0,0
"2734057",0,0
"2734059",0,0
"2734061",0,0
"2734064",0,0
"2734070",0,0
"2734072",0,0
"2734073",0,0
"2734076",0,0
"2734082",0,0
"2734085",0,0
"2734087",0,0
"2734091",0,0
"2734092",0,0
"2734093",0,0
"2734094",0,0
"2734097",0,0
"2734098",0,0
"2734100",0,0
"2734101",0,0
"2734105",0,0
"2734109",0,0
"2734110",0,0
"2734117",0,0
"2734118",0,0
"2734122",0,0
"2734124",0,0
"2734130",0,0
"2734132",0,0
"2734133",0,0
"2734136",0,0
"2734137",0,0
"2734139",0,0
"2734144",0,0
"2734148",0,0
"2734150",0,0
"2734152",0,0
"2734154",0,0
"2734155",0,0
"2734156",0,0
"2734157",0,0
"2734161",0,0
"2734162",0,0
"2734163",0,0
"2734186",0,0
"2734197",0,0
"2734201",0,0
"2734204",0,0
"2734207",0,0
"2734208",0,0
"2734209",0,0
"2734211",0,0
"2734212",0,0
"2734232",0,0
"2734233",0,0
"2734234",0,0
"2734257",0,0
"2734265",0,0
"2734267",0,0
"2734269",0,0
"2734270",0,0
"2734275",0,0
"2734294",0,0
"2734295",0,0
"2734328",0,0
"2734332",0,0
"2734334",0,0
"2734335",0,0
"2734336",0,0
"2734338",0,0
"2734339",0,0
"2734340",0,0
"2734341",0,0
"2734345",0,0
"2734347",0,0
"2734348",0,0
"2734352",0,0
"2734366",0,0
"2734367",0,0
"2734368",0,0
"2734370",0,0
"2734371",0,0
"2734372",0,0
"2734373",0,0
"2734375",0,0
"2734376",0,0
"2734377",0,0
"2734379",0,0
"2734380",0,0
"2734382",0,0
"2734383",0,0
"2734384",0,0
"2734385",0,0
"2734386",0,0
"2734387",0,0
"2734388",0,0
"2734389",0,0
"2734390",0,0
"2734392",0,0
"2734394",0,0
"2734395",0,0
"2734396",0,0
"2734397",0,0
"2734398",0,0
"2734399",0,0
"2734401",0,0
"2734402",0,0
"2734403",0,0
"2734404",0,0
"2734405",0,0
"2734406",0,0
"2734408",0,0
"2734409",0,0
"2734410",0,0
"2734414",0,0
"2734418",0,0
"2734422",0,0
"2734427",0,0
"2734433",0,0
"2734434",0,0
"2734435",0,0
"2734436",0,0
"2734437",0,0
"2734438",0,0
"2734439",0,0
"2734485",0,0
"2734488",0,0
"2734500",0,0
"2734501",0,0
"2734502",0,0
"2734503",0,0
"2734511",0,0
"2734512",0,0
"2734513",0,0
"2734515",0,0
"2734518",0,0
"2734519",0,0
"2734523",0,0
"2734524",0,0
"2734525",0,0
"2734535",0,0
"2734536",0,0
"2734551",0,0
"2734554",0,0
"2734555",0,0
"2734556",0,0
"2734560",0,0
"2734561",0,0
"2734567",0,0
"2734569",0,0
"2734572",0,0
"2734573",0,0
"2734577",0,0
"2734582",0,0
"2734585",0,0
"2734588",0,0
"2734591",0,0
"2734593",0,0
"2734595",0,0
"2734846",0,0
"2735301",0,0
"2736272",0,0
"2736647",0,0
"2736691",0,0
"2737068",0,0
"2737072",0,0
"2737073",0,0
"273810",0,0
"2738413",0,0
"2738469",0,0
"2738555",0,0
"2738837",0,0
"2741068",0,0
"2741642",0,0
"2741717",0,0
"2741801",0,0
"2742113",0,0
"2742620",0,0
"2742621",0,0
"2742628",0,0
"2742631",0,0
"2742640",0,0
"2742642",0,0
"2742644",0,0
"2742647",0,0
"2742948",0,0
"2743971",0,0
"2744412",0,0
"2745133",0,0
"2745565",0,0
"2745566",0,0
"2745890",0,0
"2745891",0,0
"2745892",0,0
"2745894",0,0
"2746248",0,0
"2746363",0,0
"2746925",0,0
"2746928",0,0
"2747210",0,0
"2747317",0,0
"2747318",0,0
"2747319",0,0
"2747322",0,0
"2747323",0,0
"2747343",0,0
"2747940",0,0
"2748241",0,0
"2748244",0,0
"2748249",0,0
"2748250",0,0
"2748254",0,0
"2748302",0,0
"2748378",0,0
"2748762",0,0
"2748764",0,0
"2748958",0,0
"2748959",0,0
"2748967",0,0
"2748968",0,0
"2748973",0,0
"2749260",0,0
"2749412",0,0
"2749668",0,0
"2749927",0,0
"2749931",0,0
"2749935",0,0
"2751480",0,0
"2752331",0,0
"2753656",0,0
"2754975",0,0
"2754999",0,0
"2755000",0,0
"2755147",0,0
"2755482",0,0
"2755483",0,0
"2755484",0,0
"2755588",0,0
"2759195",0,0
"2759197",0,0
"2759403",0,0
"2759404",0,0
"2759405",0,0
"2759407",0,0
"2759464",0,0
"2759706",0,0
"2761539",0,0
"2762326",0,0
"2762327",0,0
"2762415",0,0
"2762426",0,0
"2762427",0,0
"2762429",0,0
"2762819",0,0
"2763527",0,0
"2763538",0,0
"2764701",0,0
"2766566",0,0
"2767029",0,0
"2767265",0,0
"2769078",0,0
"2769516",0,0
"2771210",0,0
"2771212",0,0
"2771380",0,0
"2771381",0,0
"2772448",0,0
"2776148",0,0
"2776703",0,0
"2777364",0,0
"2777710",0,0
"2777947",0,0
"2778077",0,0
"2778671",0,0
"2781641",0,0
"2782564",0,0
"2783546",0,0
"2783549",0,0
"2783667",0,0
"2783673",0,0
"2785212",0,0
"2787157",0,0
"2789855",0,0
"2790029",0,0
"2791164",0,0
"2793719",0,0
"2793721",0,0
"2793722",0,0
"2793723",0,0
"2793728",0,0
"2793733",0,0
"2793737",0,0
"2793738",0,0
"2793742",0,0
"2793743",0,0
"2793799",0,0
"2794960",0,0
"2795181",0,0
"2795238",0,0
"279539",0,0
"2795688",0,0
"2795689",0,0
"2795692",0,0
"2798807",0,0
"2801326",0,0
"2801354",0,0
"2801356",0,0
"2801357",0,0
"2801553",0,0
"2801566",0,0
"2802554",0,0
"28034",0,0
"2803865",0,0
"2805839",0,0
"2805939",0,0
"280702",0,0
"2809160",0,0
"2810280",0,0
"2810370",0,0
"2810799",0,0
"2810802",0,0
"2810803",0,0
"2810810",0,0
"2811963",0,0
"2812031",0,0
"2812900",0,0
"2814367",0,0
"2816460",0,0
"2816467",0,0
"2816839",0,0
"2816840",0,0
"2816906",0,0
"2816951",0,0
"2816952",0,0
"2816953",0,0
"2817418",0,0
"28176",0,0
"2817738",0,0
"2818228",0,0
"2819097",0,0
"2819102",0,0
"2819996",0,0
"2820912",0,0
"2822843",0,0
"2824520",0,0
"2824522",0,0
"2824647",0,0
"2825847",0,0
"282712",0,0
"2827439",0,0
"2829367",0,0
"28295",0,0
"2829853",0,0
"28300",0,0
"2830843",0,0
"2831178",0,0
"2831671",0,0
"2831966",0,0
"28322",0,0
"2832322",0,0
"2833771",0,0
"2833772",0,0
"2834247",0,0
"2834256",0,0
"2834265",0,0
"2834422",0,0
"28347",0,0
"28350",0,0
"28354",0,0
"28355",0,0
"2835563",0,0
"2835654",0,0
"2835936",0,0
"2835941",0,0
"2836086",0,0
"2836132",0,0
"2836135",0,0
"2836142",0,0
"2836297",0,0
"2836364",0,0
"2836366",0,0
"2836367",0,0
"28375",0,0
"2838076",0,0
"2838077",0,0
"2838134",0,0
"2838238",0,0
"283824",0,0
"2838328",0,0
"2839003",0,0
"2840017",0,0
"2840070",0,0
"2841037",0,0
"2841283",0,0
"2842319",0,0
"2842332",0,0
"2842333",0,0
"2842394",0,0
"28425",0,0
"2842540",0,0
"2842545",0,0
"2842570",0,0
"2842573",0,0
"2842583",0,0
"2842593",0,0
"2842620",0,0
"2842639",0,0
"2842710",0,0
"2842711",0,0
"2842716",0,0
"2842721",0,0
"2842725",0,0
"2842727",0,0
"2842738",0,0
"2842740",0,0
"2842751",0,0
"2842752",0,0
"2842756",0,0
"2842820",0,0
"2842852",0,0
"2842862",0,0
"2842870",0,0
"2842942",0,0
"2842946",0,0
"2842950",0,0
"2842966",0,0
"2842972",0,0
"2842993",0,0
"2843048",0,0
"2843105",0,0
"2843141",0,0
"2843161",0,0
"2843343",0,0
"2843368",0,0
"2843370",0,0
"2843374",0,0
"2843380",0,0
"2843384",0,0
"2843388",0,0
"2843397",0,0
"2843411",0,0
"2843414",0,0
"2843416",0,0
"2843419",0,0
"2843425",0,0
"2843426",0,0
"2843428",0,0
"2843430",0,0
"2843431",0,0
"2843435",0,0
"2843436",0,0
"2843440",0,0
"2843445",0,0
"2843455",0,0
"2843458",0,0
"2843470",0,0
"2843476",0,0
"2843482",0,0
"2843613",0,0
"2843615",0,0
"2843616",0,0
"2843618",0,0
"2843619",0,0
"2843620",0,0
"2843621",0,0
"2843623",0,0
"2843626",0,0
"2843627",0,0
"2843630",0,0
"2843631",0,0
"2843632",0,0
"2843633",0,0
"2843635",0,0
"2843636",0,0
"2843637",0,0
"2843638",0,0
"2843643",0,0
"2843644",0,0
"2843647",0,0
"2843648",0,0
"2843650",0,0
"2843653",0,0
"2843654",0,0
"2843655",0,0
"2843657",0,0
"2843658",0,0
"2843660",0,0
"2843661",0,0
"2843663",0,0
"2843664",0,0
"2843666",0,0
"2843668",0,0
"2843672",0,0
"2843673",0,0
"2843675",0,0
"2843676",0,0
"2843677",0,0
"2843678",0,0
"2843679",0,0
"2843683",0,0
"2843684",0,0
"2843685",0,0
"2843686",0,0
"2843687",0,0
"2843688",0,0
"2843689",0,0
"2843691",0,0
"2843692",0,0
"2843693",0,0
"2843695",0,0
"2843696",0,0
"2843697",0,0
"2843699",0,0
"2843700",0,0
"2843701",0,0
"2843702",0,0
"2843703",0,0
"2843704",0,0
"2843705",0,0
"2843706",0,0
"2843707",0,0
"2843708",0,0
"2843709",0,0
"2843710",0,0
"2843711",0,0
"2843712",0,0
"2843713",0,0
"2843714",0,0
"2843715",0,0
"2843716",0,0
"2843719",0,0
"2843720",0,0
"2843731",0,0
"2843736",0,0
"2843737",0,0
"2843738",0,0
"2843739",0,0
"2843740",0,0
"2843741",0,0
"2843742",0,0
"2843743",0,0
"2843745",0,0
"2843747",0,0
"2843750",0,0
"2843757",0,0
"2843758",0,0
"2843761",0,0
"2843762",0,0
"2843764",0,0
"2843767",0,0
"2843768",0,0
"2843769",0,0
"2843771",0,0
"2843772",0,0
"2843773",0,0
"2843777",0,0
"2843780",0,0
"2843781",0,0
"2843782",0,0
"2843784",0,0
"2843785",0,0
"2843786",0,0
"2843788",0,0
"2843790",0,0
"2843792",0,0
"2843795",0,0
"2843796",0,0
"2843798",0,0
"2843799",0,0
"2843800",0,0
"2843801",0,0
"2843802",0,0
"2843803",0,0
"2843804",0,0
"2843805",0,0
"2843809",0,0
"2843810",0,0
"2843811",0,0
"2843812",0,0
"2843813",0,0
"2843814",0,0
"2843815",0,0
"2843816",0,0
"2843817",0,0
"2843819",0,0
"2843821",0,0
"2843822",0,0
"2843823",0,0
"2843824",0,0
"2843825",0,0
"2843826",0,0
"2843827",0,0
"2843828",0,0
"2843829",0,0
"2843832",0,0
"2843834",0,0
"2843835",0,0
"2843836",0,0
"2843837",0,0
"2843838",0,0
"2843840",0,0
"2843842",0,0
"2843843",0,0
"2843844",0,0
"2843845",0,0
"2843846",0,0
"2843847",0,0
"2843848",0,0
"2843849",0,0
"2843850",0,0
"2843851",0,0
"2843852",0,0
"2843854",0,0
"2843855",0,0
"2843857",0,0
"2843858",0,0
"2843859",0,0
"2843860",0,0
"2843861",0,0
"2843862",0,0
"2843863",0,0
"2843864",0,0
"2843865",0,0
"2843867",0,0
"2843868",0,0
"2843869",0,0
"2843870",0,0
"2843872",0,0
"2843873",0,0
"2843875",0,0
"2843876",0,0
"2843877",0,0
"2843878",0,0
"2843879",0,0
"2843881",0,0
"2843883",0,0
"2843885",0,0
"2843886",0,0
"2843887",0,0
"2843888",0,0
"2843889",0,0
"2843890",0,0
"2843891",0,0
"2843892",0,0
"2843894",0,0
"2843895",0,0
"2843899",0,0
"2843900",0,0
"2843902",0,0
"2843903",0,0
"2843904",0,0
"2843905",0,0
"2843908",0,0
"2843909",0,0
"2843917",0,0
"2843918",0,0
"2843919",0,0
"2843920",0,0
"2843921",0,0
"2843922",0,0
"2843923",0,0
"2843924",0,0
"2843925",0,0
"2843926",0,0
"2843927",0,0
"2843928",0,0
"2843929",0,0
"2843930",0,0
"2843932",0,0
"2843933",0,0
"2843935",0,0
"2843937",0,0
"2843939",0,0
"2843940",0,0
"2843942",0,0
"2843943",0,0
"2843944",0,0
"2843945",0,0
"2843946",0,0
"2843948",0,0
"2843950",0,0
"2843951",0,0
"2843953",0,0
"2843954",0,0
"2843955",0,0
"2843956",0,0
"2843957",0,0
"2843958",0,0
"2843959",0,0
"2843961",0,0
"2843965",0,0
"2843966",0,0
"2843967",0,0
"2843968",0,0
"2843969",0,0
"2843970",0,0
"2843971",0,0
"2843972",0,0
"2843974",0,0
"2843979",0,0
"2843980",0,0
"2843984",0,0
"2843985",0,0
"2843986",0,0
"2843987",0,0
"2843988",0,0
"2843989",0,0
"2843990",0,0
"2843991",0,0
"2843993",0,0
"2843995",0,0
"2843999",0,0
"2844001",0,0
"2844002",0,0
"2844003",0,0
"2844004",0,0
"2844006",0,0
"2844007",0,0
"2844008",0,0
"2844009",0,0
"2844010",0,0
"2844013",0,0
"2844014",0,0
"2844020",0,0
"2844027",0,0
"2844030",0,0
"2844034",0,0
"2844035",0,0
"2844036",0,0
"2844037",0,0
"2844038",0,0
"2844039",0,0
"2844041",0,0
"2844042",0,0
"2844043",0,0
"2844044",0,0
"2844045",0,0
"2844046",0,0
"2844047",0,0
"2844048",0,0
"2844050",0,0
"2844051",0,0
"2844053",0,0
"2844054",0,0
"2844059",0,0
"2844063",0,0
"2844064",0,0
"2844066",0,0
"2844068",0,0
"2844069",0,0
"2844074",0,0
"2844075",0,0
"2844078",0,0
"2844080",0,0
"2844081",0,0
"2844082",0,0
"2844083",0,0
"2844084",0,0
"2844086",0,0
"2844087",0,0
"2844090",0,0
"2844092",0,0
"2844094",0,0
"2844095",0,0
"2844096",0,0
"2844097",0,0
"2844098",0,0
"2844105",0,0
"2844106",0,0
"2844107",0,0
"2844113",0,0
"2844116",0,0
"2844117",0,0
"2844118",0,0
"2844123",0,0
"2844124",0,0
"2844126",0,0
"2844127",0,0
"2844128",0,0
"2844129",0,0
"2844130",0,0
"2844131",0,0
"2844132",0,0
"2844134",0,0
"2844135",0,0
"2844138",0,0
"2844140",0,0
"2844141",0,0
"2844142",0,0
"2844143",0,0
"2844144",0,0
"2844146",0,0
"2844147",0,0
"2844148",0,0
"2844149",0,0
"2844150",0,0
"2844151",0,0
"2844152",0,0
"2844153",0,0
"2844154",0,0
"2844155",0,0
"2844156",0,0
"2844158",0,0
"2844161",0,0
"2844164",0,0
"2844166",0,0
"2844167",0,0
"2844168",0,0
"2844169",0,0
"2844171",0,0
"2844178",0,0
"2844180",0,0
"2844181",0,0
"2844185",0,0
"2844186",0,0
"2844187",0,0
"2844188",0,0
"2844190",0,0
"2844191",0,0
"2844192",0,0
"2844195",0,0
"2844196",0,0
"2844197",0,0
"2844198",0,0
"2844199",0,0
"2844200",0,0
"2844201",0,0
"2844202",0,0
"2844204",0,0
"2844205",0,0
"2844206",0,0
"2844208",0,0
"2844209",0,0
"2844210",0,0
"2844211",0,0
"2844212",0,0
"2844213",0,0
"2844214",0,0
"2844215",0,0
"2844216",0,0
"2844220",0,0
"2844223",0,0
"2844225",0,0
"2844226",0,0
"2844227",0,0
"2844228",0,0
"2844229",0,0
"2844231",0,0
"2844232",0,0
"2844234",0,0
"2844235",0,0
"2844238",0,0
"2844239",0,0
"2844240",0,0
"2844241",0,0
"2844242",0,0
"2844243",0,0
"2844245",0,0
"2844249",0,0
"2844252",0,0
"2844253",0,0
"2844254",0,0
"2844256",0,0
"2844258",0,0
"2844259",0,0
"2844260",0,0
"2844261",0,0
"2844262",0,0
"2844263",0,0
"2844264",0,0
"2844265",0,0
"2844266",0,0
"2844267",0,0
"2844270",0,0
"2844273",0,0
"2844275",0,0
"2844276",0,0
"2844277",0,0
"2844278",0,0
"2844280",0,0
"2844284",0,0
"2844286",0,0
"2844287",0,0
"2844288",0,0
"2844289",0,0
"2844291",0,0
"2844292",0,0
"2844294",0,0
"2844295",0,0
"2844297",0,0
"2844298",0,0
"2844301",0,0
"2844302",0,0
"2844303",0,0
"2844304",0,0
"2844305",0,0
"2844310",0,0
"2844311",0,0
"2844312",0,0
"2844405",0,0
"2844406",0,0
"2844408",0,0
"2844409",0,0
"2844411",0,0
"2844412",0,0
"2844414",0,0
"2844415",0,0
"2844416",0,0
"2844417",0,0
"2844418",0,0
"2844419",0,0
"2844424",0,0
"2844425",0,0
"2844426",0,0
"2844427",0,0
"2844428",0,0
"2844429",0,0
"2844430",0,0
"2844431",0,0
"2844433",0,0
"2844436",0,0
"2844437",0,0
"2844440",0,0
"2844441",0,0
"2844442",0,0
"2844443",0,0
"2844444",0,0
"2844445",0,0
"2844446",0,0
"2844447",0,0
"2844456",0,0
"2844457",0,0
"2844460",0,0
"2844461",0,0
"2844462",0,0
"2844463",0,0
"2844464",0,0
"2844465",0,0
"2844466",0,0
"2844467",0,0
"2844468",0,0
"2844469",0,0
"2844471",0,0
"2844472",0,0
"2844474",0,0
"2844475",0,0
"2844476",0,0
"2844477",0,0
"2844483",0,0
"2844484",0,0
"2844485",0,0
"2844498",0,0
"2844500",0,0
"2844502",0,0
"2844505",0,0
"2844506",0,0
"2844507",0,0
"2844508",0,0
"2844509",0,0
"2844510",0,0
"2844511",0,0
"2844512",0,0
"2844513",0,0
"2844514",0,0
"2844515",0,0
"2844516",0,0
"2844518",0,0
"2844519",0,0
"2844521",0,0
"2844522",0,0
"2844523",0,0
"2844524",0,0
"2844525",0,0
"2844526",0,0
"2844527",0,0
"2844528",0,0
"2844529",0,0
"2844530",0,0
"2844531",0,0
"2844533",0,0
"2844535",0,0
"2844536",0,0
"2844537",0,0
"2844538",0,0
"2844539",0,0
"2844540",0,0
"2844541",0,0
"2844542",0,0
"2844543",0,0
"2844544",0,0
"2844548",0,0
"2844549",0,0
"2844550",0,0
"2844551",0,0
"2844552",0,0
"2844553",0,0
"2844554",0,0
"2844555",0,0
"2844558",0,0
"2844559",0,0
"2844560",0,0
"2844561",0,0
"2844562",0,0
"2844563",0,0
"2844564",0,0
"2844565",0,0
"2844566",0,0
"2844567",0,0
"2844568",0,0
"2844569",0,0
"2844571",0,0
"2844572",0,0
"2844576",0,0
"2844577",0,0
"2844578",0,0
"2844579",0,0
"2844580",0,0
"2844581",0,0
"2844582",0,0
"2844583",0,0
"2844585",0,0
"2844587",0,0
"2844588",0,0
"2844590",0,0
"2844595",0,0
"2844597",0,0
"2844599",0,0
"2844600",0,0
"2844603",0,0
"2844604",0,0
"2844609",0,0
"2844610",0,0
"2844611",0,0
"2844612",0,0
"2844613",0,0
"2844614",0,0
"2844616",0,0
"2844618",0,0
"2844619",0,0
"2844620",0,0
"2844621",0,0
"2844625",0,0
"2844626",0,0
"2844627",0,0
"2844628",0,0
"2844629",0,0
"2844630",0,0
"2844632",0,0
"2844636",0,0
"2844638",0,0
"2844639",0,0
"2844640",0,0
"2844641",0,0
"2844642",0,0
"2844643",0,0
"2844645",0,0
"2844646",0,0
"2844649",0,0
"2844650",0,0
"2844651",0,0
"2844652",0,0
"2844653",0,0
"2844655",0,0
"2844656",0,0
"2844657",0,0
"2844666",0,0
"2844668",0,0
"2844674",0,0
"2844679",0,0
"2844680",0,0
"2844681",0,0
"2844689",0,0
"2844690",0,0
"2844691",0,0
"2844692",0,0
"2844693",0,0
"2844694",0,0
"2844695",0,0
"2844697",0,0
"2844698",0,0
"2844699",0,0
"2844700",0,0
"2844701",0,0
"2844702",0,0
"2844703",0,0
"2844705",0,0
"2844706",0,0
"2844707",0,0
"2844708",0,0
"2844709",0,0
"2844711",0,0
"2844712",0,0
"2844713",0,0
"2844714",0,0
"2844715",0,0
"2844716",0,0
"2844718",0,0
"2844719",0,0
"2844720",0,0
"2844721",0,0
"2844723",0,0
"2844724",0,0
"2844725",0,0
"2844727",0,0
"2844728",0,0
"2844729",0,0
"2844730",0,0
"2844731",0,0
"2844732",0,0
"2844734",0,0
"2844735",0,0
"2844736",0,0
"2844737",0,0
"2844738",0,0
"2844739",0,0
"2844740",0,0
"2844741",0,0
"2844742",0,0
"2844743",0,0
"2844744",0,0
"2844745",0,0
"2844746",0,0
"2844747",0,0
"2844748",0,0
"2844749",0,0
"2844750",0,0
"2844751",0,0
"2844752",0,0
"2844753",0,0
"2844754",0,0
"2844755",0,0
"2844756",0,0
"2844757",0,0
"2844758",0,0
"2844760",0,0
"2844761",0,0
"2844762",0,0
"2844763",0,0
"2844764",0,0
"2844765",0,0
"2844766",0,0
"2844767",0,0
"2844769",0,0
"2844770",0,0
"2844771",0,0
"2844772",0,0
"2844773",0,0
"2844774",0,0
"2844775",0,0
"2844776",0,0
"2844778",0,0
"2844780",0,0
"2844781",0,0
"2844782",0,0
"2844784",0,0
"2844785",0,0
"2844787",0,0
"2844790",0,0
"2844792",0,0
"2844793",0,0
"2844794",0,0
"2844795",0,0
"2844796",0,0
"2844799",0,0
"2844800",0,0
"2844802",0,0
"2844804",0,0
"2844806",0,0
"2844808",0,0
"2844809",0,0
"2844810",0,0
"2844811",0,0
"2844818",0,0
"2844819",0,0
"2844820",0,0
"2844822",0,0
"2844825",0,0
"2844826",0,0
"2844828",0,0
"2844830",0,0
"2844831",0,0
"2844832",0,0
"2844833",0,0
"2844834",0,0
"2844835",0,0
"2844837",0,0
"2844838",0,0
"2844842",0,0
"2844846",0,0
"2844847",0,0
"2844848",0,0
"2844850",0,0
"2844851",0,0
"2844852",0,0
"2844856",0,0
"2844857",0,0
"2844858",0,0
"2844861",0,0
"2844961",0,0
"2844962",0,0
"2844963",0,0
"2844965",0,0
"2844966",0,0
"2844970",0,0
"2844971",0,0
"2844972",0,0
"2844973",0,0
"2844974",0,0
"2844975",0,0
"2844977",0,0
"2844978",0,0
"2844982",0,0
"2844983",0,0
"2844985",0,0
"2844986",0,0
"2844987",0,0
"2844989",0,0
"2844994",0,0
"2844995",0,0
"2844996",0,0
"2844997",0,0
"2844999",0,0
"2845001",0,0
"2845003",0,0
"2845004",0,0
"2845005",0,0
"2845006",0,0
"2845007",0,0
"2845008",0,0
"2845009",0,0
"2845010",0,0
"2845012",0,0
"2845013",0,0
"2845014",0,0
"2845015",0,0
"2845016",0,0
"2845017",0,0
"2845018",0,0
"2845019",0,0
"2845020",0,0
"2845023",0,0
"2845024",0,0
"2845025",0,0
"2845026",0,0
"2845028",0,0
"2845031",0,0
"2845033",0,0
"2845035",0,0
"2845036",0,0
"2845037",0,0
"2845038",0,0
"2845039",0,0
"2845041",0,0
"2845042",0,0
"2845043",0,0
"2845044",0,0
"2845045",0,0
"2845046",0,0
"2845047",0,0
"2845048",0,0
"2845049",0,0
"2845050",0,0
"2845051",0,0
"2845052",0,0
"2845054",0,0
"2845055",0,0
"2845056",0,0
"2845057",0,0
"2845060",0,0
"2845061",0,0
"2845062",0,0
"2845064",0,0
"2845066",0,0
"2845069",0,0
"2845070",0,0
"2845071",0,0
"2845073",0,0
"2845074",0,0
"2845076",0,0
"2845077",0,0
"2845078",0,0
"2845081",0,0
"2845082",0,0
"2845083",0,0
"2845084",0,0
"2845085",0,0
"2845086",0,0
"2845087",0,0
"2845088",0,0
"2845089",0,0
"2845091",0,0
"2845093",0,0
"2845094",0,0
"2845095",0,0
"2845103",0,0
"2845105",0,0
"2845107",0,0
"2845110",0,0
"2845112",0,0
"2845113",0,0
"2845114",0,0
"2845115",0,0
"2845116",0,0
"2845117",0,0
"2845118",0,0
"2845119",0,0
"2845122",0,0
"2845128",0,0
"2845130",0,0
"2845131",0,0
"2845134",0,0
"2845135",0,0
"2845142",0,0
"2845145",0,0
"2845148",0,0
"2845149",0,0
"2845150",0,0
"2845151",0,0
"2845152",0,0
"2845153",0,0
"2845154",0,0
"2845155",0,0
"2845156",0,0
"2845157",0,0
"2845161",0,0
"2845162",0,0
"2845163",0,0
"2845164",0,0
"2845165",0,0
"2845167",0,0
"2845168",0,0
"2845170",0,0
"2845171",0,0
"2845172",0,0
"2845173",0,0
"2845175",0,0
"2845176",0,0
"2845177",0,0
"2845178",0,0
"2845180",0,0
"2845181",0,0
"2845182",0,0
"2845183",0,0
"2845184",0,0
"2845185",0,0
"2845186",0,0
"2845187",0,0
"2845189",0,0
"2845190",0,0
"2845191",0,0
"2845386",0,0
"2845387",0,0
"2845388",0,0
"2845389",0,0
"2845390",0,0
"2845391",0,0
"2845392",0,0
"2845393",0,0
"2845394",0,0
"2845395",0,0
"2845396",0,0
"2845397",0,0
"2845398",0,0
"2845401",0,0
"2845402",0,0
"2845403",0,0
"2845404",0,0
"2845405",0,0
"2845407",0,0
"2845409",0,0
"2845410",0,0
"2845411",0,0
"2845412",0,0
"2845413",0,0
"2845414",0,0
"2845419",0,0
"2845420",0,0
"2845422",0,0
"2845425",0,0
"2845426",0,0
"2845427",0,0
"2845428",0,0
"2845430",0,0
"2845431",0,0
"2845432",0,0
"2845433",0,0
"2845434",0,0
"2845435",0,0
"2845436",0,0
"2845439",0,0
"2845440",0,0
"2845441",0,0
"2845445",0,0
"2845446",0,0
"2845447",0,0
"2845448",0,0
"2845449",0,0
"2845450",0,0
"2845451",0,0
"2845455",0,0
"2845456",0,0
"2845458",0,0
"2845459",0,0
"2845460",0,0
"2845461",0,0
"2845463",0,0
"2845464",0,0
"2845465",0,0
"2845466",0,0
"2845467",0,0
"2845469",0,0
"2845470",0,0
"2845471",0,0
"2845472",0,0
"2845473",0,0
"2845474",0,0
"2845475",0,0
"2845476",0,0
"2845477",0,0
"2845478",0,0
"2845479",0,0
"2845480",0,0
"2845482",0,0
"2845483",0,0
"2845484",0,0
"2845485",0,0
"2845486",0,0
"2845487",0,0
"2845488",0,0
"2845489",0,0
"2845490",0,0
"2845491",0,0
"2845492",0,0
"2845493",0,0
"2845494",0,0
"2845497",0,0
"2845498",0,0
"2845499",0,0
"2845502",0,0
"2845503",0,0
"2845504",0,0
"2845509",0,0
"2845510",0,0
"2845511",0,0
"2845512",0,0
"2845513",0,0
"2845516",0,0
"2845517",0,0
"2845519",0,0
"2845525",0,0
"2845527",0,0
"2845528",0,0
"2845529",0,0
"2845530",0,0
"2845531",0,0
"2845532",0,0
"2845533",0,0
"2845534",0,0
"2845536",0,0
"2845537",0,0
"2845538",0,0
"2845539",0,0
"2845544",0,0
"2845548",0,0
"2845550",0,0
"2845552",0,0
"2845553",0,0
"2845556",0,0
"2845557",0,0
"2845558",0,0
"2845559",0,0
"2845562",0,0
"2845564",0,0
"2845565",0,0
"2845569",0,0
"2845570",0,0
"2845573",0,0
"2845574",0,0
"2845575",0,0
"2845577",0,0
"2845578",0,0
"2845580",0,0
"2845583",0,0
"2845584",0,0
"2845585",0,0
"2845596",0,0
"2845599",0,0
"2845600",0,0
"2845601",0,0
"2845603",0,0
"2845604",0,0
"2845605",0,0
"2845606",0,0
"2845607",0,0
"2845608",0,0
"2845610",0,0
"2845611",0,0
"2845612",0,0
"2845613",0,0
"2845614",0,0
"2845615",0,0
"2845617",0,0
"2845618",0,0
"2845619",0,0
"2845621",0,0
"2845622",0,0
"2845623",0,0
"2845626",0,0
"2845631",0,0
"2845632",0,0
"2845634",0,0
"2845635",0,0
"2845636",0,0
"2845637",0,0
"2845638",0,0
"2845639",0,0
"2845640",0,0
"2845641",0,0
"2845642",0,0
"2845643",0,0
"2845644",0,0
"2845645",0,0
"2845647",0,0
"2845648",0,0
"2845652",0,0
"2845659",0,0
"2845661",0,0
"2845662",0,0
"2845663",0,0
"2845664",0,0
"2845665",0,0
"2845666",0,0
"2845667",0,0
"2845669",0,0
"2845670",0,0
"2845671",0,0
"2845672",0,0
"2845673",0,0
"2845674",0,0
"2845675",0,0
"2845676",0,0
"2845678",0,0
"2845679",0,0
"2845680",0,0
"2845681",0,0
"2845682",0,0
"2845685",0,0
"2845686",0,0
"2845689",0,0
"2845690",0,0
"2845691",0,0
"2845692",0,0
"2845693",0,0
"2845695",0,0
"2845697",0,0
"2845698",0,0
"2845699",0,0
"2845700",0,0
"2845701",0,0
"2845702",0,0
"2845703",0,0
"2845704",0,0
"2845705",0,0
"2845706",0,0
"2845707",0,0
"2845709",0,0
"2845710",0,0
"2845711",0,0
"2845712",0,0
"2845713",0,0
"2845714",0,0
"2845715",0,0
"2845716",0,0
"2845717",0,0
"2845718",0,0
"2845720",0,0
"2845721",0,0
"2845722",0,0
"2845723",0,0
"2845724",0,0
"2845725",0,0
"2845726",0,0
"2845728",0,0
"2845729",0,0
"2845730",0,0
"2845739",0,0
"2845741",0,0
"2845743",0,0
"2845744",0,0
"2845749",0,0
"2845751",0,0
"2845752",0,0
"2845753",0,0
"2845755",0,0
"2845756",0,0
"2845759",0,0
"2845760",0,0
"2845767",0,0
"2845768",0,0
"2845769",0,0
"2845770",0,0
"2845771",0,0
"2845772",0,0
"2845773",0,0
"2845774",0,0
"2845775",0,0
"2845776",0,0
"2845777",0,0
"2845778",0,0
"2845779",0,0
"2845780",0,0
"2845781",0,0
"2845782",0,0
"2845786",0,0
"2845788",0,0
"2845789",0,0
"2845790",0,0
"2845791",0,0
"2845793",0,0
"2845794",0,0
"2845795",0,0
"2845796",0,0
"2845798",0,0
"2845799",0,0
"2845801",0,0
"2845802",0,0
"2845804",0,0
"2845805",0,0
"2845806",0,0
"2845807",0,0
"2845831",0,0
"2845832",0,0
"2845833",0,0
"2845834",0,0
"2845835",0,0
"2845836",0,0
"2845838",0,0
"2845839",0,0
"2845840",0,0
"2845841",0,0
"2845842",0,0
"2845843",0,0
"2845845",0,0
"2845846",0,0
"2845847",0,0
"2845848",0,0
"2845849",0,0
"2845850",0,0
"2845852",0,0
"2845853",0,0
"2845854",0,0
"2845855",0,0
"2845856",0,0
"2845857",0,0
"2845858",0,0
"2845859",0,0
"2845860",0,0
"2845861",0,0
"2845862",0,0
"2845863",0,0
"2845864",0,0
"2845865",0,0
"2845866",0,0
"2845867",0,0
"2845868",0,0
"2845869",0,0
"2845870",0,0
"2845872",0,0
"2845874",0,0
"2845875",0,0
"2845877",0,0
"2845878",0,0
"2845883",0,0
"2845885",0,0
"2845886",0,0
"2845887",0,0
"2845888",0,0
"2845889",0,0
"2845893",0,0
"2845895",0,0
"2845896",0,0
"2845897",0,0
"2845899",0,0
"2845900",0,0
"2845902",0,0
"2845903",0,0
"2845905",0,0
"2845906",0,0
"2845909",0,0
"2845924",0,0
"2845933",0,0
"2845934",0,0
"2845935",0,0
"2845936",0,0
"2845938",0,0
"2845941",0,0
"2845943",0,0
"2845944",0,0
"2845945",0,0
"2845946",0,0
"2845947",0,0
"2845948",0,0
"2845951",0,0
"2845952",0,0
"2845953",0,0
"2845955",0,0
"2845956",0,0
"2845957",0,0
"2845958",0,0
"2845959",0,0
"2845960",0,0
"2845961",0,0
"2845962",0,0
"2845963",0,0
"2845964",0,0
"2845965",0,0
"2845966",0,0
"2845968",0,0
"2845971",0,0
"2845978",0,0
"2845979",0,0
"2845980",0,0
"2845982",0,0
"2845983",0,0
"2845984",0,0
"2845985",0,0
"2845986",0,0
"2845987",0,0
"2845988",0,0
"2845989",0,0
"2845990",0,0
"2845991",0,0
"2845992",0,0
"2845993",0,0
"2845994",0,0
"2845995",0,0
"2845996",0,0
"2845997",0,0
"2845998",0,0
"2845999",0,0
"2846000",0,0
"2846001",0,0
"2846002",0,0
"2846003",0,0
"2846005",0,0
"2846006",0,0
"2846007",0,0
"2846008",0,0
"2846009",0,0
"2846010",0,0
"2846011",0,0
"2846015",0,0
"2846016",0,0
"2846017",0,0
"2846018",0,0
"2846020",0,0
"2846021",0,0
"2846025",0,0
"2846026",0,0
"2846029",0,0
"2846030",0,0
"2846031",0,0
"2846032",0,0
"2846033",0,0
"2846034",0,0
"2846035",0,0
"2846036",0,0
"2846037",0,0
"2846039",0,0
"2846040",0,0
"2846042",0,0
"2846051",0,0
"2846052",0,0
"2846055",0,0
"2846058",0,0
"2846063",0,0
"2846065",0,0
"2846066",0,0
"2846067",0,0
"2846068",0,0
"2846069",0,0
"2846072",0,0
"2846076",0,0
"2846078",0,0
"2846079",0,0
"2846082",0,0
"2846085",0,0
"2846087",0,0
"2846088",0,0
"2846091",0,0
"2846092",0,0
"2846093",0,0
"2846094",0,0
"2846095",0,0
"2846098",0,0
"2846099",0,0
"2846100",0,0
"2846101",0,0
"2846102",0,0
"2846105",0,0
"2846106",0,0
"2846107",0,0
"2846108",0,0
"2846109",0,0
"2846110",0,0
"2846111",0,0
"2846112",0,0
"2846113",0,0
"2846114",0,0
"2846115",0,0
"2846116",0,0
"2846117",0,0
"2846118",0,0
"2846119",0,0
"2846121",0,0
"2846122",0,0
"2846123",0,0
"2846124",0,0
"2846125",0,0
"2846126",0,0
"2846127",0,0
"2846128",0,0
"2846129",0,0
"2846130",0,0
"2846131",0,0
"2846132",0,0
"2846133",0,0
"2846134",0,0
"2846135",0,0
"2846136",0,0
"2846137",0,0
"2846138",0,0
"2846139",0,0
"2846140",0,0
"2846141",0,0
"2846142",0,0
"2846146",0,0
"2846147",0,0
"2846148",0,0
"2846149",0,0
"2846150",0,0
"2846151",0,0
"2846153",0,0
"2846154",0,0
"2846156",0,0
"2846157",0,0
"2846158",0,0
"2846159",0,0
"2846160",0,0
"2846161",0,0
"2846165",0,0
"2846166",0,0
"2846168",0,0
"2846169",0,0
"2846170",0,0
"2846171",0,0
"2846172",0,0
"2846174",0,0
"2846175",0,0
"2846177",0,0
"2846180",0,0
"2846181",0,0
"2846186",0,0
"2846187",0,0
"2846188",0,0
"2846190",0,0
"2846191",0,0
"2846193",0,0
"2846194",0,0
"2846195",0,0
"2846196",0,0
"2846198",0,0
"2846199",0,0
"2846203",0,0
"2846204",0,0
"2846205",0,0
"2846208",0,0
"2846209",0,0
"2846210",0,0
"2846212",0,0
"2846214",0,0
"2846215",0,0
"2846217",0,0
"2846226",0,0
"2846233",0,0
"2846234",0,0
"2846235",0,0
"2846236",0,0
"2846237",0,0
"2846239",0,0
"2846241",0,0
"2846242",0,0
"2846243",0,0
"2846244",0,0
"2846253",0,0
"2846259",0,0
"2846262",0,0
"2846269",0,0
"2846271",0,0
"2846275",0,0
"2846286",0,0
"2846291",0,0
"2846302",0,0
"2846379",0,0
"2846383",0,0
"2846384",0,0
"2846385",0,0
"2846386",0,0
"2846387",0,0
"2846388",0,0
"2846391",0,0
"2846392",0,0
"2846397",0,0
"2846406",0,0
"2846409",0,0
"2846410",0,0
"2846411",0,0
"2846413",0,0
"2846416",0,0
"2846417",0,0
"2846418",0,0
"2846419",0,0
"2846420",0,0
"2846423",0,0
"2846425",0,0
"2846426",0,0
"2846427",0,0
"2846429",0,0
"2846430",0,0
"2846431",0,0
"2846432",0,0
"2846433",0,0
"2846434",0,0
"2846437",0,0
"2846439",0,0
"2846440",0,0
"2846442",0,0
"2846443",0,0
"2846446",0,0
"2846447",0,0
"2846449",0,0
"2846450",0,0
"2846451",0,0
"2846454",0,0
"2846455",0,0
"2846570",0,0
"2846571",0,0
"2846572",0,0
"2846578",0,0
"2846579",0,0
"2846580",0,0
"2846581",0,0
"2846583",0,0
"2846584",0,0
"2846587",0,0
"2846588",0,0
"2846589",0,0
"2846590",0,0
"2846592",0,0
"2846593",0,0
"2846594",0,0
"2846595",0,0
"2846596",0,0
"2846597",0,0
"2846599",0,0
"2846600",0,0
"2846603",0,0
"2846605",0,0
"2846606",0,0
"2846607",0,0
"2846608",0,0
"2846609",0,0
"2846610",0,0
"2846612",0,0
"2846613",0,0
"2846614",0,0
"2846616",0,0
"2846617",0,0
"2846618",0,0
"2846621",0,0
"2846622",0,0
"2846623",0,0
"2846624",0,0
"2846625",0,0
"2846626",0,0
"2846627",0,0
"2846628",0,0
"2846629",0,0
"2846630",0,0
"2846631",0,0
"2846634",0,0
"2846635",0,0
"2846636",0,0
"2846637",0,0
"2846638",0,0
"2846642",0,0
"2846644",0,0
"2846645",0,0
"2846646",0,0
"2846647",0,0
"2846648",0,0
"2846649",0,0
"2846650",0,0
"2846652",0,0
"2846653",0,0
"2846654",0,0
"2846655",0,0
"2846656",0,0
"2846657",0,0
"2846660",0,0
"2846661",0,0
"2846662",0,0
"2846663",0,0
"2846664",0,0
"2846665",0,0
"2846666",0,0
"2846667",0,0
"2846668",0,0
"2846671",0,0
"2846673",0,0
"2846675",0,0
"2846676",0,0
"2846677",0,0
"2846678",0,0
"2846679",0,0
"2846680",0,0
"2846681",0,0
"2846682",0,0
"2846683",0,0
"2846684",0,0
"2846685",0,0
"2846686",0,0
"2846687",0,0
"2846689",0,0
"2846691",0,0
"2846692",0,0
"2846693",0,0
"2846694",0,0
"2846695",0,0
"2846696",0,0
"2846700",0,0
"2846701",0,0
"284687",0,0
"284688",0,0
"2849081",0,0
"2849244",0,0
"2849246",0,0
"2849625",0,0
"2849626",0,0
"2849972",0,0
"2851077",0,0
"2851101",0,0
"2851978",0,0
"2851982",0,0
"2852099",0,0
"2852116",0,0
"2853091",0,0
"2856573",0,0
"2857061",0,0
"2859474",0,0
"2859477",0,0
"2859632",0,0
"2860051",0,0
"2860374",0,0
"2860377",0,0
"2860396",0,0
"2860997",0,0
"2862773",0,0
"2862998",0,0
"2863193",0,0
"2863832",0,0
"2865793",0,0
"2865794",0,0
"2865806",0,0
"2866277",0,0
"2866663",0,0
"2866684",0,0
"2867004",0,0
"2867265",0,0
"2867550",0,0
"2869549",0,0
"2869556",0,0
"2869557",0,0
"2871166",0,0
"2871539",0,0
"2872567",0,0
"2872675",0,0
"2872676",0,0
"2872811",0,0
"2873234",0,0
"2873349",0,0
"2873352",0,0
"2873373",0,0
"2873413",0,0
"2873534",0,0
"2873557",0,0
"2873951",0,0
"2874031",0,0
"287412",0,0
"2874141",0,0
"2874627",0,0
"2874879",0,0
"2874886",0,0
"2874887",0,0
"2874888",0,0
"2874889",0,0
"2875722",0,0
"2875723",0,0
"2875798",0,0
"2875839",0,0
"2875869",0,0
"2876597",0,0
"2876620",0,0
"2876789",0,0
"2877507",0,0
"2877511",0,0
"2877945",0,0
"2878088",0,0
"2879117",0,0
"2879287",0,0
"2879396",0,0
"2879398",0,0
"2879399",0,0
"2879515",0,0
"2880839",0,0
"2880993",0,0
"288456",0,0
"2885687",0,0
"2885976",0,0
"2886042",0,0
"2886209",0,0
"2886224",0,0
"2886398",0,0
"2886399",0,0
"2886400",0,0
"2886406",0,0
"28871",0,0
"28873",0,0
"28875",0,0
"28876",0,0
"28882",0,0
"28896",0,0
"28907",0,0
"2891955",0,0
"2894297",0,0
"2894344",0,0
"2894395",0,0
"2894588",0,0
"2894747",0,0
"2894753",0,0
"2894795",0,0
"2894796",0,0
"2894801",0,0
"2894809",0,0
"2894929",0,0
"2895623",0,0
"2899887",0,0
"290028",0,0
"2900297",0,0
"290030",0,0
"2902622",0,0
"2902690",0,0
"2902692",0,0
"2902694",0,0
"2902747",0,0
"2903266",0,0
"2904972",0,0
"2905464",0,0
"2905465",0,0
"2905564",0,0
"2905565",0,0
"2905566",0,0
"2905567",0,0
"2905569",0,0
"2905570",0,0
"2905571",0,0
"2905620",0,0
"2906028",0,0
"290611",0,0
"2906742",0,0
"2906743",0,0
"2907287",0,0
"2908099",0,0
"2908628",0,0
"2908746",0,0
"2909205",0,0
"2909736",0,0
"2909742",0,0
"2910155",0,0
"2910948",0,0
"2910949",0,0
"2910950",0,0
"2910951",0,0
"2911664",0,0
"2911954",0,0
"2911956",0,0
"2911957",0,0
"2912296",0,0
"2912606",0,0
"2912825",0,0
"291286",0,0
"2912878",0,0
"2912895",0,0
"2913478",0,0
"2913660",0,0
"2914024",0,0
"2914027",0,0
"2914028",0,0
"2914029",0,0
"2914178",0,0
"2914454",0,0
"2914456",0,0
"2914457",0,0
"2914460",0,0
"2914477",0,0
"2914480",0,0
"2914481",0,0
"2914483",0,0
"2914484",0,0
"2914485",0,0
"2914486",0,0
"2914487",0,0
"2914488",0,0
"291612",0,0
"2917713",0,0
"2917714",0,0
"2917716",0,0
"2918454",0,0
"2918920",0,0
"2918921",0,0
"2918927",0,0
"2919614",0,0
"2919922",0,0
"2921215",0,0
"2921791",0,0
"2921793",0,0
"2922857",0,0
"2922858",0,0
"2922859",0,0
"292477",0,0
"2924880",0,0
"2924881",0,0
"2924884",0,0
"2924885",0,0
"2924887",0,0
"2924904",0,0
"2924906",0,0
"2924907",0,0
"29252",0,0
"29255",0,0
"29256",0,0
"29257",0,0
"2926084",0,0
"2926097",0,0
"2926108",0,0
"292627",0,0
"29271",0,0
"29272",0,0
"2927268",0,0
"2927622",0,0
"2927787",0,0
"2927788",0,0
"2928187",0,0
"2928256",0,0
"2928257",0,0
"2928831",0,0
"2929005",0,0
"2929011",0,0
"2929250",0,0
"2929252",0,0
"2929287",0,0
"29323",0,0
"2935866",0,0
"2936613",0,0
"2936906",0,0
"2937408",0,0
"2937793",0,0
"2939129",0,0
"2939132",0,0
"2940487",0,0
"29407",0,0
"29429",0,0
"2942964",0,0
"2942966",0,0
"2942979",0,0
"2942980",0,0
"2942989",0,0
"2942993",0,0
"2943011",0,0
"2943014",0,0
"2943015",0,0
"2944392",0,0
"2944850",0,0
"2945982",0,0
"2946038",0,0
"2946156",0,0
"2946162",0,0
"2946166",0,0
"2946167",0,0
"2946169",0,0
"2946173",0,0
"2946175",0,0
"2946180",0,0
"2946811",0,0
"2946816",0,0
"2946822",0,0
"2946830",0,0
"2948640",0,0
"2948643",0,0
"2948645",0,0
"2948648",0,0
"2948659",0,0
"2948665",0,0
"2948678",0,0
"2948680",0,0
"2948688",0,0
"2948690",0,0
"2948713",0,0
"2948768",0,0
"2948769",0,0
"2948774",0,0
"2948787",0,0
"2948826",0,0
"2948856",0,0
"2948861",0,0
"2948872",0,0
"2948876",0,0
"2948898",0,0
"2948900",0,0
"2948901",0,0
"2948904",0,0
"2948910",0,0
"2948913",0,0
"2948940",0,0
"2948949",0,0
"2950076",0,0
"2950460",0,0
"2951256",0,0
"2951390",0,0
"2951391",0,0
"2951616",0,0
"2951618",0,0
"2951619",0,0
"2951978",0,0
"2953667",0,0
"2953674",0,0
"2953972",0,0
"2953974",0,0
"2953979",0,0
"2953981",0,0
"2953982",0,0
"2953983",0,0
"2953987",0,0
"2953989",0,0
"2953990",0,0
"2953993",0,0
"2953994",0,0
"2953995",0,0
"2953998",0,0
"2953999",0,0
"2954002",0,0
"2954003",0,0
"2954006",0,0
"2954007",0,0
"2954011",0,0
"2954013",0,0
"2954015",0,0
"2954017",0,0
"2954027",0,0
"2954028",0,0
"2954033",0,0
"2954034",0,0
"2954037",0,0
"2954039",0,0
"2954040",0,0
"2954041",0,0
"2954042",0,0
"2954043",0,0
"2954044",0,0
"2954045",0,0
"2954046",0,0
"2954049",0,0
"2954050",0,0
"2954051",0,0
"2954052",0,0
"2954055",0,0
"2954060",0,0
"2954063",0,0
"2954066",0,0
"2954067",0,0
"2955190",0,0
"2955233",0,0
"2955234",0,0
"2955236",0,0
"2955240",0,0
"2955242",0,0
"2955243",0,0
"2955245",0,0
"2955246",0,0
"2955248",0,0
"2955249",0,0
"2955250",0,0
"2955253",0,0
"2955254",0,0
"2955259",0,0
"2955260",0,0
"2955261",0,0
"2955262",0,0
"2955263",0,0
"2955264",0,0
"2955265",0,0
"2955266",0,0
"2955267",0,0
"2955268",0,0
"2955269",0,0
"2955270",0,0
"2955271",0,0
"2955273",0,0
"2955274",0,0
"2955275",0,0
"2955276",0,0
"2955277",0,0
"2955278",0,0
"2955279",0,0
"2955280",0,0
"2955281",0,0
"2955282",0,0
"2955283",0,0
"2955284",0,0
"2955285",0,0
"2955286",0,0
"2955287",0,0
"2955289",0,0
"2955290",0,0
"2955291",0,0
"2955292",0,0
"2955294",0,0
"2955295",0,0
"2955296",0,0
"2955298",0,0
"2955300",0,0
"2955302",0,0
"2955303",0,0
"2955304",0,0
"2955305",0,0
"2955306",0,0
"2955307",0,0
"2955308",0,0
"2955319",0,0
"2955320",0,0
"2955321",0,0
"2955322",0,0
"2955323",0,0
"2955330",0,0
"2955334",0,0
"2955355",0,0
"2955356",0,0
"2955357",0,0
"2955361",0,0
"2955362",0,0
"2955365",0,0
"2955367",0,0
"2955379",0,0
"2955381",0,0
"2955385",0,0
"2955388",0,0
"2955393",0,0
"2955395",0,0
"2955396",0,0
"2955398",0,0
"2955400",0,0
"2955401",0,0
"2955402",0,0
"2955407",0,0
"2955410",0,0
"2955414",0,0
"2955416",0,0
"2955417",0,0
"2955418",0,0
"2955419",0,0
"2955420",0,0
"2955421",0,0
"2955422",0,0
"2955433",0,0
"2955434",0,0
"2955435",0,0
"2955436",0,0
"2955437",0,0
"2955438",0,0
"2955440",0,0
"2955441",0,0
"2955442",0,0
"2955443",0,0
"2955444",0,0
"2955445",0,0
"2955446",0,0
"2955447",0,0
"2955449",0,0
"2955450",0,0
"2955451",0,0
"2955452",0,0
"2955453",0,0
"2955454",0,0
"2955455",0,0
"2955456",0,0
"2955458",0,0
"2955462",0,0
"2955464",0,0
"2955466",0,0
"2955467",0,0
"2955468",0,0
"2955470",0,0
"2955472",0,0
"2955474",0,0
"2955475",0,0
"2955476",0,0
"2955479",0,0
"2955482",0,0
"2955483",0,0
"2955485",0,0
"2955486",0,0
"2955487",0,0
"2955488",0,0
"2955490",0,0
"2955492",0,0
"2955493",0,0
"2955494",0,0
"2955495",0,0
"2955499",0,0
"2955500",0,0
"2955503",0,0
"2955504",0,0
"2955505",0,0
"2955507",0,0
"2955508",0,0
"2955510",0,0
"2955511",0,0
"2955518",0,0
"2955519",0,0
"2955520",0,0
"2955521",0,0
"2955522",0,0
"2955524",0,0
"2955525",0,0
"2955526",0,0
"2955527",0,0
"2955528",0,0
"2955531",0,0
"2955532",0,0
"2955534",0,0
"2955535",0,0
"2955540",0,0
"2955541",0,0
"2955542",0,0
"2955547",0,0
"2955548",0,0
"2955549",0,0
"2955550",0,0
"2955551",0,0
"2955552",0,0
"2955553",0,0
"2955555",0,0
"2955556",0,0
"2955557",0,0
"2955558",0,0
"2955560",0,0
"2955561",0,0
"2955562",0,0
"2955569",0,0
"2955578",0,0
"2955580",0,0
"2955581",0,0
"2955582",0,0
"2955584",0,0
"2955585",0,0
"2955586",0,0
"2955587",0,0
"2955588",0,0
"2955589",0,0
"2955590",0,0
"2955591",0,0
"2955594",0,0
"2955595",0,0
"2955596",0,0
"2955601",0,0
"2955605",0,0
"2955606",0,0
"2955608",0,0
"2955612",0,0
"2955613",0,0
"2955614",0,0
"2955615",0,0
"2955616",0,0
"2955617",0,0
"2955618",0,0
"2955619",0,0
"2955620",0,0
"2955621",0,0
"2955622",0,0
"2955624",0,0
"2955626",0,0
"2955628",0,0
"2955629",0,0
"2955630",0,0
"2955631",0,0
"2955632",0,0
"2955633",0,0
"2955636",0,0
"2955637",0,0
"2955638",0,0
"2955639",0,0
"2955640",0,0
"2955641",0,0
"2955642",0,0
"2955644",0,0
"2955645",0,0
"2955646",0,0
"2955648",0,0
"2955650",0,0
"2955651",0,0
"2955652",0,0
"2955653",0,0
"2955655",0,0
"2955656",0,0
"2955657",0,0
"2955658",0,0
"2955659",0,0
"2955660",0,0
"2955661",0,0
"2955662",0,0
"2955663",0,0
"2955665",0,0
"2955666",0,0
"2955667",0,0
"2955669",0,0
"2955670",0,0
"2955671",0,0
"2955672",0,0
"2955675",0,0
"2955676",0,0
"2955677",0,0
"2955678",0,0
"2955679",0,0
"2955680",0,0
"2955681",0,0
"2955682",0,0
"2955683",0,0
"2955686",0,0
"2955688",0,0
"2955689",0,0
"2955690",0,0
"2955691",0,0
"2955692",0,0
"2955693",0,0
"2955694",0,0
"2955697",0,0
"2955698",0,0
"2955699",0,0
"2955702",0,0
"2955703",0,0
"2955704",0,0
"2955707",0,0
"2955708",0,0
"2955720",0,0
"2955721",0,0
"2955722",0,0
"2955726",0,0
"2955728",0,0
"2955730",0,0
"2955732",0,0
"2955734",0,0
"2955742",0,0
"2955743",0,0
"2955744",0,0
"2955746",0,0
"2955747",0,0
"2955749",0,0
"2955751",0,0
"2955756",0,0
"2955757",0,0
"2955759",0,0
"2955760",0,0
"2955763",0,0
"2955765",0,0
"2955766",0,0
"2955768",0,0
"2955770",0,0
"2955772",0,0
"2955774",0,0
"2955776",0,0
"2955777",0,0
"2955778",0,0
"2955779",0,0
"2955781",0,0
"2955783",0,0
"2955784",0,0
"2955785",0,0
"2955786",0,0
"2955787",0,0
"2955788",0,0
"2955790",0,0
"2955792",0,0
"2955793",0,0
"2955794",0,0
"2955795",0,0
"2955796",0,0
"2955797",0,0
"2955798",0,0
"2955799",0,0
"2955800",0,0
"2955801",0,0
"2955802",0,0
"2955803",0,0
"2955804",0,0
"2955805",0,0
"2955806",0,0
"2955833",0,0
"2955835",0,0
"2955836",0,0
"2955837",0,0
"2955838",0,0
"2955839",0,0
"2955840",0,0
"2955843",0,0
"2955844",0,0
"2955846",0,0
"2955847",0,0
"2955848",0,0
"2955849",0,0
"2955850",0,0
"2955851",0,0
"2955852",0,0
"2955853",0,0
"2955855",0,0
"2955856",0,0
"2955857",0,0
"2955863",0,0
"2955865",0,0
"2955868",0,0
"2955869",0,0
"2955870",0,0
"2955872",0,0
"2955873",0,0
"2955875",0,0
"2955881",0,0
"2955896",0,0
"2955897",0,0
"2955898",0,0
"2955901",0,0
"2955902",0,0
"2955906",0,0
"2955908",0,0
"2955909",0,0
"2955910",0,0
"2955911",0,0
"2955916",0,0
"2955919",0,0
"2955921",0,0
"2955926",0,0
"2955927",0,0
"2955929",0,0
"2955935",0,0
"2955938",0,0
"2955939",0,0
"2955940",0,0
"2955941",0,0
"2955945",0,0
"2955948",0,0
"2955949",0,0
"2955951",0,0
"2955952",0,0
"2955953",0,0
"2955959",0,0
"2955967",0,0
"2955970",0,0
"2955971",0,0
"2955974",0,0
"2955976",0,0
"2955977",0,0
"2955980",0,0
"2955981",0,0
"2955984",0,0
"2955985",0,0
"2955986",0,0
"2955987",0,0
"2955988",0,0
"2955992",0,0
"2955993",0,0
"2955997",0,0
"2955998",0,0
"2955999",0,0
"2956002",0,0
"2956003",0,0
"2956009",0,0
"2956011",0,0
"2956013",0,0
"2956014",0,0
"2956028",0,0
"2956034",0,0
"2956035",0,0
"2956036",0,0
"2956037",0,0
"2956038",0,0
"2956039",0,0
"2956040",0,0
"2956041",0,0
"2956047",0,0
"2956053",0,0
"2956054",0,0
"2956058",0,0
"2956060",0,0
"2956062",0,0
"2956063",0,0
"2956064",0,0
"2956065",0,0
"2956067",0,0
"2956070",0,0
"2956072",0,0
"2956075",0,0
"2956079",0,0
"2956086",0,0
"2956093",0,0
"2956096",0,0
"2956097",0,0
"2956099",0,0
"2956100",0,0
"2956101",0,0
"2956103",0,0
"2956104",0,0
"2956105",0,0
"2956106",0,0
"2956107",0,0
"2956111",0,0
"2956115",0,0
"2956124",0,0
"2956125",0,0
"2956130",0,0
"2956135",0,0
"2956137",0,0
"2956140",0,0
"2956141",0,0
"2956142",0,0
"2956145",0,0
"2956148",0,0
"2956149",0,0
"2956150",0,0
"2956151",0,0
"2956153",0,0
"2956154",0,0
"2956155",0,0
"2956157",0,0
"2956158",0,0
"2956160",0,0
"2956161",0,0
"2956163",0,0
"2956167",0,0
"2956168",0,0
"2956169",0,0
"2956170",0,0
"2956171",0,0
"2956172",0,0
"2956173",0,0
"2956176",0,0
"2956177",0,0
"2956178",0,0
"2956179",0,0
"2956181",0,0
"2956183",0,0
"2956184",0,0
"2956186",0,0
"2956187",0,0
"2956188",0,0
"2956193",0,0
"2956194",0,0
"2956199",0,0
"2956201",0,0
"2956202",0,0
"2956203",0,0
"2956204",0,0
"2956207",0,0
"2956208",0,0
"2956209",0,0
"2956213",0,0
"2956214",0,0
"2956221",0,0
"2956222",0,0
"2956224",0,0
"2956229",0,0
"2956230",0,0
"2956231",0,0
"2956232",0,0
"2956243",0,0
"2956245",0,0
"2956246",0,0
"2956247",0,0
"2956248",0,0
"2956249",0,0
"2956250",0,0
"2956252",0,0
"2956259",0,0
"2956260",0,0
"2956265",0,0
"2956266",0,0
"2956269",0,0
"2956270",0,0
"2956271",0,0
"2956272",0,0
"2956274",0,0
"2956275",0,0
"2956276",0,0
"2956277",0,0
"2956278",0,0
"2956281",0,0
"2956282",0,0
"2956283",0,0
"2956284",0,0
"2956287",0,0
"2956288",0,0
"2956290",0,0
"2956292",0,0
"2956293",0,0
"2956294",0,0
"2956296",0,0
"2956297",0,0
"2956299",0,0
"2956300",0,0
"2956301",0,0
"2956302",0,0
"2956303",0,0
"2956304",0,0
"2956305",0,0
"2956306",0,0
"2956307",0,0
"2956308",0,0
"2956312",0,0
"2956313",0,0
"2956320",0,0
"2956321",0,0
"2956327",0,0
"2956331",0,0
"2956332",0,0
"2956333",0,0
"2956334",0,0
"2956335",0,0
"2956337",0,0
"2956338",0,0
"2956339",0,0
"2956342",0,0
"2956345",0,0
"2956346",0,0
"2956347",0,0
"2956348",0,0
"2956349",0,0
"2956350",0,0
"2956355",0,0
"2956360",0,0
"2956361",0,0
"2956363",0,0
"2956369",0,0
"2956370",0,0
"2956371",0,0
"2956372",0,0
"2956373",0,0
"2956374",0,0
"2956378",0,0
"2956379",0,0
"2956380",0,0
"2956388",0,0
"2956391",0,0
"2956394",0,0
"2956399",0,0
"2956400",0,0
"2956402",0,0
"2956403",0,0
"2956404",0,0
"2956405",0,0
"2956406",0,0
"2956409",0,0
"2956410",0,0
"2956411",0,0
"2956412",0,0
"2956413",0,0
"2956415",0,0
"2956416",0,0
"2956417",0,0
"2956419",0,0
"2956420",0,0
"2956421",0,0
"2956422",0,0
"2956425",0,0
"2956430",0,0
"2956439",0,0
"2956444",0,0
"2956445",0,0
"2956446",0,0
"2956447",0,0
"2956448",0,0
"2956449",0,0
"2956450",0,0
"2956451",0,0
"2956453",0,0
"2956454",0,0
"2956455",0,0
"2956456",0,0
"2956457",0,0
"2956458",0,0
"2956459",0,0
"2956460",0,0
"2956461",0,0
"2956462",0,0
"2956467",0,0
"2956468",0,0
"2956473",0,0
"2956478",0,0
"2956479",0,0
"2956480",0,0
"2956481",0,0
"2956482",0,0
"2956483",0,0
"2956484",0,0
"2956485",0,0
"2956486",0,0
"2956487",0,0
"2956488",0,0
"2956489",0,0
"2956490",0,0
"2956492",0,0
"2956493",0,0
"2956494",0,0
"2956496",0,0
"2956497",0,0
"2956498",0,0
"2956499",0,0
"2956500",0,0
"2956501",0,0
"2956503",0,0
"2956504",0,0
"2956505",0,0
"2956506",0,0
"2956509",0,0
"2956510",0,0
"2956512",0,0
"2956514",0,0
"2956515",0,0
"2956516",0,0
"2956517",0,0
"2956518",0,0
"2956519",0,0
"2956520",0,0
"2956521",0,0
"2956522",0,0
"2956523",0,0
"2956524",0,0
"2956525",0,0
"2956526",0,0
"2956527",0,0
"2956528",0,0
"2956538",0,0
"2956539",0,0
"2956540",0,0
"2956541",0,0
"2956542",0,0
"2956546",0,0
"2956548",0,0
"2956551",0,0
"2956554",0,0
"2956556",0,0
"2956558",0,0
"2956560",0,0
"2956564",0,0
"2956566",0,0
"2956569",0,0
"2956574",0,0
"2956576",0,0
"2956584",0,0
"2956586",0,0
"2956587",0,0
"2956588",0,0
"2956593",0,0
