"","SRR5829603","SRR5829609"
"1538159",17711434,1584156
"379",5846834,7651374
"56730",2539269,3468886
"9606",3384698,1244737
"1538158",1469147,276007
"384",1252636,1239894
"477697",462119,985128
"2613770",456073,614425
"40324",324204,561907
"396",515694,313393
"1120045",356551,494359
"50338",309031,428694
"29449",305598,394932
"2849093",291032,394249
"747",207830,383210
"1312183",152592,229049
"2917727",226492,125697
"1223565",218344,221416
"3039160",109719,219253
"359",157146,219125
"380",130757,211614
"29447",76718,209461
"2020312",199208,112438
"3039156",154413,195344
"356",119247,190327
"573",86475,179503
"1396",86714,176826
"1138194",146923,176128
"2731096",175489,144193
"82115",102789,171505
"293958",110144,147473
"1589",108898,145727
"1138189",144233,138317
"398",102967,144156
"1184720",126398,134400
"2731112",133834,126743
"2081791",115218,133089
"3045156",130004,91500
"470",53776,127520
"1981173",124289,124354
"1138190",117027,124047
"382",85324,121136
"1132836",114589,98515
"2795216",89913,109900
"2028343",78487,105406
"1301032",79687,105404
"28105",51335,103707
"2785056",73759,99110
"106592",54161,98859
"358",77750,97374
"110322",14697,95954
"240521",41798,95120
"3045157",92255,43606
"2978974",62884,84002
"2926709",62768,79973
"194963",35538,78903
"2184519",36972,77933
"399",50525,77297
"3019602",57891,76511
"2918527",73488,66512
"2806346",55678,73432
"2583231",56716,71173
"3039157",44920,68067
"2986923",45761,65482
"2775403",46287,63888
"2041385",44752,62436
"2952477",44867,58376
"1571470",43967,57935
"1176649",8766,56486
"680247",26080,56234
"348824",39120,52649
"1590",18347,51430
"375549",26284,50410
"2898796",36596,50209
"2919917",38272,49592
"2867516",48306,40017
"1395951",34909,47928
"357",35340,46730
"2697030",35174,46398
"515361",35852,45686
"2020311",39529,44346
"68287",21225,44001
"2603277",30721,42031
"2020313",40746,24567
"190893",25736,39233
"451876",28811,38879
"1368430",27793,37239
"555315",21632,36525
"1353277",7356,34888
"1703969",34673,5723
"1183401",18768,34113
"2048897",25806,31962
"1219",15941,31241
"1491",20365,31091
"555319",29719,31090
"848",30092,28949
"1752398",19872,29329
"680248",13425,29144
"1076926",22922,27584
"2364271",21272,27510
"2807101",26887,18572
"1867719",16466,26574
"147322",15832,26274
"352475",21565,26019
"1125",10411,25269
"374",17872,24028
"2306583",9481,23618
"1161",12674,22904
"9",19524,22781
"2986920",13865,22725
"879274",15527,21339
"286",14999,20191
"2865838",3822,20117
"1152",7560,19758
"648995",19543,11013
"1183413",16883,19473
"2613773",11433,18161
"2986922",17601,11674
"110321",9819,17384
"716925",9557,17091
"2364272",7639,15590
"87883",9650,15149
"1112103",4859,15080
"3024242",14686,6317
"670",8716,14558
"702113",14329,8446
"3058963",9227,14162
"336203",14158,7862
"2815360",7828,13721
"2674997",5240,13481
"2267833",9444,13295
"3031126",10115,12904
"2744515",2319,12705
"2066070",12693,9232
"794846",7564,12536
"34020",6686,12421
"2520507",3982,11913
"1615909",5782,11911
"160699",8005,11849
"2979861",8578,11638
"2060726",9709,11554
"2094119",3916,10794
"3024248",10668,6151
"156213",5135,10660
"139",3284,10631
"2862866",6246,10292
"3019933",10290,7937
"1485",10145,3966
"2979863",7295,9963
"3019932",9923,9841
"118562",7626,9794
"1397703",4871,9788
"399025",3804,9645
"1842534",6409,9568
"2493671",6299,9559
"2735528",6372,9468
"2811423",6301,9441
"379684",5826,9121
"28099",6908,9024
"323620",5527,8924
"222819",8812,8829
"237",8412,3734
"2865837",4779,8387
"1854057",4638,8381
"669359",5235,8192
"2259595",3250,8116
"2493669",5647,8043
"1155739",4266,7826
"809",7636,5609
"1755100",5953,7560
"3025782",6190,7546
"1883",5008,7535
"146786",2539,7466
"2715959",5461,7436
"1125847",1744,7354
"2978392",5447,7333
"1502",6980,3664
"1752063",3621,6883
"2775404",5737,6811
"2956832",6799,3923
"1386",6746,4410
"1653831",6740,3723
"71433",5206,6729
"292566",3175,6692
"2005460",4166,6679
"1335061",4530,6567
"69277",2601,6510
"2560058",2292,6499
"2782659",6442,6118
"2744518",3460,6376
"469",5644,6278
"577489",3011,6263
"1969821",3219,6239
"186802",6060,6230
"106591",4411,6218
"373",4431,6157
"1617448",3673,6082
"2654248",5967,5127
"234",3037,5884
"238834",5803,2857
"241425",2752,5780
"2744521",2392,5697
"2865839",3768,5622
"1892259",5446,4242
"2956833",1490,5444
"2094",2053,5363
"65093",2183,5336
"1404",5296,3696
"2942908",2955,5263
"45361",5247,918
"1954172",2242,5231
"2005456",4736,5217
"203804",3025,5152
"2871820",4109,5135
"2718938",3483,5097
"1126",3244,5081
"77021",2155,5075
"754429",2404,5072
"2777475",1441,5008
"2613771",4139,4994
"317",2210,4994
"407",2803,4934
"374606",3151,4933
"1279",4892,2236
"56689",2696,4878
"662",4021,4876
"2792015",2951,4864
"2579248",4711,4645
"29430",4668,658
"2925841",2819,4646
"562",4633,2908
"2493673",4624,4480
"2986929",3907,4612
"2962065",1571,4599
"593909",3121,4475
"140",1469,4390
"155977",2565,4377
"3028878",1942,4358
"381",2236,4345
"3045175",2851,4248
"1496",4235,1403
"979",2290,4200
"2744516",937,4196
"858423",3440,4194
"529",592,4161
"2877940",2434,4153
"280333",1872,4121
"1813451",2298,4063
"2874213",4059,3302
"39645",4044,2146
"49546",3512,4041
"2819999",1088,3991
"80840",2437,3962
"111782",1747,3950
"1482074",2368,3908
"1355477",2156,3886
"54304",1250,3867
"1903858",2316,3861
"573658",2175,3808
"1218",1524,3786
"1904463",1293,3780
"2819993",420,3692
"2148",1351,3690
"94625",2799,3688
"2819994",1760,3660
"1301",3651,2520
"2589888",1173,3645
"2320867",3534,3604
"28903",3511,1368
"984207",1114,3510
"59732",3501,2656
"1280",3500,2180
"1922217",3494,918
"2599640",2616,3493
"2984846",1159,3488
"1520",3478,1223
"2846389",607,3441
"1561003",2322,3403
"2744522",479,3391
"2979862",2149,3390
"2821832",1813,3382
"121719",3332,3381
"3039159",2898,3364
"1822464",2658,3347
"271865",1465,3344
"1777866",2687,3310
"1526658",3306,3258
"2969621",1292,3304
"210",3302,2604
"2782665",2428,3286
"2789216",2749,3284
"91844",1638,3283
"1076",1924,3274
"991904",2305,3221
"2696063",3213,977
"2583377",1101,3209
"2725666",2282,3207
"2589974",2146,3179
"543",3155,2918
"672",1504,3148
"43305",3130,1941
"1428",3118,1408
"544",3108,2514
"1016",1422,3106
"2341112",2036,3105
"728",999,3085
"171552",1465,3055
"1501",3047,1722
"298657",713,3014
"3074898",1935,2969
"102116",2247,2962
"2108445",2353,2924
"675281",1435,2879
"1357545",1611,2876
"2493680",1129,2870
"303",1761,2862
"1068590",2129,2861
"1842536",1900,2858
"34098",1107,2855
"2493672",1719,2840
"154046",785,2805
"555317",1542,2805
"1886",1619,2788
"2580515",2376,2786
"704125",2746,2779
"32008",1552,2778
"430451",2037,2767
"2816454",2764,2357
"2734125",1993,2734
"3028735",1268,2727
"42255",1274,2709
"2840183",586,2708
"118323",1523,2690
"2586643",579,2688
"2483404",2666,2336
"2907534",779,2654
"2576904",1261,2645
"1437360",1669,2631
"36745",2631,989
"2589967",1469,2630
"1026955",711,2619
"1486262",1943,2604
"186817",2281,2603
"2506430",2188,2592
"82633",648,2590
"2744523",2276,2571
"2967302",2258,2554
"2589976",1624,2537
"638",979,2520
"1325100",1988,2514
"2992140",2503,2231
"1898749",522,2497
"2483403",918,2491
"2493676",2233,2488
"2493678",465,2481
"1827",869,2461
"293389",556,2450
"457083",1043,2446
"1521768",1716,2442
"1777867",2439,2411
"2956834",139,2428
"985002",1361,2427
"1702325",1362,2424
"41297",1903,2423
"293089",978,2413
"1405",2358,1105
"318424",864,2352
"1882682",1601,2343
"223390",740,2339
"2708117",1122,2328
"1658616",1819,2311
"44249",2309,1809
"2493668",1368,2296
"2664893",1618,2292
"2748629",1789,2264
"2082387",1178,2253
"1353976",777,2237
"1164",1507,2223
"375",1314,2216
"1855912",1118,2213
"1385",2211,1233
"2654325",2110,2209
"1625",2208,174
"1150",821,2207
"536018",1503,2199
"2976343",2191,1904
"674703",1490,2181
"2675523",458,2180
"2742145",1274,2178
"2709380",1523,2155
"2584466",1309,2154
"287",1069,2153
"1441095",1963,2140
"1509",2138,736
"2782641",1034,2133
"2744519",2126,1872
"88723",908,2108
"194",2105,835
"1492",2098,1501
"1505",2091,551
"2955972",327,2089
"2493679",1665,2085
"2599600",815,2082
"93944",560,2058
"240427",769,2057
"2352",977,2041
"288000",1585,2039
"204455",1657,2036
"191302",1791,2035
"41673",1556,2029
"2774562",1482,2024
"1870862",1053,2019
"2528964",1089,2006
"1754",1066,2000
"419475",1150,2000
"2994555",1986,685
"1534",1978,722
"92400",813,1976
"442121",623,1963
"2099583",0,1962
"2782654",1499,1962
"2906072",1405,1961
"43617",1684,1961
"41275",1960,1179
"556533",1401,1951
"36839",1948,642
"190148",579,1940
"779",1923,579
"1647413",461,1918
"13687",1907,1209
"505",1420,1907
"86663",1251,1888
"2651334",1414,1874
"1561",1873,767
"265",1150,1872
"89152",1393,1871
"1296",1869,1301
"29341",1868,645
"2898442",925,1864
"1447062",1158,1860
"439387",1022,1858
"1282",1847,652
"1940610",1133,1846
"119060",1401,1836
"1620421",996,1832
"71190",437,1820
"3074855",830,1818
"3070996",1812,754
"2493681",868,1808
"2493677",619,1807
"2999116",1806,958
"73141",1007,1803
"1349819",1271,1792
"258",1056,1789
"2933872",778,1788
"2956463",586,1783
"1490",1768,549
"53246",1759,1419
"22",1272,1752
"2057741",865,1748
"2818388",1065,1747
"400770",1104,1741
"360422",1728,519
"641107",1723,682
"200644",1720,457
"28901",1719,1243
"28198",1708,669
"3026161",996,1704
"52584",1702,672
"2502779",1098,1701
"430679",1276,1701
"713887",1247,1692
"91347",1691,1331
"1908341",1677,422
"94",845,1676
"169679",1674,554
"3067904",1276,1674
"1612624",1673,552
"253",1669,686
"2919913",1667,1201
"135858",397,1665
"2082949",1127,1645
"2880934",968,1640
"1263728",1322,1639
"400634",1635,1222
"2593653",858,1631
"3070681",1628,1346
"2986834",1623,930
"367791",1623,1450
"642",859,1619
"1435069",465,1613
"1352",1611,1135
"1404411",1611,1600
"2795690",1096,1609
"1283291",632,1606
"2826993",984,1604
"244596",1013,1603
"394958",1600,761
"2583532",1088,1599
"450734",3,1598
"1530123",1593,451
"1856685",1363,1593
"2766984",1154,1593
"555316",867,1591
"335928",1582,1241
"114616",978,1573
"2099788",372,1570
"1871048",528,1567
"171284",1565,368
"2136173",536,1561
"28197",1549,857
"1881061",265,1545
"53376",252,1541
"51663",246,1539
"851",1536,460
"1379903",1003,1534
"2976823",1273,1534
"459526",1533,290
"3028318",933,1531
"33050",919,1528
"1335048",969,1525
"1358",1510,622
"2102",1510,414
"1736675",1205,1508
"1747",508,1502
"3024400",581,1494
"3039153",266,1493
"2745",773,1491
"584",1487,706
"86665",516,1475
"587753",1276,1473
"1273155",534,1469
"293088",804,1457
"1131707",462,1454
"40091",1453,759
"424800",535,1448
"864828",352,1448
"1404443",954,1443
"1031542",855,1440
"1745854",232,1440
"2972478",717,1437
"435905",300,1432
"32002",854,1429
"408",1244,1427
"2986829",1332,1426
"207340",1402,1425
"1117645",1422,499
"2813371",1422,480
"1077935",1067,1418
"2604832",1409,1391
"1197460",931,1408
"2913616",1139,1399
"2976982",1398,575
"2589903",1199,1393
"2859001",1384,1
"2527984",977,1374
"2570229",962,1374
"816",1370,1030
"2932249",365,1368
"2320868",1362,606
"2763062",514,1357
"717785",1250,1351
"861",1350,439
"1872084",134,1342
"1325090",566,1340
"41294",1174,1336
"1761016",1059,1330
"1336802",1328,155
"99598",438,1327
"985782",1326,406
"1461694",443,1320
"2986924",1318,1168
"3049772",754,1318
"1274631",1021,1316
"1807358",1316,421
"2666139",770,1311
"3038545",650,1310
"186826",958,1306
"2726189",1021,1306
"191",981,1298
"38293",1203,1297
"2984951",1295,857
"2967130",75,1294
"728066",1293,991
"2570561",1291,757
"1286698",1290,403
"137722",992,1288
"2132",1288,918
"1335043",692,1284
"540747",750,1282
"3070215",653,1281
"570",1126,1278
"2259622",318,1273
"1397",1271,987
"2956823",1269,784
"2663009",1266,592
"1624",1263,640
"2681766",653,1258
"1137095",1248,1256
"1149133",975,1254
"158892",1254,833
"485448",446,1253
"36845",1252,627
"1165",540,1251
"2816908",1247,454
"1390",735,1246
"1351",1245,812
"446",1239,618
"1670800",562,1238
"1763363",1234,657
"217159",1233,389
"7",900,1232
"106589",857,1231
"762954",894,1227
"859",634,1227
"171281",1226,794
"3035472",285,1226
"1307",1225,958
"921",715,1223
"1061",885,1218
"1402861",1217,452
"583",1217,438
"2855394",974,1213
"29448",715,1213
"104270",1212,741
"2789856",356,1211
"445",796,1210
"164546",1208,995
"31989",725,1206
"2712222",839,1205
"53412",767,1204
"586",1202,540
"94869",1202,345
"159",1201,417
"28104",1198,1151
"292913",800,1196
"288965",712,1188
"2744517",1077,1185
"999",1185,563
"2860336",1182,1065
"1223566",48,1177
"147645",725,1176
"336810",1175,665
"33025",509,1173
"262",1169,691
"1216932",1069,1168
"2726954",1167,308
"3053904",541,1164
"2878534",1160,128
"444444",424,1157
"95486",547,1154
"28072",682,1151
"1290",1147,483
"1325120",261,1146
"1350",1146,908
"60548",686,1139
"2698458",447,1137
"587",1137,695
"2070",23,1136
"2051553",555,1135
"2867020",546,1132
"1333996",908,1123
"450367",1123,565
"76859",1120,391
"79885",1116,449
"2020412",565,1115
"204037",558,1113
"356302",1113,608
"46239",723,1111
"370111",521,1110
"85698",796,1110
"1162",1100,965
"292",730,1100
"3036126",1099,351
"603050",1098,836
"1541",1097,405
"1598",1095,1066
"311230",639,1092
"52959",1091,475
"1462527",620,1090
"63363",339,1090
"3020843",675,1089
"39948",431,1087
"582",1086,665
"270351",633,1085
"881260",287,1084
"199",1082,556
"113267",408,1081
"856",1080,308
"39152",1079,665
"46867",1079,362
"1744",775,1074
"2810514",441,1073
"877500",1071,395
"2767358",1068,212
"28199",1068,444
"2172098",574,1064
"34073",743,1060
"334852",1058,469
"45655",842,1058
"1849015",1056,542
"2917991",587,1054
"2497456",1053,471
"33069",670,1053
"2840474",1044,633
"56448",596,1043
"2482763",790,1042
"68223",431,1040
"1716",608,1038
"3060017",1038,321
"2331",1037,481
"33033",1037,412
"1235591",880,1036
"1315211",1036,607
"2527974",212,1034
"169176",801,1033
"1054033",1031,424
"1775910",1031,675
"1504",1030,355
"2792603",588,1030
"434",712,1030
"1622118",1028,414
"2807096",428,1027
"2779445",1025,736
"70348",559,1025
"1756988",763,1024
"823",573,1022
"875932",712,1022
"2800373",925,1020
"217204",487,1018
"1032072",1017,351
"2820002",173,1012
"1736674",1011,274
"416",724,1009
"60961",288,1008
"254",1007,416
"338",1007,903
"51173",1003,451
"2867233",534,999
"2976680",548,998
"48296",997,463
"622681",442,997
"482",441,996
"32067",995,554
"2563896",709,994
"743040",405,994
"2488810",992,416
"2909673",239,990
"158500",744,989
"2015076",989,346
"2842348",987,9
"1260",986,389
"1642",797,986
"1250539",568,982
"1529068",541,979
"3027808",170,978
"1294262",332,976
"2027857",779,976
"1714849",975,381
"44255",704,973
"137816",514,972
"2925782",972,315
"84135",971,368
"62099",970,71
"2918526",967,319
"40323",571,967
"2219224",965,928
"1542",964,417
"2823043",508,963
"1973486",962,515
"1379",961,261
"197",961,510
"2562284",785,961
"2141",959,216
"1283",958,493
"2499144",761,956
"2706887",319,956
"1288",954,401
"188913",950,326
"183795",867,948
"1703972",947,723
"1196095",946,347
"28196",945,258
"2758041",418,943
"2057808",940,531
"412384",901,940
"60550",560,939
"43660",938,601
"2576932",936,43
"3034674",936,256
"2605946",235,934
"29382",931,377
"1191459",628,930
"2494374",549,930
"2053",257,929
"2865112",191,929
"363835",474,929
"1755504",646,927
"2507159",927,550
"3025671",925,484
"134537",512,923
"1873",337,921
"2527971",909,621
"29562",909,443
"157687",908,522
"238",907,231
"379064",720,906
"2877941",323,905
"1077946",523,903
"2069432",706,903
"48",903,200
"2183896",900,388
"2546356",899,278
"1185412",898,352
"1332080",897,616
"2816357",860,897
"1755811",895,254
"338584",529,895
"2782662",534,894
"116090",892,226
"3068632",806,892
"1094892",890,257
"2813578",439,890
"1965231",887,209
"28227",859,886
"1842539",733,885
"2914710",182,885
"47716",246,884
"2730847",134,881
"1894999",534,879
"1547",877,411
"329",244,877
"34085",877,563
"408139",228,876
"2731219",875,258
"2654249",340,874
"53399",382,874
"533",873,739
"1478",872,536
"2209",870,593
"40214",827,870
"943830",495,870
"1967501",869,748
"204457",632,869
"255045",786,869
"1513",868,629
"2808963",868,508
"437897",868,316
"996801",868,431
"2846436",504,866
"268748",480,864
"101571",505,862
"82367",599,862
"1548",861,212
"2857064",516,861
"2981136",185,861
"2662065",515,854
"2058137",851,239
"1063",844,848
"2572090",847,727
"2201356",565,844
"3047874",587,844
"2493639",843,271
"335406",379,843
"1855336",842,652
"138",841,366
"155085",841,234
"200252",522,841
"615",841,603
"81947",840,773
"1144307",283,836
"3070999",836,239
"155322",834,402
"986",832,473
"173366",830,572
"2654982",463,830
"2950605",139,830
"1354",829,427
"2896849",572,829
"2259340",571,828
"3070997",828,326
"1287055",827,234
"2590772",609,827
"2672570",827,319
"294",644,827
"1080068",294,826
"157",826,297
"700220",826,191
"2983246",266,825
"899",211,825
"171",824,452
"331696",415,824
"40216",824,180
"1226968",516,823
"1573720",540,823
"1293",797,822
"2493675",249,822
"2681549",518,822
"528244",474,822
"28141",487,821
"3064531",571,821
"826",819,228
"2208",818,479
"28453",818,511
"2126346",356,817
"651561",816,332
"56455",557,813
"1404888",613,812
"1522",425,812
"373994",812,553
"613",617,810
"1112",614,809
"558152",809,352
"2493674",808,654
"322019",808,455
"913",521,808
"1871086",607,807
"2202249",481,807
"3003601",807,317
"1507512",804,246
"42443",65,804
"1843368",505,802
"86106",504,802
"182773",801,283
"1853130",502,801
"76857",801,219
"104268",754,800
"173",799,228
"2054919",692,799
"300028",483,799
"133",451,798
"196",798,306
"2493670",263,797
"2724150",797,505
"44008",797,233
"702115",404,796
"201",795,330
"2724191",177,795
"818",795,560
"2830995",505,794
"3019934",719,794
"940",533,794
"193",607,792
"1774273",790,309
"554880",406,789
"1173586",48,787
"2587847",584,787
"2880219",678,787
"1519",786,194
"2809031",786,259
"1408",785,621
"74109",785,470
"84378",784,228
"1325102",783,119
"2714925",394,782
"553611",782,354
"689",782,209
"2845819",738,781
"42858",781,241
"2855841",780,176
"2916754",780,273
"1406",779,722
"1855823",779,330
"1278232",775,415
"153151",347,774
"1250205",439,773
"65741",189,772
"373891",770,380
"1486034",769,239
"106590",760,768
"1423",767,638
"280",767,706
"29388",766,239
"817",766,738
"31988",227,765
"40137",485,765
"84377",765,238
"2023057",764,280
"584609",764,363
"1979344",763,363
"33923",763,248
"3039154",450,762
"1018",398,761
"158836",761,714
"2770780",759,621
"362837",759,210
"1030157",497,757
"1578",756,484
"2714110",599,755
"2806348",412,754
"84406",754,383
"936456",286,753
"135487",706,751
"2478552",750,277
"2997336",750,578
"1488",748,355
"2594795",555,748
"1493",747,271
"332101",744,620
"1498",742,292
"2615214",510,742
"2740529",472,741
"2818493",724,741
"2086471",717,738
"2098",738,219
"36835",738,419
"92645",576,738
"1494",736,236
"34062",579,735
"1028989",326,734
"228899",734,455
"2594004",733,297
"217203",732,700
"754397",732,282
"92647",345,732
"2605747",357,730
"263913",481,729
"2528642",433,728
"2909249",430,728
"308354",728,341
"1179777",727,349
"1885",256,727
"1117707",726,354
"28100",526,726
"2582831",310,724
"1006576",722,617
"96345",722,378
"2603206",446,721
"2905121",385,721
"2161747",658,720
"2854170",491,719
"158",718,566
"28182",718,293
"2785025",717,429
"492670",717,609
"1564138",716,210
"1915309",716,299
"195",716,228
"2996794",716,271
"521",350,716
"55197",716,302
"1278212",715,282
"244734",714,286
"1936081",713,273
"2584122",713,400
"2750995",544,713
"28031",713,569
"2944250",124,713
"28188",712,439
"206",711,261
"2187",711,139
"1891094",653,710
"3049774",428,709
"1529",708,213
"47770",708,510
"68270",508,708
"2020716",389,707
"64104",707,302
"2875764",706,239
"507",705,512
"519472",278,705
"56",705,616
"913109",705,441
"2594042",703,308
"658446",429,703
"1465",702,409
"308865",702,375
"632569",348,702
"784",701,369
"121428",700,323
"3017325",384,700
"405559",569,700
"354349",61,699
"35787",132,699
"2082188",185,698
"2806551",698,332
"652764",380,698
"85413",500,698
"858422",420,698
"2282523",670,696
"2594003",426,696
"2782006",387,696
"1462615",694,292
"1639",694,407
"1385663",123,692
"431306",412,692
"29378",691,320
"326320",691,643
"1115758",690,577
"1771",153,690
"2872157",431,690
"1850374",504,689
"3034358",489,689
"75985",547,688
"1054034",687,283
"2003315",212,687
"2986823",687,202
"1888915",685,273
"2483110",685,302
"1463165",511,684
"157691",683,98
"186650",409,683
"2657486",683,566
"2907623",683,222
"1848900",431,682
"33882",477,682
"221822",478,680
"2699836",680,123
"1930532",454,679
"718",679,520
"1080223",678,284
"47466",677,237
"82985",677,190
"2301",676,211
"312539",676,166
"907046",547,676
"2885079",351,675
"754423",673,352
"1263979",672,178
"216946",672,137
"64895",672,266
"162426",508,671
"187304",489,671
"1336804",670,240
"247",670,203
"718217",670,262
"122277",669,453
"252967",668,173
"547987",668,111
"59739",660,668
"657387",668,438
"28087",666,254
"29507",666,158
"1862145",665,645
"197162",665,244
"220927",428,665
"1476901",206,664
"28056",561,664
"2304606",663,166
"2567941",663,236
"2739062",663,285
"2321114",662,246
"76947",413,662
"1259844",394,661
"126385",661,209
"2139",661,102
"569860",544,661
"2350",389,660
"3047871",660,349
"1660079",659,192
"1798223",159,659
"279113",659,475
"714",584,659
"2729423",117,657
"1416779",656,371
"1002672",655,329
"1421",655,259
"2079234",186,655
"1238",654,362
"137583",361,654
"2713414",654,162
"93221",426,654
"2914159",576,653
"1737490",652,203
"641491",105,652
"2892442",651,640
"343874",651,291
"588932",517,651
"1685010",650,449
"676",405,649
"2714924",506,648
"2961520",648,294
"3003260",648,324
"214473",647,271
"571177",472,646
"1500960",644,629
"519450",644,238
"278153",643,215
"2930219",642,235
"1890302",641,489
"940133",371,640
"2686365",543,639
"2925845",601,639
"463014",432,639
"538381",484,639
"2494373",637,292
"34002",452,637
"1218801",636,428
"1969806",438,636
"1325115",234,635
"1695218",635,102
"2065379",579,635
"2711156",234,635
"1041504",634,233
"1906741",460,634
"97138",633,388
"1229727",632,149
"39643",531,632
"1315974",350,631
"1690815",321,631
"2143",631,142
"29533",630,227
"1850246",629,259
"2906076",628,205
"2912855",451,628
"1303",627,545
"78587",420,627
"160798",625,203
"1556",624,250
"2949996",624,337
"1265445",623,421
"266805",161,623
"28132",623,416
"312277",623,220
"929813",524,623
"850",622,362
"2570586",621,183
"2689569",621,606
"2604158",208,620
"2931922",620,193
"2906078",619,330
"29385",619,387
"294671",619,179
"1279031",618,154
"2004710",617,175
"1905730",616,339
"39441",616,180
"1817965",409,615
"1632864",489,614
"285729",614,400
"2836373",362,612
"2864218",612,86
"1581",166,610
"2321111",609,194
"34003",173,609
"972",609,331
"81462",152,608
"83627",451,607
"57043",606,436
"1286",605,351
"3047875",605,363
"504468",604,605
"1982626",603,233
"246",603,274
"580165",603,213
"971",572,603
"1870884",602,304
"629",595,602
"683124",602,274
"949",120,602
"1399",601,314
"62322",601,189
"69578",601,458
"2151",600,291
"67294",36,600
"2169400",412,599
"3062449",513,599
"29348",597,286
"324079",597,280
"199136",403,596
"1583098",595,315
"1784",595,408
"208226",595,343
"2202825",249,595
"506591",212,594
"2364647",554,593
"2782674",593,242
"38875",592,210
"1524882",591,72
"656178",346,591
"963",445,591
"827",590,290
"2487118",201,589
"317577",296,589
"1793722",391,588
"29519",587,392
"585",587,238
"1534349",586,256
"1889",367,586
"2219225",516,586
"1281",585,424
"1416803",358,585
"2811091",585,166
"1560345",379,584
"85006",584,318
"1178825",583,202
"2749995",583,348
"371036",583,345
"471",581,217
"118060",557,580
"216937",579,149
"2920380",579,485
"2926907",579,268
"3024245",264,579
"155892",128,578
"2804617",302,577
"668",577,462
"89184",272,577
"1357",576,391
"1382466",576,328
"1803846",576,315
"2203204",101,576
"61648",462,575
"2599308",574,232
"1637",360,573
"1798205",517,573
"544718",573,150
"1714860",572,339
"2895568",110,572
"120107",12,571
"3051121",570,270
"653931",437,570
"1714848",569,189
"2748319",569,254
"2956784",569,271
"69965",568,259
"1380604",549,567
"3023090",567,258
"2138",565,126
"644",452,565
"1398",564,191
"216935",564,154
"2795738",564,340
"3016339",564,292
"871742",564,550
"1457365",223,563
"2207",563,253
"3045146",563,248
"34105",563,333
"76259",461,563
"1499987",562,235
"2108365",562,226
"2764326",562,179
"38986",562,136
"1882831",54,561
"2500547",561,198
"2686077",561,308
"441",490,561
"84159",319,561
"758793",303,560
"158849",559,288
"1942464",559,264
"2126984",559,123
"2986831",559,300
"2095",558,172
"2745518",542,558
"2212991",557,314
"2738",557,422
"2890321",243,557
"3017783",400,557
"1170562",336,556
"147802",496,556
"2956836",111,556
"3019544",380,555
"218208",143,554
"2878151",518,554
"3034146",554,279
"2978473",101,553
"34004",553,421
"1763",243,552
"2991074",320,552
"453842",50,552
"2745197",551,363
"61645",551,274
"1915078",550,454
"756892",550,237
"1355374",549,310
"2781243",549,286
"1549949",399,548
"1970738",548,346
"2303331",360,548
"2686361",548,256
"3016006",355,548
"69",548,290
"33075",178,545
"60136",248,544
"2358479",543,222
"2518343",440,543
"2675754",543,352
"2774137",543,508
"80864",299,543
"1471",542,322
"2745947",202,542
"2893885",542,262
"561",542,510
"53409",196,541
"29360",328,540
"2493093",198,539
"45972",539,296
"639200",323,539
"2010972",352,538
"2808900",538,228
"1538644",536,366
"556287",536,259
"1848766",294,535
"2828656",158,535
"83816",535,179
"2724135",534,183
"2840468",95,534
"2866592",280,533
"2907545",369,533
"2918453",533,170
"316",419,533
"104",532,395
"1178",532,206
"189381",492,532
"28895",532,251
"202907",349,531
"2341117",466,531
"3041435",317,530
"1090615",11,529
"1758194",223,529
"2986824",528,364
"2986949",528,439
"155863",527,124
"2898187",527,229
"1867715",216,526
"31909",526,163
"1816218",525,493
"2942449",395,525
"663364",525,204
"2864201",524,269
"2923272",438,523
"1325095",375,522
"1313",521,407
"83451",349,521
"85007",521,472
"2681547",401,520
"927083",323,520
"1267021",519,165
"708113",371,518
"2653681",517,380
"2898076",516,137
"47877",269,516
"983544",516,159
"2145",515,244
"2487072",515,270
"2785627",266,515
"280473",322,515
"108981",514,137
"1762",412,514
"2694929",424,514
"654",399,514
"28200",513,463
"2986835",513,336
"45656",513,318
"1306519",511,274
"1970093",510,424
"198",510,266
"2906456",310,510
"416169",510,299
"715475",374,510
"2681310",127,509
"2764711",509,306
"128785",153,508
"2011015",165,508
"2663022",508,275
"76831",508,348
"109328",507,165
"2592345",291,506
"3073562",478,506
"46679",506,468
"515256",506,204
"1721091",505,165
"1736226",505,116
"195105",223,505
"2830997",273,505
"434009",212,505
"248906",504,254
"2751",504,312
"1184387",125,503
"216934",503,177
"33970",503,194
"2498451",312,502
"2586965",502,61
"2954086",502,489
"445709",502,474
"1096",501,89
"29521",501,119
"630",501,180
"158822",295,500
"2895796",231,500
"107327",499,152
"2928472",487,499
"2571746",285,498
"54571",203,498
"71237",498,214
"88688",285,498
"1573718",155,497
"255507",497,214
"3003257",497,412
"2840469",294,496
"3025315",496,194
"1826872",495,229
"2033869",8,495
"204447",151,495
"237610",398,495
"2944914",495,352
"708131",159,495
"1243",494,398
"1303590",494,105
"166485",494,340
"259",413,494
"750",494,171
"1470540",493,97
"437505",493,334
"61647",238,493
"628",493,428
"1871047",492,223
"2495594",101,492
"2893883",361,492
"3018446",215,492
"669",385,492
"1296669",153,491
"1617283",490,119
"2697032",490,489
"517",99,489
"3062782",488,280
"447792",372,488
"536",347,488
"66219",488,291
"1177216",486,120
"1254",486,353
"261302",288,486
"546",486,389
"257708",280,485
"2920939",485,197
"104087",246,483
"1874061",208,483
"2488560",215,483
"2763006",377,483
"3017784",463,483
"3059026",477,483
"347534",362,483
"74033",338,482
"1493872",481,370
"2735433",273,481
"2914041",360,481
"712357",481,177
"2068654",480,363
"166486",314,479
"2565926",403,479
"2898794",479,439
"291048",479,257
"445710",479,476
"472834",420,479
"485898",380,479
"68895",280,479
"82996",381,479
"107401",478,347
"1337936",478,442
"151416",336,478
"2665645",478,183
"3049799",106,478
"2021862",70,477
"2651167",477,247
"2830782",477,197
"129337",476,424
"2507161",476,356
"2546360",476,316
"2954771",274,476
"80842",170,476
"133924",49,475
"2172099",425,474
"2576307",474,237
"2704140",474,262
"2745198",474,274
"2916755",474,242
"3054208",474,142
"317936",474,308
"97084",474,347
"2133",473,233
"953",473,122
"1609758",256,472
"3058373",472,180
"1388755",471,119
"1419277",471,12
"1678728",470,371
"248039",470,162
"1587",469,224
"2602015",284,469
"2686366",469,345
"165779",468,98
"230361",468,295
"263",468,204
"2906077",468,225
"33028",468,256
"79883",362,468
"165695",164,467
"1196083",466,203
"1324352",466,191
"1564",311,466
"167642",466,217
"2497860",466,427
"2995161",417,466
"44000",466,307
"1574161",465,217
"171865",465,68
"1879050",465,179
"3070995",465,237
"204525",143,464
"2879119",464,191
"29391",464,176
"1094",9,463
"250",463,301
"2861765",463,284
"1981174",366,462
"2049881",293,462
"59600",462,185
"256",461,375
"1482",460,376
"1740721",460,182
"1870820",373,460
"203135",205,460
"2116",460,206
"2742195",460,148
"40576",460,191
"1850252",459,223
"1853278",387,459
"2591109",346,459
"2704465",459,334
"29555",459,149
"662548",127,459
"1124835",458,264
"2684212",441,458
"2934315",458,168
"36814",311,458
"1179672",457,224
"131318",295,457
"1679721",457,167
"3018315",457,209
"33959",457,274
"152268",456,277
"1563479",456,154
"216931",456,102
"2587163",382,456
"279359",456,139
"2865673",456,335
"448181",456,202
"656366",174,456
"1515",455,225
"2304600",58,455
"28189",455,421
"2962858",455,229
"1525371",276,454
"505249",454,237
"182710",453,217
"2678260",128,453
"2837511",453,264
"290",296,453
"195913",364,452
"2126985",452,214
"2731220",452,113
"2861284",269,452
"680",452,305
"83455",178,451
"3003258",450,117
"86664",450,435
"1563",449,212
"1592897",449,168
"1792508",269,449
"1464",448,251
"1505757",189,448
"1523415",295,448
"266749",448,290
"3047873",448,382
"426",371,448
"1437009",381,447
"1987921",447,125
"2062",406,447
"2419844",186,447
"2675877",233,447
"2895286",447,302
"656519",447,143
"2545455",446,218
"2546128",446,211
"2893889",219,446
"33993",145,446
"1608473",237,445
"1750527",339,445
"2686363",445,196
"296",393,445
"94132",409,445
"3032282",444,422
"2983606",443,210
"47715",120,443
"1702097",442,177
"1785996",442,128
"246432",442,156
"283734",442,193
"3028070",396,442
"313588",439,442
"60890",275,442
"2487064",441,284
"1505597",440,87
"2824673",440,138
"3003256",440,225
"3018314",440,243
"395598",440,382
"536441",356,440
"1817",318,439
"2038776",439,381
"2929799",439,295
"68",403,439
"1193095",438,119
"220687",438,247
"2762318",438,227
"2825844",438,243
"29510",250,438
"374432",359,438
"1604",437,348
"1612173",251,436
"168471",185,436
"2682810",436,159
"2870839",436,285
"1325114",158,435
"2943192",435,418
"398743",435,197
"53346",435,259
"54298",344,435
"90736",249,435
"2587852",248,434
"373672",434,228
"2686362",433,154
"55603",433,207
"69499",433,124
"1294143",224,432
"1768",365,432
"2512240",432,205
"2684468",432,345
"2795724",129,432
"2932268",432,195
"293387",432,241
"1111069",131,431
"29394",431,198
"3040348",431,139
"38313",431,136
"2725268",430,230
"3075430",430,341
"75",429,145
"1354726",428,184
"1550240",428,147
"1592101",147,428
"1842535",112,428
"2735434",271,428
"2742131",428,194
"2746225",428,189
"33047",382,428
"1395624",427,238
"1778678",427,339
"218144",427,243
"2762322",151,427
"89586",427,152
"1191912",344,426
"1193713",422,426
"1255",426,235
"1653480",217,426
"292462",43,426
"36863",389,426
"3070676",425,373
"1912871",424,115
"260714",424,205
"312306",331,424
"433286",424,208
"13689",23,423
"1813611",423,108
"2028345",132,423
"3057114",200,423
"549298",423,125
"134287",422,137
"77095",422,250
"291644",421,216
"2931983",160,421
"29438",421,180
"3058903",77,421
"3061626",252,421
"482564",421,297
"2740185",420,343
"3003263",420,303
"754409",420,294
"1071679",152,419
"1312072",419,255
"1660078",419,131
"1866885",208,419
"3050069",419,397
"1376",418,358
"1871076",418,147
"2547394",418,285
"2732161",291,418
"29552",418,212
"3070679",418,267
"487316",417,165
"2478663",416,195
"2714940",416,235
"642780",416,119
"1241981",415,270
"1442557",137,415
"2697569",70,415
"2792084",415,116
"2932259",207,415
"83637",415,311
"1046",319,414
"171286",414,228
"1790137",414,411
"2615203",103,414
"911092",212,414
"912",342,414
"106654",413,190
"142864",297,413
"1511",413,191
"165179",180,413
"2576922",124,413
"2578107",64,413
"282676",413,194
"2991972",203,413
"3002903",366,413
"46541",413,304
"1854492",412,237
"1919",412,195
"2835648",30,412
"34007",287,412
"1310418",411,156
"1848904",292,411
"2073078",411,361
"2585771",411,79
"2708053",411,164
"2715131",411,266
"2878153",129,411
"591197",411,389
"169427",98,410
"2812658",410,361
"712362",410,125
"745310",47,410
"75658",410,195
"766",403,410
"455432",239,409
"1114861",408,246
"114885",408,113
"1620816",394,408
"2775246",408,390
"2831106",192,408
"1359",407,227
"1517",407,224
"2483033",359,407
"28110",407,244
"2949630",246,407
"2024551",195,406
"3020716",406,332
"51669",406,232
"1004901",14,405
"1355330",405,280
"215578",405,145
"3050072",405,159
"46127",405,91
"2560053",43,404
"2762325",303,404
"617123",404,160
"76594",404,149
"1884913",162,403
"2930200",403,171
"31979",403,120
"54005",403,214
"1550024",402,388
"1836467",402,251
"2840371",402,123
"2963105",371,402
"444051",402,329
"75385",214,402
"114186",401,72
"29362",359,401
"96344",401,363
"29329",400,101
"3039116",400,246
"446679",400,218
"53335",296,400
"1873425",399,48
"2382165",350,399
"2576902",399,275
"2740405",348,399
"455364",399,170
"643214",399,105
"154288",398,309
"216938",398,85
"2683967",398,207
"3074146",243,398
"518738",398,310
"57704",183,398
"931099",248,398
"2282170",397,227
"2714947",397,326
"2962597",10,397
"3058432",397,203
"1241982",396,243
"48074",199,396
"713",396,135
"2322",395,111
"2571748",172,395
"2785911",395,352
"28111",318,395
"354356",331,395
"1389005",179,394
"2052660",394,155
"2066483",138,394
"2867264",331,394
"2893884",394,150
"29520",394,144
"1898684",294,393
"1677857",392,269
"2103230",313,392
"39664",392,202
"748770",347,392
"216942",391,185
"571256",371,391
"186803",300,390
"2728022",325,390
"2755562",390,377
"2909283",249,390
"2946593",390,364
"1069",289,389
"1235990",389,78
"2497863",389,325
"28025",79,389
"2917790",389,138
"3018036",389,46
"33877",389,365
"722472",195,389
"1245",388,171
"1852970",388,148
"2487065",388,209
"2852098",388,230
"2986951",185,388
"53359",114,388
"59734",388,195
"996",388,337
"2857059",178,387
"2908646",280,387
"3031802",387,248
"1579",386,159
"1592106",220,386
"40542",386,174
"208962",385,131
"2735436",385,155
"2756",385,256
"46632",385,131
"81032",102,385
"81459",385,76
"1028752",228,384
"1310165",220,384
"1532552",384,214
"192",143,384
"197482",384,242
"213",281,384
"2249356",384,139
"2569541",176,384
"28454",384,264
"89966",236,384
"2048283",383,248
"29553",383,138
"47835",383,109
"108080",382,71
"1763534",382,169
"2186",382,122
"221402",382,85
"222",202,382
"1849581",380,381
"2703885",226,381
"3061632",223,381
"871694",381,198
"1734049",380,172
"938406",323,380
"1006",379,257
"106648",379,139
"955",210,379
"2319844",378,144
"2713573",378,334
"2898149",196,378
"3062779",307,378
"504",87,378
"1869285",377,257
"2819290",377,210
"339",239,377
"42906",248,377
"724",377,174
"1160",305,376
"1714373",252,376
"2781961",376,275
"2793010",234,376
"1314",375,148
"2017685",289,375
"208224",128,375
"759811",375,176
"90964",375,123
"1407499",157,374
"171279",374,119
"2901869",230,374
"433",213,374
"112234",373,192
"2675524",373,331
"2994319",373,178
"1324350",372,172
"2202826",215,372
"2704654",372,154
"2903901",145,372
"2945587",372,84
"1798806",371,192
"28035",371,139
"1393",365,370
"152480",148,370
"1601",370,173
"33945",370,197
"67824",160,370
"930",222,370
"1353891",107,369
"170679",369,247
"2042961",369,101
"2735870",263,369
"2777186",369,148
"2829809",158,369
"2937442",369,116
"84567",350,369
"171437",186,368
"2904247",368,216
"40215",368,221
"406548",138,368
"554",368,170
"56458",163,368
"708186",368,220
"107637",266,367
"83526",367,359
"1292",366,82
"2546359",366,245
"2748",366,296
"38286",366,50
"443156",140,366
"729",366,212
"86265",366,245
"945",366,71
"1261031",365,205
"1977865",365,194
"2024608",365,96
"2419841",365,197
"2866193",228,365
"2875540",365,192
"2879939",365,186
"544580",138,364
"548",364,336
"57029",364,174
"155978",221,363
"2021234",363,325
"251540",363,104
"2887345",108,363
"461876",363,310
"92942",363,232
"1517554",101,362
"2884263",362,197
"3059078",362,295
"436114",362,282
"55080",240,362
"873191",362,144
"1537215",180,361
"1850250",133,361
"199683",250,361
"2137",361,215
"135621",141,360
"1977864",360,183
"2001",116,360
"220684",360,296
"2912824",348,360
"371601",360,208
"130049",258,359
"1581038",359,167
"313598",359,220
"33958",359,225
"33990",359,140
"28131",358,206
"2895483",358,0
"3025667",358,172
"1155388",320,357
"1492737",357,200
"1638",357,182
"2010992",349,357
"2738844",357,123
"2983215",357,150
"3048535",357,249
"673862",357,95
"188932",356,192
"216945",356,56
"2594269",356,168
"3052091",356,173
"371142",356,189
"42422",356,112
"489910",356,105
"1225769",355,315
"1881016",196,355
"1971",130,355
"2883126",156,355
"312279",355,285
"454",355,192
"2560057",354,256
"3026423",72,354
"1898042",162,353
"2005464",353,231
"2099387",353,103
"225991",154,353
"2518644",209,353
"2923364",353,125
"61015",353,138
"2562582",133,352
"985762",352,147
"1363",351,207
"1888890",351,115
"171549",350,119
"28894",350,294
"2903960",272,350
"2962659",350,214
"399176",312,350
"659",350,260
"73913",350,209
"1336796",349,120
"1366",349,214
"2130",349,125
"2810348",349,181
"2895472",349,0
"418008",349,270
"954",349,165
"1703338",13,348
"251699",335,348
"33035",348,209
"649756",348,152
"1206777",135,347
"3041619",347,62
"3072793",237,347
"435",235,347
"59814",227,347
"179879",249,346
"199596",51,346
"2180",346,142
"2731377",346,136
"357808",145,346
"616991",346,127
"663",346,201
"980251",151,346
"1404367",197,345
"2700081",345,217
"83552",174,345
"1628248",344,175
"413882",344,248
"55395",6,344
"114615",343,342
"1571",343,229
"2567934",253,343
"2675225",334,343
"2994496",343,295
"32046",343,294
"450",343,326
"882626",142,343
"1566358",342,196
"2420509",175,342
"2579250",342,183
"2675331",342,116
"2899121",342,132
"2906798",163,342
"421058",342,218
"1168034",193,341
"2977321",341,118
"547",222,341
"83654",157,341
"1076626",340,62
"214888",340,203
"3039158",120,340
"3070680",340,84
"449520",340,172
"698776",340,215
"83771",340,337
"995",340,315
"1176721",339,143
"1391653",81,339
"2986827",339,264
"831",339,237
"3003261",338,208
"3039155",146,338
"39491",338,201
"1019",337,321
"157692",337,120
"2005462",337,159
"2070463",337,221
"2755338",337,169
"2986838",337,135
"3061989",337,131
"319939",237,337
"1513297",336,145
"183417",336,142
"186490",336,182
"2049305",336,173
"2691913",283,336
"500",195,336
"665099",176,336
"1630693",249,335
"1869241",335,272
"2026188",335,113
"2709392",33,335
"1909395",334,126
"31958",285,334
"405",269,334
"56450",200,334
"674529",334,224
"946333",190,334
"1756150",333,217
"2745482",107,333
"463025",75,333
"782",333,128
"142649",332,101
"1646498",332,145
"224012",332,191
"224719",332,168
"2980107",332,194
"419476",140,332
"43657",332,327
"702745",332,121
"948",311,332
"14",331,213
"1588",331,98
"208479",226,331
"2213194",331,176
"2895495",249,331
"1387555",330,159
"2210",330,121
"2861282",165,330
"1247",329,158
"135740",61,329
"148814",329,142
"2762576",234,329
"28251",329,212
"2865833",172,329
"2998077",212,329
"306",224,329
"328812",329,213
"1176482",328,204
"1307761",166,328
"1451",328,303
"1637975",328,164
"2110",328,94
"2218628",328,136
"1081866",244,327
"1335",327,249
"180282",327,277
"2732249",225,327
"3031997",327,163
"3029174",326,145
"170573",325,109
"2706014",325,142
"2736252",325,233
"549",325,324
"2317",324,158
"2675229",324,166
"2815720",210,324
"586733",324,291
"1032242",323,163
"111831",140,323
"2847991",219,323
"29466",323,141
"3003259",323,229
"191303",322,228
"2120",322,57
"320324",322,259
"144",321,107
"1701758",132,321
"2115",321,110
"2267891",321,133
"2827233",321,136
"2921087",321,130
"33886",275,321
"66871",298,321
"1789762",320,170
"2782660",46,320
"554406",320,68
"69966",320,98
"755731",320,150
"83263",213,320
"1050174",50,319
"1307839",319,200
"2268451",319,89
"246787",319,246
"2870563",319,102
"43080",319,232
"109266",283,318
"200415",318,113
"232259",307,318
"2596890",318,169
"2898433",91,318
"2930213",318,190
"3070677",246,318
"1336",317,278
"2056258",191,317
"821",317,216
"1529069",316,139
"1596",316,120
"2483402",316,251
"2490855",316,237
"2801335",30,316
"28108",293,316
"2924033",199,316
"2929796",316,263
"342950",316,116
"212765",112,315
"2419774",291,315
"46126",315,152
"85643",189,315
"1176587",314,161
"1308",314,181
"165096",314,182
"28107",314,84
"2884482",314,130
"425",314,287
"1445505",223,313
"266748",313,163
"2918299",111,313
"2961598",219,313
"33952",313,192
"1141883",21,312
"171288",312,85
"1751056",312,197
"1954171",312,172
"2482728",264,312
"2672567",312,278
"28262",312,95
"2895947",312,279
"292414",161,312
"333962",312,100
"754515",312,98
"1097",172,311
"1448857",311,127
"1498228",311,141
"1576550",311,53
"191028",311,146
"206389",119,311
"206506",292,311
"363852",311,259
"40520",283,311
"944",311,95
"1170699",310,172
"1325107",67,310
"1935204",310,307
"2591145",234,310
"2932255",310,138
"2996035",266,310
"37734",310,151
"53462",180,310
"1357074",196,309
"1534348",95,309
"196914",309,282
"2779527",309,185
"3068633",186,309
"488546",309,118
"53345",309,252
"1573712",308,35
"2026191",308,280
"2048654",308,115
"249058",203,308
"2764720",308,161
"2892541",308,85
"2976459",308,204
"32013",69,308
"909656",308,307
"1410383",307,37
"2500532",234,307
"2528020",307,232
"2879938",307,215
"2893202",307,89
"2963434",219,307
"753",307,304
"935222",307,109
"129985",306,174
"184748",274,306
"2269",114,306
"284016",94,306
"58138",306,122
"59930",98,306
"773",306,230
"877455",306,121
"1639133",305,193
"2025349",143,305
"2871165",305,163
"1501662",304,165
"2588711",126,304
"2715679",304,181
"326329",304,223
"89059",262,304
"1628392",283,303
"2714926",303,114
"315358",303,57
"39496",303,251
"106649",302,100
"1284",302,93
"2421",302,190
"2686358",302,271
"2705471",302,161
"3047716",302,67
"55508",209,302
"92172",296,302
"1396826",184,301
"251538",301,73
"2912228",301,134
"45497",301,101
"1850526",300,80
"2742135",192,300
"2817969",300,113
"292461",300,92
"3028315",291,300
"71452",300,287
"1231049",299,109
"1413",299,231
"1467",299,207
"29554",299,106
"878220",299,220
"2112",298,77
"2234087",277,298
"2798724",183,298
"3047542",298,195
"430522",298,137
"1648923",297,119
"1886807",285,297
"270918",297,188
"102862",296,176
"2027405",248,296
"3038546",97,296
"387661",296,109
"397260",98,296
"43663",160,296
"1312364",51,295
"1521",295,191
"2213226",295,87
"2570468",295,116
"2969821",235,295
"436516",295,191
"51365",295,74
"594679",295,189
"1045317",294,210
"1176257",135,294
"1501392",294,204
"2602769",294,212
"2679963",294,167
"2781774",294,125
"304895",98,294
"32012",0,294
"93219",224,294
"1099853",293,152
"1336794",248,293
"1812112",293,89
"2040",2,293
"204286",288,293
"2045451",241,293
"2562892",293,281
"346",170,293
"468911",293,107
"499555",293,148
"239934",172,292
"264636",292,112
"28187",292,106
"2961619",116,292
"53558",292,117
"84022",292,120
"1084",245,291
"1323375",291,270
"2779360",291,151
"2828763",291,133
"2970925",157,291
"3025668",291,109
"420336",291,194
"556",291,228
"57863",291,57
"651",264,291
"169430",102,290
"1742359",290,204
"2126553",290,119
"216932",290,99
"2486578",290,174
"2820278",136,290
"29347",290,125
"29380",290,155
"2949997",149,290
"403957",290,171
"546871",203,290
"980254",196,290
"216964",289,66
"2779362",289,149
"2782004",48,289
"2932244",289,71
"332999",289,252
"1389922",230,288
"1828",133,288
"2777556",148,288
"163877",287,194
"1804624",146,287
"2169540",287,129
"83564",184,287
"1302",286,176
"1717717",263,286
"1872427",286,236
"2528021",196,286
"2735723",286,111
"2850441",211,286
"2979324",231,286
"3075605",157,286
"889453",286,187
"2529032",285,140
"2683272",285,231
"28112",175,285
"38323",285,253
"496057",249,285
"143223",284,95
"1547283",284,131
"2686078",284,70
"28135",284,164
"2814292",177,284
"2995658",272,284
"3024247",208,284
"3073563",284,161
"72274",284,132
"748280",212,284
"2768162",150,283
"28151",181,283
"2897181",283,212
"2908211",226,283
"754417",283,140
"13076",282,138
"2233851",86,282
"2233999",1,282
"2434",282,247
"2594005",282,72
"2608247",282,85
"2823875",282,174
"2864040",282,80
"2937786",282,190
"484770",282,172
"666686",282,190
"984991",282,67
"134821",281,81
"1372",176,281
"1426",281,159
"1513468",194,281
"187101",281,89
"216936",281,79
"2607656",101,281
"277",197,281
"29556",281,144
"3016000",126,281
"1476025",280,185
"1505652",280,78
"1580596",194,280
"1859475",280,98
"2360",265,280
"2781734",161,280
"2785908",192,280
"2856519",280,123
"318683",90,280
"48736",133,280
"550",280,148
"686597",84,280
"788",280,111
"837",226,280
"1678129",89,279
"1935446",279,241
"202747",279,163
"2782678",279,222
"2928154",279,49
"295596",279,43
"2980100",179,279
"3064278",75,279
"69656",279,87
"142650",278,168
"1597781",278,126
"215221",278,150
"2760713",174,278
"664662",278,104
"2201181",277,141
"2721173",277,234
"1310",276,166
"1390185",84,276
"1581557",276,115
"2518599",146,276
"2697010",276,168
"37372",276,96
"44251",276,197
"564369",85,276
"1346",275,193
"151895",275,195
"2590012",275,180
"2724121",72,275
"2895493",275,272
"3015161",102,275
"3070660",160,275
"39488",275,151
"45243",75,275
"553510",173,275
"2173",274,118
"246167",240,274
"2564040",84,274
"2879846",151,274
"3004105",274,96
"3051171",166,274
"313603",274,173
"666",274,142
"79328",214,274
"106370",273,189
"1177",273,202
"1492898",143,273
"2583452",273,184
"2821406",90,273
"283",179,273
"2830667",73,273
"2991051",79,273
"417367",273,182
"624315",273,71
"1085624",272,259
"2740404",272,133
"2759528",272,146
"2983210",272,90
"3002640",270,272
"3065910",209,272
"320787",272,217
"575378",212,272
"631",122,272
"710191",272,143
"92402",272,116
"2715212",271,104
"2773299",191,271
"2782655",271,80
"28037",271,190
"2918765",160,271
"868131",271,211
"1241979",270,125
"2293317",270,115
"2853439",244,270
"3070659",270,138
"388408",169,270
"40269",270,151
"423349",270,188
"511746",94,270
"644281",270,94
"85023",140,270
"1497",269,164
"1508451",23,269
"152500",152,269
"1542390",269,119
"216963",269,188
"2171755",149,269
"2604047",113,269
"267818",269,103
"279826",269,124
"28118",269,110
"3003262",269,150
"3032586",269,154
"367825",93,269
"563172",269,116
"1134687",268,214
"1602",268,78
"2294119",268,176
"1229909",267,122
"1816219",267,100
"185300",267,79
"2058152",234,267
"2488639",131,267
"2725414",210,267
"2838877",267,180
"2942909",66,267
"588",267,130
"1297742",124,266
"1334",266,204
"170861",266,154
"171438",266,145
"1850254",266,78
"2565304",266,80
"2675790",266,79
"2750929",169,266
"2929802",107,266
"354",124,266
"83656",259,266
"86660",266,127
"946435",266,126
"1600",265,82
"2026187",265,85
"2214",265,168
"2527978",52,265
"291112",224,265
"3004094",202,265
"353852",265,123
"45668",265,229
"76832",192,265
"1619311",264,238
"2728835",131,264
"2856523",264,193
"450378",264,90
"46124",264,160
"118163",164,263
"151276",263,201
"1572645",263,78
"1842727",263,198
"187145",263,144
"202746",263,84
"2893886",263,72
"3015169",122,263
"412034",212,263
"42879",263,96
"96232",263,81
"1305",188,262
"1597",183,262
"2006115",262,165
"2202721",262,176
"2801918",262,94
"293371",262,98
"29442",262,57
"3039801",248,262
"522485",262,129
"860",262,66
"1725411",261,159
"2590900",261,89
"2735562",261,168
"2962673",209,261
"2982694",249,261
"364317",261,138
"924",100,261
"1805431",260,130
"2681987",260,126
"76517",260,129
"1070130",259,88
"1449",259,140
"1716543",259,66
"2604421",141,259
"2705547",259,235
"2714931",245,259
"2929803",259,220
"3035694",259,66
"2093856",258,175
"240495",108,258
"2734634",258,35
"2897333",258,208
"477641",66,258
"97481",258,78
"119045",120,257
"2045",213,257
"2745560",257,140
"28090",257,169
"2812560",124,257
"2820808",257,189
"28223",257,134
"2946605",62,257
"1244531",256,158
"1333528",108,256
"2795488",221,256
"2904245",256,214
"391905",178,256
"538220",256,101
"67345",123,256
"82348",256,59
"1311",184,255
"153265",255,158
"1547445",255,148
"1599",255,158
"226",242,255
"2901381",255,208
"45363",255,53
"655015",58,255
"780",255,92
"149698",117,254
"179636",72,254
"2012495",254,85
"3035531",66,254
"336820",254,126
"1650",183,253
"1993",136,253
"2015316",114,253
"202956",253,110
"2285",135,253
"28183",108,253
"341045",253,46
"516075",253,103
"134",119,252
"2979869",252,146
"622488",252,65
"1346287",240,251
"1871111",251,136
"2080740",192,251
"2203",251,119
"28229",251,196
"3002436",205,251
"3073816",172,251
"51665",251,146
"74030",135,251
"1147",180,250
"154981",169,250
"1616117",161,250
"1880678",191,250
"1892855",170,250
"1936080",250,86
"2081970",91,250
"2675772",201,250
"2708340",250,99
"35814",49,250
"477976",250,131
"561879",250,189
"569",250,172
"62320",94,250
"634113",250,41
"687",250,207
"985",250,134
"1455",249,209
"2123",249,183
"216944",249,213
"35754",109,249
"545501",249,196
"727",249,192
"1160784",248,60
"1510",248,210
"152794",101,248
"1766",194,248
"200618",150,248
"2283160",248,133
"2741720",192,248
"2820661",248,64
"2829187",231,248
"291645",245,248
"2986837",248,80
"33051",136,248
"470931",57,248
"488447",32,248
"55601",146,248
"590",248,123
"80866",116,248
"96230",248,153
"101385",247,76
"1074467",247,170
"1583",247,193
"2872652",167,247
"85404",247,167
"992289",247,169
"114687",122,246
"1287640",246,89
"2121",246,99
"2604537",246,237
"28082",246,132
"2973976",111,246
"357276",167,246
"399497",119,246
"44674",183,246
"463",246,125
"785",246,94
"1618",245,46
"1749074",245,107
"1891280",245,67
"2060312",207,245
"28116",245,222
"2930199",183,245
"29405",80,245
"29580",136,245
"475937",119,245
"47858",119,245
"861445",245,90
"885581",155,245
"930972",245,106
"1007676",244,158
"1081631",244,49
"1348613",244,121
"161492",152,244
"1794699",223,244
"3068893",165,244
"39688",11,244
"535",70,244
"718192",146,244
"1296540",120,243
"158847",243,116
"2201271",243,170
"2419772",243,103
"2812648",166,243
"3047343",243,155
"3070682",243,94
"730",161,243
"731",243,111
"75105",235,243
"1838286",80,242
"1913577",242,112
"2590022",242,63
"2995223",77,242
"47420",111,242
"104264",241,99
"1550579",241,178
"158877",194,241
"174587",149,241
"190721",217,241
"2107",241,135
"2135430",126,241
"2608253",241,157
"264686",241,148
"2764325",241,172
"2779359",241,127
"28214",182,241
"3064901",90,241
"33056",241,63
"45362",241,38
"46913",139,241
"959",87,241
"104267",240,110
"1234841",240,132
"1288494",54,240
"1654388",240,181
"2723776",129,240
"29559",240,117
"29561",240,55
"3038772",240,87
"338645",240,150
"1301915",239,124
"1304",239,204
"142651",239,50
"1432792",17,239
"2878150",86,239
"2906443",239,186
"43658",126,239
"135079",98,238
"1610",238,232
"1792307",201,238
"1891186",187,238
"2834276",238,6
"28898",238,108
"320497",238,120
"79880",194,238
"1071983",219,237
"118883",237,138
"172827",207,237
"1807141",237,136
"2263",101,237
"2509614",86,237
"2562451",237,185
"2976236",141,237
"46429",146,237
"659350",126,237
"1345117",236,41
"1623",177,236
"1872114",236,94
"2567896",130,236
"2892440",236,102
"2924032",236,208
"2424",235,166
"2607662",235,127
"2840457",134,235
"2925318",235,64
"2929510",235,75
"56454",107,235
"66425",235,202
"1340",234,179
"1882662",234,152
"2742683",234,110
"2911172",234,159
"2912187",234,173
"39669",234,220
"47917",234,105
"931866",87,234
"944492",85,234
"1177574",233,212
"1411316",233,164
"158850",233,72
"1813871",233,151
"215580",81,233
"2599296",37,233
"2734145",164,233
"2949090",67,233
"393765",151,233
"60894",108,233
"72557",146,233
"746691",233,75
"938288",233,134
"1780362",232,71
"1891279",88,232
"2067065",232,111
"2070537",232,82
"2496265",232,82
"2675795",232,22
"2714927",232,52
"2744474",135,232
"421767",232,83
"933262",232,113
"1658665",119,231
"1896196",89,231
"202",231,91
"478807",231,54
"480520",231,86
"1055323",161,230
"1407",230,164
"1644061",51,230
"1751095",230,99
"180957",228,230
"2109914",194,230
"2600177",60,230
"45851",230,78
"497724",230,82
"93466",183,230
"1017270",229,174
"105841",229,73
"109472",229,117
"1452",229,102
"1987723",229,177
"212767",229,188
"2675786",229,25
"2831673",229,159
"29314",107,229
"68909",192,229
"116718",161,228
"1622",228,77
"191390",106,228
"2071621",74,228
"2287",226,228
"2497879",228,197
"253245",228,198
"28047",65,228
"2897332",63,228
"633415",150,228
"1192162",120,227
"1281486",227,100
"1784714",227,203
"1929246",227,81
"2593672",227,186
"2973977",208,227
"3016086",69,227
"328813",106,227
"1955013",226,126
"2124",226,61
"2338073",123,226
"2806205",226,99
"2883998",226,90
"712361",226,55
"738",226,130
"79209",226,182
"88431",226,174
"13769",200,225
"1424294",225,134
"1434011",225,211
"1809410",129,225
"2008795",90,225
"204038",225,73
"2767188",225,195
"2775080",127,225
"28038",225,123
"2904123",225,97
"29546",225,88
"3070656",225,98
"70799",225,193
"754514",225,71
"849",225,65
"92945",103,225
"1664069",224,121
"2486855",166,224
"2733487",143,224
"2904246",204,224
"29494",216,224
"320912",224,58
"33057",84,224
"402384",224,72
"872",37,224
"1273132",223,159
"1275",157,223
"1531",223,59
"247523",223,150
"2864102",72,223
"352",87,223
"384636",223,191
"390989",86,223
"13690",104,222
"1729720",222,121
"1824",84,222
"1981510",222,81
"2315",222,212
"2732163",86,222
"2751313",222,67
"3015149",103,222
"648",222,147
"74706",222,77
"1225128",73,221
"171632",221,164
"1910952",221,0
"229155",221,62
"236753",221,119
"2725994",221,121
"2811111",107,221
"301953",221,129
"1510466",220,96
"2099",220,79
"219745",220,100
"2651284",220,109
"265959",220,143
"2697019",220,126
"37692",220,25
"38027",220,147
"69896",220,42
"71998",165,220
"1500686",219,195
"2269374",219,67
"255247",219,143
"2588536",219,127
"28184",219,165
"2841257",195,219
"3058398",192,219
"352858",219,132
"55205",219,99
"652716",219,151
"938155",219,134
"1486245",218,200
"1635327",202,218
"1813879",96,218
"1834519",86,218
"1847728",218,177
"2170729",110,218
"227",218,87
"2772483",186,218
"2923279",218,76
"296544",218,136
"1217908",48,217
"1306274",217,122
"1481663",208,217
"2282419",217,107
"2382161",217,88
"238836",154,217
"2936682",217,124
"45658",168,217
"1333845",216,65
"1609968",216,143
"235559",216,53
"2496266",216,67
"2572594",216,170
"266062",59,216
"2795383",216,182
"28095",88,216
"2956824",166,216
"865757",44,216
"1306526",130,215
"2058175",215,186
"2070761",70,215
"284581",160,215
"2861283",156,215
"405212",59,215
"143361",214,132
"146017",127,214
"2072590",54,214
"218821",40,214
"2770788",214,104
"317658",214,208
"97478",214,156
"1463158",213,197
"1484118",82,213
"1544730",43,213
"1580",213,151
"2086577",212,213
"2656760",213,34
"2874846",213,67
"298596",167,213
"365349",213,209
"1241978",212,110
"1642647",212,157
"1712516",187,212
"1817405",212,121
"322095",71,212
"544645",212,103
"754517",212,75
"93222",33,212
"1327635",151,211
"1630406",211,89
"2017483",211,131
"2601894",131,211
"2725558",117,211
"2954094",165,211
"299767",157,211
"328515",211,200
"39485",211,72
"82688",211,206
"1983719",157,210
"2054173",210,74
"216933",210,49
"256618",69,210
"449",210,85
"913107",119,210
"1309",209,79
"143",209,118
"1678",122,209
"1761453",112,209
"230089",209,99
"392416",209,160
"485870",37,209
"531813",97,209
"68278",82,209
"1178778",136,208
"1295609",208,190
"1727145",208,150
"192812",171,208
"1986034",208,1
"2259673",208,82
"2267275",208,61
"2518371",102,208
"2735133",208,196
"33968",208,107
"39695",123,208
"45498",120,208
"54736",180,208
"2029983",207,131
"223182",109,207
"2587861",65,207
"2704651",207,65
"2742128",205,207
"28258",178,207
"2859226",80,207
"2911514",207,175
"2932257",97,207
"3017781",86,207
"495",207,137
"640330",207,134
"1331258",191,206
"1759059",149,206
"1761012",206,185
"2005703",206,143
"251535",206,88
"252356",206,166
"28080",206,117
"2842357",166,206
"2954096",117,206
"392011",100,206
"43357",118,206
"1032243",205,66
"1404741",77,205
"1925548",205,85
"1967665",205,163
"198252",205,110
"2058134",205,103
"2502784",205,171
"2810347",205,106
"452",194,205
"52764",205,66
"553814",205,34
"1852022",59,204
"1907575",126,204
"2862869",175,204
"29375",164,204
"56688",108,204
"70346",204,111
"164514",203,67
"1772",192,203
"2014920",203,92
"2136182",203,72
"2596912",152,203
"290110",203,60
"2931400",203,42
"3032582",203,68
"3060215",203,126
"84531",203,161
"960",203,182
"100886",202,105
"114883",202,76
"1217282",202,122
"1517551",144,202
"1756149",202,141
"2715164",202,160
"2913614",202,158
"2961599",114,202
"2972483",202,107
"309868",202,109
"511435",202,167
"200451",122,201
"2162",201,107
"264697",201,124
"2763056",75,201
"2785331",201,165
"2801997",201,103
"2964609",75,201
"859143",201,161
"1218494",200,84
"216427",200,122
"2509456",60,200
"2546351",66,200
"2564099",200,93
"2675222",178,200
"2711231",185,200
"2726117",200,106
"2806443",200,139
"28077",162,200
"2875539",200,193
"2961941",200,195
"2976818",200,43
"3029060",41,200
"709810",200,161
"754516",200,118
"1535204",199,77
"2740462",95,199
"2746932",199,128
"2750812",68,199
"2980027",199,62
"3031996",188,199
"3070683",199,160
"326544",199,194
"33039",199,121
"865",126,199
"933080",199,154
"104663",115,198
"2041044",198,68
"2283194",198,121
"2821140",198,190
"2929481",198,139
"3014995",166,198
"3043332",198,111
"353851",156,198
"388413",198,176
"561061",198,87
"76116",91,198
"1643685",197,121
"167",197,159
"1812111",197,57
"2077182",106,197
"215591",197,60
"2527995",197,92
"2697027",178,197
"2741301",88,197
"2819978",197,143
"2820270",197,62
"2908840",197,94
"2931921",44,197
"2953747",125,197
"3059077",197,119
"3073271",197,81
"46503",197,129
"83191",197,55
"1656",107,196
"2778902",196,130
"2894310",196,173
"2961597",37,196
"2991418",196,79
"3003623",196,77
"3042315",196,114
"3042615",196,100
"3050071",146,196
"486398",196,131
"51229",196,52
"55209",196,162
"696485",196,158
"1738770",195,144
"1904616",74,195
"2057025",195,67
"2058135",195,80
"2605989",175,195
"2781962",60,195
"35841",195,150
"466153",116,195
"512649",195,179
"69367",56,195
"87",129,195
"884684",195,82
"1017",194,183
"1134405",194,78
"1270",194,110
"1541170",110,194
"1702238",194,49
"1906945",117,194
"191579",194,90
"2320270",194,161
"2591634",194,176
"2708020",194,63
"2910158",171,194
"362787",194,161
"573570",194,59
"702114",54,194
"2745199",34,193
"2898795",118,193
"2942996",21,193
"2951806",58,193
"2961893",89,193
"3028312",73,193
"34070",98,193
"39765",159,193
"501783",193,134
"553",193,137
"682998",133,193
"853",106,193
"1911586",192,134
"191495",85,192
"2190",192,93
"2303",76,192
"2494375",192,109
"2509341",170,192
"2547600",192,119
"2654676",173,192
"2816950",128,192
"29497",176,192
"29571",132,192
"3050131",192,72
"43",22,192
"446683",192,130
"1034889",115,191
"1216297",191,115
"1427364",191,189
"1705310",191,160
"221027",191,115
"2662362",191,89
"2853159",115,191
"2895486",72,191
"333367",88,191
"34095",191,66
"981385",191,81
"151781",190,87
"1575",190,93
"1795355",107,190
"191026",127,190
"2518177",190,139
"2598458",190,135
"2774875",190,65
"2838157",90,190
"28447",70,190
"2875706",81,190
"2972485",189,190
"37919",139,190
"412690",190,111
"442",136,190
"580",35,190
"626937",76,190
"75984",186,190
"1075",73,189
"1329402",189,54
"1767",54,189
"2134",189,51
"2509459",40,189
"2579971",182,189
"2656761",189,47
"2704653",189,94
"2724901",189,140
"2732590",189,91
"2745562",189,34
"2834768",51,189
"2871493",117,189
"2893057",173,189
"367743",189,116
"39766",189,149
"43662",189,159
"633807",189,159
"1678128",188,119
"2320140",188,70
"2675233",148,188
"2701",188,77
"2746231",188,47
"2754694",188,164
"285665",67,188
"2908210",188,149
"2949635",188,122
"3015995",188,73
"357794",188,93
"74031",113,188
"859144",188,141
"111504",187,66
"132132",59,187
"138563",187,137
"145260",187,121
"1547448",57,187
"1867846",187,112
"2487063",187,84
"2593652",187,145
"2862509",187,150
"2927876",187,169
"33962",55,187
"375288",187,117
"40545",70,187
"478",120,187
"53344",187,164
"551996",187,85
"59893",187,110
"1402135",88,186
"1917830",140,186
"215813",80,186
"2283",186,57
"2518971",186,109
"2528024",65,186
"2675797",186,173
"2758038",120,186
"3028622",72,186
"571",186,112
"68246",186,178
"1032623",185,35
"1796921",185,170
"2931930",90,185
"3050637",118,185
"596095",185,73
"2007306",184,86
"2024580",49,184
"2092",184,82
"242600",184,48
"2770776",184,50
"2802641",98,184
"2967301",184,180
"3015170",184,96
"43770",51,184
"458032",125,184
"712122",65,184
"92758",184,78
"1854498",183,60
"204",183,36
"28133",183,89
"2880218",141,183
"2997337",82,183
"3058374",183,91
"3070678",183,175
"47853",183,142
"512763",183,98
"636",183,137
"86304",167,183
"138072",182,131
"1501269",182,125
"1585976",182,73
"1649877",22,182
"1917485",166,182
"2675791",182,66
"2802975",45,182
"2810512",182,128
"3015168",182,70
"47951",182,178
"74968",182,77
"754",182,104
"993502",89,182
"994695",182,30
"1424653",181,59
"172043",33,181
"1969",63,181
"1973475",181,68
"2527994",144,181
"2528010",92,181
"2571747",44,181
"2912315",181,110
"2979870",20,181
"409322",181,81
"413888",181,68
"726",181,101
"732",181,97
"1017351",38,180
"129817",180,129
"1570",180,156
"157688",180,93
"1584",170,180
"1703964",58,180
"1930273",69,180
"2163644",180,94
"225084",180,135
"2681552",137,180
"2681986",180,55
"2867409",180,18
"2932256",178,180
"2995140",50,180
"411153",180,128
"45634",180,137
"84599",180,39
"1397264",167,179
"1499973",179,43
"1763536",179,119
"3067275",179,84
"47678",179,77
"482462",62,179
"512749",179,90
"1007105",178,178
"120962",46,178
"129958",178,156
"1328",178,114
"1379870",178,70
"174633",146,178
"1855416",86,178
"2083786",44,178
"2109913",178,10
"247480",178,172
"2508687",178,129
"2583989",178,117
"2601575",178,126
"2652177",178,98
"301585",178,55
"321985",56,178
"364410",175,178
"41977",25,178
"640030",178,76
"84023",178,40
"114881",177,119
"1501268",177,87
"1612",177,128
"1697043",59,177
"1789224",171,177
"2045452",55,177
"2109",177,91
"227605",177,160
"2614441",177,88
"2705473",177,158
"2867025",92,177
"2911538",74,177
"316068",170,177
"447588",96,177
"70258",149,177
"948107",177,119
"1302376",176,37
"1323948",143,176
"1580092",176,126
"1663",176,115
"1684",54,176
"1940790",131,176
"2072409",82,176
"2172",176,40
"2496865",176,142
"2675741",176,4
"2704652",176,82
"2815936",91,176
"2818390",176,82
"285",123,176
"3025669",160,176
"3040943",147,176
"423351",176,123
"645",124,176
"684552",42,176
"1407071",175,45
"1456591",175,161
"1758178",90,175
"1805478",123,175
"2303505",168,175
"2920382",95,175
"3037797",125,175
"32033",129,175
"675",175,71
"1234",87,174
"1316596",174,126
"135719",21,174
"196024",174,172
"208596",174,105
"2129",174,35
"2268461",114,174
"2675378",76,174
"2685834",174,171
"2698672",174,106
"2712698",71,174
"2765360",91,174
"2811424",20,174
"2950604",58,174
"3031131",99,174
"303541",174,100
"3039384",106,174
"456",174,80
"82541",87,174
"1072256",128,173
"122",100,173
"123841",164,173
"1392",173,142
"1927128",173,109
"2305508",173,143
"2653858",98,173
"2866311",158,173
"3074437",88,173
"338192",173,65
"35806",85,173
"64897",173,40
"79329",173,137
"824",173,41
"1383885",172,114
"1785161",172,146
"213849",172,52
"2296",141,172
"2692330",109,172
"2892996",65,172
"289435",172,157
"2904122",172,85
"3022697",172,86
"390884",172,101
"456827",172,111
"65700",172,109
"102886",171,65
"106",171,146
"1458461",75,171
"1768242",92,171
"189426",171,94
"1964448",171,79
"2371",171,115
"2653852",93,171
"2707005",171,155
"2923375",171,145
"29384",171,151
"379893",78,171
"46680",130,171
"530584",171,77
"1218493",170,97
"237258",170,75
"2527964",143,170
"2682455",170,50
"314282",170,101
"60519",170,129
"1230533",169,158
"1353260",169,151
"136073",169,120
"1484109",34,169
"1685",74,169
"174",169,111
"1813019",169,67
"2782643",169,2
"2860258",131,169
"497",169,115
"52443",169,129
"55079",169,162
"659352",106,169
"97195",169,107
"1137606",168,72
"1267217",130,168
"134034",54,168
"1545728",168,83
"2189",168,92
"2213200",79,168
"2578106",168,119
"2678258",106,168
"2771012",106,168
"2809707",168,125
"2875962",168,89
"2885633",168,45
"3017782",165,168
"649161",168,85
"70255",168,96
"717609",168,129
"76853",168,97
"1173026",123,167
"1285192",85,167
"1348774",75,167
"1508404",167,95
"153496",64,167
"1618022",167,97
"172",123,167
"2497989",167,110
"2729421",167,155
"351679",167,118
"508451",167,46
"53444",167,114
"1453352",166,130
"150026",119,166
"1763538",143,166
"184755",166,112
"1868793",153,166
"192389",166,126
"2027290",166,44
"225848",166,137
"2588535",166,57
"2591463",43,166
"2675230",166,109
"2735906",107,166
"35818",166,89
"435897",166,158
"70771",69,166
"102134",165,50
"2005262",150,165
"2045208",67,165
"2419773",123,165
"2507935",165,137
"2779518",146,165
"2798577",165,60
"2995166",113,165
"3029053",154,165
"3042300",165,107
"3070814",128,165
"498741",165,22
"521520",165,146
"556053",102,165
"59277",165,31
"614",165,128
"161398",164,93
"1775",164,132
"199441",153,164
"2160",164,116
"2268449",164,9
"2746060",164,144
"2758037",164,47
"454155",120,164
"477680",164,126
"51364",164,116
"52694",164,109
"674",139,164
"85402",164,146
"931531",164,122
"129921",41,163
"1536769",129,163
"160674",163,127
"161360",163,111
"1870984",163,111
"2026193",163,94
"2162713",163,62
"2909339",52,163
"2995138",59,163
"3036714",163,99
"3067903",163,158
"323450",163,134
"332055",41,163
"375929",163,115
"60035",163,68
"69395",27,163
"1173032",162,124
"1252",162,73
"1348",162,107
"1508420",85,162
"1538",162,48
"162",162,94
"1813468",162,103
"198483",162,42
"202862",75,162
"2714949",162,67
"2714952",51,162
"2881234",43,162
"2974039",49,162
"2986928",82,162
"2991075",88,162
"48935",129,162
"537",162,136
"568768",150,162
"1349",161,78
"135569",161,78
"155894",101,161
"1758689",97,161
"1813595",161,107
"185008",119,161
"1868589",90,161
"2304594",100,161
"2715232",161,37
"2751178",161,80
"2899220",161,149
"2950074",161,23
"2968085",14,161
"376489",140,161
"414778",78,161
"511",64,161
"839",161,86
"1162966",52,160
"1221500",160,95
"1280948",101,160
"1353889",33,160
"1478019",24,160
"1621989",160,88
"171282",160,88
"1740262",160,130
"1778540",160,34
"1814",67,160
"261964",160,159
"2683284",45,160
"2703787",160,136
"2744027",160,145
"2859768",160,111
"3043330",160,90
"319707",94,160
"33059",25,160
"339862",133,160
"379347",160,61
"386490",160,99
"47880",150,160
"652787",160,81
"984",160,137
"101564",99,159
"1636152",159,46
"1660074",159,53
"178399",159,57
"244366",128,159
"2487742",159,50
"2557994",159,40
"2675781",159,29
"2697033",159,123
"272131",159,152
"2744479",149,159
"2768069",64,159
"2879107",159,111
"2916802",159,150
"3038924",29,159
"39486",159,103
"526944",159,80
"671211",159,28
"940614",159,27
"109790",158,82
"1473112",123,158
"1891787",86,158
"2013",65,158
"2490851",158,79
"2518176",158,140
"2704655",158,57
"2837969",147,158
"2878542",0,158
"2879149",158,129
"2948573",158,73
"2979464",148,158
"47763",60,158
"637",158,65
"1244",157,71
"1259973",157,73
"1353",157,150
"151783",71,157
"1718",85,157
"2014887",49,157
"2100116",106,157
"2377",157,79
"2571030",157,99
"28065",58,157
"29575",157,149
"398694",116,157
"474394",157,110
"680026",157,86
"108980",156,65
"1434100",156,118
"1545702",156,13
"1891207",48,156
"1981880",114,156
"204042",139,156
"225999",156,98
"239935",136,156
"2499213",156,135
"2576891",82,156
"2675792",156,37
"2714929",62,156
"28209",63,156
"3058426",81,156
"42094",156,56
"58049",98,156
"61624",81,156
"84030",156,80
"1573719",25,155
"1930071",155,111
"1967666",155,26
"201828",155,65
"2528026",49,155
"2676077",91,155
"2778068",43,155
"3019553",92,155
"3034023",79,155
"332186",115,155
"349064",155,114
"41980",155,50
"454601",117,155
"47834",155,77
"68214",33,155
"786",155,39
"99653",26,155
"1014",154,74
"1416806",50,154
"1619313",97,154
"1798225",141,154
"1807691",154,144
"1882747",137,154
"1890424",74,154
"2219043",68,154
"225422",92,154
"2587848",154,82
"2590884",154,114
"2603276",93,154
"2829596",91,154
"2829812",154,132
"2932773",124,154
"2950108",98,154
"2982692",154,97
"401619",154,53
"46234",154,153
"480",34,154
"552386",136,154
"553981",154,52
"60520",154,40
"83171",154,100
"1028416",152,153
"1118",153,133
"2026255",69,153
"204441",26,153
"223919",153,62
"2509455",153,81
"253703",153,116
"2768066",84,153
"2773454",153,114
"28171",134,153
"2860286",43,153
"2900738",107,153
"2976127",153,126
"3056648",23,153
"3072978",153,88
"542",153,106
"552",96,153
"576610",97,153
"103810",143,152
"1079",115,152
"1427356",93,152
"1536773",152,135
"1673428",152,84
"2027860",152,62
"2161872",152,57
"216816",134,152
"216851",61,152
"2546366",152,133
"2675782",152,40
"2712223",106,152
"2847778",134,152
"374106",152,97
"488446",78,152
"703",152,142
"88916",152,39
"158899",73,151
"1878942",151,44
"2026199",95,151
"2518322",151,77
"2654282",151,145
"2675793",151,15
"2774151",97,151
"2795215",151,86
"2904252",151,21
"314275",151,79
"33034",151,111
"418240",151,123
"86185",151,44
"111955",139,150
"1509244",150,60
"1643",145,150
"2498113",150,107
"2583805",150,101
"2650158",150,92
"2653200",61,150
"2762323",77,150
"2774154",150,126
"2813842",150,0
"2963127",150,23
"3043734",60,150
"3047392",85,150
"33011",43,150
"66269",150,147
"80850",150,85
"1174501",149,105
"1246",149,121
"1470066",149,80
"149016",149,117
"1674146",149,49
"1896961",75,149
"2016596",32,149
"2026",149,67
"2044912",149,98
"2589986",149,97
"2849501",56,149
"2871169",125,149
"2904119",109,149
"2926399",111,149
"2953738",149,130
"2997354",149,91
"3003351",45,149
"314281",149,107
"315393",149,82
"715473",46,149
"78543",27,149
"797291",149,61
"1074311",148,72
"114090",130,148
"1234143",65,148
"1338",148,77
"1526927",148,62
"1705566",137,148
"1736",148,62
"1912897",148,104
"2105",148,78
"2286",148,134
"2748320",148,133
"2759736",111,148
"2798804",54,148
"28321",148,17
"29486",148,60
"3059076",148,96
"316277",92,148
"412965",148,34
"445576",88,148
"52133",148,96
"53374",125,148
"803",132,148
"838",148,104
"947919",148,96
"138851",147,32
"1793",65,147
"1806508",147,88
"189691",147,90
"2571116",147,99
"2594495",147,91
"269261",144,147
"2699395",57,147
"2830990",104,147
"2991053",147,70
"47885",64,147
"515393",147,104
"657445",147,32
"1294",146,64
"1499687",104,146
"1715691",81,146
"1795",90,146
"208199",146,103
"2597702",59,146
"281120",146,79
"28173",142,146
"2911520",146,144
"2983208",146,52
"3065396",54,146
"324057",66,146
"712",146,122
"78398",146,102
"1345",144,145
"1348114",145,40
"1497681",109,145
"2026186",145,108
"2320858",118,145
"2733867",111,145
"2745511",49,145
"2748863",145,134
"2951137",122,145
"39956",47,145
"513050",104,145
"553239",92,145
"574727",108,145
"862126",145,70
"870903",82,145
"118882",59,144
"1778264",144,44
"2026624",57,144
"203",144,82
"2083206",25,144
"2220096",57,144
"225148",144,89
"2583823",20,144
"2715163",115,144
"2837504",144,74
"2839983",76,144
"342113",143,144
"39950",144,31
"39960",57,144
"67760",144,124
"89093",144,63
"1326",143,76
"1394889",76,143
"1632866",91,143
"1707785",39,143
"1910969",143,0
"2115978",143,75
"2118",143,51
"2527989",75,143
"2895473",46,143
"2905879",143,34
"2968490",143,62
"2980026",143,74
"343403",131,143
"41",91,143
"485",139,143
"573501",143,37
"691",143,136
"946334",100,143
"119977",44,142
"1210884",89,142
"1341",142,136
"1633",140,142
"165696",36,142
"2052956",51,142
"2109558",142,142
"2650157",142,83
"265175",60,142
"2835869",142,100
"2895484",142,0
"2995170",66,142
"351672",142,19
"44010",53,142
"1055487",83,141
"111781",106,141
"1173263",141,104
"118062",141,88
"1789226",68,141
"200",141,72
"2127060",115,141
"2895489",70,141
"2924031",141,86
"2937788",44,141
"3035471",136,141
"413889",141,21
"54913",90,141
"56426",141,127
"61646",141,68
"63186",141,93
"82995",72,141
"83655",119,141
"1108595",140,131
"138853",140,93
"1389004",118,140
"1646377",130,140
"24",78,140
"251542",140,12
"2593655",140,33
"2692425",140,112
"2787628",140,87
"2886375",140,41
"2895352",114,140
"290053",140,81
"2975482",140,120
"3049086",140,28
"361101",140,113
"46507",139,140
"83219",140,100
"84757",27,140
"1211326",139,113
"1380432",26,139
"1408204",139,65
"142877",139,119
"1565",139,44
"1594731",139,65
"1703",106,139
"1792",41,139
"2113",139,27
"2505970",139,46
"2520506",139,137
"2789740",139,100
"2803858",26,139
"2822761",139,132
"28446",117,139
"38304",53,139
"48003",139,98
"55206",139,103
"699041",81,139
"1199245",138,21
"1269",40,138
"1470200",138,98
"1776384",107,138
"247481",138,47
"2496847",50,138
"2666185",138,55
"2763022",138,78
"3074145",135,138
"629680",82,138
"994696",138,131
"1082851",23,137
"1457250",137,64
"1547898",4,137
"1552759",137,128
"171285",116,137
"1796616",137,104
"1846278",115,137
"2070369",84,137
"2478954",74,137
"2602016",45,137
"2651974",137,131
"2686094",38,137
"269660",57,137
"2871095",91,137
"2878152",67,137
"3024576",54,137
"311180",54,137
"315405",137,60
"370622",70,137
"487686",137,119
"522262",137,134
"62088",137,40
"1264",136,39
"1450",11,136
"1710540",41,136
"1993630",136,17
"2261",79,136
"2779775",54,136
"2803864",117,136
"3050112",136,53
"451",136,78
"57706",136,110
"664643",136,130
"68175",47,136
"880",136,98
"926",89,136
"1639108",135,22
"168384",69,135
"2026240",135,113
"2321403",135,96
"2746230",135,89
"2909671",37,135
"2930091",135,8
"3025666",135,126
"3040935",135,84
"31899",135,40
"33934",135,50
"343",92,135
"351604",86,135
"37927",87,135
"401471",135,112
"561184",15,135
"568",135,45
"72",135,95
"1273",48,134
"139438",67,134
"1709477",134,116
"223967",59,134
"2545799",79,134
"2754044",72,134
"2923363",134,98
"2939731",134,107
"29498",134,46
"3045147",134,85
"413403",134,118
"44009",134,45
"664962",73,134
"886343",65,134
"10286",133,29
"1176646",14,133
"1660073",133,84
"1903414",74,133
"1943633",90,133
"2059264",133,27
"243899",133,72
"2662262",133,103
"2675789",133,46
"370526",24,133
"44577",133,117
"564137",58,133
"718286",133,110
"1193503",132,18
"155615",132,39
"1616788",132,53
"1652545",54,132
"1776742",128,132
"1784713",132,77
"186804",100,132
"1903056",132,63
"2111",132,54
"2742676",132,101
"2792977",51,132
"2829795",118,132
"28450",104,132
"301301",132,103
"309806",132,86
"36809",40,132
"41997",132,58
"420953",73,132
"47759",113,132
"820",132,115
"1201031",131,98
"2116657",61,131
"2153354",131,43
"220697",72,131
"2316383",131,78
"2563897",131,19
"2565368",9,131
"2763071",57,131
"2830983",80,131
"2879116",87,131
"3015154",26,131
"3028710",106,131
"33986",131,128
"423605",131,66
"465721",51,131
"82977",131,101
"119864",94,130
"123824",130,43
"1603606",77,130
"1851544",47,130
"2049589",40,130
"2136",130,36
"2572923",130,80
"2736875",73,130
"2844309",130,32
"2911526",92,130
"302167",124,130
"304399",130,91
"3045816",40,130
"375175",130,98
"472181",2,130
"499229",127,130
"520056",130,22
"525917",75,130
"683292",130,58
"935293",130,64
"111500",82,129
"1130723",129,126
"1410606",129,48
"2698686",108,129
"2918171",50,129
"2932254",129,95
"2986927",64,129
"3033811",108,129
"3039426",129,102
"33037",129,51
"34021",129,70
"345632",58,129
"372663",129,119
"38284",40,129
"40567",36,129
"43263",58,129
"50052",124,129
"513223",94,129
"114528",128,38
"1172565",94,128
"134536",63,128
"1443036",111,128
"150120",110,128
"1879049",128,62
"2202827",74,128
"2545632",122,128
"2682541",128,109
"2690837",64,128
"2748865",79,128
"2760307",41,128
"2779528",113,128
"28169",104,128
"3058393",128,116
"3062598",42,128
"682956",128,36
"71667",111,128
"84032",128,109
"84405",128,115
"1323731",51,127
"1808001",127,44
"184064",127,66
"2149",127,55
"216929",51,127
"2202148",76,127
"2566013",58,127
"2675779",127,33
"2734089",48,127
"2739061",127,41
"2932258",123,127
"35703",127,76
"585425",102,127
"632773",127,52
"754476",66,127
"93378",86,127
"119394",126,123
"137732",126,65
"1411621",70,126
"1640",126,108
"1715806",126,51
"1764",48,126
"198251",126,20
"1987580",126,60
"2546350",9,126
"2675794",126,13
"2714946",126,70
"2758563",126,78
"2759954",59,126
"2769491",9,126
"2867014",126,73
"2890317",126,26
"290335",126,96
"2975157",126,55
"55148",17,126
"55212",126,100
"61635",126,38
"146919",125,123
"165697",80,125
"1814128",125,65
"1925020",114,125
"2035",64,125
"2093",125,37
"2161816",21,125
"2823904",125,114
"2981137",76,125
"2984530",98,125
"2993563",68,125
"34087",125,55
"41170",125,99
"44250",68,125
"67581",34,125
"69539",125,81
"871203",102,125
"1126833",124,74
"1379040",124,52
"1484693",52,124
"1574269",124,94
"171695",93,124
"1750535",124,15
"1785128",124,116
"1903276",124,50
"1933904",124,35
"2047",124,82
"260554",124,86
"2726434",124,9
"321983",22,124
"45067",124,75
"51049",124,48
"72361",124,54
"1637853",49,123
"168169",123,45
"1812115",123,72
"1844999",123,98
"2587808",63,123
"2704463",54,123
"2711221",88,123
"2798861",123,30
"2842355",62,123
"2913620",123,85
"3047872",123,83
"307121",17,123
"341027",123,73
"391036",123,94
"61652",123,97
"633",71,123
"82654",123,115
"863372",7,123
"1128151",122,26
"1229621",122,65
"126734",89,122
"1302659",122,114
"186822",48,122
"1940612",42,122
"213419",122,19
"2527973",122,111
"483913",122,121
"51515",122,111
"648802",122,103
"1253",78,121
"1582439",94,121
"1839",61,121
"2081042",121,52
"2094025",121,53
"231454",57,121
"2590016",22,121
"2663020",121,20
"2714844",55,121
"2742132",76,121
"2841528",121,68
"29291",121,117
"3023936",121,57
"328814",89,121
"33038",99,121
"45462",100,121
"50741",33,121
"1434099",120,44
"1503041",17,120
"158080",47,120
"1712410",120,50
"2565556",12,120
"265426",120,115
"2675778",120,28
"2839024",120,40
"2843216",69,120
"2908645",120,84
"2931382",70,120
"2952571",120,107
"2995304",82,120
"3044166",120,85
"351052",46,120
"356322",120,92
"419479",120,33
"428411",120,113
"436515",73,120
"67304",44,120
"712036",47,120
"94138",120,93
"1332264",64,119
"1452732",119,110
"1660080",119,44
"2211212",108,119
"2675780",119,20
"2676868",36,119
"2682091",119,106
"2730359",39,119
"2777983",82,119
"2831148",76,119
"29389",119,82
"2966625",119,73
"2983267",119,41
"2996034",106,119
"3058420",75,119
"387343",41,119
"45495",110,119
"485447",119,78
"536044",99,119
"90244",119,116
"983548",119,47
"994692",119,94
"1336795",118,54
"1510570",98,118
"1613",118,98
"2199",118,79
"2268026",118,108
"249402",118,57
"2583587",114,118
"265668",49,118
"2976824",76,118
"3031919",74,118
"351671",118,42
"397865",118,59
"412593",115,118
"44001",118,51
"45056",118,45
"115778",117,69
"1316444",117,51
"1353147",24,117
"1690221",105,117
"1705399",31,117
"1896175",117,42
"189834",117,110
"2662364",117,65
"2691580",117,116
"2728023",85,117
"2796366",71,117
"2976533",49,117
"3031993",117,87
"33889",51,117
"673372",117,103
"681157",52,117
"68192",86,117
"68212",64,117
"69665",117,89
"74969",117,51
"944547",117,35
"128780",51,116
"1536774",85,116
"1653434",106,116
"1902580",116,90
"1910951",116,0
"2662397",63,116
"2675783",116,10
"2686359",116,46
"2797636",51,116
"2819096",71,116
"2847992",90,116
"29465",116,57
"35773",116,43
"373543",116,107
"375489",45,116
"485880",6,116
"50339",116,74
"91604",100,116
"1007",62,115
"1280380",43,115
"1355015",115,10
"1536770",115,59
"159183",115,33
"2547970",115,76
"2777185",110,115
"2795387",54,115
"2806553",67,115
"2842453",27,115
"2886040",115,74
"2929509",115,23
"2939494",115,58
"3009083",38,115
"3031799",91,115
"32025",99,115
"370405",79,115
"40566",63,115
"49283",115,72
"679663",26,115
"930166",83,115
"1474",114,99
"169760",114,108
"1849967",46,114
"197222",114,110
"2018052",114,14
"2590551",114,40
"2593973",56,114
"2702",114,89
"2781390",114,84
"2796140",114,16
"28084",114,79
"28125",114,32
"2900152",65,114
"2913621",114,28
"2953749",114,57
"2992573",93,114
"44449",114,22
"53419",99,114
"54291",114,54
"64160",114,69
"712471",114,51
"722731",25,114
"767452",48,114
"85991",114,66
"1108",42,113
"1266052",113,64
"1353136",103,113
"1586287",80,113
"1897060",5,113
"212667",61,113
"267889",113,38
"271097",111,113
"273528",113,37
"28128",101,113
"2916816",113,49
"2929800",113,66
"29423",113,30
"3034230",50,113
"3036127",12,113
"3046383",67,113
"879567",70,113
"1144748",94,112
"125216",69,112
"1293412",112,49
"1295",112,39
"1435347",26,112
"1712261",13,112
"1824638",78,112
"2511069",82,112
"2547399",37,112
"266009",112,21
"2714938",24,112
"2769351",8,112
"279",20,112
"2810070",90,112
"2812896",77,112
"28129",97,112
"2825845",112,29
"2880933",40,112
"2954093",29,112
"37921",71,112
"387090",112,49
"82801",110,112
"914",111,112
"1040979",111,6
"111501",94,111
"1186051",111,21
"128574",80,111
"140098",53,111
"1750",40,111
"1804986",111,79
"1812935",111,91
"1959104",111,69
"2034",111,93
"2173034",111,73
"2173169",111,67
"2708346",111,98
"2718876",9,111
"2831662",23,111
"2877527",111,66
"2995145",4,111
"35795",111,36
"363408",111,46
"37329",68,111
"40577",111,54
"46165",76,111
"497967",42,111
"570278",111,71
"1008152",92,110
"103733",52,110
"1643951",110,75
"1806891",110,36
"2061",53,110
"2107999",110,59
"2280",110,58
"2590776",80,110
"2718620",38,110
"2744520",110,86
"2767879",87,110
"2778911",110,96
"289370",32,110
"2899133",110,19
"329854",101,110
"47879",110,83
"65555",110,103
"709879",60,110
"710648",110,58
"715",110,68
"81479",5,110
"1006155",77,109
"153491",109,106
"1546107",53,109
"1811193",109,84
"185007",109,48
"2115968",109,20
"2315862",109,108
"2498848",17,109
"2528593",109,58
"2563664",109,20
"2694930",109,63
"2695882",109,55
"2831967",13,109
"2855434",28,109
"2875948",16,109
"2925411",109,84
"2931976",109,91
"3038773",46,109
"335929",98,109
"383750",109,71
"49338",69,109
"116092",96,108
"157339",108,70
"158823",26,108
"1742992",29,108
"2029849",27,108
"2083284",43,108
"2291",102,108
"2325",108,50
"233181",108,54
"2509675",108,72
"2714855",108,53
"2740837",82,108
"2743000",108,108
"2819101",47,108
"2822760",53,108
"283686",36,108
"283699",108,50
"2865840",108,56
"2901142",61,108
"2979467",38,108
"33989",108,27
"423477",108,95
"472569",108,58
"1472",107,77
"1907662",53,107
"1912064",107,67
"1916956",67,107
"1933880",17,107
"198618",20,107
"202950",107,98
"2033",65,107
"2267253",93,107
"261654",50,107
"2976822",13,107
"3053655",107,65
"310581",55,107
"331648",107,92
"434010",23,107
"572511",107,51
"649831",36,107
"787",107,6
"79601",33,107
"1382803",106,94
"170673",75,106
"1712675",106,97
"1727163",69,106
"1740163",52,106
"1888195",106,103
"1967782",106,14
"2066133",106,79
"2552945",106,53
"2843330",92,106
"2856823",106,77
"476",103,106
"57665",27,106
"745",106,77
"79263",106,46
"83618",84,106
"133539",60,105
"1581011",62,105
"1660076",105,33
"1699622",105,19
"1763998",86,105
"186931",48,105
"1945658",55,105
"2339259",105,101
"2594459",17,105
"2675796",105,42
"2785746",105,51
"2822137",105,38
"2912314",92,105
"2918528",70,105
"2953657",9,105
"2954084",105,100
"300",105,102
"3046670",27,105
"307249",105,60
"379547",105,75
"39122",105,103
"475662",17,105
"47989",18,105
"92401",105,43
"1162633",64,104
"1166950",39,104
"1470434",73,104
"166309",49,104
"1720083",104,27
"1750598",51,104
"192421",104,52
"2004646",104,21
"2528203",9,104
"2589080",61,104
"2651199",60,104
"2660554",104,41
"2745504",60,104
"2775245",104,62
"283878",51,104
"2897334",61,104
"2920386",104,73
"299583",104,23
"3026418",32,104
"459472",104,89
"470150",2,104
"777",104,87
"807",104,45
"907",90,104
"111844",65,103
"1123043",32,103
"1166",103,24
"150829",85,103
"1522432",40,103
"1678028",43,103
"1717",71,103
"1851148",103,80
"198467",96,103
"206042",103,75
"2175149",52,103
"224402",33,103
"2517362",103,55
"2592654",103,31
"2675787",103,18
"2732593",103,49
"2762563",103,55
"2782169",20,103
"2871688",103,16
"2961895",103,37
"2992805",103,27
"3041765",53,103
"74700",103,14
"747522",103,56
"930802",94,103
"137584",80,102
"1796635",102,68
"2126321",61,102
"2483401",80,102
"2508722",26,102
"2527996",41,102
"2795386",102,73
"2861782",32,102
"2894081",38,102
"2939414",99,102
"2984843",100,102
"300231",83,102
"3016343",102,100
"3029061",64,102
"633404",102,36
"66969",102,84
"712368",102,25
"715472",55,102
"867076",102,31
"101534",101,33
"1325564",23,101
"1582259",101,41
"1591409",30,101
"1759089",101,101
"1775881",19,101
"1839801",77,101
"1867",68,101
"1874361",48,101
"1891926",42,101
"2527972",66,101
"2763498",28,101
"2768068",20,101
"2801030",56,101
"283735",101,78
"2891570",101,60
"2901164",80,101
"32003",38,101
"416273",10,101
"418699",22,101
"433296",101,52
"470934",101,57
"53437",81,101
"641",101,82
"713030",66,101
"84595",68,101
"940615",46,101
"1743174",90,100
"1852374",100,59
"185642",96,100
"187452",100,70
"1918946",72,100
"218284",100,92
"2215",100,67
"2303332",100,17
"2505977",51,100
"2613965",60,100
"2756107",100,27
"2838156",40,100
"2843318",95,100
"2859228",100,96
"2909587",23,100
"3015997",39,100
"3057122",100,64
"3064288",53,100
"361183",84,100
"410072",55,100
"41202",48,100
"43348",16,100
"453162",100,72
"470932",100,52
"490",100,18
"51197",100,25
"83453",100,87
"87541",82,100
"1297617",37,99
"1699621",99,57
"1803177",52,99
"1883416",99,51
"1884634",51,99
"209",99,92
"2490858",48,99
"2590015",49,99
"2714941",32,99
"2731756",99,49
"2778876",99,95
"2799680",99,15
"2807512",80,99
"2904121",99,40
"2918170",26,99
"2946699",99,80
"2954078",8,99
"2964669",24,99
"2966586",99,53
"345198",56,99
"424188",69,99
"56146",99,18
"762833",99,49
"82135",90,99
"985052",99,44
"1085644",98,38
"114",98,68
"135727",98,52
"1457153",98,28
"1470067",98,45
"1675036",87,98
"1696",67,98
"1795630",31,98
"2096",98,75
"2496866",98,84
"2675774",98,20
"2726185",65,98
"281362",87,98
"2843215",76,98
"2863583",72,98
"2896845",98,30
"2949629",2,98
"35753",37,98
"539813",98,50
"589437",98,98
"661488",53,98
"710111",50,98
"76758",98,96
"81682",98,50
"876",46,98
"1049",55,97
"1338368",97,85
"137591",97,76
"155194",97,78
"169402",97,50
"1842537",38,97
"1918945",85,97
"194424",97,61
"2039166",97,95
"2066",53,97
"2184575",97,41
"2507160",97,29
"254758",97,50
"2592653",73,97
"2707174",97,92
"2745510",49,97
"2806347",6,97
"2894755",97,55
"2919598",97,31
"2967300",97,54
"2980554",97,97
"332410",92,97
"33992",97,37
"39775",26,97
"67267",34,97
"683846",97,34
"1005039",46,96
"1032",35,96
"10497",96,21
"1072463",53,96
"135622",71,96
"1494608",57,96
"1532905",96,21
"187303",7,96
"196118",36,96
"2005884",47,96
"249567",77,96
"2594883",96,61
"2719911",96,50
"2766537",96,55
"2820710",96,75
"285983",80,96
"2864204",52,96
"2864208",96,60
"2908843",96,68
"400061",46,96
"661481",34,96
"69964",96,61
"758802",53,96
"135577",73,95
"1569",95,83
"1750719",54,95
"1882749",27,95
"1897061",36,95
"191610",95,65
"2202",82,95
"2233542",95,90
"2589797",22,95
"2735563",56,95
"274537",95,81
"2750011",13,95
"280145",95,47
"2822842",76,95
"2934161",25,95
"29485",95,87
"2976983",64,95
"3015996",70,95
"3030492",95,89
"309805",95,87
"43057",40,95
"467976",62,95
"483547",24,95
"651666",53,95
"69655",95,28
"735",95,50
"1281578",94,41
"136094",78,94
"1391654",94,83
"170651",37,94
"1714845",73,94
"1731",94,62
"1920749",94,32
"2054316",94,80
"2066024",94,13
"2249302",94,53
"244787",94,74
"258255",53,94
"2606450",94,69
"265976",94,6
"2689102",62,94
"2728853",61,94
"2735134",33,94
"2810562",65,94
"496014",20,94
"571913",49,94
"693153",94,83
"715179",94,39
"74329",94,28
"762",58,94
"879",94,30
"113107",91,93
"1173101",79,93
"1411117",28,93
"141451",41,93
"1457141",84,93
"152331",93,25
"1644130",93,30
"1751286",93,23
"2589987",93,77
"2719987",93,79
"2745514",50,93
"2774189",39,93
"2937790",29,93
"2945589",93,14
"3004096",93,50
"3031803",93,35
"37637",6,93
"44930",93,65
"563",93,19
"708126",93,32
"744515",93,40
"1031538",92,55
"1085647",92,43
"116085",58,92
"1387353",53,92
"1422",59,92
"1488356",43,92
"160799",23,92
"163359",30,92
"1752064",63,92
"1774216",38,92
"2591003",92,82
"2663859",36,92
"2737",92,33
"2782168",51,92
"2902623",41,92
"2943497",92,41
"3036300",92,49
"59",92,60
"85701",83,92
"1249",91,43
"132604",91,46
"142",91,21
"1658672",66,91
"1815583",52,91
"1906744",91,39
"2072642",74,91
"208223",91,40
"2224",74,91
"2487929",91,32
"2584940",58,91
"2588449",91,42
"2675776",91,46
"2791037",91,89
"2925843",70,91
"2931390",46,91
"332158",75,91
"47735",91,66
"498374",86,91
"651822",59,91
"716816",91,86
"94254",91,64
"104628",90,59
"1177213",90,17
"1268",74,90
"1448929",26,90
"1549858",39,90
"1861",90,88
"2293",90,62
"2487344",14,90
"2527968",90,52
"2708348",90,21
"2709784",90,67
"2736757",39,90
"2778082",49,90
"2816248",40,90
"2917725",12,90
"2944933",33,90
"2953881",49,90
"3039392",90,88
"386874",90,34
"398736",90,52
"404011",90,74
"55213",90,59
"592316",55,90
"1076596",43,89
"118000",89,61
"1218495",89,37
"1649453",89,58
"1789672",71,89
"1855883",89,46
"1857843",38,89
"198119",89,77
"244566",31,89
"2844358",56,89
"2844380",89,36
"2845712",41,89
"292691",89,35
"2983232",89,43
"3026425",89,36
"3042299",89,78
"34018",89,82
"347",54,89
"386487",89,53
"398053",89,79
"414371",81,89
"46228",87,89
"68200",26,89
"83683",89,54
"110163",29,88
"1186",86,88
"1302411",88,8
"1322",88,61
"1660",38,88
"1743162",64,88
"182640",22,88
"1853276",88,20
"1866326",34,88
"2052056",44,88
"2128",88,20
"2133959",88,33
"227942",88,25
"2518645",57,88
"2583851",88,83
"2675773",88,50
"2782163",68,88
"2810513",2,88
"2855502",88,53
"2861279",37,88
"288004",82,88
"2908839",71,88
"293091",88,59
"2937774",71,88
"300181",88,30
"3075627",71,88
"337004",38,88
"33964",88,28
"524884",54,88
"57494",23,88
"69218",39,88
"86332",88,28
"1034015",47,87
"1151742",87,79
"1239415",87,51
"1328770",87,67
"137545",33,87
"1526412",87,83
"1655500",87,36
"1715989",47,87
"1836",46,87
"1906272",87,45
"2036206",87,55
"2305987",40,87
"2426",87,26
"2599305",57,87
"2601122",87,19
"2666025",87,77
"271098",87,66
"2726122",87,74
"274539",18,87
"2804761",24,87
"2806210",58,87
"2835041",87,85
"2886352",74,87
"2924034",87,59
"2970906",87,82
"2973512",51,87
"2978474",83,87
"3025190",78,87
"3052209",87,34
"333965",87,30
"488730",87,19
"521720",7,87
"56464",37,87
"57975",25,87
"673",87,80
"83291",36,87
"97393",87,15
"1085",39,86
"1163",86,23
"125",41,86
"157779",33,86
"160791",42,86
"2093857",27,86
"2175091",86,31
"2509458",86,10
"2518973",86,78
"2589076",25,86
"261825",86,77
"2666127",86,32
"2698679",41,86
"2742",64,86
"2768161",59,86
"2880932",86,17
"2983842",86,34
"3075197",86,55
"37482",86,40
"37928",34,86
"39777",86,12
"414771",49,86
"459858",50,86
"571915",13,86
"583357",86,23
"61435",86,66
"624186",86,42
"669502",86,26
"76629",86,69
"914153",65,86
"1076588",85,32
"1222016",85,72
"1413221",25,85
"1472345",85,45
"1531429",46,85
"154",29,85
"1748",12,85
"1891675",85,82
"227945",85,43
"2498452",45,85
"2675054",85,79
"2684469",10,85
"2706126",85,74
"2710596",79,85
"2746232",85,34
"2751478",3,85
"2782686",85,38
"2855441",31,85
"2867012",38,85
"2961994",54,85
"2969308",50,85
"3004093",18,85
"3050340",85,5
"417368",85,74
"434008",77,85
"546874",72,85
"657",75,85
"76887",85,34
"985043",85,28
"1006005",84,57
"1288495",57,84
"1400864",32,84
"157268",84,50
"1629",84,38
"1825069",84,71
"1858656",57,84
"185951",40,84
"1941349",84,32
"2065312",84,84
"246273",38,84
"247333",84,35
"2527990",41,84
"2576903",84,35
"2720720",84,57
"2752316",27,84
"2772254",84,47
"2847045",52,84
"2935863",84,81
"2938948",34,84
"29518",84,15
"2993314",84,65
"3064892",84,33
"40990",62,84
"521689",35,84
"76335",84,36
"80865",38,84
"80867",84,73
"81408",84,71
"83681",30,84
"99000",84,61
"1042156",83,51
"1184",69,83
"1526572",41,83
"1631871",83,70
"1660063",83,36
"1804",33,83
"1833852",83,76
"1883414",41,83
"1909699",55,83
"1933044",12,83
"2047966",37,83
"2054",33,83
"2060",83,52
"2060066",83,65
"2293862",57,83
"241368",32,83
"2653850",15,83
"265960",83,43
"2758573",17,83
"2778370",83,45
"2780922",83,35
"2811422",39,83
"2929157",38,83
"2949664",8,83
"2983836",83,82
"2993455",82,83
"3031330",52,83
"319706",56,83
"373540",83,19
"418223",13,83
"444612",83,58
"487",66,83
"556259",83,73
"58290",83,29
"76731",35,83
"774",73,83
"844",39,83
"1046043",23,82
"1165090",82,44
"1442555",54,82
"173480",39,82
"1922659",31,82
"2083300",82,28
"2448483",38,82
"2527976",82,77
"2589818",82,44
"2597659",48,82
"2600596",48,82
"2837508",80,82
"2898431",49,82
"2972479",22,82
"3026424",21,82
"3034648",40,82
"377615",47,82
"481",82,53
"59754",22,82
"693075",82,35
"74313",79,82
"113562",22,81
"1318743",81,35
"1329",81,51
"1416614",81,45
"1420916",45,81
"1471761",81,31
"1648",66,81
"1796613",81,44
"1898474",81,18
"1922246",81,50
"2023229",67,81
"2079536",38,81
"2133944",81,35
"2487074",81,58
"254246",81,50
"2662363",81,53
"2714928",61,81
"2731681",40,81
"2867023",34,81
"2867410",11,81
"2983233",44,81
"3021011",73,81
"3049075",54,81
"340345",46,81
"355243",30,81
"35786",31,81
"367190",81,35
"400065",81,72
"438",81,57
"496056",81,72
"539",81,36
"67780",81,47
"748247",62,81
"83561",69,81
"115808",27,80
"1484116",51,80
"1579316",44,80
"1582",30,80
"1632",52,80
"1678309",80,52
"1689",80,36
"1776741",74,80
"1886670",59,80
"1914871",80,38
"1921565",80,23
"2004650",80,54
"2527775",80,37
"2704462",25,80
"2719119",13,80
"2743001",80,52
"2745561",80,53
"2769067",80,59
"2893471",80,61
"2992242",33,80
"2994078",69,80
"3003393",80,61
"323284",30,80
"34067",80,24
"49319",24,80
"650378",80,41
"697331",80,20
"755175",43,80
"883811",80,34
"1030",49,79
"1318",79,71
"1441386",45,79
"1472767",79,55
"166935",79,73
"1774",30,79
"1805933",79,39
"1873716",56,79
"231049",64,79
"2571750",79,70
"2572577",79,16
"2596915",34,79
"2675777",79,14
"2748098",53,79
"2878098",27,79
"2881052",79,25
"2932253",49,79
"2955956",16,79
"3015156",14,79
"307580",79,44
"36746",79,70
"373687",79,49
"470565",79,46
"487184",21,79
"505341",79,60
"66892",25,79
"1084719",78,34
"12914",78,65
"1335757",78,56
"138074",63,78
"1395974",22,78
"1514105",48,78
"1636609",24,78
"1710",34,78
"172713",78,63
"1810504",45,78
"1841651",78,21
"1908198",39,78
"2068655",78,33
"2077090",23,78
"230709",78,13
"2507582",39,78
"2597518",78,38
"260552",46,78
"2724",39,78
"2821543",32,78
"2908842",75,78
"3015999",9,78
"3019969",78,62
"3020832",21,78
"3029055",78,30
"3057550",78,26
"3070661",78,52
"359110",15,78
"387093",78,34
"46506",78,45
"465797",78,28
"553982",78,47
"63745",32,78
"656179",78,16
"82983",78,11
"157592",68,77
"1654",27,77
"171404",37,77
"2099693",7,77
"2290923",43,77
"2561898",56,77
"2866810",49,77
"2925830",77,71
"2986919",15,77
"316279",77,54
"362830",77,59
"546367",77,34
"577469",1,77
"60217",77,72
"67825",71,77
"78331",77,15
"916",38,77
"999183",18,77
"114527",76,35
"114686",45,76
"1178515",57,76
"1236179",76,36
"1249101",76,31
"128944",76,41
"132920",76,55
"1461582",76,28
"1474867",55,76
"1505596",76,55
"1510150",43,76
"153493",64,76
"1561924",76,44
"160796",76,25
"1694",41,76
"1727164",76,57
"1902136",76,21
"1940636",72,76
"2283318",76,38
"2355",76,36
"2560849",76,33
"2608999",15,76
"2614538",3,76
"2716227",37,76
"2759660",76,33
"2761623",76,35
"2806552",76,57
"2811415",44,76
"2822368",21,76
"2838850",43,76
"3002900",76,53
"3015152",51,76
"3034675",76,1
"3036945",76,44
"33914",76,53
"34",36,76
"36818",8,76
"38308",76,47
"389348",76,59
"39778",48,76
"453816",76,45
"482957",41,76
"558017",76,29
"576131",76,21
"72360",72,76
"75692",35,76
"84566",42,76
"885040",76,76
"1179664",75,24
"1549850",34,75
"1903704",75,52
"2174846",29,75
"227866",39,75
"269259",75,53
"2743089",12,75
"2745558",75,53
"2747268",74,75
"2763068",16,75
"2763670",50,75
"28049",30,75
"2822844",17,75
"2829597",75,71
"28448",51,75
"2854260",12,75
"2856608",75,57
"2907205",42,75
"29370",55,75
"2964606",75,55
"3020899",21,75
"3075825",32,75
"33045",75,51
"33936",75,62
"380021",58,75
"398049",32,75
"42684",19,75
"47883",54,75
"511745",62,75
"59748",75,38
"651143",65,75
"84980",75,58
"95641",46,75
"106578",74,62
"1268041",49,74
"1428684",31,74
"182709",74,35
"1881069",69,74
"1903409",74,66
"192073",74,65
"216142",43,74
"2177",34,74
"2587862",74,60
"2696560",74,37
"2709396",74,56
"2743090",23,74
"2769490",73,74
"2865832",5,74
"2872648",74,22
"2937801",61,74
"2952525",17,74
"3035453",46,74
"3049073",22,74
"33900",21,74
"33903",57,74
"39640",74,17
"417574",74,58
"640205",46,74
"70864",52,74
"100177",73,36
"1156431",73,33
"1218315",26,73
"1219491",73,67
"136468",73,42
"1411902",37,73
"164451",73,62
"1663591",3,73
"1689834",68,73
"1719132",3,73
"1827144",70,73
"2051906",73,10
"233055",71,73
"2598861",73,68
"2609258",20,73
"2614693",16,73
"2666100",73,50
"2689109",73,23
"2732594",68,73
"2745196",71,73
"2770551",13,73
"2811778",73,52
"2866211",13,73
"2911539",42,73
"31",5,73
"320778",23,73
"324078",73,24
"44252",73,36
"481146",73,22
"51201",28,73
"54254",58,73
"564",73,57
"104609",72,37
"10683",72,20
"132473",53,72
"1334193",72,50
"1377",72,18
"1515612",72,71
"1564506",22,72
"1605",72,31
"17",72,15
"1741",65,72
"181663",72,53
"1936021",29,72
"2172103",72,59
"2291597",30,72
"2560506",25,72
"2653851",59,72
"266",21,72
"2678261",42,72
"2715209",60,72
"2829502",72,71
"2846435",48,72
"2851575",72,9
"2867011",22,72
"2895509",72,4
"3035288",72,27
"32052",44,72
"35554",42,72
"400092",67,72
"436",72,31
"459529",72,27
"649196",69,72
"683737",72,53
"712310",72,19
"73010",15,72
"747548",37,72
"81468",66,72
"100716",71,66
"147709",71,35
"159743",49,71
"1821960",71,38
"1844051",18,71
"1930277",12,71
"194924",37,71
"1971488",71,10
"2184083",71,33
"2282397",30,71
"228602",52,71
"2527979",27,71
"2590869",71,31
"2606626",71,48
"2724468",26,71
"2742601",71,67
"2819100",71,53
"2870860",40,71
"2956830",0,71
"2980099",69,71
"327575",66,71
"36813",36,71
"38300",15,71
"392734",25,71
"410",20,71
"47760",71,65
"635",62,71
"742013",54,71
"758782",66,71
"863",71,29
"911045",11,71
"1215089",70,34
"1402",70,68
"1536771",70,32
"162209",70,69
"167964",44,70
"1682490",2,70
"1868794",70,11
"1930058",53,70
"255475",34,70
"2562285",56,70
"2608402",11,70
"2609668",70,45
"2653189",14,70
"2675784",70,26
"2734053",12,70
"2846402",70,55
"292800",70,61
"2948946",27,70
"2955552",70,69
"2975055",36,70
"2981135",66,70
"299262",70,62
"3069118",27,70
"3075121",70,51
"33940",70,32
"35",53,70
"491950",37,70
"502",68,70
"53336",70,35
"665914",70,61
"873",44,70
"1138822",69,67
"1190813",16,69
"1295642",69,67
"131568",43,69
"1444684",55,69
"1573676",69,21
"1582356",22,69
"1609966",69,67
"1850238",16,69
"1945512",58,69
"1972134",69,12
"2108399",69,60
"2175646",37,69
"2547601",34,69
"2588534",32,69
"2603215",69,44
"2675775",69,46
"2734118",38,69
"2832500",30,69
"2940302",69,68
"29461",39,69
"2973088",62,69
"3017361",39,69
"3032001",69,19
"324767",69,54
"334543",69,33
"348043",19,69
"41675",69,42
"55583",57,69
"56812",69,35
"571800",69,46
"577",69,52
"656",69,66
"664683",69,58
"95485",48,69
"97477",45,69
"1282863",51,68
"1608957",56,68
"1653476",54,68
"1674922",38,68
"1689272",44,68
"1724",37,68
"1769",17,68
"1795631",16,68
"1821625",26,68
"1871022",15,68
"1871025",45,68
"1950",29,68
"1980966",68,5
"2059672",68,55
"2235",35,68
"2335",23,68
"2502781",52,68
"2560418",68,52
"2576930",27,68
"2664091",68,66
"2665646",38,68
"2675785",68,8
"2708079",10,68
"2749086",14,68
"2773709",33,68
"2778070",17,68
"28091",68,15
"2840180",44,68
"28449",68,59
"2864217",68,44
"2872754",28,68
"2883127",31,68
"2884875",68,55
"2911537",14,68
"2923362",50,68
"29379",68,39
"2940297",68,10
"2950245",68,66
"29570",24,68
"298",68,68
"2986424",35,68
"3075824",18,68
"34029",68,59
"35755",47,68
"36821",34,68
"568766",54,68
"59610",68,61
"60137",53,68
"658666",68,8
"698828",68,60
"722417",68,2
"72803",28,68
"755272",38,68
"762210",65,68
"80679",11,68
"95300",20,68
"1160721",67,35
"1173757",13,67
"1400387",14,67
"1400865",67,56
"1431246",26,67
"1579979",35,67
"1615494",67,33
"1730",35,67
"1765219",30,67
"190323",31,67
"192149",67,31
"194196",67,66
"2042057",59,67
"204891",6,67
"2161677",63,67
"219572",14,67
"2211140",20,67
"249188",67,43
"2500546",17,67
"2506452",65,67
"2591606",67,26
"2614638",66,67
"2742204",67,50
"2766470",67,48
"28172",64,67
"2878915",67,31
"3027470",67,44
"3058394",35,67
"34061",67,50
"36854",67,62
"37326",32,67
"43767",67,32
"449461",27,67
"507626",10,67
"51161",67,46
"516051",55,67
"529731",52,67
"84112",35,67
"96773",15,67
"1214604",37,66
"1267766",66,30
"1374",66,54
"1522312",66,59
"1562974",28,66
"159346",32,66
"1664560",17,66
"1748965",36,66
"1763828",23,66
"1870819",47,66
"2219696",6,66
"2508726",66,64
"2527983",28,66
"2563668",66,18
"2582830",66,6
"2653203",66,29
"2714358",66,37
"2726989",66,18
"2769486",66,52
"28127",66,34
"2862880",22,66
"2904120",66,31
"2938695",20,66
"29542",40,66
"3070815",66,62
"319947",25,66
"34071",42,66
"34072",25,66
"345370",66,61
"363952",59,66
"366522",66,52
"45398",58,66
"483937",66,31
"52022",24,66
"53442",66,43
"589873",66,23
"676208",66,10
"815",66,53
"10663",65,17
"1149953",65,32
"1203471",39,65
"141",65,29
"1479",62,65
"1507808",36,65
"1508644",65,8
"160453",65,62
"1647",53,65
"1852390",37,65
"2026189",65,15
"204039",65,44
"2072936",53,65
"2093824",45,65
"2099786",65,36
"2246",31,65
"256326",65,42
"2567937",65,17
"2569540",63,65
"2580412",47,65
"2590021",65,21
"2598457",65,11
"2691571",11,65
"2697563",20,65
"2714943",27,65
"2737173",65,39
"2815577",41,65
"2857060",10,65
"2878390",59,65
"2908650",65,41
"2918516",65,59
"293388",65,27
"300825",39,65
"3028709",38,65
"3047030",65,24
"3064139",65,65
"392610",65,37
"41899",28,65
"46021",65,6
"463192",25,65
"73919",21,65
"755307",11,65
"89153",65,55
"105219",29,64
"1109412",38,64
"1183412",34,64
"1401",64,45
"1500254",64,54
"1609531",64,23
"1614",64,37
"1636618",64,17
"172042",64,38
"1737446",46,64
"1773489",49,64
"1825023",14,64
"1945584",64,0
"2059884",64,28
"2138101",23,64
"2203724",64,44
"2303538",64,61
"2508882",51,64
"2558918",16,64
"2714036",64,56
"2742639",41,64
"2787706",64,5
"2794344",64,48
"28119",64,40
"2866808",29,64
"2867238",64,58
"2893469",53,64
"2956048",64,26
"2966453",30,64
"336988",64,33
"35701",15,64
"43768",58,64
"446374",64,53
"48664",21,64
"563177",64,45
"71655",64,32
"945844",17,64
"1092",63,10
"11",21,63
"114880",63,38
"1178516",40,63
"1344094",63,25
"1503055",40,63
"1521117",16,63
"1524258",34,63
"1591088",63,19
"1609559",43,63
"1641",63,46
"165694",63,42
"1842533",10,63
"1854",37,63
"1892404",63,5
"1930622",63,0
"2222",43,63
"2268024",37,63
"2597515",63,5
"2675788",63,56
"2710756",32,63
"2762277",63,16
"2763669",51,63
"2904242",9,63
"2926710",63,8
"3035452",63,45
"3037654",63,23
"400946",63,62
"421",63,60
"445930",16,63
"506",24,63
"519081",13,63
"54299",21,63
"57372",59,63
"575",63,29
"693750",7,63
"699433",17,63
"96241",63,51
"10288",62,36
"1115757",25,62
"1208324",10,62
"1267768",58,62
"146785",62,45
"1473598",40,62
"1632865",37,62
"1648182",19,62
"1720343",62,20
"172045",60,62
"182337",47,62
"1827580",11,62
"1853682",51,62
"1920883",28,62
"1921086",18,62
"1933929",62,27
"193462",18,62
"1936990",10,62
"1945585",62,0
"2014076",59,62
"217",62,46
"252966",62,47
"254839",32,62
"2587856",59,62
"2587865",62,51
"2650471",62,44
"2734618",11,62
"2811788",62,30
"2815309",31,62
"2946555",62,8
"3003392",62,33
"305",62,61
"33008",51,62
"33888",62,49
"431057",57,62
"44012",13,62
"493",53,62
"556288",48,62
"77022",62,57
"93218",62,62
"1188319",14,61
"1548547",58,61
"1632019",15,61
"164393",61,40
"1644131",50,61
"1647283",11,61
"1778",42,61
"1802984",61,14
"195522",33,61
"1971485",61,8
"2017482",61,32
"2094021",61,43
"2173853",61,60
"2479367",38,61
"2485784",38,61
"2516557",61,57
"251749",61,15
"2585119",40,61
"2592049",61,36
"2652721",38,61
"2675232",61,18
"2678688",15,61
"269673",61,34
"2735795",56,61
"2763107",61,58
"2796927",20,61
"28097",61,61
"2895490",61,17
"2902624",25,61
"2976241",61,7
"2987689",30,61
"3048891",61,40
"321984",23,61
"370777",29,61
"393921",25,61
"399736",45,61
"435912",49,61
"44013",58,61
"53360",14,61
"54120",61,37
"565",61,60
"661191",61,9
"84110",60,61
"98228",61,32
"101192",58,60
"1138587",33,60
"1197717",60,35
"1331910",25,60
"1356852",42,60
"136241",27,60
"1399115",60,7
"1406512",60,30
"1525",22,60
"1536775",56,60
"158327",29,60
"1619153",52,60
"1697",60,59
"172049",45,60
"1795043",60,55
"1819725",22,60
"1827285",60,24
"1884905",25,60
"1984776",8,60
"2067960",28,60
"2072025",60,39
"2086585",60,27
"209247",11,60
"2211106",58,60
"248026",35,60
"2575699",60,28
"2653857",11,60
"2692134",46,60
"2698673",26,60
"2704413",60,14
"2772557",51,60
"2813744",60,14
"2866384",60,23
"286727",23,60
"296199",42,60
"2963433",20,60
"2969431",60,6
"2995154",27,60
"3047478",60,45
"3068324",19,60
"3070658",37,60
"340268",44,60
"453230",23,60
"488",60,22
"570267",60,47
"573569",60,13
"576611",60,58
"73029",16,60
"813",60,52
"912630",4,60
"1050370",37,59
"1325112",23,59
"1503054",59,58
"1653478",59,28
"1778675",59,16
"1848399",59,5
"1874",25,59
"1917441",59,32
"1930274",37,59
"200254",5,59
"2107709",41,59
"2290922",59,49
"2447890",17,59
"2505979",54,59
"2530390",29,59
"2594496",30,59
"2598453",59,20
"2614639",29,59
"2735868",59,13
"2736",59,58
"2763672",56,59
"2778550",59,10
"2795384",59,53
"2813577",43,59
"2817475",10,59
"2823902",59,33
"2835787",59,29
"2871826",56,59
"2878388",14,59
"28874",59,39
"2904243",59,21
"29471",59,46
"3009078",59,46
"3019889",59,40
"3020900",16,59
"3032592",17,59
"3047709",9,59
"3068275",30,59
"3072790",59,53
"33991",59,11
"388640",59,41
"497726",59,5
"52",38,59
"589436",58,59
"643674",59,31
"66428",29,59
"75682",23,59
"1094342",13,58
"1175445",58,20
"1408191",58,39
"1421430",58,18
"1642646",34,58
"1932881",58,30
"199591",32,58
"203491",58,14
"2055",57,58
"2097",58,15
"212",58,21
"216572",33,58
"2233998",58,16
"2265",28,58
"231439",38,58
"238800",58,50
"245876",35,58
"2608254",58,8
"2681470",31,58
"2692234",32,58
"2697043",24,58
"2703789",58,49
"2905569",58,1
"2911527",34,58
"2924888",58,7
"29324",58,58
"2981134",9,58
"2984142",58,35
"3030011",17,58
"3048270",6,58
"3048335",37,58
"33046",58,33
"338565",47,58
"387092",58,35
"391290",58,21
"394751",49,58
"39691",48,58
"68288",58,22
"69666",10,58
"768507",58,31
"85015",5,58
"914150",29,58
"129338",45,57
"1436133",18,57
"1481914",44,57
"1522758",7,57
"1661694",2,57
"1758390",35,57
"1851395",57,2
"1931275",57,13
"198620",35,57
"214851",10,57
"2590020",57,33
"2719588",20,57
"2766982",57,51
"283811",18,57
"2861288",56,57
"2983211",57,45
"2995143",40,57
"389480",57,5
"55211",57,35
"574697",57,31
"590652",55,57
"607711",57,20
"69710",57,43
"1124597",31,56
"1188228",39,56
"128",9,56
"1330547",45,56
"1442558",13,56
"1494466",56,40
"1532350",56,54
"1572644",6,56
"169480",46,56
"1758395",39,56
"1763535",12,56
"1936029",11,56
"195253",56,55
"2144175",56,43
"2163011",56,48
"2163605",56,19
"238749",56,37
"241244",56,39
"2495582",56,46
"2500533",24,56
"2560286",56,31
"2707525",21,56
"273251",33,56
"273677",56,52
"2748316",56,16
"2774461",19,56
"2781735",9,56
"286104",56,3
"2929493",17,56
"2931975",56,46
"2939437",10,56
"2976335",56,32
"2992843",56,7
"35757",16,56
"359408",56,34
"41276",24,56
"43771",56,47
"470076",11,56
"486",29,56
"53410",56,27
"53635",8,56
"54911",33,56
"58231",56,26
"59310",56,22
"618",36,56
"670052",34,56
"67082",56,12
"682798",21,56
"685565",56,43
"715451",56,42
"931100",55,56
"1163710",55,53
"1175444",55,29
"1415568",19,55
"1442553",55,41
"1442556",27,55
"1458492",55,19
"147206",15,55
"1481665",55,9
"1481672",55,50
"148813",43,55
"149715",55,6
"1592790",55,39
"169435",55,50
"186171",55,20
"1901",24,55
"1911929",55,19
"2003316",33,55
"2025492",55,17
"2025949",55,54
"2099789",55,26
"2182",55,5
"2231055",24,55
"2252",39,55
"2358187",19,55
"2565366",14,55
"263819",55,47
"2675878",55,46
"2714932",55,27
"2732487",35,55
"2743575",55,22
"2761580",55,36
"2811108",39,55
"2819979",14,55
"2897342",21,55
"2953748",32,55
"2963940",55,47
"2972784",55,19
"3047764",13,55
"3047810",55,17
"3064001",55,13
"33865",55,28
"591154",23,55
"76760",33,55
"82976",26,55
"85683",34,55
"860235",14,55
"115561",54,52
"1158459",54,15
"1288970",14,54
"1316941",54,30
"135735",54,26
"1379910",40,54
"1572712",54,8
"1623275",30,54
"1743165",33,54
"1778262",54,13
"1851514",12,54
"194197",54,35
"1968839",54,38
"1986146",21,54
"2004644",54,22
"2282849",46,54
"2292766",44,54
"2364787",54,20
"2486273",36,54
"2516559",22,54
"256701",4,54
"2601668",54,26
"2605424",4,54
"2719912",54,38
"2742137",30,54
"2745490",9,54
"2817385",18,54
"2837506",54,26
"2839759",47,54
"2851567",17,54
"2931399",10,54
"29459",37,54
"2978973",10,54
"3025665",54,26
"3026967",54,27
"3036374",21,54
"3050384",35,54
"3056647",27,54
"3072977",54,38
"339617",54,53
"370524",54,50
"414996",54,39
"861299",32,54
"92490",54,16
"96472",54,14
"1462996",37,53
"1623305",53,19
"1630135",11,53
"164516",53,40
"1662285",49,53
"1670831",13,53
"1729695",22,53
"1736046",27,53
"182141",33,53
"190897",53,25
"2079535",19,53
"2708301",16,53
"2716225",14,53
"2730915",35,53
"2731643",0,53
"2770786",53,11
"2856555",16,53
"2861285",9,53
"2880008",53,40
"2905871",13,53
"2911495",41,53
"29489",53,27
"2983299",53,18
"2984146",53,15
"2986947",39,53
"2991499",20,53
"353800",53,39
"39444",53,15
"53358",42,53
"53451",53,49
"55510",53,2
"564064",53,52
"65058",23,53
"680279",20,53
"712528",52,53
"714067",21,53
"810",53,48
"98668",19,53
"104336",16,52
"1048396",52,32
"1071078",44,52
"1299",30,52
"1365176",52,51
"1385715",45,52
"1415657",52,18
"1567014",52,40
"1581680",9,52
"176102",52,42
"1796620",31,52
"1852",52,41
"1865",8,52
"1871034",27,52
"1940789",52,44
"2003121",44,52
"2030797",52,36
"2099695",14,52
"214856",52,20
"2182432",12,52
"234827",52,39
"2579935",51,52
"2714937",33,52
"2749040",52,39
"2778064",7,52
"2781599",52,28
"2823905",23,52
"2829569",52,38
"2842456",19,52
"2846775",13,52
"2883107",52,8
"2886505",52,7
"2933293",52,47
"2979330",52,17
"2983213",52,51
"2983229",50,52
"3039386",28,52
"311400",11,52
"314722",37,52
"337479",52,30
"37448",26,52
"410837",26,52
"42838",13,52
"454171",49,52
"53362",41,52
"550984",16,52
"57320",27,52
"65958",43,52
"71997",15,52
"93973",52,7
"1027273",40,51
"1076124",51,50
"1404864",10,51
"1416627",26,51
"1473",51,11
"1590041",41,51
"1637869",36,51
"1674923",50,51
"1699624",51,23
"1708",38,51
"1910968",51,0
"1967783",51,38
"2056231",42,51
"2338327",27,51
"2508289",51,26
"2678259",18,51
"2686304",27,51
"2714930",51,33
"2745495",51,24
"2760705",31,51
"2806989",51,30
"2841303",43,51
"2932247",14,51
"29484",51,25
"2963092",51,48
"2987751",23,51
"3049801",51,14
"313985",51,37
"35791",51,18
"407035",51,34
"40988",13,51
"438033",51,22
"56438",17,51
"570156",51,33
"59505",16,51
"65553",21,51
"67258",27,51
"692036",43,51
"72275",16,51
"743009",17,51
"78327",41,51
"93064",19,51
"1008",49,50
"108007",18,50
"1229",50,13
"1288121",50,20
"13642",50,3
"150055",39,50
"1535768",50,23
"1610576",17,50
"1636617",50,22
"1748967",50,20
"1775880",50,16
"1795874",20,50
"1823759",34,50
"1855895",48,50
"1914461",50,26
"1944646",50,33
"1972846",22,50
"2058624",29,50
"2109915",50,34
"2487892",41,50
"2517899",50,49
"2527980",36,50
"2548456",22,50
"2592382",50,33
"2708539",41,50
"2762320",36,50
"279058",50,46
"2816912",50,21
"2834459",30,50
"2845410",10,50
"2895496",50,28
"321662",10,50
"413496",50,37
"43306",22,50
"50719",44,50
"556548",19,50
"659012",19,50
"68209",50,32
"71999",50,6
"1048758",44,49
"1263550",49,46
"143222",46,49
"1608628",19,49
"1612150",32,49
"164452",49,33
"1671721",26,49
"181486",26,49
"1859492",36,49
"2025351",43,49
"2053287",49,15
"206403",49,9
"2152891",36,49
"2213202",49,21
"229980",25,49
"233316",40,49
"2499620",0,49
"254955",49,19
"2576756",49,12
"2598579",18,49
"2741553",15,49
"2755382",31,49
"2758440",13,49
"2767887",49,18
"2799564",33,49
"2801029",11,49
"2804758",24,49
"28113",43,49
"2817025",49,44
"2944810",23,49
"29549",49,16
"3051996",49,1
"338191",30,49
"33996",49,42
"353",49,34
"573600",27,49
"65656",9,49
"680118",40,49
"1145276",48,41
"145458",36,48
"1805827",48,47
"1813",32,48
"1930546",46,48
"2017486",44,48
"2021971",48,5
"202951",24,48
"256839",48,34
"260364",48,31
"264691",48,33
"2661583",48,9
"2686210",46,48
"2728020",48,41
"2733488",48,17
"2742603",30,48
"2759526",34,48
"2802971",20,48
"2811421",9,48
"2841925",48,18
"2852117",48,38
"2856522",23,48
"2867005",16,48
"2917691",40,48
"2951138",48,18
"2951804",30,48
"300876",43,48
"3020715",48,35
"302406",46,48
"3027472",48,38
"3034020",16,48
"356852",14,48
"44742",48,19
"452627",48,38
"577309",48,36
"65496",42,48
"70775",48,47
"739",48,39
"75291",48,12
"88233",25,48
"107",27,47
"1111760",47,14
"131081",13,47
"133453",47,45
"135616",44,47
"1605891",29,47
"1617967",47,47
"1680",32,47
"1725",13,47
"1871049",19,47
"1914525",26,47
"1936003",11,47
"2051959",24,47
"2175864",47,20
"2267",47,32
"2496837",24,47
"2498704",37,47
"2506420",47,36
"253239",19,47
"2562449",47,30
"2565555",37,47
"2608981",40,47
"2610895",17,47
"2661587",47,44
"2662361",44,47
"267375",47,35
"2721246",16,47
"272774",47,0
"2780091",47,31
"2785918",38,47
"2809020",47,28
"2822846",40,47
"2881377",43,47
"2930049",10,47
"2937286",47,39
"29501",47,0
"2961595",13,47
"2968083",4,47
"2968500",20,47
"3041264",32,47
"3047678",47,23
"349221",47,27
"37930",16,47
"396015",16,47
"43769",32,47
"522",41,47
"579",29,47
"649841",44,47
"652",10,47
"833",37,47
"925818",28,47
"10260",46,26
"122355",18,46
"1300",46,25
"1675686",46,40
"1703970",9,46
"176292",46,45
"181082",46,32
"1826607",10,46
"1868734",46,33
"1873524",31,46
"1945657",30,46
"2044467",46,29
"212663",46,10
"2358",22,46
"2528009",27,46
"2545798",46,36
"2560094",46,5
"2576376",46,7
"2584944",46,14
"2652803",46,29
"2742598",46,25
"2749962",46,41
"2781952",16,46
"2810563",23,46
"2816859",9,46
"2895522",44,46
"2897177",12,46
"2925838",46,21
"2949093",15,46
"2953746",10,46
"2998080",14,46
"313590",45,46
"342949",25,46
"36363",46,4
"37931",15,46
"46354",46,46
"467094",46,30
"497727",18,46
"55968",35,46
"627624",8,46
"63561",10,46
"752201",46,7
"82987",46,24
"847",20,46
"882104",46,31
"10256",45,20
"10358",18,45
"1129264",22,45
"1434102",45,9
"1652495",18,45
"1679497",26,45
"1798224",45,42
"1835",18,45
"1845000",45,43
"2006",8,45
"2043170",45,12
"2057",21,45
"215691",20,45
"2226",37,45
"2507538",40,45
"2575440",12,45
"2745563",45,26
"2749996",45,25
"2770636",34,45
"2815358",45,37
"2828862",9,45
"2862870",20,45
"2884022",36,45
"2903629",45,41
"2913495",45,5
"29292",20,45
"2942204",43,45
"3038653",42,45
"3048363",45,9
"3064529",22,45
"31998",45,15
"36344",45,24
"37487",45,21
"43948",45,42
"475",45,25
"51664",45,7
"675864",45,13
"80869",45,12
"81028",45,32
"83557",45,18
"869886",10,45
"1163398",44,13
"1364",44,35
"146474",22,44
"158841",44,30
"1603555",28,44
"1656159",44,35
"1705394",16,44
"1801",15,44
"1841249",15,44
"1911175",33,44
"2023772",44,13
"2078786",10,44
"2099584",0,44
"2259638",44,33
"227319",12,44
"2492396",44,0
"2608982",44,21
"2650975",11,44
"2661630",28,44
"2674991",44,20
"2743",11,44
"2760089",38,44
"2770772",44,13
"2775420",16,44
"28152",44,38
"2980556",17,44
"3030210",15,44
"3043848",20,44
"323415",44,24
"39791",44,36
"413497",17,44
"430914",17,44
"444597",3,44
"53946",26,44
"634",44,33
"684066",44,29
"69967",25,44
"756280",44,5
"115232",43,27
"13373",37,43
"13773",43,7
"1380685",43,30
"1532555",34,43
"1536772",27,43
"1604335",43,14
"1721",13,43
"1743168",36,43
"1751046",11,43
"1853232",29,43
"1853699",26,43
"1873698",43,2
"192843",11,43
"200450",15,43
"2014541",24,43
"2029986",43,17
"2054227",15,43
"207745",31,43
"2502791",22,43
"2502843",17,43
"2528027",26,43
"257758",43,36
"2709390",25,43
"2729175",7,43
"2732067",35,43
"2734148",43,18
"2742129",20,43
"2745519",12,43
"2749994",43,13
"2820884",7,43
"28256",39,43
"2842457",43,4
"2857077",13,43
"2873270",21,43
"2898151",37,43
"2908637",37,43
"2930198",43,39
"2942966",43,3
"2948639",43,3
"3015951",43,23
"3051419",43,3
"334542",36,43
"33918",31,43
"349751",43,8
"419435",43,6
"473531",43,40
"487173",43,34
"638619",43,5
"659243",22,43
"875171",13,43
"96054",43,27
"116759",42,7
"1231",18,42
"1381081",42,34
"148447",18,42
"152682",6,42
"1538553",42,26
"163604",42,26
"167957",10,42
"1697053",39,42
"173860",42,34
"1858609",17,42
"1930276",21,42
"2005473",14,42
"2006110",14,42
"211114",24,42
"214",13,42
"2175",9,42
"2201350",8,42
"2237",25,42
"2560400",42,15
"2576928",42,36
"2599595",14,42
"2610896",42,10
"2666183",18,42
"267363",42,16
"2719988",42,24
"2720714",42,27
"2738852",42,21
"2759707",42,6
"2770234",11,42
"2789776",16,42
"2799325",42,7
"2819619",42,26
"2864205",4,42
"28885",18,42
"2966192",16,42
"2969597",42,13
"2970818",40,42
"3015952",42,0
"3016342",9,42
"3043847",31,42
"3047777",42,16
"3073902",22,42
"310037",8,42
"326319",42,26
"33043",42,28
"33074",35,42
"34064",42,4
"36822",23,42
"374981",42,30
"376170",4,42
"391953",37,42
"468",42,37
"480035",18,42
"56453",23,42
"650377",42,6
"73044",21,42
"76123",20,42
"76343",42,2
"767892",36,42
"971279",25,42
"103816",41,25
"1082704",41,17
"1169025",22,41
"118968",41,12
"1194427",41,29
"1232428",41,14
"126673",11,41
"1384459",29,41
"1526571",30,41
"1545044",4,41
"1564681",34,41
"1578720",20,41
"1686313",41,2
"176652",41,17
"1903686",41,14
"2018025",35,41
"2058136",39,41
"205844",34,41
"2282206",41,31
"2293571",16,41
"237609",39,41
"2565558",5,41
"2660750",17,41
"267128",27,41
"2679995",41,14
"2681469",36,41
"2718",22,41
"2726956",33,41
"2763317",23,41
"2796470",41,24
"28137",41,35
"2849779",4,41
"2864206",41,13
"2866715",31,41
"2886821",30,41
"2894202",33,41
"2899122",32,41
"2925842",3,41
"2932248",41,6
"2937524",11,41
"29539",14,41
"2955861",41,7
"298656",30,41
"3033389",9,41
"3052090",41,18
"3056445",22,41
"33060",41,24
"33987",11,41
"352889",41,7
"404405",38,41
"43661",17,41
"447217",39,41
"57497",34,41
"63612",41,31
"657323",32,41
"68249",10,41
"712435",14,41
"841",41,13
"863643",41,35
"1009682",8,40
"125593",34,40
"1316593",32,40
"1357915",17,40
"1389713",40,26
"160808",22,40
"1642299",40,38
"1703961",40,0
"1884915",28,40
"1911",29,40
"1920",25,40
"2074",7,40
"2183582",12,40
"221350",40,25
"229545",40,14
"234828",37,40
"2419842",40,29
"252970",22,40
"2591108",40,18
"2596911",40,19
"2603296",40,6
"2675298",40,25
"2722752",8,40
"2725288",21,40
"2785785",15,40
"2806609",40,35
"2817656",40,11
"2839744",40,17
"2849865",40,14
"2856338",40,6
"2884876",10,40
"2895559",29,40
"2898793",40,7
"2917832",25,40
"2923352",40,28
"2940299",31,40
"2949995",20,40
"3021710",9,40
"302485",29,40
"3047776",40,10
"3050288",13,40
"36873",24,40
"393005",40,40
"43687",40,5
"446372",40,21
"599",40,8
"650",37,40
"748197",22,40
"80860",19,40
"894",27,40
"99",5,40
"10276",12,39
"1089444",39,31
"116598",39,12
"1198456",39,36
"1226757",19,39
"1331682",28,39
"1379270",19,39
"1392877",5,39
"1458426",6,39
"1481923",39,11
"1508657",39,4
"1592576",39,3
"1630141",39,9
"178339",17,39
"178899",39,17
"1888",15,39
"1893",8,39
"1911006",0,39
"1912216",14,39
"1926868",33,39
"1967",24,39
"1988",8,39
"2058625",26,39
"2153485",14,39
"216778",12,39
"2509666",39,7
"2559597",37,39
"2560474",39,3
"2575923",39,26
"2600159",5,39
"2609415",39,33
"2665642",39,24
"2675218",7,39
"2682456",39,15
"2690380",39,23
"2704468",15,39
"2705012",6,39
"271065",12,39
"2717324",20,39
"2725560",39,31
"2736649",39,30
"2748873",11,39
"2774188",39,14
"2782166",15,39
"2845949",39,30
"2880221",39,14
"2883205",39,24
"2925837",26,39
"2929514",39,21
"2948652",39,0
"2948904",16,39
"2962676",2,39
"3015151",39,15
"3016103",23,39
"302484",8,39
"3034029",23,39
"3049047",23,39
"3052828",39,1
"321846",12,39
"34008",0,39
"364197",12,39
"37332",13,39
"42253",13,39
"51668",25,39
"59512",39,11
"658642",10,39
"69362",25,39
"710705",39,17
"74829",39,26
"936476",22,39
"981384",28,39
"10244",38,12
"1045776",36,38
"1136941",12,38
"1357916",11,38
"1408281",38,15
"1476",38,15
"1545835",38,17
"1557034",38,13
"1604004",38,34
"163202",17,38
"1699623",38,32
"1705617",38,10
"1758189",38,13
"1839799",38,19
"1842532",38,26
"187218",13,38
"1917232",38,31
"1938605",37,38
"1938607",38,26
"1980930",38,3
"2017484",8,38
"2071710",38,11
"2086584",38,21
"2336",38,20
"2591633",38,7
"2708084",15,38
"2710758",38,23
"2721545",38,31
"2771361",38,33
"2776706",16,38
"2799326",11,38
"281093",14,38
"2812759",10,38
"2820817",22,38
"2822410",15,38
"2872646",38,7
"2927875",19,38
"2935861",38,6
"29495",38,20
"2954056",23,38
"2955740",38,5
"2968969",2,38
"2976431",38,2
"2980557",25,38
"2992244",27,38
"3003265",14,38
"3048240",38,2
"3049070",38,31
"3075198",13,38
"311182",24,38
"32",22,38
"388452",38,6
"43674",27,38
"49118",38,21
"502558",9,38
"551",29,38
"604330",22,38
"712623",38,21
"781",38,9
"881",38,20
"92245",14,38
"1176533",8,37
"120",8,37
"120959",37,19
"1258",37,25
"1276",14,37
"1353246",37,23
"1390395",16,37
"143495",22,37
"1534743",37,26
"162289",37,20
"1648404",10,37
"1746199",13,37
"1749",10,37
"1758179",37,1
"1759399",37,13
"1891644",18,37
"1906738",7,37
"1921117",37,3
"1962974",29,37
"200991",37,13
"2479392",37,34
"2479767",37,11
"254247",24,37
"2759692",37,35
"2762331",37,32
"2763667",37,35
"2773266",17,37
"2785123",8,37
"2792979",32,37
"2803850",37,26
"2819238",11,37
"2953890",37,35
"2979868",16,37
"2983220",35,37
"2984338",20,37
"2995142",37,23
"3052711",37,2
"319501",37,6
"357441",37,18
"358099",24,37
"38289",18,37
"46255",37,28
"486698",37,8
"517398",37,19
"522259",6,37
"528191",16,37
"56877",26,37
"59779",14,37
"59843",37,31
"70863",32,37
"74318",5,37
"83555",37,18
"86173",25,37
"920",3,37
"10264",36,10
"1033854",2,36
"1082930",13,36
"1190451",36,5
"1364945",8,36
"1386941",11,36
"1483604",36,19
"1510225",36,16
"155177",0,36
"156453",6,36
"157782",15,36
"1607",36,25
"1705",11,36
"1742993",17,36
"1751150",13,36
"1796652",36,31
"1800",18,36
"182210",10,36
"1866",12,36
"1868325",36,27
"1881017",36,15
"1889240",18,36
"1913578",21,36
"1914233",36,35
"1914850",7,36
"1972068",8,36
"2038343",3,36
"2067415",36,3
"221341",19,36
"2220073",33,36
"2293838",36,29
"2479546",34,36
"2489213",11,36
"2490635",36,15
"2528037",36,6
"2560269",36,17
"2560462",36,15
"2596913",10,36
"2597660",11,36
"273376",36,31
"2738883",5,36
"2740163",9,36
"2749906",9,36
"2749999",21,36
"278860",36,33
"2795293",36,26
"2801033",30,36
"2833628",34,36
"2838238",36,36
"2841283",21,36
"2881056",15,36
"2883106",10,36
"2886940",6,36
"2895474",36,28
"293",7,36
"2939495",9,36
"29419",10,36
"2953753",17,36
"2954091",10,36
"2999067",25,36
"3025672",36,32
"3048196",36,14
"3073092",35,36
"310575",20,36
"359370",36,36
"386911",36,31
"412963",21,36
"43675",16,36
"47878",27,36
"53408",35,36
"53458",14,36
"535744",6,36
"55518",12,36
"55802",36,34
"56811",36,5
"582419",36,24
"69823",36,29
"712411",5,36
"76258",36,10
"76860",36,21
"84025",16,36
"85025",10,36
"108150",35,16
"110319",14,35
"1173025",35,34
"119206",35,18
"1193712",35,3
"1442032",10,35
"1553431",19,35
"156977",3,35
"161879",16,35
"166501",35,20
"168934",4,35
"1704499",35,28
"1812480",21,35
"2203219",35,7
"246969",35,32
"2478662",35,18
"2493633",25,35
"2583243",11,35
"2587853",21,35
"2601646",29,35
"2653853",13,35
"2697363",17,35
"2698683",35,19
"270",15,35
"2714934",35,33
"2714944",13,35
"2724527",9,35
"2749809",35,11
"280236",20,35
"28232",35,26
"2842356",35,16
"2864212",35,9
"2876939",25,35
"2904253",35,4
"2983222",35,22
"2997333",25,35
"3019890",32,35
"3035514",35,5
"3047704",35,3
"3047737",35,7
"3051617",35,4
"3052435",10,35
"3068640",27,35
"32049",26,35
"321961",35,16
"33994",12,35
"411486",11,35
"45065",35,7
"53953",35,7
"577492",7,35
"59753",7,35
"67296",30,35
"76892",10,35
"1047172",7,34
"10814",34,3
"118613",6,34
"119484",34,16
"1379909",34,22
"1534110",11,34
"1704307",34,15
"1715860",34,14
"179637",3,34
"1808979",34,19
"1844971",4,34
"190895",34,20
"1915",6,34
"1945586",34,0
"1945662",4,34
"1971364",30,34
"1986204",34,29
"2016196",7,34
"2049",24,34
"207949",34,26
"2163016",34,9
"2183911",26,34
"231992",26,34
"252130",34,34
"2560086",34,10
"2576926",9,34
"2596916",1,34
"2708082",6,34
"2714939",26,34
"2714951",26,34
"2762611",16,34
"2767842",32,34
"2767885",34,17
"2781022",5,34
"2795974",14,34
"2800128",31,34
"2814294",16,34
"282217",10,34
"2855503",2,34
"2867016",20,34
"2929494",34,25
"2955510",34,8
"2996782",19,34
"3029084",20,34
"3049069",26,34
"3071081",34,27
"323273",34,11
"386891",23,34
"44935",21,34
"651457",26,34
"665913",22,34
"678932",12,34
"712633",34,16
"72763",8,34
"754477",34,29
"94694",34,25
"1005665",33,3
"102115",33,18
"1069221",5,33
"1125966",33,14
"1148509",33,23
"1236046",23,33
"12639",33,6
"1302308",32,33
"136857",33,33
"1385591",2,33
"1442554",10,33
"1505907",21,33
"1537400",17,33
"1681",8,33
"168695",24,33
"1835721",33,6
"1851",33,9
"1882757",9,33
"1906742",10,33
"1940690",28,33
"2041",33,22
"2080419",33,29
"2081052",33,15
"215689",6,33
"216465",33,11
"2211108",30,33
"2239",7,33
"228229",30,33
"2709394",16,33
"2731755",33,28
"2732587",33,4
"2749991",33,13
"2760308",33,15
"2823317",33,6
"2840018",33,3
"2853158",33,9
"2874628",31,33
"2908744",33,7
"291990",33,7
"2929512",33,11
"29483",14,33
"2956103",33,4
"2979331",33,16
"3016087",33,32
"3031408",33,9
"304207",9,33
"3047695",33,6
"3048221",33,19
"3051418",33,3
"3073561",7,33
"310769",33,9
"33887",22,33
"344163",11,33
"376805",33,24
"395922",8,33
"415229",33,15
"47493",30,33
"502682",13,33
"53952",33,6
"575200",7,33
"655307",32,33
"658062",24,33
"751585",33,14
"758826",16,33
"79967",33,20
"80849",33,7
"980427",17,33
"1116375",32,8
"116188",7,32
"1230341",11,32
"1320552",0,32
"1486991",32,18
"1547487",25,32
"1778263",32,5
"1839785",32,15
"1847",1,32
"1882918",32,15
"1911587",32,25
"1945588",32,0
"198832",23,32
"2016517",32,0
"2017966",32,17
"2022475",32,0
"2055263",32,14
"2060617",32,7
"2099694",14,32
"2170047",32,16
"219314",23,32
"2217832",32,24
"223392",7,32
"2234",32,15
"2259",8,32
"228745",32,11
"249586",13,32
"2497861",11,32
"2499145",20,32
"2509457",4,32
"2560541",32,8
"2575374",19,32
"258224",9,32
"261284",10,32
"262324",32,29
"2662261",13,32
"2681861",18,32
"269258",32,17
"2708110",32,12
"2737050",5,32
"2739063",32,19
"2773264",32,3
"2805750",32,9
"2807626",23,32
"2843431",32,2
"2872309",31,32
"2895480",30,32
"2920934",32,31
"2952228",32,30
"2955765",3,32
"2956478",32,29
"296591",32,31
"298654",9,32
"2996112",32,6
"3016419",6,32
"3032584",26,32
"3047825",32,8
"307461",32,9
"31963",32,7
"321327",20,32
"33938",32,13
"33995",17,32
"34038",22,32
"345199",32,1
"367806",32,13
"381751",25,32
"388950",21,32
"47872",15,32
"483545",14,32
"489632",32,12
"491948",32,25
"498846",13,32
"57493",11,32
"59195",32,18
"621",32,3
"626932",32,22
"797277",32,24
"857417",6,32
"862751",22,32
"87791",32,26
"931101",32,6
"964",12,32
"1038928",21,31
"1196056",31,24
"122358",31,25
"1343",31,27
"1433513",31,29
"1563703",23,31
"1566351",14,31
"1603",3,31
"1670455",14,31
"1711",24,31
"1712654",20,31
"1720526",31,2
"1821621",29,31
"184914",16,31
"1940555",31,4
"2057791",31,18
"2083214",31,16
"2100821",20,31
"2202141",31,20
"2279",31,10
"2478464",20,31
"2494550",3,31
"2528019",13,31
"2572074",31,3
"2576356",31,1
"2599293",4,31
"2675053",31,28
"2675099",3,31
"2699396",31,27
"2730848",20,31
"2741499",12,31
"2743772",9,31
"2785295",31,9
"2851598",10,31
"2871694",16,31
"2878391",31,24
"2883236",31,8
"2901380",31,21
"2923366",31,17
"294699",27,31
"2956797",10,31
"2970464",4,31
"2973072",31,27
"2994664",3,31
"3003272",15,31
"3016097",20,31
"3048365",31,6
"351745",31,10
"38290",8,31
"406020",24,31
"44088",31,13
"447471",15,31
"664426",10,31
"669041",31,0
"67827",31,8
"706438",15,31
"745377",31,15
"83559",12,31
"86102",29,31
"92947",9,31
"102684",13,30
"1073531",17,30
"1178540",30,28
"123899",16,30
"1349409",16,30
"142058",8,30
"1471400",13,30
"151081",17,30
"1542737",6,30
"161154",20,30
"1646",30,3
"1682113",4,30
"182262",30,28
"1855910",15,30
"187493",30,11
"1881",10,30
"1884263",12,30
"1963268",9,30
"2025808",11,30
"2027911",16,30
"2282148",27,30
"2558931",30,10
"2560405",30,2
"2600320",5,30
"2698828",13,30
"2722756",30,15
"2749961",30,20
"2777577",30,10
"2792008",8,30
"28026",17,30
"2830993",30,2
"2830998",9,30
"284035",26,30
"2872154",10,30
"2897335",30,16
"2907343",30,28
"2908651",7,30
"29487",30,4
"2954079",16,30
"29543",11,30
"2955857",30,1
"2966552",21,30
"2985506",8,30
"3047751",30,3
"3051627",28,30
"321332",11,30
"38305",14,30
"39687",3,30
"39768",25,30
"399726",30,15
"432329",8,30
"453783",16,30
"455344",8,30
"488732",12,30
"54262",30,17
"60552",30,30
"626",30,18
"77551",30,6
"860353",6,30
"104623",29,14
"1133546",7,29
"1249480",29,11
"1277350",2,29
"135614",11,29
"1446467",12,29
"1516059",29,21
"1593482",29,27
"1639348",14,29
"1679002",29,22
"1843210",29,27
"1871021",26,29
"1890",7,29
"1960083",7,29
"1961362",29,21
"2020",12,29
"2094151",26,29
"2136401",17,29
"2169689",29,0
"2204145",29,18
"225194",29,20
"2267264",29,21
"2558174",29,21
"2585717",1,29
"2587529",29,10
"2592334",29,2
"2599641",29,18
"2609667",29,23
"2662028",8,29
"2705439",4,29
"2728024",29,25
"2732713",29,1
"2734142",7,29
"2734576",29,14
"2742624",29,15
"2755405",29,14
"2774873",29,24
"2777984",29,3
"2789739",1,29
"2823693",7,29
"2842349",8,29
"285450",18,29
"2864101",21,29
"2884834",29,4
"2891210",21,29
"2895818",18,29
"2899123",29,26
"2925844",6,29
"2955512",29,3
"2955723",29,8
"297",22,29
"2994661",24,29
"3018339",10,29
"3034025",29,7
"3041175",3,29
"3050258",29,12
"3052666",4,29
"3075222",0,29
"33071",7,29
"35789",29,4
"381899",29,9
"391613",29,2
"39647",24,29
"414",15,29
"454154",22,29
"46351",14,29
"472693",29,19
"51288",29,14
"52773",6,29
"53501",15,29
"552509",29,16
"58169",29,15
"585423",29,27
"69968",29,26
"700274",14,29
"84096",8,29
"904291",10,29
"936152",29,24
"1177712",17,28
"1211322",4,28
"1255301",28,9
"1389020",16,28
"1420917",13,28
"1549855",14,28
"1598147",28,9
"1707",4,28
"1710539",17,28
"1761794",1,28
"1833",28,27
"184917",26,28
"2203895",28,21
"221352",9,28
"2283483",16,28
"2485124",28,7
"2528017",3,28
"2541726",6,28
"2589990",9,28
"2590775",1,28
"2654191",8,28
"2663121",7,28
"2684113",16,28
"2714923",17,28
"2742677",10,28
"2749808",7,28
"2763257",3,28
"2781978",28,18
"2800818",13,28
"28028",8,28
"2806263",11,28
"282402",28,15
"2883238",28,14
"2895565",21,28
"2956602",28,4
"3012344",13,28
"3015177",18,28
"3040509",22,28
"3053466",28,11
"337",8,28
"338190",9,28
"340146",23,28
"375286",16,28
"379895",28,18
"38302",28,14
"420952",28,20
"441500",9,28
"45610",28,27
"481743",28,13
"543877",8,28
"551989",24,28
"556325",8,28
"56459",12,28
"573737",23,28
"60847",11,28
"622",28,26
"631220",28,24
"712150",28,26
"78259",23,28
"90245",28,13
"927",12,28
"950",28,22
"103855",27,27
"1042877",9,27
"104955",27,26
"109232",27,8
"110937",27,19
"1173273",27,0
"1209493",20,27
"1378",9,27
"1457",16,27
"1506334",27,6
"1578165",4,27
"1794",9,27
"1798193",27,15
"1874540",27,4
"191292",25,27
"1932927",27,11
"1949083",12,27
"1978566",5,27
"2259672",24,27
"2282738",13,27
"2528007",27,23
"2558361",17,27
"2576919",22,27
"2592652",27,21
"2592655",11,27
"2599399",20,27
"2601898",4,27
"2666138",6,27
"2734383",27,0
"2747",16,27
"2766784",9,27
"2850559",12,27
"2867010",27,20
"2903900",27,7
"2909672",27,15
"2912188",23,27
"2942992",27,3
"2952527",6,27
"2953987",18,27
"2955582",27,1
"2971236",7,27
"3014784",22,27
"3026420",19,27
"3031124",13,27
"3044187",15,27
"3052187",8,27
"3073064",27,13
"332411",15,27
"334715",5,27
"358766",7,27
"36874",27,8
"390846",24,27
"393662",4,27
"458639",5,27
"484",27,27
"502394",18,27
"56112",27,7
"60920",27,19
"67287",22,27
"69223",22,27
"85968",9,27
"86331",19,27
"1286181",11,26
"1349410",17,26
"160386",26,17
"160826",7,26
"163011",26,5
"180",24,26
"1811807",19,26
"1829",26,26
"1830",26,4
"1896164",0,26
"1905847",8,26
"1914861",12,26
"195250",22,26
"1961713",5,26
"1980427",26,1
"2003188",26,21
"2044610",26,14
"2055889",8,26
"2104",26,12
"2575361",26,20
"2584094",10,26
"2654547",26,18
"2662448",24,26
"2672569",12,26
"2678257",23,26
"2721244",26,6
"2746321",26,3
"2782629",18,26
"2783673",7,26
"2819098",26,11
"2898276",7,26
"2898441",15,26
"2898580",26,1
"2929515",26,14
"29303",12,26
"2931977",7,26
"2932251",25,26
"2933797",12,26
"2937787",16,26
"2951988",26,20
"2954080",4,26
"2955965",26,5
"2961896",25,26
"2978283",26,23
"2995155",10,26
"3052846",7,26
"3058190",8,26
"336261",23,26
"402297",12,26
"421628",11,26
"501023",11,26
"54006",26,20
"58346",9,26
"638849",26,19
"67282",5,26
"76936",22,26
"82380",7,26
"93217",11,26
"1050635",25,13
"105560",11,25
"105751",20,25
"1076550",25,17
"1096243",8,25
"1118153",5,25
"1131703",8,25
"1161942",4,25
"137779",3,25
"138336",11,25
"1404768",17,25
"141391",25,24
"1460244",19,25
"1543721",13,25
"1550728",1,25
"1732569",25,22
"1735038",2,25
"1771309",25,9
"1780",15,25
"1849031",25,5
"185588",25,16
"1860122",16,25
"187880",8,25
"189425",25,19
"1908",25,25
"1922734",25,9
"1923327",25,1
"1933176",25,0
"2018305",9,25
"2033032",25,24
"2053832",25,8
"2079596",25,3
"227318",25,15
"2547962",5,25
"2583822",3,25
"2587850",6,25
"266809",25,22
"2689107",25,23
"2719023",23,25
"2733571",25,8
"2733866",9,25
"2734",6,25
"2736640",25,16
"2745498",25,14
"2761579",9,25
"2764185",7,25
"2814653",5,25
"2836181",25,13
"2843351",14,25
"2853432",25,19
"2872567",25,1
"2886938",3,25
"2895491",4,25
"2895494",25,21
"2908837",6,25
"2912675",25,11
"29433",25,3
"2944234",14,25
"2949637",7,25
"2955735",25,9
"2956005",25,4
"2962047",7,25
"2981138",22,25
"2991500",7,25
"2994495",25,13
"3016093",25,17
"3050383",25,22
"3052207",25,6
"3057176",25,10
"3068314",8,25
"337191",6,25
"33932",25,10
"358220",11,25
"365617",25,19
"428712",18,25
"53457",7,25
"53522",4,25
"547188",25,24
"666685",12,25
"67376",0,25
"67385",25,17
"69221",25,22
"904",2,25
"1003177",24,18
"10442",24,2
"1050638",15,24
"110539",8,24
"1166130",24,11
"1306787",24,3
"1382",21,24
"1434103",24,5
"1550241",23,24
"1570339",24,5
"163003",1,24
"1653839",24,4
"1690220",9,24
"1703340",4,24
"181083",23,24
"1814290",24,11
"1826170",24,6
"1877",24,16
"1884916",16,24
"1914471",6,24
"1980674",6,24
"2044521",24,14
"2081049",12,24
"218673",6,24
"2219057",9,24
"2259792",24,16
"2282310",5,24
"2483799",17,24
"2486272",13,24
"2495430",6,24
"2508168",5,24
"2508226",24,3
"2584467",24,15
"2686360",7,24
"2725684",24,7
"2733978",24,0
"2738142",24,12
"274",5,24
"2806442",2,24
"2842350",13,24
"2845462",24,4
"2846398",24,14
"285091",2,24
"2878678",0,24
"2884832",24,23
"2908006",24,12
"2956053",24,1
"2956382",24,0
"2971264",24,5
"3026433",17,24
"3031727",24,7
"3047352",24,1
"3048345",24,4
"3051614",24,14
"3051997",24,6
"3078438",24,14
"322009",24,15
"35621",12,24
"35817",5,24
"47884",15,24
"48076",4,24
"504090",24,21
"58050",24,11
"648998",24,2
"66821",24,24
"83614",5,24
"870",13,24
"1002689",18,23
"1003114",19,23
"10486",23,2
"110505",13,23
"1124849",7,23
"119219",13,23
"121277",9,23
"1248727",3,23
"1274",10,23
"1336806",23,18
"146937",2,23
"1504981",23,5
"161493",6,23
"1758374",20,23
"1788",7,23
"1791",9,23
"184912",23,18
"1855616",23,13
"1903266",8,23
"1930593",23,21
"1965282",23,21
"2055892",7,23
"2108523",23,13
"227388",23,4
"248315",12,23
"2501295",5,23
"2518989",23,14
"2529843",23,6
"2563669",22,23
"2565554",1,23
"2598455",7,23
"2604941",23,20
"265522",10,23
"265570",23,16
"2663857",6,23
"2719313",19,23
"2734127",6,23
"274591",11,23
"2778057",23,7
"2779361",11,23
"2782213",23,1
"2782231",23,3
"2834819",9,23
"286802",4,23
"2876194",9,23
"2895470",23,0
"2916633",23,3
"2935858",18,23
"2954012",22,23
"2956131",5,23
"2956698",23,8
"2963128",23,22
"2976977",23,2
"2993714",23,7
"3034024",21,23
"3051998",23,10
"3061627",8,23
"308754",11,23
"326522",17,23
"34090",5,23
"35788",23,10
"376490",23,20
"456327",2,23
"488729",9,23
"55208",23,19
"62140",7,23
"66880",8,23
"683042",23,4
"68892",23,13
"712157",8,23
"75294",9,23
"76862",15,23
"795750",19,23
"80816",11,23
"82989",23,5
"84590",23,21
"1050646",2,22
"117207",20,22
"1295382",7,22
"1295392",22,9
"1301280",22,9
"1420889",22,7
"1434191",7,22
"1453760",22,17
"1458425",14,22
"1475485",13,22
"1501226",22,16
"1536648",6,22
"1537274",16,22
"1577791",22,14
"1583100",22,9
"1702221",3,22
"1727",4,22
"1748242",22,7
"1796646",22,10
"1823",17,22
"1858",2,22
"186189",22,22
"186328",22,1
"1884914",7,22
"1903412",22,4
"1921189",22,6
"1993631",22,3
"2080757",22,22
"2081041",8,22
"2202000",8,22
"2202828",22,22
"2292255",6,22
"2420306",10,22
"2420309",22,6
"2562282",15,22
"2675231",22,22
"2676871",17,22
"2689110",22,7
"2704467",10,22
"2708338",10,22
"2714936",15,22
"2728021",22,14
"2758710",8,22
"2778054",4,22
"2778063",1,22
"2782609",22,6
"2789208",22,17
"2789857",22,20
"2796146",22,11
"2843630",22,3
"285578",22,7
"2875729",7,22
"2876190",3,22
"2886932",9,22
"2895471",13,22
"2929495",12,22
"2940300",16,22
"2940301",22,7
"2954099",4,22
"296745",10,22
"3002962",5,22
"3016090",10,22
"3047712",22,11
"3055080",2,22
"326523",22,2
"37330",13,22
"394964",21,22
"40052",22,0
"42197",9,22
"444103",7,22
"44675",22,17
"446860",7,22
"47312",7,22
"488731",3,22
"558016",22,14
"582702",8,22
"669357",16,22
"670516",10,22
"74426",22,15
"1003110",17,21
"103731",21,21
"104388",21,6
"114185",21,1
"1291540",17,21
"1298",14,21
"1404244",21,20
"1434072",8,21
"145262",21,17
"1514074",10,21
"1619308",21,2
"1643512",21,1
"1676267",21,7
"1697349",21,7
"1716143",9,21
"1855880",10,21
"1926494",13,21
"195498",14,21
"1984787",8,21
"2014",19,21
"2060307",21,0
"2100764",13,21
"232348",8,21
"2487276",21,11
"2488819",3,21
"2496836",5,21
"252514",21,14
"2528023",21,12
"2560294",21,12
"2587858",0,21
"2591406",2,21
"2596898",21,3
"2599297",3,21
"2685869",6,21
"2716812",21,13
"2725477",14,21
"2733202",1,21
"2734078",5,21
"2766701",21,13
"2796143",11,21
"28070",1,21
"2822847",21,15
"2825975",12,21
"2843645",21,5
"2851648",15,21
"2886377",21,14
"290399",6,21
"2929492",5,21
"2954014",21,11
"2954088",5,21
"2955947",7,21
"2961570",17,21
"296842",21,21
"2991728",14,21
"301",5,21
"3020906",7,21
"3025670",10,21
"3028808",1,21
"3039385",12,21
"3047782",21,0
"3074147",3,21
"3074378",0,21
"33042",21,10
"370038",15,21
"374982",21,7
"404386",14,21
"40989",17,21
"54261",21,20
"60893",21,16
"619518",21,2
"637971",20,21
"648794",21,20
"671077",19,21
"679318",16,21
"887464",13,21
"915",7,21
"930805",6,21
"104102",20,18
"106634",5,20
"1231000",1,20
"1307763",20,15
"1333523",20,3
"1436290",20,17
"1520670",20,3
"1550733",1,20
"1555112",17,20
"156978",4,20
"1577685",20,8
"1633874",20,0
"164608",20,16
"1671680",0,20
"1736691",20,10
"1853690",13,20
"1903410",13,20
"1914165",20,14
"1924733",2,20
"1945589",20,0
"2016361",5,20
"2047767",20,0
"2072406",20,2
"2072413",5,20
"2078691",8,20
"2079575",5,20
"2176",20,11
"218936",11,20
"235",15,20
"2560340",2,20
"2597769",4,20
"2606451",4,20
"2609255",4,20
"262209",17,20
"2714353",20,19
"2740515",8,20
"2759705",20,5
"2774460",10,20
"2815343",12,20
"28253",10,20
"2844289",20,0
"2862331",16,20
"2870840",4,20
"2877939",14,20
"2886046",20,13
"2897773",4,20
"2898581",20,20
"2929489",6,20
"2934937",17,20
"2955498",20,11
"2955837",5,20
"2971235",3,20
"2989769",20,2
"2992143",13,20
"3016094",6,20
"3021811",6,20
"3047431",20,4
"3048222",20,1
"3048333",20,4
"311231",10,20
"33024",20,11
"342948",20,20
"35798",7,20
"361111",19,20
"362257",20,13
"376175",3,20
"395631",13,20
"39694",4,20
"420402",20,15
"51366",20,11
"518",6,20
"558541",10,20
"57480",20,18
"68280",12,20
"712116",5,20
"74385",20,2
"759620",20,18
"76115",20,18
"77608",16,20
"83984",8,20
"88058",20,11
"951",20,10
"999883",20,12
"10243",8,19
"1051",1,19
"1118202",19,13
"1150991",5,19
"1160973",7,19
"1176536",10,19
"120831",19,3
"1285901",5,19
"129953",0,19
"1513458",18,19
"1516159",18,19
"155537",19,11
"1561023",13,19
"1586232",13,19
"1609546",19,3
"1637862",8,19
"181084",19,10
"1827469",5,19
"197614",19,17
"1977088",14,19
"2041036",2,19
"2053930",19,2
"2058133",19,1
"2072414",2,19
"2203205",13,19
"223358",1,19
"2283195",14,19
"2422",6,19
"2499157",2,19
"2501935",19,1
"2572088",9,19
"257438",6,19
"2579977",9,19
"2601677",10,19
"2607663",19,14
"2738983",19,18
"2762577",10,19
"2772401",3,19
"2782229",7,19
"2785518",19,2
"2789424",2,19
"28123",18,19
"2814275",19,8
"2829499",8,19
"2830999",19,15
"2843764",19,5
"2846592",19,0
"2864209",19,2
"2866807",10,19
"2867231",5,19
"2874282",16,19
"2875777",3,19
"2886510",19,14
"2934340",17,19
"2940488",19,6
"2949307",19,11
"2955535",4,19
"2956469",1,19
"2963939",19,15
"2974552",18,19
"2975049",19,12
"2982531",6,19
"2989768",19,1
"3003271",19,18
"3018929",7,19
"3019098",13,19
"3028316",13,19
"3031998",9,19
"3047348",14,19
"3047759",8,19
"3050321",8,19
"3052439",1,19
"3060048",3,19
"3064286",6,19
"3068305",6,19
"307486",5,19
"330734",14,19
"34037",3,19
"356851",5,19
"361575",3,19
"39420",1,19
"454662",13,19
"480418",8,19
"512792",19,3
"517719",7,19
"52227",19,16
"529884",10,19
"538949",12,19
"83556",5,19
"901",19,19
"10266",18,4
"1050655",2,18
"1076255",18,12
"1136497",6,18
"1159327",7,18
"1177211",18,10
"118126",4,18
"1183377",12,18
"1211807",2,18
"1249553",2,18
"1324796",10,18
"1443109",18,4
"1458307",18,10
"152142",11,18
"1548548",9,18
"157920",15,18
"160795",3,18
"1646340",18,17
"164759",5,18
"1679449",3,18
"1703960",18,4
"1755588",3,18
"1758466",7,18
"186192",11,18
"1874277",18,5
"1906275",8,18
"1918522",18,5
"1921087",10,18
"1927",15,18
"1974213",11,18
"1980433",18,1
"1987584",15,18
"2057800",2,18
"2108470",2,18
"2203210",7,18
"2231053",9,18
"2271",10,18
"2277",18,6
"2511995",11,18
"2579791",18,18
"2582913",18,14
"2651583",18,11
"2715735",14,18
"2716226",12,18
"2731552",8,18
"273384",7,18
"2746",16,18
"2751171",6,18
"2751189",18,16
"2762729",18,18
"2763008",13,18
"2778060",5,18
"277988",18,12
"2792978",16,18
"2810516",18,17
"2823518",18,0
"28264",10,18
"2845027",18,5
"2849642",18,7
"2861775",4,18
"2870750",7,18
"2916397",18,7
"2945588",18,3
"2954057",2,18
"2955314",4,18
"2956060",18,16
"2962671",18,17
"2962681",2,18
"2986279",4,18
"2993456",18,1
"2993564",8,18
"3015983",18,14
"3047754",14,18
"3047864",18,1
"3048347",0,18
"3050299",0,18
"3050310",18,1
"32062",3,18
"342409",4,18
"365348",18,3
"413503",18,1
"46257",17,18
"47857",7,18
"58180",7,18
"582680",10,18
"623",18,8
"632",18,15
"641148",18,16
"675090",18,12
"934027",11,18
"948519",2,18
"990268",18,13
"999141",7,18
"100225",9,17
"112040",0,17
"1148157",17,4
"1179673",1,17
"120682",17,1
"121872",10,17
"1234606",6,17
"1330330",17,11
"1499686",7,17
"152161",17,9
"1557035",17,4
"1563222",17,15
"1565605",6,17
"1573704",17,0
"1621534",17,2
"1623304",2,17
"1643324",17,7
"1683",4,17
"1696072",9,17
"171523",4,17
"1743159",8,17
"1778601",0,17
"1855380",11,17
"1862358",17,10
"1898060",17,4
"1904944",9,17
"1934253",3,17
"1960",11,17
"1985284",17,0
"1985325",17,12
"2054914",17,0
"2054915",17,0
"2069255",17,12
"2072412",9,17
"2175666",13,17
"2201999",16,17
"222136",17,9
"2419609",5,17
"245188",14,17
"2489010",9,17
"2494525",17,15
"2496028",5,17
"2518370",6,17
"2560425",17,0
"2585118",17,14
"2587844",5,17
"263437",17,1
"2651972",17,3
"2652443",17,11
"2686014",17,7
"2742136",8,17
"2774190",3,17
"2775496",7,17
"2797313",5,17
"2812000",10,17
"2813727",8,17
"2843794",3,17
"2843873",3,17
"2851959",5,17
"2861750",17,14
"2879618",6,17
"28873",17,10
"2909669",17,1
"2916410",0,17
"2933777",9,17
"2936507",7,17
"2939415",17,8
"2955536",17,8
"2955550",17,1
"2961596",12,17
"2968086",8,17
"2968475",10,17
"2995141",17,14
"3022127",17,12
"3025663",5,17
"3032579",4,17
"3047554",4,17
"3047765",17,5
"3047831",17,7
"3048371",17,2
"3056937",8,17
"3059028",4,17
"309887",17,14
"327511",6,17
"33907",4,17
"35760",7,17
"376",4,17
"37929",8,17
"404432",4,17
"407020",8,17
"416213",17,17
"447897",17,1
"511062",14,17
"53461",17,15
"57487",5,17
"65123",14,17
"653940",17,4
"67305",5,17
"743836",17,12
"768528",7,17
"77635",17,15
"84156",17,3
"88724",17,9
"1042",10,16
"1052",4,16
"1100",16,9
"1104324",12,16
"111015",6,16
"1144323",4,16
"117157",13,16
"121292",8,16
"122420",6,16
"13",10,16
"135619",10,16
"1403390",16,0
"150247",14,16
"1636603",16,10
"1652028",16,14
"166314",2,16
"1720344",16,13
"1765967",10,16
"1797",15,16
"1810",7,16
"1855352",8,16
"1855619",3,16
"1917421",13,16
"1925550",1,16
"1987356",16,15
"2004647",9,16
"2054641",16,4
"2056780",16,0
"2070347",7,16
"2072405",3,16
"2082386",0,16
"2267618",16,3
"234612",8,16
"2560751",11,16
"2560814",1,16
"258505",4,16
"2587842",3,16
"2592814",16,5
"2599927",16,6
"2663019",15,16
"2684406",8,16
"2725563",6,16
"2726118",4,16
"2732603",16,1
"2734048",16,5
"2734088",15,16
"2734152",4,16
"2742134",2,16
"2746233",16,0
"2761107",9,16
"2763010",4,16
"2770322",3,16
"278132",0,16
"2845136",15,16
"2867022",16,12
"2904523",11,16
"2904790",4,16
"2906474",1,16
"2908648",5,16
"2933563",16,1
"2955583",16,4
"2955734",4,16
"2955741",16,5
"2955996",16,5
"29581",16,16
"2961571",5,16
"2962672",4,16
"2974023",13,16
"2982524",10,16
"2987701",6,16
"2991940",16,3
"3024246",6,16
"3042029",10,16
"3047867",5,16
"3048291",16,9
"3048338",7,16
"3061628",8,16
"3075123",5,16
"310783",13,16
"328692",16,4
"33010",10,16
"330922",8,16
"33883",12,16
"35794",16,0
"370764",15,16
"394733",13,16
"427923",16,6
"436397",6,16
"44689",16,0
"47960",3,16
"595468",2,16
"75697",15,16
"769",16,6
"80868",4,16
"94122",16,6
"10242",13,15
"10265",14,15
"1049583",6,15
"10652",3,15
"1146874",15,7
"1198980",15,2
"1200300",15,12
"12196",5,15
"1273541",15,7
"131110",1,15
"1397108",10,15
"1458859",15,9
"1470347",15,7
"1535208",1,15
"1542730",15,9
"155866",15,15
"1573",15,13
"1586233",5,15
"158787",15,9
"1602166",15,0
"161895",4,15
"1686",11,15
"1758730",15,13
"1806885",5,15
"1852373",6,15
"1855617",15,13
"19",5,15
"190146",5,15
"1903694",15,3
"1923598",4,15
"1923770",15,0
"1930764",10,15
"1932004",3,15
"1963025",15,5
"2011159",11,15
"2116510",5,15
"215743",3,15
"2173831",11,15
"2257",15,12
"2305220",15,8
"233100",5,15
"248903",12,15
"2567884",6,15
"2587843",15,13
"2668067",15,9
"2728827",11,15
"2734262",3,15
"2751176",15,5
"2752515",6,15
"2782176",11,15
"2795779",10,15
"2816475",7,15
"2836161",5,15
"2840467",15,0
"2842586",5,15
"2843793",15,0
"2843876",9,15
"2866573",14,15
"2884264",3,15
"2886044",6,15
"2894192",3,15
"2906742",3,15
"291594",6,15
"2917724",5,15
"2943498",3,15
"2955726",15,5
"2972775",15,0
"2983212",14,15
"299308",15,14
"3019968",15,5
"3026162",11,15
"3047815",15,0
"3048442",15,6
"3050358",15,0
"3051616",15,13
"3052585",0,15
"3075199",5,15
"328615",15,2
"332249",5,15
"336486",15,15
"34019",15,6
"340320",8,15
"388357",4,15
"392593",12,15
"404589",11,15
"419257",8,15
"43669",1,15
"437900",6,15
"463040",15,11
"54914",10,15
"55779",15,9
"596995",15,4
"630515",15,14
"764562",15,12
"869889",15,11
"875808",9,15
"99807",15,15
"1008460",0,14
"1050",14,12
"1055104",14,1
"1056807",14,2
"1064539",3,14
"1073",7,14
"1161927",2,14
"120577",1,14
"1207504",13,14
"1239307",5,14
"1302235",6,14
"1357714",6,14
"1437453",7,14
"1444770",14,13
"1459637",10,14
"150203",6,14
"1528099",7,14
"158483",10,14
"1643513",5,14
"1675029",14,1
"172391",14,3
"1734031",3,14
"1746059",14,1
"1856120",9,14
"1868655",14,3
"187327",14,14
"1903186",3,14
"1903411",10,14
"1933220",10,14
"2039723",14,4
"2185142",14,6
"221345",7,14
"2264",1,14
"2303528",3,14
"242703",4,14
"2558360",3,14
"2596828",4,14
"265883",7,14
"2662033",14,9
"2664939",7,14
"271881",9,14
"2730851",6,14
"2733297",13,14
"2734120",3,14
"2734135",14,9
"2742646",2,14
"2759167",5,14
"2774015",14,1
"2785909",13,14
"2802577",3,14
"2811781",8,14
"2830992",4,14
"2843753",4,14
"2843894",14,1
"2864210",14,7
"2866279",14,12
"2867024",3,14
"2927975",5,14
"292833",7,14
"2932245",1,14
"2953974",9,14
"2956008",11,14
"2961948",14,8
"2982615",8,14
"2987688",9,14
"2991054",2,14
"2991545",4,14
"2994972",10,14
"3003247",0,14
"3031114",1,14
"3034022",10,14
"3035454",9,14
"3046382",9,14
"3047349",14,3
"3047860",13,14
"3048007",5,14
"3050290",14,12
"33072",11,14
"33899",5,14
"345195",14,0
"387341",3,14
"43990",1,14
"44822",7,14
"453304",6,14
"45663",12,14
"46125",9,14
"465541",3,14
"475088",12,14
"496",14,12
"498803",14,2
"535712",4,14
"538",1,14
"554344",4,14
"562959",14,14
"574987",6,14
"665007",14,4
"674079",4,14
"709883",14,5
"712710",8,14
"715471",8,14
"75906",14,8
"77698",14,0
"78526",10,14
"83560",8,14
"933845",9,14
"110164",1,13
"1138383",5,13
"1229164",10,13
"126738",3,13
"1282737",5,13
"1470176",6,13
"152297",13,12
"155077",13,11
"155925",2,13
"1561005",7,13
"1758398",5,13
"1788301",5,13
"1802",13,10
"1813599",11,13
"1874317",12,13
"1892",10,13
"1912",13,13
"1914",8,13
"1920998",4,13
"1921510",10,13
"194195",3,13
"1945582",13,0
"1964449",7,13
"1965074",1,13
"2009329",7,13
"2055947",3,13
"2079791",1,13
"2169990",9,13
"2251",13,8
"225971",2,13
"225992",11,13
"232346",6,13
"2419619",13,9
"2494234",2,13
"2507162",13,2
"252307",13,9
"2529408",4,13
"2566012",13,9
"2572921",3,13
"2599401",10,13
"2609253",3,13
"2682776",11,13
"2695266",13,6
"2711215",9,13
"2732918",2,13
"2732968",2,13
"2733638",3,13
"2734134",6,13
"2734345",2,13
"2738843",13,3
"2762748",7,13
"2779363",12,13
"2785124",13,13
"2793103",4,13
"2795031",13,0
"2796139",11,13
"2806252",2,13
"2811104",9,13
"2834406",2,13
"2836432",3,13
"2841594",4,13
"2842609",13,2
"2843635",2,13
"2844187",3,13
"2844666",2,13
"2844857",4,13
"2866278",13,9
"2866570",13,11
"2874284",13,6
"2883100",8,13
"2894187",4,13
"2898725",13,5
"291183",13,12
"29311",1,13
"2934158",8,13
"2937800",2,13
"2948708",13,11
"2955701",13,10
"2955762",13,2
"2955907",13,9
"2956255",13,2
"2983235",13,8
"2986281",2,13
"3003719",5,13
"3016092",5,13
"3020829",7,13
"3022126",10,13
"3023370",13,9
"3031916",12,13
"3033808",11,13
"3038539",2,13
"3038927",13,8
"3040201",3,13
"3047795",3,13
"3047947",13,7
"3048407",4,13
"3050331",13,0
"3051092",13,13
"3052506",3,13
"3059030",10,13
"3067902",13,12
"31993",7,13
"33070",4,13
"33951",10,13
"360911",13,1
"362692",13,1
"373996",11,13
"37636",13,2
"379097",6,13
"476157",7,13
"542343",13,1
"56460",12,13
"588898",9,13
"59405",13,4
"607712",9,13
"61434",5,13
"67308",9,13
"701042",13,2
"79604",2,13
"83986",13,12
"89154",4,13
"915099",4,13
"93929",4,13
"942",13,0
"95301",11,13
"96942",13,10
"1028420",8,12
"1038856",12,2
"1069220",12,12
"1073996",12,2
"1078471",3,12
"1182568",12,12
"119",7,12
"1190508",3,12
"12064",12,4
"1245526",12,11
"1335613",5,12
"147268",12,8
"1508228",9,12
"158684",12,2
"159191",12,7
"1636423",3,12
"1637837",12,0
"1666906",12,9
"1670830",12,6
"1704044",4,12
"1763883",12,6
"179237",12,0
"1813880",7,12
"181487",3,12
"1844006",12,9
"1848580",12,4
"1850093",12,9
"1857844",7,12
"186814",12,8
"186818",12,2
"1870985",12,7
"187492",12,4
"1914020",2,12
"1921421",10,12
"1923009",12,8
"1923723",6,12
"1932",12,7
"1938841",10,12
"196162",2,12
"2025360",12,2
"203492",12,8
"2039",8,12
"2072505",6,12
"2079793",5,12
"2080449",0,12
"2109593",3,12
"2182384",12,4
"2254",12,11
"2320431",6,12
"234831",12,6
"2494701",8,12
"2518994",12,5
"2527691",12,2
"2527867",12,10
"2559073",4,12
"2582419",5,12
"2587851",0,12
"2597770",5,12
"2606912",12,8
"2665156",12,10
"2683590",12,5
"2684405",1,12
"2692624",12,5
"2709410",10,12
"2722820",2,12
"2732598",12,1
"2734235",1,12
"2734573",12,3
"2738126",4,12
"2738409",7,12
"2742796",12,11
"2748959",4,12
"2749432",12,5
"2756133",8,12
"2829501",0,12
"2843775",12,4
"2844300",12,11
"2845758",5,12
"2849641",4,12
"2851540",9,12
"2864213",8,12
"2866588",3,12
"2876193",3,12
"2879427",9,12
"2884874",2,12
"2907154",7,12
"2915130",5,12
"2919578",6,12
"2920387",12,6
"292486",12,1
"2930131",4,12
"2950541",0,12
"2955593",12,0
"2955989",12,2
"2956054",12,8
"2956178",1,12
"2956798",6,12
"2964670",5,12
"2984842",12,12
"299152",6,12
"2992441",8,12
"3023076",5,12
"3047866",10,12
"3048276",11,12
"3049071",12,4
"3052415",12,0
"3052735",2,12
"3057057",12,1
"3060507",4,12
"3069708",4,12
"3075221",5,12
"337243",12,9
"418701",10,12
"42256",12,12
"434014",8,12
"47875",12,10
"54259",12,2
"545",12,7
"566270",1,12
"61592",8,12
"626940",5,12
"67081",5,12
"67367",2,12
"693627",11,12
"716",12,12
"754049",12,1
"83558",12,4
"897",11,12
"941907",9,12
"94624",11,12
"10261",11,8
"1033",0,11
"10491",11,11
"1050657",11,5
"1102",11,10
"1157947",4,11
"1240404",11,0
"1283076",2,11
"1324959",0,11
"1335746",5,11
"1400866",3,11
"141349",6,11
"1450746",11,11
"150123",11,0
"1532023",8,11
"1552990",4,11
"1609977",4,11
"1633785",11,0
"1659",2,11
"1659192",11,4
"167375",4,11
"1719",7,11
"1725232",7,11
"1769779",6,11
"1806216",11,6
"1835254",6,11
"1851167",7,11
"188770",6,11
"1923606",3,11
"1932360",4,11
"1932669",11,7
"1945560",6,11
"1955558",11,3
"1980931",11,1
"1985175",11,10
"1987727",1,11
"2021",2,11
"2024263",3,11
"2040624",11,5
"2079792",11,8
"2083052",11,11
"2107708",11,8
"2184581",11,6
"2337",11,9
"2487928",4,11
"2509664",11,3
"2528022",11,10
"2560432",2,11
"2560451",2,11
"2571115",2,11
"2587854",2,11
"2665175",11,6
"2675726",7,11
"2698682",1,11
"2707299",11,11
"2732600",11,0
"2733996",11,3
"273678",4,11
"2742641",11,0
"2748871",11,0
"2760083",2,11
"2764705",11,10
"2771436",7,11
"2778078",4,11
"28034",7,11
"2824561",8,11
"2829816",11,9
"2831968",6,11
"2843640",10,11
"2844816",1,11
"2845425",11,3
"2846123",11,3
"2846393",1,11
"2847299",11,6
"2866626",7,11
"2871170",6,11
"2886360",6,11
"2886936",7,11
"2893890",9,11
"2914983",11,6
"29320",8,11
"2954092",11,2
"2955533",11,3
"2956473",3,11
"3028314",8,11
"3033387",6,11
"3033392",3,11
"3035470",6,11
"3047786",8,11
"3047953",11,0
"3048181",11,0
"3050282",11,11
"3051119",6,11
"3051618",9,11
"3052443",2,11
"3052622",3,11
"3071082",11,4
"33040",6,11
"38012",9,11
"39689",4,11
"39692",3,11
"418719",7,11
"42881",6,11
"46355",11,2
"492",6,11
"49899",3,11
"518898",11,0
"53988",11,0
"54297",6,11
"57037",11,10
"61651",11,9
"61858",2,11
"77038",7,11
"81852",11,11
"1032851",2,10
"1075399",10,7
"108486",9,10
"1121358",10,6
"1164882",10,7
"1188315",1,10
"1207075",10,5
"1329899",10,4
"1353134",2,10
"1449781",0,10
"1511779",3,10
"1605838",10,9
"1655",10,7
"169133",4,10
"1701090",6,10
"1703250",3,10
"1703965",10,0
"1736306",4,10
"1760988",10,9
"1775411",8,10
"177758",10,10
"1783348",6,10
"1795032",4,10
"1803865",4,10
"1839798",10,5
"1855652",8,10
"1858653",10,9
"1874630",2,10
"1894",1,10
"1898738",1,10
"1909299",1,10
"1913979",5,10
"1922832",2,10
"1931241",8,10
"1935",3,10
"1938606",2,10
"1968541",5,10
"1979527",0,10
"1982042",10,4
"1982239",5,10
"2003551",5,10
"2010829",5,10
"2026885",5,10
"2051957",9,10
"2055955",4,10
"2056880",1,10
"2067958",10,3
"2094720",10,3
"213115",4,10
"2175645",6,10
"2220095",10,6
"244582",7,10
"2547598",7,10
"2560131",10,4
"2560436",10,3
"2560598",1,10
"2576762",9,10
"2585716",10,2
"2594265",1,10
"2594473",10,2
"2603316",0,10
"2609257",7,10
"2681984",10,8
"2719231",10,3
"2723402",0,10
"2732686",3,10
"2733484",2,10
"2734195",4,10
"2741953",9,10
"2759943",10,1
"2767881",7,10
"2768165",9,10
"2773308",10,7
"2778059",4,10
"2781608",10,0
"2816910",10,3
"2843639",10,1
"2843706",5,10
"2843992",0,10
"2845430",4,10
"28907",10,3
"2901189",10,8
"2913600",10,0
"2949993",1,10
"2953809",3,10
"2953991",10,1
"2955233",10,5
"2955454",10,2
"2955750",10,1
"2956268",10,2
"2956593",1,10
"2962064",4,10
"2963406",10,8
"2971912",9,10
"2989770",10,3
"3009077",10,3
"301375",7,10
"3022676",9,10
"3033930",10,1
"3036302",10,10
"3044568",10,4
"3047833",2,10
"3047946",10,6
"3048303",3,10
"3048436",10,0
"3050137",9,10
"3052206",6,10
"3052398",10,2
"3074204",10,1
"36855",10,2
"38310",10,9
"38322",10,3
"43765",3,10
"44158",1,10
"446692",10,8
"461393",10,3
"471827",5,10
"483",10,10
"556499",5,10
"621376",10,0
"627192",6,10
"658629",3,10
"658644",2,10
"712538",8,10
"766894",10,4
"76761",10,6
"80852",5,10
"85085",10,10
"86170",8,10
"869888",7,10
"93220",5,10
"1006972",9,2
"10454",9,9
"1114970",7,9
"111769",3,9
"117567",9,7
"1198301",9,6
"1325724",2,9
"133926",9,8
"1384490",9,1
"1389223",4,9
"146922",9,7
"1510841",6,9
"156976",9,4
"1577075",4,9
"1605721",9,8
"1609967",7,9
"1636720",9,2
"1649184",1,9
"1678168",6,9
"1703967",9,3
"1743173",9,5
"1758196",9,9
"1780507",9,4
"1781",3,9
"1827300",9,6
"1849032",9,9
"187137",6,9
"1906274",9,4
"1918720",9,0
"1921705",9,2
"1922439",1,9
"1922499",3,9
"1922604",9,1
"1922998",5,9
"1972577",5,9
"1972624",9,0
"1980426",9,2
"1985342",3,9
"2003672",3,9
"2020377",4,9
"2029293",1,9
"2100422",7,9
"217686",0,9
"2201",9,9
"2276",9,5
"2292447",9,5
"2382163",9,7
"242606",9,9
"2480810",9,8
"2488665",6,9
"2490812",1,9
"2560453",3,9
"2560545",9,3
"2560628",7,9
"2571749",6,9
"2576760",9,0
"2590785",3,9
"2596745",9,7
"2698900",9,1
"2703788",6,9
"2705472",7,9
"2717",8,9
"2719989",7,9
"2724469",9,5
"2733130",9,2
"2734046",9,4
"2734049",9,1
"2734147",3,9
"273810",5,9
"2747817",0,9
"2760310",4,9
"2790996",2,9
"2806262",9,9
"28068",9,8
"2814293",4,9
"2823109",4,9
"2843770",3,9
"2843773",1,9
"2844261",9,4
"2845190",3,9
"2846606",2,9
"2853258",9,9
"2857058",9,1
"2871174",5,9
"288",9,5
"2886935",7,9
"2894790",6,9
"2895476",4,9
"2909588",9,7
"2924884",4,9
"2932252",9,8
"2933562",9,2
"2940492",9,6
"2954101",9,9
"2955982",9,2
"2956045",9,2
"2962679",9,1
"3004095",4,9
"3033390",8,9
"3037457",9,6
"3048336",7,9
"3050246",9,4
"3052621",6,9
"3055079",9,8
"3060154",2,9
"3061629",5,9
"31957",2,9
"323449",9,1
"33910",9,9
"33926",9,4
"396359",9,1
"447199",7,9
"470933",9,2
"47589",2,9
"507763",9,4
"512402",0,9
"524",1,9
"54077",2,9
"563798",5,9
"59737",7,9
"60478",9,4
"60480",8,9
"634157",3,9
"67826",9,2
"680115",9,8
"72000",4,9
"722418",9,4
"756828",9,2
"78258",3,9
"80878",0,9
"80880",3,9
"83461",4,9
"857252",6,9
"871584",9,6
"92944",0,9
"10484",8,2
"113",2,8
"1133329",8,0
"114707",8,8
"1150353",3,8
"1173280",8,1
"1178482",4,8
"1230998",1,8
"1442551",8,8
"1450761",2,8
"1457165",8,3
"1458187",4,8
"1458863",1,8
"146827",8,6
"1557",4,8
"1567012",8,0
"158627",8,2
"1603886",5,8
"1612552",3,8
"1670",8,3
"1679444",5,8
"169292",8,3
"1715720",6,8
"1789",3,8
"179",8,2
"1796",8,5
"1799",8,8
"1813182",8,6
"1852381",8,4
"1863",7,8
"1890450",8,5
"1908807",8,0
"1913654",5,8
"1920752",1,8
"1926290",3,8
"1972595",1,8
"1980928",8,1
"198107",7,8
"1985292",8,8
"1990687",7,8
"2057743",5,8
"2080742",8,7
"2083053",5,8
"215173",4,8
"2169583",4,8
"2169883",3,8
"2170239",0,8
"2175644",1,8
"2184053",7,8
"2219217",3,8
"224467",8,1
"2247",8,3
"2483360",3,8
"2490633",8,3
"2499159",4,8
"2509750",8,1
"251701",8,6
"254785",6,8
"2560422",7,8
"2563662",8,3
"256821",3,8
"2576917",8,0
"2583374",6,8
"2597167",4,8
"2603820",3,8
"2605945",8,8
"2676247",6,8
"2698684",8,3
"2699430",4,8
"2711328",3,8
"2714933",5,8
"2724470",8,0
"2731674",2,8
"2732589",5,8
"2732969",8,7
"2734083",3,8
"2734115",2,8
"2739434",8,6
"2742657",8,0
"2742717",5,8
"2763540",8,4
"2767581",8,0
"2780074",5,8
"2782013",8,4
"2785907",5,8
"28124",7,8
"2813545",2,8
"2821559",4,8
"2831892",8,8
"2841264",8,8
"2847989",8,4
"2853257",8,0
"2854257",8,6
"2866382",1,8
"2867026",4,8
"2878535",5,8
"2880988",3,8
"2884455",7,8
"2910984",1,8
"2911367",4,8
"2919921",8,0
"292628",8,0
"2927224",8,1
"2954055",4,8
"2955581",8,0
"2955856",5,8
"2956086",3,8
"2956204",5,8
"2956214",4,8
"2956223",7,8
"2956689",4,8
"2961939",3,8
"2983214",8,2
"3004092",8,1
"3004129",8,7
"3020055",1,8
"3022791",8,7
"3032281",0,8
"304378",8,7
"3047715",5,8
"3050251",8,5
"3050287",8,7
"3068889",6,8
"3074101",1,8
"3074897",7,8
"331278",8,6
"339268",8,6
"348826",8,0
"35799",8,8
"36805",1,8
"385025",8,0
"390988",8,1
"408015",4,8
"416916",8,6
"42817",3,8
"43927",4,8
"46677",8,8
"479978",8,7
"49982",8,7
"51367",5,8
"515350",5,8
"551760",8,2
"566",2,8
"642926",2,8
"68232",3,8
"69576",2,8
"76759",8,6
"795665",5,8
"81412",8,8
"83677",5,8
"85154",1,8
"887061",8,2
"905",8,4
"91915",8,2
"937809",2,8
"100901",7,5
"10255",3,7
"105",7,0
"1053",1,7
"107709",1,7
"1082702",7,1
"1129771",7,2
"1173297",7,7
"1178537",7,7
"1182",3,7
"1193515",5,7
"1195085",5,7
"1234144",3,7
"1375",2,7
"1442136",0,7
"1612611",7,2
"1616781",2,7
"1649486",7,5
"1675689",4,7
"1691904",4,7
"1773",1,7
"1785995",3,7
"1835724",7,2
"1859",6,7
"1892254",7,3
"1920760",1,7
"1922327",7,5
"1922639",3,7
"1922708",7,0
"1923754",7,5
"1940319",0,7
"1982595",1,7
"1985303",7,5
"1987942",7,3
"199592",5,7
"200452",7,5
"2010268",7,0
"2025658",7,2
"2027919",7,0
"2040586",1,7
"2045011",6,7
"2059380",1,7
"2066049",6,7
"2070337",7,4
"207244",3,7
"208216",5,7
"2171623",4,7
"2183",3,7
"2202254",7,3
"223303",7,0
"231455",2,7
"2321115",4,7
"2419771",7,5
"2495645",7,5
"2500560",1,7
"2527982",6,7
"2560010",4,7
"2560289",7,3
"2561924",2,7
"2565781",7,0
"2582905",7,0
"2594454",0,7
"2607911",6,7
"2614442",3,7
"2675707",3,7
"2697565",2,7
"2703794",7,6
"2733325",7,2
"2733331",2,7
"2733894",6,7
"2733924",2,7
"2734095",7,2
"2734108",5,7
"2734229",0,7
"2734500",7,7
"2735317",2,7
"2738867",7,3
"2746248",7,0
"2750025",5,7
"2758906",7,6
"2767890",7,2
"2778056",7,2
"2778066",7,3
"2782568",7,0
"2813778",7,6
"28228",7,0
"2831890",7,0
"2843109",7,4
"2843435",7,1
"2843650",5,7
"2843703",1,7
"2846100",7,6
"2846588",7,2
"2871175",7,2
"2880651",7,5
"2881428",4,7
"28896",3,7
"2894156",5,7
"2895485",7,0
"2897772",7,6
"2917715",7,2
"2932250",7,6
"2948680",7,4
"2956010",7,1
"2956442",7,6
"2968084",7,7
"2975052",2,7
"299146",7,1
"2992243",2,7
"2996261",5,7
"3020908",7,1
"3026192",3,7
"3028804",4,7
"3033386",7,4
"3033809",4,7
"3047363",4,7
"3050134",6,7
"3050254",5,7
"3050285",7,3
"3050313",7,1
"3050360",2,7
"3052299",7,1
"3052374",7,0
"3052742",7,5
"3075432",6,7
"333928",5,7
"334209",6,7
"35792",7,0
"368607",5,7
"375919",7,2
"38301",7,3
"406552",3,7
"42353",3,7
"444",7,2
"47421",1,7
"47850",0,7
"48073",7,1
"51101",7,5
"52996",3,7
"548913",3,7
"5761",3,7
"59509",2,7
"64471",7,1
"672794",5,7
"694003",7,0
"699370",3,7
"720",7,2
"783",7,7
"79206",4,7
"85012",0,7
"85874",7,6
"866790",7,2
"875328",2,7
"90426",7,1
"911",1,7
"1016987",5,6
"108098",6,4
"1131462",6,5
"1176198",2,6
"1179669",5,6
"11855",6,4
"1223514",2,6
"1232575",6,4
"1274359",1,6
"1287736",1,6
"129876",6,1
"134601",6,3
"139021",2,6
"1462747",4,6
"1487865",6,2
"1541743",1,6
"156980",6,6
"157673",5,6
"157783",6,3
"158481",4,6
"1620392",5,6
"1643824",1,6
"1643826",1,6
"1649480",0,6
"1653176",3,6
"1658671",2,6
"1659194",6,5
"1699371",6,3
"1703966",6,0
"1718158",6,6
"1827195",3,6
"1827305",6,5
"1842540",4,6
"186532",6,0
"1884907",6,4
"188710",2,6
"1911685",6,1
"1912795",1,6
"1918010",6,3
"1920864",2,6
"1922570",1,6
"1922905",6,1
"1923330",6,0
"1923441",1,6
"1923690",6,2
"1931370",1,6
"1933906",2,6
"1945562",6,0
"1962302",1,6
"1967781",6,1
"198110",1,6
"1982251",0,6
"1986019",1,6
"2010275",6,3
"2024265",6,0
"2033033",6,1
"2033438",2,6
"206351",3,6
"2081051",4,6
"2083054",4,6
"2169706",6,0
"2169757",6,4
"2175655",1,6
"2236",3,6
"227470",3,6
"2289",3,6
"229731",6,6
"2305221",1,6
"232537",6,2
"2420300",6,1
"2508880",6,3
"2560132",6,0
"2560337",5,6
"2560415",3,6
"2560540",6,1
"2565782",6,4
"2575375",4,6
"2576923",2,6
"2585135",6,1
"2587855",6,2
"2594494",2,6
"2597325",6,2
"2602070",6,2
"2683680",4,6
"271",4,6
"2724914",5,6
"2732364",3,6
"2732591",6,0
"2733092",5,6
"2734116",6,6
"2742627",6,3
"2742673",6,0
"2743470",6,3
"2754725",1,6
"2761578",6,5
"2774459",5,6
"2778051",6,2
"2783674",2,6
"279006",5,6
"279828",0,6
"2810196",6,5
"2812551",6,0
"2812647",4,6
"2816956",6,4
"2829500",5,6
"2830996",6,0
"2842346",6,0
"2842820",6,3
"2843681",6,0
"2843907",6,0
"2844196",4,6
"2845388",5,6
"2854186",3,6
"2866627",2,6
"2866663",6,0
"2873269",6,1
"2875839",6,2
"2879617",6,6
"2906514",6,5
"2908642",6,6
"2919322",6,6
"2926671",6,2
"2948856",3,6
"2953752",6,2
"2954006",6,4
"2954019",4,6
"2954025",4,6
"2954051",4,6
"2954097",2,6
"2955232",6,4
"2955499",5,6
"2955526",2,6
"2955602",6,1
"2955995",6,1
"2956198",1,6
"2956206",6,0
"2956240",6,0
"2956355",2,6
"2961574",6,3
"2969247",6,2
"2969598",6,1
"2969672",4,6
"2983230",6,1
"2991729",4,6
"2996826",5,6
"3002901",6,5
"3015167",2,6
"3018276",4,6
"3032287",5,6
"3041098",4,6
"3047353",6,6
"3047383",6,0
"3047868",6,4
"3048197",6,0
"3048235",6,3
"3048252",6,0
"3048275",0,6
"3049072",6,2
"3050270",1,6
"3050297",6,5
"3052726",6,3
"3059027",6,3
"3074430",5,6
"367488",6,1
"380393",6,3
"38804",6,1
"409",0,6
"417127",6,4
"42862",3,6
"43659",3,6
"43668",6,4
"457921",5,6
"490759",4,6
"497725",6,6
"52771",3,6
"558314",4,6
"558537",0,6
"560555",5,6
"59282",6,3
"642478",6,0
"650003",5,6
"651740",6,5
"658643",0,6
"671990",3,6
"680114",1,6
"68298",0,6
"69328",3,6
"712624",6,1
"762660",6,4
"84292",3,6
"84600",5,6
"904039",6,0
"979982",5,6
"1041",5,3
"10506",5,1
"1147137",3,5
"1173741",5,1
"1183411",5,3
"1218492",5,4
"1234680",5,3
"1312873",5,0
"1324864",5,0
"1325111",5,4
"1327037",4,5
"1329200",5,0
"133448",5,0
"135575",5,4
"136",5,5
"136234",5,3
"1381133",5,0
"138118",1,5
"1385664",5,4
"139208",0,5
"1408137",4,5
"1414719",1,5
"1495650",3,5
"1513276",5,4
"1522127",5,0
"152260",3,5
"1527515",5,3
"1586713",3,5
"1618207",0,5
"1701549",5,0
"1703962",5,1
"1776109",5,1
"1783515",5,3
"1804990",5,2
"1805956",5,0
"1827481",5,2
"1871109",5,3
"1902",1,5
"1910935",5,0
"1913653",5,1
"1917158",5,5
"1919083",4,5
"1921187",3,5
"1922588",5,1
"1922721",5,0
"1923495",5,0
"195248",5,0
"1963260",3,5
"1972685",5,0
"1980955",5,0
"2014534",3,5
"2015375",2,5
"2035399",0,5
"2039234",5,4
"204434",1,5
"2050976",5,2
"2058322",5,1
"2071607",5,1
"2100760",5,1
"2169536",5,1
"2170000",3,5
"2175621",3,5
"2185111",5,0
"2202149",2,5
"2223",5,5
"2242",5,5
"2282309",5,1
"2494548",0,5
"2497436",5,0
"2560092",1,5
"2560244",5,4
"2560640",5,0
"2560787",5,2
"2570911",5,2
"2594461",0,5
"2596949",5,0
"2599343",5,3
"2607753",2,5
"2665643",1,5
"2675216",0,5
"2685905",5,5
"2686202",4,5
"2722751",3,5
"2722825",0,5
"2732604",5,1
"2733161",5,0
"2733606",5,4
"2733906",4,5
"2733945",5,0
"2734143",1,5
"2734192",0,5
"2734231",5,5
"2734382",5,3
"2742655",5,1
"2748760",0,5
"2755559",5,2
"2767878",4,5
"2767893",2,5
"2768071",3,5
"2769516",2,5
"2781024",5,4
"2785913",5,0
"28109",5,1
"2816911",5,0
"2819280",5,3
"2831894",0,5
"2831895",5,3
"2837956",5,4
"2841064",5,0
"2843766",5,0
"2843985",5,1
"2844800",5,0
"2845001",3,5
"2845126",5,3
"2845184",5,0
"2845397",3,5
"2845796",0,5
"2864211",2,5
"2867236",1,5
"2879515",5,0
"2879621",5,4
"2895482",0,5
"2896848",5,0
"290400",3,5
"2909205",5,2
"29288",4,5
"2929795",5,5
"2944128",4,5
"294631",5,2
"2948705",5,0
"2948949",5,2
"2953980",3,5
"2953988",5,2
"2953989",0,5
"2954053",5,3
"2955382",4,5
"2955511",5,4
"2956094",5,5
"2956349",0,5
"2956521",5,0
"29573",2,5
"2968831",4,5
"298338",5,1
"299566",5,1
"2997335",5,1
"3032283",1,5
"3038077",2,5
"3047366",3,5
"3047824",1,5
"3048204",5,2
"3048435",5,1
"3050346",2,5
"3052000",5,2
"3052142",3,5
"3052385",4,5
"3052417",5,5
"3052505",0,5
"3052550",3,5
"3052748",5,4
"3060014",5,4
"3062685",2,5
"3064287",5,3
"3068634",5,2
"3075620",0,5
"316612",5,2
"33052",1,5
"33905",5,4
"33941",5,0
"35793",4,5
"36427",5,3
"3708",5,2
"396595",2,5
"401472",0,5
"40318",5,5
"40523",0,5
"413066",5,1
"441501",5,0
"45404",5,1
"458197",4,5
"47671",4,5
"51671",5,1
"52774",3,5
"53407",5,3
"541865",4,5
"548914",5,2
"556054",5,5
"563996",3,5
"589382",2,5
"626119",1,5
"639313",5,3
"645292",5,2
"656520",5,2
"670251",5,0
"712270",4,5
"721785",0,5
"78448",5,3
"81416",3,5
"85",5,0
"869806",5,0
"88190",0,5
"906",5,5
"97050",1,5
"979525",5,4
"1056",4,0
"110662",4,2
"113653",3,4
"1149952",2,4
"1249552",4,0
"12916",4,1
"1301279",4,2
"1336740",3,4
"1432056",4,1
"1446794",3,4
"1479019",0,4
"1500687",4,1
"1535304",4,2
"1564114",3,4
"160825",3,4
"1610493",3,4
"1628086",4,0
"1634516",4,3
"1661",4,2
"1685755",4,0
"1692041",4,1
"169669",4,1
"1703971",4,0
"1749259",4,0
"1855519",4,2
"1857889",4,2
"1874539",4,4
"1890422",2,4
"1890464",4,0
"1891739",0,4
"1902245",4,1
"1905288",4,2
"1906673",2,4
"1913651",3,4
"1916",1,4
"1921699",4,2
"1923373",4,0
"1923442",4,0
"1924730",4,0
"1924734",4,2
"1933912",4,0
"1938334",3,4
"1938604",4,4
"1980962",1,4
"1982263",2,4
"1982755",4,0
"1985706",4,1
"2008794",0,4
"203192",0,4
"2048898",1,4
"2069609",2,4
"2153385",4,0
"2169760",4,0
"2169885",4,0
"2170194",4,3
"2170201",4,0
"2170216",4,1
"2175648",3,4
"2175650",4,1
"2211210",4,3
"2267679",2,4
"2282475",4,0
"2314",4,4
"2321394",4,0
"239759",4,0
"2480625",0,4
"2483798",2,4
"2496867",1,4
"2498135",3,4
"255519",4,0
"2560334",4,2
"2560476",4,0
"2560544",1,4
"2560651",4,0
"2560833",4,3
"2572050",4,0
"2576759",4,0
"2589790",4,4
"2592815",4,2
"260149",2,4
"2607407",4,0
"267970",4,0
"2705399",4,1
"2714355",2,4
"2715678",4,2
"2730360",2,4
"2732020",3,4
"2733650",2,4
"2733944",4,3
"2734124",4,0
"2734348",1,4
"2734384",4,3
"2734593",4,0
"2744574",4,2
"2745509",3,4
"2758442",3,4
"2762329",4,3
"2766781",4,4
"2774055",3,4
"2785630",1,4
"2789327",2,4
"2795691",4,3
"2797167",4,0
"2813035",4,4
"2829815",3,4
"2841063",4,0
"2842354",3,4
"2843747",4,3
"2843908",4,4
"2843991",4,2
"2844032",1,4
"2844144",4,1
"2844286",4,0
"2844787",4,4
"2845000",4,0
"2845127",4,1
"2845187",2,4
"2846093",3,4
"2846779",4,0
"2849971",4,4
"2851015",1,4
"2862945",4,3
"2863193",2,4
"2866201",4,3
"2867021",2,4
"2867408",4,0
"2879620",1,4
"2888526",4,2
"2894788",3,4
"2909742",4,0
"2913506",4,0
"2918899",4,2
"2937985",4,3
"2942997",4,2
"2953978",4,3
"2953986",4,0
"2954003",2,4
"2954023",0,4
"2954046",4,0
"2954061",3,4
"2954081",4,4
"2954089",4,0
"2955239",4,1
"2955383",4,2
"2955553",2,4
"2955598",4,1
"2955859",1,4
"2955922",4,1
"2955964",4,0
"2956013",4,3
"2956221",4,0
"2976883",4,0
"2982691",4,4
"2983219",4,0
"2989766",4,0
"2998559",3,4
"3015163",3,4
"3027225",4,3
"3042026",4,3
"3047753",4,2
"3047865",4,2
"3048163",2,4
"3048194",3,4
"3050341",4,1
"3050362",1,4
"3052243",3,4
"3052382",2,4
"3052394",4,1
"3052404",2,4
"3052437",0,4
"3052537",4,0
"3052566",4,0
"3052571",4,2
"3052576",4,2
"3052662",2,4
"3052691",3,4
"3060738",4,2
"3060827",4,0
"307643",0,4
"33871",4,0
"351073",3,4
"35238",4,0
"356837",4,4
"359303",4,3
"363555",4,1
"37331",4,4
"37665",4,0
"37923",3,4
"40051",0,4
"407392",4,2
"43685",4,4
"441209",0,4
"446660",0,4
"45989",0,4
"47251",3,4
"47304",1,4
"48221",4,2
"488142",4,3
"507475",4,1
"53413",1,4
"549779",4,0
"61",4,1
"620",4,4
"63",1,4
"64186",3,4
"645517",4,0
"692370",0,4
"694581",4,1
"69525",4,2
"700512",4,2
"766224",4,3
"76885",4,4
"83265",1,4
"929832",3,4
"1033846",3,3
"10501",3,0
"1050714",2,3
"1055688",3,0
"1071080",3,0
"107445",2,3
"1147044",3,2
"1173283",3,1
"1188",3,3
"1198140",2,3
"12177",3,3
"1227",3,2
"1232427",1,3
"1272",3,3
"1286180",1,3
"131112",3,3
"132919",3,2
"1353138",0,3
"1462",1,3
"1508224",0,3
"1508419",3,3
"1511761",3,0
"1513262",0,3
"1548713",2,3
"1567006",3,1
"1623299",1,3
"1632780",1,3
"1637831",3,1
"1667",3,1
"1667168",3,2
"1727196",3,1
"1742989",3,0
"186805",3,0
"187491",3,0
"1891671",2,3
"191412",2,3
"1918007",2,3
"1920996",3,3
"1923093",3,0
"1923409",3,3
"1923652",3,1
"1925021",3,2
"1982246",1,3
"1984788",3,0
"1985176",3,1
"1985307",1,3
"1985326",3,0
"1985873",3,1
"201490",1,3
"2049444",3,2
"2057246",3,1
"2058328",3,1
"2079227",3,2
"2169725",3,0
"2175620",3,0
"2184051",1,3
"2211211",3,1
"2213015",3,2
"2217913",3,0
"2219134",2,3
"225842",3,0
"2259620",0,3
"2259647",3,0
"2275",2,3
"2293294",3,1
"2303750",3,0
"2483368",3,1
"2490939",0,3
"2500548",1,3
"2501954",2,3
"2508306",1,3
"2508307",2,3
"2529386",3,1
"255984",0,3
"2560124",3,0
"2560447",3,0
"2560652",3,1
"2560727",3,2
"2567881",3,0
"2587849",3,2
"2589074",3,2
"2599819",0,3
"2602067",1,3
"2603598",0,3
"2608867",3,2
"2610902",3,1
"266951",1,3
"267212",3,0
"2681265",3,1
"2682228",1,3
"2683193",3,1
"2714945",1,3
"2714948",3,0
"2721243",3,1
"2731942",3,2
"2733098",3,0
"2733200",3,0
"2733957",1,3
"2733995",3,1
"2734271",3,0
"2734570",3,3
"2734584",3,3
"2739433",1,3
"2740807",3,0
"2753607",3,1
"2761123",3,1
"2762896",3,0
"2767888",3,3
"2771430",1,3
"2775159",3,3
"2779519",3,1
"2785910",3,2
"2792859",3,0
"2794089",2,3
"2806008",3,0
"2830842",3,1
"2842458",3,1
"2843470",3,0
"2843765",1,3
"2843841",3,0
"2844120",0,3
"2844856",3,1
"2845175",3,0
"2845427",1,3
"2846182",3,1
"285013",3,1
"2850561",0,3
"285107",3,3
"2851650",2,3
"2860285",0,3
"2866381",3,1
"2867015",3,1
"2869543",3,3
"2872158",3,1
"2876713",3,1
"2878680",3,1
"2879287",3,0
"2883169",3,1
"2885078",3,3
"2902422",3,3
"2922394",0,3
"29330",3,2
"2933290",2,3
"2946836",3,2
"2949614",3,0
"2951084",3,3
"2954018",3,0
"2954090",3,0
"2955412",2,3
"2955579",3,0
"2955599",3,0
"2955738",3,3
"2955739",3,2
"2955971",2,3
"2956459",3,1
"2956488",3,1
"2956489",3,0
"2956650",3,0
"2963431",1,3
"2986839",3,1
"2989727",3,0
"2991715",3,0
"3002643",1,3
"3016341",3,2
"3016636",0,3
"3042028",3,0
"3045841",3,3
"3047839",1,3
"3048149",3,0
"3048150",3,2
"3048237",3,1
"3048269",3,0
"3048313",0,3
"3050326",3,0
"3050350",3,0
"3051137",3,2
"3052224",3,2
"3052241",3,0
"3052473",3,0
"3059081",0,3
"3060030",3,0
"3076685",3,3
"33007",0,3
"33763",1,3
"367477",3,3
"36861",0,3
"38288",3,2
"442694",3,2
"45401",3,2
"50340",3,1
"546160",1,3
"555573",2,3
"573241",3,3
"658630",3,0
"66374",3,2
"67313",3,0
"67351",3,0
"680287",3,0
"69527",3,3
"75293",0,3
"75574",1,3
"81",2,3
"85009",3,2
"85030",0,3
"880161",3,3
"907364",0,3
"935473",2,3
"958",1,3
"96495",3,3
"98671",0,3
"103690",2,0
"1101",2,1
"1129704",1,2
"114529",1,2
"1170710",0,2
"1173288",1,2
"1193420",1,2
"119981",2,1
"120961",1,2
"1224749",1,2
"1225785",2,0
"1233873",2,0
"1273739",2,0
"128827",2,0
"1288636",2,2
"1295327",1,2
"1306993",2,1
"1335638",2,0
"134623",2,0
"1346829",2,0
"135613",2,2
"135620",0,2
"1389192",0,2
"1394",1,2
"1401995",0,2
"141948",2,0
"1425362",2,0
"145263",1,2
"146826",0,2
"1484898",2,1
"1486469",2,0
"1548602",0,2
"1560351",1,2
"1561022",2,2
"1567404",2,1
"1573711",1,2
"1586712",2,0
"1589270",2,1
"16",2,0
"1608087",2,2
"1611770",1,2
"161899",1,2
"1620215",1,2
"1636607",0,2
"1641402",1,2
"1643322",1,2
"1643948",2,1
"1678078",2,0
"1679096",2,1
"1687",2,1
"169765",1,2
"1702170",2,1
"1710541",2,1
"1720323",2,0
"1740",2,1
"1765964",2,0
"1768108",2,0
"1779134",2,1
"1785960",2,1
"1809",2,0
"1840293",2,0
"1840315",1,2
"1843491",2,0
"186824",1,2
"188709",2,2
"1891736",2,0
"1891762",2,0
"1897729",2,1
"1907",2,1
"1913650",0,2
"1913652",2,0
"191493",1,2
"1920191",1,2
"1920860",2,1
"1921704",2,0
"1922328",2,0
"1922493",2,0
"1922898",2,1
"1923000",1,2
"1923133",2,0
"1923751",2,0
"1923755",2,0
"1930557",0,2
"1932923",2,0
"196117",2,0
"1968775",2,0
"1972589",2,0
"1972687",2,0
"1980429",2,1
"1982244",2,0
"1982286",0,2
"1982564",2,0
"1983581",2,0
"1985182",2,2
"1985715",2,2
"2005046",2,2
"2005463",2,2
"2017485",2,2
"2020486",2,0
"2024974",2,2
"2035811",2,0
"2045200",2,0
"2057798",0,2
"2058657",2,1
"2065202",1,2
"2069256",1,2
"2083055",2,0
"2162637",2,0
"2175619",2,1
"2175673",2,0
"2175674",1,2
"2206",2,0
"2225",2,2
"2238",2,0
"2294034",2,0
"2319843",1,2
"2330",0,2
"242605",2,0
"2492438",0,2
"2497325",0,2
"2497875",0,2
"2512235",2,2
"2560065",2,0
"2560160",1,2
"2560256",1,2
"2560420",2,2
"2560434",0,2
"2560442",2,0
"2560836",1,2
"257984",2,2
"2603292",2,1
"2606911",2,0
"2609813",2,0
"2613334",1,2
"2661817",2,0
"2689370",2,0
"2714942",2,2
"2724322",2,0
"2733372",2,1
"2733968",2,1
"2734204",2,0
"2734406",1,2
"2734574",2,1
"2738410",1,2
"2739057",2,2
"2746961",2,1
"2748080",2,1
"2749844",2,1
"2751177",2,0
"2752475",2,0
"2758572",1,2
"2762819",0,2
"2771471",2,0
"2777363",2,2
"2778067",2,0
"2789425",1,2
"2792224",1,2
"2796141",2,1
"2801506",1,2
"2803751",2,0
"2813777",2,1
"2831896",2,2
"2836086",0,2
"2843105",2,0
"2843380",2,1
"2843422",1,2
"2843436",2,0
"2843455",2,0
"2843647",1,2
"2843653",2,0
"2843768",2,2
"2845188",1,2
"2845391",2,0
"2845935",2,1
"2845942",2,1
"2846110",0,2
"2846203",2,1
"2853163",2,0
"2854036",1,2
"2855836",0,2
"2878545",0,2
"2884805",2,0
"2886359",2,2
"2886361",2,0
"2895475",2,0
"2897774",2,1
"2898483",2,1
"2907159",2,1
"2912628",1,2
"2913412",0,2
"2933816",2,0
"2942994",2,0
"2946160",2,1
"2948643",2,0
"2948645",2,0
"2948767",2,2
"2953971",2,1
"2953995",2,0
"2954005",2,1
"2954008",1,2
"2954030",2,1
"2954077",2,1
"2954087",2,1
"2955290",2,1
"2955313",1,2
"2955424",2,1
"2955472",2,0
"2955549",2,1
"2955559",0,2
"2955569",2,0
"2955778",2,2
"2955969",2,0
"2955992",2,1
"2956142",2,1
"2956179",2,1
"2956426",1,2
"2956526",2,0
"2956540",2,1
"2956649",2,1
"2956679",2,0
"2963432",0,2
"2966554",2,0
"2975050",0,2
"2975441",0,2
"2976884",2,0
"2978683",0,2
"2979461",1,2
"2979468",0,2
"2980108",0,2
"2993656",2,1
"2999062",2,1
"300186",2,0
"3003229",2,0
"3016091",0,2
"3031712",2,2
"3033810",2,0
"3035291",2,0
"3037258",2,0
"3046369",2,0
"3047354",2,2
"3047750",2,2
"3048188",2,2
"3048195",2,2
"3048260",2,0
"3048326",1,2
"3050248",0,2
"3050356",2,0
"3050898",0,2
"3051120",2,1
"3051417",2,0
"3052181",2,0
"3052334",1,2
"3068341",2,1
"3073268",2,2
"31559",0,2
"31732",1,2
"31953",0,2
"322509",2,0
"33943",2,1
"355249",1,2
"35746",2,1
"367188",2,0
"36808",2,0
"388459",2,2
"399742",2,0
"404941",2,0
"40834",2,1
"413",0,2
"413501",2,0
"413810",2,0
"41674",2,1
"42680",2,0
"44750",2,0
"47865",2,0
"484429",2,1
"515444",1,2
"51589",2,1
"528343",2,0
"52972",2,0
"54248",2,0
"545619",2,0
"556257",1,2
"580459",2,0
"59561",0,2
"59817",2,1
"646637",1,2
"650121",2,0
"660522",2,1
"663275",2,0
"670486",2,0
"68203",0,2
"72273",2,0
"748811",2,0
"75309",0,2
"75588",2,0
"83262",2,2
"83676",2,0
"84642",0,2
"85016",0,2
"85020",0,2
"85108",0,2
"85693",2,0
"90627",2,0
"933",0,2
"10257",1,0
"1034135",1,0
"1042123",0,1
"10494",1,0
"1050624",1,0
"1068",0,1
"1070314",0,1
"108010",1,1
"108015",0,1
"10839",0,1
"1096868",1,0
"11039",0,1
"1105106",1,0
"1105204",1,1
"1114867",1,0
"1118379",1,1
"1118963",1,0
"1123964",1,0
"112436",0,1
"1148",0,1
"1157948",1,1
"1158",1,1
"11663",1,0
"1173270",1,0
"1177753",0,1
"118969",1,1
"120576",1,1
"1224145",1,0
"12253",1,0
"1225862",1,0
"1229186",1,0
"1232667",1,0
"1233460",1,0
"1233488",1,0
"1235850",1,0
"1240483",1,0
"12417",1,0
"1246849",0,1
"1249676",0,1
"1259258",0,1
"126",1,0
"1262452",1,0
"1265399",1,0
"1266451",1,1
"126740",1,0
"1285600",1,0
"129577",1,0
"12960",1,0
"129727",0,1
"129951",1,1
"1302410",1,0
"130327",1,0
"1306518",1,0
"1309411",1,1
"131111",1,1
"13134",1,1
"133549",0,1
"1338689",0,1
"1348394",1,0
"136609",1,0
"1382237",1,0
"1383059",0,1
"1400862",1,0
"1414644",1,0
"1436085",1,0
"1442159",1,1
"1449788",0,1
"1465751",0,1
"146939",0,1
"1471399",1,0
"1472912",0,1
"1477518",0,1
"1495066",0,1
"1496080",1,1
"150340",1,0
"150830",0,1
"1513252",1,0
"1586715",1,0
"158846",1,0
"1591444",1,0
"1592128",1,1
"1592728",0,1
"160",1,0
"1603038",1,0
"1615674",1,0
"161675",1,0
"161896",1,0
"1623278",1,0
"162496",1,1
"1636200",1,1
"1638161",1,1
"1643949",1,0
"1644056",1,0
"164450",1,0
"1654740",0,1
"1663208",1,0
"1664033",0,1
"169134",1,1
"169683",1,0
"1702043",1,0
"1706371",1,1
"1737405",1,0
"1737425",1,0
"1769012",1,1
"1784719",1,0
"1785145",1,0
"1795053",0,1
"1796606",1,1
"1810868",0,1
"1818004",1,1
"1819736",1,1
"183407",0,1
"1852564",1,0
"1855331",1,0
"1857890",1,1
"186807",1,1
"186827",1,0
"1869339",1,0
"189330",1,0
"1895333",0,1
"1898733",1,0
"190729",1,1
"1910937",1,0
"1910991",0,1
"1911573",1,1
"191291",1,0
"1914155",1,0
"1914195",0,1
"1914410",0,1
"1914852",1,1
"191494",0,1
"1917990",1,1
"1918009",1,0
"1920762",0,1
"1922836",1,0
"1922860",1,0
"1923011",0,1
"1923106",1,0
"1923134",1,0
"1923605",1,0
"1923699",1,0
"1924731",0,1
"1933263",1,0
"1933910",1,0
"1935379",1,1
"1937004",1,0
"1965306",0,1
"1968788",0,1
"1972612",1,0
"1972617",0,1
"1972620",0,1
"1978534",1,0
"1979848",1,0
"1980001",1,1
"1980925",1,0
"1980936",1,0
"1981041",1,1
"1982088",1,0
"1982276",0,1
"1982571",1,1
"1982575",1,0
"1984790",1,0
"1985254",0,1
"1986950",0,1
"1987728",1,0
"20",1,0
"2003370",0,1
"2003673",1,0
"200454",1,0
"2004797",0,1
"2005388",1,0
"2005509",1,0
"2008440",1,0
"2015370",0,1
"2015372",1,0
"2016373",1,1
"2018044",0,1
"2018501",1,0
"2020965",0,1
"2024975",1,0
"2024979",0,1
"203263",0,1
"2033437",1,0
"2037915",1,0
"204461",0,1
"2054902",0,1
"2055160",1,1
"2055893",1,0
"2060092",1,0
"206662",0,1
"2067959",0,1
"2071",0,1
"2072408",0,1
"207921",1,0
"2080759",1,0
"2081477",0,1
"208215",1,0
"2082385",1,0
"2094187",1,0
"2108200",1,0
"2108204",1,0
"2126069",1,0
"213118",1,0
"2146",0,1
"2147",0,1
"2161821",1,0
"2169622",1,0
"2169699",1,0
"2170049",1,0
"2170204",1,0
"2170222",1,0
"2175622",1,0
"2175639",0,1
"2175641",0,1
"2175660",0,1
"2175667",1,0
"2184",0,1
"2211160",1,0
"224027",1,1
"224372",1,0
"225326",1,1
"2282644",1,0
"2299",0,1
"2303507",0,1
"2306165",1,0
"2316020",0,1
"2320",0,1
"2338395",0,1
"2419",1,0
"2419967",0,1
"2420",0,1
"2479547",1,0
"2480175",1,0
"2482769",1,0
"2483366",1,1
"2488567",1,0
"2489212",1,0
"2494702",1,1
"2500132",0,1
"2501936",1,0
"2502979",1,0
"2508233",0,1
"2509286",1,0
"2509785",1,0
"253237",1,0
"2545797",0,1
"255248",1,0
"255474",0,1
"2557993",1,1
"2560028",1,0
"2560139",1,0
"2560145",1,0
"2560251",1,0
"2560273",1,1
"2560419",1,0
"2560423",1,0
"2560426",0,1
"2560431",0,1
"2560486",1,0
"2560499",0,1
"2560554",1,0
"2560695",1,0
"2560791",1,0
"2565531",0,1
"2565559",0,1
"2571029",0,1
"2571156",0,1
"2587846",1,1
"2588487",1,0
"2589991",0,1
"2594913",1,0
"2600304",1,0
"2601269",0,1
"2601630",1,0
"260378",0,1
"2609254",0,1
"2609418",1,0
"263793",1,0
"2652883",0,1
"2654218",1,0
"2654238",1,0
"2661553",1,1
"2661921",0,1
"2663232",0,1
"2664899",1,0
"2675713",1,0
"2678343",0,1
"2680004",1,0
"2681308",1,0
"2681983",1,0
"2692125",1,1
"2692233",0,1
"2697023",1,0
"2709403",1,1
"271420",1,0
"2718943",1,0
"2724122",1,1
"2724123",1,0
"2732530",1,0
"2732595",1,0
"2733364",0,1
"2733574",1,0
"2733907",1,0
"2733920",0,1
"2733955",0,1
"2734091",1,0
"2734122",1,0
"2734126",1,0
"2734193",1,0
"2734194",1,0
"2734268",0,1
"2734341",1,0
"2735554",0,1
"2742133",1,0
"2742602",0,1
"2742626",0,1
"2742628",1,0
"2745503",1,0
"2745512",1,0
"2750620",1,0
"2751170",1,1
"2751179",1,1
"2759525",0,1
"2761047",0,1
"2762721",1,0
"2767877",1,0
"2772253",0,1
"2778058",1,0
"2778077",1,0
"277944",1,1
"2781023",0,1
"2782167",0,1
"2783669",1,0
"2784880",0,1
"2785912",0,1
"2799184",1,0
"2800061",0,1
"2800681",1,0
"2803845",0,1
"2805590",1,0
"2807620",0,1
"2807625",1,0
"2811482",1,1
"2811789",1,0
"2813780",1,1
"281472",0,1
"2815206",0,1
"28176",1,0
"2819997",1,0
"2821536",0,1
"282263",1,0
"2829498",1,0
"2831000",1,1
"2831149",1,1
"2831893",1,0
"2834378",0,1
"2838237",1,0
"2840373",1,1
"2841662",1,0
"2842716",0,1
"2843347",1,0
"2843400",1,0
"2843430",1,0
"2843447",0,1
"2843652",0,1
"2843771",1,0
"2843971",1,0
"2843988",1,0
"2843989",0,1
"2844215",1,0
"2844858",0,1
"2845137",1,0
"2845253",1,1
"2845420",0,1
"2845433",1,0
"2845473",1,0
"2845480",1,0
"2845509",1,0
"2845711",1,0
"2845752",0,1
"2845938",1,0
"2845939",1,1
"2846239",0,1
"2846291",1,0
"2846593",1,0
"2846605",1,0
"2849039",0,1
"2851642",1,0
"2856556",0,1
"2859227",1,1
"2860051",0,1
"2861281",0,1
"2861799",1,1
"2864202",1,1
"2864203",1,0
"2864207",1,0
"2866628",1,1
"2866695",1,1
"2870346",1,0
"2873557",1,0
"2875710",1,0
"2876028",1,0
"2879114",1,0
"2881426",1,0
"2883075",1,0
"2884220",0,1
"2893572",1,0
"2894079",1,1
"2894082",1,0
"2895477",1,0
"2895487",1,0
"290028",1,0
"2904129",1,1
"2905567",0,1
"2906062",1,1
"2917160",1,0
"2918755",1,0
"2918920",1,0
"2919914",0,1
"2926099",0,1
"29284",1,0
"2929490",1,1
"2929798",1,0
"2933959",0,1
"2942991",1,0
"2945019",0,1
"2946038",1,0
"2946156",1,0
"2946170",1,0
"2946815",1,0
"2948610",1,0
"2948688",1,0
"2948694",1,0
"2948731",1,0
"2948774",1,0
"2948775",0,1
"2948788",0,1
"2951085",1,0
"2953750",1,0
"2953997",1,0
"2954004",1,0
"2954016",1,1
"2954031",1,0
"2954037",1,0
"2954063",1,0
"2954082",1,0
"2954083",1,0
"2955237",1,0
"2955240",1,0
"2955328",0,1
"2955391",1,0
"2955534",1,0
"2955557",1,0
"2955561",0,1
"2955562",1,0
"2955566",0,1
"2955578",1,0
"2955711",1,0
"2955722",1,0
"2955732",1,0
"2955759",1,0
"2955794",1,0
"2955958",0,1
"2955997",1,0
"2955998",1,0
"2956009",1,1
"2956064",0,1
"2956181",1,0
"2956213",1,1
"2956243",1,0
"2956250",1,0
"2956378",1,0
"2956399",1,0
"2956480",1,0
"2956575",0,1
"2961531",1,1
"2964610",1,0
"2976237",1,0
"2977320",0,1
"2980181",1,0
"2982699",1,1
"2986280",1,0
"2987533",0,1
"2991496",0,1
"2994951",1,0
"2996004",0,1
"2996785",0,1
"2998079",1,0
"3016089",1,0
"3016096",0,1
"3018589",1,0
"3018991",0,1
"3021405",0,1
"3025408",1,0
"3028711",1,0
"3028807",1,0
"3034026",1,0
"3038925",0,1
"3039851",1,1
"3040674",1,0
"3040675",1,0
"3047355",1,0
"3047394",1,0
"3047738",1,0
"3047752",0,1
"3047787",1,0
"3048172",1,0
"3048187",1,0
"3048239",0,1
"3048268",1,1
"3048337",1,0
"3048352",0,1
"3048358",1,0
"3048383",1,0
"3048452",1,0
"3048493",1,1
"3050133",1,0
"3050250",1,0
"3050268",1,0
"3050271",1,0
"3050276",1,0
"3050278",1,1
"3050286",0,1
"3050294",1,0
"3050312",0,1
"3050317",1,0
"3050327",1,0
"3050347",0,1
"3050357",1,0
"3051123",1,0
"3051421",1,0
"3052086",1,1
"3052127",0,1
"3052225",1,0
"3052256",1,0
"3052281",0,1
"3052331",0,1
"3052378",0,1
"3052399",0,1
"3052407",0,1
"3052416",1,0
"3052425",1,0
"3052458",1,1
"3052574",1,0
"3052577",1,0
"3052594",1,0
"3052624",1,0
"3052659",0,1
"3052688",1,0
"3052714",0,1
"3052759",1,0
"3059080",0,1
"3059715",1,1
"3059834",0,1
"307466",1,0
"3074822",1,0
"3075618",1,0
"3075619",0,1
"31984",0,1
"32011",1,0
"32069",1,1
"32257",1,1
"33055",1,0
"346881",1,0
"347209",1,0
"351426",1,0
"354585",1,0
"362534",0,1
"36739",0,1
"36853",1,0
"370324",0,1
"373126",1,0
"377315",1,0
"39",1,1
"390436",1,0
"394935",1,1
"39720",1,0
"399320",0,1
"40222",1,0
"40640",1,0
"409290",1,1
"411483",1,0
"41295",1,0
"416344",0,1
"426114",1,0
"432330",0,1
"433659",1,1
"444163",1,1
"447020",0,1
"45667",0,1
"46014",1,0
"462710",0,1
"469812",1,0
"471189",1,1
"478174",1,1
"47886",0,1
"487698",1,1
"489",1,0
"508419",1,0
"519",0,1
"520734",1,0
"529883",1,0
"54252",1,0
"543349",1,0
"551759",1,0
"55216",1,0
"563835",1,0
"566027",1,0
"56956",1,1
"56957",0,1
"578234",1,0
"585455",1,0
"588673",1,0
"633392",1,0
"643133",1,0
"646413",1,0
"64898",1,1
"651456",1,0
"65551",0,1
"66084",1,0
"66228",1,0
"666507",1,1
"667119",1,0
"676210",1,0
"68239",1,0
"683047",1,0
"694000",1,0
"694014",1,0
"71254",1,1
"714309",1,0
"73422",1,0
"739141",0,1
"743023",0,1
"753670",1,0
"754058",1,0
"754075",0,1
"75612",1,0
"75905",1,0
"768738",1,0
"795748",1,0
"81475",0,1
"830",0,1
"83554",1,0
"84111",1,0
"84163",1,0
"84565",1,1
"85017",0,1
"876364",0,1
"886980",1,0
"89373",0,1
"92644",0,1
"926474",1,0
"927786",1,0
"936337",1,1
"940557",1,0
"942880",1,0
"944644",1,0
"970",1,1
"10",0,0
"1000373",0,0
"100217",0,0
"1002724",0,0
"100379",0,0
"1003836",0,0
"1003891",0,0
"1004049",0,0
"1004301",0,0
"1004303",0,0
"1005056",0,0
"100755",0,0
"1007869",0,0
"1008292",0,0
"100887",0,0
"100953",0,0
"101513",0,0
"1016852",0,0
"101764",0,0
"102106",0,0
"102234",0,0
"10240",0,0
"10245",0,0
"10258",0,0
"10270",0,0
"10271",0,0
"1027232",0,0
"1027244",0,0
"1027245",0,0
"1027247",0,0
"1027248",0,0
"10273",0,0
"1027468",0,0
"1027627",0,0
"1027869",0,0
"1027880",0,0
"10279",0,0
"1027947",0,0
"10282",0,0
"1028381",0,0
"1028409",0,0
"1028414",0,0
"1028419",0,0
"10291",0,0
"10294",0,0
"1030595",0,0
"1031708",0,0
"10319",0,0
"1032457",0,0
"1032478",0,0
"1032892",0,0
"1032893",0,0
"103371",0,0
"1033922",0,0
"1033997",0,0
"1034067",0,0
"1034099",0,0
"1034100",0,0
"1034101",0,0
"1034103",0,0
"1034107",0,0
"1034108",0,0
"1034109",0,0
"1034110",0,0
"1034111",0,0
"1034112",0,0
"1034113",0,0
"1034114",0,0
"1034133",0,0
"1034136",0,0
"1034137",0,0
"1034140",0,0
"1034142",0,0
"1034145",0,0
"1034149",0,0
"1034150",0,0
"1034152",0,0
"1034377",0,0
"1034806",0,0
"1035662",0,0
"10365",0,0
"1036613",0,0
"1036614",0,0
"103723",0,0
"10375",0,0
"103782",0,0
"10379",0,0
"103807",0,0
"103808",0,0
"1038082",0,0
"103881",0,0
"10406",0,0
"104097",0,0
"1041406",0,0
"1041806",0,0
"1041831",0,0
"1041883",0,0
"104204",0,0
"1042122",0,0
"104263",0,0
"1043184",0,0
"1043206",0,0
"104389",0,0
"104392",0,0
"104393",0,0
"104580",0,0
"1045808",0,0
"104581",0,0
"104637",0,0
"1046402",0,0
"1046571",0,0
"1046572",0,0
"1046573",0,0
"1046574",0,0
"104664",0,0
"10474",0,0
"10475",0,0
"1048434",0,0
"10492",0,0
"10493",0,0
"10508",0,0
"10509",0,0
"1050903",0,0
"1051138",0,0
"1051140",0,0
"1051143",0,0
"1051631",0,0
"1051792",0,0
"10537",0,0
"1054649",0,0
"1054968",0,0
"1055101",0,0
"10552",0,0
"10561",0,0
"10564",0,0
"10565",0,0
"10566",0,0
"10567",0,0
"1056831",0,0
"1056833",0,0
"10570",0,0
"10571",0,0
"105850",0,0
"1060",0,0
"10623",0,0
"10639",0,0
"10660",0,0
"10661",0,0
"106633",0,0
"10664",0,0
"10665",0,0
"10679",0,0
"10685",0,0
"10689",0,0
"1069378",0,0
"1069494",0,0
"106966",0,0
"10702",0,0
"10704",0,0
"10707",0,0
"10708",0,0
"1070990",0,0
"1071177",0,0
"1071502",0,0
"10719",0,0
"1072176",0,0
"10724",0,0
"1072517",0,0
"10726",0,0
"1072672",0,0
"1073767",0,0
"1073986",0,0
"1073987",0,0
"1074044",0,0
"10742",0,0
"1074210",0,0
"1074213",0,0
"1074214",0,0
"1074304",0,0
"1074306",0,0
"1074325",0,0
"1074863",0,0
"1074864",0,0
"1074865",0,0
"10752",0,0
"10753",0,0
"1075398",0,0
"10756",0,0
"10761",0,0
"1076136",0,0
"1076345",0,0
"1076630",0,0
"10778",0,0
"1077832",0,0
"1077859",0,0
"10780",0,0
"107804",0,0
"10803",0,0
"1080349",0,0
"1080798",0,0
"1080799",0,0
"1081",0,0
"10811",0,0
"10812",0,0
"10815",0,0
"10817",0,0
"1081702",0,0
"10820",0,0
"10821",0,0
"10825",0,0
"10827",0,0
"10831",0,0
"10832",0,0
"10834",0,0
"10835",0,0
"10836",0,0
"10837",0,0
"10840",0,0
"10841",0,0
"10848",0,0
"10855",0,0
"1085622",0,0
"10860",0,0
"10869",0,0
"1087068",0,0
"1087070",0,0
"10879",0,0
"10882",0,0
"1088890",0,0
"1089110",0,0
"1089111",0,0
"1089115",0,0
"1089116",0,0
"1089118",0,0
"1089119",0,0
"1089120",0,0
"1089121",0,0
"1089128",0,0
"1089129",0,0
"1089132",0,0
"1089135",0,0
"1089138",0,0
"1089387",0,0
"1090133",0,0
"1091",0,0
"1091052",0,0
"1091556",0,0
"1092564",0,0
"109262",0,0
"109270",0,0
"1093100",0,0
"1093773",0,0
"1093901",0,0
"1093928",0,0
"1093958",0,0
"1095076",0,0
"109663",0,0
"1096856",0,0
"1096935",0,0
"1097752",0,0
"1097754",0,0
"10979",0,0
"10986",0,0
"10987",0,0
"10989",0,0
"1099",0,0
"10990",0,0
"10991",0,0
"10993",0,0
"1100043",0,0
"11006",0,0
"11008",0,0
"1100891",0,0
"110103",0,0
"11019",0,0
"11020",0,0
"11021",0,0
"11023",0,0
"11024",0,0
"11029",0,0
"11033",0,0
"11034",0,0
"11036",0,0
"110456",0,0
"1105171",0,0
"1105378",0,0
"1105379",0,0
"1105380",0,0
"1105381",0,0
"1105385",0,0
"1105386",0,0
"1107",0,0
"1108070",0,0
"1108810",0,0
"110932",0,0
"11095",0,0
"1109711",0,0
"1109712",0,0
"1109713",0,0
"1109716",0,0
"1109717",0,0
"1110389",0,0
"1110702",0,0
"11118",0,0
"1112008",0,0
"1112769",0,0
"1112770",0,0
"11137",0,0
"1113728",0,0
"111418",0,0
"111470",0,0
"1114980",0,0
"11155",0,0
"1115692",0,0
"1115696",0,0
"111770",0,0
"1119533",0,0
"111970",0,0
"112023",0,0
"112227",0,0
"112228",0,0
"112229",0,0
"1123754",0,0
"112437",0,0
"1124654",0,0
"1125677",0,0
"1125764",0,0
"1126885",0,0
"1127515",0,0
"1127516",0,0
"1127518",0,0
"1127744",0,0
"1127767",0,0
"1128073",0,0
"1128108",0,0
"1128118",0,0
"1128119",0,0
"1129",0,0
"1129033",0,0
"1129035",0,0
"1129145",0,0
"1129146",0,0
"11292",0,0
"1130981",0,0
"1131",0,0
"1131315",0,0
"1131316",0,0
"1131702",0,0
"11318",0,0
"11320",0,0
"1133557",0,0
"1133653",0,0
"1133751",0,0
"1134435",0,0
"113553",0,0
"1136061",0,0
"1136535",0,0
"1137801",0,0
"1137931",0,0
"1141134",0,0
"1141137",0,0
"1141221",0,0
"1141625",0,0
"114378",0,0
"114380",0,0
"114424",0,0
"114627",0,0
"1146872",0,0
"1146873",0,0
"1146875",0,0
"1146876",0,0
"1146877",0,0
"1147042",0,0
"1147043",0,0
"1147129",0,0
"1147144",0,0
"1147151",0,0
"1147158",0,0
"1148491",0,0
"114892",0,0
"114921",0,0
"114922",0,0
"114923",0,0
"11520",0,0
"1155384",0,0
"1156568",0,0
"11569",0,0
"115714",0,0
"11572",0,0
"1157337",0,0
"1157338",0,0
"1157339",0,0
"115782",0,0
"11584",0,0
"1159195",0,0
"115987",0,0
"1159901",0,0
"1159902",0,0
"1159903",0,0
"1159904",0,0
"1159906",0,0
"1159907",0,0
"1159908",0,0
"115991",0,0
"116056",0,0
"1160795",0,0
"1160968",0,0
"1161126",0,0
"1161132",0,0
"11617",0,0
"1161906",0,0
"1162280",0,0
"1163537",0,0
"11636",0,0
"11642",0,0
"1165135",0,0
"11657",0,0
"1165907",0,0
"1165908",0,0
"11660",0,0
"11665",0,0
"11673",0,0
"11676",0,0
"1167690",0,0
"1167886",0,0
"1168281",0,0
"1168287",0,0
"1168547",0,0
"1168548",0,0
"1168549",0,0
"1168594",0,0
"1170422",0,0
"1170424",0,0
"1170425",0,0
"1170656",0,0
"1170711",0,0
"11709",0,0
"117198",0,0
"1172191",0,0
"1172193",0,0
"11723",0,0
"1172985",0,0
"1173284",0,0
"1173709",0,0
"1173754",0,0
"11746",0,0
"1175505",0,0
"117563",0,0
"1175662",0,0
"11757",0,0
"1175848",0,0
"1175849",0,0
"1175850",0,0
"1175851",0,0
"1175852",0,0
"1175853",0,0
"1175854",0,0
"1175855",0,0
"1176145",0,0
"1176146",0,0
"1176147",0,0
"1176148",0,0
"1176149",0,0
"1176150",0,0
"1176153",0,0
"1176422",0,0
"1176423",0,0
"1176484",0,0
"1176736",0,0
"11768",0,0
"1177214",0,0
"1177630",0,0
"1177632",0,0
"1177751",0,0
"1177752",0,0
"1177757",0,0
"1177758",0,0
"1177759",0,0
"1177762",0,0
"1177763",0,0
"1177764",0,0
"1177765",0,0
"1177766",0,0
"1177767",0,0
"11780",0,0
"11786",0,0
"11788",0,0
"1179155",0,0
"1179670",0,0
"1179675",0,0
"1179812",0,0
"1179813",0,0
"1179815",0,0
"1179817",0,0
"118027",0,0
"11807",0,0
"11808",0,0
"11809",0,0
"118140",0,0
"11819",0,0
"1182518",0,0
"1183239",0,0
"11834",0,0
"1183410",0,0
"11840",0,0
"1184396",0,0
"1185359",0,0
"11856",0,0
"11864",0,0
"11866",0,0
"11867",0,0
"11878",0,0
"1187849",0,0
"1187894",0,0
"1187973",0,0
"11884",0,0
"11885",0,0
"11886",0,0
"1188792",0,0
"1188793",0,0
"1188794",0,0
"1188795",0,0
"1188812",0,0
"11901",0,0
"119164",0,0
"1194088",0,0
"119423",0,0
"1194642",0,0
"1195070",0,0
"1195073",0,0
"1195075",0,0
"1195163",0,0
"1195166",0,0
"1195378",0,0
"11958",0,0
"1196236",0,0
"11970",0,0
"11974",0,0
"11976",0,0
"1197730",0,0
"1197731",0,0
"1197732",0,0
"1197733",0,0
"1197734",0,0
"11978",0,0
"1197952",0,0
"1198137",0,0
"1198144",0,0
"1198147",0,0
"1198219",0,0
"11983",0,0
"1198450",0,0
"1198451",0,0
"119858",0,0
"119910",0,0
"120168",0,0
"120212",0,0
"1202142",0,0
"1202713",0,0
"12036",0,0
"12042",0,0
"12045",0,0
"1204525",0,0
"1204537",0,0
"1204543",0,0
"1204684",0,0
"12058",0,0
"1206110",0,0
"120652",0,0
"1206566",0,0
"1208309",0,0
"1208583",0,0
"12092",0,0
"12109",0,0
"12110",0,0
"1211282",0,0
"1211283",0,0
"1211388",0,0
"1211481",0,0
"1211641",0,0
"1211642",0,0
"1211644",0,0
"1213187",0,0
"1213406",0,0
"12141",0,0
"1214459",0,0
"12161",0,0
"12162",0,0
"12163",0,0
"12165",0,0
"12167",0,0
"12169",0,0
"12171",0,0
"12172",0,0
"12173",0,0
"1217416",0,0
"12175",0,0
"12178",0,0
"12179",0,0
"12180",0,0
"12181",0,0
"1218177",0,0
"12182",0,0
"12183",0,0
"1218506",0,0
"1218507",0,0
"12187",0,0
"121871",0,0
"1218727",0,0
"12188",0,0
"12194",0,0
"12195",0,0
"12197",0,0
"12198",0,0
"12199",0,0
"1220025",0,0
"12201",0,0
"12202",0,0
"12203",0,0
"12204",0,0
"12205",0,0
"1220717",0,0
"12208",0,0
"12209",0,0
"12210",0,0
"12211",0,0
"1221206",0,0
"1221437",0,0
"12215",0,0
"12216",0,0
"1221880",0,0
"12222",0,0
"12224",0,0
"12227",0,0
"12228",0,0
"12229",0,0
"122291",0,0
"12230",0,0
"12232",0,0
"1223260",0,0
"12238",0,0
"12239",0,0
"12240",0,0
"12241",0,0
"1224144",0,0
"12242",0,0
"1224510",0,0
"1224515",0,0
"1225069",0,0
"1225337",0,0
"1225789",0,0
"1225794",0,0
"1225861",0,0
"12266",0,0
"12270",0,0
"1227354",0,0
"1227356",0,0
"1227357",0,0
"1227948",0,0
"12285",0,0
"12286",0,0
"122866",0,0
"12288",0,0
"1229324",0,0
"12294",0,0
"12295",0,0
"1229760",0,0
"123",0,0
"12301",0,0
"12302",0,0
"12303",0,0
"12305",0,0
"12313",0,0
"12315",0,0
"12317",0,0
"12319",0,0
"1231903",0,0
"12321",0,0
"1232493",0,0
"1232640",0,0
"12327",0,0
"12328",0,0
"1233177",0,0
"1233383",0,0
"1233675",0,0
"1234171",0,0
"12345",0,0
"1234545",0,0
"12348",0,0
"1234872",0,0
"1234888",0,0
"1235662",0,0
"1235689",0,0
"1236047",0,0
"1236391",0,0
"1236392",0,0
"1236395",0,0
"1236400",0,0
"1236405",0,0
"1236409",0,0
"1239439",0,0
"1239452",0,0
"1239565",0,0
"1239566",0,0
"1239567",0,0
"1239568",0,0
"1239569",0,0
"1239571",0,0
"1239573",0,0
"1239574",0,0
"1239575",0,0
"1239578",0,0
"1239582",0,0
"1239583",0,0
"12402",0,0
"12407",0,0
"1241370",0,0
"1241918",0,0
"1241957",0,0
"12430",0,0
"12431",0,0
"1243178",0,0
"12432",0,0
"12433",0,0
"1244203",0,0
"1244563",0,0
"1244565",0,0
"12450",0,0
"1245814",0,0
"1245890",0,0
"1245909",0,0
"12465",0,0
"12466",0,0
"1246650",0,0
"12471",0,0
"1247114",0,0
"1247115",0,0
"1247116",0,0
"12472",0,0
"12473",0,0
"12475",0,0
"12480",0,0
"1248330",0,0
"1249467",0,0
"1249648",0,0
"1249677",0,0
"1250303",0,0
"1250316",0,0
"1250400",0,0
"125287",0,0
"125316",0,0
"12538",0,0
"12541",0,0
"1254420",0,0
"1254425",0,0
"12558",0,0
"1256869",0,0
"1262523",0,0
"1263",0,0
"12643",0,0
"1264880",0,0
"1264898",0,0
"1265601",0,0
"1266458",0,0
"1266977",0,0
"1267277",0,0
"1269201",0,0
"1273128",0,0
"1273699",0,0
"1273707",0,0
"1273711",0,0
"1273740",0,0
"1273741",0,0
"1273742",0,0
"1273744",0,0
"1273748",0,0
"1274351",0,0
"127441",0,0
"127509",0,0
"1276181",0,0
"1276936",0,0
"1279082",0,0
"1280052",0,0
"12804",0,0
"1281454",0,0
"1281455",0,0
"1282443",0,0
"1282444",0,0
"1282995",0,0
"1283077",0,0
"12844",0,0
"1285589",0,0
"1285598",0,0
"1286143",0,0
"128818",0,0
"12888",0,0
"12893",0,0
"12901",0,0
"12907",0,0
"129141",0,0
"129143",0,0
"1292359",0,0
"129395",0,0
"1295080",0,0
"1296340",0,0
"1296573",0,0
"1296654",0,0
"129726",0,0
"129728",0,0
"129732",0,0
"1297645",0,0
"1297661",0,0
"1297894",0,0
"1298531",0,0
"1298633",0,0
"129875",0,0
"1299429",0,0
"129950",0,0
"129954",0,0
"129955",0,0
"129956",0,0
"1300004",0,0
"1300113",0,0
"1301220",0,0
"1302179",0,0
"1302848",0,0
"1302849",0,0
"1302850",0,0
"130308",0,0
"130309",0,0
"130310",0,0
"130328",0,0
"130369",0,0
"130370",0,0
"130371",0,0
"130478",0,0
"130499",0,0
"1305708",0,0
"1305738",0,0
"1307958",0,0
"1308863",0,0
"1310424",0,0
"131082",0,0
"131083",0,0
"131226",0,0
"1312445",0,0
"1312524",0,0
"1312874",0,0
"1312929",0,0
"1317107",0,0
"1319",0,0
"1323525",0,0
"1323528",0,0
"1324128",0,0
"132477",0,0
"1325083",0,0
"1325446",0,0
"1327035",0,0
"1327036",0,0
"1327764",0,0
"1327771",0,0
"1327772",0,0
"1327773",0,0
"1327774",0,0
"1327776",0,0
"1327935",0,0
"1327937",0,0
"1327939",0,0
"1327940",0,0
"1327947",0,0
"1327948",0,0
"1327952",0,0
"1327968",0,0
"1327969",0,0
"1327974",0,0
"1327987",0,0
"1327989",0,0
"1327993",0,0
"1328881",0,0
"1329380",0,0
"1329649",0,0
"1329650",0,0
"1329781",0,0
"1329812",0,0
"1329816",0,0
"1329823",0,0
"1329836",0,0
"1329841",0,0
"1329969",0,0
"1330066",0,0
"1330068",0,0
"1330070",0,0
"1330491",0,0
"1330520",0,0
"1330521",0,0
"1330524",0,0
"1330545",0,0
"1330546",0,0
"1331736",0,0
"1331744",0,0
"1332188",0,0
"1333313",0,0
"1333713",0,0
"1335053",0,0
"1335626",0,0
"1335745",0,0
"1335768",0,0
"133925",0,0
"1340708",0,0
"1340709",0,0
"1340713",0,0
"1340746",0,0
"1340801",0,0
"1340820",0,0
"1340822",0,0
"1340825",0,0
"1340827",0,0
"1340830",0,0
"1340833",0,0
"1340836",0,0
"1341019",0,0
"1341165",0,0
"134374",0,0
"134375",0,0
"134386",0,0
"1343920",0,0
"1345661",0,0
"1345662",0,0
"134632",0,0
"134676",0,0
"134681",0,0
"134813",0,0
"1348384",0,0
"1348611",0,0
"1348911",0,0
"1351702",0,0
"1352227",0,0
"135246",0,0
"1353241",0,0
"1353795",0,0
"1354510",0,0
"1354512",0,0
"1354514",0,0
"135615",0,0
"135617",0,0
"135618",0,0
"135624",0,0
"135742",0,0
"1357669",0,0
"1357707",0,0
"1357710",0,0
"136084",0,0
"1366055",0,0
"1367126",0,0
"1367435",0,0
"137",0,0
"1371",0,0
"1373",0,0
"137475",0,0
"137758",0,0
"137854",0,0
"1379692",0,0
"1379695",0,0
"1379707",0,0
"1379710",0,0
"1379711",0,0
"1379712",0,0
"1379713",0,0
"1379714",0,0
"1379718",0,0
"1379719",0,0
"1379720",0,0
"1379721",0,0
"1379725",0,0
"1379788",0,0
"1379908",0,0
"138073",0,0
"1380894",0,0
"1381007",0,0
"1381464",0,0
"1381597",0,0
"1383054",0,0
"1385385",0,0
"1385658",0,0
"1386090",0,0
"1387160",0,0
"1387301",0,0
"1389011",0,0
"1389204",0,0
"138948",0,0
"138949",0,0
"138950",0,0
"138951",0,0
"138982",0,0
"1389960",0,0
"1390116",0,0
"1390119",0,0
"1390131",0,0
"1390132",0,0
"1391180",0,0
"1391181",0,0
"1391190",0,0
"1391431",0,0
"1391432",0,0
"1391455",0,0
"1391456",0,0
"1391702",0,0
"1391746",0,0
"1392388",0,0
"1396815",0,0
"139871",0,0
"1398939",0,0
"1399967",0,0
"140052",0,0
"1400526",0,0
"1401087",0,0
"1403565",0,0
"140410",0,0
"1406134",0,0
"1406197",0,0
"1406782",0,0
"1406784",0,0
"1406788",0,0
"1406816",0,0
"1407638",0,0
"1408133",0,0
"1408194",0,0
"1408894",0,0
"1408895",0,0
"1409",0,0
"1410062",0,0
"1410467",0,0
"1411681",0,0
"1414737",0,0
"1414739",0,0
"1414742",0,0
"1415145",0,0
"1415630",0,0
"1415665",0,0
"1416026",0,0
"1416334",0,0
"1417304",0,0
"141860",0,0
"1419711",0,0
"1420600",0,0
"1420727",0,0
"1425363",0,0
"1425365",0,0
"142577",0,0
"1427149",0,0
"1427159",0,0
"1427476",0,0
"1427523",0,0
"1428189",0,0
"1428190",0,0
"142843",0,0
"1428763",0,0
"1429904",0,0
"1430411",0,0
"1430884",0,0
"1431460",0,0
"1432563",0,0
"1432856",0,0
"1432857",0,0
"1434010",0,0
"1434042",0,0
"1434046",0,0
"1435008",0,0
"1435450",0,0
"1435485",0,0
"1436084",0,0
"1436892",0,0
"1437364",0,0
"1437443",0,0
"1437839",0,0
"143919",0,0
"1439319",0,0
"1440170",0,0
"1441796",0,0
"1441800",0,0
"1445557",0,0
"1445727",0,0
"1445858",0,0
"1446792",0,0
"144752",0,0
"1448274",0,0
"1448276",0,0
"1449437",0,0
"1449778",0,0
"1449783",0,0
"1449896",0,0
"1449897",0,0
"145261",0,0
"145357",0,0
"1454023",0,0
"1454024",0,0
"1454025",0,0
"1454026",0,0
"1454027",0,0
"1454028",0,0
"1454029",0,0
"1454030",0,0
"1454066",0,0
"1454552",0,0
"1455653",0,0
"1456752",0,0
"1457322",0,0
"1458186",0,0
"1458714",0,0
"1458716",0,0
"1458724",0,0
"1458726",0,0
"1458841",0,0
"1458842",0,0
"1458846",0,0
"1458852",0,0
"1458860",0,0
"1458861",0,0
"1458862",0,0
"1459003",0,0
"1459800",0,0
"146",0,0
"1460070",0,0
"1460363",0,0
"1460374",0,0
"1461743",0,0
"1461792",0,0
"1462681",0,0
"1462682",0,0
"1463809",0,0
"1463811",0,0
"1464127",0,0
"1464778",0,0
"1464786",0,0
"146499",0,0
"146500",0,0
"1465639",0,0
"1468169",0,0
"1468172",0,0
"146825",0,0
"1468409",0,0
"1468597",0,0
"146897",0,0
"1469144",0,0
"146923",0,0
"1469905",0,0
"1469906",0,0
"1469908",0,0
"1469956",0,0
"1471398",0,0
"147212",0,0
"1472425",0,0
"1475062",0,0
"1476485",0,0
"1476487",0,0
"1476754",0,0
"147711",0,0
"147712",0,0
"1481186",0,0
"1481452",0,0
"1481465",0,0
"1483485",0,0
"1483681",0,0
"1485012",0,0
"1485186",0,0
"1485922",0,0
"148603",0,0
"1486425",0,0
"1486428",0,0
"1486473",0,0
"1487185",0,0
"1487956",0,0
"1488557",0,0
"148879",0,0
"148880",0,0
"148943",0,0
"1489714",0,0
"1490052",0,0
"1490057",0,0
"1490227",0,0
"1492296",0,0
"1493829",0,0
"1493858",0,0
"1495316",0,0
"1495331",0,0
"1495638",0,0
"1497019",0,0
"1497848",0,0
"1498204",0,0
"1498504",0,0
"1499308",0,0
"1499392",0,0
"1500510",0,0
"1500713",0,0
"1500757",0,0
"1500865",0,0
"1500866",0,0
"1501348",0,0
"1501716",0,0
"1502101",0,0
"150284",0,0
"150285",0,0
"1503293",0,0
"1503929",0,0
"1504569",0,0
"1504733",0,0
"1504801",0,0
"1506553",0,0
"1506574",0,0
"1506716",0,0
"1507401",0,0
"1508220",0,0
"1508710",0,0
"1508712",0,0
"151043",0,0
"1511772",0,0
"1511776",0,0
"1511781",0,0
"1511783",0,0
"1511803",0,0
"1511805",0,0
"1511809",0,0
"1511847",0,0
"1511853",0,0
"1511891",0,0
"1511892",0,0
"1511894",0,0
"1511895",0,0
"1513188",0,0
"1513202",0,0
"1513247",0,0
"1513248",0,0
"1513250",0,0
"1513251",0,0
"1513253",0,0
"1513254",0,0
"1513255",0,0
"1513256",0,0
"1513257",0,0
"1513258",0,0
"1513259",0,0
"1513260",0,0
"1513261",0,0
"1513263",0,0
"1513264",0,0
"1513265",0,0
"1513268",0,0
"1513272",0,0
"1513273",0,0
"1513274",0,0
"1513275",0,0
"151341",0,0
"1513516",0,0
"1513519",0,0
"1513520",0,0
"1513521",0,0
"1513527",0,0
"1513528",0,0
"1513530",0,0
"1513531",0,0
"1514665",0,0
"1514896",0,0
"151528",0,0
"151536",0,0
"1516075",0,0
"1517681",0,0
"1518149",0,0
"1518574",0,0
"1519097",0,0
"1519385",0,0
"1519387",0,0
"1519388",0,0
"1519389",0,0
"1519391",0,0
"152053",0,0
"1521255",0,0
"1521386",0,0
"1521387",0,0
"1521388",0,0
"1521390",0,0
"1521392",0,0
"152177",0,0
"1522056",0,0
"1522059",0,0
"152217",0,0
"152267",0,0
"1522671",0,0
"1523522",0,0
"1523858",0,0
"1524461",0,0
"1524881",0,0
"1525173",0,0
"1525218",0,0
"1526048",0,0
"1527463",0,0
"1527513",0,0
"1527523",0,0
"1527535",0,0
"1527536",0,0
"1527770",0,0
"1529058",0,0
"1530251",0,0
"153057",0,0
"153135",0,0
"1532031",0,0
"1532528",0,0
"1534544",0,0
"1534547",0,0
"1534553",0,0
"1536592",0,0
"1536596",0,0
"1538101",0,0
"1538804",0,0
"1539298",0,0
"1540096",0,0
"1540099",0,0
"154048",0,0
"1540823",0,0
"154116",0,0
"1541211",0,0
"154122",0,0
"1541823",0,0
"1541824",0,0
"1541887",0,0
"1542103",0,0
"1542744",0,0
"1542745",0,0
"1542963",0,0
"1543207",0,0
"154339",0,0
"154347",0,0
"1544364",0,0
"1546178",0,0
"1547219",0,0
"1547495",0,0
"1547577",0,0
"1547580",0,0
"1548417",0,0
"1548720",0,0
"1548721",0,0
"1548722",0,0
"1549128",0,0
"1551710",0,0
"1551711",0,0
"1552409",0,0
"1552662",0,0
"155414",0,0
"155493",0,0
"1555201",0,0
"1555208",0,0
"1555235",0,0
"1557033",0,0
"1558469",0,0
"155862",0,0
"1559",0,0
"1560339",0,0
"1560342",0,0
"1560514",0,0
"1561171",0,0
"1561172",0,0
"1561705",0,0
"1562065",0,0
"1562066",0,0
"1564182",0,0
"1564903",0,0
"1565088",0,0
"1565532",0,0
"1566298",0,0
"1566379",0,0
"1566868",0,0
"1566869",0,0
"156690",0,0
"1566990",0,0
"1566995",0,0
"1567005",0,0
"1567011",0,0
"1567013",0,0
"1567453",0,0
"1567466",0,0
"1567468",0,0
"1567473",0,0
"1567487",0,0
"1568973",0,0
"1568974",0,0
"1569052",0,0
"1569053",0,0
"1569057",0,0
"1569353",0,0
"157018",0,0
"1570330",0,0
"1570939",0,0
"1572745",0,0
"1573458",0,0
"1573459",0,0
"1573714",0,0
"1574141",0,0
"1574287",0,0
"1574422",0,0
"1576597",0,0
"157777",0,0
"1577776",0,0
"1577788",0,0
"1577997",0,0
"1578134",0,0
"157837",0,0
"157897",0,0
"1579506",0,0
"1580591",0,0
"1580605",0,0
"1580606",0,0
"1580607",0,0
"1581151",0,0
"1582094",0,0
"1582879",0,0
"1583341",0,0
"158463",0,0
"1585246",0,0
"1585924",0,0
"1586714",0,0
"1587517",0,0
"1587907",0,0
"1588048",0,0
"1588049",0,0
"158898",0,0
"1589748",0,0
"1590154",0,0
"1590155",0,0
"1591",0,0
"159132",0,0
"1592081",0,0
"1592083",0,0
"1592084",0,0
"1592085",0,0
"1592087",0,0
"1592088",0,0
"1592089",0,0
"1592090",0,0
"1592092",0,0
"1592094",0,0
"1592095",0,0
"1592096",0,0
"1592097",0,0
"1592098",0,0
"1592099",0,0
"1592100",0,0
"1592102",0,0
"1592103",0,0
"1592104",0,0
"1592109",0,0
"1592110",0,0
"1592113",0,0
"1592116",0,0
"1592117",0,0
"1592118",0,0
"1592119",0,0
"1592120",0,0
"1592123",0,0
"1592124",0,0
"1592127",0,0
"1592129",0,0
"1592207",0,0
"1592211",0,0
"1592212",0,0
"159252",0,0
"1592572",0,0
"1592828",0,0
"1592930",0,0
"1593424",0,0
"160057",0,0
"1602124",0,0
"160233",0,0
"160358",0,0
"160484",0,0
"1604871",0,0
"1605379",0,0
"1606497",0,0
"1606498",0,0
"1606499",0,0
"1606501",0,0
"1606502",0,0
"1606504",0,0
"1608048",0,0
"1608049",0,0
"1608064",0,0
"1608072",0,0
"1608085",0,0
"1608089",0,0
"1608090",0,0
"1608100",0,0
"1608112",0,0
"1608134",0,0
"1608357",0,0
"160842",0,0
"160843",0,0
"160844",0,0
"1608440",0,0
"1608533",0,0
"1609634",0,0
"1610509",0,0
"1610872",0,0
"1611836",0,0
"1611875",0,0
"161213",0,0
"1612551",0,0
"161378",0,0
"1615583",0,0
"1618232",0,0
"1618233",0,0
"1618234",0,0
"1618235",0,0
"1618236",0,0
"1618237",0,0
"1618238",0,0
"1618239",0,0
"1618243",0,0
"1618244",0,0
"1618245",0,0
"1618247",0,0
"1618248",0,0
"1618249",0,0
"1618250",0,0
"1618252",0,0
"1618255",0,0
"1618256",0,0
"1618257",0,0
"1618259",0,0
"1618260",0,0
"162171",0,0
"1622024",0,0
"1623276",0,0
"1623280",0,0
"1623281",0,0
"1623282",0,0
"1623283",0,0
"1623284",0,0
"1623285",0,0
"1623286",0,0
"1623287",0,0
"1623288",0,0
"1623289",0,0
"1623290",0,0
"1623292",0,0
"1623293",0,0
"1623295",0,0
"1623300",0,0
"1623301",0,0
"1623302",0,0
"1623303",0,0
"1623306",0,0
"1623309",0,0
"1623686",0,0
"1628059",0,0
"1628753",0,0
"1629132",0,0
"1629656",0,0
"1629671",0,0
"1630300",0,0
"1631303",0,0
"163164",0,0
"1634381",0,0
"1634476",0,0
"1636182",0,0
"1636270",0,0
"1636271",0,0
"1636606",0,0
"1636608",0,0
"1636610",0,0
"1637492",0,0
"1637496",0,0
"1637747",0,0
"1638164",0,0
"1638165",0,0
"1639814",0,0
"1640277",0,0
"1640969",0,0
"1642588",0,0
"1643950",0,0
"1644057",0,0
"1647308",0,0
"1647391",0,0
"1647414",0,0
"1647415",0,0
"1647458",0,0
"1647470",0,0
"1647471",0,0
"1647472",0,0
"1647473",0,0
"1647476",0,0
"1647805",0,0
"1647924",0,0
"1648481",0,0
"1648482",0,0
"1648483",0,0
"1648484",0,0
"1649",0,0
"1649459",0,0
"1649468",0,0
"1650654",0,0
"1652133",0,0
"165215",0,0
"165301",0,0
"1653174",0,0
"1653395",0,0
"1653398",0,0
"1654339",0,0
"1654355",0,0
"1654356",0,0
"1654357",0,0
"1654603",0,0
"1654780",0,0
"1654781",0,0
"1654782",0,0
"1655644",0,0
"1655645",0,0
"1655646",0,0
"1655647",0,0
"1655648",0,0
"1655649",0,0
"1655650",0,0
"1655651",0,0
"1655652",0,0
"1655653",0,0
"1655654",0,0
"1655656",0,0
"1655657",0,0
"1655658",0,0
"1655659",0,0
"1655660",0,0
"1655661",0,0
"1655662",0,0
"1656823",0,0
"165826",0,0
"1658781",0,0
"1659771",0,0
"1660083",0,0
"1661257",0,0
"1661392",0,0
"1661396",0,0
"1662272",0,0
"1662286",0,0
"1663127",0,0
"1663209",0,0
"1663210",0,0
"1667230",0,0
"1667322",0,0
"1670669",0,0
"1670975",0,0
"167129",0,0
"167132",0,0
"1671382",0,0
"1673640",0,0
"1673646",0,0
"167474",0,0
"1675028",0,0
"1675317",0,0
"1675548",0,0
"1675553",0,0
"1675555",0,0
"1675598",0,0
"1675864",0,0
"1676142",0,0
"1676181",0,0
"1676182",0,0
"1676183",0,0
"1676185",0,0
"1678143",0,0
"1678144",0,0
"1678145",0,0
"1678146",0,0
"1678147",0,0
"1678160",0,0
"1678161",0,0
"1678162",0,0
"1678163",0,0
"1678164",0,0
"1678165",0,0
"1678166",0,0
"1678167",0,0
"1678170",0,0
"1678171",0,0
"1678175",0,0
"1678176",0,0
"1678177",0,0
"1678178",0,0
"1678179",0,0
"1678180",0,0
"1678208",0,0
"1678905",0,0
"1678906",0,0
"1679172",0,0
"1679239",0,0
"1679530",0,0
"167955",0,0
"167968",0,0
"1680158",0,0
"168135",0,0
"1682186",0,0
"1682187",0,0
"1685109",0,0
"1685724",0,0
"1685727",0,0
"1685730",0,0
"1685732",0,0
"1685733",0,0
"1685734",0,0
"1685735",0,0
"1685740",0,0
"1685741",0,0
"1685744",0,0
"1685745",0,0
"1685747",0,0
"1685748",0,0
"1685749",0,0
"1685750",0,0
"1685753",0,0
"1685754",0,0
"1685756",0,0
"1685757",0,0
"1685758",0,0
"1685759",0,0
"1685760",0,0
"1685761",0,0
"1685763",0,0
"1685764",0,0
"1685765",0,0
"1685766",0,0
"1685767",0,0
"1685768",0,0
"1685769",0,0
"1685770",0,0
"1685771",0,0
"1685772",0,0
"1685775",0,0
"1685776",0,0
"1685777",0,0
"1685779",0,0
"1685780",0,0
"1685781",0,0
"1685783",0,0
"1685784",0,0
"1685785",0,0
"1685786",0,0
"1685953",0,0
"1686399",0,0
"1688404",0,0
"1688637",0,0
"1690666",0,0
"1690805",0,0
"1690818",0,0
"1691",0,0
"1691889",0,0
"1691958",0,0
"1692045",0,0
"1692243",0,0
"1692244",0,0
"1692246",0,0
"1692247",0,0
"1692248",0,0
"1692252",0,0
"1692253",0,0
"1692254",0,0
"1692255",0,0
"1692257",0,0
"1692258",0,0
"1692259",0,0
"1692260",0,0
"1692261",0,0
"1692262",0,0
"1692263",0,0
"1698417",0,0
"1698420",0,0
"1698441",0,0
"1698709",0,0
"1698713",0,0
"1698714",0,0
"170",0,0
"1701257",0,0
"1701404",0,0
"1701405",0,0
"1701814",0,0
"1701824",0,0
"1701826",0,0
"1701828",0,0
"1701837",0,0
"1701845",0,0
"1701849",0,0
"1701850",0,0
"1701853",0,0
"1702121",0,0
"1702250",0,0
"1703968",0,0
"1705092",0,0
"1705353",0,0
"1705393",0,0
"1706369",0,0
"1706372",0,0
"1706375",0,0
"1708574",0,0
"1708654",0,0
"170965",0,0
"171163",0,0
"1711684",0,0
"1712387",0,0
"1712389",0,0
"1714268",0,0
"1714362",0,0
"1714364",0,0
"1714366",0,0
"1714367",0,0
"1714368",0,0
"1714370",0,0
"1714570",0,0
"1714619",0,0
"1716041",0,0
"1716042",0,0
"1718166",0,0
"1718171",0,0
"1718278",0,0
"1720324",0,0
"1720493",0,0
"1720498",0,0
"1721090",0,0
"172278",0,0
"1723645",0,0
"172394",0,0
"172667",0,0
"1727214",0,0
"1728964",0,0
"1729670",0,0
"1732064",0,0
"1732176",0,0
"1732177",0,0
"1732178",0,0
"1732179",0,0
"1732180",0,0
"173443",0,0
"173479",0,0
"1735466",0,0
"1735586",0,0
"173559",0,0
"173566",0,0
"1737359",0,0
"1737406",0,0
"1737424",0,0
"1737555",0,0
"1738045",0,0
"1740646",0,0
"174142",0,0
"1742594",0,0
"1742595",0,0
"1742596",0,0
"1743",0,0
"1746057",0,0
"1746058",0,0
"1746060",0,0
"1746061",0,0
"1746062",0,0
"1746063",0,0
"1746064",0,0
"1746065",0,0
"1746066",0,0
"1746067",0,0
"1746068",0,0
"1746069",0,0
"1746070",0,0
"1746071",0,0
"1746072",0,0
"1746073",0,0
"1746074",0,0
"174708",0,0
"1747271",0,0
"1747287",0,0
"1747326",0,0
"1747384",0,0
"1747500",0,0
"175304",0,0
"1755198",0,0
"1755467",0,0
"1755590",0,0
"1755681",0,0
"1755682",0,0
"1755689",0,0
"1755781",0,0
"1756157",0,0
"1756615",0,0
"1756832",0,0
"1756993",0,0
"1758139",0,0
"1758881",0,0
"175950",0,0
"176106",0,0
"1761477",0,0
"1761789",0,0
"1761891",0,0
"1761895",0,0
"1763524",0,0
"1765049",0,0
"1765736",0,0
"1765754",0,0
"1766557",0,0
"1766559",0,0
"1766828",0,0
"1768064",0,0
"1769780",0,0
"1770265",0,0
"1770613",0,0
"1770618",0,0
"1772258",0,0
"1774200",0,0
"1774276",0,0
"1774743",0,0
"1775140",0,0
"1775248",0,0
"1775403",0,0
"1775963",0,0
"1776177",0,0
"1777015",0,0
"1777016",0,0
"1777052",0,0
"1777053",0,0
"1777061",0,0
"1777064",0,0
"1777072",0,0
"1777491",0,0
"1778559",0,0
"1778570",0,0
"1778573",0,0
"1778653",0,0
"1779135",0,0
"1779339",0,0
"1779714",0,0
"1781241",0,0
"178440",0,0
"1784982",0,0
"1785753",0,0
"178599",0,0
"178606",0,0
"1788438",0,0
"1788439",0,0
"1788440",0,0
"1788441",0,0
"1788442",0,0
"1788443",0,0
"1788444",0,0
"1788445",0,0
"1788449",0,0
"1788450",0,0
"1788451",0,0
"1788454",0,0
"1788455",0,0
"1792583",0,0
"1793721",0,0
"1795648",0,0
"1797140",0,0
"1798085",0,0
"1798216",0,0
"1798217",0,0
"1798219",0,0
"1798220",0,0
"1798221",0,0
"1798222",0,0
"179986",0,0
"180170",0,0
"1803956",0,0
"1803957",0,0
"180399",0,0
"1804155",0,0
"1804157",0,0
"180504",0,0
"180526",0,0
"1805459",0,0
"1805494",0,0
"180587",0,0
"1805948",0,0
"1805950",0,0
"1805951",0,0
"1805952",0,0
"1805953",0,0
"1805958",0,0
"1806636",0,0
"1807790",0,0
"180822",0,0
"1808960",0,0
"180903",0,0
"1809243",0,0
"1809767",0,0
"1810947",0,0
"1811230",0,0
"1812179",0,0
"1812308",0,0
"1813613",0,0
"1813771",0,0
"1814283",0,0
"1815581",0,0
"1815608",0,0
"1815969",0,0
"1815972",0,0
"1816183",0,0
"1816232",0,0
"1816235",0,0
"181667",0,0
"1819306",0,0
"1820160",0,0
"1821222",0,0
"1821227",0,0
"1821553",0,0
"1821559",0,0
"1821563",0,0
"1821749",0,0
"1821750",0,0
"1821751",0,0
"182180",0,0
"1822365",0,0
"1825688",0,0
"1825924",0,0
"1825950",0,0
"1825976",0,0
"182639",0,0
"1826864",0,0
"1830242",0,0
"1833938",0,0
"183405",0,0
"1836608",0,0
"1837089",0,0
"1837130",0,0
"1837217",0,0
"1837283",0,0
"183754",0,0
"1837862",0,0
"1838072",0,0
"1838077",0,0
"1838081",0,0
"1840239",0,0
"1840257",0,0
"1840265",0,0
"1840267",0,0
"1840283",0,0
"1840297",0,0
"1840301",0,0
"1840303",0,0
"1840323",0,0
"1840528",0,0
"184117",0,0
"1843490",0,0
"1843763",0,0
"1843764",0,0
"1843765",0,0
"1843766",0,0
"1843767",0,0
"1843769",0,0
"1843770",0,0
"1843771",0,0
"1843772",0,0
"1848040",0,0
"1848042",0,0
"1848169",0,0
"1848517",0,0
"1849328",0,0
"1849533",0,0
"1849535",0,0
"1849539",0,0
"1849542",0,0
"1849544",0,0
"1849545",0,0
"1850255",0,0
"1851505",0,0
"185218",0,0
"1852377",0,0
"1852629",0,0
"1853224",0,0
"1853230",0,0
"1853231",0,0
"1853762",0,0
"1853865",0,0
"1854574",0,0
"1855377",0,0
"1855646",0,0
"1855909",0,0
"1856030",0,0
"1856031",0,0
"1856406",0,0
"1856642",0,0
"1856767",0,0
"1857323",0,0
"185782",0,0
"1857845",0,0
"185793",0,0
"1858563",0,0
"1859161",0,0
"185954",0,0
"185955",0,0
"186165",0,0
"186187",0,0
"186188",0,0
"1862127",0,0
"1862824",0,0
"1862961",0,0
"1862962",0,0
"1862978",0,0
"1864622",0,0
"1864623",0,0
"186533",0,0
"186534",0,0
"1866325",0,0
"186637",0,0
"186642",0,0
"1866938",0,0
"186764",0,0
"186772",0,0
"186786",0,0
"186806",0,0
"1868135",0,0
"186820",0,0
"186821",0,0
"1868215",0,0
"186823",0,0
"186828",0,0
"186846",0,0
"1868472",0,0
"1868596",0,0
"1868621",0,0
"1868658",0,0
"1868659",0,0
"1868829",0,0
"186938",0,0
"1870981",0,0
"1871054",0,0
"1871106",0,0
"1871153",0,0
"1871321",0,0
"1871624",0,0
"1871631",0,0
"1871681",0,0
"1871687",0,0
"1871690",0,0
"187217",0,0
"1872708",0,0
"1873696",0,0
"1873778",0,0
"1873887",0,0
"1873889",0,0
"1873891",0,0
"1873895",0,0
"1873998",0,0
"1874267",0,0
"1874886",0,0
"1876758",0,0
"187764",0,0
"187850",0,0
"187878",0,0
"187978",0,0
"1881013",0,0
"1881022",0,0
"1881104",0,0
"188141",0,0
"188143",0,0
"1881950",0,0
"1882382",0,0
"1883200",0,0
"1883202",0,0
"188333",0,0
"1883371",0,0
"1883377",0,0
"1883379",0,0
"188350",0,0
"1884450",0,0
"1884453",0,0
"1884460",0,0
"1884461",0,0
"1884818",0,0
"1884873",0,0
"1884874",0,0
"1884875",0,0
"1884878",0,0
"1884904",0,0
"1884991",0,0
"1885565",0,0
"188711",0,0
"1887218",0,0
"1887643",0,0
"1887644",0,0
"1887645",0,0
"1887649",0,0
"1887657",0,0
"188786",0,0
"1888308",0,0
"1888309",0,0
"1888311",0,0
"1888317",0,0
"1888318",0,0
"1890365",0,0
"1890426",0,0
"1890438",0,0
"1891097",0,0
"1891098",0,0
"1891704",0,0
"1891713",0,0
"1891718",0,0
"1891719",0,0
"1891720",0,0
"1891721",0,0
"1891725",0,0
"1891726",0,0
"1891727",0,0
"1891729",0,0
"1891731",0,0
"1891732",0,0
"1891733",0,0
"1891734",0,0
"1891735",0,0
"1891737",0,0
"1891738",0,0
"1891740",0,0
"1891741",0,0
"1891742",0,0
"1891743",0,0
"1891745",0,0
"1891746",0,0
"1891747",0,0
"1891748",0,0
"1891749",0,0
"1891750",0,0
"1891751",0,0
"1891752",0,0
"1891754",0,0
"1891755",0,0
"1891756",0,0
"1891757",0,0
"1891758",0,0
"1891759",0,0
"1891761",0,0
"1891763",0,0
"1891764",0,0
"1891765",0,0
"1891766",0,0
"1891768",0,0
"1891769",0,0
"1891770",0,0
"1891771",0,0
"1891772",0,0
"1891773",0,0
"1891774",0,0
"1892251",0,0
"1892252",0,0
"1892895",0,0
"1892896",0,0
"1896336",0,0
"1897087",0,0
"1897529",0,0
"1897538",0,0
"1897555",0,0
"1897640",0,0
"1897731",0,0
"1897732",0,0
"189779",0,0
"1898175",0,0
"1899566",0,0
"190061",0,0
"190062",0,0
"190063",0,0
"190064",0,0
"190065",0,0
"1902501",0,0
"1902502",0,0
"1903416",0,0
"1903434",0,0
"1904",0,0
"1904410",0,0
"1904439",0,0
"190478",0,0
"1904876",0,0
"1904881",0,0
"1904882",0,0
"1904884",0,0
"1905556",0,0
"1906",0,0
"1906170",0,0
"1906173",0,0
"1906179",0,0
"1906245",0,0
"1906273",0,0
"1906317",0,0
"1906668",0,0
"1907771",0,0
"1907787",0,0
"1908804",0,0
"1908806",0,0
"1908808",0,0
"1908811",0,0
"1908813",0,0
"1909732",0,0
"191032",0,0
"1910928",0,0
"1910931",0,0
"1910936",0,0
"1910992",0,0
"1910993",0,0
"1911007",0,0
"1911008",0,0
"1911009",0,0
"1911010",0,0
"1911102",0,0
"1911104",0,0
"1911434",0,0
"1911435",0,0
"1911438",0,0
"1911439",0,0
"1911443",0,0
"1911555",0,0
"1911604",0,0
"1911605",0,0
"1911606",0,0
"1912215",0,0
"1912234",0,0
"1912324",0,0
"1912492",0,0
"1912590",0,0
"1912760",0,0
"191289",0,0
"191301",0,0
"1913024",0,0
"1913081",0,0
"1913124",0,0
"1913125",0,0
"1913642",0,0
"1913643",0,0
"1913649",0,0
"1913655",0,0
"1913656",0,0
"1913657",0,0
"1913658",0,0
"1913683",0,0
"1913684",0,0
"1913685",0,0
"1913686",0,0
"191393",0,0
"1913995",0,0
"1914019",0,0
"1914021",0,0
"191411",0,0
"1914160",0,0
"1914161",0,0
"1914162",0,0
"1914192",0,0
"1914193",0,0
"1914194",0,0
"1914199",0,0
"1914200",0,0
"1914201",0,0
"1914202",0,0
"1914203",0,0
"1914205",0,0
"1914206",0,0
"1914207",0,0
"1914208",0,0
"1914209",0,0
"191436",0,0
"1914442",0,0
"1914568",0,0
"1914574",0,0
"1914575",0,0
"1914576",0,0
"191460",0,0
"191463",0,0
"1914788",0,0
"1914851",0,0
"1914853",0,0
"1914854",0,0
"1914855",0,0
"1914856",0,0
"1914893",0,0
"1914894",0,0
"1914895",0,0
"1914897",0,0
"1914898",0,0
"1914899",0,0
"1914900",0,0
"1915202",0,0
"1915203",0,0
"1915205",0,0
"1915206",0,0
"1915207",0,0
"1915208",0,0
"1915209",0,0
"1915310",0,0
"1916111",0,0
"1916647",0,0
"1916917",0,0
"1917080",0,0
"1917980",0,0
"1918005",0,0
"1918006",0,0
"1918008",0,0
"1918011",0,0
"1918012",0,0
"1918014",0,0
"1918017",0,0
"1918192",0,0
"1918193",0,0
"1918194",0,0
"1918524",0,0
"1918525",0,0
"1918540",0,0
"1918721",0,0
"1918722",0,0
"1918723",0,0
"1918724",0,0
"1918725",0,0
"1918726",0,0
"1918727",0,0
"1918729",0,0
"1918731",0,0
"1919247",0,0
"1920107",0,0
"1920110",0,0
"192022",0,0
"192026",0,0
"1920305",0,0
"1920493",0,0
"1920498",0,0
"1920698",0,0
"1920750",0,0
"1920751",0,0
"1920753",0,0
"1920754",0,0
"1920755",0,0
"1920756",0,0
"1920757",0,0
"1920758",0,0
"1920759",0,0
"1920761",0,0
"1920763",0,0
"1920764",0,0
"1920765",0,0
"1920772",0,0
"1920774",0,0
"1920777",0,0
"1920778",0,0
"1920779",0,0
"1920780",0,0
"1920781",0,0
"1920861",0,0
"1920862",0,0
"1920865",0,0
"1920866",0,0
"1920988",0,0
"1920989",0,0
"1920993",0,0
"1920994",0,0
"1920995",0,0
"1920999",0,0
"1921000",0,0
"1921002",0,0
"1921004",0,0
"1921005",0,0
"1921008",0,0
"1921009",0,0
"1921016",0,0
"1921017",0,0
"1921018",0,0
"1921118",0,0
"1921119",0,0
"1921120",0,0
"1921121",0,0
"1921123",0,0
"1921125",0,0
"1921126",0,0
"1921127",0,0
"1921128",0,0
"1921129",0,0
"1921130",0,0
"1921184",0,0
"1921185",0,0
"1921186",0,0
"1921188",0,0
"1921407",0,0
"1921408",0,0
"1921409",0,0
"1921410",0,0
"1921411",0,0
"1921412",0,0
"1921413",0,0
"1921432",0,0
"1921526",0,0
"1921528",0,0
"1921529",0,0
"1921530",0,0
"1921531",0,0
"1921544",0,0
"1921545",0,0
"1921546",0,0
"1921547",0,0
"1921548",0,0
"1921553",0,0
"1921554",0,0
"1921555",0,0
"1921556",0,0
"1921561",0,0
"1921563",0,0
"1921582",0,0
"1921696",0,0
"1921698",0,0
"1921706",0,0
"1921709",0,0
"1921710",0,0
"1921711",0,0
"1921712",0,0
"1921713",0,0
"1921773",0,0
"1921778",0,0
"1921824",0,0
"1921825",0,0
"192203",0,0
"1922208",0,0
"1922210",0,0
"1922211",0,0
"1922212",0,0
"1922213",0,0
"1922242",0,0
"1922243",0,0
"1922247",0,0
"1922329",0,0
"1922330",0,0
"1922331",0,0
"1922332",0,0
"1922352",0,0
"1922353",0,0
"1922355",0,0
"1922356",0,0
"1922357",0,0
"1922359",0,0
"1922360",0,0
"1922361",0,0
"1922362",0,0
"1922365",0,0
"1922368",0,0
"1922370",0,0
"1922376",0,0
"1922377",0,0
"1922378",0,0
"1922379",0,0
"1922381",0,0
"1922385",0,0
"1922386",0,0
"1922387",0,0
"1922388",0,0
"1922392",0,0
"1922428",0,0
"1922429",0,0
"1922430",0,0
"1922431",0,0
"1922432",0,0
"1922433",0,0
"1922434",0,0
"1922435",0,0
"1922436",0,0
"1922437",0,0
"1922440",0,0
"1922441",0,0
"1922442",0,0
"1922443",0,0
"1922444",0,0
"1922445",0,0
"1922448",0,0
"1922449",0,0
"1922451",0,0
"1922452",0,0
"1922455",0,0
"1922456",0,0
"1922458",0,0
"1922460",0,0
"1922461",0,0
"1922464",0,0
"1922471",0,0
"1922483",0,0
"1922492",0,0
"1922496",0,0
"1922497",0,0
"1922498",0,0
"1922504",0,0
"1922513",0,0
"1922524",0,0
"1922525",0,0
"1922527",0,0
"1922528",0,0
"1922529",0,0
"1922530",0,0
"1922531",0,0
"1922532",0,0
"1922533",0,0
"1922534",0,0
"1922535",0,0
"1922536",0,0
"1922538",0,0
"1922539",0,0
"1922540",0,0
"1922541",0,0
"1922542",0,0
"1922543",0,0
"1922544",0,0
"1922545",0,0
"1922546",0,0
"1922547",0,0
"1922548",0,0
"1922549",0,0
"1922550",0,0
"1922551",0,0
"1922552",0,0
"1922553",0,0
"1922554",0,0
"1922556",0,0
"1922557",0,0
"1922558",0,0
"1922559",0,0
"1922560",0,0
"1922561",0,0
"1922562",0,0
"1922563",0,0
"1922564",0,0
"1922566",0,0
"1922567",0,0
"1922569",0,0
"1922571",0,0
"1922573",0,0
"1922575",0,0
"1922576",0,0
"1922578",0,0
"1922582",0,0
"1922583",0,0
"1922584",0,0
"1922585",0,0
"1922586",0,0
"1922587",0,0
"1922589",0,0
"1922590",0,0
"1922591",0,0
"1922592",0,0
"1922594",0,0
"1922595",0,0
"1922596",0,0
"1922597",0,0
"1922598",0,0
"1922599",0,0
"1922600",0,0
"1922601",0,0
"1922602",0,0
"1922603",0,0
"1922606",0,0
"1922607",0,0
"1922608",0,0
"1922609",0,0
"1922610",0,0
"1922611",0,0
"1922612",0,0
"1922613",0,0
"1922614",0,0
"1922615",0,0
"1922616",0,0
"1922617",0,0
"1922618",0,0
"1922619",0,0
"1922620",0,0
"1922621",0,0
"1922622",0,0
"1922624",0,0
"1922626",0,0
"1922627",0,0
"1922628",0,0
"1922629",0,0
"1922630",0,0
"1922631",0,0
"1922632",0,0
"1922633",0,0
"1922634",0,0
"1922636",0,0
"1922637",0,0
"1922638",0,0
"1922641",0,0
"1922644",0,0
"1922645",0,0
"1922646",0,0
"1922647",0,0
"1922648",0,0
"1922657",0,0
"1922658",0,0
"1922660",0,0
"1922661",0,0
"1922662",0,0
"1922666",0,0
"1922667",0,0
"1922668",0,0
"1922669",0,0
"1922671",0,0
"1922672",0,0
"1922673",0,0
"1922674",0,0
"1922675",0,0
"1922676",0,0
"1922677",0,0
"1922680",0,0
"1922681",0,0
"1922682",0,0
"1922683",0,0
"1922684",0,0
"1922685",0,0
"1922686",0,0
"1922687",0,0
"1922688",0,0
"1922689",0,0
"1922693",0,0
"1922694",0,0
"1922695",0,0
"1922697",0,0
"1922698",0,0
"1922699",0,0
"1922701",0,0
"1922702",0,0
"1922703",0,0
"1922704",0,0
"1922705",0,0
"1922706",0,0
"1922707",0,0
"1922709",0,0
"1922710",0,0
"1922711",0,0
"1922712",0,0
"1922713",0,0
"1922714",0,0
"1922715",0,0
"1922716",0,0
"1922717",0,0
"1922718",0,0
"1922720",0,0
"1922722",0,0
"1922723",0,0
"1922725",0,0
"1922726",0,0
"1922728",0,0
"1922729",0,0
"1922730",0,0
"1922736",0,0
"1922737",0,0
"1922738",0,0
"1922740",0,0
"1922741",0,0
"1922742",0,0
"1922743",0,0
"1922744",0,0
"1922745",0,0
"1922746",0,0
"1922748",0,0
"1922749",0,0
"1922750",0,0
"1922751",0,0
"1922752",0,0
"1922753",0,0
"1922754",0,0
"1922757",0,0
"1922758",0,0
"1922759",0,0
"1922760",0,0
"1922761",0,0
"1922764",0,0
"1922765",0,0
"1922766",0,0
"1922767",0,0
"1922768",0,0
"1922769",0,0
"1922770",0,0
"1922771",0,0
"1922772",0,0
"1922776",0,0
"1922777",0,0
"1922779",0,0
"1922782",0,0
"1922783",0,0
"1922784",0,0
"1922785",0,0
"1922787",0,0
"1922788",0,0
"1922789",0,0
"1922791",0,0
"1922792",0,0
"1922793",0,0
"1922794",0,0
"1922795",0,0
"1922796",0,0
"1922797",0,0
"1922798",0,0
"1922799",0,0
"1922800",0,0
"1922801",0,0
"1922803",0,0
"1922805",0,0
"1922807",0,0
"1922808",0,0
"1922809",0,0
"1922811",0,0
"1922812",0,0
"1922813",0,0
"1922814",0,0
"1922815",0,0
"1922816",0,0
"1922817",0,0
"1922818",0,0
"1922819",0,0
"1922821",0,0
"1922822",0,0
"1922823",0,0
"1922824",0,0
"1922826",0,0
"1922827",0,0
"1922833",0,0
"1922835",0,0
"1922837",0,0
"1922861",0,0
"1922867",0,0
"1922868",0,0
"1922870",0,0
"1922873",0,0
"1922874",0,0
"1922875",0,0
"1922876",0,0
"1922877",0,0
"1922878",0,0
"1922879",0,0
"1922883",0,0
"1922892",0,0
"1922893",0,0
"1922894",0,0
"1922895",0,0
"1922896",0,0
"1922899",0,0
"1922900",0,0
"1922901",0,0
"1922902",0,0
"1922922",0,0
"1922923",0,0
"1922925",0,0
"1922926",0,0
"1922927",0,0
"1922928",0,0
"1922930",0,0
"1922931",0,0
"1922932",0,0
"1922933",0,0
"1922936",0,0
"1922938",0,0
"1922941",0,0
"1922943",0,0
"1922947",0,0
"1922948",0,0
"1922949",0,0
"1922950",0,0
"1922952",0,0
"1922955",0,0
"1922956",0,0
"1922958",0,0
"1922960",0,0
"1922962",0,0
"1922972",0,0
"1922988",0,0
"1922989",0,0
"1922990",0,0
"1922993",0,0
"1922997",0,0
"1922999",0,0
"1923",0,0
"1923001",0,0
"1923002",0,0
"1923012",0,0
"1923017",0,0
"1923073",0,0
"1923074",0,0
"1923075",0,0
"1923077",0,0
"1923078",0,0
"1923079",0,0
"1923080",0,0
"1923081",0,0
"1923082",0,0
"1923083",0,0
"1923088",0,0
"1923089",0,0
"1923090",0,0
"1923091",0,0
"1923092",0,0
"1923094",0,0
"1923095",0,0
"1923096",0,0
"1923097",0,0
"1923100",0,0
"1923101",0,0
"1923102",0,0
"1923104",0,0
"1923105",0,0
"1923107",0,0
"1923108",0,0
"1923109",0,0
"1923110",0,0
"1923111",0,0
"1923112",0,0
"1923113",0,0
"1923114",0,0
"1923115",0,0
"1923116",0,0
"1923117",0,0
"1923118",0,0
"1923119",0,0
"1923120",0,0
"1923121",0,0
"1923122",0,0
"1923123",0,0
"1923124",0,0
"1923125",0,0
"1923126",0,0
"1923127",0,0
"1923128",0,0
"1923129",0,0
"1923130",0,0
"1923131",0,0
"1923132",0,0
"1923135",0,0
"1923136",0,0
"1923137",0,0
"1923138",0,0
"1923140",0,0
"1923141",0,0
"1923142",0,0
"1923143",0,0
"1923144",0,0
"1923145",0,0
"1923146",0,0
"1923147",0,0
"1923148",0,0
"1923149",0,0
"1923150",0,0
"1923151",0,0
"1923152",0,0
"1923153",0,0
"1923154",0,0
"1923155",0,0
"1923156",0,0
"1923157",0,0
"1923158",0,0
"1923159",0,0
"1923160",0,0
"1923161",0,0
"1923162",0,0
"1923163",0,0
"1923164",0,0
"1923165",0,0
"1923168",0,0
"1923169",0,0
"1923170",0,0
"1923185",0,0
"1923186",0,0
"1923194",0,0
"1923196",0,0
"1923197",0,0
"1923199",0,0
"1923200",0,0
"1923201",0,0
"1923204",0,0
"1923205",0,0
"1923206",0,0
"1923208",0,0
"1923209",0,0
"1923210",0,0
"1923211",0,0
"1923213",0,0
"1923214",0,0
"1923215",0,0
"1923216",0,0
"1923217",0,0
"1923218",0,0
"1923220",0,0
"1923221",0,0
"1923222",0,0
"1923225",0,0
"1923228",0,0
"1923229",0,0
"1923230",0,0
"1923233",0,0
"1923234",0,0
"1923235",0,0
"1923236",0,0
"1923237",0,0
"1923238",0,0
"1923239",0,0
"1923240",0,0
"1923243",0,0
"1923244",0,0
"1923245",0,0
"1923246",0,0
"1923247",0,0
"1923248",0,0
"1923249",0,0
"1923250",0,0
"1923252",0,0
"1923253",0,0
"1923254",0,0
"1923255",0,0
"1923256",0,0
"1923257",0,0
"1923258",0,0
"1923259",0,0
"1923260",0,0
"1923261",0,0
"1923262",0,0
"1923263",0,0
"1923264",0,0
"1923265",0,0
"1923266",0,0
"1923267",0,0
"1923268",0,0
"1923269",0,0
"1923270",0,0
"1923272",0,0
"1923273",0,0
"1923274",0,0
"1923275",0,0
"1923277",0,0
"1923278",0,0
"1923279",0,0
"1923281",0,0
"1923282",0,0
"1923284",0,0
"1923285",0,0
"1923287",0,0
"1923288",0,0
"1923289",0,0
"1923291",0,0
"1923292",0,0
"1923293",0,0
"1923294",0,0
"1923295",0,0
"1923296",0,0
"1923298",0,0
"1923300",0,0
"1923301",0,0
"1923303",0,0
"1923304",0,0
"1923305",0,0
"1923306",0,0
"1923307",0,0
"1923308",0,0
"1923309",0,0
"1923310",0,0
"1923313",0,0
"1923316",0,0
"1923320",0,0
"1923321",0,0
"1923322",0,0
"1923323",0,0
"1923324",0,0
"1923326",0,0
"1923331",0,0
"1923332",0,0
"1923333",0,0
"1923335",0,0
"1923336",0,0
"1923338",0,0
"1923340",0,0
"1923342",0,0
"1923343",0,0
"1923344",0,0
"1923345",0,0
"1923350",0,0
"1923351",0,0
"1923355",0,0
"1923356",0,0
"1923357",0,0
"1923365",0,0
"1923366",0,0
"1923367",0,0
"1923369",0,0
"1923370",0,0
"1923371",0,0
"1923372",0,0
"1923374",0,0
"1923377",0,0
"1923378",0,0
"1923380",0,0
"1923381",0,0
"1923382",0,0
"1923383",0,0
"1923384",0,0
"1923385",0,0
"1923386",0,0
"1923387",0,0
"1923388",0,0
"1923389",0,0
"1923390",0,0
"1923391",0,0
"1923392",0,0
"1923393",0,0
"1923394",0,0
"1923398",0,0
"1923399",0,0
"1923400",0,0
"1923401",0,0
"1923403",0,0
"1923404",0,0
"1923405",0,0
"1923406",0,0
"1923407",0,0
"1923408",0,0
"1923414",0,0
"1923415",0,0
"1923416",0,0
"1923417",0,0
"1923418",0,0
"1923419",0,0
"1923420",0,0
"1923421",0,0
"1923422",0,0
"1923423",0,0
"1923425",0,0
"1923429",0,0
"1923430",0,0
"1923431",0,0
"1923433",0,0
"1923435",0,0
"1923439",0,0
"1923440",0,0
"1923443",0,0
"1923444",0,0
"1923445",0,0
"1923446",0,0
"1923447",0,0
"1923448",0,0
"1923449",0,0
"1923450",0,0
"1923451",0,0
"1923452",0,0
"1923454",0,0
"1923455",0,0
"1923463",0,0
"1923464",0,0
"1923466",0,0
"1923467",0,0
"1923468",0,0
"1923469",0,0
"1923470",0,0
"1923474",0,0
"1923475",0,0
"1923476",0,0
"1923477",0,0
"1923478",0,0
"1923485",0,0
"1923486",0,0
"1923487",0,0
"1923488",0,0
"1923489",0,0
"1923493",0,0
"1923494",0,0
"1923496",0,0
"1923501",0,0
"1923502",0,0
"1923507",0,0
"1923509",0,0
"1923529",0,0
"1923530",0,0
"1923531",0,0
"1923532",0,0
"1923533",0,0
"1923534",0,0
"1923535",0,0
"1923536",0,0
"1923537",0,0
"1923540",0,0
"1923541",0,0
"1923542",0,0
"1923543",0,0
"1923545",0,0
"1923546",0,0
"1923547",0,0
"1923549",0,0
"1923551",0,0
"1923553",0,0
"1923554",0,0
"1923555",0,0
"1923557",0,0
"1923558",0,0
"1923559",0,0
"1923561",0,0
"1923562",0,0
"1923563",0,0
"1923564",0,0
"1923565",0,0
"1923566",0,0
"1923578",0,0
"1923579",0,0
"1923580",0,0
"1923582",0,0
"1923593",0,0
"1923594",0,0
"1923595",0,0
"1923596",0,0
"1923597",0,0
"1923599",0,0
"1923601",0,0
"1923602",0,0
"1923603",0,0
"1923604",0,0
"1923607",0,0
"1923608",0,0
"1923609",0,0
"1923610",0,0
"1923611",0,0
"1923612",0,0
"1923613",0,0
"1923614",0,0
"1923615",0,0
"1923617",0,0
"1923618",0,0
"1923619",0,0
"1923621",0,0
"1923622",0,0
"1923623",0,0
"1923625",0,0
"1923626",0,0
"1923627",0,0
"1923628",0,0
"1923629",0,0
"1923630",0,0
"1923631",0,0
"1923632",0,0
"1923633",0,0
"1923634",0,0
"1923635",0,0
"1923636",0,0
"1923637",0,0
"1923639",0,0
"1923640",0,0
"1923641",0,0
"1923642",0,0
"1923643",0,0
"1923644",0,0
"1923646",0,0
"1923649",0,0
"1923650",0,0
"1923651",0,0
"1923653",0,0
"1923654",0,0
"1923655",0,0
"1923656",0,0
"1923657",0,0
"1923658",0,0
"1923659",0,0
"1923660",0,0
"1923662",0,0
"1923663",0,0
"1923664",0,0
"1923665",0,0
"1923667",0,0
"1923668",0,0
"1923669",0,0
"1923670",0,0
"1923671",0,0
"1923672",0,0
"1923673",0,0
"1923674",0,0
"1923675",0,0
"1923676",0,0
"1923677",0,0
"1923678",0,0
"1923679",0,0
"1923680",0,0
"1923682",0,0
"1923683",0,0
"1923684",0,0
"1923685",0,0
"1923687",0,0
"1923688",0,0
"1923689",0,0
"1923691",0,0
"1923692",0,0
"1923693",0,0
"1923695",0,0
"1923696",0,0
"1923697",0,0
"1923698",0,0
"1923701",0,0
"1923702",0,0
"1923703",0,0
"1923704",0,0
"1923705",0,0
"1923706",0,0
"1923707",0,0
"1923709",0,0
"1923710",0,0
"1923713",0,0
"1923714",0,0
"1923715",0,0
"1923716",0,0
"1923717",0,0
"1923721",0,0
"1923722",0,0
"1923724",0,0
"1923725",0,0
"1923726",0,0
"1923727",0,0
"1923730",0,0
"1923732",0,0
"1923735",0,0
"1923738",0,0
"1923739",0,0
"1923740",0,0
"1923742",0,0
"1923743",0,0
"1923744",0,0
"1923745",0,0
"1923746",0,0
"1923748",0,0
"1923752",0,0
"1923753",0,0
"1923756",0,0
"1923757",0,0
"1923758",0,0
"1923759",0,0
"1923760",0,0
"1923761",0,0
"1923764",0,0
"1923765",0,0
"1923768",0,0
"1923769",0,0
"1923775",0,0
"1923778",0,0
"1923779",0,0
"1923780",0,0
"1923781",0,0
"1924285",0,0
"1924286",0,0
"1924287",0,0
"192452",0,0
"1924729",0,0
"1924732",0,0
"1925019",0,0
"1925152",0,0
"1925779",0,0
"1925780",0,0
"1925781",0,0
"1925782",0,0
"1926117",0,0
"1926498",0,0
"1926511",0,0
"1926881",0,0
"1926967",0,0
"1926968",0,0
"1926969",0,0
"1926996",0,0
"1926997",0,0
"1926998",0,0
"1927127",0,0
"1928",0,0
"1928621",0,0
"1929030",0,0
"1929150",0,0
"1929477",0,0
"1929963",0,0
"1929964",0,0
"1930",0,0
"1930269",0,0
"1930302",0,0
"1930304",0,0
"1930507",0,0
"1930508",0,0
"1930509",0,0
"1930510",0,0
"1930825",0,0
"1930920",0,0
"193121",0,0
"193122",0,0
"1931369",0,0
"1931371",0,0
"1932006",0,0
"1932118",0,0
"1932713",0,0
"1932910",0,0
"1932912",0,0
"1932926",0,0
"1933178",0,0
"1933180",0,0
"1933181",0,0
"1933185",0,0
"1933903",0,0
"1933905",0,0
"1933907",0,0
"1933908",0,0
"1933909",0,0
"1933911",0,0
"1934254",0,0
"1934322",0,0
"1935922",0,0
"1936269",0,0
"1936988",0,0
"1937005",0,0
"1937789",0,0
"1937817",0,0
"1938656",0,0
"1938820",0,0
"1939619",0,0
"1940",0,0
"1940570",0,0
"1940621",0,0
"1941234",0,0
"1941236",0,0
"1941238",0,0
"1941347",0,0
"1942",0,0
"194440",0,0
"194441",0,0
"194443",0,0
"1945561",0,0
"1945565",0,0
"1945575",0,0
"1945739",0,0
"1945740",0,0
"1945850",0,0
"194699",0,0
"194802",0,0
"1949196",0,0
"1949197",0,0
"1949203",0,0
"194965",0,0
"194966",0,0
"195061",0,0
"195062",0,0
"1954248",0,0
"1954378",0,0
"1954379",0,0
"1954380",0,0
"1955054",0,0
"1955137",0,0
"1955153",0,0
"1955175",0,0
"1955196",0,0
"1955197",0,0
"1955198",0,0
"1955199",0,0
"1955493",0,0
"1958777",0,0
"1958778",0,0
"1958784",0,0
"1958785",0,0
"1958786",0,0
"1958957",0,0
"1959287",0,0
"195950",0,0
"1959843",0,0
"1959844",0,0
"1959848",0,0
"1959930",0,0
"1960046",0,0
"1960084",0,0
"196013",0,0
"1960710",0,0
"1961665",0,0
"1961666",0,0
"1961678",0,0
"1961679",0,0
"1961680",0,0
"1961681",0,0
"1961682",0,0
"1961683",0,0
"1961783",0,0
"1961784",0,0
"1961785",0,0
"1961786",0,0
"1961787",0,0
"1962264",0,0
"1962299",0,0
"1962300",0,0
"1962301",0,0
"1963026",0,0
"1963247",0,0
"1963254",0,0
"1963256",0,0
"1963270",0,0
"1963360",0,0
"196398",0,0
"196400",0,0
"196403",0,0
"1964370",0,0
"1964372",0,0
"1964806",0,0
"1965018",0,0
"1965089",0,0
"1965093",0,0
"1965225",0,0
"1965238",0,0
"1965312",0,0
"1965355",0,0
"1965376",0,0
"1965378",0,0
"1965379",0,0
"1965380",0,0
"1965382",0,0
"1965383",0,0
"1965384",0,0
"1965385",0,0
"1966265",0,0
"196690",0,0
"196691",0,0
"1967296",0,0
"1969351",0,0
"1969397",0,0
"1969400",0,0
"1969830",0,0
"1970189",0,0
"1970800",0,0
"1971410",0,0
"1971411",0,0
"1971414",0,0
"1971417",0,0
"1971418",0,0
"1971419",0,0
"1971421",0,0
"1971423",0,0
"1971424",0,0
"1971425",0,0
"1971427",0,0
"1971429",0,0
"1971430",0,0
"1971431",0,0
"1971432",0,0
"1971436",0,0
"1971439",0,0
"1971443",0,0
"1971445",0,0
"1972431",0,0
"1972565",0,0
"1972566",0,0
"1972567",0,0
"1972568",0,0
"1972569",0,0
"1972570",0,0
"1972571",0,0
"1972572",0,0
"1972573",0,0
"1972574",0,0
"1972575",0,0
"1972576",0,0
"1972578",0,0
"1972580",0,0
"1972581",0,0
"1972584",0,0
"1972586",0,0
"1972587",0,0
"1972588",0,0
"1972592",0,0
"1972593",0,0
"1972594",0,0
"1972596",0,0
"1972597",0,0
"1972611",0,0
"1972613",0,0
"1972614",0,0
"1972615",0,0
"1972616",0,0
"1972618",0,0
"1972619",0,0
"1972621",0,0
"1972622",0,0
"1972623",0,0
"1972625",0,0
"1972626",0,0
"1972637",0,0
"1972639",0,0
"1972683",0,0
"1972684",0,0
"1972686",0,0
"1972700",0,0
"1972716",0,0
"1972867",0,0
"1972994",0,0
"197575",0,0
"1977075",0,0
"1977105",0,0
"1977141",0,0
"1977142",0,0
"1977143",0,0
"1977297",0,0
"1977298",0,0
"1977299",0,0
"1977304",0,0
"1977307",0,0
"1977392",0,0
"1977402",0,0
"1977411",0,0
"1977412",0,0
"1977566",0,0
"197771",0,0
"197772",0,0
"1978413",0,0
"1978533",0,0
"1978535",0,0
"1978536",0,0
"1978537",0,0
"1978538",0,0
"1978539",0,0
"1978540",0,0
"1978541",0,0
"1978542",0,0
"1978543",0,0
"1978544",0,0
"1978545",0,0
"1978546",0,0
"1979541",0,0
"1980160",0,0
"1980419",0,0
"1980425",0,0
"1980428",0,0
"1980430",0,0
"1980431",0,0
"1980432",0,0
"1980442",0,0
"1980456",0,0
"1980457",0,0
"1980458",0,0
"1980517",0,0
"1980538",0,0
"1980540",0,0
"1980541",0,0
"1980625",0,0
"1980631",0,0
"1980633",0,0
"1980915",0,0
"1980916",0,0
"1980917",0,0
"1980918",0,0
"1980922",0,0
"1980923",0,0
"1980926",0,0
"1980937",0,0
"1980938",0,0
"1980941",0,0
"1980942",0,0
"1980943",0,0
"1980944",0,0
"1980945",0,0
"1980946",0,0
"1980947",0,0
"1980948",0,0
"1980949",0,0
"1980950",0,0
"1980956",0,0
"1980957",0,0
"1980958",0,0
"1980959",0,0
"1980960",0,0
"1980961",0,0
"1980964",0,0
"1981020",0,0
"1981023",0,0
"1981024",0,0
"1981026",0,0
"1981027",0,0
"1981032",0,0
"1981042",0,0
"1981043",0,0
"1981047",0,0
"1981048",0,0
"1981049",0,0
"1981162",0,0
"1981166",0,0
"1981167",0,0
"1981916",0,0
"1981932",0,0
"1981933",0,0
"1982076",0,0
"1982077",0,0
"1982078",0,0
"1982079",0,0
"1982080",0,0
"1982081",0,0
"1982082",0,0
"1982083",0,0
"1982084",0,0
"1982085",0,0
"1982086",0,0
"1982087",0,0
"1982089",0,0
"1982090",0,0
"1982091",0,0
"1982092",0,0
"1982093",0,0
"1982095",0,0
"1982096",0,0
"1982097",0,0
"1982098",0,0
"1982099",0,0
"1982100",0,0
"1982101",0,0
"1982102",0,0
"1982105",0,0
"1982106",0,0
"1982107",0,0
"1982108",0,0
"1982112",0,0
"1982148",0,0
"1982151",0,0
"1982152",0,0
"1982153",0,0
"1982154",0,0
"1982219",0,0
"1982225",0,0
"1982227",0,0
"1982228",0,0
"1982229",0,0
"1982236",0,0
"1982237",0,0
"1982238",0,0
"1982240",0,0
"1982241",0,0
"1982245",0,0
"1982247",0,0
"1982248",0,0
"1982252",0,0
"1982253",0,0
"1982254",0,0
"1982255",0,0
"1982256",0,0
"1982257",0,0
"1982258",0,0
"1982259",0,0
"1982260",0,0
"1982261",0,0
"1982262",0,0
"1982264",0,0
"1982265",0,0
"1982266",0,0
"1982267",0,0
"1982268",0,0
"1982269",0,0
"1982270",0,0
"1982271",0,0
"1982272",0,0
"1982273",0,0
"1982274",0,0
"1982275",0,0
"1982277",0,0
"1982278",0,0
"1982279",0,0
"1982280",0,0
"1982281",0,0
"1982282",0,0
"1982283",0,0
"1982284",0,0
"1982285",0,0
"1982287",0,0
"1982288",0,0
"1982290",0,0
"1982291",0,0
"1982292",0,0
"1982295",0,0
"1982297",0,0
"1982298",0,0
"1982300",0,0
"1982301",0,0
"1982302",0,0
"1982303",0,0
"1982304",0,0
"1982305",0,0
"1982306",0,0
"1982307",0,0
"1982308",0,0
"1982355",0,0
"1982357",0,0
"1982358",0,0
"1982360",0,0
"1982363",0,0
"1982364",0,0
"1982365",0,0
"1982367",0,0
"1982368",0,0
"1982369",0,0
"1982371",0,0
"1982372",0,0
"1982373",0,0
"1982374",0,0
"1982375",0,0
"1982376",0,0
"1982377",0,0
"1982378",0,0
"1982379",0,0
"1982380",0,0
"1982381",0,0
"1982554",0,0
"1982555",0,0
"1982556",0,0
"1982557",0,0
"1982558",0,0
"1982559",0,0
"1982560",0,0
"1982561",0,0
"1982562",0,0
"1982563",0,0
"1982565",0,0
"1982566",0,0
"1982567",0,0
"1982569",0,0
"1982570",0,0
"1982573",0,0
"1982574",0,0
"1982576",0,0
"1982577",0,0
"1982578",0,0
"1982583",0,0
"1982584",0,0
"1982585",0,0
"1982588",0,0
"1982590",0,0
"1982591",0,0
"1982592",0,0
"1982594",0,0
"1982596",0,0
"1982660",0,0
"1982675",0,0
"1982745",0,0
"1982746",0,0
"1982747",0,0
"1982750",0,0
"1982751",0,0
"1982756",0,0
"1982879",0,0
"1982880",0,0
"1982881",0,0
"1982882",0,0
"1982883",0,0
"1982884",0,0
"1982885",0,0
"1982886",0,0
"1982887",0,0
"1982888",0,0
"1982889",0,0
"1982890",0,0
"1982891",0,0
"1982892",0,0
"1982893",0,0
"1982894",0,0
"1982895",0,0
"1982897",0,0
"1982898",0,0
"1982899",0,0
"1982900",0,0
"1982901",0,0
"1982902",0,0
"1982903",0,0
"1982904",0,0
"1982905",0,0
"1982916",0,0
"1982917",0,0
"1982918",0,0
"1982926",0,0
"1982928",0,0
"1982929",0,0
"1983106",0,0
"1983107",0,0
"1983108",0,0
"1983109",0,0
"1983110",0,0
"1983116",0,0
"1983117",0,0
"1983118",0,0
"1983119",0,0
"1983120",0,0
"1983535",0,0
"1983561",0,0
"1983562",0,0
"1983563",0,0
"1983564",0,0
"1983569",0,0
"1983570",0,0
"1983578",0,0
"1983579",0,0
"1983734",0,0
"1983735",0,0
"1983736",0,0
"1983737",0,0
"1983738",0,0
"1983739",0,0
"1983740",0,0
"1983741",0,0
"1983742",0,0
"1983744",0,0
"1983750",0,0
"1983751",0,0
"1983755",0,0
"1983771",0,0
"1984773",0,0
"1984774",0,0
"1984775",0,0
"1984777",0,0
"1984778",0,0
"1984779",0,0
"1984780",0,0
"1984781",0,0
"1984783",0,0
"1984784",0,0
"1984785",0,0
"1984789",0,0
"1984796",0,0
"1984798",0,0
"1984799",0,0
"1984800",0,0
"1984801",0,0
"1985159",0,0
"1985177",0,0
"1985178",0,0
"1985179",0,0
"1985180",0,0
"1985181",0,0
"1985183",0,0
"1985290",0,0
"1985291",0,0
"1985293",0,0
"1985304",0,0
"1985305",0,0
"1985308",0,0
"1985309",0,0
"1985310",0,0
"1985327",0,0
"1985328",0,0
"1985329",0,0
"1985336",0,0
"1985337",0,0
"1985338",0,0
"1985339",0,0
"1985340",0,0
"1985341",0,0
"1985353",0,0
"1985354",0,0
"1985365",0,0
"1985366",0,0
"1985368",0,0
"1985688",0,0
"1985689",0,0
"1985690",0,0
"1985691",0,0
"1985693",0,0
"1985694",0,0
"1985695",0,0
"1985696",0,0
"1985697",0,0
"1985698",0,0
"1985699",0,0
"1985702",0,0
"1985703",0,0
"1985704",0,0
"1985708",0,0
"1985710",0,0
"1985711",0,0
"1985712",0,0
"1985713",0,0
"1985714",0,0
"1985716",0,0
"1985717",0,0
"1985718",0,0
"1985720",0,0
"1985722",0,0
"1985723",0,0
"1985724",0,0
"1985725",0,0
"1985726",0,0
"1985727",0,0
"1985729",0,0
"1985730",0,0
"1985731",0,0
"1985732",0,0
"1985733",0,0
"1985734",0,0
"1985735",0,0
"1985736",0,0
"1985737",0,0
"1985738",0,0
"1985739",0,0
"1985740",0,0
"198589",0,0
"1985968",0,0
"1985982",0,0
"198599",0,0
"1986015",0,0
"1986017",0,0
"1986018",0,0
"1986020",0,0
"1986021",0,0
"1986022",0,0
"1986023",0,0
"1986024",0,0
"1986027",0,0
"1986029",0,0
"1986112",0,0
"1986113",0,0
"1986118",0,0
"1986350",0,0
"1986538",0,0
"1986540",0,0
"1986958",0,0
"1986960",0,0
"1987013",0,0
"1987017",0,0
"1987018",0,0
"1987019",0,0
"1987123",0,0
"1987124",0,0
"1987125",0,0
"1987126",0,0
"1987127",0,0
"1987128",0,0
"1987129",0,0
"1987130",0,0
"1987146",0,0
"1987148",0,0
"1987149",0,0
"1987150",0,0
"1987152",0,0
"1987153",0,0
"1987154",0,0
"1987155",0,0
"1987156",0,0
"1987157",0,0
"1987158",0,0
"1987360",0,0
"1987403",0,0
"1987500",0,0
"1987729",0,0
"1987938",0,0
"1987940",0,0
"1987987",0,0
"1987988",0,0
"1987989",0,0
"1987993",0,0
"1987994",0,0
"198929",0,0
"1993639",0,0
"1993647",0,0
"1993649",0,0
"1993651",0,0
"1993652",0,0
"1993859",0,0
"1993860",0,0
"1993861",0,0
"1993862",0,0
"1993863",0,0
"1993864",0,0
"1993865",0,0
"1993867",0,0
"1993871",0,0
"1993872",0,0
"1993873",0,0
"1993876",0,0
"1993879",0,0
"1993882",0,0
"1993883",0,0
"1993884",0,0
"1993885",0,0
"1993886",0,0
"1993887",0,0
"1993888",0,0
"1993889",0,0
"1993907",0,0
"199587",0,0
"2000",0,0
"2002831",0,0
"2003120",0,0
"2003308",0,0
"2003327",0,0
"2003391",0,0
"2003398",0,0
"2003498",0,0
"2003499",0,0
"2003502",0,0
"2003503",0,0
"2003504",0,0
"2003505",0,0
"2003506",0,0
"2003649",0,0
"2003650",0,0
"2003651",0,0
"2003652",0,0
"2003678",0,0
"2003680",0,0
"2004",0,0
"2004415",0,0
"2004457",0,0
"2004460",0,0
"2005044",0,0
"2005055",0,0
"2005060",0,0
"2005469",0,0
"2005519",0,0
"2005520",0,0
"2005525",0,0
"2005691",0,0
"2005692",0,0
"2005693",0,0
"2005694",0,0
"2005695",0,0
"2005696",0,0
"2005700",0,0
"2005701",0,0
"2005702",0,0
"2005885",0,0
"2006133",0,0
"2006134",0,0
"2006135",0,0
"2006136",0,0
"2006137",0,0
"2006138",0,0
"2006139",0,0
"2006145",0,0
"200615",0,0
"2006158",0,0
"2006169",0,0
"2006170",0,0
"2006171",0,0
"2006172",0,0
"2006173",0,0
"2006175",0,0
"2006177",0,0
"2006178",0,0
"2006179",0,0
"2006180",0,0
"2006394",0,0
"2006498",0,0
"2006642",0,0
"2006668",0,0
"200667",0,0
"2006671",0,0
"2006928",0,0
"2007196",0,0
"2008790",0,0
"2008793",0,0
"2009331",0,0
"2010269",0,0
"2010273",0,0
"2010278",0,0
"2010279",0,0
"2010280",0,0
"2010281",0,0
"2010316",0,0
"2010317",0,0
"2010319",0,0
"2010321",0,0
"2010323",0,0
"2010326",0,0
"2010327",0,0
"2010331",0,0
"2010333",0,0
"2011073",0,0
"2011075",0,0
"2011077",0,0
"2011078",0,0
"2011079",0,0
"2011080",0,0
"2011081",0,0
"2011082",0,0
"2011088",0,0
"2012",0,0
"2012856",0,0
"2012857",0,0
"2013564",0,0
"2013968",0,0
"2014347",0,0
"2014434",0,0
"2014542",0,0
"2014742",0,0
"201500",0,0
"2015348",0,0
"2015361",0,0
"2015374",0,0
"2015376",0,0
"2015795",0,0
"2015816",0,0
"2015864",0,0
"2015871",0,0
"2016034",0,0
"2016426",0,0
"2016427",0,0
"2016448",0,0
"2016456",0,0
"2016457",0,0
"2016460",0,0
"2016461",0,0
"2016467",0,0
"2016468",0,0
"2017081",0,0
"2017082",0,0
"2017083",0,0
"2017714",0,0
"2017716",0,0
"2018065",0,0
"2018067",0,0
"2018312",0,0
"2018313",0,0
"201847",0,0
"2018471",0,0
"2018500",0,0
"2018502",0,0
"2018503",0,0
"2018564",0,0
"201862",0,0
"2018685",0,0
"2019",0,0
"2019445",0,0
"2020286",0,0
"2020287",0,0
"2020881",0,0
"2021212",0,0
"2021666",0,0
"2021667",0,0
"2021738",0,0
"2022656",0,0
"2022738",0,0
"2022739",0,0
"2023155",0,0
"2024214",0,0
"2024274",0,0
"2024275",0,0
"2024277",0,0
"2024279",0,0
"2024312",0,0
"2024526",0,0
"2024611",0,0
"2024614",0,0
"2024615",0,0
"2024616",0,0
"202462",0,0
"2024724",0,0
"2025079",0,0
"2025333",0,0
"2025338",0,0
"2025339",0,0
"2025388",0,0
"2025396",0,0
"2025397",0,0
"2025398",0,0
"2025595",0,0
"202568",0,0
"2025876",0,0
"2026195",0,0
"2026248",0,0
"2026601",0,0
"2027243",0,0
"2027645",0,0
"2029303",0,0
"2029304",0,0
"2029305",0,0
"2029306",0,0
"2029771",0,0
"2030126",0,0
"2030909",0,0
"2030954",0,0
"2030964",0,0
"2031165",0,0
"2031166",0,0
"2031200",0,0
"203168",0,0
"2032563",0,0
"2032573",0,0
"2032989",0,0
"2033844",0,0
"2034156",0,0
"2034157",0,0
"2034343",0,0
"2034996",0,0
"203557",0,0
"2035708",0,0
"2036",0,0
"2036037",0,0
"2038470",0,0
"2038729",0,0
"2039240",0,0
"2039267",0,0
"2039639",0,0
"2039870",0,0
"204050",0,0
"2040655",0,0
"2040656",0,0
"2040657",0,0
"2040658",0,0
"2040659",0,0
"2040662",0,0
"2040663",0,0
"204090",0,0
"2041350",0,0
"2041419",0,0
"2041496",0,0
"2041504",0,0
"2041505",0,0
"2041855",0,0
"2041859",0,0
"2042206",0,0
"204269",0,0
"2043550",0,0
"204456",0,0
"2044576",0,0
"2045186",0,0
"2045345",0,0
"2045373",0,0
"2045504",0,0
"204619",0,0
"2047761",0,0
"2047765",0,0
"2047786",0,0
"2047832",0,0
"204873",0,0
"204933",0,0
"204987",0,0
"2049885",0,0
"2049886",0,0
"2049887",0,0
"2049888",0,0
"2049890",0,0
"2049892",0,0
"2049893",0,0
"2049933",0,0
"2049935",0,0
"2049937",0,0
"2049938",0,0
"2050",0,0
"2050018",0,0
"2050019",0,0
"2050020",0,0
"2050021",0,0
"2050037",0,0
"2050039",0,0
"2050971",0,0
"2051",0,0
"2051905",0,0
"2052157",0,0
"2052561",0,0
"2052563",0,0
"2052657",0,0
"2052899",0,0
"2053079",0,0
"2053080",0,0
"2053669",0,0
"2053697",0,0
"2054179",0,0
"2054611",0,0
"2054916",0,0
"2054920",0,0
"2055262",0,0
"2056161",0,0
"2056194",0,0
"2056385",0,0
"2056878",0,0
"2056881",0,0
"2056882",0,0
"2056886",0,0
"2057198",0,0
"2057942",0,0
"2058093",0,0
"2058097",0,0
"2058174",0,0
"2058298",0,0
"2058316",0,0
"2058317",0,0
"2058318",0,0
"2058320",0,0
"2058324",0,0
"2058330",0,0
"2058396",0,0
"2058620",0,0
"205868",0,0
"205870",0,0
"205872",0,0
"205875",0,0
"205876",0,0
"205879",0,0
"2058884",0,0
"205895",0,0
"205896",0,0
"205899",0,0
"205908",0,0
"205910",0,0
"2059867",0,0
"2059875",0,0
"2060084",0,0
"2060093",0,0
"2060094",0,0
"2060112",0,0
"2060142",0,0
"2060511",0,0
"2060778",0,0
"2063",0,0
"206379",0,0
"206392",0,0
"2065033",0,0
"2065211",0,0
"2065797",0,0
"2066491",0,0
"2067572",0,0
"2069319",0,0
"2069320",0,0
"2069321",0,0
"2069322",0,0
"2069323",0,0
"2069324",0,0
"2069325",0,0
"2069326",0,0
"2069327",0,0
"2069608",0,0
"2070152",0,0
"2070199",0,0
"2070348",0,0
"2070759",0,0
"2071627",0,0
"207240",0,0
"2072407",0,0
"2072410",0,0
"2072411",0,0
"2073044",0,0
"2073163",0,0
"207343",0,0
"2074132",0,0
"2077136",0,0
"2077137",0,0
"2077147",0,0
"2077299",0,0
"2077300",0,0
"2077302",0,0
"2077303",0,0
"2077304",0,0
"2077305",0,0
"2077306",0,0
"2077307",0,0
"207809",0,0
"2079134",0,0
"2079148",0,0
"2079257",0,0
"2079397",0,0
"2079458",0,0
"2079465",0,0
"2079554",0,0
"2079570",0,0
"2080107",0,0
"2080823",0,0
"2081631",0,0
"2081702",0,0
"2082585",0,0
"2082586",0,0
"2082587",0,0
"2082658",0,0
"2083051",0,0
"2083181",0,0
"2083182",0,0
"2083198",0,0
"2083199",0,0
"2083207",0,0
"2083275",0,0
"2083444",0,0
"2083445",0,0
"208439",0,0
"209052",0,0
"2093224",0,0
"2093273",0,0
"2093274",0,0
"2093276",0,0
"2093496",0,0
"2093789",0,0
"2093823",0,0
"2093834",0,0
"2094023",0,0
"2094259",0,0
"2094260",0,0
"2094261",0,0
"2094282",0,0
"2094713",0,0
"2094736",0,0
"2099352",0,0
"2099521",0,0
"2099567",0,0
"2100421",0,0
"2107707",0,0
"2107713",0,0
"2108109",0,0
"2108111",0,0
"2108123",0,0
"2108201",0,0
"2108205",0,0
"210827",0,0
"2108549",0,0
"2108552",0,0
"2109380",0,0
"2109686",0,0
"211464",0,0
"211595",0,0
"2116174",0,0
"2116176",0,0
"2116179",0,0
"2116182",0,0
"2116188",0,0
"2116189",0,0
"2116195",0,0
"2116197",0,0
"2116198",0,0
"2116201",0,0
"2116202",0,0
"2116207",0,0
"2116210",0,0
"2116363",0,0
"2116384",0,0
"2116599",0,0
"2116702",0,0
"2116706",0,0
"211977",0,0
"2122733",0,0
"2126099",0,0
"2126281",0,0
"2126319",0,0
"2126928",0,0
"2126929",0,0
"212743",0,0
"212790",0,0
"213034",0,0
"213116",0,0
"213119",0,0
"213121",0,0
"213421",0,0
"213422",0,0
"213465",0,0
"213483",0,0
"2136037",0,0
"2136038",0,0
"213633",0,0
"2137352",0,0
"2137353",0,0
"2137354",0,0
"2137541",0,0
"2137542",0,0
"2137544",0,0
"2137546",0,0
"213769",0,0
"213775",0,0
"2137858",0,0
"2138326",0,0
"2144",0,0
"2144178",0,0
"214439",0,0
"215167",0,0
"2152567",0,0
"2152923",0,0
"2155",0,0
"2158",0,0
"2159",0,0
"2161803",0,0
"2161807",0,0
"2161809",0,0
"2161875",0,0
"2161876",0,0
"2161878",0,0
"2162642",0,0
"2162846",0,0
"2163422",0,0
"216371",0,0
"2163965",0,0
"2163996",0,0
"2164061",0,0
"2164100",0,0
"216614",0,0
"2169529",0,0
"2169532",0,0
"2169534",0,0
"2169571",0,0
"2169607",0,0
"2169611",0,0
"2169613",0,0
"2169621",0,0
"2169623",0,0
"2169624",0,0
"2169625",0,0
"2169636",0,0
"2169643",0,0
"2169647",0,0
"2169651",0,0
"2169652",0,0
"2169653",0,0
"2169657",0,0
"2169658",0,0
"2169663",0,0
"2169666",0,0
"2169668",0,0
"2169669",0,0
"2169685",0,0
"2169686",0,0
"2169687",0,0
"2169688",0,0
"2169690",0,0
"2169692",0,0
"2169693",0,0
"2169700",0,0
"2169701",0,0
"2169704",0,0
"2169705",0,0
"2169707",0,0
"2169708",0,0
"2169709",0,0
"2169721",0,0
"2169722",0,0
"2169723",0,0
"2169730",0,0
"2169731",0,0
"2169734",0,0
"2169735",0,0
"2169738",0,0
"2169739",0,0
"2169740",0,0
"2169741",0,0
"2169742",0,0
"2169744",0,0
"2169747",0,0
"2169775",0,0
"2169798",0,0
"2169799",0,0
"2169801",0,0
"2169802",0,0
"2169803",0,0
"2169807",0,0
"2169808",0,0
"2169809",0,0
"2169810",0,0
"2169811",0,0
"2169812",0,0
"2169814",0,0
"2169824",0,0
"2169825",0,0
"2169827",0,0
"2169829",0,0
"2169834",0,0
"2169843",0,0
"2169853",0,0
"2169854",0,0
"2169857",0,0
"2169858",0,0
"2169859",0,0
"2169860",0,0
"2169861",0,0
"2169862",0,0
"2169864",0,0
"2169865",0,0
"2169866",0,0
"2169867",0,0
"2169868",0,0
"2169870",0,0
"2169871",0,0
"2169872",0,0
"2169873",0,0
"2169876",0,0
"2169877",0,0
"2169878",0,0
"2169879",0,0
"2169880",0,0
"2169881",0,0
"2169882",0,0
"2169884",0,0
"2169886",0,0
"2169893",0,0
"2169894",0,0
"2169902",0,0
"2169904",0,0
"2169905",0,0
"2169910",0,0
"2169918",0,0
"2169919",0,0
"2169920",0,0
"2169922",0,0
"2169923",0,0
"2169925",0,0
"2169926",0,0
"2169927",0,0
"2169936",0,0
"2169937",0,0
"2169960",0,0
"2169961",0,0
"2169963",0,0
"2169965",0,0
"2169966",0,0
"2169970",0,0
"2169971",0,0
"2169973",0,0
"2169974",0,0
"2169975",0,0
"2169976",0,0
"2169978",0,0
"2169979",0,0
"2169980",0,0
"2169981",0,0
"2169991",0,0
"2170001",0,0
"2170002",0,0
"2170003",0,0
"2170004",0,0
"2170005",0,0
"2170006",0,0
"2170007",0,0
"2170008",0,0
"2170030",0,0
"2170041",0,0
"2170042",0,0
"2170044",0,0
"2170045",0,0
"2170046",0,0
"2170050",0,0
"2170052",0,0
"2170053",0,0
"2170061",0,0
"2170064",0,0
"2170091",0,0
"2170098",0,0
"2170099",0,0
"2170100",0,0
"2170101",0,0
"2170103",0,0
"2170105",0,0
"2170106",0,0
"2170108",0,0
"2170109",0,0
"2170110",0,0
"2170114",0,0
"2170115",0,0
"2170119",0,0
"2170121",0,0
"2170123",0,0
"2170124",0,0
"2170126",0,0
"2170132",0,0
"2170135",0,0
"2170139",0,0
"2170170",0,0
"2170171",0,0
"2170172",0,0
"2170173",0,0
"2170174",0,0
"2170191",0,0
"2170193",0,0
"2170195",0,0
"2170197",0,0
"2170198",0,0
"2170199",0,0
"2170200",0,0
"2170203",0,0
"2170205",0,0
"2170206",0,0
"2170215",0,0
"2170217",0,0
"2170221",0,0
"2170224",0,0
"2170233",0,0
"2170234",0,0
"2170235",0,0
"2170236",0,0
"2170237",0,0
"2170240",0,0
"2170246",0,0
"2170247",0,0
"2170248",0,0
"2170250",0,0
"2170251",0,0
"2170253",0,0
"2170255",0,0
"2170256",0,0
"2170403",0,0
"2170408",0,0
"2170423",0,0
"2170745",0,0
"2171497",0,0
"2171498",0,0
"2171499",0,0
"2171500",0,0
"2172548",0,0
"2173174",0,0
"2174902",0,0
"2174956",0,0
"2175117",0,0
"2175118",0,0
"2175329",0,0
"2175632",0,0
"2175635",0,0
"2175664",0,0
"217615",0,0
"218111",0,0
"2182344",0,0
"2182395",0,0
"2182397",0,0
"2182400",0,0
"2182585",0,0
"2184399",0,0
"2184469",0,0
"2185086",0,0
"2185281",0,0
"218667",0,0
"218849",0,0
"218923",0,0
"2191",0,0
"219174",0,0
"219181",0,0
"219299",0,0
"2194",0,0
"2195",0,0
"219574",0,0
"219584",0,0
"219596",0,0
"219687",0,0
"219744",0,0
"2198",0,0
"2200716",0,0
"2200830",0,0
"2200955",0,0
"2201042",0,0
"2201426",0,0
"2201427",0,0
"2201441",0,0
"2202146",0,0
"2202225",0,0
"2202565",0,0
"2202647",0,0
"220340",0,0
"2204155",0,0
"220608",0,0
"220812",0,0
"221036",0,0
"221054",0,0
"221065",0,0
"2211641",0,0
"2212477",0,0
"221262",0,0
"2212850",0,0
"2213167",0,0
"2213168",0,0
"2216012",0,0
"2217825",0,0
"2217830",0,0
"2217867",0,0
"2218594",0,0
"2218617",0,0
"2218618",0,0
"2218619",0,0
"2219092",0,0
"2219118",0,0
"2219120",0,0
"2219133",0,0
"2219137",0,0
"2219138",0,0
"2219139",0,0
"2219141",0,0
"2219143",0,0
"2220",0,0
"2220002",0,0
"2220003",0,0
"222079",0,0
"222450",0,0
"222474",0,0
"222557",0,0
"222645",0,0
"2231056",0,0
"2231334",0,0
"2231706",0,0
"2232",0,0
"223252",0,0
"223260",0,0
"223262",0,0
"223264",0,0
"223282",0,0
"223284",0,0
"223287",0,0
"2233",0,0
"223301",0,0
"223305",0,0
"223307",0,0
"223308",0,0
"223313",0,0
"223314",0,0
"223316",0,0
"223317",0,0
"223321",0,0
"223323",0,0
"223324",0,0
"223332",0,0
"223337",0,0
"223342",0,0
"223344",0,0
"223345",0,0
"223346",0,0
"223347",0,0
"223352",0,0
"223356",0,0
"2234086",0,0
"2234092",0,0
"223785",0,0
"223901",0,0
"224578",0,0
"2248",0,0
"2249",0,0
"2250219",0,0
"2250368",0,0
"2250389",0,0
"2250409",0,0
"2250412",0,0
"2250414",0,0
"2250452",0,0
"2250469",0,0
"225143",0,0
"225362",0,0
"225588",0,0
"2259335",0,0
"2259883",0,0
"2260",0,0
"226584",0,0
"226613",0,0
"2267265",0,0
"2267655",0,0
"2268",0,0
"2268087",0,0
"2268125",0,0
"2268743",0,0
"2270",0,0
"2272",0,0
"2273",0,0
"227507",0,0
"227979",0,0
"2282124",0,0
"2282173",0,0
"2282409",0,0
"2282485",0,0
"2282642",0,0
"2282643",0,0
"2282645",0,0
"2282646",0,0
"2283027",0,0
"2283028",0,0
"2283236",0,0
"2283289",0,0
"2283388",0,0
"2283800",0,0
"2284",0,0
"228578",0,0
"228582",0,0
"228897",0,0
"229030",0,0
"2292426",0,0
"2292642",0,0
"2292651",0,0
"2293277",0,0
"2293280",0,0
"2293285",0,0
"2293289",0,0
"2293290",0,0
"2293291",0,0
"2293292",0,0
"2293295",0,0
"2293296",0,0
"2293298",0,0
"2293300",0,0
"2293304",0,0
"2293305",0,0
"2293309",0,0
"2293310",0,0
"2293720",0,0
"2294149",0,0
"2294150",0,0
"2294151",0,0
"2294152",0,0
"2294156",0,0
"230158",0,0
"2301635",0,0
"2301693",0,0
"2301720",0,0
"2301721",0,0
"2301722",0,0
"2301732",0,0
"2302",0,0
"2303160",0,0
"2303411",0,0
"2303527",0,0
"2304056",0,0
"2304463",0,0
"2304477",0,0
"2304480",0,0
"2304505",0,0
"2304510",0,0
"2304516",0,0
"2304617",0,0
"2304618",0,0
"2304619",0,0
"2304620",0,0
"2304647",0,0
"2305250",0,0
"2305257",0,0
"2305465",0,0
"2306623",0,0
"230666",0,0
"2306727",0,0
"2306813",0,0
"2307",0,0
"230871",0,0
"231374",0,0
"2315478",0,0
"2315627",0,0
"2315724",0,0
"2315803",0,0
"2315806",0,0
"2315807",0,0
"2315809",0,0
"2315813",0,0
"2316",0,0
"2316740",0,0
"2319",0,0
"2320184",0,0
"2320522",0,0
"2320870",0,0
"2321187",0,0
"232237",0,0
"232380",0,0
"232800",0,0
"233051",0,0
"233067",0,0
"2338394",0,0
"233894",0,0
"2340808",0,0
"2341050",0,0
"235201",0,0
"235266",0,0
"2358449",0,0
"235888",0,0
"235899",0,0
"236",0,0
"2364201",0,0
"2364202",0,0
"2364281",0,0
"2364291",0,0
"2364644",0,0
"2364645",0,0
"2364646",0,0
"2365005",0,0
"2365010",0,0
"2365012",0,0
"2365015",0,0
"2365016",0,0
"2365017",0,0
"2365021",0,0
"2365026",0,0
"2365027",0,0
"2365028",0,0
"2365030",0,0
"2365031",0,0
"2365032",0,0
"2365037",0,0
"2365038",0,0
"2365039",0,0
"2365041",0,0
"2365042",0,0
"2365043",0,0
"2365044",0,0
"2365045",0,0
"2365048",0,0
"2365051",0,0
"2365055",0,0
"2365056",0,0
"2370",0,0
"237020",0,0
"2375",0,0
"237716",0,0
"2382122",0,0
"239",0,0
"239365",0,0
"240411",0,0
"240426",0,0
"240865",0,0
"241651",0,0
"2419610",0,0
"2419611",0,0
"2419628",0,0
"2419630",0,0
"2419631",0,0
"2419632",0,0
"2419635",0,0
"2419636",0,0
"2419638",0,0
"2419640",0,0
"2419649",0,0
"2419660",0,0
"2419666",0,0
"2419667",0,0
"2419747",0,0
"2419748",0,0
"2419804",0,0
"2419805",0,0
"2419940",0,0
"2419945",0,0
"2419947",0,0
"2419948",0,0
"2419952",0,0
"2419957",0,0
"2419963",0,0
"2419964",0,0
"2419968",0,0
"2420135",0,0
"2420301",0,0
"2420305",0,0
"2420308",0,0
"2420310",0,0
"2420313",0,0
"2423",0,0
"2425",0,0
"242527",0,0
"242710",0,0
"2433",0,0
"243550",0,0
"243563",0,0
"244050",0,0
"244310",0,0
"2448811",0,0
"245685",0,0
"246144",0,0
"246280",0,0
"2468",0,0
"246861",0,0
"246875",0,0
"2474",0,0
"2479372",0,0
"2479393",0,0
"2480172",0,0
"2480177",0,0
"2480178",0,0
"2480179",0,0
"2480188",0,0
"2480193",0,0
"2483307",0,0
"2483367",0,0
"2483609",0,0
"2483661",0,0
"2483673",0,0
"2483794",0,0
"2483878",0,0
"2485839",0,0
"2486070",0,0
"2486281",0,0
"2486665",0,0
"2487150",0,0
"2488595",0,0
"2488596",0,0
"2488957",0,0
"2490452",0,0
"2490813",0,0
"2490814",0,0
"2490815",0,0
"2490816",0,0
"2490817",0,0
"2490853",0,0
"2491019",0,0
"2491323",0,0
"249184",0,0
"2492447",0,0
"2492466",0,0
"2492468",0,0
"2493107",0,0
"2493108",0,0
"2493109",0,0
"2494552",0,0
"2494563",0,0
"2495429",0,0
"2495532",0,0
"249583",0,0
"249584",0,0
"2496634",0,0
"2497644",0,0
"2499023",0,0
"2499242",0,0
"2499618",0,0
"2499621",0,0
"2499622",0,0
"2499625",0,0
"2499677",0,0
"2499678",0,0
"2499680",0,0
"2499685",0,0
"2499930",0,0
"2499932",0,0
"2500166",0,0
"2500542",0,0
"2500543",0,0
"2500559",0,0
"2501271",0,0
"2501272",0,0
"2501923",0,0
"2501925",0,0
"2501926",0,0
"2501927",0,0
"2501928",0,0
"2501929",0,0
"2501933",0,0
"2501934",0,0
"2501937",0,0
"2501938",0,0
"2501942",0,0
"2501943",0,0
"2501944",0,0
"2501945",0,0
"2501946",0,0
"2501947",0,0
"2501948",0,0
"2501950",0,0
"2501955",0,0
"2501956",0,0
"2501957",0,0
"2501958",0,0
"2501960",0,0
"2501961",0,0
"2501962",0,0
"2501964",0,0
"2501965",0,0
"2501966",0,0
"2501969",0,0
"2501999",0,0
"2502000",0,0
"2502431",0,0
"2507290",0,0
"2507301",0,0
"2507303",0,0
"2507320",0,0
"2507498",0,0
"2507499",0,0
"2507500",0,0
"2507501",0,0
"2507502",0,0
"2507503",0,0
"2507504",0,0
"2507505",0,0
"2507689",0,0
"2508185",0,0
"2508186",0,0
"2508187",0,0
"2508203",0,0
"2508235",0,0
"2508237",0,0
"2508251",0,0
"2508252",0,0
"2508254",0,0
"2508255",0,0
"2508259",0,0
"2509152",0,0
"2509266",0,0
"2509379",0,0
"2509380",0,0
"2509381",0,0
"2509382",0,0
"2509383",0,0
"2509395",0,0
"2509576",0,0
"2509586",0,0
"2509662",0,0
"2509728",0,0
"2509729",0,0
"2509748",0,0
"2509764",0,0
"2509781",0,0
"2509787",0,0
"2510428",0,0
"2510494",0,0
"2510522",0,0
"2517212",0,0
"2518008",0,0
"2518373",0,0
"2518495",0,0
"2528965",0,0
"2529121",0,0
"2530021",0,0
"2530023",0,0
"2530028",0,0
"2530161",0,0
"2530391",0,0
"2530392",0,0
"253629",0,0
"253700",0,0
"253701",0,0
"253702",0,0
"254245",0,0
"254250",0,0
"2544873",0,0
"2544984",0,0
"2545800",0,0
"2546034",0,0
"2547312",0,0
"2547432",0,0
"2547964",0,0
"255066",0,0
"255238",0,0
"255255",0,0
"255431",0,0
"255527",0,0
"2557875",0,0
"2557970",0,0
"2558055",0,0
"2558066",0,0
"2558458",0,0
"2559074",0,0
"2560029",0,0
"2560096",0,0
"2560099",0,0
"2560102",0,0
"2560111",0,0
"2560122",0,0
"2560127",0,0
"2560128",0,0
"2560133",0,0
"2560134",0,0
"2560141",0,0
"2560144",0,0
"2560147",0,0
"2560149",0,0
"2560150",0,0
"2560153",0,0
"2560154",0,0
"2560156",0,0
"2560158",0,0
"2560161",0,0
"2560163",0,0
"2560172",0,0
"2560176",0,0
"2560189",0,0
"2560196",0,0
"2560197",0,0
"2560202",0,0
"2560210",0,0
"2560214",0,0
"2560220",0,0
"2560226",0,0
"2560233",0,0
"2560238",0,0
"2560245",0,0
"2560248",0,0
"2560255",0,0
"2560259",0,0
"2560260",0,0
"2560261",0,0
"2560262",0,0
"2560263",0,0
"2560264",0,0
"2560266",0,0
"2560267",0,0
"2560268",0,0
"2560272",0,0
"2560274",0,0
"2560275",0,0
"2560276",0,0
"2560279",0,0
"2560280",0,0
"2560281",0,0
"2560282",0,0
"2560283",0,0
"2560284",0,0
"2560285",0,0
"2560287",0,0
"2560288",0,0
"2560290",0,0
"2560291",0,0
"2560292",0,0
"2560293",0,0
"2560296",0,0
"2560297",0,0
"2560298",0,0
"2560299",0,0
"2560300",0,0
"2560301",0,0
"2560302",0,0
"2560303",0,0
"2560304",0,0
"2560305",0,0
"2560306",0,0
"2560307",0,0
"2560308",0,0
"2560309",0,0
"2560329",0,0
"2560330",0,0
"2560331",0,0
"2560332",0,0
"2560333",0,0
"2560335",0,0
"2560336",0,0
"2560343",0,0
"2560350",0,0
"2560353",0,0
"2560354",0,0
"2560355",0,0
"2560356",0,0
"2560358",0,0
"2560359",0,0
"2560360",0,0
"2560366",0,0
"2560367",0,0
"2560370",0,0
"2560376",0,0
"2560377",0,0
"2560379",0,0
"2560381",0,0
"2560383",0,0
"2560384",0,0
"2560386",0,0
"2560387",0,0
"2560388",0,0
"2560389",0,0
"2560390",0,0
"2560392",0,0
"2560393",0,0
"2560394",0,0
"2560395",0,0
"2560397",0,0
"2560398",0,0
"2560399",0,0
"2560406",0,0
"2560407",0,0
"2560409",0,0
"2560414",0,0
"2560416",0,0
"2560417",0,0
"2560421",0,0
"2560424",0,0
"2560427",0,0
"2560428",0,0
"2560429",0,0
"2560430",0,0
"2560433",0,0
"2560435",0,0
"2560437",0,0
"2560438",0,0
"2560439",0,0
"2560440",0,0
"2560443",0,0
"2560444",0,0
"2560445",0,0
"2560446",0,0
"2560448",0,0
"2560449",0,0
"2560452",0,0
"2560454",0,0
"2560455",0,0
"2560456",0,0
"2560460",0,0
"2560463",0,0
"2560464",0,0
"2560466",0,0
"2560469",0,0
"2560470",0,0
"2560471",0,0
"2560472",0,0
"2560473",0,0
"2560475",0,0
"2560478",0,0
"2560479",0,0
"2560482",0,0
"2560484",0,0
"2560485",0,0
"2560487",0,0
"2560488",0,0
"2560489",0,0
"2560490",0,0
"2560491",0,0
"2560492",0,0
"2560493",0,0
"2560494",0,0
"2560495",0,0
"2560496",0,0
"2560497",0,0
"2560498",0,0
"2560500",0,0
"2560501",0,0
"2560502",0,0
"2560503",0,0
"2560504",0,0
"2560505",0,0
"2560507",0,0
"2560508",0,0
"2560509",0,0
"2560510",0,0
"2560511",0,0
"2560512",0,0
"2560513",0,0
"2560514",0,0
"2560515",0,0
"2560530",0,0
"2560531",0,0
"2560534",0,0
"2560535",0,0
"2560539",0,0
"2560542",0,0
"2560543",0,0
"2560546",0,0
"2560548",0,0
"2560551",0,0
"2560552",0,0
"2560553",0,0
"2560555",0,0
"2560557",0,0
"2560560",0,0
"2560561",0,0
"2560574",0,0
"2560578",0,0
"2560579",0,0
"2560588",0,0
"2560589",0,0
"2560590",0,0
"2560591",0,0
"2560592",0,0
"2560593",0,0
"2560594",0,0
"2560595",0,0
"2560596",0,0
"2560597",0,0
"2560604",0,0
"2560606",0,0
"2560607",0,0
"2560608",0,0
"2560611",0,0
"2560612",0,0
"2560615",0,0
"2560618",0,0
"2560619",0,0
"2560620",0,0
"2560621",0,0
"2560622",0,0
"2560623",0,0
"2560625",0,0
"2560629",0,0
"2560630",0,0
"2560631",0,0
"2560632",0,0
"2560633",0,0
"2560634",0,0
"2560636",0,0
"2560644",0,0
"2560648",0,0
"2560649",0,0
"2560653",0,0
"2560654",0,0
"2560655",0,0
"2560656",0,0
"2560657",0,0
"2560658",0,0
"2560660",0,0
"2560661",0,0
"2560662",0,0
"2560664",0,0
"2560665",0,0
"2560666",0,0
"2560667",0,0
"2560668",0,0
"2560669",0,0
"2560670",0,0
"2560671",0,0
"2560672",0,0
"2560673",0,0
"2560674",0,0
"2560676",0,0
"2560677",0,0
"2560678",0,0
"2560679",0,0
"2560680",0,0
"2560682",0,0
"2560683",0,0
"2560684",0,0
"2560685",0,0
"2560686",0,0
"2560687",0,0
"2560688",0,0
"2560689",0,0
"2560690",0,0
"2560691",0,0
"2560692",0,0
"2560697",0,0
"2560699",0,0
"2560700",0,0
"2560701",0,0
"2560702",0,0
"2560703",0,0
"2560704",0,0
"2560705",0,0
"2560706",0,0
"2560719",0,0
"2560720",0,0
"2560721",0,0
"2560722",0,0
"2560723",0,0
"2560724",0,0
"2560725",0,0
"2560728",0,0
"2560729",0,0
"2560731",0,0
"2560732",0,0
"2560733",0,0
"2560734",0,0
"2560735",0,0
"2560736",0,0
"2560738",0,0
"2560739",0,0
"2560740",0,0
"2560744",0,0
"2560745",0,0
"2560747",0,0
"2560748",0,0
"2560752",0,0
"2560753",0,0
"2560755",0,0
"2560756",0,0
"2560757",0,0
"2560758",0,0
"2560759",0,0
"2560760",0,0
"2560761",0,0
"2560762",0,0
"2560763",0,0
"2560765",0,0
"2560774",0,0
"2560775",0,0
"2560778",0,0
"2560781",0,0
"2560782",0,0
"2560783",0,0
"2560784",0,0
"2560785",0,0
"2560786",0,0
"2560788",0,0
"2560789",0,0
"2560790",0,0
"2560792",0,0
"2560802",0,0
"2560804",0,0
"2560809",0,0
"2560811",0,0
"2560812",0,0
"2560822",0,0
"2560829",0,0
"2560831",0,0
"2560834",0,0
"2560835",0,0
"2560839",0,0
"2560842",0,0
"2560843",0,0
"2560845",0,0
"2560847",0,0
"2560848",0,0
"2562174",0,0
"2562181",0,0
"2562463",0,0
"2562518",0,0
"2562807",0,0
"256319",0,0
"256325",0,0
"2563602",0,0
"2563665",0,0
"2563666",0,0
"2563667",0,0
"2563670",0,0
"2563671",0,0
"2565372",0,0
"2565509",0,0
"2565557",0,0
"2565560",0,0
"2565561",0,0
"2565596",0,0
"2565914",0,0
"256818",0,0
"2569569",0,0
"2569586",0,0
"2570191",0,0
"2571",0,0
"2571246",0,0
"2571247",0,0
"2571250",0,0
"2571252",0,0
"2571287",0,0
"2572065",0,0
"2572069",0,0
"2572082",0,0
"2572083",0,0
"2572084",0,0
"2572085",0,0
"2572529",0,0
"257277",0,0
"2575",0,0
"2575328",0,0
"2575355",0,0
"2575357",0,0
"2575832",0,0
"2576406",0,0
"2576606",0,0
"2576763",0,0
"2576839",0,0
"2576871",0,0
"2578110",0,0
"2578113",0,0
"2578114",0,0
"2578115",0,0
"257816",0,0
"2580409",0,0
"2582827",0,0
"2582914",0,0
"2583530",0,0
"2583584",0,0
"2583589",0,0
"2583590",0,0
"2583591",0,0
"2583592",0,0
"2583593",0,0
"2583631",0,0
"2585772",0,0
"2586199",0,0
"2586645",0,0
"2587225",0,0
"2587564",0,0
"2587565",0,0
"2587597",0,0
"2587857",0,0
"2587859",0,0
"2587860",0,0
"2587863",0,0
"2587864",0,0
"2587866",0,0
"2587867",0,0
"2587869",0,0
"2588096",0,0
"2588133",0,0
"2588299",0,0
"2588498",0,0
"2588512",0,0
"2588937",0,0
"2589659",0,0
"2589992",0,0
"2590774",0,0
"2590895",0,0
"2590931",0,0
"2590932",0,0
"2591025",0,0
"2591069",0,0
"2591110",0,0
"2591117",0,0
"2591118",0,0
"2591121",0,0
"2591189",0,0
"2591209",0,0
"2591213",0,0
"2591214",0,0
"2591215",0,0
"2591216",0,0
"2591217",0,0
"2591226",0,0
"2591379",0,0
"2591635",0,0
"2591696",0,0
"2592163",0,0
"2592193",0,0
"2592216",0,0
"2592625",0,0
"2592816",0,0
"2592817",0,0
"2593322",0,0
"2593324",0,0
"2593327",0,0
"2593331",0,0
"2593335",0,0
"2593656",0,0
"2593922",0,0
"2593930",0,0
"2594007",0,0
"2594453",0,0
"2594455",0,0
"2594456",0,0
"2594457",0,0
"2594458",0,0
"2594460",0,0
"2594462",0,0
"2594463",0,0
"2596676",0,0
"2596709",0,0
"2596714",0,0
"2596827",0,0
"2596881",0,0
"2596882",0,0
"2596883",0,0
"2596899",0,0
"2596902",0,0
"2596974",0,0
"2597701",0,0
"2597809",0,0
"259901",0,0
"2599307",0,0
"2599622",0,0
"2599847",0,0
"2599866",0,0
"2599870",0,0
"2599890",0,0
"2600160",0,0
"2600161",0,0
"2600347",0,0
"260121",0,0
"2601256",0,0
"2601574",0,0
"2601608",0,0
"2601632",0,0
"2601635",0,0
"2601652",0,0
"2601660",0,0
"2601695",0,0
"2603244",0,0
"2603245",0,0
"2603260",0,0
"2603322",0,0
"2603436",0,0
"260373",0,0
"260374",0,0
"260375",0,0
"260379",0,0
"2603849",0,0
"2604334",0,0
"2604840",0,0
"2605730",0,0
"2607629",0,0
"2608085",0,0
"2608320",0,0
"2608606",0,0
"2608978",0,0
"2609058",0,0
"260908",0,0
"260909",0,0
"260915",0,0
"260917",0,0
"2609251",0,0
"2609252",0,0
"2609256",0,0
"2609807",0,0
"2609808",0,0
"2609809",0,0
"261164",0,0
"2613793",0,0
"2614160",0,0
"2614801",0,0
"261524",0,0
"261726",0,0
"261827",0,0
"261963",0,0
"262078",0,0
"262588",0,0
"262968",0,0
"263001",0,0
"263004",0,0
"263377",0,0
"2651595",0,0
"2652405",0,0
"2652411",0,0
"2652879",0,0
"2652880",0,0
"2652881",0,0
"265294",0,0
"2653271",0,0
"2653275",0,0
"2653507",0,0
"2653508",0,0
"2653660",0,0
"2653709",0,0
"2653718",0,0
"2654280",0,0
"2654281",0,0
"2654843",0,0
"265488",0,0
"2655",0,0
"265606",0,0
"2656530",0,0
"2656538",0,0
"2656546",0,0
"2656550",0,0
"2656551",0,0
"2656554",0,0
"2656740",0,0
"265877",0,0
"265949",0,0
"2660638",0,0
"2660749",0,0
"2660760",0,0
"2661922",0,0
"2662034",0,0
"2662136",0,0
"2662277",0,0
"2662283",0,0
"2663234",0,0
"2663241",0,0
"2663326",0,0
"2664131",0,0
"2664236",0,0
"2664558",0,0
"2664940",0,0
"2664941",0,0
"2664942",0,0
"2666132",0,0
"266799",0,0
"267",0,0
"2672571",0,0
"267285",0,0
"2674975",0,0
"2675059",0,0
"2675101",0,0
"2675219",0,0
"2675710",0,0
"2676233",0,0
"2676309",0,0
"2676436",0,0
"2676755",0,0
"2678256",0,0
"2678528",0,0
"2678565",0,0
"267888",0,0
"267890",0,0
"267893",0,0
"2681307",0,0
"2681309",0,0
"2681674",0,0
"2682487",0,0
"2682577",0,0
"2683043",0,0
"2683591",0,0
"2683822",0,0
"2683823",0,0
"2686098",0,0
"2686208",0,0
"2686228",0,0
"2686229",0,0
"2686235",0,0
"2686238",0,0
"2686301",0,0
"2686305",0,0
"2686311",0,0
"2686312",0,0
"2686313",0,0
"2686364",0,0
"2686378",0,0
"2691354",0,0
"2691357",0,0
"2691359",0,0
"2691417",0,0
"269145",0,0
"2692113",0,0
"269213",0,0
"2692235",0,0
"269277",0,0
"2696355",0,0
"2696356",0,0
"2696386",0,0
"2696411",0,0
"2696416",0,0
"2696442",0,0
"2696462",0,0
"2697370",0,0
"2697371",0,0
"2698923",0,0
"2699468",0,0
"270117",0,0
"270146",0,0
"2703869",0,0
"2704034",0,0
"2704035",0,0
"2704172",0,0
"270478",0,0
"2705123",0,0
"2705458",0,0
"2705548",0,0
"2706523",0,0
"270673",0,0
"2708350",0,0
"2708352",0,0
"2709302",0,0
"2709303",0,0
"2709304",0,0
"2709685",0,0
"2709781",0,0
"2711179",0,0
"2711183",0,0
"2711185",0,0
"2712024",0,0
"2712025",0,0
"271257",0,0
"2712833",0,0
"2712846",0,0
"2712941",0,0
"2712957",0,0
"2712970",0,0
"2712971",0,0
"2712977",0,0
"2712979",0,0
"2713208",0,0
"2713224",0,0
"2713258",0,0
"2713260",0,0
"2713263",0,0
"2713267",0,0
"2713269",0,0
"2713283",0,0
"2713289",0,0
"2713291",0,0
"2713293",0,0
"2713302",0,0
"2713312",0,0
"2713320",0,0
"2713326",0,0
"2714177",0,0
"2714594",0,0
"2714935",0,0
"2715094",0,0
"2715962",0,0
"2716879",0,0
"2717374",0,0
"2718875",0,0
"2718942",0,0
"2719181",0,0
"2719194",0,0
"2719198",0,0
"2720029",0,0
"2720886",0,0
"2721245",0,0
"272136",0,0
"2721748",0,0
"2721749",0,0
"2723896",0,0
"2725417",0,0
"2725619",0,0
"2725651",0,0
"2725997",0,0
"272636",0,0
"272751",0,0
"2730357",0,0
"2730579",0,0
"2730845",0,0
"2730846",0,0
"2730849",0,0
"2730850",0,0
"2730854",0,0
"2730914",0,0
"2731207",0,0
"2731208",0,0
"273135",0,0
"2731621",0,0
"2731622",0,0
"2731623",0,0
"2731624",0,0
"2731625",0,0
"2731675",0,0
"2731677",0,0
"2731680",0,0
"2731690",0,0
"2731691",0,0
"2731928",0,0
"2731932",0,0
"2731935",0,0
"2731937",0,0
"2731941",0,0
"2731958",0,0
"2731966",0,0
"2731981",0,0
"2731985",0,0
"2731989",0,0
"2732017",0,0
"2732019",0,0
"2732021",0,0
"2732022",0,0
"2732023",0,0
"2732027",0,0
"2732028",0,0
"2732029",0,0
"2732031",0,0
"2732033",0,0
"2732034",0,0
"2732035",0,0
"2732037",0,0
"2732038",0,0
"2732062",0,0
"2732068",0,0
"2732254",0,0
"2732368",0,0
"2732554",0,0
"2732555",0,0
"2732592",0,0
"2732596",0,0
"2732597",0,0
"2732599",0,0
"2732601",0,0
"2732605",0,0
"2732655",0,0
"2732675",0,0
"2732677",0,0
"2732679",0,0
"2732683",0,0
"2732684",0,0
"2732688",0,0
"2732689",0,0
"2732691",0,0
"2732693",0,0
"2732697",0,0
"2732698",0,0
"2732699",0,0
"2732700",0,0
"2732701",0,0
"2732704",0,0
"2732705",0,0
"2732708",0,0
"2732709",0,0
"2732710",0,0
"2732711",0,0
"2732712",0,0
"2732714",0,0
"2732762",0,0
"2732763",0,0
"2732764",0,0
"2732765",0,0
"2732775",0,0
"2732776",0,0
"2732777",0,0
"2732778",0,0
"2732779",0,0
"2732780",0,0
"2732781",0,0
"2732782",0,0
"2732783",0,0
"2732784",0,0
"2732785",0,0
"2732786",0,0
"2732787",0,0
"2732788",0,0
"2732789",0,0
"2732877",0,0
"2732892",0,0
"2732910",0,0
"2732912",0,0
"2732913",0,0
"2732916",0,0
"2732917",0,0
"2732921",0,0
"2732926",0,0
"2732928",0,0
"2732929",0,0
"2732930",0,0
"2732932",0,0
"2732939",0,0
"2732960",0,0
"2732962",0,0
"2732963",0,0
"2732964",0,0
"2732965",0,0
"2732970",0,0
"2732972",0,0
"2732982",0,0
"2733088",0,0
"2733095",0,0
"2733099",0,0
"2733102",0,0
"2733104",0,0
"2733109",0,0
"2733112",0,0
"2733115",0,0
"2733117",0,0
"2733122",0,0
"2733124",0,0
"2733127",0,0
"2733128",0,0
"2733139",0,0
"2733141",0,0
"2733142",0,0
"2733146",0,0
"2733150",0,0
"2733152",0,0
"2733153",0,0
"2733154",0,0
"2733155",0,0
"2733156",0,0
"2733160",0,0
"2733162",0,0
"2733167",0,0
"2733169",0,0
"2733170",0,0
"2733171",0,0
"2733174",0,0
"2733175",0,0
"2733178",0,0
"2733192",0,0
"2733194",0,0
"2733195",0,0
"2733196",0,0
"2733197",0,0
"2733201",0,0
"2733203",0,0
"2733205",0,0
"2733207",0,0
"2733208",0,0
"2733215",0,0
"2733216",0,0
"2733219",0,0
"2733220",0,0
"2733221",0,0
"2733295",0,0
"2733315",0,0
"2733316",0,0
"2733317",0,0
"2733318",0,0
"2733319",0,0
"2733320",0,0
"2733321",0,0
"2733322",0,0
"2733326",0,0
"2733327",0,0
"2733328",0,0
"2733329",0,0
"2733330",0,0
"2733332",0,0
"2733333",0,0
"2733334",0,0
"2733335",0,0
"2733336",0,0
"2733337",0,0
"2733338",0,0
"2733339",0,0
"2733340",0,0
"2733342",0,0
"2733343",0,0
"2733345",0,0
"2733346",0,0
"2733348",0,0
"2733349",0,0
"2733350",0,0
"2733351",0,0
"2733352",0,0
"2733353",0,0
"2733354",0,0
"2733355",0,0
"2733356",0,0
"2733357",0,0
"2733358",0,0
"2733359",0,0
"2733360",0,0
"2733362",0,0
"2733363",0,0
"2733365",0,0
"2733366",0,0
"2733367",0,0
"2733368",0,0
"2733369",0,0
"2733370",0,0
"2733371",0,0
"2733373",0,0
"2733374",0,0
"2733375",0,0
"2733376",0,0
"2733377",0,0
"2733575",0,0
"2733576",0,0
"2733577",0,0
"2733578",0,0
"2733579",0,0
"2733580",0,0
"2733581",0,0
"2733583",0,0
"2733585",0,0
"2733586",0,0
"2733587",0,0
"2733588",0,0
"2733589",0,0
"2733590",0,0
"2733591",0,0
"2733592",0,0
"2733593",0,0
"2733594",0,0
"2733595",0,0
"2733596",0,0
"2733597",0,0
"2733598",0,0
"2733599",0,0
"2733600",0,0
"2733601",0,0
"2733602",0,0
"2733603",0,0
"2733604",0,0
"2733605",0,0
"2733607",0,0
"2733608",0,0
"2733609",0,0
"2733610",0,0
"2733611",0,0
"2733612",0,0
"2733613",0,0
"2733614",0,0
"2733615",0,0
"2733616",0,0
"2733617",0,0
"2733618",0,0
"2733619",0,0
"2733620",0,0
"2733621",0,0
"2733622",0,0
"2733623",0,0
"2733624",0,0
"2733625",0,0
"2733627",0,0
"2733628",0,0
"2733629",0,0
"2733630",0,0
"2733631",0,0
"2733632",0,0
"2733633",0,0
"2733634",0,0
"2733635",0,0
"2733636",0,0
"2733637",0,0
"2733639",0,0
"2733640",0,0
"2733641",0,0
"2733642",0,0
"2733643",0,0
"2733644",0,0
"2733645",0,0
"2733646",0,0
"2733647",0,0
"2733648",0,0
"2733649",0,0
"2733651",0,0
"2733652",0,0
"2733653",0,0
"2733654",0,0
"2733655",0,0
"2733656",0,0
"2733657",0,0
"2733658",0,0
"2733659",0,0
"2733660",0,0
"2733661",0,0
"2733662",0,0
"2733663",0,0
"2733664",0,0
"2733665",0,0
"2733666",0,0
"2733667",0,0
"2733668",0,0
"2733669",0,0
"2733670",0,0
"2733671",0,0
"2733672",0,0
"2733673",0,0
"2733674",0,0
"2733675",0,0
"2733676",0,0
"2733677",0,0
"2733678",0,0
"2733679",0,0
"2733680",0,0
"2733681",0,0
"2733682",0,0
"2733683",0,0
"2733684",0,0
"2733685",0,0
"2733870",0,0
"2733871",0,0
"2733872",0,0
"2733873",0,0
"2733874",0,0
"2733875",0,0
"2733876",0,0
"2733877",0,0
"2733878",0,0
"2733879",0,0
"2733880",0,0
"2733881",0,0
"2733882",0,0
"2733883",0,0
"2733884",0,0
"2733885",0,0
"2733886",0,0
"2733887",0,0
"2733888",0,0
"2733889",0,0
"2733890",0,0
"2733891",0,0
"2733892",0,0
"2733893",0,0
"2733895",0,0
"2733896",0,0
"2733897",0,0
"2733898",0,0
"2733899",0,0
"2733900",0,0
"2733901",0,0
"2733902",0,0
"2733903",0,0
"2733904",0,0
"2733905",0,0
"2733916",0,0
"2733917",0,0
"2733918",0,0
"2733919",0,0
"2733921",0,0
"2733922",0,0
"2733923",0,0
"2733925",0,0
"2733926",0,0
"2733927",0,0
"2733928",0,0
"2733929",0,0
"2733930",0,0
"2733931",0,0
"2733932",0,0
"2733933",0,0
"2733934",0,0
"2733935",0,0
"2733936",0,0
"2733937",0,0
"2733938",0,0
"2733939",0,0
"2733940",0,0
"2733941",0,0
"2733942",0,0
"2733943",0,0
"2733946",0,0
"2733947",0,0
"2733948",0,0
"2733949",0,0
"2733950",0,0
"2733951",0,0
"2733952",0,0
"2733953",0,0
"2733954",0,0
"2733956",0,0
"2733958",0,0
"2733959",0,0
"2733960",0,0
"2733961",0,0
"2733962",0,0
"2733963",0,0
"2733964",0,0
"2733965",0,0
"2733966",0,0
"2733967",0,0
"2733969",0,0
"2733970",0,0
"2733971",0,0
"2733972",0,0
"2733973",0,0
"2733974",0,0
"2733975",0,0
"2733976",0,0
"2733977",0,0
"2733979",0,0
"2733981",0,0
"2733982",0,0
"2733983",0,0
"2733984",0,0
"2733985",0,0
"2733986",0,0
"2733987",0,0
"2733988",0,0
"2733989",0,0
"2733990",0,0
"2733991",0,0
"2733992",0,0
"2733993",0,0
"2733994",0,0
"2733997",0,0
"2733998",0,0
"2733999",0,0
"2734000",0,0
"2734001",0,0
"2734002",0,0
"2734003",0,0
"2734004",0,0
"2734005",0,0
"2734007",0,0
"2734008",0,0
"2734009",0,0
"2734010",0,0
"2734011",0,0
"2734012",0,0
"2734013",0,0
"2734014",0,0
"2734015",0,0
"2734016",0,0
"2734018",0,0
"2734019",0,0
"2734020",0,0
"2734021",0,0
"2734022",0,0
"2734023",0,0
"2734024",0,0
"2734025",0,0
"2734026",0,0
"2734027",0,0
"2734028",0,0
"2734029",0,0
"2734030",0,0
"2734031",0,0
"2734032",0,0
"2734033",0,0
"2734034",0,0
"2734035",0,0
"2734036",0,0
"2734037",0,0
"2734038",0,0
"2734040",0,0
"2734041",0,0
"2734042",0,0
"2734043",0,0
"2734044",0,0
"2734045",0,0
"2734047",0,0
"2734050",0,0
"2734051",0,0
"2734052",0,0
"2734056",0,0
"2734057",0,0
"2734059",0,0
"2734061",0,0
"2734064",0,0
"2734065",0,0
"2734068",0,0
"2734070",0,0
"2734072",0,0
"2734073",0,0
"2734074",0,0
"2734076",0,0
"2734079",0,0
"2734080",0,0
"2734081",0,0
"2734082",0,0
"2734084",0,0
"2734085",0,0
"2734086",0,0
"2734087",0,0
"2734092",0,0
"2734093",0,0
"2734094",0,0
"2734096",0,0
"2734097",0,0
"2734098",0,0
"2734100",0,0
"2734101",0,0
"2734102",0,0
"2734103",0,0
"2734104",0,0
"2734105",0,0
"2734106",0,0
"2734109",0,0
"2734110",0,0
"2734111",0,0
"2734113",0,0
"2734114",0,0
"2734117",0,0
"2734121",0,0
"2734128",0,0
"2734129",0,0
"2734130",0,0
"2734131",0,0
"2734132",0,0
"2734133",0,0
"2734136",0,0
"2734137",0,0
"2734138",0,0
"2734139",0,0
"2734140",0,0
"2734141",0,0
"2734144",0,0
"2734146",0,0
"2734149",0,0
"2734150",0,0
"2734151",0,0
"2734153",0,0
"2734154",0,0
"2734155",0,0
"2734156",0,0
"2734157",0,0
"2734158",0,0
"2734159",0,0
"2734160",0,0
"2734161",0,0
"2734162",0,0
"2734163",0,0
"2734186",0,0
"2734187",0,0
"2734188",0,0
"2734189",0,0
"2734190",0,0
"2734191",0,0
"2734196",0,0
"2734197",0,0
"2734198",0,0
"2734199",0,0
"2734200",0,0
"2734201",0,0
"2734202",0,0
"2734203",0,0
"2734205",0,0
"2734206",0,0
"2734207",0,0
"2734208",0,0
"2734209",0,0
"2734210",0,0
"2734211",0,0
"2734212",0,0
"2734213",0,0
"2734214",0,0
"2734215",0,0
"2734216",0,0
"2734217",0,0
"2734218",0,0
"2734219",0,0
"2734220",0,0
"2734221",0,0
"2734222",0,0
"2734223",0,0
"2734224",0,0
"2734225",0,0
"2734226",0,0
"2734227",0,0
"2734228",0,0
"2734230",0,0
"2734232",0,0
"2734233",0,0
"2734234",0,0
"2734236",0,0
"2734237",0,0
"2734238",0,0
"2734239",0,0
"2734240",0,0
"2734241",0,0
"2734242",0,0
"2734243",0,0
"2734244",0,0
"2734245",0,0
"2734246",0,0
"2734247",0,0
"2734248",0,0
"2734249",0,0
"2734250",0,0
"2734251",0,0
"2734252",0,0
"2734253",0,0
"2734254",0,0
"2734255",0,0
"2734256",0,0
"2734257",0,0
"2734258",0,0
"2734259",0,0
"2734260",0,0
"2734261",0,0
"2734263",0,0
"2734264",0,0
"2734265",0,0
"2734266",0,0
"2734267",0,0
"2734269",0,0
"2734270",0,0
"2734272",0,0
"2734273",0,0
"2734274",0,0
"2734275",0,0
"2734276",0,0
"2734277",0,0
"2734278",0,0
"2734279",0,0
"2734280",0,0
"2734281",0,0
"2734282",0,0
"2734283",0,0
"2734284",0,0
"2734285",0,0
"2734286",0,0
"2734287",0,0
"2734288",0,0
"2734289",0,0
"2734290",0,0
"2734291",0,0
"2734292",0,0
"2734294",0,0
"2734295",0,0
"2734328",0,0
"2734332",0,0
"2734333",0,0
"2734334",0,0
"2734335",0,0
"2734336",0,0
"2734338",0,0
"2734339",0,0
"2734340",0,0
"2734347",0,0
"2734349",0,0
"2734350",0,0
"2734351",0,0
"2734352",0,0
"2734366",0,0
"2734367",0,0
"2734368",0,0
"2734369",0,0
"2734370",0,0
"2734371",0,0
"2734372",0,0
"2734373",0,0
"2734374",0,0
"2734375",0,0
"2734376",0,0
"2734377",0,0
"2734379",0,0
"2734380",0,0
"2734385",0,0
"2734386",0,0
"2734387",0,0
"2734388",0,0
"2734389",0,0
"2734390",0,0
"2734392",0,0
"2734394",0,0
"2734395",0,0
"2734396",0,0
"2734397",0,0
"2734398",0,0
"2734399",0,0
"2734400",0,0
"2734401",0,0
"2734402",0,0
"2734403",0,0
"2734404",0,0
"2734405",0,0
"2734408",0,0
"2734409",0,0
"2734410",0,0
"2734414",0,0
"2734418",0,0
"2734422",0,0
"2734427",0,0
"2734433",0,0
"2734434",0,0
"2734435",0,0
"2734436",0,0
"2734437",0,0
"2734438",0,0
"2734439",0,0
"2734484",0,0
"2734485",0,0
"2734488",0,0
"2734489",0,0
"2734501",0,0
"2734502",0,0
"2734503",0,0
"2734511",0,0
"2734512",0,0
"2734513",0,0
"2734515",0,0
"2734518",0,0
"2734519",0,0
"2734523",0,0
"2734524",0,0
"2734525",0,0
"2734535",0,0
"2734536",0,0
"2734551",0,0
"2734554",0,0
"2734555",0,0
"2734556",0,0
"2734560",0,0
"2734561",0,0
"2734564",0,0
"2734566",0,0
"2734567",0,0
"2734568",0,0
"2734569",0,0
"2734571",0,0
"2734572",0,0
"2734575",0,0
"2734577",0,0
"2734581",0,0
"2734582",0,0
"2734583",0,0
"2734585",0,0
"2734588",0,0
"2734591",0,0
"2734592",0,0
"2734595",0,0
"2734846",0,0
"2735",0,0
"2735301",0,0
"2735316",0,0
"2735321",0,0
"2736192",0,0
"2736271",0,0
"2736272",0,0
"2736273",0,0
"2736647",0,0
"2736691",0,0
"2737068",0,0
"2737072",0,0
"2737073",0,0
"2738125",0,0
"2738399",0,0
"2738413",0,0
"2738469",0,0
"2738555",0,0
"2738837",0,0
"2738979",0,0
"2738980",0,0
"2739681",0,0
"2739834",0,0
"2740297",0,0
"2740298",0,0
"2740427",0,0
"2741068",0,0
"2741642",0,0
"2741717",0,0
"2741801",0,0
"2742112",0,0
"2742113",0,0
"2742620",0,0
"2742621",0,0
"2742625",0,0
"2742629",0,0
"2742630",0,0
"2742631",0,0
"2742636",0,0
"2742640",0,0
"2742642",0,0
"2742643",0,0
"2742644",0,0
"2742647",0,0
"2742650",0,0
"2742653",0,0
"2742654",0,0
"2742656",0,0
"2742669",0,0
"2742670",0,0
"2742671",0,0
"2742675",0,0
"2742678",0,0
"2742948",0,0
"2743404",0,0
"2743910",0,0
"2743971",0,0
"2743999",0,0
"2744412",0,0
"2745133",0,0
"2745565",0,0
"2745566",0,0
"2745890",0,0
"2745891",0,0
"2745892",0,0
"2745893",0,0
"2745894",0,0
"2745895",0,0
"2746072",0,0
"2746363",0,0
"2746925",0,0
"2746928",0,0
"2747210",0,0
"2747317",0,0
"2747318",0,0
"2747319",0,0
"2747320",0,0
"2747321",0,0
"2747322",0,0
"2747323",0,0
"2747343",0,0
"2747372",0,0
"2747493",0,0
"2747940",0,0
"2748241",0,0
"2748244",0,0
"2748249",0,0
"2748250",0,0
"2748254",0,0
"2748302",0,0
"2748378",0,0
"2748762",0,0
"2748764",0,0
"2748958",0,0
"2748967",0,0
"2748968",0,0
"2748973",0,0
"2749260",0,0
"2749412",0,0
"2749668",0,0
"2749807",0,0
"2749927",0,0
"2749931",0,0
"2749935",0,0
"2750648",0,0
"2750853",0,0
"2751480",0,0
"2752331",0,0
"2753656",0,0
"2754975",0,0
"2754999",0,0
"2755000",0,0
"2755147",0,0
"2755482",0,0
"2755483",0,0
"2755484",0,0
"2755560",0,0
"2755588",0,0
"2758724",0,0
"2759195",0,0
"2759197",0,0
"2759392",0,0
"2759395",0,0
"2759403",0,0
"2759404",0,0
"2759405",0,0
"2759407",0,0
"2759464",0,0
"2759662",0,0
"2759706",0,0
"2761539",0,0
"2762280",0,0
"2762286",0,0
"2762326",0,0
"2762327",0,0
"2762328",0,0
"2762389",0,0
"2762398",0,0
"2762410",0,0
"2762412",0,0
"2762415",0,0
"2762426",0,0
"2762427",0,0
"2762429",0,0
"2762559",0,0
"2763527",0,0
"2763529",0,0
"2763531",0,0
"2763538",0,0
"2764186",0,0
"2764701",0,0
"2765402",0,0
"2766566",0,0
"2767029",0,0
"2767194",0,0
"2767195",0,0
"2767196",0,0
"2767265",0,0
"2767353",0,0
"2767553",0,0
"2767565",0,0
"2767577",0,0
"2767886",0,0
"2767889",0,0
"2767892",0,0
"2768133",0,0
"2768834",0,0
"2769078",0,0
"2770089",0,0
"2770092",0,0
"2771210",0,0
"2771212",0,0
"2771380",0,0
"2771381",0,0
"2771472",0,0
"2772023",0,0
"2772226",0,0
"2772432",0,0
"2772433",0,0
"2772448",0,0
"2773294",0,0
"2775920",0,0
"2776148",0,0
"2776703",0,0
"2776813",0,0
"2776839",0,0
"2776851",0,0
"2776856",0,0
"2776857",0,0
"2776861",0,0
"2776864",0,0
"2776866",0,0
"2776867",0,0
"2776868",0,0
"2777364",0,0
"2777367",0,0
"2777710",0,0
"2777947",0,0
"2777957",0,0
"2778052",0,0
"2778053",0,0
"2778055",0,0
"2778065",0,0
"2778671",0,0
"2778916",0,0
"2779671",0,0
"2781021",0,0
"2781641",0,0
"2781976",0,0
"2782564",0,0
"2782652",0,0
"2782653",0,0
"2783539",0,0
"2783546",0,0
"2783549",0,0
"2783667",0,0
"2785212",0,0
"2785531",0,0
"2787014",0,0
"2787157",0,0
"2787629",0,0
"2789210",0,0
"2789855",0,0
"2790029",0,0
"2790983",0,0
"2790985",0,0
"2790987",0,0
"2791001",0,0
"2791015",0,0
"2791164",0,0
"2791982",0,0
"2792013",0,0
"279280",0,0
"279303",0,0
"2793708",0,0
"2793719",0,0
"2793721",0,0
"2793722",0,0
"2793723",0,0
"2793728",0,0
"2793733",0,0
"2793737",0,0
"2793738",0,0
"2793742",0,0
"2793743",0,0
"2793799",0,0
"279383",0,0
"2794574",0,0
"2794960",0,0
"2794998",0,0
"2795181",0,0
"2795238",0,0
"279530",0,0
"279538",0,0
"2795389",0,0
"279539",0,0
"2795687",0,0
"2795688",0,0
"2795689",0,0
"2795692",0,0
"2795745",0,0
"2795973",0,0
"2797303",0,0
"2798729",0,0
"2798807",0,0
"2799495",0,0
"2799672",0,0
"2799681",0,0
"2800686",0,0
"2801326",0,0
"2801354",0,0
"2801356",0,0
"2801357",0,0
"2801524",0,0
"2801553",0,0
"2801566",0,0
"2801834",0,0
"2801844",0,0
"2802554",0,0
"2803865",0,0
"2803971",0,0
"28045",0,0
"2805839",0,0
"2805939",0,0
"280701",0,0
"280702",0,0
"2807095",0,0
"2809036",0,0
"2809160",0,0
"2809708",0,0
"281",0,0
"2810280",0,0
"2810370",0,0
"2810535",0,0
"2810537",0,0
"2810799",0,0
"2810802",0,0
"2810803",0,0
"2810810",0,0
"2811425",0,0
"2811503",0,0
"2811963",0,0
"2812025",0,0
"2812031",0,0
"2812863",0,0
"2812864",0,0
"2812900",0,0
"2813165",0,0
"2813673",0,0
"2813779",0,0
"2813843",0,0
"2814367",0,0
"2815361",0,0
"2815775",0,0
"2816460",0,0
"2816467",0,0
"2816839",0,0
"2816840",0,0
"2816906",0,0
"2816909",0,0
"2816951",0,0
"2816952",0,0
"2816953",0,0
"2817418",0,0
"2817738",0,0
"2818228",0,0
"2818469",0,0
"2819097",0,0
"2819099",0,0
"2819102",0,0
"2819103",0,0
"2819104",0,0
"2819996",0,0
"2820280",0,0
"2820395",0,0
"2820912",0,0
"282132",0,0
"2821409",0,0
"2822114",0,0
"2822843",0,0
"2822848",0,0
"2822864",0,0
"28231",0,0
"2823683",0,0
"2824520",0,0
"2824522",0,0
"2824647",0,0
"28250",0,0
"2825847",0,0
"28263",0,0
"282712",0,0
"2827437",0,0
"2827439",0,0
"2827482",0,0
"282786",0,0
"2829367",0,0
"2829393",0,0
"28295",0,0
"2829835",0,0
"2829836",0,0
"2829853",0,0
"28300",0,0
"2830843",0,0
"2830994",0,0
"2831178",0,0
"2831519",0,0
"2831671",0,0
"2831891",0,0
"2831966",0,0
"2831969",0,0
"28322",0,0
"2832315",0,0
"2832317",0,0
"2832319",0,0
"2832322",0,0
"2833771",0,0
"2833772",0,0
"2834247",0,0
"2834256",0,0
"2834265",0,0
"2834348",0,0
"2834422",0,0
"28347",0,0
"28350",0,0
"28354",0,0
"28355",0,0
"2835531",0,0
"2835563",0,0
"2835654",0,0
"2835936",0,0
"2835941",0,0
"2835951",0,0
"2836007",0,0
"2836009",0,0
"2836011",0,0
"2836041",0,0
"2836044",0,0
"2836048",0,0
"2836091",0,0
"2836105",0,0
"2836132",0,0
"2836135",0,0
"2836142",0,0
"2836297",0,0
"2836364",0,0
"2836365",0,0
"2836366",0,0
"2836367",0,0
"28369",0,0
"2837485",0,0
"28375",0,0
"2838015",0,0
"2838076",0,0
"2838077",0,0
"2838134",0,0
"283824",0,0
"2838328",0,0
"2838395",0,0
"2839003",0,0
"2840017",0,0
"2840070",0,0
"2841037",0,0
"2841278",0,0
"2841279",0,0
"2841282",0,0
"2841299",0,0
"2841300",0,0
"2841302",0,0
"2841656",0,0
"2842201",0,0
"2842319",0,0
"2842328",0,0
"2842329",0,0
"2842332",0,0
"2842333",0,0
"2842394",0,0
"2842397",0,0
"28425",0,0
"2842540",0,0
"2842545",0,0
"2842570",0,0
"2842573",0,0
"2842583",0,0
"2842588",0,0
"2842593",0,0
"2842616",0,0
"2842620",0,0
"2842639",0,0
"2842653",0,0
"2842710",0,0
"2842711",0,0
"2842721",0,0
"2842725",0,0
"2842727",0,0
"2842738",0,0
"2842740",0,0
"2842751",0,0
"2842752",0,0
"2842756",0,0
"2842796",0,0
"2842816",0,0
"2842828",0,0
"2842852",0,0
"2842862",0,0
"2842870",0,0
"2842888",0,0
"2842934",0,0
"2842942",0,0
"2842946",0,0
"2842950",0,0
"2842966",0,0
"2842972",0,0
"2842976",0,0
"2842979",0,0
"2842993",0,0
"2843048",0,0
"2843069",0,0
"2843096",0,0
"2843141",0,0
"2843161",0,0
"2843200",0,0
"2843308",0,0
"2843343",0,0
"2843346",0,0
"2843352",0,0
"2843355",0,0
"2843362",0,0
"2843366",0,0
"2843368",0,0
"2843370",0,0
"2843374",0,0
"2843381",0,0
"2843383",0,0
"2843384",0,0
"2843385",0,0
"2843386",0,0
"2843388",0,0
"2843389",0,0
"2843397",0,0
"2843399",0,0
"2843401",0,0
"2843403",0,0
"2843411",0,0
"2843412",0,0
"2843414",0,0
"2843416",0,0
"2843418",0,0
"2843419",0,0
"2843421",0,0
"2843425",0,0
"2843426",0,0
"2843428",0,0
"2843440",0,0
"2843444",0,0
"2843445",0,0
"2843450",0,0
"2843458",0,0
"2843466",0,0
"2843467",0,0
"2843476",0,0
"2843478",0,0
"2843482",0,0
"2843613",0,0
"2843615",0,0
"2843616",0,0
"2843617",0,0
"2843618",0,0
"2843619",0,0
"2843620",0,0
"2843621",0,0
"2843622",0,0
"2843623",0,0
"2843624",0,0
"2843625",0,0
"2843626",0,0
"2843627",0,0
"2843628",0,0
"2843629",0,0
"2843631",0,0
"2843632",0,0
"2843633",0,0
"2843634",0,0
"2843636",0,0
"2843637",0,0
"2843638",0,0
"2843641",0,0
"2843643",0,0
"2843644",0,0
"2843648",0,0
"2843649",0,0
"2843651",0,0
"2843654",0,0
"2843655",0,0
"2843656",0,0
"2843657",0,0
"2843658",0,0
"2843659",0,0
"2843660",0,0
"2843661",0,0
"2843663",0,0
"2843664",0,0
"2843666",0,0
"2843668",0,0
"2843672",0,0
"2843673",0,0
"2843674",0,0
"2843675",0,0
"2843676",0,0
"2843677",0,0
"2843678",0,0
"2843679",0,0
"2843680",0,0
"2843682",0,0
"2843683",0,0
"2843684",0,0
"2843685",0,0
"2843686",0,0
"2843687",0,0
"2843688",0,0
"2843689",0,0
"2843690",0,0
"2843691",0,0
"2843692",0,0
"2843693",0,0
"2843695",0,0
"2843696",0,0
"2843697",0,0
"2843698",0,0
"2843699",0,0
"2843700",0,0
"2843701",0,0
"2843702",0,0
"2843704",0,0
"2843705",0,0
"2843707",0,0
"2843708",0,0
"2843709",0,0
"2843710",0,0
"2843711",0,0
"2843712",0,0
"2843713",0,0
"2843714",0,0
"2843715",0,0
"2843716",0,0
"2843719",0,0
"2843720",0,0
"2843721",0,0
"2843722",0,0
"2843723",0,0
"2843724",0,0
"2843725",0,0
"2843726",0,0
"2843727",0,0
"2843728",0,0
"2843729",0,0
"2843731",0,0
"2843732",0,0
"2843733",0,0
"2843734",0,0
"2843736",0,0
"2843737",0,0
"2843738",0,0
"2843739",0,0
"2843740",0,0
"2843741",0,0
"2843742",0,0
"2843743",0,0
"2843745",0,0
"2843749",0,0
"2843750",0,0
"2843752",0,0
"2843756",0,0
"2843757",0,0
"2843758",0,0
"2843760",0,0
"2843761",0,0
"2843762",0,0
"2843763",0,0
"2843767",0,0
"2843769",0,0
"2843772",0,0
"2843774",0,0
"2843777",0,0
"2843778",0,0
"2843779",0,0
"2843780",0,0
"2843781",0,0
"2843782",0,0
"2843783",0,0
"2843784",0,0
"2843785",0,0
"2843786",0,0
"2843788",0,0
"2843790",0,0
"2843792",0,0
"2843795",0,0
"2843796",0,0
"2843798",0,0
"2843799",0,0
"2843800",0,0
"2843801",0,0
"2843802",0,0
"2843803",0,0
"2843804",0,0
"2843805",0,0
"2843809",0,0
"2843810",0,0
"2843811",0,0
"2843812",0,0
"2843813",0,0
"2843814",0,0
"2843815",0,0
"2843816",0,0
"2843817",0,0
"2843819",0,0
"2843821",0,0
"2843822",0,0
"2843823",0,0
"2843824",0,0
"2843825",0,0
"2843826",0,0
"2843827",0,0
"2843828",0,0
"2843829",0,0
"2843832",0,0
"2843834",0,0
"2843835",0,0
"2843836",0,0
"2843837",0,0
"2843838",0,0
"2843840",0,0
"2843842",0,0
"2843843",0,0
"2843844",0,0
"2843845",0,0
"2843846",0,0
"2843847",0,0
"2843848",0,0
"2843849",0,0
"2843850",0,0
"2843851",0,0
"2843852",0,0
"2843854",0,0
"2843855",0,0
"2843857",0,0
"2843858",0,0
"2843859",0,0
"2843860",0,0
"2843861",0,0
"2843862",0,0
"2843863",0,0
"2843864",0,0
"2843865",0,0
"2843867",0,0
"2843868",0,0
"2843869",0,0
"2843870",0,0
"2843871",0,0
"2843872",0,0
"2843874",0,0
"2843875",0,0
"2843877",0,0
"2843878",0,0
"2843879",0,0
"2843881",0,0
"2843882",0,0
"2843883",0,0
"2843885",0,0
"2843886",0,0
"2843887",0,0
"2843888",0,0
"2843889",0,0
"2843890",0,0
"2843891",0,0
"2843892",0,0
"2843895",0,0
"2843896",0,0
"2843897",0,0
"2843899",0,0
"2843900",0,0
"2843902",0,0
"2843903",0,0
"2843904",0,0
"2843905",0,0
"2843909",0,0
"2843917",0,0
"2843918",0,0
"2843919",0,0
"2843920",0,0
"2843921",0,0
"2843922",0,0
"2843923",0,0
"2843924",0,0
"2843925",0,0
"2843926",0,0
"2843927",0,0
"2843928",0,0
"2843929",0,0
"2843930",0,0
"2843932",0,0
"2843933",0,0
"2843934",0,0
"2843935",0,0
"2843937",0,0
"2843938",0,0
"2843939",0,0
"2843940",0,0
"2843942",0,0
"2843943",0,0
"2843944",0,0
"2843945",0,0
"2843946",0,0
"2843947",0,0
"2843948",0,0
"2843950",0,0
"2843951",0,0
"2843952",0,0
"2843953",0,0
"2843954",0,0
"2843955",0,0
"2843956",0,0
"2843957",0,0
"2843958",0,0
"2843959",0,0
"2843961",0,0
"2843965",0,0
"2843966",0,0
"2843967",0,0
"2843968",0,0
"2843969",0,0
"2843970",0,0
"2843972",0,0
"2843974",0,0
"2843979",0,0
"2843980",0,0
"2843984",0,0
"2843986",0,0
"2843987",0,0
"2843990",0,0
"2843993",0,0
"2843995",0,0
"2843996",0,0
"2843999",0,0
"2844001",0,0
"2844002",0,0
"2844003",0,0
"2844004",0,0
"2844005",0,0
"2844006",0,0
"2844007",0,0
"2844008",0,0
"2844009",0,0
"2844010",0,0
"2844013",0,0
"2844014",0,0
"2844016",0,0
"2844017",0,0
"2844018",0,0
"2844019",0,0
"2844020",0,0
"2844027",0,0
"2844030",0,0
"2844031",0,0
"2844034",0,0
"2844035",0,0
"2844036",0,0
"2844037",0,0
"2844038",0,0
"2844039",0,0
"2844041",0,0
"2844042",0,0
"2844043",0,0
"2844044",0,0
"2844045",0,0
"2844046",0,0
"2844047",0,0
"2844048",0,0
"2844050",0,0
"2844051",0,0
"2844053",0,0
"2844054",0,0
"2844059",0,0
"2844063",0,0
"2844064",0,0
"2844066",0,0
"2844067",0,0
"2844068",0,0
"2844069",0,0
"2844071",0,0
"2844074",0,0
"2844075",0,0
"2844078",0,0
"2844080",0,0
"2844081",0,0
"2844082",0,0
"2844083",0,0
"2844084",0,0
"2844085",0,0
"2844086",0,0
"2844087",0,0
"2844090",0,0
"2844092",0,0
"2844093",0,0
"2844094",0,0
"2844095",0,0
"2844096",0,0
"2844097",0,0
"2844098",0,0
"2844105",0,0
"2844106",0,0
"2844107",0,0
"2844109",0,0
"2844113",0,0
"2844116",0,0
"2844117",0,0
"2844118",0,0
"2844119",0,0
"2844121",0,0
"2844123",0,0
"2844124",0,0
"2844126",0,0
"2844127",0,0
"2844128",0,0
"2844129",0,0
"2844130",0,0
"2844131",0,0
"2844132",0,0
"2844134",0,0
"2844135",0,0
"2844138",0,0
"2844139",0,0
"2844140",0,0
"2844141",0,0
"2844142",0,0
"2844143",0,0
"2844146",0,0
"2844147",0,0
"2844148",0,0
"2844149",0,0
"2844150",0,0
"2844151",0,0
"2844152",0,0
"2844153",0,0
"2844154",0,0
"2844155",0,0
"2844156",0,0
"2844158",0,0
"2844161",0,0
"2844163",0,0
"2844164",0,0
"2844165",0,0
"2844166",0,0
"2844167",0,0
"2844168",0,0
"2844169",0,0
"2844171",0,0
"2844175",0,0
"2844178",0,0
"2844180",0,0
"2844181",0,0
"2844185",0,0
"2844186",0,0
"2844188",0,0
"2844189",0,0
"2844190",0,0
"2844191",0,0
"2844192",0,0
"2844193",0,0
"2844194",0,0
"2844195",0,0
"2844197",0,0
"2844198",0,0
"2844199",0,0
"2844200",0,0
"2844201",0,0
"2844202",0,0
"2844203",0,0
"2844204",0,0
"2844205",0,0
"2844206",0,0
"2844208",0,0
"2844209",0,0
"2844210",0,0
"2844211",0,0
"2844212",0,0
"2844213",0,0
"2844214",0,0
"2844216",0,0
"2844220",0,0
"2844223",0,0
"2844225",0,0
"2844226",0,0
"2844227",0,0
"2844228",0,0
"2844229",0,0
"2844231",0,0
"2844232",0,0
"2844233",0,0
"2844234",0,0
"2844235",0,0
"2844238",0,0
"2844239",0,0
"2844240",0,0
"2844241",0,0
"2844242",0,0
"2844243",0,0
"2844245",0,0
"2844249",0,0
"2844252",0,0
"2844253",0,0
"2844254",0,0
"2844255",0,0
"2844256",0,0
"2844258",0,0
"2844259",0,0
"2844260",0,0
"2844262",0,0
"2844263",0,0
"2844264",0,0
"2844265",0,0
"2844266",0,0
"2844267",0,0
"2844270",0,0
"2844271",0,0
"2844273",0,0
"2844275",0,0
"2844276",0,0
"2844277",0,0
"2844278",0,0
"2844280",0,0
"2844284",0,0
"2844287",0,0
"2844288",0,0
"2844291",0,0
"2844292",0,0
"2844294",0,0
"2844295",0,0
"2844297",0,0
"2844298",0,0
"2844301",0,0
"2844302",0,0
"2844303",0,0
"2844304",0,0
"2844305",0,0
"2844307",0,0
"2844310",0,0
"2844311",0,0
"2844312",0,0
"2844383",0,0
"2844405",0,0
"2844406",0,0
"2844407",0,0
"2844408",0,0
"2844409",0,0
"2844411",0,0
"2844412",0,0
"2844414",0,0
"2844415",0,0
"2844416",0,0
"2844417",0,0
"2844418",0,0
"2844419",0,0
"2844424",0,0
"2844425",0,0
"2844426",0,0
"2844427",0,0
"2844428",0,0
"2844429",0,0
"2844430",0,0
"2844431",0,0
"2844433",0,0
"2844436",0,0
"2844437",0,0
"2844440",0,0
"2844441",0,0
"2844442",0,0
"2844443",0,0
"2844444",0,0
"2844445",0,0
"2844446",0,0
"2844447",0,0
"2844456",0,0
"2844457",0,0
"2844460",0,0
"2844461",0,0
"2844462",0,0
"2844463",0,0
"2844464",0,0
"2844465",0,0
"2844466",0,0
"2844467",0,0
"2844468",0,0
"2844469",0,0
"2844471",0,0
"2844472",0,0
"2844474",0,0
"2844475",0,0
"2844476",0,0
"2844477",0,0
"2844483",0,0
"2844484",0,0
"2844485",0,0
"2844498",0,0
"2844500",0,0
"2844501",0,0
"2844502",0,0
"2844505",0,0
"2844506",0,0
"2844507",0,0
"2844508",0,0
"2844509",0,0
"2844510",0,0
"2844511",0,0
"2844512",0,0
"2844513",0,0
"2844514",0,0
"2844515",0,0
"2844516",0,0
"2844518",0,0
"2844519",0,0
"2844521",0,0
"2844522",0,0
"2844523",0,0
"2844524",0,0
"2844525",0,0
"2844526",0,0
"2844527",0,0
"2844528",0,0
"2844529",0,0
"2844530",0,0
"2844531",0,0
"2844533",0,0
"2844535",0,0
"2844536",0,0
"2844537",0,0
"2844538",0,0
"2844539",0,0
"2844540",0,0
"2844541",0,0
"2844542",0,0
"2844543",0,0
"2844544",0,0
"2844548",0,0
"2844549",0,0
"2844550",0,0
"2844551",0,0
"2844552",0,0
"2844553",0,0
"2844554",0,0
"2844555",0,0
"2844558",0,0
"2844559",0,0
"2844560",0,0
"2844561",0,0
"2844562",0,0
"2844563",0,0
"2844564",0,0
"2844565",0,0
"2844566",0,0
"2844567",0,0
"2844568",0,0
"2844569",0,0
"2844571",0,0
"2844572",0,0
"2844575",0,0
"2844576",0,0
"2844577",0,0
"2844578",0,0
"2844579",0,0
"2844580",0,0
"2844581",0,0
"2844582",0,0
"2844583",0,0
"2844585",0,0
"2844587",0,0
"2844588",0,0
"2844590",0,0
"2844595",0,0
"2844597",0,0
"2844599",0,0
"2844600",0,0
"2844603",0,0
"2844604",0,0
"2844609",0,0
"2844610",0,0
"2844611",0,0
"2844612",0,0
"2844613",0,0
"2844614",0,0
"2844616",0,0
"2844618",0,0
"2844619",0,0
"2844620",0,0
"2844621",0,0
"2844625",0,0
"2844626",0,0
"2844627",0,0
"2844628",0,0
"2844629",0,0
"2844630",0,0
"2844632",0,0
"2844636",0,0
"2844638",0,0
"2844639",0,0
"2844640",0,0
"2844641",0,0
"2844642",0,0
"2844643",0,0
"2844645",0,0
"2844646",0,0
"2844649",0,0
"2844650",0,0
"2844651",0,0
"2844652",0,0
"2844653",0,0
"2844655",0,0
"2844656",0,0
"2844657",0,0
"2844658",0,0
"2844659",0,0
"2844660",0,0
"2844661",0,0
"2844662",0,0
"2844663",0,0
"2844664",0,0
"2844665",0,0
"2844667",0,0
"2844668",0,0
"2844669",0,0
"2844670",0,0
"2844671",0,0
"2844672",0,0
"2844673",0,0
"2844674",0,0
"2844675",0,0
"2844676",0,0
"2844677",0,0
"2844678",0,0
"2844679",0,0
"2844680",0,0
"2844681",0,0
"2844689",0,0
"2844690",0,0
"2844691",0,0
"2844692",0,0
"2844693",0,0
"2844694",0,0
"2844695",0,0
"2844696",0,0
"2844697",0,0
"2844698",0,0
"2844699",0,0
"2844700",0,0
"2844701",0,0
"2844702",0,0
"2844703",0,0
"2844704",0,0
"2844705",0,0
"2844706",0,0
"2844707",0,0
"2844708",0,0
"2844709",0,0
"2844711",0,0
"2844712",0,0
"2844713",0,0
"2844714",0,0
"2844715",0,0
"2844716",0,0
"2844718",0,0
"2844719",0,0
"2844720",0,0
"2844721",0,0
"2844723",0,0
"2844724",0,0
"2844725",0,0
"2844726",0,0
"2844727",0,0
"2844728",0,0
"2844729",0,0
"2844730",0,0
"2844731",0,0
"2844732",0,0
"2844734",0,0
"2844735",0,0
"2844736",0,0
"2844737",0,0
"2844738",0,0
"2844739",0,0
"2844740",0,0
"2844741",0,0
"2844742",0,0
"2844743",0,0
"2844744",0,0
"2844745",0,0
"2844746",0,0
"2844747",0,0
"2844748",0,0
"2844749",0,0
"2844750",0,0
"2844751",0,0
"2844752",0,0
"2844753",0,0
"2844754",0,0
"2844755",0,0
"2844756",0,0
"2844757",0,0
"2844758",0,0
"2844760",0,0
"2844761",0,0
"2844762",0,0
"2844763",0,0
"2844764",0,0
"2844765",0,0
"2844766",0,0
"2844767",0,0
"2844769",0,0
"2844770",0,0
"2844771",0,0
"2844772",0,0
"2844773",0,0
"2844774",0,0
"2844775",0,0
"2844776",0,0
"2844778",0,0
"2844780",0,0
"2844781",0,0
"2844782",0,0
"2844784",0,0
"2844785",0,0
"2844790",0,0
"2844792",0,0
"2844793",0,0
"2844794",0,0
"2844795",0,0
"2844796",0,0
"2844799",0,0
"2844802",0,0
"2844804",0,0
"2844806",0,0
"2844808",0,0
"2844809",0,0
"2844810",0,0
"2844811",0,0
"2844818",0,0
"2844819",0,0
"2844820",0,0
"2844822",0,0
"2844825",0,0
"2844826",0,0
"2844828",0,0
"2844830",0,0
"2844831",0,0
"2844832",0,0
"2844833",0,0
"2844834",0,0
"2844835",0,0
"2844837",0,0
"2844838",0,0
"2844839",0,0
"2844842",0,0
"2844843",0,0
"2844846",0,0
"2844847",0,0
"2844848",0,0
"2844849",0,0
"2844850",0,0
"2844851",0,0
"2844852",0,0
"2844859",0,0
"2844861",0,0
"2844862",0,0
"2844866",0,0
"2844961",0,0
"2844962",0,0
"2844963",0,0
"2844965",0,0
"2844966",0,0
"2844970",0,0
"2844971",0,0
"2844972",0,0
"2844973",0,0
"2844974",0,0
"2844975",0,0
"2844977",0,0
"2844978",0,0
"2844981",0,0
"2844982",0,0
"2844983",0,0
"2844985",0,0
"2844986",0,0
"2844987",0,0
"2844989",0,0
"2844994",0,0
"2844995",0,0
"2844996",0,0
"2844997",0,0
"2844999",0,0
"2845003",0,0
"2845004",0,0
"2845005",0,0
"2845006",0,0
"2845007",0,0
"2845008",0,0
"2845009",0,0
"2845010",0,0
"2845012",0,0
"2845013",0,0
"2845014",0,0
"2845015",0,0
"2845016",0,0
"2845017",0,0
"2845018",0,0
"2845019",0,0
"2845020",0,0
"2845023",0,0
"2845024",0,0
"2845025",0,0
"2845026",0,0
"2845028",0,0
"2845031",0,0
"2845033",0,0
"2845034",0,0
"2845035",0,0
"2845036",0,0
"2845037",0,0
"2845038",0,0
"2845039",0,0
"2845041",0,0
"2845042",0,0
"2845043",0,0
"2845044",0,0
"2845045",0,0
"2845046",0,0
"2845047",0,0
"2845048",0,0
"2845049",0,0
"2845050",0,0
"2845051",0,0
"2845052",0,0
"2845054",0,0
"2845055",0,0
"2845056",0,0
"2845057",0,0
"2845060",0,0
"2845061",0,0
"2845062",0,0
"2845064",0,0
"2845066",0,0
"2845069",0,0
"2845070",0,0
"2845071",0,0
"2845073",0,0
"2845074",0,0
"2845075",0,0
"2845076",0,0
"2845077",0,0
"2845078",0,0
"2845079",0,0
"2845080",0,0
"2845081",0,0
"2845082",0,0
"2845083",0,0
"2845084",0,0
"2845085",0,0
"2845086",0,0
"2845087",0,0
"2845088",0,0
"2845089",0,0
"2845090",0,0
"2845091",0,0
"2845092",0,0
"2845093",0,0
"2845094",0,0
"2845095",0,0
"2845103",0,0
"2845104",0,0
"2845105",0,0
"2845106",0,0
"2845107",0,0
"2845108",0,0
"2845109",0,0
"2845110",0,0
"2845111",0,0
"2845112",0,0
"2845113",0,0
"2845114",0,0
"2845115",0,0
"2845116",0,0
"2845117",0,0
"2845118",0,0
"2845119",0,0
"2845122",0,0
"2845128",0,0
"2845130",0,0
"2845131",0,0
"2845134",0,0
"2845135",0,0
"2845138",0,0
"2845142",0,0
"2845143",0,0
"2845145",0,0
"2845148",0,0
"2845149",0,0
"2845150",0,0
"2845151",0,0
"2845152",0,0
"2845153",0,0
"2845154",0,0
"2845155",0,0
"2845156",0,0
"2845157",0,0
"2845158",0,0
"2845159",0,0
"2845160",0,0
"2845161",0,0
"2845162",0,0
"2845163",0,0
"2845164",0,0
"2845165",0,0
"2845167",0,0
"2845168",0,0
"2845170",0,0
"2845171",0,0
"2845172",0,0
"2845173",0,0
"2845174",0,0
"2845176",0,0
"2845177",0,0
"2845178",0,0
"2845179",0,0
"2845180",0,0
"2845181",0,0
"2845182",0,0
"2845183",0,0
"2845185",0,0
"2845186",0,0
"2845189",0,0
"2845191",0,0
"2845386",0,0
"2845387",0,0
"2845389",0,0
"2845390",0,0
"2845392",0,0
"2845393",0,0
"2845394",0,0
"2845395",0,0
"2845396",0,0
"2845398",0,0
"2845399",0,0
"2845400",0,0
"2845401",0,0
"2845402",0,0
"2845403",0,0
"2845404",0,0
"2845405",0,0
"2845406",0,0
"2845407",0,0
"2845409",0,0
"2845411",0,0
"2845412",0,0
"2845413",0,0
"2845414",0,0
"2845419",0,0
"2845421",0,0
"2845422",0,0
"2845426",0,0
"2845428",0,0
"2845431",0,0
"2845432",0,0
"2845434",0,0
"2845435",0,0
"2845436",0,0
"2845437",0,0
"2845438",0,0
"2845439",0,0
"2845440",0,0
"2845441",0,0
"2845445",0,0
"2845446",0,0
"2845447",0,0
"2845448",0,0
"2845449",0,0
"2845450",0,0
"2845451",0,0
"2845455",0,0
"2845456",0,0
"2845458",0,0
"2845459",0,0
"2845460",0,0
"2845461",0,0
"2845463",0,0
"2845464",0,0
"2845465",0,0
"2845466",0,0
"2845467",0,0
"2845469",0,0
"2845470",0,0
"2845471",0,0
"2845472",0,0
"2845474",0,0
"2845475",0,0
"2845476",0,0
"2845477",0,0
"2845478",0,0
"2845479",0,0
"2845481",0,0
"2845482",0,0
"2845483",0,0
"2845484",0,0
"2845485",0,0
"2845486",0,0
"2845487",0,0
"2845488",0,0
"2845489",0,0
"2845490",0,0
"2845491",0,0
"2845492",0,0
"2845493",0,0
"2845494",0,0
"2845497",0,0
"2845498",0,0
"2845499",0,0
"2845501",0,0
"2845502",0,0
"2845503",0,0
"2845504",0,0
"2845506",0,0
"2845510",0,0
"2845511",0,0
"2845512",0,0
"2845513",0,0
"2845516",0,0
"2845517",0,0
"2845519",0,0
"2845520",0,0
"2845523",0,0
"2845524",0,0
"2845525",0,0
"2845527",0,0
"2845528",0,0
"2845529",0,0
"2845530",0,0
"2845531",0,0
"2845532",0,0
"2845533",0,0
"2845534",0,0
"2845536",0,0
"2845537",0,0
"2845538",0,0
"2845539",0,0
"2845544",0,0
"2845548",0,0
"2845550",0,0
"2845552",0,0
"2845553",0,0
"2845556",0,0
"2845557",0,0
"2845558",0,0
"2845559",0,0
"2845562",0,0
"2845564",0,0
"2845565",0,0
"2845569",0,0
"2845570",0,0
"2845573",0,0
"2845574",0,0
"2845575",0,0
"2845577",0,0
"2845578",0,0
"2845579",0,0
"2845580",0,0
"2845583",0,0
"2845584",0,0
"2845585",0,0
"2845587",0,0
"2845588",0,0
"2845589",0,0
"2845590",0,0
"2845591",0,0
"2845592",0,0
"2845593",0,0
"2845594",0,0
"2845595",0,0
"2845596",0,0
"2845597",0,0
"2845598",0,0
"2845599",0,0
"2845600",0,0
"2845601",0,0
"2845603",0,0
"2845604",0,0
"2845605",0,0
"2845606",0,0
"2845607",0,0
"2845608",0,0
"2845610",0,0
"2845611",0,0
"2845612",0,0
"2845613",0,0
"2845614",0,0
"2845615",0,0
"2845617",0,0
"2845618",0,0
"2845619",0,0
"2845620",0,0
"2845621",0,0
"2845622",0,0
"2845623",0,0
"2845625",0,0
"2845626",0,0
"2845631",0,0
"2845632",0,0
"2845634",0,0
"2845635",0,0
"2845636",0,0
"2845637",0,0
"2845638",0,0
"2845639",0,0
"2845640",0,0
"2845641",0,0
"2845642",0,0
"2845643",0,0
"2845644",0,0
"2845645",0,0
"2845647",0,0
"2845648",0,0
"2845649",0,0
"2845650",0,0
"2845651",0,0
"2845652",0,0
"2845653",0,0
"2845654",0,0
"2845655",0,0
"2845656",0,0
"2845657",0,0
"2845658",0,0
"2845659",0,0
"2845660",0,0
"2845661",0,0
"2845662",0,0
"2845663",0,0
"2845664",0,0
"2845665",0,0
"2845666",0,0
"2845667",0,0
"2845669",0,0
"2845670",0,0
"2845671",0,0
"2845672",0,0
"2845673",0,0
"2845674",0,0
"2845675",0,0
"2845676",0,0
"2845678",0,0
"2845679",0,0
"2845680",0,0
"2845681",0,0
"2845682",0,0
"2845683",0,0
"2845685",0,0
"2845686",0,0
"2845688",0,0
"2845689",0,0
"2845690",0,0
"2845691",0,0
"2845692",0,0
"2845693",0,0
"2845695",0,0
"2845697",0,0
"2845698",0,0
"2845699",0,0
"2845700",0,0
"2845701",0,0
"2845702",0,0
"2845703",0,0
"2845704",0,0
"2845705",0,0
"2845706",0,0
"2845707",0,0
"2845709",0,0
"2845710",0,0
"2845713",0,0
"2845714",0,0
"2845715",0,0
"2845716",0,0
"2845717",0,0
"2845718",0,0
"2845720",0,0
"2845721",0,0
"2845722",0,0
"2845723",0,0
"2845724",0,0
"2845725",0,0
"2845726",0,0
"2845728",0,0
"2845729",0,0
"2845730",0,0
"2845733",0,0
"2845734",0,0
"2845739",0,0
"2845741",0,0
"2845743",0,0
"2845744",0,0
"2845749",0,0
"2845751",0,0
"2845753",0,0
"2845754",0,0
"2845755",0,0
"2845756",0,0
"2845757",0,0
"2845759",0,0
"2845760",0,0
"2845767",0,0
"2845768",0,0
"2845769",0,0
"2845770",0,0
"2845771",0,0
"2845772",0,0
"2845773",0,0
"2845774",0,0
"2845775",0,0
"2845776",0,0
"2845777",0,0
"2845778",0,0
"2845779",0,0
"2845780",0,0
"2845781",0,0
"2845782",0,0
"2845785",0,0
"2845786",0,0
"2845787",0,0
"2845788",0,0
"2845789",0,0
"2845790",0,0
"2845791",0,0
"2845793",0,0
"2845794",0,0
"2845795",0,0
"2845798",0,0
"2845799",0,0
"2845801",0,0
"2845802",0,0
"2845804",0,0
"2845805",0,0
"2845806",0,0
"2845807",0,0
"2845816",0,0
"2845831",0,0
"2845832",0,0
"2845833",0,0
"2845834",0,0
"2845835",0,0
"2845836",0,0
"2845837",0,0
"2845838",0,0
"2845839",0,0
"2845840",0,0
"2845841",0,0
"2845842",0,0
"2845843",0,0
"2845845",0,0
"2845846",0,0
"2845847",0,0
"2845848",0,0
"2845849",0,0
"2845850",0,0
"2845852",0,0
"2845853",0,0
"2845854",0,0
"2845855",0,0
"2845856",0,0
"2845857",0,0
"2845858",0,0
"2845859",0,0
"2845860",0,0
"2845861",0,0
"2845862",0,0
"2845863",0,0
"2845864",0,0
"2845865",0,0
"2845866",0,0
"2845867",0,0
"2845868",0,0
"2845869",0,0
"2845870",0,0
"2845872",0,0
"2845873",0,0
"2845874",0,0
"2845875",0,0
"2845877",0,0
"2845878",0,0
"2845883",0,0
"2845885",0,0
"2845886",0,0
"2845887",0,0
"2845888",0,0
"2845889",0,0
"2845893",0,0
"2845895",0,0
"2845896",0,0
"2845897",0,0
"2845899",0,0
"2845900",0,0
"2845902",0,0
"2845903",0,0
"2845905",0,0
"2845906",0,0
"2845909",0,0
"2845924",0,0
"2845933",0,0
"2845934",0,0
"2845936",0,0
"2845940",0,0
"2845941",0,0
"2845943",0,0
"2845944",0,0
"2845945",0,0
"2845946",0,0
"2845947",0,0
"2845948",0,0
"2845950",0,0
"2845951",0,0
"2845952",0,0
"2845953",0,0
"2845954",0,0
"2845955",0,0
"2845956",0,0
"2845957",0,0
"2845958",0,0
"2845959",0,0
"2845960",0,0
"2845961",0,0
"2845962",0,0
"2845963",0,0
"2845964",0,0
"2845965",0,0
"2845966",0,0
"2845967",0,0
"2845968",0,0
"2845969",0,0
"2845970",0,0
"2845971",0,0
"2845974",0,0
"2845978",0,0
"2845979",0,0
"2845980",0,0
"2845981",0,0
"2845982",0,0
"2845983",0,0
"2845984",0,0
"2845985",0,0
"2845986",0,0
"2845987",0,0
"2845988",0,0
"2845989",0,0
"2845990",0,0
"2845991",0,0
"2845992",0,0
"2845993",0,0
"2845994",0,0
"2845995",0,0
"2845996",0,0
"2845997",0,0
"2845998",0,0
"2845999",0,0
"2846000",0,0
"2846001",0,0
"2846002",0,0
"2846003",0,0
"2846005",0,0
"2846006",0,0
"2846007",0,0
"2846008",0,0
"2846009",0,0
"2846010",0,0
"2846011",0,0
"2846015",0,0
"2846016",0,0
"2846017",0,0
"2846018",0,0
"2846020",0,0
"2846021",0,0
"2846022",0,0
"2846025",0,0
"2846026",0,0
"2846029",0,0
"2846030",0,0
"2846031",0,0
"2846032",0,0
"2846033",0,0
"2846034",0,0
"2846035",0,0
"2846036",0,0
"2846037",0,0
"2846038",0,0
"2846039",0,0
"2846040",0,0
"2846041",0,0
"2846042",0,0
"2846043",0,0
"2846044",0,0
"2846045",0,0
"2846046",0,0
"2846047",0,0
"2846048",0,0
"2846049",0,0
"2846050",0,0
"2846051",0,0
"2846052",0,0
"2846055",0,0
"2846058",0,0
"2846059",0,0
"2846061",0,0
"2846063",0,0
"2846064",0,0
"2846065",0,0
"2846066",0,0
"2846067",0,0
"2846068",0,0
"2846069",0,0
"2846071",0,0
"2846072",0,0
"2846073",0,0
"2846074",0,0
"2846075",0,0
"2846076",0,0
"2846078",0,0
"2846079",0,0
"2846082",0,0
"2846084",0,0
"2846085",0,0
"2846087",0,0
"2846088",0,0
"2846089",0,0
"2846091",0,0
"2846092",0,0
"2846094",0,0
"2846095",0,0
"2846096",0,0
"2846098",0,0
"2846099",0,0
"2846101",0,0
"2846102",0,0
"2846103",0,0
"2846105",0,0
"2846106",0,0
"2846107",0,0
"2846108",0,0
"2846109",0,0
"2846111",0,0
"2846112",0,0
"2846113",0,0
"2846114",0,0
"2846115",0,0
"2846116",0,0
"2846117",0,0
"2846118",0,0
"2846119",0,0
"2846120",0,0
"2846121",0,0
"2846122",0,0
"2846124",0,0
"2846125",0,0
"2846126",0,0
"2846127",0,0
"2846128",0,0
"2846129",0,0
"2846130",0,0
"2846131",0,0
"2846132",0,0
"2846133",0,0
"2846134",0,0
"2846135",0,0
"2846136",0,0
"2846137",0,0
"2846138",0,0
"2846139",0,0
"2846140",0,0
"2846141",0,0
"2846142",0,0
"2846144",0,0
"2846146",0,0
"2846147",0,0
"2846148",0,0
"2846149",0,0
"2846150",0,0
"2846151",0,0
"2846153",0,0
"2846154",0,0
"2846156",0,0
"2846157",0,0
"2846158",0,0
"2846159",0,0
"2846160",0,0
"2846161",0,0
"2846165",0,0
"2846166",0,0
"2846168",0,0
"2846169",0,0
"2846170",0,0
"2846171",0,0
"2846172",0,0
"2846174",0,0
"2846175",0,0
"2846177",0,0
"2846179",0,0
"2846180",0,0
"2846181",0,0
"2846183",0,0
"2846184",0,0
"2846185",0,0
"2846186",0,0
"2846187",0,0
"2846188",0,0
"2846190",0,0
"2846191",0,0
"2846193",0,0
"2846194",0,0
"2846195",0,0
"2846196",0,0
"2846198",0,0
"2846199",0,0
"2846200",0,0
"2846201",0,0
"2846204",0,0
"2846205",0,0
"2846206",0,0
"2846208",0,0
"2846209",0,0
"2846210",0,0
"2846212",0,0
"2846214",0,0
"2846215",0,0
"2846217",0,0
"2846226",0,0
"2846232",0,0
"2846233",0,0
"2846234",0,0
"2846235",0,0
"2846236",0,0
"2846237",0,0
"2846241",0,0
"2846242",0,0
"2846243",0,0
"2846244",0,0
"2846253",0,0
"2846259",0,0
"2846262",0,0
"2846269",0,0
"2846271",0,0
"2846275",0,0
"2846286",0,0
"2846302",0,0
"2846379",0,0
"2846383",0,0
"2846384",0,0
"2846385",0,0
"2846386",0,0
"2846387",0,0
"2846388",0,0
"2846390",0,0
"2846391",0,0
"2846392",0,0
"2846394",0,0
"2846395",0,0
"2846396",0,0
"2846397",0,0
"2846399",0,0
"2846400",0,0
"2846401",0,0
"2846403",0,0
"2846404",0,0
"2846405",0,0
"2846406",0,0
"2846407",0,0
"2846408",0,0
"2846409",0,0
"2846410",0,0
"2846411",0,0
"2846413",0,0
"2846414",0,0
"2846415",0,0
"2846416",0,0
"2846417",0,0
"2846418",0,0
"2846419",0,0
"2846420",0,0
"2846423",0,0
"2846425",0,0
"2846426",0,0
"2846427",0,0
"2846429",0,0
"2846430",0,0
"2846431",0,0
"2846432",0,0
"2846433",0,0
"2846434",0,0
"2846437",0,0
"2846439",0,0
"2846440",0,0
"2846442",0,0
"2846443",0,0
"2846446",0,0
"2846447",0,0
"2846449",0,0
"2846450",0,0
"2846451",0,0
"2846454",0,0
"2846455",0,0
"2846570",0,0
"2846571",0,0
"2846572",0,0
"2846573",0,0
"2846576",0,0
"2846578",0,0
"2846579",0,0
"2846580",0,0
"2846581",0,0
"2846583",0,0
"2846584",0,0
"2846587",0,0
"2846589",0,0
"2846590",0,0
"2846594",0,0
"2846595",0,0
"2846596",0,0
"2846597",0,0
"2846599",0,0
"2846600",0,0
"2846601",0,0
"2846603",0,0
"2846604",0,0
"2846607",0,0
"2846608",0,0
"2846609",0,0
"2846610",0,0
"2846612",0,0
"2846613",0,0
"2846614",0,0
"2846616",0,0
"2846617",0,0
"2846618",0,0
"2846620",0,0
"2846621",0,0
"2846622",0,0
"2846623",0,0
"2846624",0,0
"2846625",0,0
"2846626",0,0
"2846627",0,0
"2846628",0,0
"2846629",0,0
"2846630",0,0
"2846631",0,0
"2846632",0,0
"2846634",0,0
"2846635",0,0
"2846636",0,0
"2846637",0,0
"2846638",0,0
"2846642",0,0
"2846643",0,0
"2846644",0,0
"2846645",0,0
"2846646",0,0
"2846647",0,0
"2846648",0,0
"2846649",0,0
"2846650",0,0
"2846652",0,0
"2846653",0,0
"2846654",0,0
"2846655",0,0
"2846656",0,0
"2846657",0,0
"2846660",0,0
"2846661",0,0
"2846662",0,0
"2846663",0,0
"2846664",0,0
"2846665",0,0
"2846666",0,0
"2846667",0,0
"2846668",0,0
"2846670",0,0
"2846671",0,0
"2846672",0,0
"2846673",0,0
"2846675",0,0
"2846676",0,0
"2846677",0,0
"2846678",0,0
"2846679",0,0
"2846680",0,0
"2846681",0,0
"2846682",0,0
"2846683",0,0
"2846684",0,0
"2846685",0,0
"2846686",0,0
"2846687",0,0
"2846689",0,0
"2846691",0,0
"2846692",0,0
"2846693",0,0
"2846694",0,0
"2846695",0,0
"2846696",0,0
"2846700",0,0
"2846701",0,0
"2846739",0,0
"284687",0,0
"284688",0,0
"2847108",0,0
"2848881",0,0
"2848886",0,0
"2848887",0,0
"2849081",0,0
"2849244",0,0
"2849246",0,0
"2849625",0,0
"2849626",0,0
"2849666",0,0
"2849972",0,0
"2850078",0,0
"2850492",0,0
"2850493",0,0
"2850494",0,0
"2851068",0,0
"2851069",0,0
"2851077",0,0
"2851101",0,0
"2851978",0,0
"2851979",0,0
"2851980",0,0
"2851981",0,0
"2851982",0,0
"2852099",0,0
"2852116",0,0
"2853091",0,0
"2853534",0,0
"2854261",0,0
"285458",0,0
"285473",0,0
"2854796",0,0
"285530",0,0
"2855688",0,0
"2856180",0,0
"2856573",0,0
"2856851",0,0
"2857061",0,0
"2857501",0,0
"2859072",0,0
"2859474",0,0
"2859476",0,0
"2859477",0,0
"2859488",0,0
"2859632",0,0
"2859633",0,0
"2859634",0,0
"2859653",0,0
"2859655",0,0
"2859656",0,0
"2859658",0,0
"2860269",0,0
"2860374",0,0
"2860376",0,0
"2860377",0,0
"2860396",0,0
"2860997",0,0
"2861002",0,0
"2861280",0,0
"286130",0,0
"2861800",0,0
"2861801",0,0
"2861802",0,0
"2862773",0,0
"2862998",0,0
"2863194",0,0
"2863195",0,0
"2863832",0,0
"2863847",0,0
"2864103",0,0
"2865672",0,0
"2865787",0,0
"2865793",0,0
"2865794",0,0
"2865806",0,0
"2866191",0,0
"2866192",0,0
"2866195",0,0
"2866196",0,0
"2866198",0,0
"2866199",0,0
"2866200",0,0
"2866277",0,0
"2866282",0,0
"2866684",0,0
"2867004",0,0
"2867013",0,0
"2867247",0,0
"2867265",0,0
"2867473",0,0
"2867479",0,0
"2867550",0,0
"2869544",0,0
"2869545",0,0
"2869547",0,0
"2869549",0,0
"2869552",0,0
"2869553",0,0
"2869555",0,0
"2869556",0,0
"2869557",0,0
"2869569",0,0
"2871094",0,0
"2871166",0,0
"2871487",0,0
"2871520",0,0
"2871538",0,0
"2871539",0,0
"2872311",0,0
"2872675",0,0
"2872676",0,0
"2872811",0,0
"2873234",0,0
"2873296",0,0
"2873349",0,0
"2873352",0,0
"2873372",0,0
"2873373",0,0
"2873413",0,0
"2873460",0,0
"2873534",0,0
"2873951",0,0
"2874031",0,0
"287412",0,0
"2874141",0,0
"2874627",0,0
"2874879",0,0
"2874884",0,0
"2874885",0,0
"2874886",0,0
"2874887",0,0
"2874888",0,0
"2874889",0,0
"2874890",0,0
"2875722",0,0
"2875723",0,0
"2875798",0,0
"2875869",0,0
"2876597",0,0
"2876620",0,0
"2876789",0,0
"2877507",0,0
"2877511",0,0
"2877945",0,0
"2878088",0,0
"2878269",0,0
"2879113",0,0
"2879117",0,0
"2879396",0,0
"2879398",0,0
"2879399",0,0
"2879622",0,0
"288021",0,0
"2880839",0,0
"2880989",0,0
"2880990",0,0
"2880993",0,0
"2883512",0,0
"288456",0,0
"2885152",0,0
"2885687",0,0
"2885951",0,0
"2885973",0,0
"2885974",0,0
"2885975",0,0
"2885976",0,0
"2885981",0,0
"2885983",0,0
"2886031",0,0
"2886042",0,0
"2886045",0,0
"2886209",0,0
"2886224",0,0
"2886398",0,0
"2886399",0,0
"2886400",0,0
"2886401",0,0
"2886402",0,0
"2886406",0,0
"2886822",0,0
"2886823",0,0
"28871",0,0
"28875",0,0
"28876",0,0
"288793",0,0
"28882",0,0
"28884",0,0
"2890406",0,0
"2890407",0,0
"2890836",0,0
"2891294",0,0
"2891955",0,0
"289201",0,0
"2892396",0,0
"2894203",0,0
"2894293",0,0
"2894297",0,0
"2894335",0,0
"2894344",0,0
"2894356",0,0
"2894367",0,0
"2894395",0,0
"2894587",0,0
"2894588",0,0
"2894593",0,0
"2894747",0,0
"2894753",0,0
"2894778",0,0
"2894779",0,0
"2894786",0,0
"2894787",0,0
"2894789",0,0
"2894793",0,0
"2894794",0,0
"2894795",0,0
"2894796",0,0
"2894801",0,0
"2894809",0,0
"2894929",0,0
"2895488",0,0
"2895623",0,0
"2896860",0,0
"2897176",0,0
"2897413",0,0
"2899077",0,0
"2899887",0,0
"2900297",0,0
"290030",0,0
"2902622",0,0
"2902690",0,0
"2902692",0,0
"2902694",0,0
"2902747",0,0
"2903099",0,0
"2903266",0,0
"2903536",0,0
"290425",0,0
"2904972",0,0
"2905464",0,0
"2905465",0,0
"2905564",0,0
"2905565",0,0
"2905566",0,0
"2905570",0,0
"2905571",0,0
"2905620",0,0
"2906028",0,0
"290611",0,0
"2906468",0,0
"2906497",0,0
"2906743",0,0
"2907287",0,0
"2907493",0,0
"2907624",0,0
"2908099",0,0
"2908628",0,0
"2908630",0,0
"2908746",0,0
"2909581",0,0
"2909736",0,0
"2910155",0,0
"2910589",0,0
"2910754",0,0
"2910755",0,0
"2910948",0,0
"2910949",0,0
"2910950",0,0
"2910951",0,0
"2910954",0,0
"2911176",0,0
"2911664",0,0
"2911954",0,0
"2911956",0,0
"2911957",0,0
"2912260",0,0
"2912296",0,0
"2912606",0,0
"2912629",0,0
"2912630",0,0
"2912631",0,0
"2912654",0,0
"2912825",0,0
"291286",0,0
"2912878",0,0
"2912895",0,0
"2913478",0,0
"2913660",0,0
"2914024",0,0
"2914027",0,0
"2914028",0,0
"2914029",0,0
"2914178",0,0
"2914443",0,0
"2914454",0,0
"2914456",0,0
"2914457",0,0
"2914460",0,0
"2914477",0,0
"2914480",0,0
"2914481",0,0
"2914483",0,0
"2914484",0,0
"2914485",0,0
"2914486",0,0
"2914487",0,0
"2914488",0,0
"291612",0,0
"2916693",0,0
"2917713",0,0
"2917714",0,0
"2917716",0,0
"2917812",0,0
"2917990",0,0
"2918454",0,0
"2918921",0,0
"2918927",0,0
"2919376",0,0
"2919614",0,0
"2919922",0,0
"2920269",0,0
"292029",0,0
"2920374",0,0
"2920384",0,0
"292052",0,0
"2921215",0,0
"2921791",0,0
"2921792",0,0
"2921793",0,0
"2922857",0,0
"2922858",0,0
"2922859",0,0
"2923088",0,0
"292477",0,0
"2924880",0,0
"2924881",0,0
"2924885",0,0
"2924887",0,0
"2924904",0,0
"2924906",0,0
"2924907",0,0
"29252",0,0
"29255",0,0
"29256",0,0
"29257",0,0
"2926084",0,0
"2926097",0,0
"2926098",0,0
"2926108",0,0
"292627",0,0
"2926475",0,0
"29271",0,0
"29272",0,0
"2927243",0,0
"2927268",0,0
"2927281",0,0
"2927283",0,0
"2927284",0,0
"2927622",0,0
"2927787",0,0
"2927788",0,0
"2928187",0,0
"2928256",0,0
"2928257",0,0
"29287",0,0
"2928831",0,0
"2929005",0,0
"2929007",0,0
"2929011",0,0
"2929250",0,0
"2929252",0,0
"2929287",0,0
"2929488",0,0
"2929491",0,0
"2930259",0,0
"2930315",0,0
"2931039",0,0
"2931974",0,0
"29323",0,0
"2932492",0,0
"2932867",0,0
"2933778",0,0
"2933779",0,0
"2933796",0,0
"293386",0,0
"2935040",0,0
"2935450",0,0
"2935866",0,0
"2936613",0,0
"2936906",0,0
"2936912",0,0
"2936914",0,0
"2936919",0,0
"2937284",0,0
"2937408",0,0
"2937792",0,0
"2937793",0,0
"2937909",0,0
"2938232",0,0
"2939127",0,0
"2939128",0,0
"2939129",0,0
"2939131",0,0
"2939132",0,0
"2939492",0,0
"29404",0,0
"2940487",0,0
"2940489",0,0
"2940491",0,0
"29407",0,0
"2942275",0,0
"2942452",0,0
"2942480",0,0
"2942894",0,0
"29429",0,0
"2942964",0,0
"2942979",0,0
"2942980",0,0
"2942989",0,0
"2942993",0,0
"2943001",0,0
"2943011",0,0
"2943013",0,0
"2943014",0,0
"2943015",0,0
"2943016",0,0
"2943019",0,0
"2943841",0,0
"2944251",0,0
"2944252",0,0
"2944392",0,0
"2944850",0,0
"2944951",0,0
"2945916",0,0
"2945982",0,0
"2946162",0,0
"2946166",0,0
"2946167",0,0
"2946169",0,0
"2946173",0,0
"2946175",0,0
"2946180",0,0
"2946794",0,0
"2946797",0,0
"2946811",0,0
"2946813",0,0
"2946816",0,0
"2946819",0,0
"2946820",0,0
"2946822",0,0
"2946830",0,0
"2946834",0,0
"294702",0,0
"2948640",0,0
"2948641",0,0
"2948647",0,0
"2948648",0,0
"2948659",0,0
"2948665",0,0
"2948678",0,0
"2948679",0,0
"2948690",0,0
"2948710",0,0
"2948712",0,0
"2948713",0,0
"2948726",0,0
"2948755",0,0
"2948768",0,0
"2948769",0,0
"2948771",0,0
"2948772",0,0
"2948773",0,0
"2948776",0,0
"2948781",0,0
"2948787",0,0
"2948789",0,0
"2948791",0,0
"2948800",0,0
"2948807",0,0
"2948808",0,0
"2948823",0,0
"2948826",0,0
"2948833",0,0
"2948847",0,0
"2948855",0,0
"2948861",0,0
"2948866",0,0
"2948872",0,0
"2948873",0,0
"2948876",0,0
"2948877",0,0
"2948878",0,0
"2948898",0,0
"2948900",0,0
"2948901",0,0
"2948910",0,0
"2948912",0,0
"2948913",0,0
"2948917",0,0
"2948922",0,0
"2948926",0,0
"2948931",0,0
"2948935",0,0
"2948936",0,0
"2948939",0,0
"2948940",0,0
"2948963",0,0
"2950075",0,0
"2950076",0,0
"2950460",0,0
"2951104",0,0
"2951256",0,0
"2951261",0,0
"2951390",0,0
"2951391",0,0
"2951616",0,0
"2951617",0,0
"2951618",0,0
"2951619",0,0
"2951978",0,0
"2953667",0,0
"2953674",0,0
"2953972",0,0
"2953975",0,0
"2953976",0,0
"2953979",0,0
"2953981",0,0
"2953982",0,0
"2953983",0,0
"2953984",0,0
"2953990",0,0
"2953993",0,0
"2953994",0,0
"2953998",0,0
"2953999",0,0
"2954002",0,0
"2954007",0,0
"2954009",0,0
"2954011",0,0
"2954013",0,0
"2954015",0,0
"2954017",0,0
"2954021",0,0
"2954027",0,0
"2954028",0,0
"2954033",0,0
"2954034",0,0
"2954039",0,0
"2954040",0,0
"2954041",0,0
"2954042",0,0
"2954043",0,0
"2954044",0,0
"2954045",0,0
"2954049",0,0
"2954050",0,0
"2954052",0,0
"2954054",0,0
"2954060",0,0
"2954062",0,0
"2954064",0,0
"2954065",0,0
"2954066",0,0
"2954067",0,0
"2954068",0,0
"2954085",0,0
"2954095",0,0
"2954098",0,0
"2954100",0,0
"2954102",0,0
"2955190",0,0
"2955228",0,0
"2955229",0,0
"2955234",0,0
"2955235",0,0
"2955236",0,0
"2955242",0,0
"2955243",0,0
"2955245",0,0
"2955246",0,0
"2955248",0,0
"2955249",0,0
"2955250",0,0
"2955253",0,0
"2955254",0,0
"2955259",0,0
"2955260",0,0
"2955261",0,0
"2955262",0,0
"2955263",0,0
"2955264",0,0
"2955265",0,0
"2955266",0,0
"2955267",0,0
"2955268",0,0
"2955269",0,0
"2955270",0,0
"2955271",0,0
"2955272",0,0
"2955273",0,0
"2955274",0,0
"2955275",0,0
"2955276",0,0
"2955277",0,0
"2955278",0,0
"2955279",0,0
"2955280",0,0
"2955281",0,0
"2955282",0,0
"2955283",0,0
"2955284",0,0
"2955285",0,0
"2955286",0,0
"2955287",0,0
"2955289",0,0
"2955291",0,0
"2955292",0,0
"2955294",0,0
"2955295",0,0
"2955296",0,0
"2955298",0,0
"2955300",0,0
"2955302",0,0
"2955303",0,0
"2955304",0,0
"2955305",0,0
"2955306",0,0
"2955307",0,0
"2955308",0,0
"2955309",0,0
"2955317",0,0
"2955318",0,0
"2955319",0,0
"2955320",0,0
"2955321",0,0
"2955322",0,0
"2955323",0,0
"2955324",0,0
"2955325",0,0
"2955326",0,0
"2955327",0,0
"2955329",0,0
"2955330",0,0
"2955331",0,0
"2955332",0,0
"2955333",0,0
"2955334",0,0
"2955335",0,0
"2955336",0,0
"2955337",0,0
"2955338",0,0
"2955339",0,0
"2955340",0,0
"2955341",0,0
"2955342",0,0
"2955343",0,0
"2955344",0,0
"2955345",0,0
"2955346",0,0
"2955347",0,0
"2955348",0,0
"2955349",0,0
"2955350",0,0
"2955351",0,0
"2955352",0,0
"2955353",0,0
"2955354",0,0
"2955355",0,0
"2955356",0,0
"2955357",0,0
"2955358",0,0
"2955361",0,0
"2955362",0,0
"2955363",0,0
"2955364",0,0
"2955365",0,0
"2955367",0,0
"2955374",0,0
"2955375",0,0
"2955377",0,0
"2955378",0,0
"2955379",0,0
"2955380",0,0
"2955381",0,0
"2955384",0,0
"2955385",0,0
"2955386",0,0
"2955388",0,0
"2955390",0,0
"2955392",0,0
"2955393",0,0
"2955394",0,0
"2955395",0,0
"2955396",0,0
"2955397",0,0
"2955398",0,0
"2955399",0,0
"2955400",0,0
"2955401",0,0
"2955402",0,0
"2955403",0,0
"2955404",0,0
"2955405",0,0
"2955406",0,0
"2955407",0,0
"2955410",0,0
"2955411",0,0
"2955413",0,0
"2955414",0,0
"2955415",0,0
"2955416",0,0
"2955417",0,0
"2955418",0,0
"2955419",0,0
"2955420",0,0
"2955421",0,0
"2955422",0,0
"2955423",0,0
"2955425",0,0
"2955426",0,0
"2955427",0,0
"2955428",0,0
"2955429",0,0
"2955431",0,0
"2955433",0,0
"2955434",0,0
"2955435",0,0
"2955436",0,0
"2955437",0,0
"2955438",0,0
"2955440",0,0
"2955441",0,0
"2955442",0,0
"2955443",0,0
"2955444",0,0
"2955445",0,0
"2955446",0,0
"2955447",0,0
"2955448",0,0
"2955449",0,0
"2955450",0,0
"2955451",0,0
"2955452",0,0
"2955453",0,0
"2955455",0,0
"2955456",0,0
"2955457",0,0
"2955458",0,0
"2955462",0,0
"2955464",0,0
"2955465",0,0
"2955466",0,0
"2955467",0,0
"2955468",0,0
"2955470",0,0
"2955474",0,0
"2955475",0,0
"2955476",0,0
"2955477",0,0
"2955479",0,0
"2955482",0,0
"2955483",0,0
"2955485",0,0
"2955486",0,0
"2955487",0,0
"2955488",0,0
"2955490",0,0
"2955491",0,0
"2955492",0,0
"2955493",0,0
"2955494",0,0
"2955495",0,0
"2955496",0,0
"2955497",0,0
"2955500",0,0
"2955501",0,0
"2955502",0,0
"2955503",0,0
"2955504",0,0
"2955505",0,0
"2955506",0,0
"2955507",0,0
"2955508",0,0
"2955509",0,0
"2955513",0,0
"2955514",0,0
"2955515",0,0
"2955518",0,0
"2955519",0,0
"2955520",0,0
"2955521",0,0
"2955522",0,0
"2955524",0,0
"2955525",0,0
"2955527",0,0
"2955528",0,0
"2955531",0,0
"2955532",0,0
"2955537",0,0
"2955538",0,0
"2955539",0,0
"2955540",0,0
"2955541",0,0
"2955542",0,0
"2955543",0,0
"2955544",0,0
"2955545",0,0
"2955546",0,0
"2955547",0,0
"2955548",0,0
"2955551",0,0
"2955554",0,0
"2955555",0,0
"2955556",0,0
"2955558",0,0
"2955560",0,0
"2955563",0,0
"2955564",0,0
"2955565",0,0
"2955567",0,0
"2955568",0,0
"2955570",0,0
"2955571",0,0
"2955572",0,0
"2955573",0,0
"2955574",0,0
"2955575",0,0
"2955576",0,0
"2955577",0,0
"2955580",0,0
"2955584",0,0
"2955585",0,0
"2955586",0,0
"2955587",0,0
"2955588",0,0
"2955589",0,0
"2955590",0,0
"2955591",0,0
"2955592",0,0
"2955594",0,0
"2955595",0,0
"2955596",0,0
"2955597",0,0
"2955600",0,0
"2955601",0,0
"2955603",0,0
"2955604",0,0
"2955605",0,0
"2955606",0,0
"2955607",0,0
"2955608",0,0
"2955609",0,0
"2955610",0,0
"2955611",0,0
"2955612",0,0
"2955613",0,0
"2955614",0,0
"2955615",0,0
"2955616",0,0
"2955617",0,0
"2955618",0,0
"2955619",0,0
"2955620",0,0
"2955621",0,0
"2955622",0,0
"2955623",0,0
"2955624",0,0
"2955625",0,0
"2955626",0,0
"2955627",0,0
"2955628",0,0
"2955629",0,0
"2955630",0,0
"2955631",0,0
"2955632",0,0
"2955633",0,0
"2955634",0,0
"2955635",0,0
"2955636",0,0
"2955637",0,0
"2955638",0,0
"2955639",0,0
"2955640",0,0
"2955641",0,0
"2955642",0,0
"2955644",0,0
"2955645",0,0
"2955646",0,0
"2955647",0,0
"2955648",0,0
"2955650",0,0
"2955651",0,0
"2955652",0,0
"2955653",0,0
"2955654",0,0
"2955655",0,0
"2955656",0,0
"2955657",0,0
"2955658",0,0
"2955659",0,0
"2955660",0,0
"2955661",0,0
"2955662",0,0
"2955663",0,0
"2955664",0,0
"2955665",0,0
"2955666",0,0
"2955667",0,0
"2955669",0,0
"2955670",0,0
"2955671",0,0
"2955672",0,0
"2955673",0,0
"2955674",0,0
"2955675",0,0
"2955676",0,0
"2955677",0,0
"2955678",0,0
"2955679",0,0
"2955680",0,0
"2955681",0,0
"2955682",0,0
"2955683",0,0
"2955684",0,0
"2955685",0,0
"2955686",0,0
"2955687",0,0
"2955688",0,0
"2955689",0,0
"2955690",0,0
"2955691",0,0
"2955692",0,0
"2955693",0,0
"2955694",0,0
"2955697",0,0
"2955698",0,0
"2955699",0,0
"2955700",0,0
"2955702",0,0
"2955703",0,0
"2955704",0,0
"2955705",0,0
"2955706",0,0
"2955707",0,0
"2955708",0,0
"2955709",0,0
"2955710",0,0
"2955712",0,0
"2955718",0,0
"2955719",0,0
"2955720",0,0
"2955721",0,0
"2955724",0,0
"2955725",0,0
"2955727",0,0
"2955728",0,0
"2955729",0,0
"2955730",0,0
"2955737",0,0
"2955742",0,0
"2955743",0,0
"2955744",0,0
"2955746",0,0
"2955747",0,0
"2955749",0,0
"2955751",0,0
"2955752",0,0
"2955753",0,0
"2955754",0,0
"2955755",0,0
"2955756",0,0
"2955757",0,0
"2955758",0,0
"2955760",0,0
"2955761",0,0
"2955763",0,0
"2955764",0,0
"2955766",0,0
"2955767",0,0
"2955768",0,0
"2955770",0,0
"2955772",0,0
"2955774",0,0
"2955775",0,0
"2955776",0,0
"2955777",0,0
"2955779",0,0
"2955781",0,0
"2955783",0,0
"2955784",0,0
"2955785",0,0
"2955786",0,0
"2955787",0,0
"2955788",0,0
"2955790",0,0
"2955792",0,0
"2955793",0,0
"2955795",0,0
"2955796",0,0
"2955797",0,0
"2955798",0,0
"2955799",0,0
"2955800",0,0
"2955801",0,0
"2955802",0,0
"2955803",0,0
"2955804",0,0
"2955805",0,0
"2955806",0,0
"2955833",0,0
"2955835",0,0
"2955836",0,0
"2955838",0,0
"2955839",0,0
"2955840",0,0
"2955842",0,0
"2955843",0,0
"2955844",0,0
"2955845",0,0
"2955846",0,0
"2955847",0,0
"2955848",0,0
"2955849",0,0
"2955850",0,0
"2955851",0,0
"2955852",0,0
"2955853",0,0
"2955855",0,0
"2955860",0,0
"2955862",0,0
"2955863",0,0
"2955864",0,0
"2955865",0,0
"2955868",0,0
"2955869",0,0
"2955870",0,0
"2955872",0,0
"2955873",0,0
"2955874",0,0
"2955875",0,0
"2955877",0,0
"2955878",0,0
"2955879",0,0
"2955880",0,0
"2955881",0,0
"2955882",0,0
"2955883",0,0
"2955884",0,0
"2955885",0,0
"2955887",0,0
"2955888",0,0
"2955890",0,0
"2955891",0,0
"2955892",0,0
"2955893",0,0
"2955894",0,0
"2955895",0,0
"2955896",0,0
"2955897",0,0
"2955898",0,0
"2955899",0,0
"2955900",0,0
"2955901",0,0
"2955902",0,0
"2955903",0,0
"2955904",0,0
"2955905",0,0
"2955906",0,0
"2955908",0,0
"2955909",0,0
"2955910",0,0
"2955911",0,0
"2955912",0,0
"2955913",0,0
"2955914",0,0
"2955915",0,0
"2955916",0,0
"2955917",0,0
"2955918",0,0
"2955919",0,0
"2955920",0,0
"2955921",0,0
"2955923",0,0
"2955924",0,0
"2955926",0,0
"2955927",0,0
"2955928",0,0
"2955929",0,0
"2955935",0,0
"2955938",0,0
"2955939",0,0
"2955940",0,0
"2955941",0,0
"2955942",0,0
"2955945",0,0
"2955948",0,0
"2955949",0,0
"2955950",0,0
"2955951",0,0
"2955952",0,0
"2955953",0,0
"2955957",0,0
"2955959",0,0
"2955960",0,0
"2955961",0,0
"2955962",0,0
"2955963",0,0
"2955966",0,0
"2955967",0,0
"2955968",0,0
"2955970",0,0
"2955973",0,0
"2955974",0,0
"2955975",0,0
"2955976",0,0
"2955977",0,0
"2955978",0,0
"2955979",0,0
"2955980",0,0
"2955981",0,0
"2955983",0,0
"2955984",0,0
"2955985",0,0
"2955986",0,0
"2955987",0,0
"2955988",0,0
"2955990",0,0
"2955993",0,0
"2955994",0,0
"2955999",0,0
"2956000",0,0
"2956001",0,0
"2956002",0,0
"2956003",0,0
"2956011",0,0
"2956012",0,0
"2956014",0,0
"2956015",0,0
"2956025",0,0
"2956026",0,0
"2956028",0,0
"2956029",0,0
"2956030",0,0
"2956031",0,0
"2956032",0,0
"2956033",0,0
"2956034",0,0
"2956035",0,0
"2956036",0,0
"2956037",0,0
"2956038",0,0
"2956039",0,0
"2956040",0,0
"2956041",0,0
"2956042",0,0
"2956043",0,0
"2956044",0,0
"2956046",0,0
"2956047",0,0
"2956050",0,0
"2956051",0,0
"2956052",0,0
"2956055",0,0
"2956056",0,0
"2956057",0,0
"2956058",0,0
"2956059",0,0
"2956061",0,0
"2956062",0,0
"2956063",0,0
"2956065",0,0
"2956066",0,0
"2956067",0,0
"2956068",0,0
"2956069",0,0
"2956070",0,0
"2956071",0,0
"2956072",0,0
"2956073",0,0
"2956074",0,0
"2956075",0,0
"2956076",0,0
"2956077",0,0
"2956078",0,0
"2956079",0,0
"2956080",0,0
"2956081",0,0
"2956082",0,0
"2956083",0,0
"2956084",0,0
"2956085",0,0
"2956087",0,0
"2956088",0,0
"2956089",0,0
"2956090",0,0
"2956091",0,0
"2956092",0,0
"2956093",0,0
"2956095",0,0
"2956096",0,0
"2956097",0,0
"2956099",0,0
"2956100",0,0
"2956101",0,0
"2956102",0,0
"2956104",0,0
"2956105",0,0
"2956106",0,0
"2956107",0,0
"2956108",0,0
"2956109",0,0
"2956110",0,0
"2956111",0,0
"2956112",0,0
"2956113",0,0
"2956114",0,0
"2956115",0,0
"2956116",0,0
"2956117",0,0
"2956118",0,0
"2956119",0,0
"2956120",0,0
"2956121",0,0
"2956122",0,0
"2956123",0,0
"2956124",0,0
"2956125",0,0
"2956126",0,0
"2956130",0,0
"2956132",0,0
"2956133",0,0
"2956134",0,0
"2956135",0,0
"2956136",0,0
"2956137",0,0
"2956138",0,0
"2956139",0,0
"2956140",0,0
"2956141",0,0
"2956143",0,0
"2956144",0,0
"2956145",0,0
"2956146",0,0
"2956147",0,0
"2956148",0,0
"2956149",0,0
"2956150",0,0
"2956151",0,0
"2956153",0,0
"2956154",0,0
"2956155",0,0
"2956157",0,0
"2956158",0,0
"2956160",0,0
"2956161",0,0
"2956163",0,0
"2956167",0,0
"2956168",0,0
"2956169",0,0
"2956170",0,0
"2956171",0,0
"2956172",0,0
"2956173",0,0
"2956175",0,0
"2956176",0,0
"2956177",0,0
"2956180",0,0
"2956183",0,0
"2956184",0,0
"2956185",0,0
"2956186",0,0
"2956187",0,0
"2956188",0,0
"2956190",0,0
"2956191",0,0
"2956192",0,0
"2956193",0,0
"2956194",0,0
"2956195",0,0
"2956196",0,0
"2956199",0,0
"2956200",0,0
"2956201",0,0
"2956202",0,0
"2956203",0,0
"2956205",0,0
"2956207",0,0
"2956208",0,0
"2956209",0,0
"2956210",0,0
"2956211",0,0
"2956212",0,0
"2956222",0,0
"2956224",0,0
"2956229",0,0
"2956230",0,0
"2956231",0,0
"2956232",0,0
"2956234",0,0
"2956235",0,0
"2956236",0,0
"2956237",0,0
"2956238",0,0
"2956241",0,0
"2956245",0,0
"2956246",0,0
"2956247",0,0
"2956248",0,0
"2956249",0,0
"2956252",0,0
"2956253",0,0
"2956256",0,0
"2956257",0,0
"2956258",0,0
"2956259",0,0
"2956260",0,0
"2956261",0,0
"2956262",0,0
"2956263",0,0
"2956264",0,0
"2956265",0,0
"2956266",0,0
"2956269",0,0
"2956270",0,0
"2956271",0,0
"2956272",0,0
"2956274",0,0
"2956275",0,0
"2956276",0,0
"2956277",0,0
"2956278",0,0
"2956281",0,0
"2956282",0,0
"2956283",0,0
"2956284",0,0
"2956287",0,0
"2956288",0,0
"2956290",0,0
"2956292",0,0
"2956293",0,0
"2956294",0,0
"2956296",0,0
"2956297",0,0
"2956299",0,0
"2956300",0,0
"2956301",0,0
"2956302",0,0
"2956303",0,0
"2956304",0,0
"2956305",0,0
"2956306",0,0
"2956307",0,0
"2956308",0,0
"2956309",0,0
"2956310",0,0
"2956311",0,0
"2956312",0,0
"2956313",0,0
"2956314",0,0
"2956315",0,0
"2956316",0,0
"2956317",0,0
"2956318",0,0
"2956319",0,0
"2956320",0,0
"2956321",0,0
"2956325",0,0
"2956326",0,0
"2956327",0,0
"2956330",0,0
"2956331",0,0
"2956332",0,0
"2956333",0,0
"2956334",0,0
"2956335",0,0
"2956336",0,0
"2956337",0,0
"2956338",0,0
"2956339",0,0
"2956340",0,0
"2956341",0,0
"2956342",0,0
"2956343",0,0
"2956344",0,0
"2956345",0,0
"2956346",0,0
"2956347",0,0
"2956348",0,0
"2956350",0,0
"2956351",0,0
"2956352",0,0
"2956353",0,0
"2956354",0,0
"2956356",0,0
"2956357",0,0
"2956358",0,0
"2956359",0,0
"2956360",0,0
"2956361",0,0
"2956362",0,0
"2956363",0,0
"2956364",0,0
"2956365",0,0
"2956366",0,0
"2956367",0,0
"2956368",0,0
"2956369",0,0
"2956370",0,0
"2956371",0,0
"2956372",0,0
"2956373",0,0
"2956374",0,0
"2956376",0,0
"2956377",0,0
"2956379",0,0
"2956380",0,0
"2956385",0,0
"2956386",0,0
"2956387",0,0
"2956388",0,0
"2956389",0,0
"2956390",0,0
"2956391",0,0
"2956392",0,0
"2956393",0,0
"2956394",0,0
"2956395",0,0
"2956396",0,0
"2956398",0,0
"2956400",0,0
"2956401",0,0
"2956402",0,0
"2956403",0,0
"2956404",0,0
"2956405",0,0
"2956406",0,0
"2956409",0,0
"2956410",0,0
"2956411",0,0
"2956412",0,0
"2956413",0,0
"2956414",0,0
"2956415",0,0
"2956416",0,0
"2956417",0,0
"2956419",0,0
"2956420",0,0
"2956421",0,0
"2956422",0,0
"2956425",0,0
"2956429",0,0
"2956430",0,0
"2956431",0,0
"2956432",0,0
"2956433",0,0
"2956437",0,0
"2956439",0,0
"2956440",0,0
"2956441",0,0
"2956443",0,0
"2956444",0,0
"2956445",0,0
"2956446",0,0
"2956447",0,0
"2956448",0,0
"2956449",0,0
"2956450",0,0
"2956451",0,0
"2956453",0,0
"2956454",0,0
"2956455",0,0
"2956456",0,0
"2956457",0,0
"2956458",0,0
"2956460",0,0
"2956461",0,0
"2956462",0,0
"2956464",0,0
"2956465",0,0
"2956466",0,0
"2956467",0,0
"2956468",0,0
"2956470",0,0
"2956474",0,0
"2956475",0,0
"2956476",0,0
"2956477",0,0
"2956479",0,0
"2956481",0,0
"2956482",0,0
"2956483",0,0
"2956484",0,0
"2956485",0,0
"2956486",0,0
"2956487",0,0
"2956490",0,0
"2956491",0,0
"2956492",0,0
"2956493",0,0
"2956494",0,0
"2956496",0,0
"2956497",0,0
"2956498",0,0
"2956499",0,0
"2956500",0,0
"2956501",0,0
"2956503",0,0
"2956504",0,0
"2956505",0,0
"2956506",0,0
"2956509",0,0
"2956510",0,0
"2956512",0,0
"2956513",0,0
"2956514",0,0
"2956515",0,0
"2956516",0,0
"2956517",0,0
"2956518",0,0
"2956519",0,0
"2956520",0,0
"2956522",0,0
"2956523",0,0
"2956524",0,0
"2956525",0,0
"2956527",0,0
"2956528",0,0
"2956529",0,0
"2956530",0,0
"2956531",0,0
"2956532",0,0
"2956533",0,0
"2956534",0,0
"2956535",0,0
"2956536",0,0
"2956537",0,0
"2956538",0,0
"2956539",0,0
"2956541",0,0
"2956542",0,0
"2956543",0,0
"2956546",0,0
"2956548",0,0
"2956551",0,0
"2956554",0,0
"2956556",0,0
"2956557",0,0
"2956558",0,0
"2956559",0,0
"2956560",0,0
"2956561",0,0
"2956562",0,0
"2956563",0,0
"2956564",0,0
"2956565",0,0
"2956566",0,0
"2956567",0,0
"2956568",0,0
"2956569",0,0
"2956570",0,0
"2956571",0,0
"2956572",0,0
"2956573",0,0
"2956574",0,0
"2956576",0,0
"2956577",0,0
"2956578",0,0
"2956579",0,0
"2956580",0,0
"2956581",0,0
"2956583",0,0
"2956584",0,0
"2956586",0,0
"2956587",0,0
"2956588",0,0
