degrees , closeness , betweenness
2838015, 5, 8.02941979412568e-06, 48279.5685665211 
2846779, 1, 8.95816536773269e-06, 0 
2955877, 2, 7.41416253327105e-06, 11.5 
2956121, 1, 7.97658075889189e-06, 0 
45654, 1, 7.97658075889189e-06, 0 
69656, 1, 1.0179256710675e-05, 0 
830, 4, 1.13191315962239e-05, 30268.2887453633 
2015370, 1, 6.95613461511707e-06, 0 
2182, 5, 8.63878642328326e-06, 45077.0067255133 
2770092, 3, 7.9819289129411e-06, 4814 
2849865, 1, 7.45089857836855e-06, 0 
3074130, 2, 7.98154666411257e-06, 4805.5 
2169812, 2, 7.45434215430488e-06, 9610 
1508657, 2, 8.69406456212344e-06, 46190.9225981887 
174708, 1, 1.00412696181305e-05, 0 
175304, 1, 6.95603784084585e-06, 0 
1982903, 2, 1.16695646085445e-05, 4120.49280961844 
2586965, 2, 1.0715472070122e-05, 9610 
2803850, 4, 9.24299842869027e-06, 11854.7309441444 
294702, 4, 9.41894526650906e-06, 79277.5909313184 
46239, 1, 9.19937812203895e-06, 0 
46354, 4, 1.08211054841363e-05, 24534.0955839024 
497724, 2, 1.01794639494284e-05, 9610 
573569, 1, 9.27239515239181e-06, 0 
74968, 1, 1.08822217143852e-05, 0 
10375, 1, 8.68590885007253e-06, 0 
112040, 1, 8.48896434634975e-06, 0 
148943, 1, 6.95613461511707e-06, 0 
2158, 1, 9.40592196847135e-06, 0 
2195, 2, 9.40609891453619e-06, 9610 
2268087, 2, 9.80199960792002e-06, 9610 
2794998, 5, 1.14697313788911e-05, 222810.817564759 
2912628, 1, 1.04570789195746e-05, 0 
2955962, 1, 8.62634139608709e-06, 0 
39768, 2, 9.72497763255144e-06, 19218 
43660, 1, 1.27291242362525e-05, 0 
458197, 3, 1.31563367495954e-05, 9932.69807430409 
74700, 1, 1.13807074247735e-05, 0 
985052, 1, 1.19240675379185e-05, 0 
1071078, 1, 8.90559182110447e-06, 0 
1218495, 3, 1.19452905691931e-05, 87963.2316545621 
1235850, 2, 9.47696623356931e-06, 9610 
133448, 1, 1.19598627007762e-05, 0 
1462, 4, 9.73908978466872e-06, 21604.7103106632 
1930546, 4, 1.09852687546001e-05, 28827 
1945658, 2, 1.24449311795306e-05, 42.8504747788631 
1982901, 5, 1.23096618535889e-05, 21532.9243617703 
2133959, 8, 1.38873458504611e-05, 14453.5439724463 
214888, 4, 1.47037200411704e-05, 539.661515334592 
2675780, 1, 8.02516692347201e-06, 0 
2697019, 1, 1.23823675086677e-05, 0 
2792979, 2, 1.14071910932652e-05, 9610 
2831893, 1, 1.10075181348861e-05, 0 
2836091, 2, 1.0396415315999e-05, 9610 
2874282, 2, 1.10050953591513e-05, 403.944371908456 
29553, 1, 1.15046996698151e-05, 0 
2956015, 3, 1.07270815901826e-05, 59494.8030831338 
2967302, 2, 1.14237408181683e-05, 5892.96163263952 
31899, 2, 1.14064104026463e-05, 74270.1304539597 
44001, 1, 1.16592241952221e-05, 0 
488546, 2, 1.16422567350455e-05, 19218 
50052, 1, 1.17767597423245e-05, 0 
519472, 1, 1.25538245226408e-05, 0 
54262, 1, 1.25071916351902e-05, 0 
640330, 3, 1.12829886380304e-05, 28826 
663275, 4, 1.20480476138842e-05, 33238.0334955175 
759620, 2, 1.14071910932652e-05, 9610 
971279, 4, 1.24422988391335e-05, 38433 
128827, 5, 1.04263327459833e-05, 112327.010922387 
1539298, 3, 1.30396797454655e-05, 10553.8427576737 
1582879, 6, 1.03406200235766e-05, 165842.628372929 
1643950, 4, 8.69580340527661e-06, 48324.898738032 
171286, 1, 1.12025990029687e-05, 0 
1967783, 3, 1.11599669664978e-05, 37420.9470174278 
2112, 2, 1.14718366410462e-05, 108.730011634212 
225143, 2, 1.02088735528922e-05, 9610 
2286, 5, 1.27815128198574e-05, 96175.3627939086 
2607662, 3, 1.0091530178721e-05, 27923.8223514516 
2675795, 1, 1.10075181348861e-05, 0 
2843733, 1, 9.45206385814343e-06, 0 
2844576, 3, 7.45445329039568e-06, 19219 
2955351, 2, 1.22586576769844e-05, 678.956532077089 
2955509, 1, 1.16338591837684e-05, 0 
29574, 2, 1.06239442455406e-05, 0 
2972784, 1, 8.90559182110447e-06, 0 
3018276, 1, 1.04770186595702e-05, 0 
37665, 3, 1.0620672076129e-05, 116.32718395246 
512749, 1, 1.13832984245515e-05, 0 
712361, 2, 1.11137043087832e-05, 9610 
909930, 3, 8.64386415303097e-06, 14597.0794871795 
939, 4, 9.48469644229036e-06, 113731.448014923 
951, 1, 9.93630826402758e-06, 0 
994696, 1, 1.30315232547532e-05, 0 
3050304, 1, 7.45089857836855e-06, 0 
33034, 1, 1.37247635909471e-05, 0 
33037, 4, 1.19323198816314e-05, 622.210966316492 
413888, 1, 1.21548035783742e-05, 0 
449520, 3, 1.17912014055112e-05, 20112.0912511853 
510690, 1, 1.15759498066816e-05, 0 
51365, 2, 1.0930395243092e-05, 578.243139433328 
51668, 1, 1.21548035783742e-05, 0 
620, 1, 1.28376296600596e-05, 0 
68298, 2, 1.16499877675128e-05, 9610 
68892, 3, 1.21292983200922e-05, 1232.54337835277 
76857, 10, 1.47229869996025e-05, 5927.29859359902 
83557, 6, 1.28113149533668e-05, 50786.6939730837 
836, 20, 1.48648046021435e-05, 71674.9914673748 
85018, 2, 1.04709849008398e-05, 9610 
1274351, 1, 1.20384749659913e-05, 0 
1346, 16, 1.52390240928971e-05, 233725.77498437 
1374, 1, 1.11134572854269e-05, 0 
137732, 3, 1.34325551406389e-05, 9755.01819359513 
164452, 4, 1.30003510094773e-05, 1067.0861658622 
172049, 3, 1.34658371710969e-05, 9642.44511578983 
2095, 2, 1.2291052114061e-05, 9864.14507962598 
2321114, 14, 1.56978478250632e-05, 40587.3786666173 
251538, 1, 1.02802393239715e-05, 0 
2560595, 2, 1.21617512921861e-05, 4747.14234707154 
2656551, 2, 1.07584722969338e-05, 25.5944745004776 
2666127, 2, 9.40609891453619e-06, 9610 
267890, 4, 1.33881354343781e-05, 765.973094833633 
2681469, 2, 1.25839981879043e-05, 101.593305899134 
2719231, 1, 1.28557838171393e-05, 0 
2725994, 5, 1.19822183879123e-05, 29192.3622164993 
2734240, 1, 1.16796505448557e-05, 0 
2742195, 2, 1.2801638609742e-05, 274.914080261835 
2810348, 4, 1.161413207591e-05, 48065.1860294807 
28200, 2, 1.42818377868864e-05, 129.969901763531 
2837506, 2, 1.15501449543192e-05, 19218 
2895509, 3, 1.0539629005059e-05, 426.410432067863 
2908637, 3, 1.43075844505172e-05, 1959.08798165114 
293371, 11, 1.49296069034502e-05, 129264.61424231 
2948789, 1, 1.19687376572393e-05, 0 
299583, 7, 1.42158535198453e-05, 687.809774036531 
3039168, 1, 9.61288896151961e-06, 0 
34064, 5, 1.36451709739923e-05, 1492.53176305413 
45667, 10, 1.31183670256726e-05, 47528.9902931924 
522485, 15, 1.46679183290307e-05, 31135.5934432389 
55205, 2, 1.34280458164923e-05, 53.3832693446522 
64898, 2, 1.2923737027799e-05, 19218 
74349, 9, 1.48971352808855e-05, 44377.1004833173 
84135, 4, 1.40548137737175e-05, 71538.3410597641 
912801, 1, 1.2880622391674e-05, 0 
1032242, 5, 1.47784707238495e-05, 3016.69712523615 
1218493, 1, 1.10810691015469e-05, 0 
1252, 1, 8.7012512399283e-06, 0 
1346829, 1, 1.19804957529143e-05, 0 
1542963, 5, 1.45093657956211e-05, 9483.1078217805 
1835721, 3, 1.24017163975494e-05, 52342.3738156526 
186806, 5, 1.3646660662136e-05, 771.30921351392 
186828, 1, 9.4948727687049e-06, 0 
1891280, 1, 1.15597581698591e-05, 0 
200415, 1, 1.30729207519544e-05, 0 
216932, 2, 1.29821236157811e-05, 87.3608944792125 
216942, 5, 1.18027524018601e-05, 38144.416100907 
216945, 2, 1.05882851213417e-05, 9610 
2267891, 3, 1.33239177647796e-05, 294.274218436189 
235899, 3, 1.16616715840049e-05, 4736.30721418627 
2419772, 2, 1.25541397275752e-05, 9610 
2497860, 12, 1.46481514032929e-05, 13269.7153745829 
2505970, 1, 1.16575931733134e-05, 0 
2652803, 2, 1.28072130223742e-05, 8820.03876044893 
2714036, 3, 1.43610069938104e-05, 1616.64770614953 
2724470, 3, 1.30123617436565e-05, 9736.9851800085 
2742601, 2, 1.25401284109149e-05, 153.323801364534 
2767877, 3, 1.33486397736071e-05, 473.374577350796 
2785630, 1, 1.20691319880274e-05, 0 
28227, 3, 1.42557771536915e-05, 18160.648872015 
2845650, 1, 1.22712937625014e-05, 0 
2910754, 2, 1.15697889670492e-05, 3421.67393645748 
2912228, 3, 1.15991787781425e-05, 6558.4765555983 
2920380, 3, 1.29347699551163e-05, 10291.2355008599 
2956123, 2, 1.14962349830431e-05, 9610 
3033384, 5, 1.36526226688147e-05, 10163.1112120035 
3040676, 1, 9.61039460280239e-06, 0 
3049084, 1, 1.3410038755012e-05, 0 
315405, 2, 1.28602476883705e-05, 472.722072510384 
40542, 4, 1.38527179032526e-05, 1147.88713338425 
554406, 10, 1.34792688844557e-05, 109448.693934242 
69655, 1, 1.20444198202973e-05, 0 
754516, 4, 1.28585940413275e-05, 230678.622497397 
766894, 2, 1.06411279595637e-05, 1005.20917331797 
83526, 2, 9.4952333928368e-06, 9610 
10294, 4, 1.29631069974852e-05, 31888.5810324877 
1129771, 2, 1.06005194254518e-05, 0 
120682, 1, 9.71505736741375e-06, 0 
1224749, 3, 1.55086848635236e-05, 659.526930756088 
126738, 1, 1.14057599087539e-05, 0 
1295, 1, 9.93630826402758e-06, 0 
1353, 2, 1.0745178101327e-05, 9610 
142649, 1, 1.02086651149496e-05, 0 
145262, 1, 1.02802393239715e-05, 0 
149016, 3, 1.22797323018358e-05, 3818.62166793154 
1532350, 7, 1.42761288848916e-05, 31723.9382455671 
1660078, 6, 1.48544266191325e-05, 27474.9165325056 
1660080, 3, 1.4151477414242e-05, 310.822242286368 
1843491, 2, 1.05244324699791e-05, 238.213116236459 
186328, 2, 1.3294336612603e-05, 29644.2455345574 
2099, 4, 1.28098379555499e-05, 24960.1976848009 
2110, 1, 1.19229301793209e-05, 0 
2118, 6, 1.35221018755155e-05, 47753.3487870539 
2137, 2, 1.16253385879864e-05, 9610 
2138, 2, 1.04482290251802e-05, 9610 
216946, 4, 1.31482065846219e-05, 10389.7018300269 
2330, 3, 1.17582042870413e-05, 740.166764680723 
246273, 2, 1.31283559359861e-05, 9610 
2560407, 4, 8.0255533619043e-06, 28827 
2570468, 4, 1.19445771619685e-05, 4965.47917206061 
2675787, 1, 1.16732425933276e-05, 0 
2762286, 1, 1.05234356912845e-05, 0 
2767885, 2, 1.147170503952e-05, 140.39648181592 
2944252, 1, 1.12822248547414e-05, 0 
2948679, 2, 1.06005194254518e-05, 0 
2983299, 6, 1.49336200588385e-05, 10009.3664610263 
2993937, 1, 8.62634139608709e-06, 0 
3015165, 5, 1.41482739105829e-05, 3119.30686835413 
3037654, 1, 1.18968306843057e-05, 0 
315358, 1, 1.12822248547414e-05, 0 
1448857, 6, 1.47011261062597e-05, 19788.155385791 
155194, 7, 1.54109325155265e-05, 535.781941792895 
1564138, 1, 1.37409824802473e-05, 0 
1596, 11, 1.59639852492776e-05, 3929.54672766777 
1604335, 3, 1.62419399373061e-05, 110.140820811485 
1614, 2, 1.34672879575511e-05, 9610 
1618, 9, 1.55219247186651e-05, 1019.12998038697 
164393, 15, 1.6861131719161e-05, 24472.7414221372 
1737405, 3, 1.3293806415591e-05, 155.316042908015 
1756993, 2, 1.21599766528448e-05, 155.911942444366 
1785128, 2, 1.05059673894772e-05, 104.72768707205 
1912064, 1, 1.38045278851463e-05, 0 
2021971, 4, 1.4046127482653e-05, 1611.38580585065 
2027290, 7, 1.63802846893479e-05, 2822.01026038195 
2042961, 20, 1.67824656798577e-05, 102500.705352876 
2265, 5, 1.47325309014836e-05, 1988.01891626127 
2280, 1, 1.06115432367329e-05, 0 
2283483, 1, 1.23020901251123e-05, 0 
2304606, 4, 1.45182130983319e-05, 40589.196146467 
230666, 5, 1.49458958569977e-05, 9766.20011106367 
2321111, 2, 1.45925752976885e-05, 0 
2375, 2, 1.17558544154989e-05, 414.435514130933 
241244, 3, 1.47577515089801e-05, 111.255357944987 
249402, 1, 1.19010782376883e-05, 0 
2545800, 5, 1.38475386000138e-05, 299.578118581391 
2582914, 1, 9.73946919892866e-06, 0 
2601695, 1, 7.45089857836855e-06, 0 
2681470, 2, 1.31525298891242e-05, 177.690113207132 
2708340, 4, 1.53120597782814e-05, 10931.1684060329 
2732590, 5, 1.37204324680314e-05, 3116.87354436749 
2767886, 3, 1.31082214765101e-05, 28873.4868830862 
2781774, 5, 1.48445038224597e-05, 10621.4065956897 
2831896, 8, 1.5165071806615e-05, 48434.9082083939 
2840180, 3, 1.63185378590078e-05, 7.18799592618399 
2925838, 3, 1.3599336352386e-05, 490.803190677027 
2946794, 1, 1.0352502717532e-05, 0 
2948573, 2, 1.43837291256131e-05, 199.845485424828 
2956211, 4, 1.48493533106633e-05, 187.356533021936 
2956352, 1, 1.19233566633679e-05, 0 
2983232, 2, 1.29939318338336e-05, 29.123335443557 
3041619, 5, 1.58954713802038e-05, 303.766110410427 
32025, 12, 1.521861541037e-05, 18599.2770390066 
34105, 18, 1.45630361017665e-05, 34595.673007825 
35818, 6, 1.35242963984799e-05, 11179.7831295704 
386487, 17, 1.51515151515152e-05, 8141.46609271758 
41673, 4, 1.45598555662328e-05, 518.093365814683 
46541, 2, 1.28078691548087e-05, 52.7114703882633 
51664, 5, 1.52494815176284e-05, 15548.706359039 
529881, 6, 1.40753877769333e-05, 17733.2703422631 
57037, 2, 1.32589066705559e-05, 94.6443111304815 
630749, 1, 9.29679074783385e-06, 0 
633807, 3, 1.53043265331109e-05, 256.708228390231 
651456, 4, 1.32018429772796e-05, 19548.3409099318 
700220, 1, 1.4425226836692e-05, 0 
70255, 11, 1.52404175874419e-05, 6278.0466349346 
712362, 3, 1.42610630196375e-05, 0 
83555, 3, 1.5017946446003e-05, 27.2647848778145 
83558, 8, 1.41837935974356e-05, 1425.90109262996 
85991, 7, 1.45277043321614e-05, 2156.77915671308 
909929, 1, 1.11134572854269e-05, 0 
113107, 1, 1.50233613268633e-05, 0 
114090, 6, 1.54518905388074e-05, 8463.60857227078 
115778, 2, 1.29003960421585e-05, 1206.26214050757 
1193515, 2, 1.20721917064043e-05, 58.6949254527034 
1218494, 1, 1.30123617436565e-05, 0 
123841, 16, 1.47629803504732e-05, 63572.105998901 
1415657, 6, 1.37598899208806e-05, 33815.196248873 
1439319, 1, 1.48579579222632e-05, 0 
1476901, 1, 1.30315232547532e-05, 0 
1505596, 17, 1.54801157912661e-05, 19386.6819383516 
1594731, 2, 1.18252232010879e-05, 1261.06299382884 
1647, 30, 1.62077181153665e-05, 32236.2950501363 
1659192, 9, 1.41304808602637e-05, 52497.2724978462 
1660079, 13, 1.55441219902694e-05, 3120.43307155426 
1703960, 2, 1.49131310118559e-05, 81.6726232867328 
1902580, 10, 1.4605149775811e-05, 9254.56970445742 
1917158, 4, 1.65752266662247e-05, 4664.25922836785 
1935204, 4, 1.30871209642591e-05, 97238.9341784176 
1945657, 1, 1.44822592324403e-05, 0 
2003370, 7, 1.46788990825688e-05, 10262.2505599876 
223919, 13, 1.45666423889294e-05, 93773.4338234516 
2282419, 4, 1.32925694536754e-05, 40659.1421966316 
2561898, 7, 1.51347751729148e-05, 1443.17699287441 
2732594, 2, 1.40455356265011e-05, 0 
2740404, 3, 1.67050883699175e-05, 5111.13089084545 
2740405, 20, 1.58420860858958e-05, 70885.8982298482 
2799680, 4, 1.28170620730316e-05, 1289.24146006009 
2831895, 1, 1.30226985635963e-05, 0 
2892440, 6, 1.58498700310657e-05, 715.387707837117 
2894202, 6, 1.6026668376178e-05, 7075.8502439729 
29292, 2, 1.32976955093682e-05, 3281.00710807211 
2946160, 1, 1.18006631972717e-05, 0 
3026145, 3, 1.41570870377711e-05, 86.9890277443714 
3031803, 2, 1.36479644061088e-05, 122.178047243326 
3034029, 5, 1.48720999405116e-05, 11853.6580379229 
3051419, 3, 1.18165597268011e-05, 19767.1638355952 
392416, 2, 1.1787448724598e-05, 19218 
415095, 3, 1.42233348030779e-05, 9066.39398690781 
44822, 1, 1.14069308511852e-05, 0 
46632, 2, 1.441171384101e-05, 9610 
51161, 11, 1.58403294788532e-05, 3926.6881809932 
51367, 2, 1.49909304870553e-05, 8.27284713714046 
548913, 5, 1.36554191530909e-05, 19908.4660151263 
583357, 10, 1.37623517106603e-05, 28689.9266546305 
643214, 2, 1.50845488965652e-05, 69.4265814163028 
650378, 1, 1.30531262237306e-05, 0 
717609, 5, 1.54762825969202e-05, 1091.62611168443 
739, 1, 1.33890317052271e-05, 0 
788, 8, 1.56220708617134e-05, 28422.758305375 
81852, 7, 1.49253731343284e-05, 14946.3310813921 
83560, 2, 1.39655052021507e-05, 295.494121764575 
85108, 6, 1.46406453596475e-05, 1500.88982946268 
109790, 3, 1.42108030524805e-05, 1390.73505290095 
144, 2, 1.15972955106869e-05, 9610 
1443036, 12, 1.67467720596855e-05, 40601.9369398355 
1501226, 1, 1.07449471885846e-05, 0 
1573704, 12, 1.49260414645432e-05, 43423.4340528853 
1648, 6, 1.42158535198453e-05, 14736.0774166137 
165779, 6, 1.46442901912544e-05, 21302.9219053767 
187452, 21, 1.51425672708551e-05, 30809.1092573348 
1882662, 6, 1.35358293402637e-05, 3305.04467532138 
1940621, 2, 1.40761802877171e-05, 48.6012538496868 
1967782, 5, 1.42486677495654e-05, 1356.77762404715 
1983734, 1, 1.22845595371178e-05, 0 
2005262, 9, 1.47830586148274e-05, 12266.200912754 
2058133, 2, 1.36559785874256e-05, 32.4685957925725 
2098, 3, 1.34954587781212e-05, 9703.56717498009 
2276, 4, 1.48572956750412e-05, 969.917259137853 
2287, 1, 1.19233566633679e-05, 0 
2303505, 5, 1.37338112699655e-05, 18600.7190447096 
2500132, 2, 1.40839119473825e-05, 2170.7699281826 
2560485, 6, 1.37130946340661e-05, 704.947707134126 
2592653, 4, 1.45032632342277e-05, 112541.002568599 
2719987, 6, 1.32142290818754e-05, 2768.98636607879 
2733115, 1, 1.15271117668757e-05, 0 
2734292, 2, 1.32796834123474e-05, 9610 
2751176, 8, 1.39240858837617e-05, 6057.11441133192 
2778051, 2, 1.42789827652678e-05, 27.1170831320074 
2778055, 2, 1.42413626135749e-05, 63.568507565549 
2824673, 6, 1.33100850514435e-05, 96421.9773666796 
2845253, 1, 1.44881342180754e-05, 0 
2845816, 1, 1.3836042891733e-05, 0 
2879107, 10, 1.63108189662203e-05, 7826.72131953652 
2884832, 2, 1.36065529158843e-05, 58.0207310544049 
29519, 5, 1.45047357962375e-05, 886.717148403835 
2955990, 1, 1.15970265223997e-05, 0 
2983208, 2, 1.28415861927265e-05, 268.26887057185 
2991499, 2, 1.27919768721058e-05, 129.838380497274 
3050348, 4, 1.4573010784028e-05, 5297.23492698064 
315393, 8, 1.33400923134388e-05, 12505.7488411804 
342949, 5, 1.26542233470421e-05, 95350.1175802851 
362837, 5, 1.29713462960321e-05, 11154.2551694394 
47466, 7, 1.53895874051617e-05, 3364.12673280355 
549298, 9, 1.50233613268633e-05, 22735.2066225613 
558016, 1, 1.32847995323751e-05, 0 
582419, 1, 1.22243411080143e-05, 0 
588, 3, 1.51565673406287e-05, 206.779169326532 
683846, 4, 1.21826421714341e-05, 9854.4214450469 
684066, 4, 1.26802175925339e-05, 396.915716402061 
79601, 4, 1.58916822934876e-05, 1365.07410516244 
85034, 1, 1.05234356912845e-05, 0 
994695, 1, 1.1533626287441e-05, 0 
100886, 1, 1.25300721732157e-05, 0 
10702, 2, 8.89394855740154e-06, 9610 
1204537, 1, 1.1050700614419e-05, 0 
1220717, 1, 1.19680214466944e-05, 0 
1244, 3, 1.30255822435263e-05, 54154.3070490048 
1315211, 6, 1.45685523229557e-05, 2657.30160453491 
134287, 8, 1.34663811793857e-05, 61006.9937705094 
157268, 1, 9.93630826402758e-06, 0 
1602, 5, 1.46106979530412e-05, 233318.226972699 
1625, 5, 1.46292936977003e-05, 383.727583334691 
1643513, 7, 1.52070439027357e-05, 711.63284168785 
174587, 3, 1.35202736503387e-05, 464.573382615736 
1813019, 7, 1.38883102092968e-05, 29926.1216347407 
1886670, 18, 1.5236470014627e-05, 34007.4692511388 
1912871, 1, 1.29912309191296e-05, 0 
1930764, 2, 1.35085847055804e-05, 119.036672473807 
1955013, 10, 1.4951258895999e-05, 33501.6319476728 
2026187, 3, 1.30982631703036e-05, 11718.1447291632 
203491, 1, 1.15876197870195e-05, 0 
2146, 3, 1.06201081127006e-05, 115.474934387471 
2177, 2, 1.19451478809308e-05, 4833.75166539695 
2260, 16, 1.17074084480659e-05, 77074.9206360178 
2597167, 1, 1.05234356912845e-05, 0 
267888, 1, 1.19461467703592e-05, 0 
2681309, 4, 1.45808728110465e-05, 397.088036848372 
2686014, 2, 1.15661758752704e-05, 123.54566158492 
269258, 2, 1.29762275511263e-05, 215.861159119571 
2719911, 5, 1.51572565365669e-05, 219.276579913017 
2733169, 1, 1.15660421003932e-05, 0 
2734215, 1, 8.19363190928011e-06, 0 
2841063, 1, 1.04343833801142e-05, 0 
285729, 5, 1.2873492192227e-05, 10023.3767542635 
2923362, 2, 1.30602862814753e-05, 22.6377373129339 
29391, 7, 1.33409821631068e-05, 7074.20062777532 
2955340, 2, 1.21531786638795e-05, 9610 
3003601, 3, 1.33813276953339e-05, 248.137209947709 
3047865, 2, 1.38366172238211e-05, 30.6536213003061 
3050260, 2, 1.33779264214047e-05, 176.81470582615 
3050355, 1, 1.362305020094e-05, 0 
395631, 11, 1.59599087093222e-05, 4916.86856117745 
39777, 17, 1.60436386972565e-05, 3879.90668282907 
44674, 25, 1.69894665307509e-05, 24186.7407628271 
447467, 1, 1.521861541037e-05, 0 
480520, 4, 1.67683949292374e-05, 54.5077702486775 
507763, 5, 1.61833247022268e-05, 3653.94806108373 
51663, 24, 1.70680503166123e-05, 7040.06080932749 
56426, 12, 1.62972620599739e-05, 40310.4697338504 
680118, 3, 1.34916351861846e-05, 14587.2066353794 
691437, 3, 1.44381397900694e-05, 1242.22413983481 
762833, 7, 1.68449423060726e-05, 10440.1711010703 
76936, 7, 1.69992860299867e-05, 198.375920592231 
787, 1, 1.52040381925439e-05, 0 
10279, 2, 1.57440644876881e-05, 15.6648086649248 
111844, 7, 1.50806816468104e-05, 5541.95768594085 
1151742, 5, 1.30515929469192e-05, 29217.0974332673 
1176482, 62, 1.81074131749538e-05, 29150.9225555153 
1179777, 6, 1.36134064827042e-05, 19711.4237478352 
1244531, 11, 1.57099318188959e-05, 50186.7917611982 
1249, 9, 1.65223712907276e-05, 2475.32169929642 
1253, 20, 1.72517898731993e-05, 29456.7430054641 
1267021, 16, 1.69480035251847e-05, 20566.8451348988 
1375, 5, 1.76978620982585e-05, 447.575522832774 
143361, 22, 1.65790738929323e-05, 8490.76920555761 
1522127, 1, 1.2087075290392e-05, 0 
1636720, 27, 1.78056337025035e-05, 59886.000131745 
172045, 16, 1.74559673224292e-05, 11490.2676065233 
1779134, 4, 1.3038999647947e-05, 1136.72798834245 
182262, 11, 1.69477162952292e-05, 1200.03521386624 
1847728, 8, 1.36755877083818e-05, 21695.7658896406 
1848399, 2, 1.05236571813437e-05, 9610 
1849015, 9, 1.65801734286141e-05, 10423.0479792879 
1870884, 5, 1.57626771330843e-05, 9974.07395378518 
1896175, 1, 1.60133230848066e-05, 0 
1911586, 36, 1.72675783948059e-05, 70878.358627144 
1927128, 21, 1.73891874032726e-05, 13152.488667837 
197482, 5, 1.46825629881952e-05, 2948.24761551363 
198832, 16, 1.68036161381929e-05, 20370.67579991 
202747, 1, 1.47294928635607e-05, 0 
2269374, 43, 1.74568815026884e-05, 47145.1502440574 
2579250, 11, 1.59086208816558e-05, 4181.44900947736 
2593672, 29, 1.68089827203658e-05, 232417.769270222 
260714, 1, 1.4425226836692e-05, 0 
2675713, 1, 1.45076818175224e-05, 0 
2704653, 7, 1.74626735353183e-05, 222.220982338054 
2734194, 4, 1.56137775973519e-05, 18645.4203367545 
2751177, 15, 1.62048290390536e-05, 28027.4186297088 
2761623, 5, 1.65453342157512e-05, 18846.5633502942 
2792084, 2, 1.36597093213856e-05, 54.4996604730681 
2834378, 12, 1.63065633917652e-05, 23440.6442058223 
2864103, 4, 1.49436623927792e-05, 27564.5152507616 
2892396, 6, 1.42454200974387e-05, 10384.5258273749 
2956212, 6, 1.60330923025124e-05, 733.650602352052 
3004105, 2, 1.62755118648482e-05, 31.3748854094035 
3047866, 2, 1.30208333333333e-05, 16.2714981623966 
3050323, 2, 1.40303617027247e-05, 19218 
334715, 6, 1.55151816052007e-05, 598.411015502135 
33926, 4, 1.51244744245137e-05, 16706.5954870245 
33941, 4, 1.54916267757277e-05, 9258.98783345342 
39766, 28, 1.65991634021645e-05, 65896.7917375246 
43990, 2, 1.32234902080055e-05, 767.625833300214 
46124, 29, 1.77980279785e-05, 8070.33721635763 
468911, 1, 1.63674157487274e-05, 0 
589873, 2, 1.57430730478589e-05, 23.8745169155197 
59754, 3, 1.57935467567952e-05, 3826.76599477633 
785, 2, 1.33154019254071e-05, 0 
841, 4, 1.56641604010025e-05, 794.895731074199 
877500, 41, 1.64271047227926e-05, 114973.157888537 
938288, 15, 1.59159637116027e-05, 12647.9411761093 
1054034, 8, 1.46582430629865e-05, 11291.562404986 
1070130, 18, 1.60547144669032e-05, 42542.8988893212 
129728, 7, 1.54726907009129e-05, 8349.68503021699 
151781, 14, 1.61004669135405e-05, 18490.1442581538 
1605, 3, 1.48029724368653e-05, 1089.89529093987 
1623281, 20, 1.64698519360311e-05, 8001.59781647754 
1643949, 6, 1.47555739180475e-05, 30802.9771129257 
1712675, 1, 9.51366161808357e-06, 0 
1750535, 4, 1.40081527448975e-05, 1917.18468106374 
1758179, 3, 1.40777655770476e-05, 9670.07078061511 
1778263, 4, 1.51703631784945e-05, 252.069136635193 
189779, 1, 1.30476762088672e-05, 0 
189834, 2, 1.54928268211818e-05, 11.7283188280199 
191301, 3, 1.40103115893297e-05, 9729.65606873793 
2003316, 12, 1.54774802662127e-05, 39570.8202006503 
2026186, 4, 1.63711671005026e-05, 1521.69698509647 
2039240, 9, 1.46625416049618e-05, 34625.5097586632 
2058135, 2, 1.63759927945632e-05, 0 
208596, 3, 1.45981139236811e-05, 18421.6150546416 
213419, 2, 1.5161163164438e-05, 12.4487827823718 
214473, 11, 1.7612765732603e-05, 7673.22309983603 
2148, 4, 1.64899493758554e-05, 1376.55963036199 
2187, 6, 1.48880419247261e-05, 24231.8054595691 
2261, 3, 1.29915684720616e-05, 29046.6707511903 
2268451, 5, 1.63283967147266e-05, 88.3960302655833 
2382161, 5, 1.53043265331109e-05, 1507.07288839475 
240426, 1, 1.48749758281643e-05, 0 
2601668, 5, 1.40110967886566e-05, 6939.12165209618 
2675726, 2, 1.34019513241128e-05, 57.1491358437869 
2682810, 6, 1.38381490091885e-05, 1243.32606339546 
2709304, 3, 1.35233819273524e-05, 10126.5144438497 
2714929, 10, 1.52084315544538e-05, 2719.38545483738 
2714930, 3, 1.44104677637836e-05, 703.550139305018 
2738852, 17, 1.75112947851364e-05, 4973.20259193286 
2751179, 14, 1.73774024258854e-05, 3974.06798349125 
2773264, 2, 1.59856768335571e-05, 0 
2787629, 6, 1.55753535605258e-05, 3504.75898261495 
2811091, 4, 1.47286250828485e-05, 1616.09704210765 
2823904, 3, 1.30044084944796e-05, 9712.56582834797 
2899121, 8, 1.59459114682995e-05, 277.03986554155 
29348, 33, 1.69491525423729e-05, 108731.450700589 
29384, 3, 1.45201103528387e-05, 9610 
29559, 9, 1.49051288548389e-05, 52370.6395061473 
2956376, 1, 1.21056581846355e-05, 0 
2961520, 12, 1.50163678409466e-05, 21456.624893551 
302167, 13, 1.54722119074143e-05, 4369.34357249548 
3031993, 19, 1.72875788745786e-05, 13906.8364462152 
312539, 5, 1.43422637829155e-05, 641.873996894231 
33970, 4, 1.49057953732411e-05, 4761.21458577907 
33989, 10, 1.67025772076631e-05, 11346.7204321744 
33994, 1, 1.4691406996048e-05, 0 
446372, 11, 1.71679714324955e-05, 2719.60996581225 
472834, 6, 1.50344288420483e-05, 766.578755923697 
526944, 7, 1.54330514229273e-05, 271.175071940808 
53433, 8, 1.5127677598935e-05, 2259.52693767771 
54248, 12, 1.56511667944845e-05, 20978.8688275415 
594679, 12, 1.59941141659869e-05, 30046.061620919 
663364, 8, 1.49461192401393e-05, 10836.4605796978 
769, 3, 1.56752096559291e-05, 9610 
931101, 3, 1.33418721314975e-05, 97.1696499572982 
1032243, 25, 1.58100267189452e-05, 40929.0910712963 
1041504, 1, 1.35094971765151e-05, 0 
1138822, 6, 1.53732628213012e-05, 17487.1874816866 
1235990, 13, 1.65032841535466e-05, 52371.3055762802 
1287055, 17, 1.5549923027881e-05, 42259.5267827963 
1301915, 2, 1.19783431555747e-05, 253.990057087065 
1340, 6, 1.55853061733398e-05, 9883.0923246453 
1452732, 6, 1.59731650826611e-05, 19269.4046313555 
147802, 18, 1.6956049918611e-05, 19255.3806382327 
1505597, 18, 1.56091469601186e-05, 4093.79221795412 
1579, 2, 1.35210048810828e-05, 296.00823223989 
1609559, 4, 1.47841513897102e-05, 9655.38039454578 
1812112, 6, 1.51890274465726e-05, 1388.20814908335 
1817405, 7, 1.39289345757943e-05, 30162.0148181873 
182141, 1, 1.43014458761781e-05, 0 
1869339, 1, 1.46301498127341e-05, 0 
194195, 6, 1.476995790562e-05, 407.275917634705 
201828, 2, 1.40024644337403e-05, 250.556179790753 
2039723, 2, 1.30011961100421e-05, 12946.0782525986 
206042, 4, 1.61754715149947e-05, 393.735937134745 
2066024, 7, 1.56582738318928e-05, 11158.6449124735 
2116, 7, 1.29846521411691e-05, 6835.34851773753 
212790, 4, 1.36851324720823e-05, 237.133842294233 
218144, 5, 1.53383643168293e-05, 296.890579297167 
2189, 2, 1.03922016918504e-05, 384.727655467006 
225084, 10, 1.54190116413538e-05, 63609.9400440559 
2285, 8, 1.36692319258581e-05, 11586.566695776 
2571750, 9, 1.70657200880591e-05, 469.87773455588 
2575361, 1, 1.32439806108124e-05, 0 
2590022, 15, 1.58601766823682e-05, 47263.7090001649 
2609668, 6, 1.58959767282901e-05, 1879.25500517108 
261963, 3, 1.45446083136981e-05, 391.729734917069 
2714928, 2, 1.53357768337755e-05, 30.2703208466366 
2719988, 13, 1.64341238146888e-05, 21593.3347527346 
28080, 29, 1.71839021204935e-05, 13664.7100060135 
2840371, 3, 1.40797476909214e-05, 98.4108417228585 
2893572, 7, 1.68736501079914e-05, 1527.96305944428 
3048188, 3, 1.39118821385345e-05, 9652.99332579783 
3050336, 3, 1.34623928056973e-05, 382.326682222948 
3058374, 5, 1.62617491137347e-05, 3164.55624221527 
305899, 2, 1.36215656627573e-05, 285.653294004345 
35829, 4, 1.09619073718827e-05, 325.158210983953 
374106, 2, 1.50911505493179e-05, 29.8839445492903 
391290, 12, 1.62699510274474e-05, 1732.36400911163 
40222, 10, 1.54382931423102e-05, 4483.54665473356 
41997, 1, 1.48225005558438e-05, 0 
426117, 2, 1.66397657120988e-05, 4.82173291708442 
43080, 3, 1.49564020879137e-05, 185.076431173836 
558314, 2, 1.16615355910066e-05, 2123.00882025154 
589437, 3, 1.41598935176007e-05, 338.288568500208 
603050, 19, 1.56184109828666e-05, 23728.6404882535 
624, 1, 1.22685838373677e-05, 0 
634113, 3, 1.54394849387824e-05, 101.980689038824 
69657, 7, 1.66880830399012e-05, 9900.3035846669 
71237, 4, 1.46252285191956e-05, 206.467504230395 
73913, 1, 1.28809542210887e-05, 0 
1007676, 24, 1.68733653927276e-05, 26188.6036479034 
1032623, 3, 1.4373598574139e-05, 272.28163669236 
1074467, 9, 1.67207303615022e-05, 33604.9655686196 
1091, 1, 1.18242444307809e-05, 0 
1101, 3, 1.33363562407479e-05, 248.038042310514 
1111760, 1, 1.43155724797435e-05, 0 
1292, 8, 1.31304245066243e-05, 26594.824209909 
1293, 9, 1.49992500374981e-05, 4021.56630267061 
1300, 5, 1.50384985563041e-05, 18087.1147740377 
1311, 8, 1.64986553595882e-05, 11838.9371736271 
1326, 12, 1.48991328704669e-05, 10885.0253725111 
155085, 4, 1.61530012276281e-05, 359.435894044831 
1582, 3, 1.49106849968688e-05, 82.2306016430344 
1583098, 4, 1.37035108394771e-05, 9370.98859239485 
1674923, 4, 1.38150169233957e-05, 207.905130110892 
167957, 6, 1.4782840079236e-05, 1330.94103674634 
1759399, 1, 1.19334590324351e-05, 0 
1859475, 23, 1.61715477788379e-05, 37540.6624193877 
1884634, 17, 1.66129514569558e-05, 211734.685056985 
2139, 2, 1.04484473607222e-05, 19218 
2175, 2, 1.21113762156794e-05, 193.216389578201 
227945, 9, 1.59634755679006e-05, 11278.1085355894 
233181, 5, 1.43529681938225e-05, 2425.99883773274 
238800, 2, 1.59525252847526e-05, 37.7281026219997 
2482769, 9, 1.70285227756492e-05, 4780.72947543085 
251535, 4, 1.36993807879884e-05, 9767.49456858397 
251540, 8, 1.54490259389146e-05, 992.01693252596 
255507, 10, 1.59874658267918e-05, 39478.105089193 
2562451, 1, 1.25555583456796e-05, 0 
2583989, 3, 1.48856041322437e-05, 9666.72377858099 
264636, 7, 1.47817474981892e-05, 44516.6250210001 
269259, 7, 1.43816605065221e-05, 107364.048448443 
2732593, 13, 1.49949766828113e-05, 37662.6609952015 
2737, 3, 1.22809387549584e-05, 38596.1911765973 
2767879, 1, 1.30688204082699e-05, 0 
2778057, 8, 1.54301938032342e-05, 47555.5410548674 
2806205, 13, 1.60583238321584e-05, 10128.9856708634 
2923364, 3, 1.42991963851632e-05, 104.149781937722 
2940297, 6, 1.46417171805909e-05, 1338.95472042321 
2954089, 1, 1.42900012861001e-05, 0 
2956353, 4, 1.54178230033919e-05, 399.075642702314 
2962659, 5, 1.39083992823266e-05, 56800.6108975817 
2992843, 1, 1.23983336639556e-05, 0 
3036300, 15, 1.62184955723507e-05, 34327.4158497615 
33028, 10, 1.66475220163479e-05, 17086.5775467591 
33990, 4, 1.51998784009728e-05, 162.664904552396 
379547, 8, 1.48478099480327e-05, 2278.90354548967 
401619, 2, 1.05913130050732e-05, 9610 
498846, 4, 1.35393113906227e-05, 10406.8937428159 
586733, 5, 1.36737177471183e-05, 12069.3147326388 
68288, 2, 1.45357288214431e-05, 26.6485149568473 
728003, 1, 1.38402557679266e-05, 0 
754517, 1, 9.55712292371505e-06, 0 
84107, 2, 1.43694677549144e-05, 46.2278239446991 
84156, 1, 1.20713173428616e-05, 0 
84378, 6, 1.46535175768943e-05, 10093.9523300573 
850, 3, 1.5802781289507e-05, 95.4156523937142 
904, 3, 1.19914141474704e-05, 5463.59079397305 
10258, 1, 1.39087861802301e-05, 0 
104628, 1, 1.24001785625713e-05, 0 
1080223, 6, 1.47931182413941e-05, 9423.60575357371 
1193095, 40, 1.56443109463244e-05, 66689.2438647281 
1195073, 1, 1.26585483176789e-05, 0 
1269201, 7, 1.60526527008588e-05, 452.698447250936 
1278212, 3, 1.58420860858958e-05, 71.532376436615 
1303590, 3, 1.42783711234222e-05, 9686.55642365163 
1328, 3, 1.5229044834308e-05, 266.655465203288 
1410383, 12, 1.51643818997938e-05, 2396.62915939009 
227, 2, 1.63717031482785e-05, 16.7641746187947 
2325, 30, 1.80306882313698e-05, 87781.4318529217 
2419773, 9, 1.63100208768267e-05, 15887.5120201495 
2490855, 30, 1.75873652368139e-05, 70372.5055926719 
2726434, 3, 1.58899146711582e-05, 6458.03358589801 
2745512, 12, 1.69520257670792e-05, 542.683008376479 
2774055, 24, 1.91029265683503e-05, 23771.7730299863 
2778063, 4, 1.543138434949e-05, 714.870652201134 
2806552, 45, 1.71588393761046e-05, 25334.0247155644 
2841528, 3, 1.73379336650658e-05, 33.9778437073653 
2864101, 1, 1.66204065351438e-05, 0 
2864210, 7, 1.77216984475792e-05, 141.059225659382 
2870840, 5, 1.70849635236029e-05, 77.6551357881534 
2893471, 4, 1.73650303019779e-05, 2289.62676190595 
2908646, 58, 1.94802664900456e-05, 117073.65605262 
2921087, 12, 1.62707452001302e-05, 3199.9694252137 
29329, 11, 1.65672630881378e-05, 3914.01881491515 
2954099, 7, 1.82275527687653e-05, 238.720049564025 
2961895, 2, 1.64836976230508e-05, 153.412014296172 
3025665, 10, 1.7770195827558e-05, 426.923398954848 
3064001, 3, 1.56210947263184e-05, 623.081653791298 
375175, 8, 1.78176894020383e-05, 43976.2776706015 
489, 3, 1.62137622413905e-05, 70.5988510776775 
82688, 7, 1.65177317850713e-05, 23000.7565142902 
93929, 1, 1.63856527224762e-05, 0 
949, 7, 1.71738682420828e-05, 756.230069910413 
1324350, 50, 1.85243502584147e-05, 57881.0099233448 
1341, 22, 1.71712141765544e-05, 11849.9187464967 
1359, 37, 1.82979268448885e-05, 34579.5490672265 
1526927, 52, 1.93027834613751e-05, 63548.1792398011 
170673, 7, 1.70575692963753e-05, 505.412783714246 
1813182, 3, 1.66314634024648e-05, 498.64204368404 
1965231, 33, 1.83755972069092e-05, 90726.8023104088 
2005473, 1, 1.45721613429704e-05, 0 
201, 24, 1.75817993213425e-05, 23763.7212631206 
2026193, 7, 1.60035848029959e-05, 13559.5588179373 
2136182, 17, 1.85298423110419e-05, 21810.3943956629 
2591003, 5, 1.41276860263058e-05, 1852.42151915874 
2735436, 3, 1.62522346822688e-05, 40.2175360005175 
2764326, 36, 1.70776692397022e-05, 70257.8032097122 
28035, 18, 1.68511871661359e-05, 12919.9482547221 
2811503, 8, 1.45568883195528e-05, 18831.5528546144 
28125, 5, 1.78107077975279e-05, 48.4921161690028 
292691, 26, 1.8866500641461e-05, 989.593055485421 
29287, 10, 1.54459238207037e-05, 15460.1029190928 
2972775, 4, 1.67420056922819e-05, 949.272060362369 
3050138, 1, 1.53557937409785e-05, 0 
399320, 3, 1.4698533086398e-05, 19761.710015027 
400065, 34, 1.86992782078612e-05, 5852.42767590458 
61635, 83, 1.90487075451931e-05, 103063.782078461 
754, 6, 1.54981092306739e-05, 433.574050666373 
76885, 4, 1.78380306814128e-05, 7.11674873770664 
79206, 25, 1.72200027552004e-05, 11651.2753092571 
83171, 9, 1.57368793768196e-05, 9498.78742627188 
89586, 24, 1.75383212318917e-05, 219871.374473787 
1006576, 14, 1.69767757707456e-05, 5148.13187135472 
111504, 2, 1.7307026652821e-05, 0 
114527, 13, 1.71051281174096e-05, 7425.06025871891 
129726, 12, 1.49761130996061e-05, 4871.58330414811 
1309, 6, 1.61634447533458e-05, 304.424004185055 
1379, 32, 1.72398931126627e-05, 230690.704990357 
155866, 13, 1.72845907873131e-05, 14381.4378576086 
157692, 14, 1.61825390403754e-05, 91180.5967904021 
1581011, 5, 1.74115926383786e-05, 422.443644303872 
170573, 41, 1.8522291577914e-05, 55956.2817766836 
1811193, 5, 1.7286084701815e-05, 154.019909525931 
1843210, 22, 1.71001556114161e-05, 39191.0541037555 
1904463, 25, 1.75583375765982e-05, 16573.4003985624 
2186, 1, 1.37868280644672e-05, 0 
2203724, 1, 1.45556170126052e-05, 0 
2234087, 27, 1.73774024258854e-05, 41368.6544156333 
2419841, 6, 1.53015163802733e-05, 18980.7830875955 
2587597, 12, 1.73916068105532e-05, 8831.05554706916 
2704655, 9, 1.72197062318117e-05, 10777.402762277 
2734193, 21, 1.82611712715254e-05, 27610.9535846903 
2778065, 3, 1.54731695240453e-05, 771.952699376441 
2799184, 25, 1.83543490630105e-05, 37118.1680796932 
2822846, 3, 1.63633983505694e-05, 248.385369459728 
2827233, 18, 1.77841010136938e-05, 40148.7295169186 
2875764, 35, 1.81461856717718e-05, 69096.1010825648 
2895487, 1, 1.78545922011141e-05, 0 
29487, 3, 1.64845128002242e-05, 41.8411452255437 
3050334, 25, 1.7930465654193e-05, 60797.6561950768 
3050362, 2, 1.2363690314285e-05, 9610 
37372, 5, 1.5626464981092e-05, 9459.08233598068 
511746, 7, 1.71777033410633e-05, 9450.2947060865 
51665, 23, 1.72108152763196e-05, 16656.0698774153 
730, 47, 1.85013876040703e-05, 53645.9780545038 
76517, 5, 1.6246425786327e-05, 12890.1340597255 
813, 8, 1.67285623473519e-05, 23176.0444714173 
1007869, 12, 1.706921566954e-05, 15097.1328311019 
1155388, 6, 1.56174353047743e-05, 5568.91258248437 
1222016, 3, 1.45245392089936e-05, 761.676346162649 
1239415, 26, 1.82818698696503e-05, 5655.30529653701 
1245, 10, 1.69799466829674e-05, 1130.2372757161 
1281486, 1, 1.47747588020626e-05, 0 
1505652, 21, 1.57057373058378e-05, 71177.8992304924 
152267, 20, 1.6598612356007e-05, 12322.2955640255 
1534743, 2, 1.31606654032428e-05, 271.673654629116 
171284, 9, 1.50260702318523e-05, 17467.0478939448 
1789762, 3, 1.30667712008363e-05, 940.772306473806 
1843490, 5, 1.35129656905801e-05, 24572.8400918864 
1926290, 6, 1.74031081951236e-05, 172.847469295975 
2014742, 12, 1.72720520925091e-05, 3198.63208469207 
2026189, 2, 1.30249036157132e-05, 9610 
2172, 2, 1.36503863059325e-05, 303.498974216657 
222136, 7, 1.55216837922578e-05, 20232.6423616862 
2319, 1, 1.48935853327972e-05, 0 
2358187, 7, 1.7950098725543e-05, 150.045473592019 
244787, 9, 1.5892439966308e-05, 11625.160887017 
2563896, 14, 1.70088275815148e-05, 3500.87751932415 
2601646, 6, 1.68782068593033e-05, 453.454173138741 
265570, 16, 1.76438414171533e-05, 17505.2954644584 
2715209, 14, 1.69992860299867e-05, 6474.15281871597 
2724469, 4, 1.64600925057199e-05, 134.789397436891 
2734192, 8, 1.73590015102331e-05, 428.173591965133 
2738, 24, 1.73415416630538e-05, 11808.0586589265 
2782231, 6, 1.68679576276904e-05, 19771.1632151061 
2785331, 22, 1.8626830086056e-05, 97.0458221072667 
28137, 1, 1.57542339503742e-05, 0 
2817969, 7, 1.69811000356603e-05, 16276.5490192613 
2904123, 3, 1.69520257670792e-05, 842.681807641857 
290425, 3, 1.76800268736408e-05, 78.9397942881411 
2939731, 5, 1.72839932938106e-05, 1938.85448551866 
2940300, 3, 1.5722528811534e-05, 315.895700137509 
2956343, 6, 1.54466395835586e-05, 1149.40788271332 
3040675, 1, 1.28642181771403e-05, 0 
3059076, 12, 1.72455420273859e-05, 524.969180287428 
3061989, 9, 1.60015361474702e-05, 6041.6848770423 
317658, 8, 1.6564793188557e-05, 10723.8915258819 
33056, 3, 1.63065633917652e-05, 3.57469724983525 
387092, 41, 1.79852880343879e-05, 34174.5403946979 
39664, 5, 1.52441348191283e-05, 8453.0403954367 
42858, 74, 1.8657412590022e-05, 88912.6233172741 
69499, 7, 1.53661759734472e-05, 18646.8213793995 
69966, 8, 1.68580050236855e-05, 13485.1178820183 
708126, 11, 1.6739203213927e-05, 13592.6125512416 
827, 12, 1.66697227825101e-05, 4677.76633817818 
946435, 21, 1.71089325736967e-05, 60349.6129226816 
1031542, 2, 1.27782463134759e-05, 9610 
106649, 46, 1.78715038870521e-05, 14465.9782283442 
109328, 29, 1.74194784608149e-05, 14113.6172526015 
111955, 1, 1.36578436996367e-05, 0 
1178540, 1, 1.27420998980632e-05, 0 
1281, 3, 1.43295216805663e-05, 9691.11681495944 
1535204, 11, 1.78916481786302e-05, 10398.0238572394 
1636607, 5, 1.66763945634954e-05, 355.339288554219 
1706372, 6, 1.5229044834308e-05, 24632.6297163982 
1872114, 3, 1.46397880158695e-05, 66.2585730465608 
2029986, 2, 1.7630154616456e-05, 1.10046014157448 
2033438, 2, 1.4152478806663e-05, 0 
2096, 10, 1.53169850046717e-05, 8768.96024229879 
214, 16, 1.7750323943412e-05, 17462.9050373171 
217, 15, 1.80066624651121e-05, 10894.5774020911 
2173, 1, 1.28447201777709e-05, 0 
2322, 9, 1.54688611824398e-05, 27183.2346633119 
2370, 7, 1.73623168275575e-05, 20524.1808899796 
247481, 5, 1.53190967860535e-05, 2601.72281017307 
2479767, 25, 1.75030192708242e-05, 12469.1181573391 
2704654, 23, 1.78373943134387e-05, 15520.5311827644 
2705458, 7, 1.64209005221846e-05, 16582.9997183996 
2724901, 8, 1.63315967402133e-05, 1054.57253941335 
2734129, 1, 1.2595092951786e-05, 0 
2742598, 4, 1.45331938146727e-05, 1029.23863240633 
2785124, 18, 1.73577962541876e-05, 24631.0289881464 
2806443, 18, 1.72759311726902e-05, 14252.5711496604 
2849642, 7, 1.69454188060258e-05, 15983.6325349749 
2931039, 4, 1.47006938727508e-05, 9876.54447737157 
29324, 8, 1.55250574427125e-05, 21018.2094007501 
29378, 8, 1.66841850609807e-05, 1055.16332792587 
2940302, 3, 1.48088912583115e-05, 174.860061464769 
2953809, 3, 1.6060387055328e-05, 41.3549497917418 
299566, 24, 1.77604120415594e-05, 4894.01774169564 
3036714, 20, 1.82381907714755e-05, 800.022648071646 
3049085, 15, 1.70378068934967e-05, 4092.7002947983 
3050252, 4, 1.46028037383178e-05, 8918.92753683969 
33043, 38, 1.78734204364689e-05, 25264.3202131689 
33045, 6, 1.75373985023062e-05, 8758.1793206729 
42879, 2, 1.33022946458264e-05, 192.176663516137 
45972, 9, 1.57584544107914e-05, 1073.87660221668 
522262, 4, 1.5965259595121e-05, 47.0692950645978 
529731, 3, 1.68628376783245e-05, 1.28654953816204 
648802, 16, 1.69327937416394e-05, 18850.827007403 
712150, 14, 1.63476157002501e-05, 4847.52697517043 
849, 6, 1.33026485573278e-05, 2119.67350731077 
86331, 4, 1.44734556822787e-05, 19289.0913167863 
948, 66, 1.83952025311799e-05, 120831.151858929 
1032072, 22, 1.63025758069775e-05, 29050.1015117546 
1076626, 10, 1.73816310922617e-05, 1080.14103365319 
109472, 25, 1.7435879552944e-05, 9612.59868041037 
118060, 20, 1.74565767652963e-05, 15245.2469776938 
1240404, 1, 1.35882488823665e-05, 0 
1296540, 4, 1.5246459009895e-05, 8856.63055937643 
1329, 11, 1.653493832468e-05, 17289.087971555 
1424653, 4, 1.43402070725901e-05, 999.854902644149 
1495066, 3, 1.70134576449972e-05, 9748.40621026918 
1529069, 1, 1.48161318043085e-05, 0 
154288, 6, 1.5135691474065e-05, 1137.3402849109 
1576550, 13, 1.52597204419215e-05, 12793.2229123967 
1612, 9, 1.54705363634957e-05, 12518.9878453491 
1633, 2, 1.60235867196513e-05, 42.8971966848236 
1660063, 5, 1.50265218109964e-05, 90652.1465136125 
176102, 16, 1.68571524898014e-05, 15358.6448555309 
198, 19, 1.69121750748364e-05, 10385.4039705936 
1987921, 4, 1.57985370554687e-05, 13574.7872902234 
2004650, 13, 1.60836349014877e-05, 10222.7273756787 
2039639, 3, 1.53938516956328e-05, 9610 
2083051, 16, 1.65354851511343e-05, 23304.346780406 
224467, 8, 1.52218585889337e-05, 22901.5922103683 
2277, 4, 1.62725985712658e-05, 9954.26976396203 
2517362, 12, 1.67280026764804e-05, 72211.4145991485 
2565531, 1, 1.40904607580668e-05, 0 
256818, 1, 1.23478132022819e-05, 0 
2575699, 15, 1.71723936599523e-05, 1850.11078687426 
2675710, 2, 1.54154462771697e-05, 7.68353617944853 
2714947, 3, 1.51616229001152e-05, 70.4280351648952 
2725268, 4, 1.51680621283825e-05, 8410.63124060156 
2767358, 15, 1.5509165917057e-05, 17802.626715396 
2778060, 1, 1.38320239017373e-05, 0 
2795389, 1, 1.50859142818351e-05, 0 
2820817, 2, 1.51754279470681e-05, 9610 
2870563, 8, 1.38515666121838e-05, 11819.7151286628 
290335, 3, 1.51740463111893e-05, 9643.96957885227 
2929481, 21, 1.7125633648445e-05, 26061.1946942175 
2929488, 2, 1.39025983956401e-05, 0 
2940299, 5, 1.56291514933654e-05, 19330.3701626939 
2942997, 5, 1.70665938491996e-05, 591.260097358269 
29552, 14, 1.71673819742489e-05, 26091.2240672471 
2991418, 1, 1.43258266001948e-05, 0 
303541, 2, 1.55048375093029e-05, 35.033265988708 
3059081, 2, 1.58987567172247e-05, 0 
33962, 19, 1.76276683883023e-05, 3060.62889923697 
394751, 8, 1.77572582793217e-05, 887.820696254014 
39950, 5, 1.68109607464067e-05, 25399.8003362417 
44011, 1, 1.32429282763005e-05, 0 
46127, 5, 1.62064047711656e-05, 486.223700990672 
489910, 12, 1.71659085057077e-05, 6584.20998510727 
596095, 6, 1.46631866037127e-05, 1515.48979395363 
617123, 19, 1.70099848611135e-05, 38210.3853286905 
622, 31, 1.75251047125007e-05, 25847.8044969623 
644281, 10, 1.48535440556117e-05, 62884.4943852264 
69328, 5, 1.58177791838026e-05, 404.756618585588 
75658, 9, 1.60341206086552e-05, 3240.73310861677 
809, 4, 1.49182480009548e-05, 11740.1455851872 
883811, 14, 1.58315522837014e-05, 14776.6314960768 
954, 9, 1.68236877523553e-05, 19294.3377737755 
97481, 1, 1.48643626904496e-05, 0 
1068590, 23, 1.68688112548709e-05, 66751.1284638347 
114528, 3, 1.505661286437e-05, 126.098357359226 
1184396, 6, 1.48506764483122e-05, 12589.4417165652 
1285600, 5, 1.64031231546486e-05, 1198.49364437796 
129727, 2, 1.39514767638154e-05, 9610 
1329899, 5, 1.67605256100831e-05, 511.209351881502 
134813, 2, 1.20945308531482e-05, 138.182585622839 
1402, 3, 1.49577443721487e-05, 121.879905400119 
1470540, 8, 1.5933461863259e-05, 1006.55277871248 
150247, 3, 1.54249575813667e-05, 15819.0339703779 
155863, 1, 1.38632803293915e-05, 0 
1673428, 9, 1.55637178609226e-05, 3738.44365024066 
1805431, 18, 1.68316165084495e-05, 39888.7299068226 
1806891, 3, 1.35899108501848e-05, 320.34780754684 
1855646, 16, 1.73644272343677e-05, 1023.89924989306 
2004646, 16, 1.7307625739901e-05, 24776.6588870187 
2018305, 13, 1.67062046844198e-05, 4135.57799771287 
2025808, 1, 1.47682128985571e-05, 0 
2045200, 7, 1.68296336188761e-05, 1267.06484448785 
2099789, 4, 1.362100904435e-05, 10082.2726961681 
2141, 4, 1.4099400775467e-05, 12.7357894370681 
2303, 2, 1.40648954275025e-05, 20.4490162562304 
2509341, 2, 1.51400454201363e-05, 80.2822490444999 
2557993, 5, 1.53501366162159e-05, 499.118619453042 
2590551, 6, 1.65722050976103e-05, 1004.54527462647 
2745560, 12, 1.70625170625171e-05, 1041.19538762143 
2764325, 35, 1.78183243647767e-05, 134806.200721853 
2778370, 12, 1.6692818749374e-05, 4048.95888507535 
2821559, 2, 1.60336064390963e-05, 96.3246633053749 
2864218, 6, 1.63275969042876e-05, 9019.34124534146 
2866282, 13, 1.73232165748536e-05, 661.89694723828 
2886040, 5, 1.444606561403e-05, 685.017535458547 
2925830, 18, 1.73328249038028e-05, 29341.3418514884 
2948772, 1, 1.52466914679515e-05, 0 
2948936, 14, 1.4904018123286e-05, 19499.3919130075 
2951137, 7, 1.68324664613106e-05, 372.671651786466 
3002962, 3, 1.60810484843612e-05, 134.922443259268 
2663009, 15, 1.76140066580945e-05, 4243.41124496966 
2702, 5, 1.83318056828598e-05, 284.200983663472 
2711221, 4, 1.70593152390863e-05, 313.171398224785 
2715164, 47, 1.96842643990394e-05, 12009.3275135273 
2781390, 24, 1.94084310224361e-05, 546.304470545702 
2781599, 61, 1.96796158538985e-05, 31908.8307061543 
28258, 1, 1.79581574930412e-05, 0 
2892541, 40, 1.91585562112039e-05, 3219.39270266415 
294671, 1, 1.43036960750658e-05, 0 
2954077, 15, 1.95179076802967e-05, 18689.2599084887 
296199, 40, 2.05343025524138e-05, 5320.13039717524 
3047468, 13, 1.91592903398858e-05, 6440.09598129071 
3057550, 7, 1.91051163501586e-05, 366.823628624605 
320778, 20, 1.92100814507453e-05, 1128.02328803621 
348824, 32, 1.93247917753686e-05, 37287.4456694586 
39496, 11, 1.72517898731993e-05, 36350.1065783071 
470565, 61, 1.96394202443144e-05, 21656.2059568302 
56812, 3, 1.75432440966984e-05, 2.60433161857866 
708131, 31, 1.98404825205349e-05, 25242.5901481168 
715, 24, 1.9494317406476e-05, 2742.07944911033 
746691, 54, 1.8664725535211e-05, 29098.9319741848 
89059, 10, 1.6826518593303e-05, 2813.0181203747 
89093, 17, 1.85638969332442e-05, 3629.05223551741 
942, 91, 1.95099110348057e-05, 78349.794210734 
1054033, 18, 1.7687219215395e-05, 9795.57218098083 
1084719, 4, 1.50482295757904e-05, 6101.44782256127 
1702097, 8, 1.67602446995726e-05, 6357.45328470182 
1775403, 5, 1.63797480794745e-05, 6199.70662062312 
1807141, 9, 1.8473020154065e-05, 6.96810639217047 
188710, 10, 1.73967502870464e-05, 514.311383864715 
1925548, 18, 1.91387559808612e-05, 3658.48644921942 
2083055, 14, 1.95656427313637e-05, 9144.57204450634 
2115978, 176, 2.06594496322618e-05, 145108.469503607 
228229, 21, 1.78577806350227e-05, 38976.3678770785 
2283194, 51, 1.91809724753045e-05, 13160.9830606989 
2364272, 1, 1.46931338985292e-05, 0 
2545799, 61, 1.9669551534225e-05, 56223.9111253326 
2599308, 11, 1.74520069808028e-05, 390.348297152796 
2689569, 80, 1.97374913648475e-05, 96090.7248827729 
2701, 8, 1.7679714295817e-05, 7244.98850105091 
2719989, 49, 2.05820606759149e-05, 14415.5784305916 
2756, 83, 1.92845434384341e-05, 31813.3288276969 
2866211, 6, 1.65401346366959e-05, 201.630800243295 
2873269, 1, 1.46226622018805e-05, 0 
2880990, 17, 1.88323917137476e-05, 5756.65611679654 
2904119, 12, 1.80482610500478e-05, 6564.31921182892 
2908211, 17, 1.76006758659533e-05, 1465.668263225 
29388, 57, 1.84040047114252e-05, 18587.663731158 
29419, 15, 1.79266084649445e-05, 6972.02524065065 
2943497, 1, 1.68861870989531e-05, 0 
295596, 2, 1.54571450653064e-05, 32.0811212384584 
2983215, 30, 1.96904658764226e-05, 3109.51962244104 
3036126, 27, 1.77670385900078e-05, 13600.4988911987 
3050131, 1, 1.25380844314606e-05, 0 
3060017, 9, 1.62158656029059e-05, 54602.8201835963 
3070814, 36, 1.98204269319961e-05, 42560.1759032972 
33865, 27, 1.70747532698152e-05, 13920.9757362654 
413403, 6, 1.90208087647887e-05, 3.59170886581106 
46126, 85, 1.9208974432855e-05, 45341.5768407591 
501783, 58, 1.94318137654969e-05, 9105.08443093027 
553981, 47, 1.89958778944969e-05, 13731.3766211196 
718192, 62, 2.00376708211437e-05, 1987.88216070942 
83816, 9, 1.60934708788644e-05, 3166.88186220295 
859, 81, 1.95297242402937e-05, 41535.9793369457 
1255, 7, 1.76199034429291e-05, 1555.1926211379 
150120, 128, 1.98858551912025e-05, 96310.7345513425 
1550240, 53, 1.94814049989285e-05, 20363.3543657076 
1638, 14, 1.76261148517644e-05, 16652.791255998 
1644130, 1, 1.5058653455208e-05, 0 
166935, 107, 2.02142712755205e-05, 75933.7816710983 
1755811, 69, 1.89257731178319e-05, 54689.7984021995 
1759089, 11, 1.87441424554827e-05, 369.304392673466 
185008, 23, 1.78081703885743e-05, 4272.15760786956 
1982898, 47, 1.85649308456326e-05, 36771.1619369838 
2025351, 1, 1.38632803293915e-05, 0 
2173853, 34, 1.79749429295562e-05, 5789.36551052399 
2259, 15, 1.72559576193681e-05, 1928.87004072125 
2358479, 44, 1.95534003363185e-05, 17494.5836024344 
2479367, 47, 1.91791331031837e-05, 220414.178960792 
2487929, 3, 1.45391102064554e-05, 106.255061238852 
2496265, 12, 1.84870221104784e-05, 1157.08188491108 
2508687, 24, 1.81011856276586e-05, 56502.9700879143 
254785, 26, 1.72247485186716e-05, 49560.3392624721 
2686361, 39, 2.00072025929335e-05, 337.28474663192 
2708346, 1, 1.67712071914936e-05, 0 
2733155, 52, 2.00714543775842e-05, 11867.9687847633 
2763062, 38, 1.86296061701256e-05, 41399.412286173 
2809031, 14, 1.78412132024978e-05, 1451.43174223114 
2812551, 5, 1.63789432305828e-05, 414.187705931528 
2944914, 28, 1.79266084649445e-05, 14055.2237488727 
3040201, 2, 1.63251979430251e-05, 122.630090224729 
305976, 8, 1.56140213912093e-05, 2028.33065120496 
32257, 5, 1.74404408943458e-05, 32.9122412871658 
360911, 7, 1.68790615241793e-05, 15732.5676744351 
367791, 9, 1.84996762556655e-05, 201.167219399222 
36835, 18, 1.7875976475215e-05, 29475.0282705116 
39485, 44, 1.82969224576426e-05, 21383.0845351371 
399742, 27, 1.97784810126582e-05, 33790.7962627092 
400060, 13, 1.72214855253414e-05, 5057.64946974988 
420336, 64, 1.92134032701212e-05, 49643.779844679 
431057, 22, 1.94499552651029e-05, 876.919933726458 
50719, 12, 1.86668160011947e-05, 247.831363625136 
53344, 19, 1.71788837161361e-05, 18993.673968543 
623, 17, 1.84365781710914e-05, 3261.66767691365 
637, 15, 1.92763652485687e-05, 995.21044759205 
659243, 27, 1.88522735841943e-05, 11455.7284301037 
753, 11, 1.80933253722702e-05, 1090.39006193295 
762, 28, 1.88299094281357e-05, 3234.61602409089 
846, 16, 1.73997772828508e-05, 9689.01379359983 
851, 69, 1.86209336536134e-05, 41534.2100078124 
118969, 20, 1.92296598273177e-05, 10220.3365544847 
1313, 3, 1.73415416630538e-05, 13.8299317636285 
1386941, 56, 2.03612078268483e-05, 22234.7961894079 
14, 6, 1.68084176555619e-05, 8343.03659195771 
1699623, 18, 1.93184452515262e-05, 4854.30466062141 
1702250, 4, 1.71364921600548e-05, 461.624539505333 
1720083, 15, 1.79933784367353e-05, 15545.6418277964 
1741, 6, 1.58969875208648e-05, 54600.4258383786 
1776741, 6, 1.71921741223395e-05, 37.9515055868527 
1844999, 4, 1.7254468907447e-05, 205.25423182853 
1870984, 13, 1.64354743277891e-05, 91916.4244772766 
1929246, 3, 1.62749820975197e-05, 7.93906548507985 
196, 51, 1.90941724585656e-05, 58505.5503617252 
2026191, 19, 1.72932590876076e-05, 50222.7970199461 
2419, 8, 1.73834440079269e-05, 8042.79459683924 
249188, 2, 1.77891628419967e-05, 0 
2706014, 20, 1.77686170685336e-05, 75996.4651093901 
2738979, 33, 1.81287503852359e-05, 22985.5259389474 
2776706, 10, 1.67372420372571e-05, 1745.69185403345 
2810537, 3, 1.55284325600174e-05, 286.652373298749 
28110, 9, 1.63931738823954e-05, 4591.84861332111 
28229, 30, 1.96606570591589e-05, 5638.10910691468 
29360, 9, 1.62395660787944e-05, 1011.94982659781 
29382, 11, 1.62879713331705e-05, 20449.1120131243 
326329, 41, 1.91780296492338e-05, 19987.5984772129 
365348, 3, 1.48630371130037e-05, 9831.19913325881 
36853, 19, 1.71065911695776e-05, 56309.1325146796 
40091, 22, 1.71303275318624e-05, 101967.479229079 
46255, 7, 1.8262171737463e-05, 205.59571970699 
574697, 3, 1.47390452046516e-05, 79.9727909758611 
57665, 16, 1.8413154357473e-05, 12517.3803907162 
59893, 49, 1.97009397348254e-05, 13113.1759653774 
70348, 1, 1.6136580013232e-05, 0 
927786, 21, 1.74212992805003e-05, 18859.8962626634 
97138, 51, 1.89541120946189e-05, 10405.4080719367 
1071080, 20, 1.85188614603974e-05, 23423.1652841496 
1191912, 82, 1.95595196181982e-05, 136167.445467718 
1241978, 3, 1.79626735643333e-05, 12.864477426038 
1247, 32, 1.74447003000488e-05, 24932.9810762639 
1335, 28, 1.79462330856753e-05, 1793.75123670947 
1427364, 9, 1.92063918872201e-05, 33.5836057565635 
143222, 31, 1.79946735766213e-05, 60053.4090639695 
159, 28, 1.74877148802966e-05, 9136.97046997337 
1640, 28, 1.822821728035e-05, 38407.5301612219 
1667, 3, 1.54323369187796e-05, 186.126057691074 
184064, 1, 1.30054232615e-05, 0 
2008440, 30, 1.82688443129088e-05, 7911.27918792148 
2115968, 47, 1.83257586864096e-05, 5201.67812586199 
2176, 1, 1.29449838187702e-05, 0 
2424, 8, 1.59578712199793e-05, 34366.2547876634 
2497436, 7, 1.82159316538244e-05, 3928.292979028 
254839, 10, 1.75453987191859e-05, 457.255702792931 
2590884, 54, 1.97835677686114e-05, 3280.96896898552 
2613334, 5, 1.71768181662029e-05, 28.7420564308297 
2768165, 45, 1.93971369825814e-05, 10295.4894507448 
28196, 17, 1.74797671695013e-05, 3199.4584943429 
2886360, 3, 1.64128151260504e-05, 604.901830074461 
2895477, 59, 1.95526356952917e-05, 23446.151339559 
2937909, 10, 1.69776404475306e-05, 15574.3355626498 
29546, 21, 1.7334327168091e-05, 3602.71714787542 
29562, 14, 1.81666242778767e-05, 3781.94596450442 
2984951, 10, 1.80900522802511e-05, 2546.58769174417 
2992244, 4, 1.50163678409466e-05, 9762.84191518354 
2998077, 33, 1.82698456198045e-05, 12193.7751326579 
3015169, 4, 1.48086719582988e-05, 410.810454435199 
313590, 20, 1.85880516004312e-05, 249.946587232774 
38986, 43, 1.75466301696759e-05, 56971.9793716528 
40269, 40, 1.90981837627242e-05, 15630.0663195118 
47770, 44, 1.93374973410941e-05, 54359.7302960118 
519450, 14, 1.60676125134566e-05, 16339.584634171 
53410, 3, 1.8379987869208e-05, 14.6292306951416 
54261, 12, 1.67962779448074e-05, 16109.0701248687 
59843, 68, 1.97102591899083e-05, 32945.6676976579 
60519, 5, 1.63802846893479e-05, 101.521446767933 
638, 31, 1.87244878852563e-05, 15643.2019920972 
652716, 21, 1.85666542888971e-05, 243.213480096001 
665099, 19, 1.84757505773672e-05, 16263.8109279767 
712357, 22, 1.67816207689339e-05, 63294.163097138 
735, 10, 1.76572377017339e-05, 8234.63873847863 
774, 6, 1.82989313424096e-05, 634.201452361637 
983548, 14, 1.78256296903688e-05, 12118.4336998435 
985762, 41, 1.84033273215797e-05, 25977.1418921642 
102862, 18, 1.79814072249294e-05, 896.019931282684 
1177216, 1, 1.57084511467169e-05, 0 
1231049, 8, 1.79086301688784e-05, 135.501243028795 
1288, 19, 1.73964476453908e-05, 12162.7212476984 
128944, 10, 1.70738786730181e-05, 4215.96924313845 
1388755, 103, 1.94905178630596e-05, 80587.3345399138 
1522056, 5, 1.74962820400665e-05, 90.4577728026483 
1574161, 15, 1.9018999980981e-05, 831.920368348484 
157687, 44, 1.81590368446858e-05, 33715.6488762851 
158847, 17, 1.84311412562666e-05, 8248.78068050911 
1705394, 4, 1.78011962403874e-05, 164.824287960187 
173, 26, 1.8415527973187e-05, 9243.58428634535 
1794699, 2, 1.56818466942667e-05, 7.87731243412507 
1821960, 3, 1.7367744624683e-05, 362.212208570094 
1884915, 3, 1.5615484314246e-05, 1882.74375754313 
188711, 9, 1.64546755960706e-05, 1516.78717481099 
1979527, 7, 1.82172590312062e-05, 462.578611913322 
2002831, 6, 1.64899493758554e-05, 988.886783962146 
2030797, 3, 1.56423532356208e-05, 25.3510676916362 
203804, 60, 1.90342044654244e-05, 26486.0379055045 
2421, 4, 1.49354043760735e-05, 519.61816155918 
2487276, 1, 1.60405505116936e-05, 0 
2597770, 1, 1.71815401532593e-05, 0 
2652721, 9, 1.71980875726619e-05, 15541.9757268798 
2662362, 7, 1.7641973784027e-05, 1866.35901805953 
267889, 3, 1.68120912560313e-05, 12.5988534186294 
2703794, 14, 1.74513978569683e-05, 10974.3970098859 
2732587, 4, 1.56286629678831e-05, 281.152318249927 
2777577, 7, 1.75346308960196e-05, 5058.33055651085 
2785746, 17, 1.88338104565316e-05, 42079.9310929518 
28107, 58, 1.924075962519e-05, 89780.1419527569 
28199, 53, 1.77657760090961e-05, 120062.118845848 
2937985, 26, 1.82795305816547e-05, 2721.9656247268 
2954101, 3, 1.55096470004343e-05, 346.470667642763 
29575, 31, 1.88171537173287e-05, 22473.0012503523 
3052090, 10, 1.72176308539945e-05, 3724.70753246894 
3072977, 16, 1.75137482924095e-05, 47346.0126490874 
33993, 59, 1.94144598897259e-05, 49020.1332155812 
34019, 19, 1.81284217396034e-05, 1487.32936343866 
54005, 5, 1.61943319838057e-05, 1798.21961570302 
573600, 5, 1.8447121326717e-05, 361.488102912122 
60520, 5, 1.74526161471605e-05, 131.490901564497 
621, 1, 1.54899470243812e-05, 0 
66821, 91, 1.99572913964117e-05, 18442.3705201335 
72275, 3, 1.59525252847526e-05, 9624.10366100591 
770, 10, 1.88284912729943e-05, 8092.69201244795 
82348, 11, 1.78498116844867e-05, 456.027635182481 
83556, 2, 1.30410401533626e-05, 0 
102886, 5, 1.48920327624721e-05, 394.293480860041 
1190813, 4, 1.6735281320079e-05, 27.2360190018066 
1217416, 6, 1.46778218112432e-05, 854.586197756562 
125316, 9, 1.62006285843891e-05, 15536.2307003813 
1284, 4, 1.50845488965652e-05, 453.149339284956 
1302376, 41, 1.84563139049869e-05, 54362.0811633898 
1316941, 6, 1.63601858517113e-05, 2009.40439144148 
1318743, 2, 1.7393119282012e-05, 0 
1345, 12, 1.75793267117869e-05, 10343.4345911727 
1346287, 15, 1.81103645616386e-05, 49843.3889447825 
1355374, 11, 1.57212929191297e-05, 11203.6872915222 
148814, 13, 1.73427446627703e-05, 25536.6688536606 
1501662, 9, 1.78555486117311e-05, 11529.0691329706 
1511, 17, 1.74724372302693e-05, 5075.48014783573 
1542390, 34, 1.84352186416931e-05, 44914.0041746757 
1591088, 1, 1.35550946823364e-05, 0 
160798, 28, 1.74517024135704e-05, 2885.32435427795 
167642, 32, 1.74907736169171e-05, 20058.2359983726 
1712654, 16, 1.6712905705786e-05, 48888.0087675645 
183417, 24, 1.93487220169108e-05, 18838.6614986639 
1868793, 1, 1.64352042074123e-05, 0 
1871109, 9, 1.8064889081581e-05, 354.160946432756 
188913, 48, 1.90712310479641e-05, 46083.5900140307 
195, 10, 1.83691838571612e-05, 169.855366827602 
213116, 12, 1.76199034429291e-05, 2393.83117462728 
2180, 11, 1.65831979038838e-05, 43516.8908846274 
230361, 2, 1.47736674151991e-05, 45.4933107117096 
233316, 20, 1.70476823675821e-05, 5404.73696152039 
2576928, 9, 1.74828231262784e-05, 218.886663485498 
2583452, 37, 1.72875788745786e-05, 50234.9043122342 
2588535, 124, 1.98357599079621e-05, 103601.186547606 
2594042, 30, 1.74663336419052e-05, 146473.278164167 
2599890, 3, 1.72675783948059e-05, 495.525261874369 
2734196, 6, 1.70630993413644e-05, 840.524061944427 
2738844, 99, 1.94688887158321e-05, 239437.400471828 
2763022, 21, 1.91739847375081e-05, 10465.253605215 
2779363, 6, 1.83597407604605e-05, 8.19472321833315 
282676, 23, 1.69227645028092e-05, 17892.3936693974 
2862870, 5, 1.68058753340168e-05, 7613.70148786622 
2874846, 2, 1.45545577597625e-05, 29.6582646306042 
2919598, 25, 1.75027129205027e-05, 8621.02312262375 
29291, 7, 1.65215523650602e-05, 574.388697909319 
2937790, 6, 1.6698114782841e-05, 5662.70578721631 
29385, 16, 1.73970529392321e-05, 5922.51585666747 
2940301, 6, 1.76894093506218e-05, 68.3573510665969 
2942908, 1, 1.63861897193046e-05, 0 
2972483, 35, 1.83160246900013e-05, 8962.99638087561 
2983836, 11, 1.67650214592275e-05, 5229.68979958762 
301953, 2, 1.59408276477715e-05, 9610 
35755, 14, 1.90501590688282e-05, 4773.14772852946 
41980, 1, 1.38232285532609e-05, 0 
505249, 11, 1.4883167137967e-05, 24689.189101076 
56636, 7, 1.75220339577018e-05, 5570.00155152362 
56877, 26, 1.87469536200367e-05, 11824.5439400729 
65553, 14, 1.74962820400665e-05, 2673.05478695978 
715451, 15, 1.89659750407768e-05, 933.188401986559 
768, 15, 1.87856928163511e-05, 25717.7925113372 
76859, 4, 1.52262622571411e-05, 375.261719443129 
84590, 40, 1.80982372316936e-05, 13633.6596370147 
856, 24, 1.74307129161583e-05, 11040.1133546862 
12914, 3, 1.43719459614832e-05, 1039.87228654829 
1294262, 9, 1.76065637269574e-05, 10605.6082525188 
1334, 21, 1.86758801008498e-05, 9296.57080177672 
1348, 52, 1.82801988885639e-05, 54254.9055799724 
1442159, 3, 1.69161803264823e-05, 5.32326295469832 
1603, 29, 1.81284217396034e-05, 9923.89042982511 
162289, 3, 1.3749862501375e-05, 914.889987627435 
1623280, 2, 1.56609712934396e-05, 31.3579307103589 
1688404, 5, 1.65845730301673e-05, 1800.5166492195 
1699624, 1, 1.66672222407414e-05, 0 
1758395, 7, 1.74006855870121e-05, 170.757031242939 
1796635, 28, 1.79814072249294e-05, 18560.1642495388 
187101, 1, 1.28483509141602e-05, 0 
2012495, 10, 1.7506083363969e-05, 3794.77961994579 
2014541, 2, 1.57170923379175e-05, 7749.55067802422 
2053287, 5, 1.71048355370063e-05, 36.7080393612138 
2102, 20, 1.69302136592964e-05, 24876.3146515324 
2126985, 1, 1.40974131246916e-05, 0 
213, 18, 1.84702905376702e-05, 4826.84020273673 
2169658, 10, 1.61111021604988e-05, 20440.3282029489 
2267275, 14, 1.91116887088143e-05, 187.128169941064 
248039, 118, 2.09463563813075e-05, 50135.9090114741 
2560028, 14, 1.90103226051746e-05, 8465.2206296641 
2586643, 39, 1.87800480769231e-05, 11728.2066888264 
2599641, 5, 1.93911188675587e-05, 63.5069990305566 
2692425, 13, 1.79368979928611e-05, 724.509460095279 
2738399, 1, 1.8875047187618e-05, 0 
2779527, 84, 2.06245101678835e-05, 37711.3948996706 
2816908, 85, 1.94295484572939e-05, 74798.911256969 
28189, 18, 1.89465706707086e-05, 462.633354851366 
2861799, 24, 2.07215234464038e-05, 1904.2811081166 
2931922, 15, 1.77078906360674e-05, 5119.08756993277 
2951138, 7, 1.93386192225875e-05, 19.0145441761743 
2954090, 10, 1.92648532018186e-05, 6237.37817154832 
3018315, 102, 1.99776250599329e-05, 64537.2550859011 
35817, 71, 2.16408059036118e-05, 24894.6741302139 
386891, 2, 1.86870480070263e-05, 0.174632399136446 
43305, 30, 1.91747200490873e-05, 14268.335170086 
483, 2, 1.79291797400269e-05, 0 
536044, 7, 1.99199219139061e-05, 153.75720830019 
104270, 118, 2.04981039253869e-05, 27385.3171344317 
1048758, 39, 2.00424900789674e-05, 8846.23761697409 
1160721, 106, 2.04624514016779e-05, 21841.7931417935 
1185412, 28, 1.97702694687729e-05, 11128.8108404406 
1888890, 90, 2.05596332161434e-05, 2074.91184852497 
2048654, 72, 1.99024778584934e-05, 16133.1055214491 
2050, 64, 2.067055273058e-05, 8654.84293882505 
2054316, 90, 2.11635732577088e-05, 14512.0631882243 
208226, 159, 2.10362454509119e-05, 49482.8642906129 
2161872, 56, 2.02105943935811e-05, 7613.33781793232 
2163644, 11, 1.95897898015554e-05, 316.296550592347 
2267253, 19, 2.05947771645111e-05, 1129.79191780832 
242600, 67, 1.94552529182879e-05, 40854.6641919985 
243899, 13, 1.75444752447454e-05, 2621.19631174279 
2497879, 37, 1.97663616058192e-05, 12714.0092575648 
2714110, 44, 2.06202573408116e-05, 3323.6939044908 
2828763, 60, 2.04670582697149e-05, 12074.857526271 
283734, 8, 1.86108836447555e-05, 5908.60960483472 
286104, 30, 1.89350905097326e-05, 3015.99804901551 
290110, 44, 2.13378854155553e-05, 3915.19350213821 
2976236, 8, 2.02548054525936e-05, 7.95395208944202 
2991054, 109, 2.05094548586899e-05, 16407.418835644 
3026967, 18, 2.03107545445313e-05, 13229.2222635278 
3035453, 21, 1.82695118386437e-05, 12953.6047173221 
3070661, 20, 1.81990245322851e-05, 11279.1659197708 
58231, 30, 2.0550338053061e-05, 463.29344692164 
622681, 14, 1.95790504160548e-05, 569.999188114064 
658642, 1, 1.73949345950459e-05, 0 
81947, 27, 1.88178619145293e-05, 5849.16180445374 
1006155, 6, 1.82996010686967e-05, 176.082974171474 
103690, 1, 1.27704135059893e-05, 0 
113267, 17, 2.0262603339277e-05, 1878.83462413715 
137591, 49, 2.04110791337538e-05, 8919.09985488038 
1392, 22, 1.69623774468229e-05, 28298.8196600822 
1399115, 25, 1.88618744930871e-05, 87685.0508806548 
1547, 3, 1.54297176361673e-05, 309.542664262593 
1577791, 24, 1.78034146949385e-05, 5835.28543673668 
1636610, 4, 1.80933253722702e-05, 592.552464816293 
1650, 60, 1.85680332739156e-05, 20233.6252224236 
1656159, 64, 2.05905365893835e-05, 41428.5075703868 
1679449, 4, 1.92841715519901e-05, 27.1145138809797 
1691, 28, 1.947116320729e-05, 1316.36572829707 
1816218, 26, 2.02996224270229e-05, 924.658090578133 
191411, 3, 1.57264849733436e-05, 42.3730111941259 
195248, 3, 1.47203862629355e-05, 1685.60370476974 
1970738, 121, 2.10358029365981e-05, 35978.2176590063 
2071621, 11, 1.97917903653564e-05, 25.0888813953347 
2169540, 48, 1.94325689856199e-05, 5697.49765543338 
2213194, 102, 1.97425570559899e-05, 104191.917473726 
2422, 6, 1.69138913789896e-05, 371.595812975154 
2587858, 1, 1.58075275446167e-05, 0 
265426, 132, 2.11340533000824e-05, 29677.5291467963 
2717374, 17, 1.94480639452343e-05, 14459.7140547468 
2763670, 1, 1.5350372246527e-05, 0 
2844358, 47, 2.01005025125628e-05, 13742.9834268698 
2850441, 11, 1.81396023799158e-05, 4060.70037795951 
2890406, 1, 1.64171263462044e-05, 0 
2918526, 151, 2.09345168313515e-05, 53369.4692271874 
2924031, 27, 1.92440920637364e-05, 33325.6089776795 
29507, 15, 1.9620153822006e-05, 966.803911226928 
2956317, 11, 1.95316314771773e-05, 23.5868312382986 
2986279, 5, 1.87223844828877e-05, 18.3983765264527 
3030492, 94, 2.04160797043752e-05, 48792.9755067989 
3050305, 11, 1.86428038777032e-05, 13596.6363659966 
39486, 56, 1.9642120563336e-05, 21801.3015766851 
44008, 38, 1.94272836771963e-05, 23120.7187402239 
478, 9, 1.88618744930871e-05, 55.0149482400354 
52584, 42, 2.07120813570556e-05, 3382.60020414595 
528343, 2, 1.91084019643437e-05, 0 
53952, 8, 1.73514714047751e-05, 18163.4349971347 
664643, 5, 1.88757597493299e-05, 35.1071269207757 
693153, 5, 1.9049796167181e-05, 24.7444002545476 
69968, 74, 2.14022772022943e-05, 8911.27057864169 
826, 50, 1.97866993806763e-05, 10268.9303547492 
990268, 2, 1.86839056836441e-05, 20.5538413123877 
1008460, 7, 1.78034146949385e-05, 221.17973184596 
106654, 46, 2.04148293320268e-05, 2817.20163476334 
1302659, 25, 1.90526997675571e-05, 43669.8248130001 
133925, 8, 1.75777816839515e-05, 1223.85848520753 
1348114, 53, 2.01914146105076e-05, 11848.9326562585 
1354, 121, 1.98890192724597e-05, 117413.130054831 
1363, 25, 1.9386231898106e-05, 6278.96056525235 
1407071, 77, 2.0550760378134e-05, 6796.23066739121 
1462527, 68, 1.99207155521026e-05, 96165.4419415874 
1498, 32, 1.88551172788295e-05, 6463.83355207409 
1542, 101, 1.97620647405241e-05, 62736.2432454565 
1679002, 102, 2.02486534645446e-05, 11572.0742099437 
171552, 36, 1.93039013184565e-05, 4400.83394003898 
191393, 5, 1.65393139492574e-05, 10031.3145214103 
2016373, 5, 1.85466819985905e-05, 134.192667758155 
213465, 1, 1.35239305951882e-05, 0 
2202, 1, 1.6286910210264e-05, 0 
2212991, 13, 1.73813289764135e-05, 41244.1312029242 
246432, 7, 1.56357495778348e-05, 279.605177178501 
2518973, 14, 1.87962858539153e-05, 849.777906585962 
252967, 97, 1.95537826792593e-05, 21085.1304837624 
2587862, 61, 2.05309298458127e-05, 7681.83126171179 
2738867, 21, 2.02425052124451e-05, 2370.0875383183 
2778066, 3, 1.73325244821908e-05, 1195.82662797183 
28038, 41, 2.00988865216867e-05, 14325.7659914685 
28903, 38, 1.88114900581275e-05, 35308.9941402619 
2930200, 15, 1.73719685914808e-05, 941.213761131693 
29521, 17, 1.81300650869337e-05, 8127.87234885365 
3070656, 5, 1.75657397811309e-05, 147.015424413948 
310037, 5, 1.57708806459753e-05, 1450.03085664431 
311400, 30, 1.89616595244416e-05, 8609.34880319531 
46125, 96, 1.99457475666188e-05, 56670.9095708596 
484, 22, 1.83901281791934e-05, 1282.44622375414 
591154, 11, 1.85356811862836e-05, 2200.87846759424 
631, 28, 2.00847576773986e-05, 7736.73509767493 
676208, 88, 2.07486098431405e-05, 27500.0784919343 
78259, 17, 2.02240828378433e-05, 366.876011638222 
1014, 76, 2.08528829110625e-05, 2324.21074632964 
1200300, 9, 1.84586986617443e-05, 6320.96372772827 
1336, 13, 2.01954923661039e-05, 16148.2278682135 
138, 71, 1.93419856482466e-05, 35086.0921532896 
1778262, 64, 1.96564060227228e-05, 82899.2912298868 
1840293, 30, 1.82608378072386e-05, 3075.31495957372 
1935446, 36, 2.02040610162643e-05, 14998.7823286224 
1982626, 11, 1.69070282516442e-05, 32692.6744927042 
2162, 3, 1.58463537540012e-05, 98.8439489113432 
2360, 26, 2.02687638080953e-05, 1467.57665497717 
2447890, 21, 2.01251786109602e-05, 4657.80808971535 
247523, 124, 2.07253886010363e-05, 37178.8211713133 
2576922, 36, 1.98617621355367e-05, 25482.5578140285 
2708053, 46, 1.91986484151516e-05, 20113.1344727027 
2773709, 12, 1.87385226548739e-05, 10890.2099256139 
2778911, 65, 2.08920923430482e-05, 18146.084674632 
2813842, 1, 1.5803280761086e-05, 0 
2879119, 21, 1.94715423408688e-05, 306.734016605315 
2897333, 33, 1.77623048366756e-05, 18874.0606096245 
291048, 5, 1.6945131663673e-05, 10233.4664877198 
2924034, 26, 1.90371033143597e-05, 2552.4744798542 
2925411, 6, 1.75873652368139e-05, 70.0306507430262 
2930213, 37, 1.92207892056048e-05, 3619.64400901073 
2950074, 38, 1.97511356903022e-05, 5483.80070245679 
2969672, 11, 1.80799132164166e-05, 17296.6117868245 
3032580, 10, 1.81967063961423e-05, 8874.09263341421 
403957, 42, 1.83806635419539e-05, 59784.1643662492 
444, 16, 1.94848213241885e-05, 2046.2527189627 
656519, 7, 1.75675913075558e-05, 1122.64497426202 
75906, 17, 1.76053238499322e-05, 14717.0715353453 
82801, 21, 1.93176988757099e-05, 2907.68164143772 
10319, 3, 1.66572275710431e-05, 244.383540273423 
109262, 3, 1.56951376463572e-05, 125.946422956387 
1295609, 41, 1.89638170370932e-05, 24076.2926807662 
1314, 36, 1.94223784644668e-05, 29011.762827525 
1322, 18, 1.80665209300645e-05, 11606.7090554363 
1497681, 54, 2.09419698016795e-05, 17942.8920929229 
1635327, 41, 1.95514888458756e-05, 11787.7820320396 
1699621, 105, 2.06364274216848e-05, 96151.6130655745 
185007, 86, 1.92056541445802e-05, 24715.7155976013 
1884907, 16, 1.89756921383707e-05, 19936.1239324243 
1888915, 77, 1.92433514220837e-05, 31689.4724038565 
198483, 16, 1.87631341939358e-05, 1386.03123662464 
2077090, 43, 2.03500203500204e-05, 12076.3399228577 
213119, 23, 1.6945131663673e-05, 7981.49975008849 
227866, 3, 1.74608440572017e-05, 21.6375758258129 
2497989, 35, 1.95469027932524e-05, 6508.23525083407 
2594883, 22, 1.86410662689906e-05, 32029.2020937414 
263, 151, 2.08494047494944e-05, 23427.8844413703 
2650158, 6, 1.83385292499542e-05, 7.44917211987034 
2675232, 72, 1.9108036840295e-05, 23528.0001807929 
2698686, 30, 1.98361533731379e-05, 13340.4092555834 
2714948, 6, 1.94616896638966e-05, 292.540676862601 
2749996, 5, 1.86818113884322e-05, 22815.857190763 
2751, 28, 1.92437217357837e-05, 15372.1283204147 
2755338, 5, 1.73559886838954e-05, 9678.16493261894 
2767881, 36, 1.86077668818965e-05, 7670.02341178865 
2777367, 9, 1.85811438552157e-05, 239.806993078446 
2777984, 14, 1.76762766690824e-05, 5698.13777761183 
2806551, 153, 2.02897374507974e-05, 29221.9168159317 
2806609, 46, 1.92518722445758e-05, 16864.5456558942 
2819100, 30, 1.94476857253987e-05, 26554.7112851928 
2886361, 13, 1.98051176423988e-05, 248.796104102543 
29466, 30, 1.8910026095836e-05, 16598.593172319 
2965074, 25, 2.01910069255154e-05, 4802.52188753758 
2969821, 25, 1.82675094077673e-05, 21526.7550421019 
2970966, 6, 1.81672843543347e-05, 283.378625330324 
2993714, 13, 1.95828845588955e-05, 5389.00148642002 
3015168, 39, 1.9511053011531e-05, 559.517954848265 
326319, 4, 1.8138944313441e-05, 11.8950701454406 
342948, 14, 1.78641609203616e-05, 39955.0592977018 
349064, 3, 1.65587587554437e-05, 39.1551681580884 
45634, 18, 1.97487953234853e-05, 4179.97319297127 
47735, 34, 1.95932442493828e-05, 16098.1616399655 
58049, 76, 2.0341327475031e-05, 12740.1253474622 
658643, 39, 1.93715857580102e-05, 19830.2771604184 
680114, 7, 1.78967714224354e-05, 340.197568629339 
93466, 8, 1.84399778720266e-05, 596.025067904053 
94122, 11, 1.89365247689744e-05, 654.708784980455 
1050655, 13, 1.75703693291633e-05, 1117.21456981568 
119394, 24, 1.80880889933978e-05, 7678.01436502551 
1246, 8, 1.66455822624675e-05, 1046.28316241305 
1312072, 16, 1.91574551236614e-05, 2892.96885960864 
136468, 11, 1.83230724127822e-05, 720.540008774678 
1588, 8, 1.86737876043398e-05, 2925.73670569001 
1776742, 12, 1.89512384634336e-05, 357.597089764873 
1835254, 42, 1.93143408981169e-05, 11069.3473458572 
1855910, 23, 2.02782171391491e-05, 1586.6312195103 
1866938, 6, 1.63358653924692e-05, 609.421266282496 
186807, 24, 1.75318641631165e-05, 18458.4361325797 
2005703, 150, 1.93982657950379e-05, 63963.3738142376 
2024974, 19, 1.79546107440391e-05, 5219.83136169568 
2254, 11, 1.76672202395675e-05, 2556.9753493163 
2487118, 36, 1.95560770509436e-05, 8033.35698173516 
2564099, 93, 1.97191986117684e-05, 26064.5014936373 
2588299, 57, 2.07524851100919e-05, 28982.1584982928 
2715163, 72, 2.03404999694892e-05, 26787.5458127259 
2744479, 36, 2.00758868523017e-05, 661.705314723217 
2748, 11, 1.81695949997275e-05, 1867.52595556834 
2778550, 9, 1.80433762765689e-05, 2636.11367174618 
2815720, 47, 2.03512627958565e-05, 12933.3105590987 
2815775, 6, 1.55441219902694e-05, 11210.4248253387 
2829816, 5, 1.67436876297636e-05, 261.041075837874 
2864211, 7, 1.78536358929496e-05, 8604.75488272613 
2912315, 43, 1.9853875476493e-05, 18194.0521971774 
2929490, 1, 1.77689327978962e-05, 0 
3002900, 58, 1.95633461147195e-05, 3085.10765331736 
300825, 57, 1.96320945481673e-05, 27362.8560270783 
3072978, 10, 1.69643917417341e-05, 434.200460459547 
308354, 6, 1.70235947022573e-05, 9675.20315640501 
326320, 10, 1.79307871615564e-05, 2442.69892653886 
340071, 2, 1.50884181302432e-05, 126.980703260982 
437897, 38, 1.89702925219107e-05, 77563.9406181946 
505341, 51, 1.94333242644487e-05, 29087.7969092624 
53345, 27, 1.9358835372464e-05, 20465.7412834005 
67826, 11, 1.92752505782575e-05, 1360.97809157735 
72273, 1, 1.74364875939391e-05, 0 
92793, 21, 1.86389815660472e-05, 30255.6117390516 
1042877, 14, 1.804532986863e-05, 1445.17843408635 
1160784, 12, 1.82518388727664e-05, 112.792467597359 
1191459, 146, 2.03280954607363e-05, 76160.6433000095 
13076, 26, 1.84250285587943e-05, 29091.1267646573 
153151, 7, 1.76043940567566e-05, 48.7008261834274 
1579506, 7, 1.73590015102331e-05, 13314.7049845561 
1608473, 7, 1.74094707520891e-05, 112.425466641111 
1643, 6, 1.78913280732829e-05, 1267.79623583864 
1796613, 25, 2.00324525731685e-05, 2351.8951710427 
1852374, 7, 1.70424527497998e-05, 411.574567577193 
1967665, 32, 1.96633632216454e-05, 14449.6637221296 
1977864, 42, 1.85756213545343e-05, 20820.6365124779 
2054173, 7, 1.72022294089314e-05, 22448.5833189657 
2108365, 18, 1.808154778049e-05, 8962.46489121415 
2184581, 28, 1.86992782078612e-05, 2974.86273999078 
221027, 16, 1.72801105927078e-05, 17770.1822357537 
221402, 18, 1.87146760489576e-05, 23320.0008813179 
2226, 19, 1.75435518675111e-05, 13894.002962235 
2560029, 43, 1.97009397348254e-05, 13960.2209197422 
2570561, 19, 1.90334798911285e-05, 3183.38930168425 
260554, 36, 1.97363227283493e-05, 10024.3839490607 
2614441, 142, 2.05642839516328e-05, 57250.3819318284 
2614801, 21, 1.80141230724888e-05, 12479.7701246766 
2708117, 108, 2.05115582630812e-05, 11648.0757693131 
2746230, 93, 1.98716292748842e-05, 6389.43779196776 
280145, 23, 1.97800458897065e-05, 1228.31584251886 
2801997, 164, 2.05554070998376e-05, 51945.7010101591 
28263, 6, 1.71511877197496e-05, 1922.70057046896 
2862945, 2, 1.66708343752605e-05, 22.9164193619931 
2918755, 2, 1.62482736209278e-05, 0 
29465, 30, 1.92385386406049e-05, 7278.07029642697 
2984846, 76, 2.03016830095215e-05, 10350.7567216639 
3018314, 81, 1.95274360476469e-05, 12324.838430072 
3035289, 4, 1.6249593760156e-05, 14031.918076357 
314282, 13, 1.91416867654378e-05, 100.872131921874 
327575, 27, 1.90599626424732e-05, 10774.5048011631 
33047, 13, 1.98961421380394e-05, 212.396323023687 
336988, 41, 1.89976822827615e-05, 19896.8449895357 
33940, 1, 1.71010329023873e-05, 0 
37734, 8, 1.87934598759632e-05, 2230.14562517053 
414778, 51, 1.90074319058752e-05, 35695.7454893978 
446374, 16, 1.98459950781932e-05, 10153.9057950635 
45610, 42, 2.00936363453694e-05, 9387.58537674263 
511435, 9, 1.64684957675966e-05, 9902.31686654198 
513050, 17, 1.79494543365882e-05, 10430.7210378037 
552386, 79, 2.07000765902834e-05, 6171.25629464835 
58290, 5, 1.61799207183885e-05, 21739.1312167318 
689, 5, 1.8750468761719e-05, 4.51958115193081 
731, 120, 2.06880857314273e-05, 56018.8101978614 
755175, 17, 1.87835756414591e-05, 15068.2294098344 
96241, 44, 1.95986202571339e-05, 15569.6696048917 
1215089, 32, 1.93637085374591e-05, 44692.2927054207 
1254, 42, 1.98227843082839e-05, 34066.6495135542 
1283, 80, 1.91659000306654e-05, 55671.2551959905 
1286, 66, 1.97079284996354e-05, 18689.3993675213 
1310, 10, 1.69064565757663e-05, 1127.31213616465 
1379908, 1, 1.74987313419777e-05, 0 
1408194, 6, 1.58626925334306e-05, 322.730980500134 
1609968, 3, 1.53454255286499e-05, 1050.89499873403 
1714848, 29, 1.96278558530266e-05, 839.790910067358 
1740, 3, 1.45346724611561e-05, 203.715154518834 
186823, 17, 1.83813392643788e-05, 6129.74598695717 
1871111, 32, 1.93367494924103e-05, 19974.0703019615 
1977865, 61, 2.04210827258061e-05, 5433.66141801487 
200454, 3, 1.87984058951801e-05, 519.781009701514 
2006115, 61, 1.99588846975231e-05, 10168.5947494094 
2036206, 10, 1.80001800018e-05, 386.776963421876 
2100116, 18, 1.88586731037604e-05, 2474.50218810168 
2162846, 11, 1.68580050236855e-05, 11568.6437130211 
231049, 66, 1.98957462894433e-05, 52677.6200904454 
2487063, 62, 1.98799252514811e-05, 1904.16738697883 
254245, 8, 1.76931651303102e-05, 1040.45975409946 
2107707, 15, 2.15521886247548e-05, 121.533439949127 
2283160, 88, 2.06249355470764e-05, 14812.5837722469 
232537, 16, 2.14068587575459e-05, 3206.64465517744 
2572594, 164, 2.23264121455682e-05, 15500.4884337295 
2587865, 27, 2.15391905572189e-05, 104.105463308465 
2779360, 335, 2.26500566251416e-05, 24872.0027887009 
28171, 31, 2.21062870280308e-05, 6311.00827952461 
2895483, 15, 2.1253081696846e-05, 1918.65783206301 
2929489, 9, 1.80034206499235e-05, 238.115836548904 
2937286, 19, 2.02773947603212e-05, 1079.12407023807 
3003259, 318, 2.26526220410012e-05, 50622.2650814113 
3025668, 255, 2.23498647833181e-05, 23638.9714161446 
332410, 164, 2.30584762958864e-05, 45201.3652555405 
342950, 49, 2.23713646532438e-05, 2831.60839337545 
373891, 56, 2.19799542816951e-05, 3073.20413536869 
56112, 176, 2.23818796302513e-05, 74280.0809522404 
676210, 3, 2.00678292629086e-05, 10.3365018411414 
1243, 44, 2.24441701268096e-05, 25029.4723595537 
1249480, 46, 2.05769784764805e-05, 6866.06647568713 
1507512, 42, 1.92667090534266e-05, 19072.0107483059 
1522312, 86, 2.2129768965212e-05, 8329.61969925382 
2060084, 5, 2.0185708518369e-05, 129.231972674096 
2083054, 127, 2.33366782572169e-05, 14529.0119470094 
2320431, 17, 1.99628690635418e-05, 3595.32287098266 
2495429, 5, 1.93296478138168e-05, 9.83749187824451 
2507159, 46, 2.02224469160768e-05, 5102.05754560602 
2769351, 1, 2.02864445977198e-05, 0 
2774154, 19, 1.90872478097383e-05, 2832.66009237208 
2778078, 21, 2.22237038024757e-05, 1737.3148696788 
2864040, 37, 2.1690562436284e-05, 55.6564315116637 
2890317, 62, 2.15294522907337e-05, 1094.38591739464 
2895482, 1, 1.80102298105324e-05, 0 
2911514, 133, 2.10961562803257e-05, 27395.7272170521 
2929495, 37, 2.01572263656521e-05, 36630.3067277118 
2930219, 66, 2.03898540086453e-05, 5228.74256905022 
2980099, 106, 2.25799896132048e-05, 14961.3988130934 
2995174, 56, 2.28576653180644e-05, 4795.29000996913 
3025667, 176, 2.18397833493492e-05, 10342.2281084994 
3034674, 20, 1.80599953044012e-05, 18687.2957719557 
3042315, 176, 2.25047822662316e-05, 28603.3271805972 
326523, 6, 1.99620720630801e-05, 297.957834880375 
39152, 65, 1.96236189878137e-05, 10032.4038393579 
471, 174, 2.24613103928483e-05, 35171.4714585403 
63743, 8, 1.97612836929887e-05, 1487.8999424949 
66219, 87, 2.05930807248764e-05, 9036.32032356201 
697331, 118, 2.26116449971735e-05, 6443.56165075064 
77095, 152, 2.21621382030938e-05, 53140.1841380999 
83265, 2, 1.91949632416454e-05, 22.7415221974538 
878220, 168, 2.23154512184236e-05, 35564.8717270822 
91844, 81, 2.10685993595146e-05, 6776.04124587351 
1099853, 182, 2.27412275714643e-05, 27292.3505860893 
1357, 39, 2.18350146294598e-05, 7145.30134570498 
1581, 79, 2.13725448289128e-05, 37331.0752496931 
1636609, 19, 2.0422333864314e-05, 6623.01014031295 
172, 63, 2.10384583017756e-05, 12530.5939175166 
1721, 2, 1.8346940647647e-05, 20.2853058966414 
1855880, 62, 2.18866272707376e-05, 1698.14569166341 
1903412, 61, 2.20206112921695e-05, 922.852031069872 
2173034, 19, 2.05968981071451e-05, 1677.64457897224 
2498113, 159, 2.2363359871187e-05, 39603.1484674984 
261964, 14, 2.16999761300263e-05, 7655.23463488834 
2714855, 186, 2.14818156430581e-05, 47080.5204325625 
2719119, 160, 2.24346031318706e-05, 26905.6899114887 
2749995, 189, 2.11251241101041e-05, 28843.6406794541 
28169, 35, 2.18173884586015e-05, 3298.67687003676 
28187, 65, 2.08207541277145e-05, 29737.4244728908 
2831894, 2, 1.34379703289615e-05, 9610 
2864208, 100, 2.28399150355161e-05, 10563.6342083361 
2895474, 4, 1.98400888835982e-05, 13.9901887812201 
3042300, 13, 2.04800524289342e-05, 2013.70148078694 
326544, 139, 2.21273206027482e-05, 39415.7584868354 
387093, 35, 2.07168013258753e-05, 4598.57926655263 
47951, 46, 2.19043655400521e-05, 9520.31674597828 
51589, 19, 2.15875483021393e-05, 941.033356564057 
518738, 29, 2.14859696618108e-05, 521.386547086729 
556548, 28, 2.16576787299937e-05, 6315.42706379934 
572511, 70, 2.16506451892266e-05, 16088.9791205887 
67827, 71, 2.31572609591737e-05, 13150.0104437149 
88233, 63, 2.20356536876666e-05, 22090.4498597827 
940, 18, 1.94284160012434e-05, 4537.02281838263 
1173284, 32, 2.14316330904415e-05, 928.28673611854 
1630141, 17, 2.13876293951578e-05, 697.175085088862 
1641, 20, 2.10717070189856e-05, 498.294601677942 
1652495, 69, 2.30006670193436e-05, 14845.8010424356 
1734049, 64, 2.01816347124117e-05, 5787.67908582523 
174, 111, 2.19901044529962e-05, 59511.5420742888 
1740262, 50, 2.27339895878328e-05, 9051.23592485488 
1848904, 277, 2.27370910165753e-05, 31511.1616838953 
2038776, 401, 2.32753002513732e-05, 106292.20568122 
2271, 79, 2.19751241594515e-05, 27891.4810921613 
2486578, 45, 2.16670638961714e-05, 6150.37816558909 
252356, 188, 2.17779520013938e-05, 45808.4100832879 
2552945, 92, 2.27826760531292e-05, 3224.73457871981 
2583851, 30, 1.96691646505773e-05, 4882.61380430493 
2686358, 82, 2.10508588750421e-05, 11315.7002158387 
2686362, 25, 2.08947115485071e-05, 884.640130129732 
2856851, 3, 1.81284217396034e-05, 19.6416949955712 
2864207, 92, 2.29605308474732e-05, 4570.4414048531 
2878534, 198, 2.25169440003603e-05, 17144.2058049113 
298596, 116, 2.05943530283996e-05, 20540.4634203221 
298657, 81, 2.29552601978743e-05, 13923.8778988892 
2996794, 41, 2.02392276710721e-05, 26592.2498040273 
3047542, 178, 2.11819529760644e-05, 59178.1118317737 
3050112, 85, 2.15526531316005e-05, 29889.436714307 
3073271, 38, 1.8311999853504e-05, 7528.39983829652 
32067, 24, 1.9713367634593e-05, 8457.8412986505 
33959, 30, 1.95798171245081e-05, 5028.8579602431 
366522, 110, 2.29326239508325e-05, 10191.1643369058 
39765, 41, 2.1738657855264e-05, 1193.26178899499 
554880, 68, 2.19163671429824e-05, 33811.1630227472 
637971, 52, 2.23318966479823e-05, 22558.5461711541 
728, 281, 2.32126276694522e-05, 84494.9370880749 
1137606, 29, 1.98393016565817e-05, 2380.41071336409 
116090, 68, 2.05545620850548e-05, 41553.1994867509 
1266052, 1, 1.81808265003727e-05, 0 
1348613, 52, 2.0186930980883e-05, 38353.3960855274 
1376, 34, 2.17850685140405e-05, 6782.28618729425 
1407, 97, 2.19809205609531e-05, 20127.3506587685 
1536775, 73, 2.09503058744658e-05, 10287.6507978621 
1610, 32, 2.17273221075502e-05, 7005.05562175515 
1653476, 24, 1.89555492370391e-05, 3757.28971452651 
1852970, 305, 2.26244343891403e-05, 33026.8144163992 
190146, 40, 2.24799928064023e-05, 3250.8839451215 
1917830, 24, 2.18871063056753e-05, 4844.92753874914 
1936080, 76, 2.21479037009147e-05, 4381.11292831052 
2126319, 11, 1.91431524943528e-05, 2227.90364872666 
2500547, 239, 2.25973380335796e-05, 24594.2129301953 
2593652, 35, 1.89666944844852e-05, 10852.2022811903 
2594004, 114, 2.14730513205927e-05, 14517.3329636337 
2686359, 227, 2.31417198926224e-05, 62565.6953779614 
2713414, 209, 2.30165488986581e-05, 32768.9920926498 
2819290, 41, 1.98519047902646e-05, 16120.5143862715 
2854796, 16, 1.93783427641268e-05, 1504.77231558079 
2856608, 21, 2.10508588750421e-05, 327.345396645373 
2925845, 45, 2.11380738987064e-05, 9915.97031680934 
2994495, 38, 2.15489376373745e-05, 17229.1390398218 
313598, 153, 2.06645726566375e-05, 38843.9918683033 
40577, 43, 2.2061905707415e-05, 19911.610576269 
412034, 50, 2.27624510607302e-05, 10148.6427469793 
683737, 37, 1.99864092417156e-05, 3873.64548559065 
69967, 33, 2.1703743895822e-05, 11943.4783518476 
70346, 11, 2.1350185746616e-05, 142.064402311326 
75985, 89, 2.18102508178844e-05, 12592.8837604988 
79967, 30, 2.12197088655944e-05, 4895.55321943685 
83771, 76, 2.20439114716515e-05, 15632.8380552854 
83984, 59, 2.02277646297308e-05, 8521.20749569307 
865, 154, 2.18302479916172e-05, 75465.3265228526 
911092, 68, 2.12997081939977e-05, 5627.37715619024 
1129, 8, 1.78794922224209e-05, 186.325082161718 
1282, 253, 2.27370910165753e-05, 83967.0357679799 
1461582, 102, 2.13028844105492e-05, 28382.2391894348 
1476, 11, 1.82438472625107e-05, 691.615573162277 
1532552, 190, 2.13428949502711e-05, 58095.3026181884 
1580, 8, 1.99509207349919e-05, 23.6695280771463 
158483, 25, 2.21670508955489e-05, 3634.25412315462 
171438, 41, 2.24094657583363e-05, 10418.5232544301 
182773, 65, 1.9734764761604e-05, 11883.8276865831 
1884914, 1, 1.62208632743435e-05, 0 
1971364, 15, 2.05258728627435e-05, 11801.3356199048 
2058134, 1, 1.8280533060344e-05, 0 
2547600, 214, 2.22548626874972e-05, 14849.5103316332 
2686366, 73, 2.15880143344415e-05, 5751.36525144568 
2697030, 17, 1.92019662813472e-05, 955.665616216459 
2767842, 8, 1.87952260125928e-05, 278.294960336508 
2773454, 224, 2.18842324105482e-05, 122256.181839014 
2819096, 124, 2.22558532894151e-05, 36023.2589231521 
283735, 61, 2.11403082256939e-05, 1557.9145248974 
2854261, 74, 2.25479143179256e-05, 6388.84729849529 
2880988, 10, 2.04641263864446e-05, 14807.3349134597 
2897176, 25, 1.94050414297635e-05, 9140.46045201391 
2939495, 56, 2.21660681828257e-05, 11199.5945002631 
29484, 47, 2.2183278244859e-05, 1270.48192621997 
3053655, 33, 2.22064309824125e-05, 4818.1649590972 
33024, 59, 2.16370599562931e-05, 19460.0723982641 
393921, 34, 2.05744383178339e-05, 10593.492066206 
410072, 68, 2.09257554197707e-05, 18893.6440795564 
649777, 5, 1.77122816961281e-05, 58.4237362085657 
724, 41, 2.13201432713628e-05, 888.459727898606 
1260, 46, 2.03525053934139e-05, 20173.7010612577 
1351, 277, 2.25881502563755e-05, 113643.449134371 
1408204, 45, 1.9931833130693e-05, 17894.6790814967 
1481923, 105, 2.28346996095266e-05, 26893.4879638442 
1563222, 54, 2.21758992327139e-05, 4733.62808022963 
1774273, 226, 2.2433093299235e-05, 50205.7541854064 
1890302, 67, 2.06752537887403e-05, 83675.0834262023 
1981510, 24, 1.9387359441644e-05, 2412.85467796741 
1983719, 11, 1.89875821212927e-05, 440.32535529799 
2083052, 16, 2.09516227031784e-05, 3309.8255466684 
2293317, 39, 1.99908042300542e-05, 11360.3939702117 
256326, 8, 2.07645507589443e-05, 328.044343568628 
2607663, 39, 2.19770559535845e-05, 2382.77338122642 
2686363, 129, 2.19317483989824e-05, 53035.796377756 
271098, 4, 1.90730497806599e-05, 203.477877849858 
2746060, 150, 2.25652134669194e-05, 58712.0818453373 
2782163, 6, 1.90425410366759e-05, 55.5836088779499 
28152, 96, 2.27681519091095e-05, 12333.0213360113 
2818493, 201, 2.1822625698324e-05, 80870.4487504513 
2822842, 176, 2.25159300204895e-05, 26642.4948789444 
2912824, 186, 2.23583597907258e-05, 52927.8372206501 
29394, 173, 2.2475950732716e-05, 30903.0535403752 
2980026, 40, 1.99944015675611e-05, 27986.8751507732 
2983235, 25, 2.16572096851042e-05, 2698.82409038648 
3047867, 75, 2.10225361587622e-05, 10330.6273946853 
3064892, 58, 2.15526531316005e-05, 10726.6453901679 
322095, 224, 2.18904601374721e-05, 54642.9795256837 
392332, 6, 1.72211889508852e-05, 176.181770722975 
413501, 7, 1.94371015394184e-05, 5498.32440850065 
476, 7, 2.00505273288687e-05, 308.359502580193 
499229, 50, 2.08628890928816e-05, 11259.3374887927 
72, 65, 2.05098755050557e-05, 18695.1985810623 
815, 231, 2.28545309107531e-05, 77710.6002322558 
82983, 5, 2.07120813570556e-05, 34.0879431827217 
107327, 17, 2.04381948986266e-05, 2045.68733889316 
1177213, 64, 2.08890374331551e-05, 19124.9871002422 
131112, 10, 1.97343753083496e-05, 63.3370690568181 
135575, 40, 2.11202162710146e-05, 4183.8308677957 
1435069, 57, 2.15996716849904e-05, 11157.3306063663 
1501392, 234, 2.23333928890477e-05, 72683.8204761511 
1915309, 38, 2.15456876306207e-05, 415.883150483246 
1944646, 4, 1.80538003249684e-05, 80.0099743144147 
2024608, 6, 1.71570730033456e-05, 283.629909318595 
2070537, 162, 2.30829601588108e-05, 17947.2461437345 
2081042, 60, 2.12675457252233e-05, 1760.07840908055 
2132, 55, 2.1315598755169e-05, 17229.1620817197 
2218628, 86, 2.23348893306234e-05, 8011.9629320682 
2483368, 15, 1.95986202571339e-05, 1106.82442521454 
2520507, 11, 2.1416027755172e-05, 348.970337105114 
2563897, 45, 2.1913485559013e-05, 16797.3104036351 
2576932, 104, 2.20017161338584e-05, 14398.9021984325 
2592382, 45, 2.20623924458368e-05, 10021.3560499037 
2675053, 53, 2.23843846532659e-05, 37707.192832529 
2685905, 45, 1.98913929942514e-05, 11520.7444821497 
2691913, 2, 1.97667523225934e-05, 8.25044777882445 
2726954, 46, 1.95080080372993e-05, 22499.4645942393 
2735868, 7, 2.03690878722451e-05, 78.5829310498872 
2779518, 22, 1.98866461171323e-05, 4894.06179233908 
28182, 92, 2.15665976535542e-05, 10460.7091346793 
28198, 76, 2.03396725312722e-05, 32798.5381524441 
2831673, 45, 2.12327749113532e-05, 4072.81421531529 
2917715, 115, 2.24421553445993e-05, 19488.8706833035 
2968475, 21, 2.10313788171953e-05, 1109.55655932139 
2980027, 80, 2.07623951499045e-05, 16656.5303534817 
3016343, 11, 2.05178710656982e-05, 576.745008450626 
336810, 111, 2.16985635550927e-05, 32656.8848507537 
105, 34, 1.94389907276014e-05, 3757.26574370574 
1082702, 40, 2.04077467806779e-05, 14296.6245552456 
1382466, 14, 2.07749039160694e-05, 184.703688571273 
1529, 173, 2.02527543745949e-05, 81762.4338007429 
158850, 65, 2.13110561759441e-05, 17696.6127677026 
160453, 17, 2.0106564793405e-05, 3549.0896210849 
163003, 27, 2.10517451896762e-05, 3661.4458770323 
170651, 105, 2.21229149152692e-05, 7346.40195694044 
2018052, 105, 2.24719101123596e-05, 53593.04372883 
2093, 3, 1.75672826927131e-05, 6884.27034446723 
227388, 27, 1.94231329513451e-05, 5190.21940390502 
2315, 2, 1.62274438530443e-05, 0 
28128, 43, 2.07856994387861e-05, 5957.80318878429 
2867409, 19, 2.10039907582441e-05, 1870.18948195917 
2895485, 49, 2.23553608155236e-05, 6718.59949115487 
292833, 25, 2.0265067077372e-05, 15605.1658943467 
2961948, 213, 2.25886604924328e-05, 36183.9527481413 
2966625, 139, 2.23323953727277e-05, 13763.7416012406 
2976982, 281, 2.1435767722021e-05, 129661.400047226 
3067275, 121, 2.24890927899969e-05, 9085.15427690626 
488, 19, 2.1425204610704e-05, 635.751920888988 
491948, 27, 2.09520616828696e-05, 5493.75484656739 
573501, 48, 2.11864406779661e-05, 1001.97041413809 
577309, 25, 2.0823789096664e-05, 7437.68032149544 
668, 109, 2.21278102318994e-05, 20540.1810825425 
698776, 22, 1.87395761107884e-05, 12839.735194088 
779, 304, 2.24185087207999e-05, 121168.682153994 
784, 148, 2.227766886473e-05, 28556.2890615191 
84163, 67, 2.12965329244399e-05, 23081.4472527202 
89152, 68, 1.94121986256163e-05, 19653.5171611441 
893, 2, 1.61757331651057e-05, 6.68223215988944 
1056807, 19, 2.01353092783505e-05, 1221.96291416544 
108980, 12, 1.9351342983203e-05, 940.581273652952 
1336795, 12, 2.07947763521803e-05, 42.9815178968329 
147268, 134, 2.22826329159053e-05, 14576.1337383056 
161398, 90, 2.16971511640522e-05, 14754.7240606874 
1624, 153, 2.0987239758227e-05, 37171.9577775058 
166485, 78, 2.0265067077372e-05, 15268.9304329306 
167, 124, 2.12372841760996e-05, 35914.852798755 
1763883, 53, 2.12535333999277e-05, 18574.6425133961 
1819725, 72, 2.14009031181116e-05, 18111.8319015697 
1854492, 28, 2.12075583738044e-05, 20994.1239480865 
1878942, 20, 2.00650106344556e-05, 1734.79370873583 
1891186, 261, 2.23403779991957e-05, 68829.5869073559 
1906275, 7, 2.08541875208542e-05, 264.523444743473 
199441, 155, 2.10997172637887e-05, 62753.5968428641 
2069432, 54, 2.154243860405e-05, 9746.20092018645 
234828, 9, 1.90792360673879e-05, 6820.70014435303 
2448483, 35, 2.1478124530166e-05, 1620.37403023155 
2483110, 90, 2.03587206579939e-05, 15457.5227643923 
255519, 41, 2.1688210288887e-05, 6629.53907188687 
2663022, 79, 2.0703505103414e-05, 23195.6632879243 
28133, 40, 2.08925288316898e-05, 1109.97177678484 
2898076, 39, 2.15377988369589e-05, 2345.35248516954 
2954088, 6, 2.06475057813016e-05, 397.652984187809 
34061, 71, 2.08641949550377e-05, 21198.3873002758 
363408, 161, 2.14716681338973e-05, 27367.9506165351 
46228, 29, 2.01730850698997e-05, 9892.91429159056 
480, 14, 2.03836197231904e-05, 191.199095678325 
54077, 98, 2.14527824258806e-05, 60955.7766300184 
54913, 32, 2.14435819359266e-05, 6212.76239920182 
570278, 156, 2.15735766832783e-05, 41500.1364181555 
718217, 7, 1.55591168645268e-05, 598.213376219386 
754423, 153, 2.09934080698661e-05, 68113.6301465095 
884684, 7, 1.90956309196456e-05, 352.567137025591 
930802, 247, 2.24014336917563e-05, 63122.1961832102 
1028416, 8, 1.99880071956826e-05, 20353.3534309408 
115561, 116, 2.2666485334784e-05, 51091.9580734895 
136094, 51, 2.08982048442039e-05, 23372.7729202253 
1547283, 85, 2.0501886173528e-05, 38241.5990083205 
1632019, 27, 1.9880320470766e-05, 11998.1825266137 
1714845, 20, 2.02667099023145e-05, 3287.22937626079 
1736674, 289, 2.23873914211516e-05, 62048.6422519522 
1912897, 10, 1.92681939921771e-05, 4055.67166358568 
1942464, 152, 2.19534148536805e-05, 35780.2657918177 
2081041, 65, 2.14238275810356e-05, 4815.94990016651 
215689, 15, 1.95526356952917e-05, 1823.30603470234 
2479546, 100, 2.27169468423444e-05, 25810.2491641386 
2487064, 241, 2.23718651423969e-05, 103423.93621559 
2487742, 76, 2.24507206681334e-05, 8116.292529149 
2596949, 26, 2.17306271458994e-05, 2391.7074329226 
2608253, 151, 2.14813541845678e-05, 52107.6117002539 
2651284, 158, 2.09898828764536e-05, 45103.361067509 
2654238, 4, 1.80479353161998e-05, 126.005861560953 
2735562, 7, 1.8308311973636e-05, 156.495466012201 
2769490, 15, 2.00533418894259e-05, 870.903036013967 
2811789, 23, 2.16501764489381e-05, 4923.21955859983 
2927224, 63, 2.18631802181945e-05, 2878.70625357716 
2936682, 25, 1.90215323746481e-05, 8052.66046962205 
29430, 50, 2.14054840850226e-05, 7952.06918594967 
29497, 9, 2.00144103754703e-05, 379.344141236032 
3020716, 74, 2.15568345944082e-05, 96840.0731217615 
659352, 1, 7.35894737616731e-06, 0 
182640, 2, 7.61829304526028e-06, 0 
1544730, 3, 8.22003386653953e-06, 4804.5 
3002436, 3, 8.22003386653953e-06, 4804.5 
3075199, 2, 7.9189730675726e-06, 9610 
331696, 1, 7.61829304526028e-06, 0 
2604047, 5, 9.74193611238298e-06, 32756.3379714409 
2840469, 4, 8.63714490538008e-06, 0 
392734, 15, 9.41859041375868e-06, 7304.18008576047 
3031330, 6, 9.3993796409437e-06, 2.64253154253154 
255045, 4, 8.63714490538008e-06, 0 
75309, 6, 9.3993796409437e-06, 2.64253154253154 
354356, 7, 9.79527867567832e-06, 155.722689939988 
2880934, 5, 8.92482618900997e-06, 57639 
160791, 8, 9.7558120250139e-06, 34741.4536480208 
34071, 6, 1.02400262144671e-05, 8091.89641273833 
1736675, 1, 7.61829304526028e-06, 0 
2708539, 3, 9.79153815272841e-06, 0 
2062, 2, 8.57111021590627e-06, 19218 
2954771, 9, 9.39293463456788e-06, 6063.18483977776 
2562284, 3, 8.22010143605172e-06, 19219 
722472, 9, 9.39293463456788e-06, 6063.18483977776 
1141883, 4, 9.38095104081652e-06, 0 
582702, 15, 1.03160848394817e-05, 4476.35167731983 
2997333, 3, 1.2518621449406e-05, 4.17850127574665 
1775411, 16, 1.03162976870861e-05, 4360.11344096372 
2010972, 3, 9.79153815272841e-06, 0 
2026199, 9, 1.07373326318276e-05, 102536.259139715 
41294, 11, 9.81469849246231e-06, 374.747453094162 
56, 15, 1.17622150603402e-05, 375.09752531899 
41297, 9, 9.83883980401031e-06, 878.612546326426 
1002689, 25, 1.03041793751546e-05, 19930.1653312351 
88688, 15, 1.02974946195591e-05, 12297.1561507179 
1643322, 4, 1.17004223852481e-05, 2119.12236629371 
1822464, 5, 1.02433827747275e-05, 888.715062298195 
1076, 9, 1.0255463598232e-05, 1210.1329696045 
1763, 3, 9.40282648964279e-06, 0 
2906474, 4, 9.73633991509912e-06, 0.333333333333333 
3049772, 13, 1.02811905618671e-05, 3224.97019649426 
85006, 7, 1.10544875692287e-05, 1.74998877410999 
13687, 11, 1.02882775365748e-05, 681.344007871412 
2136173, 2, 9.34012048755429e-06, 28824 
119060, 3, 1.10305878200249e-05, 0 
32008, 6, 1.1222462881704e-05, 26.9919558540145 
32033, 2, 1.13168258566837e-05, 0 
1355477, 17, 1.03024808373856e-05, 21244.8467799785 
2775496, 4, 1.03153399420278e-05, 1041.60885517916 
2763107, 35, 1.08104602012908e-05, 14174.9070967344 
560555, 6, 1.03119360659964e-05, 3697.54174270746 
80864, 5, 1.13905595042829e-05, 48.143163331239 
1839, 10, 1.21480113705386e-05, 274.715118705335 
2823693, 27, 1.07979699816435e-05, 7935.42488648285 
2802971, 13, 1.30430812975257e-05, 747.771502962403 
3075825, 44, 1.34652932067596e-05, 31124.1786576163 
94132, 19, 1.23369974215675e-05, 15006.838213536 
1632864, 2, 9.60900940722021e-06, 0 
284016, 28, 1.08088243241783e-05, 3749.96455263954 
182639, 6, 9.75505067748827e-06, 191.17734984933 
722731, 6, 1.02605144621951e-05, 41406.6566025801 
75, 24, 1.08078897595245e-05, 21922.5894591463 
2483403, 6, 9.94648789512423e-06, 4837.19727047688 
1855912, 14, 1.33045954072537e-05, 158.631779409784 
3056648, 20, 1.07831825484974e-05, 2671.15142068112 
53399, 6, 1.39817119208076e-05, 1.19848233928954 
445710, 19, 1.10599893824102e-05, 487.394117655818 
231455, 22, 1.08316544268972e-05, 567.610376173261 
2763498, 22, 1.08316544268972e-05, 567.610376173261 
2830998, 4, 1.45501105808404e-05, 1292.64482663361 
1775, 18, 1.0586267493807e-05, 22103.8794174242 
2903901, 35, 1.1400818578774e-05, 33738.1705173509 
44010, 6, 1.02601986374456e-05, 4330.17195748436 
135614, 20, 1.05046430522291e-05, 242.75606723278 
76892, 30, 1.08091748275937e-05, 1836.13311719132 
41275, 26, 1.08101096145115e-05, 6097.62764134466 
1617967, 62, 1.16061791297687e-05, 13685.2199288103 
292913, 16, 1.13969205520668e-05, 81.4203921320409 
407, 5, 1.14892345871918e-05, 39.5927532405841 
2865838, 8, 1.09313511149978e-05, 3041.10038636172 
1404864, 16, 1.26447827626321e-05, 2038.24285451981 
106589, 20, 1.25764016399628e-05, 11432.5009691513 
3075430, 23, 1.14137010066884e-05, 538.135815009876 
927083, 10, 1.26124080870761e-05, 1414.58702046459 
1762, 10, 1.17308933075254e-05, 26.3132126194552 
83637, 28, 1.13539596934431e-05, 20378.4450370478 
2493678, 10, 1.09917891335173e-05, 11537.0196542242 
339268, 4, 1.08317717529056e-05, 5048.30502360011 
2578107, 3, 1.31118308049353e-05, 0 
2753607, 17, 1.38035751259576e-05, 2226.63491331526 
68, 4, 1.16226362463534e-05, 610.031625756942 
1827, 18, 1.24806549847736e-05, 171.231572332854 
3039158, 23, 1.13497071775548e-05, 9128.05699481989 
2017685, 3, 1.31118308049353e-05, 0 
2994496, 26, 1.14411239760194e-05, 1198.77529832875 
924, 10, 1.55882215398045e-05, 0.575970840850921 
261302, 16, 1.14204792033074e-05, 10700.1674118825 
204457, 3, 1.17027501462844e-05, 13.9087509388623 
2865832, 20, 1.55743832544231e-05, 0.150780954050667 
290, 3, 1.13048000180877e-05, 17061.7982539342 
1325100, 29, 1.13808369467491e-05, 9568.14732348091 
2949664, 31, 1.41101437823651e-05, 3706.59902730143 
1873, 15, 1.21524402099942e-05, 323.442301853751 
76259, 34, 1.55952715136771e-05, 1169.42057087465 
85023, 14, 1.21522925299858e-05, 319.916718789182 
3015177, 37, 1.14137010066884e-05, 22338.3789888444 
85007, 18, 1.23369974215675e-05, 4846.37202735243 
861299, 30, 1.31648235913639e-05, 4281.48367888696 
322009, 7, 1.64252159915903e-05, 9610.80759405858 
1707785, 2, 1.29444811204743e-05, 10264.9315909992 
75692, 1, 1.41860069227714e-05, 0 
53358, 11, 1.50017251983978e-05, 17996.5101703686 
1324796, 9, 1.13832984245515e-05, 126.619552125303 
28214, 40, 1.20069640391427e-05, 46235.991080602 
522259, 28, 1.14441354527872e-05, 1488.4069805653 
34073, 18, 1.27885414668457e-05, 11341.6917426199 
2703788, 60, 1.20111463438071e-05, 43423.5532210906 
443156, 4, 1.45308708350891e-05, 18773.9645052658 
1764, 8, 1.12790435371081e-05, 84521.8998651916 
54571, 9, 1.23304562268804e-05, 57.5544729005938 
1521768, 31, 1.13880948856066e-05, 8576.95298203801 
858422, 30, 1.13873168065409e-05, 8353.03563459134 
134537, 15, 1.19635828537931e-05, 109321.105201342 
288000, 31, 1.13970504433453e-05, 9868.29384343815 
2898149, 32, 1.13984794428423e-05, 9891.9513129089 
1866885, 18, 1.25855819573097e-05, 253.125762264939 
2898793, 27, 1.15981025504228e-05, 2564.52820582764 
338, 5, 1.26404671916674e-05, 9506.81836850183 
370777, 18, 1.58594220826593e-05, 49.3903688030584 
165697, 13, 1.13954919433872e-05, 38.630151179544 
1813879, 40, 1.26905163771114e-05, 51599.6063977583 
858423, 31, 1.14264820147173e-05, 781.850380717726 
3016000, 34, 1.19678782148713e-05, 20144.2289811827 
1849581, 30, 1.1598371588629e-05, 2585.47959252977 
2732067, 41, 1.47039362437324e-05, 1270.58991634356 
191, 12, 1.28691847371469e-05, 9173.69714599606 
3039159, 36, 1.14053696480303e-05, 277.606585023408 
69666, 34, 1.20125891934748e-05, 16133.4670298757 
240495, 116, 1.56208507115298e-05, 637.171486532992 
3015996, 32, 1.15688520228138e-05, 719.892634675614 
496014, 40, 1.42281917391119e-05, 12141.418043587 
2613770, 12, 1.26446228741228e-05, 2.63398749726127 
28068, 70, 1.48418599818929e-05, 10315.076009397 
36861, 77, 1.69084576104968e-05, 165.588305379615 
715471, 155, 1.68112433595589e-05, 102.821391619826 
36873, 23, 1.26753957892335e-05, 32972.6665788644 
2057741, 38, 1.19628672600249e-05, 9594.67062956485 
1542730, 32, 1.1655962607672e-05, 16391.2653893328 
2054227, 34, 1.20995063401413e-05, 168.81644129845 
40323, 4, 1.29669731194647e-05, 6783.88382603008 
1838286, 2, 1.33177072235244e-05, 0 
114615, 37, 1.19620086604943e-05, 9590.08340166038 
33050, 33, 1.20897056156683e-05, 822.053874360754 
155892, 40, 1.16011972435555e-05, 4408.11905137238 
1679497, 30, 1.15943373256502e-05, 5428.7008214825 
2973512, 9, 1.53186274509804e-05, 3.57010651180368 
2732487, 47, 1.50991257606185e-05, 5373.35996501029 
115808, 37, 1.19618655725547e-05, 7609.0300201939 
2528023, 67, 1.45558288816757e-05, 1933.51018780079 
46913, 19, 1.14095338064487e-05, 807.885704099504 
128785, 21, 1.59723996933299e-05, 113.400732665268 
2918170, 29, 1.44940139722295e-05, 573.595952522646 
33882, 31, 1.32184211917729e-05, 17242.1415029356 
3037797, 48, 1.44504494089766e-05, 8996.49660534686 
204434, 76, 1.23277201114426e-05, 13632.0020530875 
646637, 6, 1.16345359565334e-05, 47.4738990616623 
82115, 9, 1.31825252445358e-05, 1.49618960687003 
1274631, 39, 1.19650142981921e-05, 5581.95657815326 
1871048, 20, 1.14096639853956e-05, 817.71781188581 
404589, 32, 1.48756396525051e-05, 829.350142772588 
1933044, 80, 1.27585195013971e-05, 25647.8500033885 
2995304, 56, 1.41600940230243e-05, 11372.8501543132 
2602015, 7, 1.346348030966e-05, 0 
1813, 33, 1.37487282426376e-05, 30518.0345386258 
83451, 61, 1.50053268910463e-05, 2192.05272811895 
39643, 87, 1.44427273646355e-05, 17247.4774839199 
2051959, 92, 1.27800426853426e-05, 25521.9584897519 
1534349, 9, 1.11968290580108e-05, 1338.04117270628 
92645, 9, 1.66002656042497e-05, 2.87845764379849 
44255, 54, 1.26611126585804e-05, 25612.0602287769 
2083284, 23, 1.25423303649818e-05, 95049.6623452067 
2602070, 92, 1.27738391773648e-05, 26540.3234812706 
2558918, 9, 1.161413207591e-05, 613.882568887489 
375, 54, 1.26606317655251e-05, 25632.1798885849 
2950605, 68, 1.27500605627877e-05, 3792.04125283531 
1882831, 50, 1.27211896856594e-05, 483.580175692223 
2840457, 47, 1.48676776687481e-05, 385.723396968298 
165695, 38, 1.16044282498201e-05, 2527.21328450948 
2070, 33, 1.39314572304263e-05, 8513.84918125977 
2567896, 74, 1.45798098792792e-05, 13446.1032111768 
2782654, 54, 1.26659235991488e-05, 25791.9390462182 
33075, 71, 1.23296960729918e-05, 4834.26555327547 
29448, 49, 1.15671123860639e-05, 588.411054781739 
190148, 45, 1.15602927066113e-05, 251.958715204761 
42253, 28, 1.58987567172247e-05, 111.130299993628 
196162, 58, 1.49029075572644e-05, 509.170409350593 
2968500, 50, 1.21213590467763e-05, 1602.88867515827 
2594003, 79, 1.5561053794563e-05, 1208.90464538947 
439387, 48, 1.2656305371336e-05, 21785.5233640307 
709810, 1, 1.42071689374458e-05, 0 
204455, 11, 1.31438861213706e-05, 7857.17328553878 
3036374, 10, 1.29068896977206e-05, 15310.5713000955 
2849501, 121, 1.54042854722184e-05, 7858.27647387392 
231454, 36, 1.22162769674314e-05, 7883.4076634135 
1335043, 30, 1.21503730164516e-05, 12412.3815072934 
358, 13, 1.46625416049618e-05, 250.293159527386 
1447062, 28, 1.15114538966271e-05, 1279.41681107122 
2944128, 10, 1.17227797055238e-05, 819.084515749717 
1391654, 6, 1.34616679006529e-05, 28.947118084415 
1761016, 64, 1.271520484195e-05, 4020.24627964422 
222, 57, 1.42213120582505e-05, 10536.6762439367 
3039153, 54, 1.2665121521841e-05, 20107.8893649417 
191495, 41, 1.38811771238201e-05, 10792.2964834852 
28056, 47, 1.39844492923869e-05, 32737.1329486925 
2843216, 114, 1.53069034134395e-05, 1560.14832298972 
2991972, 58, 1.22794307255916e-05, 2225.58955039394 
53461, 219, 1.65215523650602e-05, 3363.10969111218 
715473, 6, 1.18200515354247e-05, 1708.93345017434 
423349, 71, 1.23505582452327e-05, 2295.65543664735 
1325120, 57, 1.26707381972074e-05, 13882.721037768 
1235591, 22, 1.39842537302997e-05, 319.99062458813 
78587, 57, 1.27914859869271e-05, 28469.6720262206 
2872652, 68, 1.27422622612419e-05, 48024.7727995719 
80816, 16, 1.39842537302997e-05, 840.056698441585 
2840468, 54, 1.2784617548166e-05, 20325.2955155683 
47421, 212, 2.07275365322831e-05, 51.554830316583 
2686094, 57, 1.55489558876121e-05, 1585.06367816822 
164546, 104, 1.4760365466649e-05, 5040.57462259605 
879274, 121, 1.72149632460535e-05, 624.709208039785 
384, 19, 1.3999916000504e-05, 350.721784245908 
106592, 61, 1.4801000547637e-05, 1797.37971757796 
406548, 101, 1.50475502588179e-05, 3700.07614714831 
2654248, 35, 1.21617512921861e-05, 10241.1177613491 
2884022, 55, 1.4159091552686e-05, 16076.4967303981 
420952, 84, 1.34367063945286e-05, 328776.466165456 
85009, 11, 1.28974011736635e-05, 33285.8154750918 
47760, 44, 1.34740019133083e-05, 170.703782398906 
2010829, 38, 1.22261345852895e-05, 8220.70924272308 
2991728, 20, 1.22050944064052e-05, 5358.1718317305 
1750527, 81, 1.53912454595826e-05, 715.370012650508 
2918171, 76, 1.57339081454442e-05, 1657.00017674261 
593909, 37, 1.2187096302435e-05, 3120.88718943673 
2705547, 59, 1.27203805937874e-05, 1212.97036292928 
2991729, 21, 1.25034384455725e-05, 26272.0188033833 
1404367, 32, 1.23117836080913e-05, 14.1155644980119 
2527974, 152, 1.56201187129022e-05, 5189.86640221266 
1882747, 57, 1.20742323806764e-05, 543.256419476534 
40324, 16, 1.43766982474805e-05, 20070.9947737333 
82633, 118, 1.49734221756382e-05, 13196.5116768095 
1197460, 66, 1.26937381789563e-05, 4251.31374954223 
433659, 174, 1.57957920010109e-05, 10312.5593977982 
2771436, 50, 1.80293879022807e-05, 70.1065672250795 
34072, 94, 1.49276011344977e-05, 8799.2100874223 
3074437, 56, 1.29230689704191e-05, 4484.42457927105 
940614, 109, 1.2958907304936e-05, 17734.3112141384 
1850238, 72, 1.23508633253464e-05, 2959.53665383693 
1325112, 54, 1.26770026494936e-05, 3133.45218286225 
161492, 74, 1.5781333838336e-05, 1252.25736229423 
2774151, 63, 1.53167503982355e-05, 7422.51740590357 
1234841, 88, 1.27642193403451e-05, 6825.43210004976 
2806348, 38, 1.21561333770954e-05, 831.626497854336 
391953, 63, 1.54695790727534e-05, 1240.32875554984 
2045, 142, 1.53565011747723e-05, 4504.22121829169 
2997354, 83, 1.29354392228388e-05, 881.564987170315 
1813880, 172, 1.69070282516442e-05, 13252.7817692416 
2201350, 88, 1.26117718278241e-05, 5610.53395699607 
504468, 8, 1.15484109386548e-05, 0 
204441, 32, 1.42541515216307e-05, 1426.52895666248 
2716225, 251, 1.73301214841516e-05, 9722.51907688968 
940615, 120, 1.29740389480649e-05, 15185.8068609907 
1547487, 4, 1.15681828698348e-05, 4461.40696979891 
3014784, 74, 1.29332643559234e-05, 6217.89132206087 
2944810, 170, 1.78743788653344e-05, 2133.76596759448 
2744517, 21, 1.21894731709696e-05, 9400.86551838422 
2830997, 49, 1.75561797752809e-05, 8.54042630720707 
1325095, 54, 1.26826298701299e-05, 1056.53215362616 
94, 73, 1.47279743144128e-05, 3264.61526506922 
2602016, 51, 1.42462318716699e-05, 6446.88513634102 
83627, 70, 1.26945438850382e-05, 5401.27949160629 
135621, 63, 1.47765053564832e-05, 16195.8493877142 
2735134, 89, 1.29402934858563e-05, 14326.5093751513 
244734, 55, 1.28907508862391e-05, 1691.12380343611 
1882682, 147, 1.62098199089008e-05, 1664.99988632484 
69395, 66, 1.26124080870761e-05, 3636.24222691219 
2483404, 46, 1.26773240704352e-05, 5832.37611882672 
2917991, 40, 1.21701879077013e-05, 866.729802209282 
2598579, 202, 1.61186331399097e-05, 11125.473400881 
47420, 354, 1.75765458572081e-05, 3810.4888344083 
161493, 93, 1.61762564907229e-05, 1367.86504300378 
2898431, 145, 1.58363158394831e-05, 15374.6058831642 
1034889, 169, 1.56042755715066e-05, 8336.21419038426 
2865837, 46, 1.2688906089406e-05, 5875.25481058796 
2812560, 112, 1.49577443721487e-05, 11503.1419827609 
40137, 50, 1.26778062324095e-05, 1571.35575547222 
1806508, 94, 1.72753342777183e-05, 1729.00776383483 
2184519, 229, 2.12974400477063e-05, 64.3904681573779 
912, 60, 1.26827907212703e-05, 3165.69139670762 
2684469, 85, 1.3802241484017e-05, 1386.27808445376 
351604, 83, 1.78192768937437e-05, 7264.18869151081 
83656, 72, 1.37976709531431e-05, 1173.42700809447 
92647, 72, 1.43010368251698e-05, 193273.629881523 
3012344, 85, 1.29362759048925e-05, 6497.5862347461 
2763071, 116, 1.29726924823247e-05, 14502.9343317092 
2843330, 214, 1.70241743275451e-05, 13678.9207680104 
2482763, 69, 1.25779834976857e-05, 166.011913181735 
2884263, 136, 1.58318029257172e-05, 1354.0535460383 
2211140, 91, 1.28113149533668e-05, 5806.5264681057 
85015, 123, 1.55021935603888e-05, 14778.9831891356 
310581, 71, 1.25751364402304e-05, 329.427917111147 
1404443, 70, 1.27279901230797e-05, 2363.92217433615 
311231, 89, 1.43069703559574e-05, 142967.058994752 
2486273, 78, 1.27942681678608e-05, 375.538100188554 
2745, 143, 1.54602516928976e-05, 3577.89578316097 
2589974, 46, 1.2688906089406e-05, 5875.25481058796 
2899123, 86, 1.29367779660798e-05, 7942.80988207952 
1387353, 46, 1.4792899408284e-05, 2064.79289924883 
193462, 77, 1.402013291086e-05, 7998.85557987938 
2704468, 98, 1.402839346838e-05, 14985.8514124168 
658062, 15, 1.16692922574246e-05, 38.633095017815 
2748629, 69, 1.27043817412626e-05, 2440.67261732144 
400770, 41, 1.22678312927841e-05, 1229.52277073526 
2705548, 64, 1.28920803950133e-05, 299.627396910392 
2911537, 37, 1.26591893055169e-05, 3582.8547643082 
169427, 85, 1.3448632946461e-05, 49391.7704222167 
1675686, 126, 1.67224080267559e-05, 5252.75020000697 
748811, 204, 1.82225704757913e-05, 8622.841791551 
467094, 75, 1.70648464163823e-05, 181.293680689933 
435897, 12, 1.49342891278375e-05, 45.4964029025569 
2931390, 139, 1.59803122553015e-05, 10047.1897451886 
1592106, 112, 1.29686547614416e-05, 11518.0184608844 
2657486, 41, 1.21703360229776e-05, 1017.19494027821 
1333528, 98, 1.38625116098535e-05, 39944.9582102829 
141349, 20, 1.20238553289727e-05, 2358.17434158874 
1404411, 70, 1.27045431446285e-05, 2691.56870074018 
206389, 161, 1.74134118097759e-05, 1126.25042059018 
380, 67, 1.49837426392364e-05, 5449.87479361502 
2831106, 40, 1.21701879077013e-05, 866.729802209282 
386874, 164, 1.77619893428064e-05, 1657.61416546043 
1725411, 98, 1.40285902669641e-05, 8324.75385578721 
31989, 55, 1.48840532253743e-05, 6093.72561336164 
46165, 141, 1.60374635147705e-05, 971.393378960231 
398053, 80, 1.26047772105628e-05, 656.394123362032 
105560, 172, 1.78743788653344e-05, 375.476185671042 
242606, 40, 1.26599906316069e-05, 5106.34373233432 
3019544, 199, 1.64587379439745e-05, 6821.76918659753 
292462, 22, 1.24181951395184e-05, 17341.2096758894 
2801335, 40, 1.21701879077013e-05, 751.217125564051 
379899, 1, 1.89433404686582e-05, 0 
51173, 100, 2.03185955786736e-05, 19523.2076692557 
558541, 26, 2.11447782969996e-05, 1263.67259774309 
573658, 82, 2.04922232012951e-05, 19984.3203200209 
60217, 14, 2.05225029244567e-05, 1864.27740328649 
74109, 12, 1.97863078749505e-05, 1099.24015312229 
745, 8, 1.89354490541743e-05, 7908.2847133878 
81461, 6, 1.74629784856105e-05, 194.544653343623 
85020, 31, 2.19399284758332e-05, 6801.67305361208 
875170, 49, 2.18007412252017e-05, 12495.148966565 
1442553, 29, 1.99429631254612e-05, 4843.82711038612 
1486034, 96, 1.98775542657231e-05, 61165.1221224716 
1660083, 72, 2.08864196499436e-05, 40976.0147663696 
1884904, 68, 2.17831703226088e-05, 23325.2713021889 
1903414, 47, 2.18871063056753e-05, 1955.02906551944 
206403, 4, 1.74031081951236e-05, 367.732671721403 
212667, 6, 1.98961421380394e-05, 21.6236175711727 
2169583, 21, 2.02351322365892e-05, 2724.39939645214 
2483366, 50, 2.08776984425237e-05, 14489.8655323118 
2506420, 39, 1.90385530699667e-05, 12181.964540669 
2571116, 64, 2.14279592011657e-05, 18591.2960914226 
2576926, 100, 2.25662318905989e-05, 8810.68389952853 
2583805, 32, 2.04632888597855e-05, 12723.7603043426 
2738983, 3, 1.88893086513034e-05, 149.316576130811 
2744027, 89, 2.14573856321346e-05, 10138.4625299324 
2777185, 76, 2.057951926243e-05, 31080.9244621458 
2779362, 200, 2.09226906580186e-05, 38835.7633186218 
2793103, 8, 2.00698430538273e-05, 321.485400341007 
2820710, 263, 2.1117094287826e-05, 158813.535799518 
282132, 39, 2.06002925241538e-05, 42322.8171795239 
2823317, 49, 2.02470135654991e-05, 11244.2437782869 
2855394, 35, 1.91435189616555e-05, 12694.3887483704 
2864206, 127, 2.22192596542683e-05, 36863.0792330335 
3028318, 39, 1.96668436682597e-05, 693.059605018358 
3054208, 79, 2.06936511878156e-05, 45438.9705865596 
31953, 54, 2.13196887325445e-05, 13091.5535725651 
39669, 9, 1.71567786432419e-05, 780.475529322521 
46867, 59, 1.95786670843449e-05, 7154.84185357385 
555319, 1, 1.40548137737175e-05, 0 
626, 62, 2.08541875208542e-05, 2802.02463140948 
651457, 21, 2.07978037519238e-05, 1064.28910569254 
72360, 26, 1.99230968461738e-05, 31169.5219349994 
76594, 149, 2.10619431748773e-05, 14601.1173734186 
810, 24, 1.93858560794045e-05, 3856.47196564047 
82135, 42, 1.99389867006959e-05, 16256.772656443 
83559, 30, 1.89883032052256e-05, 4046.36178864936 
84022, 111, 2.17826958264355e-05, 27415.2174508997 
875932, 186, 2.29074082558299e-05, 19532.1057080175 
1055323, 68, 2.17042149585449e-05, 22161.9684832508 
118883, 12, 1.85085787262396e-05, 822.345528292631 
1304, 168, 2.12454056810215e-05, 26001.21820015 
137583, 24, 2.02852100533501e-05, 3438.40491536859 
142058, 15, 1.89746119691852e-05, 6861.59493517854 
1505907, 28, 1.88928773852258e-05, 25620.3493909291 
1601, 21, 1.88993045055942e-05, 7203.90767588124 
1617283, 50, 2.0987680231704e-05, 436.714584577257 
1642, 104, 2.07904530239714e-05, 21563.5809240134 
169402, 7, 1.47002616646576e-05, 12023.917194346 
1763536, 9, 2.06543291473893e-05, 141.918588824192 
186824, 74, 1.97519159358458e-05, 40032.3816348679 
1879050, 105, 2.12897319622746e-05, 44510.6270747705 
1918946, 57, 2.10291674552604e-05, 3403.9330639382 
2039, 44, 1.99278611426636e-05, 5051.98855633765 
2058137, 177, 2.05939289097574e-05, 93992.2625142087 
225148, 27, 1.87744067287474e-05, 6542.18169275421 
2331, 156, 1.89093109447092e-05, 143679.169192764 
246969, 56, 2.06436696187114e-05, 12060.7967623836 
2547970, 9, 1.9448820429041e-05, 10339.6275872102 
2717, 3, 1.90748688602766e-05, 17404.2037178009 
2722751, 17, 1.94924174496121e-05, 14561.4352004607 
2778054, 10, 1.93573364305072e-05, 1510.91995208782 
2800681, 2, 2.03886068464942e-05, 4.91445281045892 
28135, 78, 2.20672610115632e-05, 4566.97243870157 
2886822, 2, 1.61519576172632e-05, 0.720715717012045 
2918453, 68, 2.03719925845947e-05, 11360.6130282783 
2932259, 20, 1.94882388478553e-05, 5662.84645473751 
2975055, 213, 2.19688481732903e-05, 89950.1829639238 
3023090, 43, 1.97351542302303e-05, 4522.95746962049 
33951, 220, 2.23643601556559e-05, 33912.6052402309 
390641, 14, 1.97262003392906e-05, 863.79603468712 
528191, 96, 2.23803768855468e-05, 27292.0631841702 
53346, 139, 2.12598592597317e-05, 47112.9543529138 
71998, 6, 1.72771250863856e-05, 334.148787058903 
983544, 211, 2.0396092108752e-05, 99201.988776511 
110164, 3, 1.75753102042251e-05, 31.6172208311361 
122420, 53, 1.99187315751733e-05, 18434.024548006 
1273541, 5, 1.91237497848578e-05, 45.5511817324718 
1494, 115, 1.94836824159766e-05, 53358.266009579 
151276, 145, 2.15614825675413e-05, 7964.67746968722 
162, 145, 2.19149262562731e-05, 23202.6055198626 
1643685, 60, 2.00924251557163e-05, 8401.10204520208 
2026188, 75, 1.92122958693564e-05, 13023.7883190393 
2067065, 59, 2.0867678053463e-05, 23901.5107241605 
2081049, 46, 2.11931757973932e-05, 6848.13996999901 
2100821, 46, 2.10499726350356e-05, 12494.7213612841 
2173169, 1, 1.72801105927078e-05, 0 
242703, 28, 2.06645726566375e-05, 26040.3097568601 
246, 238, 2.22424875998132e-05, 38786.3040693428 
248903, 64, 2.13583938487826e-05, 5466.2462774705 
256839, 102, 2.19746412639814e-05, 45095.2916692751 
265668, 66, 2.1988170364344e-05, 12507.4591448962 
265949, 1, 1.66253803055745e-05, 0 
2664899, 46, 2.15183336202444e-05, 11156.9764151923 
2855841, 43, 2.03314018501576e-05, 675.294078367831 
291112, 224, 2.21763910141264e-05, 45671.9166748355 
2925782, 26, 1.89699326567391e-05, 1968.97435949717 
2932255, 235, 2.2248920927335e-05, 38118.3894851198 
2942275, 4, 1.99936020473448e-05, 9639.55805577563 
3047872, 15, 2.01889687474764e-05, 1674.88813718904 
313588, 45, 2.08259574733948e-05, 1306.19557194965 
374982, 6, 1.57942951006097e-05, 783.523632829934 
49899, 4, 1.7999856001152e-05, 55.4264379124937 
71452, 47, 2.07249590682058e-05, 8259.7033128623 
831, 101, 2.19062849131416e-05, 17599.9611844036 
85026, 2, 1.63880694854146e-05, 0 
859143, 81, 2.07671380807011e-05, 31707.4594830759 
944, 16, 1.71582505447745e-05, 14627.5234066717 
953, 148, 2.19775389551878e-05, 37219.0999837768 
103810, 146, 2.18273890077269e-05, 64708.4411126768 
1173280, 1, 1.88398424989167e-05, 0 
1230533, 14, 2.09599664640537e-05, 1627.86648187629 
1278232, 98, 1.95514888458756e-05, 45237.0499914063 
1302, 22, 2.01800056504016e-05, 3490.81763477708 
1316596, 112, 2.14073170209578e-05, 9354.16603235841 
1366, 178, 2.13963241115176e-05, 45159.385824011 
152331, 29, 2.03091045715794e-05, 612.114443528151 
1548, 38, 1.85024145651007e-05, 3419.52376646619 
1563703, 38, 2.15063013462945e-05, 2507.09623208648 
1607, 85, 2.15340884620354e-05, 6806.26450443378 
1622, 1, 1.65425971877585e-05, 0 
1727214, 18, 1.94635836350189e-05, 1665.83865456487 
1778653, 25, 1.92163569630469e-05, 61913.4208443943 
187878, 36, 1.98090408462422e-05, 12514.7173569319 
2018067, 10, 2.03628662770572e-05, 1662.46149120847 
2044467, 45, 2.20099484967205e-05, 3475.14668811576 
2083053, 39, 2.13620439203623e-05, 6000.31875524829 
2086577, 57, 1.94537390086375e-05, 22904.1760927051 
2213226, 8, 1.92503898203939e-05, 180.0448672603 
2289, 7, 1.67754273540118e-05, 651.521245034218 
2317, 8, 1.69531753297393e-05, 454.450015899611 
2320858, 21, 1.83281098220341e-05, 25715.6781665035 
237258, 147, 1.96741953254112e-05, 32793.2384221911 
253703, 75, 2.16820970924308e-05, 8552.4917728669 
2572923, 15, 2.05790957545325e-05, 338.933080866195 
261825, 22, 2.03367770275767e-05, 178.688957026427 
2778059, 64, 2.0106564793405e-05, 48531.1665252684 
2822137, 14, 1.8476433309314e-05, 7926.64151268075 
28446, 52, 2.00192184497117e-05, 32743.6871865268 
2893057, 47, 1.9049796167181e-05, 17126.4671812707 
2898483, 2, 1.86650739136927e-05, 13.4616208190828 
2904122, 21, 1.97964920616067e-05, 2059.20734963972 
2962858, 91, 2.01889687474764e-05, 24722.8888159649 
2976883, 37, 2.16567406605306e-05, 7608.03082907976 
3015170, 22, 2.00160128102482e-05, 100.131643858164 
3032287, 16, 1.96336363457876e-05, 1228.61118944959 
33945, 159, 2.12300702715326e-05, 69469.2560848505 
351672, 6, 1.77374153038419e-05, 46.623894560214 
381751, 54, 1.98838781515947e-05, 51734.7478113388 
47493, 35, 2.0159664543182e-05, 11377.4210207015 
512649, 33, 2.14068587575459e-05, 784.834521144237 
529883, 38, 2.03558197288605e-05, 3304.06664663718 
64160, 20, 1.77402472990473e-05, 38508.2977475878 
754409, 124, 2.10592818784879e-05, 47058.0772840756 
85404, 27, 2.11403082256939e-05, 3414.26951687932 
861, 74, 2.0166982616061e-05, 32052.3592543885 
1028752, 42, 2.06160062672659e-05, 1148.08555935664 
1155384, 12, 1.93012931866435e-05, 9945.86522417577 
116092, 12, 2.05031472331003e-05, 5015.38364544534 
1179670, 17, 1.96024620692359e-05, 20396.668920512 
1184387, 126, 2.08746477403194e-05, 43433.5361798662 
123824, 192, 2.11206623439711e-05, 141790.198148129 
1352, 182, 2.19659527732015e-05, 98879.3233592622 
1514105, 5, 1.62625424858922e-05, 121.866092289571 
1577685, 15, 1.97730058923558e-05, 1177.63658245835 
1602166, 5, 1.79288582903041e-05, 183.728232575898 
1687, 1, 1.69497271093935e-05, 0 
1738770, 2, 1.83140120506199e-05, 146.538799193845 
1748967, 30, 2.08602778589011e-05, 227.895237814594 
188709, 11, 1.82691780696786e-05, 1229.8396674879 
1906744, 2, 1.7520805957074e-05, 24.1884282975622 
2238, 53, 2.06594496322618e-05, 6355.75383759973 
238836, 226, 2.16877399206229e-05, 64012.1431557249 
2576923, 38, 2.17221305065601e-05, 2990.45752328134 
2579791, 12, 1.76211453744493e-05, 1008.41031069386 
2587843, 22, 1.94594173850435e-05, 704.173152308741 
2594269, 196, 2.17765292567671e-05, 68931.0908621301 
2719912, 172, 2.18880644384617e-05, 26809.7712912613 
2778052, 22, 1.96951195493757e-05, 755.367630626326 
28037, 35, 2.1253081696846e-05, 1147.59843669565 
2811482, 4, 1.66333998669328e-05, 180.714098818302 
28124, 36, 2.1180158427585e-05, 1648.1113364028 
2844380, 16, 1.87624301099478e-05, 10296.2382804266 
2898187, 27, 2.10203266558762e-05, 227.982517738651 
2908650, 25, 1.97714421289889e-05, 1863.66981225356 
2924032, 41, 1.98906016907011e-05, 4098.54545320333 
2932256, 10, 1.89580647607492e-05, 1619.82672409444 
300876, 48, 2.02720509233919e-05, 55144.9790231528 
3020715, 89, 2.14546234713581e-05, 15403.0886146507 
3028070, 26, 1.98973297783437e-05, 3148.07473969716 
320912, 25, 1.90817845284891e-05, 9772.83397044251 
388640, 112, 2.15698539720886e-05, 41446.3230411205 
45851, 17, 1.87399272890821e-05, 9763.77561476684 
491950, 96, 2.10159090431457e-05, 13879.8843789552 
51669, 109, 1.98110030310835e-05, 87363.5237688969 
589436, 111, 2.10331482416288e-05, 20694.0207368457 
754397, 9, 1.90919851846195e-05, 858.39902246044 
75984, 120, 2.19384844894915e-05, 54012.2792399687 
768528, 15, 2.00080032012805e-05, 13508.1242435375 
1073986, 20, 1.89014478509054e-05, 28657.8257059321 
1096243, 5, 1.88426824442728e-05, 160.154069584466 
1173273, 24, 2.0884674825613e-05, 667.360673344605 
1196095, 73, 2.09696359671196e-05, 37056.2608949719 
1199245, 2, 1.60965794768612e-05, 16.8454407466684 
1290, 9, 1.72048930715896e-05, 11701.5851803985 
1302235, 35, 2.14132762312634e-05, 34265.7828676774 
1330330, 15, 1.91879653081587e-05, 269.810823903963 
1336804, 64, 2.09837166358905e-05, 6022.7543792025 
1382, 58, 2.15475446572863e-05, 18053.0150632802 
160233, 20, 1.95928603616842e-05, 26309.1535096292 
1755100, 17, 1.54235301375779e-05, 6652.78494098745 
1816219, 27, 1.94427702058989e-05, 1456.1123773369 
190897, 153, 2.15931420180951e-05, 23508.7026804183 
202951, 8, 1.98023723242044e-05, 130.667103214209 
206, 42, 1.80508673441759e-05, 12785.8002317087 
2068654, 33, 1.88093670647983e-05, 18345.842556519 
2070463, 123, 2.0131255787736e-05, 39104.9533569352 
248315, 16, 1.94450385984016e-05, 6782.93097965299 
2547962, 15, 2.11309272250866e-05, 816.226476832948 
2681308, 26, 2.01045436268597e-05, 137.476217433934 
2762563, 36, 1.86157340183923e-05, 3747.83268355979 
2781243, 87, 2.03210729526519e-05, 12403.736691554 
2820661, 70, 1.97796546472299e-05, 37822.3362070924 
293091, 8, 1.9020446980504e-05, 1140.77573300682 
33033, 30, 1.97063750123165e-05, 5329.18312957337 
334543, 7, 1.87497656279296e-05, 156.920593656717 
337479, 8, 1.9083241097668e-05, 173.832136704004 
436516, 66, 1.99234937838699e-05, 71227.0808565348 
461876, 61, 1.97988437475251e-05, 23944.5567774061 
545501, 100, 2.18340611353712e-05, 82435.2664400017 
673372, 80, 2.03202470942047e-05, 11807.0371980594 
81468, 26, 1.97468454414407e-05, 12885.3247752617 
996801, 198, 2.17978899642515e-05, 51483.6257910839 
101192, 7, 1.77746178457163e-05, 449.036451852437 
104267, 257, 2.10190011770641e-05, 83716.5002117026 
1173270, 40, 2.12458570578737e-05, 1423.54318318861 
1216297, 63, 2.08255237619226e-05, 14127.6144643824 
1232667, 8, 1.73731758165393e-05, 2705.49050495356 
1517, 58, 1.96525430390693e-05, 67685.2930268671 
1578720, 7, 1.75404746452439e-05, 268.266849734062 
1585976, 50, 2.11658129788765e-05, 2621.95790963156 
163877, 223, 2.25123818099955e-05, 105529.817005126 
1643951, 14, 1.82645065843546e-05, 1760.56377810079 
1646498, 20, 2.02400469569089e-05, 2711.04780624944 
1670455, 13, 1.80443530197225e-05, 13262.1162793685 
1855336, 78, 1.99596814434842e-05, 13597.1512362056 
1970093, 15, 1.79497765252823e-05, 6761.8294897199 
1987584, 35, 2.15856843741231e-05, 6657.78220492475 
2092, 29, 2.01836714098294e-05, 11525.5225091605 
224719, 10, 1.67554706611709e-05, 10417.4383125511 
229980, 11, 1.8823883743694e-05, 21230.8189593327 
2598455, 14, 1.85301856724604e-05, 12698.9038849506 
2652177, 149, 2.0354576726577e-05, 41363.97300934 
2675233, 54, 1.9902873975002e-05, 10078.2599333086 
2724150, 99, 1.94499552651029e-05, 94017.6554792308 
2795384, 22, 2.02392276710721e-05, 689.214884071702 
2796146, 1, 1.31226707259461e-05, 0 
28197, 26, 1.95251483911278e-05, 9893.45661495273 
2923279, 174, 2.11006076975017e-05, 57552.1845182107 
3003623, 52, 1.95381188699152e-05, 15493.699885263 
3035694, 113, 1.99489307373125e-05, 22706.3026981134 
33039, 58, 1.97644082536169e-05, 13931.5544321902 
409322, 9, 1.79092716299228e-05, 199.221699613874 
585, 9, 1.91644308164048e-05, 567.184588230739 
64895, 12, 1.79381850144402e-05, 3171.64290064163 
702745, 176, 2.13438060274908e-05, 26552.2732584364 
726, 60, 2.0658596041813e-05, 4420.13523876523 
86663, 52, 1.94696468206067e-05, 6020.93972411753 
942880, 12, 1.87343100153621e-05, 8196.61175466892 
104268, 210, 2.13890017752871e-05, 26439.8383240133 
1449, 27, 1.86887941989983e-05, 48391.7996392086 
152268, 62, 1.94238874968436e-05, 9864.95968953745 
186490, 97, 2.01726781247478e-05, 133376.229166212 
187880, 12, 1.86400238592305e-05, 1071.53310192355 
1921582, 5, 1.56983406853896e-05, 425.306251000695 
202746, 84, 2.0884674825613e-05, 3448.9399454878 
2065312, 37, 2.10428854004461e-05, 3653.74874103198 
2067572, 2, 1.75546388133064e-05, 29.8981769048517 
2558174, 94, 2.09727144984375e-05, 17835.2471005613 
2676247, 10, 1.81765304638651e-05, 102.549309654882 
2689110, 16, 2.00702458605118e-05, 2340.30209003784 
2700081, 22, 1.98661024693565e-05, 15368.0732509382 
2720720, 10, 1.83006057500503e-05, 396.889167875073 
2779528, 38, 1.9705986678753e-05, 36293.693177982 
2787628, 81, 2.0598595175809e-05, 18886.62980655 
278860, 37, 1.97406084055511e-05, 20297.1049120184 
2791037, 88, 2.13506415867797e-05, 8876.01070128036 
2837511, 50, 1.96425063838146e-05, 54096.17854783 
2841925, 32, 1.93371234095216e-05, 7816.87861066897 
2885951, 7, 1.63116171337226e-05, 1819.31770566643 
2929796, 71, 2.03334688897926e-05, 34964.589448515 
2946699, 6, 2.02926195742608e-05, 29.5304539383403 
2946797, 8, 1.95236235845373e-05, 1018.16014540822 
2949997, 73, 1.96927924379677e-05, 49036.5231365745 
3059077, 50, 1.96602705253224e-05, 32123.6447733215 
333962, 23, 2.02983862782909e-05, 961.276452197176 
379067, 1, 1.84897566748022e-05, 0 
516075, 29, 2.04089962855627e-05, 1717.36275971265 
53945, 14, 1.99656590664058e-05, 1445.35795331288 
54252, 6, 1.77154195011338e-05, 125.534247850979 
61651, 11, 1.99195251185212e-05, 1083.7557009673 
633, 3, 1.85845970859352e-05, 8.74645273314538 
675, 152, 2.17627856365615e-05, 22175.8305410118 
751585, 72, 2.02171319976548e-05, 6320.08562251309 
90736, 6, 1.86863496216014e-05, 153.667384776115 
90964, 49, 1.93715857580102e-05, 58674.4615878971 
979, 91, 2.15693887235236e-05, 11054.3651004049 
1007, 174, 2.07210940737671e-05, 81236.9963240887 
103808, 1, 1.69497271093935e-05, 0 
111770, 3, 1.64725649430873e-05, 292.281424842765 
112234, 57, 2.11590952370877e-05, 400.523174980329 
1177574, 21, 1.98613676537766e-05, 1817.0947509686 
1328770, 3, 1.76612917468784e-05, 168.722807479896 
1387555, 37, 1.8642456330046e-05, 11006.0361878492 
1442558, 86, 2.13251444778538e-05, 27685.9241991537 
1508420, 9, 1.76192825428149e-05, 2369.9291512576 
1583, 104, 2.09740341457276e-05, 19776.4328464188 
1583341, 4, 1.92652243435375e-05, 26.1944494062183 
1599, 9, 1.85027569107797e-05, 1114.14375256331 
1676142, 6, 1.86330774390698e-05, 15764.2461960413 
1756149, 82, 2.07844033837009e-05, 14771.1579321066 
1808001, 138, 2.15754385207879e-05, 36729.4827147623 
186804, 38, 1.81791739383362e-05, 4095.41244292199 
186818, 93, 1.947116320729e-05, 82568.1631633472 
2079575, 7, 2.06684165926048e-05, 62.1546328961311 
236753, 17, 1.79201835026791e-05, 11828.0524237896 
1383885, 164, 2.30941548694026e-05, 9498.85806490175 
1486991, 29, 2.41103288648857e-05, 2781.09593958823 
219574, 23, 2.39194393283421e-05, 1183.41292437891 
2494375, 468, 2.51010316524009e-05, 93368.2744242845 
2777983, 154, 2.5117423956999e-05, 56736.0825292994 
2867408, 15, 2.34648145106413e-05, 513.528041357485 
2913616, 227, 2.52238617732375e-05, 32997.7267099723 
2983212, 9, 2.24678709445493e-05, 38.0448442288405 
367188, 33, 2.33590282644242e-05, 7909.0528199762 
38293, 335, 2.55473520169634e-05, 58676.2170423503 
413503, 102, 2.45236285160752e-05, 39287.104077333 
553611, 64, 2.41668479180261e-05, 4043.00533580636 
1114970, 26, 2.40540735573569e-05, 146.872497377694 
1513, 10, 2.08938384070538e-05, 409.806648175462 
1709477, 136, 2.48428688544953e-05, 15322.2944584007 
2191, 3, 1.71224080954745e-05, 71.2725588473291 
2516557, 179, 2.45477084714142e-05, 14633.6391891742 
2590900, 355, 2.44618395303327e-05, 101041.217440723 
2672567, 79, 2.14146519048333e-05, 2832.88560755122 
2704140, 346, 2.47157686604053e-05, 30978.9614908336 
278132, 6, 2.2825317842551e-05, 202.682868211866 
2816357, 355, 2.48780973231167e-05, 41446.3869127451 
2821536, 153, 2.40171001753248e-05, 36779.8166332221 
28251, 322, 2.4988130637947e-05, 49753.4433965529 
285983, 165, 2.33089366463102e-05, 31434.5248354494 
2893886, 179, 2.40465541287933e-05, 5617.9014020265 
3074378, 46, 2.32493257695527e-05, 14022.836462033 
36854, 209, 2.42924814769829e-05, 55634.5321217002 
70864, 1, 1.87087238779443e-05, 0 
754477, 92, 2.47948228409908e-05, 11300.2791417375 
1006, 451, 2.44756100545806e-05, 170043.363808825 
1117707, 68, 2.41219606329602e-05, 2401.00152019485 
1310418, 165, 2.37834752414023e-05, 3629.61918960722 
1349410, 62, 2.43872698451408e-05, 31960.2620264849 
153493, 307, 2.56003276841944e-05, 166700.398026071 
1718, 178, 2.51838420469427e-05, 76108.5124196719 
1855617, 43, 2.15313065196796e-05, 152.119740756389 
187327, 86, 2.33448501260622e-05, 12537.1861580665 
220684, 110, 2.3566008389499e-05, 10471.5398739611 
265883, 79, 2.48317647935239e-05, 7398.36842582051 
271097, 54, 2.36686390532544e-05, 882.634791505979 
2912188, 21, 2.32525694089197e-05, 6566.18481206644 
3059078, 353, 2.46901387585798e-05, 48310.323339749 
696485, 232, 2.45978255522212e-05, 109105.50177474 
1096868, 17, 2.16980927376484e-05, 414.580715630158 
1338368, 149, 2.51035521526296e-05, 73704.9962811753 
1796646, 435, 2.56957113857697e-05, 168977.389028303 
2666100, 113, 2.50915842826316e-05, 26695.3014750005 
2741553, 130, 2.38498413985547e-05, 9474.32613331781 
2745514, 5, 2.06087834635121e-05, 40.0728240045772 
28087, 185, 2.41522558206937e-05, 6962.29998824535 
2937774, 130, 2.4805893880386e-05, 24439.9771834497 
3070682, 117, 2.39819655618975e-05, 14148.4643482929 
39948, 12, 2.17988403016959e-05, 702.316502405481 
1104324, 23, 2.27272727272727e-05, 8213.91753577919 
1476025, 127, 2.19293436547444e-05, 17181.7023145921 
1500254, 104, 2.38282460028117e-05, 38378.7566092343 
1515, 57, 2.27966990379793e-05, 12364.2691296101 
1717717, 369, 2.47948228409908e-05, 68132.591019331 
1754, 162, 2.34290801743124e-05, 34553.8726335784 
1784713, 141, 2.36759239529323e-05, 4023.02463558573 
2010992, 418, 2.46937969182141e-05, 184273.626582967 
219181, 165, 2.49028787727861e-05, 147623.731292555 
2306165, 4, 2.20473135348458e-05, 85.4703070335179 
28118, 340, 2.49283310482363e-05, 36096.1685393622 
2847778, 172, 2.35139202407825e-05, 46832.01636227 
2880221, 155, 2.36921910538287e-05, 26771.049371487 
3040348, 203, 2.472738062857e-05, 14636.1234674501 
485, 103, 2.48243675992354e-05, 37161.5498255105 
76853, 136, 2.28242758998471e-05, 27430.5210029654 
1272, 63, 2.33836080907284e-05, 11930.3690304423 
1827305, 7, 2.16830373598734e-05, 25.3320145974373 
2026240, 10, 2.3065922406237e-05, 13.1390519655113 
2246, 66, 2.31701383257258e-05, 30812.6957011921 
2487074, 421, 2.53865096087939e-05, 66297.5356706497 
2594913, 58, 2.38726157225047e-05, 24358.3307324845 
2666138, 356, 2.53068455017082e-05, 100644.317219451 
2675054, 84, 2.37812128418549e-05, 3539.78123528663 
269673, 50, 2.40165233680772e-05, 18935.449097515 
2742676, 46, 2.44128704653093e-05, 4286.72191351307 
2811425, 13, 2.27025063567018e-05, 1313.56911520351 
2829187, 444, 2.51990726741256e-05, 72876.8249227319 
2963940, 11, 1.99377940824627e-05, 92.7307243639124 
2983229, 49, 2.45537358509097e-05, 7044.28309775797 
3070679, 78, 2.20346825903973e-05, 20135.2860279508 
3075221, 29, 2.2456770716371e-05, 301.989929617795 
411483, 16, 2.14477211796247e-05, 27.0657575123865 
45497, 83, 2.26085776943772e-05, 5994.61211493954 
53409, 6, 2.24709001842614e-05, 6.97283707953812 
693075, 52, 2.27040526734022e-05, 1550.72198160619 
71667, 60, 2.3566008389499e-05, 4268.06969146265 
97477, 90, 2.30749705794125e-05, 14419.4974882913 
1017, 250, 2.46816072662652e-05, 28009.6203071555 
1069494, 91, 2.41260344037251e-05, 36872.6902946248 
143223, 251, 2.45314493180257e-05, 37385.6107484643 
1702043, 61, 2.31588698471515e-05, 8324.46926006065 
1751095, 219, 2.35471413770368e-05, 22439.3049020498 
1862358, 35, 2.45730433714215e-05, 5352.73667966791 
238, 342, 2.46165965093666e-05, 48001.4478725138 
2654676, 316, 2.37349283205165e-05, 83734.8204061639 
2906076, 254, 2.23974198172371e-05, 18557.0003078547 
2929510, 251, 2.21341773832975e-05, 41893.8478317347 
2986829, 292, 2.443315089914e-05, 26512.8777168178 
3070678, 99, 2.39366158412524e-05, 58736.3565516008 
408139, 209, 2.47426761678543e-05, 27203.193825394 
47715, 250, 2.46475401754905e-05, 41181.499506706 
632773, 159, 2.4030374393233e-05, 46317.8018353683 
84030, 75, 2.39854168665451e-05, 8261.8075222584 
115782, 1, 1.82638394243238e-05, 0 
1355330, 297, 2.46062992125984e-05, 52216.1955814686 
1758374, 105, 2.24497126436782e-05, 11096.332346863 
197222, 7, 2.15266715460456e-05, 0.43783963440784 
2576917, 131, 2.3761999809904e-05, 17837.3221031488 
2662364, 2, 1.99203187250996e-05, 0.136526186375694 
28119, 253, 2.48787162582411e-05, 30730.810086306 
288965, 81, 2.2367361546032e-05, 16039.6293950628 
2935863, 7, 2.21699995566e-05, 691.815991938395 
29375, 179, 2.34197522190215e-05, 56231.0102533611 
3031997, 226, 2.42683104402272e-05, 11112.4860777458 
3070660, 444, 2.42901212077048e-05, 94471.3560566109 
66228, 10, 2.26623759234918e-05, 983.032396076417 
666507, 41, 2.18541020149482e-05, 16530.1771083044 
1658616, 171, 2.48311481922924e-05, 12406.2532198805 
1731, 33, 2.25270888243112e-05, 15363.9557286424 
1761453, 474, 2.49171504746717e-05, 142189.627854854 
192389, 64, 2.33394015777435e-05, 14167.409603366 
2175622, 32, 2.33945490700667e-05, 16826.0259375293 
2283318, 127, 2.50475904218014e-05, 9865.62052725646 
28090, 132, 2.49388996957454e-05, 33009.4974459062 
28111, 166, 2.46773437307208e-05, 10576.4528345851 
28188, 413, 2.40044168126935e-05, 66398.8050959687 
387090, 226, 2.4500196001568e-05, 24092.8409545926 
411153, 466, 2.46250831096555e-05, 95922.1615377812 
474394, 144, 2.46980661414211e-05, 30771.0609073929 
780, 197, 2.42060418280403e-05, 11114.6291518079 
824, 91, 2.41627603537428e-05, 17915.0524045772 
1144323, 45, 2.37456367392492e-05, 5336.04717564274 
114529, 63, 2.34120759487744e-05, 11194.7984363797 
1453352, 130, 2.34197522190215e-05, 9867.72180421757 
1727145, 151, 2.30414746543779e-05, 13171.0373680578 
1795053, 3, 2.06803846551546e-05, 4.84667516473337 
1852377, 18, 2.34582092003096e-05, 693.077787510616 
191026, 122, 2.34192037470726e-05, 10185.0237242741 
2507160, 52, 2.20648264601399e-05, 3890.17939465346 
28123, 240, 2.49420098271519e-05, 37147.0440958672 
28127, 73, 2.37761240162629e-05, 7931.42948799919 
2814294, 35, 2.41452578713541e-05, 430.88030922731 
2955314, 34, 2.10583949291385e-05, 4285.03837676009 
3075222, 35, 2.41440919407021e-05, 14324.1751196679 
362787, 30, 2.20940765780694e-05, 2927.84501018596 
545, 226, 2.53903770470991e-05, 30195.9557594918 
551989, 3, 2.22915737851092e-05, 62.6631203103149 
57706, 162, 2.51369966316425e-05, 35568.0909722956 
915, 135, 2.41861365065544e-05, 23018.4651642415 
91604, 274, 2.47714830686913e-05, 46462.7829057482 
1085622, 27, 2.1654395842356e-05, 10161.620000022 
1238, 412, 2.53312055120703e-05, 74847.6243978011 
129577, 67, 2.42930716159751e-05, 20226.3218941938 
1389011, 191, 2.55689082076195e-05, 44555.7182026219 
154116, 69, 2.30888227009305e-05, 30538.5177338548 
209, 45, 2.29100323031455e-05, 1206.56257790928 
2518971, 150, 2.47078299112989e-05, 22263.8308103263 
254758, 85, 2.39549646664271e-05, 10329.9379496225 
2856519, 65, 2.31417198926224e-05, 433.860490246052 
291645, 288, 2.49078409883431e-05, 48634.6031356053 
32064, 18, 2.10979366217984e-05, 284.060166147829 
33025, 475, 2.50815149235014e-05, 72352.4001855841 
33060, 221, 2.4817590708294e-05, 26372.0896996697 
40520, 135, 2.4062755666779e-05, 10136.4707054987 
44000, 199, 2.42494786362093e-05, 68107.6312190358 
747548, 8, 1.82059824858448e-05, 1290.32728683463 
1055104, 53, 2.43961941937058e-05, 3588.07619777661 
1259844, 44, 2.28128208052926e-05, 10863.0869859198 
138851, 48, 2.26994143551096e-05, 1389.714083526 
160386, 28, 2.34725254090088e-05, 485.836586707138 
2042057, 23, 2.37925291458482e-05, 1931.61955859594 
2051, 35, 2.34022138494302e-05, 4109.38251051793 
2069256, 18, 2.15373349701708e-05, 1022.23323546058 
230089, 25, 2.23049985501751e-05, 9676.58733753706 
2478464, 113, 2.47420639829775e-05, 6462.64581508206 
253237, 11, 2.25647042895503e-05, 1666.22783412925 
254, 395, 2.50294095562286e-05, 78824.0948079652 
2654325, 146, 2.24340998317442e-05, 1521.5421027117 
2835869, 10, 2.07559310072853e-05, 7320.0045087498 
2908645, 407, 2.49706594751167e-05, 44547.2951261311 
3029174, 22, 2.12336766111052e-05, 3543.62466530446 
3047873, 172, 2.44714173844949e-05, 118084.341886466 
51366, 337, 2.51395243601991e-05, 36024.7482662475 
86188, 102, 2.45019969127484e-05, 25210.9583895816 
96230, 179, 2.40859386290284e-05, 15489.5928041151 
101385, 308, 2.4152839166244e-05, 53001.9357042387 
131318, 33, 2.32131665080434e-05, 10969.9216909621 
13373, 44, 2.27210760701627e-05, 14084.5117363055 
1424294, 181, 2.31299440255355e-05, 40217.0683208748 
142877, 102, 2.19139657703855e-05, 22537.0801443703 
152161, 3, 2.11868895527448e-05, 17.4852873226126 
169669, 127, 2.50018751406355e-05, 34651.680363913 
2066483, 11, 2.07430147897695e-05, 3107.03134898937 
213849, 43, 2.35787885218457e-05, 5448.63355535114 
2502791, 24, 2.31669176416078e-05, 909.428144940165 
2562285, 411, 2.45495163745274e-05, 82415.7433044576 
2609667, 48, 2.32401403704478e-05, 3343.79301957362 
2745509, 120, 2.45218244237371e-05, 24876.2098200385 
28113, 367, 2.4913425845188e-05, 110186.399303291 
2986838, 65, 2.28728270814273e-05, 165.70734556927 
330734, 26, 2.30760355370947e-05, 6294.43055038655 
343403, 195, 2.39739163789797e-05, 26583.1897616351 
373687, 27, 2.37247924080664e-05, 4394.0670644493 
398743, 127, 2.44075077493837e-05, 7156.59883254367 
44935, 150, 2.46117496492826e-05, 38666.005160583 
454, 248, 2.46262959588248e-05, 16696.101701195 
459472, 125, 2.43391909652923e-05, 33834.4189568848 
563798, 50, 2.11095161698894e-05, 7239.81634236931 
712036, 267, 2.50181381501589e-05, 92112.8743013506 
1230341, 184, 2.35621215334229e-05, 40214.3138838078 
1232427, 109, 2.36877013454614e-05, 43640.9622499068 
1236046, 280, 2.46038775711052e-05, 19329.6268379443 
1761789, 13, 2.12906385062488e-05, 99.3282643828003 
2604941, 44, 2.38914373088685e-05, 5052.82491604056 
2724191, 250, 2.5082144021671e-05, 44743.4462946143 
2917790, 137, 2.44648318042813e-05, 37757.8460630729 
2976127, 149, 2.35748974491961e-05, 22004.7215457864 
421767, 65, 1.96394202443144e-05, 2364.60193883144 
497, 128, 2.49239818553412e-05, 28719.4784431976 
497725, 126, 2.49662955010735e-05, 31928.911128875 
671990, 96, 2.4634789249378e-05, 14518.6825052427 
680, 6, 2.29215852568364e-05, 53.7003574209614 
996, 232, 2.22202470891476e-05, 16247.4008598093 
1050646, 23, 2.39744911414255e-05, 11299.6797766701 
126385, 136, 2.48595435787799e-05, 55190.8505567166 
1331736, 2, 2.13524651421007e-05, 3.16375134750993 
1402861, 96, 2.2824796859308e-05, 21789.5884357484 
1592897, 204, 2.39624269145979e-05, 31867.00961513 
1827300, 25, 2.32921063051732e-05, 12579.6045197925 
2202721, 370, 2.44588479882598e-05, 69058.2239887803 
2730851, 61, 2.42889412450511e-05, 8698.51284077552 
29471, 16, 2.30547550432277e-05, 114.480899365103 
2982533, 22, 2.36272564029865e-05, 1076.52866228226 
3019933, 2, 2.01616968084034e-05, 0 
3048493, 75, 2.45501190680775e-05, 7826.91572598166 
458033, 24, 2.1948596387261e-05, 1788.14455009766 
486, 8, 2.22905800008916e-05, 40.0362683610076 
54291, 57, 2.44361361581507e-05, 6553.94535646975 
889453, 205, 2.42777373148823e-05, 38319.8527123523 
1295392, 1, 1.96529292691076e-05, 0 
1524258, 158, 2.46493628139713e-05, 42184.3934167101 
178606, 175, 2.45368666421298e-05, 24950.6783157044 
1858656, 269, 2.46056937575355e-05, 129280.250545767 
2058136, 80, 2.34901693641211e-05, 33785.4872962536 
2282170, 339, 2.44224100034191e-05, 50319.0029678637 
2745498, 34, 2.29959067286023e-05, 8929.12503614568 
2853432, 157, 2.46706468643608e-05, 34729.3741593632 
2920939, 9, 2.18531468531469e-05, 0.4326619943861 
3024411, 29, 2.18488496580655e-05, 4211.76060773471 
3032586, 420, 2.45543387516574e-05, 65771.2296281423 
3046369, 24, 2.13146900844062e-05, 6403.78469527641 
3070659, 359, 2.39566863111494e-05, 54687.7005984983 
3070997, 67, 2.19702961595922e-05, 27479.2295820445 
387661, 153, 2.48861458825872e-05, 27375.1529635412 
1697053, 200, 2.46998962604357e-05, 46299.8375297245 
1763534, 201, 2.33132839091714e-05, 13556.6209328671 
1855909, 115, 2.36675186973398e-05, 15638.55684486 
2194, 24, 1.95928603616842e-05, 1979.66695493083 
2249356, 123, 2.32115500673135e-05, 1098.02860817011 
2264, 35, 2.17249619813165e-05, 5109.32015179093 
2675229, 182, 2.33956437311373e-05, 48142.6134082614 
2745503, 6, 2.21606648199446e-05, 20.8698011603741 
2800686, 14, 2.31900190158156e-05, 1153.07639812937 
2813843, 4, 2.0639834881321e-05, 2102.64272358128 
2842348, 66, 2.44241994968615e-05, 4852.38542977608 
2954078, 16, 2.28613232133876e-05, 429.631588419333 
2977321, 230, 2.42606564933647e-05, 10973.6496063733 
2994078, 76, 2.19428170188489e-05, 7740.67390959222 
3070683, 415, 2.45519273262951e-05, 149147.706335575 
356322, 137, 2.29826940313944e-05, 6875.91227746138 
1124835, 226, 2.45724395517987e-05, 12716.9643983882 
1263979, 53, 2.33241591640621e-05, 3730.71587671795 
1408191, 38, 2.37766893337772e-05, 1372.42196128755 
1509244, 206, 2.45941957697983e-05, 43316.0493077768 
171523, 136, 2.38595151746516e-05, 22930.0956556584 
1716543, 41, 2.11608862179148e-05, 4836.8752263686 
2049305, 191, 2.30765680527992e-05, 23248.7881495496 
2211106, 90, 2.3983115886416e-05, 2440.21686845781 
2320, 31, 2.21518286334537e-05, 13666.1062164541 
2499157, 17, 2.26572412543049e-05, 2769.60887868956 
2675231, 47, 2.17400756554633e-05, 23480.4037799926 
2731756, 75, 2.37699072973615e-05, 10289.9197041336 
2867021, 47, 2.42253930570024e-05, 2220.56871220873 
2983606, 237, 2.4528440727023e-05, 15534.5988387343 
40216, 70, 2.19640229304399e-05, 1257.01993866519 
53336, 75, 2.43457090687766e-05, 17737.4792625232 
89373, 191, 2.40246011916202e-05, 55698.1368559601 
1572645, 84, 2.37231039309183e-05, 12943.4097423545 
184755, 282, 2.50093785169439e-05, 95529.0040656961 
1874361, 76, 2.42465388065854e-05, 2078.96723687748 
191303, 60, 2.03886068464942e-05, 3016.05487601 
2506452, 19, 2.1779849283443e-05, 14595.0066602947 
2735317, 57, 2.30409437570563e-05, 5399.87919306245 
2758037, 294, 2.45489137105683e-05, 28183.9072576147 
2762277, 82, 2.41178882377059e-05, 9201.30217761831 
279359, 412, 2.40448195436293e-05, 91210.287234627 
2966586, 278, 2.37597414940125e-05, 128918.783266528 
2982615, 52, 2.1580094520814e-05, 301.789896942444 
38875, 194, 2.31278042462649e-05, 74461.2370211306 
568, 85, 2.46590881069218e-05, 18379.5530973089 
105841, 66, 2.26922029590633e-05, 4809.10144343018 
1500687, 51, 2.35106032820802e-05, 3659.96075521301 
1798225, 306, 2.27754116655659e-05, 56184.262253564 
2039166, 292, 2.45579567779961e-05, 22583.3503394998 
2199, 19, 2.15894125520845e-05, 856.30196122009 
240411, 9, 2.04746012571405e-05, 443.005662875141 
2487072, 133, 2.38418806475455e-05, 5242.51003390494 
2562892, 12, 2.20799293442261e-05, 713.946837645516 
2709396, 133, 2.4704167593073e-05, 18268.3743582586 
2731220, 4, 1.82298787713062e-05, 1.21913190853797 
2808963, 4, 1.87020759304283e-05, 13.1119231666311 
3070815, 377, 2.44648318042813e-05, 82349.3311475277 
40576, 72, 2.43747867206162e-05, 5016.08359462415 
43657, 103, 2.43944088015027e-05, 17745.597770248 
59739, 291, 2.31535077564251e-05, 57419.877352833 
76123, 24, 2.25774406213312e-05, 247.675241041463 
83561, 40, 2.25418150669492e-05, 1893.7880244191 
882626, 208, 2.46749080859674e-05, 51620.3480841805 
1152, 2, 1.7904141227866e-05, 9610 
1612552, 25, 2.22523865684595e-05, 7243.80990760153 
178399, 30, 2.37259181930341e-05, 226.589833275637 
1913577, 245, 2.34109797495025e-05, 29974.39506004 
2020965, 65, 2.35023149780253e-05, 22389.6391392861 
2696063, 37, 2.17746325530757e-05, 9673.49800551653 
2705471, 251, 2.45446958912179e-05, 24676.3957883805 
28082, 251, 2.33116534955824e-05, 21090.4718106036 
2831148, 163, 2.42083857848359e-05, 21961.1160857906 
2983267, 15, 1.87754642233529e-05, 723.745744697982 
39491, 53, 2.20356536876666e-05, 11231.714025767 
566027, 38, 2.31717490036148e-05, 1413.03244043499 
571915, 4, 2.0354576726577e-05, 8.63517935436687 
64104, 127, 2.23758698619409e-05, 36478.8836911134 
907046, 153, 2.31722859460086e-05, 2841.34258786502 
1131703, 267, 2.46992861906291e-05, 20641.4582254303 
1324352, 158, 2.42148340073129e-05, 5864.70319980716 
1421, 86, 2.13260540402209e-05, 8845.14718861318 
1464, 190, 2.46172025011078e-05, 34820.4641898227 
1499687, 9, 2.30154894243826e-05, 80.1557872365454 
1499973, 115, 2.4204870019848e-05, 8115.19249968086 
1522, 77, 2.37665177298222e-05, 8995.79613071252 
1852373, 27, 2.23204321235659e-05, 10897.5895394095 
187492, 67, 2.38089569295969e-05, 9166.68324435549 
1884913, 4, 2.15326974010034e-05, 325.384239991214 
1963360, 4, 1.84318206952483e-05, 75.372758185857 
2099786, 61, 2.40205616007302e-05, 13501.2767156487 
2492396, 11, 2.26121562952243e-05, 2389.26758641248 
2588536, 91, 2.35316265060241e-05, 5051.9177754647 
2594454, 4, 2.08042940062829e-05, 36.8396062485229 
1401, 55, 2.39721922569819e-05, 8281.3634238706 
1442554, 192, 2.52678390944006e-05, 33543.8318813172 
1563479, 337, 2.42394861228942e-05, 33514.8863881984 
2071710, 172, 2.5904051393638e-05, 29420.4452006139 
2072409, 36, 2.46517934179712e-05, 3734.57465372935 
2763667, 129, 2.53036437246964e-05, 53115.1548183743 
3032582, 47, 2.43908388009464e-05, 9215.33263290443 
3036302, 117, 2.56897703334532e-05, 15884.3560098836 
339617, 77, 2.48923406267891e-05, 7735.3544293297 
595468, 49, 2.42606564933647e-05, 3086.95602522699 
673, 119, 2.54439977609282e-05, 32126.6023992051 
75588, 20, 2.33062204302328e-05, 44.9308422271784 
81408, 116, 2.43072435585805e-05, 35112.5083896947 
857252, 103, 2.58665287118469e-05, 20934.1114216081 
1380685, 134, 2.44654303469198e-05, 28945.2810693269 
1855380, 40, 2.45254328738902e-05, 986.532162876774 
2583587, 323, 2.52684775742262e-05, 50993.6621118358 
2651972, 159, 2.51073338522182e-05, 28193.4565720578 
283686, 148, 2.57440016476161e-05, 28672.1430168362 
487173, 125, 2.51332059917563e-05, 28244.3126840258 
51197, 185, 2.46840442338073e-05, 18543.9744338454 
682956, 79, 2.52327723246953e-05, 16615.655794135 
141451, 137, 2.58044538487343e-05, 24403.9250982117 
184117, 29, 2.33874362692362e-05, 1599.74410695899 
2080757, 4, 2.14956686227725e-05, 51.7753542403817 
2213202, 145, 2.53588274078207e-05, 88701.0112830127 
250, 122, 2.41481731906981e-05, 5978.87630430096 
2859001, 8, 2.3488514116597e-05, 92.3117791088247 
3050637, 14, 1.94597960613373e-05, 3446.31738132424 
53419, 9, 2.39710429800801e-05, 94.6012005668716 
69221, 32, 2.51249968593754e-05, 1987.36369264166 
104, 386, 2.49968753905762e-05, 70374.609714194 
120831, 118, 2.47770069375619e-05, 3985.16075642854 
2662033, 94, 2.4876240702505e-05, 7415.28332743618 
29362, 134, 2.3095755000231e-05, 15291.4703930202 
3039116, 90, 2.35056295982888e-05, 4860.16027896367 
36845, 169, 2.30446605521501e-05, 20283.7588272282 
521520, 93, 2.50576325548762e-05, 18828.6800839475 
839, 218, 2.57486417591472e-05, 37523.8843742809 
1045808, 11, 2.09956119171093e-05, 163.019745472531 
1536769, 270, 2.62632629477886e-05, 73472.2664314935 
2059875, 54, 2.34005709739318e-05, 3726.04915498662 
265488, 60, 2.40760804141086e-05, 16331.6084504831 
2832500, 27, 2.45212231186092e-05, 1527.87189600797 
2849039, 35, 2.29431468820263e-05, 5978.72969291865 
2895471, 112, 2.53620431661975e-05, 17802.28435125 
568768, 81, 2.56200040992007e-05, 5094.89063084812 
76759, 62, 2.5333130668288e-05, 12018.4784368198 
877455, 1, 1.81402604941407e-05, 0 
1118963, 130, 2.46950165456611e-05, 25668.3060769486 
1295642, 133, 2.46323619971919e-05, 49434.3425274061 
1416627, 92, 2.50093785169439e-05, 4415.05714580749 
1490, 211, 2.43605359317905e-05, 19272.3331713094 
1496, 218, 2.41621765288617e-05, 36496.2604545537 
1615674, 26, 2.37981913374584e-05, 9033.59608131322 
171, 149, 2.58618460185688e-05, 55752.7674086709 
1717, 85, 2.53994056539077e-05, 42224.2987499702 
1871025, 54, 2.38937207301921e-05, 5140.58985438161 
215591, 51, 2.38163284748023e-05, 9810.33097541319 
2338073, 66, 2.49731538596009e-05, 8165.65757971448 
2905121, 535, 2.46093269349083e-05, 152466.519735659 
2977320, 188, 2.55911556965913e-05, 56762.6217050696 
300181, 6, 2.31245953195819e-05, 975.989466493555 
3047875, 142, 2.46438957070334e-05, 34053.3817032984 
3072790, 91, 2.20094640695499e-05, 1862.34335987818 
324767, 82, 2.47243237897444e-05, 19037.6218688733 
36739, 39, 2.37806473092198e-05, 3778.20067119128 
371142, 2, 1.99429631254612e-05, 0 
48075, 5, 2.20852934031229e-05, 546.953766987909 
52694, 20, 2.36529637163537e-05, 3623.39896948999 
55601, 32, 2.32769255836689e-05, 3104.31936952708 
678932, 9, 2.29147571035747e-05, 2889.0991457934 
1094892, 2, 1.65609525859927e-05, 2.76298854054487 
1163398, 150, 2.51186857903594e-05, 45912.6422152627 
1478, 429, 2.61465251268106e-05, 108932.129252067 
1639108, 144, 2.57918085216135e-05, 35772.521150212 
2662448, 246, 2.56311674996796e-05, 39413.9292535739 
28262, 24, 2.23463687150838e-05, 2473.17338063863 
2853439, 5, 2.07099366275939e-05, 5.52428374026428 
2857064, 101, 2.48471897828356e-05, 3121.06706492106 
2966552, 91, 2.51407884151247e-05, 39508.8669735253 
43674, 95, 2.37124158209238e-05, 3292.39363040745 
1178778, 286, 2.45386729485669e-05, 83238.6111910579 
129958, 166, 2.47078299112989e-05, 30812.9921565921 
1444684, 27, 2.31208526970475e-05, 3497.71986947476 
153265, 380, 2.54692713241474e-05, 73664.0338623828 
1705, 13, 2.33677618357714e-05, 102.300762196502 
1987356, 50, 2.48558361503281e-05, 17496.2137943844 
2528037, 121, 2.51933590305595e-05, 27478.5812131633 
2795738, 9, 2.34241409196318e-05, 1141.33125634963 
2932253, 222, 2.55832992222677e-05, 43376.8294570666 
2976884, 41, 2.44768082242076e-05, 564.658411146332 
34037, 72, 2.50438266967193e-05, 11023.688271181 
38290, 154, 2.55108548687467e-05, 27543.2878660523 
454154, 247, 2.51990726741256e-05, 50067.4407811648 
633404, 52, 2.18579234972678e-05, 9410.00195485521 
1400865, 10, 2.25093413766713e-05, 11123.307971901 
1563, 122, 2.45416840503595e-05, 29426.0083577325 
1968541, 11, 2.34615113905638e-05, 12.5374846487497 
2733484, 22, 2.40448195436293e-05, 294.357562485006 
2761580, 454, 2.57142122451079e-05, 154198.435143095 
279826, 39, 2.28076177443266e-05, 4120.75046962919 
2823902, 337, 2.53222253171609e-05, 140987.016539191 
2878915, 208, 2.54660283182235e-05, 37346.7470220134 
29533, 249, 2.48274492278663e-05, 19266.8041540879 
386490, 69, 2.20424537659532e-05, 5498.99824483365 
52972, 40, 2.38129256560461e-05, 10460.8915608506 
58138, 143, 2.45398773006135e-05, 53462.7133641279 
674, 334, 2.64578262249974e-05, 221648.162122197 
84032, 207, 2.47261578023391e-05, 83052.9315130586 
1534, 152, 2.38902957618615e-05, 30337.3836093131 
1548602, 87, 2.42812742812743e-05, 29542.5571601503 
2305987, 2, 2.07882920339265e-05, 0.147474001118391 
2530390, 177, 2.58184446968915e-05, 43413.3416420488 
2661553, 10, 2.27432964133822e-05, 75.8040614837337 
2707005, 89, 2.4867580135777e-05, 45690.6992226235 
2893202, 432, 2.42859918399067e-05, 74498.7207712638 
2895489, 71, 2.45966155057064e-05, 27032.0554610622 
2934937, 32, 2.45869394177813e-05, 13873.3900799984 
2939415, 2, 2.05752849676968e-05, 0 
2982691, 15, 2.25942746108136e-05, 350.923059363587 
3027472, 89, 2.49047393719025e-05, 41826.8257319601 
77021, 1, 1.63465467919902e-05, 0 
2907623, 10, 2.19997800022e-05, 180.841522179043 
29423, 76, 2.32823449977882e-05, 536.649317108263 
3003258, 234, 2.45086025194843e-05, 10955.7832859066 
3051123, 13, 2.36177700101556e-05, 247.722987207121 
33907, 59, 2.38237045860631e-05, 2230.4419875831 
1621989, 2, 2.02159058747422e-05, 2.97831654562471 
172713, 185, 2.5652865425068e-05, 41431.5171571991 
1765964, 39, 2.3999808001536e-05, 7917.70522722668 
189426, 183, 2.47825332705509e-05, 31005.9420367365 
258224, 35, 2.33666697822226e-05, 8728.70993685611 
2665646, 158, 2.52985225662821e-05, 43330.9928050843 
42817, 126, 2.53536838902693e-05, 37162.645881448 
1033922, 77, 2.32606824684236e-05, 9892.75711184365 
1075398, 24, 2.32342007434944e-05, 3822.19787482927 
1697, 47, 2.40783992680167e-05, 7837.41040838897 
2830993, 135, 2.47567647859778e-05, 37771.1280991417 
2949635, 288, 2.45639891918448e-05, 34862.4147611579 
359370, 41, 2.41021932995903e-05, 2245.78476844164 
37637, 95, 2.53929559940073e-05, 26011.7046899801 
46503, 287, 2.62116327226023e-05, 84104.4448438761 
51515, 228, 2.44116785470169e-05, 11252.5251660769 
60478, 99, 2.52308623908765e-05, 20755.0231706831 
98228, 107, 2.50526104820122e-05, 13842.42321041 
1442556, 104, 2.5593120569191e-05, 14774.970682896 
1569, 77, 2.38231370306842e-05, 19952.6894339533 
171695, 84, 2.32207128758853e-05, 3832.63480349007 
1920191, 47, 2.42394861228942e-05, 2786.86849368064 
1940790, 70, 2.4270077421547e-05, 18863.7120355543 
199, 306, 2.49968753905762e-05, 19611.215454914 
2027857, 577, 2.55017468696606e-05, 207784.113408611 
24, 160, 2.51388923804017e-05, 42956.1608092993 
2497875, 26, 2.42289147869067e-05, 10710.5336645577 
2567941, 84, 2.26223871142883e-05, 7643.48297972757 
288004, 144, 2.50670543704409e-05, 10049.221934525 
3034146, 276, 2.4386675120714e-05, 14264.6616880988 
32207, 31, 2.32552731331829e-05, 649.02545715435 
563843, 20, 2.23189376185694e-05, 220.711061987798 
81416, 52, 2.3256895669566e-05, 8520.27903544916 
823, 166, 2.56186913972434e-05, 16288.6268306359 
1493, 144, 2.32309622264554e-05, 44101.1675418037 
1979344, 312, 2.52889259793137e-05, 39707.2293165124 
203192, 150, 2.51022918392449e-05, 7835.30913283786 
2054914, 41, 2.41978415525335e-05, 8137.83113054023 
273376, 97, 2.40274874456378e-05, 11711.3587199247 
2748319, 330, 2.3335589106947e-05, 59852.6093182722 
2751313, 22, 2.1997360316762e-05, 452.099317355765 
2763669, 33, 2.39434933556806e-05, 4055.88389962097 
2862509, 403, 2.37653880887875e-05, 107657.574941201 
2867013, 86, 2.48911014312383e-05, 8567.14173528179 
2938232, 13, 2.38021564753767e-05, 180.353257541733 
423605, 11, 2.11676050971593e-05, 293.823059479473 
630, 108, 2.55898459491274e-05, 21497.3733620808 
848, 174, 2.43611293819581e-05, 29178.0871241899 
1218801, 325, 2.4988130637947e-05, 123596.57774907 
1394889, 99, 2.25215080401784e-05, 13238.3110682483 
204, 319, 2.54439977609282e-05, 70547.4976199011 
2267264, 126, 2.53017230473395e-05, 10308.8177758159 
264691, 1, 1.69730298555595e-05, 0 
2731755, 44, 2.45555446419802e-05, 1988.13571577093 
2759736, 73, 2.49084614043391e-05, 4291.23742851819 
2895475, 91, 2.49731538596009e-05, 14866.0855756946 
308865, 204, 2.51787692617585e-05, 18526.9017224778 
34085, 242, 2.43985751232128e-05, 23199.7730290019 
40215, 7, 2.02515239271755e-05, 44.4709262165115 
43948, 46, 2.48138957816377e-05, 15455.1057595148 
713030, 92, 2.40668094630695e-05, 47320.0842278262 
1637831, 35, 2.42983841574535e-05, 913.634456875881 
200991, 54, 2.35249835325115e-05, 5693.21353971264 
2058175, 140, 2.49613099695472e-05, 26417.8352330201 
2100422, 196, 2.53620431661975e-05, 46377.887286656 
2597702, 48, 2.41545893719807e-05, 7461.24712208312 
2708020, 146, 2.37546618523885e-05, 4994.55682613904 
2829597, 45, 2.45248313917842e-05, 1198.68188428085 
2901381, 20, 2.05448494062539e-05, 683.290198876717 
2908210, 264, 2.49887550602229e-05, 28083.8749956182 
2929491, 41, 2.39148630874088e-05, 625.321375723793 
29486, 251, 2.61267145656434e-05, 94975.6454101411 
338645, 108, 2.37942275204036e-05, 16603.9969000594 
504090, 126, 2.54071495718895e-05, 7949.50371514579 
712, 183, 2.54213590258535e-05, 77172.4461550628 
863, 31, 2.29405152439724e-05, 735.331820630687 
1055101, 1, 1.9552253397204e-05, 0 
1118202, 313, 2.53826433484783e-05, 73725.7872664664 
1307, 118, 2.46596961925429e-05, 65874.5039995185 
1510, 188, 2.44218135638753e-05, 18734.2224422669 
1705566, 112, 2.3828813801649e-05, 17270.0069172462 
187493, 67, 2.50269039217158e-05, 18168.8096441646 
2027919, 99, 2.54926453718102e-05, 22318.8333811603 
2587854, 21, 2.37755587256301e-05, 81.8553528129716 
3038925, 11, 2.25286113363972e-05, 1700.83587889386 
320787, 289, 2.47426761678543e-05, 59142.3411126122 
373672, 243, 2.43498587708191e-05, 12659.8355489087 
914153, 70, 2.49744012387303e-05, 23138.3552641836 
96232, 12, 2.19770559535845e-05, 2.31630313026356 
1050624, 84, 2.48576897263168e-05, 45294.6486669855 
1159327, 75, 2.45422863593972e-05, 14536.542100704 
1179672, 215, 2.43765692416449e-05, 9529.68383179614 
1323375, 51, 2.33415806918445e-05, 7087.46123368441 
1335745, 93, 2.42218723507327e-05, 18900.2662870317 
1471400, 3, 2.15113902811539e-05, 68.3785257748947 
166309, 41, 2.45170148082769e-05, 1243.3562279421 
1712516, 21, 2.39888691647076e-05, 1213.11598367169 
2175635, 104, 2.38840192027514e-05, 16519.0426760639 
2478552, 205, 2.41691842900302e-05, 7266.19559035544 
2740837, 12, 1.84774575018477e-05, 628.593858533097 
28131, 165, 2.54168361122407e-05, 36900.3161500997 
2979464, 257, 2.49893795137067e-05, 37482.0022896614 
309805, 179, 2.36194435259105e-05, 7922.77774824912 
649196, 3, 2.04762782316686e-05, 14.4206672013054 
65700, 51, 2.45941957697983e-05, 1521.69839126903 
67575, 1, 1.57292059896816e-05, 0 
79209, 77, 2.37636938285687e-05, 25014.3748135977 
1616788, 78, 2.48268328409345e-05, 5907.0529247081 
1905730, 338, 2.54323499491353e-05, 60605.9218607555 
2014076, 72, 2.34241409196318e-05, 11449.2576646472 
2133944, 390, 2.5143949108647e-05, 58893.6921758873 
2183896, 277, 2.45278390973755e-05, 17391.7276816686 
2355, 143, 2.47954376394743e-05, 14822.9306563309 
2691580, 243, 2.51654629186904e-05, 49746.4167935826 
2877527, 107, 2.51572327044025e-05, 13899.0965985874 
2881428, 18, 2.29879772878784e-05, 2232.09021880456 
2983222, 132, 2.56495754995255e-05, 34165.8660348684 
2998559, 15, 2.33639400948576e-05, 109.79141820639 
314275, 78, 2.46603043081552e-05, 7358.69249109463 
552, 220, 2.60416666666667e-05, 115195.196049272 
713887, 30, 2.02810959904273e-05, 10307.0798288779 
1070314, 88, 2.40987083092346e-05, 50651.2183243586 
1308, 3, 1.68574366581818e-05, 51.5186286979655 
1465, 367, 2.54945951458291e-05, 135536.383571306 
1736, 65, 2.44828008324152e-05, 2445.61954094517 
1914871, 22, 2.00791117000984e-05, 386.152972820689 
220687, 154, 2.46141728407217e-05, 67508.0787627244 
2685834, 228, 2.54945951458291e-05, 49150.7410544106 
2781961, 358, 2.55806814693543e-05, 138385.167490905 
2895476, 63, 2.51338376856762e-05, 7305.49053656969 
2912314, 217, 2.52035184111702e-05, 30910.3683226048 
29495, 133, 2.5862514870946e-05, 28497.2567102976 
3038653, 2, 1.80551041779511e-05, 7.48504658107793 
3073092, 21, 2.36099634045567e-05, 3814.02635230279 
316279, 44, 2.40795588624816e-05, 3601.89162451121 
483937, 133, 2.54524167069663e-05, 24729.3148235448 
77022, 3, 1.64465569133102e-05, 19.6557049631591 
981385, 181, 2.41056792980426e-05, 33600.6387231617 
1426, 176, 2.4965672200724e-05, 40351.62148865 
1855616, 34, 2.08342014250594e-05, 16.5952652534142 
2067958, 165, 2.53865096087939e-05, 31901.8748775408 
2829809, 313, 2.56259129231479e-05, 68173.5442019071 
3034230, 193, 2.53678335870117e-05, 27037.2088297784 
84980, 98, 2.36602389684136e-05, 4953.57370224263 
1455, 169, 2.40998698607028e-05, 14354.0306654836 
1922217, 307, 2.53626864157452e-05, 93266.3681039549 
2160, 14, 2.06134564643799e-05, 101.236180281175 
2810347, 212, 2.56581310617335e-05, 48238.0863392906 
3022126, 152, 2.42842225406154e-05, 34605.3667982844 
3047030, 17, 2.34246896228625e-05, 578.797743548326 
33035, 227, 2.51433169063663e-05, 18389.0105381249 
412593, 47, 2.28817243667483e-05, 4281.53358851561 
729, 344, 2.56792152431822e-05, 64301.9381376628 
105751, 27, 2.40107568190549e-05, 813.354012785695 
1597, 129, 2.48929602708354e-05, 10893.8148939009 
1674922, 48, 2.42019409956679e-05, 2018.11435286104 
1730, 46, 2.31776567389037e-05, 3341.62967851067 
2094025, 505, 2.48929602708354e-05, 144480.768821712 
2565559, 36, 2.38322211630124e-05, 3406.79758133458 
282402, 210, 2.48941996514812e-05, 22050.3391663482 
2971264, 109, 2.50100040016006e-05, 6875.21893439173 
2991053, 201, 2.51054428600121e-05, 21387.8854115197 
3041264, 90, 2.37270440848479e-05, 33605.6211543104 
3060215, 266, 2.43730044602598e-05, 35894.7273376801 
438033, 218, 2.49775202317914e-05, 57001.9100192571 
52959, 517, 2.49594409085236e-05, 85047.847836555 
570266, 7, 1.93188184610629e-05, 11.5618354529875 
61592, 24, 2.42565371367584e-05, 8458.31384904066 
712471, 267, 2.48410174880763e-05, 32753.6553971957 
748770, 17, 1.91721467052666e-05, 1045.64978770433 
1008, 366, 2.54220052877771e-05, 73849.8103085251 
1217282, 356, 2.55466993664419e-05, 85030.6411659624 
1307839, 495, 2.5068311147878e-05, 164671.794012918 
1531, 167, 2.43403758154026e-05, 9851.81312806237 
1604, 248, 2.25550342836521e-05, 10983.5015482429 
1675036, 46, 2.41120729149085e-05, 8084.03377526876 
1871034, 199, 2.45519273262951e-05, 19673.93351491 
2686077, 483, 2.46797798563637e-05, 147993.722811792 
2715212, 265, 2.50859192735118e-05, 102502.045752002 
2872157, 56, 2.43374139063983e-05, 15494.7722423559 
2881052, 194, 2.45676100628931e-05, 39867.5159466113 
2929800, 425, 2.52767807492038e-05, 78257.0388584389 
29438, 15, 2.31545799759192e-05, 1532.39455357054 
3045146, 123, 2.42189392104626e-05, 21604.5839824668 
326522, 252, 2.51876479774319e-05, 146074.339199452 
452627, 83, 2.4918392265331e-05, 7753.48453772202 
493, 174, 2.4887384584754e-05, 11812.2292814571 
821, 187, 2.33154581487526e-05, 12162.307308706 
1027273, 45, 2.4077239785231e-05, 6178.55825422722 
1306993, 63, 2.45392751098133e-05, 22040.0364296271 
131111, 69, 2.42641884842161e-05, 10523.4220842942 
1581680, 113, 2.40147931125573e-05, 11567.6989812372 
2721545, 78, 2.45718357618498e-05, 7955.55341223139 
2829569, 178, 2.53132514871535e-05, 44339.9846578984 
2963105, 39, 2.25621587473489e-05, 8507.00233845783 
2976343, 3, 1.72622130157086e-05, 49.4103183083929 
36839, 175, 2.28864374971392e-05, 47169.9318148564 
55197, 288, 2.46919677029062e-05, 27788.5377292098 
649776, 37, 2.17907650737617e-05, 3477.5091544708 
1130723, 211, 2.3755790473928e-05, 38915.1411273625 
1166, 2, 1.62319216972097e-05, 0 
135618, 57, 2.35776766557423e-05, 4822.53679275517 
1561, 97, 2.24497126436782e-05, 36570.447890511 
1941349, 67, 2.37648233085387e-05, 14263.9868960988 
1963025, 34, 2.40540735573569e-05, 2283.34463059862 
2036, 83, 2.40969661919564e-05, 7706.08297804894 
2072408, 60, 2.4006721882127e-05, 1222.61122319552 
2126069, 35, 2.3928597066354e-05, 612.634002774228 
2175632, 99, 2.44660289188462e-05, 17877.8405815717 
2489010, 57, 2.48911014312383e-05, 3082.64673758308 
253245, 475, 2.52321356479612e-05, 114499.982708867 
2870839, 250, 2.34659157573624e-05, 17964.0083762376 
2896860, 217, 2.49488548475625e-05, 38122.0269175457 
2918899, 36, 2.25697970975241e-05, 5805.3238741229 
29330, 98, 2.32423009877978e-05, 45997.5344676515 
2950245, 130, 2.50112550647792e-05, 6733.22550797756 
3073902, 25, 2.34389649353085e-05, 3519.19780227694 
45067, 45, 2.30584762958864e-05, 137.47286443936 
490759, 84, 2.47880620693074e-05, 3396.60862462577 
556053, 144, 2.42430119518049e-05, 32195.4367653194 
84406, 350, 2.48725282925009e-05, 144462.556826756 
1170699, 299, 2.37529691211401e-05, 33120.0029931382 
656, 41, 2.53543267158541e-05, 3979.30012239543 
935222, 219, 2.51629299715659e-05, 15737.7211493646 
1333845, 55, 2.51775013847626e-05, 2397.20410756807 
1615494, 81, 2.5890637945319e-05, 9547.51846274686 
1649877, 33, 2.51844762888156e-05, 651.935274382039 
1903410, 114, 2.58177781220148e-05, 10541.0172849723 
2183582, 40, 2.49962505624156e-05, 2691.57926372387 
2830990, 144, 2.46956264045638e-05, 41019.7785370381 
29573, 125, 2.58424643373992e-05, 15400.963495058 
37482, 93, 2.5669327720307e-05, 7529.37943078424 
1179675, 36, 2.47487996832154e-05, 512.227290544414 
2666183, 79, 2.58117804966187e-05, 26410.5062982076 
2866628, 129, 2.58311161625294e-05, 43559.0867400448 
2980557, 196, 2.6412403264573e-05, 61980.6053811287 
485870, 27, 2.44510734021224e-05, 86.550026448003 
1686, 144, 2.63664407941572e-05, 15612.1429815882 
2175673, 56, 2.44654303469198e-05, 1252.37752741857 
2591634, 258, 2.59363004461044e-05, 59297.5453619332 
2893885, 302, 2.5384576331421e-05, 48365.7913696683 
2961531, 45, 2.52416891738395e-05, 5561.88077115655 
338565, 217, 2.61643118785976e-05, 38401.8684139566 
376490, 179, 2.62701623496033e-05, 86839.1450619803 
45656, 26, 2.40401952063851e-05, 552.870199244292 
485447, 150, 2.60328534610679e-05, 16007.7538828595 
516051, 224, 2.51306795335746e-05, 15602.9804149653 
616991, 263, 2.57718674295139e-05, 41657.2471624445 
666, 322, 2.63553224573703e-05, 76672.3935591056 
96345, 128, 2.42848122784011e-05, 2418.19814116312 
1871021, 116, 2.5030662561638e-05, 38110.0567864995 
1892259, 1, 1.52758046530101e-05, 0 
2025658, 126, 2.6123301985371e-05, 14004.6553722245 
2026255, 180, 2.48379324904995e-05, 8015.92244007981 
2175639, 228, 2.53613999492772e-05, 23022.8819743831 
2508306, 236, 2.64012461388178e-05, 64855.0948998144 
2854257, 39, 2.47310498330654e-05, 983.54116218046 
3060154, 147, 2.59235255994815e-05, 41688.6105868456 
48461, 43, 2.45495163745274e-05, 620.285944744612 
92490, 10, 2.25509651813098e-05, 26.3575597614088 
1107, 8, 2.03173571181861e-05, 66.1308013290516 
1678309, 1, 1.61702402897707e-05, 0 
173559, 139, 2.45639891918448e-05, 24977.7799897557 
1737446, 246, 2.6301254569843e-05, 92885.8997412095 
2762318, 355, 2.63345008295368e-05, 140378.244891962 
2898151, 23, 2.41557563167303e-05, 304.86395387617 
300019, 235, 2.5652865425068e-05, 49850.0068646595 
46257, 27, 2.35283045503741e-05, 3480.53400427975 
1033997, 1, 1.80404466814598e-05, 0 
146825, 153, 2.52710318162291e-05, 41191.3298234383 
2211212, 112, 2.55128074293295e-05, 10596.6271045275 
2528593, 197, 2.53074859543453e-05, 34693.4782608032 
28091, 42, 2.40176770102796e-05, 1281.69214658407 
2891294, 124, 2.4240073689824e-05, 13854.9978843893 
3016636, 50, 2.51167930878585e-05, 9313.94005790377 
756892, 141, 2.5991578728492e-05, 17276.8443623566 
82977, 9, 2.23453700393279e-05, 0.13613732937984 
88190, 104, 2.49432540969295e-05, 20869.7753405003 
1033846, 58, 2.42230458057796e-05, 22437.1729401546 
1442551, 156, 2.5792473756158e-05, 18244.0367630019 
1475485, 310, 2.64718339686573e-05, 112104.620772215 
1501, 291, 2.4975024975025e-05, 58722.5447000473 
1528099, 33, 2.46220515093318e-05, 4197.05134591788 
1743, 155, 2.5062656641604e-05, 15347.9891959678 
2592817, 1, 1.23022414683955e-05, 0 
2837504, 142, 2.56904303147078e-05, 19618.8459568619 
2993314, 119, 2.48750031093754e-05, 52154.2658531894 
3016339, 281, 2.47102720600954e-05, 15321.0496869852 
3073563, 207, 2.3468118560935e-05, 7890.76884921473 
161896, 115, 2.59389914920108e-05, 9515.80318329388 
1871047, 315, 2.6123301985371e-05, 65034.9918587548 
2103230, 155, 2.46372169799699e-05, 37614.2395659048 
2681984, 133, 2.58344528262891e-05, 10690.4019669138 
2785918, 78, 2.54751108167321e-05, 6095.38988405308 
1085624, 302, 2.61205725629506e-05, 52933.6780694714 
1117645, 401, 2.51978027516001e-05, 73374.0843622708 
2855434, 143, 2.57731958762887e-05, 8662.51494152517 
2950541, 32, 2.50237725839548e-05, 1581.48790369564 
89153, 163, 2.58879569224397e-05, 25644.49466423 
1038856, 58, 2.52946830576213e-05, 8304.99112611905 
1227, 192, 2.5381999086248e-05, 58089.1819094823 
1232428, 304, 2.60953524177344e-05, 109181.77747396 
1573712, 50, 2.4390243902439e-05, 959.409652985914 
158892, 10, 2.34131722507082e-05, 308.632287284165 
2126281, 210, 2.5025025025025e-05, 25912.4989538834 
2126553, 302, 2.61130695913305e-05, 80711.5740600471 
2508307, 167, 2.5745327223109e-05, 20284.6209566932 
2714951, 177, 2.59949569783462e-05, 20675.2493060511 
84999, 139, 2.50300360432519e-05, 64832.2486427901 
986, 273, 2.56298536535356e-05, 27657.804863229 
1049583, 241, 2.55343053392232e-05, 69651.2668671633 
1400864, 154, 2.59929299230609e-05, 25219.8432567492 
1565, 65, 2.42500666876834e-05, 5295.06696186239 
1776384, 57, 2.44774073530132e-05, 13946.3832914391 
2774461, 193, 2.62529206374209e-05, 28155.2498675232 
3004095, 174, 2.51117472753754e-05, 22306.564238256 
232346, 23, 2.49059799257802e-05, 159.37495572132 
254246, 170, 2.61021638693848e-05, 39900.0551571412 
2772226, 13, 2.09744740650628e-05, 272.8000074449 
2782006, 286, 2.49737775335897e-05, 58982.2721983752 
2812000, 104, 2.53145330734375e-05, 14806.0371661833 
54006, 148, 2.60695012904403e-05, 28899.1061165568 
561061, 17, 2.40581244286195e-05, 12671.8405840214 
1504981, 284, 2.63040218849462e-05, 66408.1785403348 
232259, 372, 2.46524011438714e-05, 35915.9866110176 
2689109, 33, 2.26408259373302e-05, 10104.6925058215 
2912855, 24, 2.51927243412103e-05, 1435.3008017583 
2980554, 255, 2.5197167838335e-05, 16945.363406021 
3003260, 178, 2.50645411935735e-05, 13119.7320826726 
3073816, 165, 2.38242721684853e-05, 17116.5203137227 
44250, 141, 2.59942812581232e-05, 59268.9332243476 
651561, 412, 2.62446526520221e-05, 163261.521328023 
1032, 156, 2.58926490769271e-05, 24315.9175272904 
1207075, 19, 2.37067943672657e-05, 368.712404634607 
1637975, 38, 2.182405447284e-05, 11684.0335647296 
400634, 323, 2.62570565839569e-05, 107244.343830257 
85683, 333, 2.61965263406072e-05, 68805.8646493396 
868131, 14, 2.05153454784179e-05, 209.976793690062 
879567, 26, 2.36412208326438e-05, 220.376600798757 
1349409, 124, 2.47481871952879e-05, 35891.9090004352 
1451, 56, 2.50475904218014e-05, 10389.9538644573 
2282310, 13, 2.03231378924906e-05, 284.57750117297 
2975157, 329, 2.61862365140882e-05, 79342.8017394199 
2986823, 173, 2.48311481922924e-05, 6359.43941380743 
3031408, 23, 2.43060619318458e-05, 5147.76879413107 
155322, 6, 1.92518722445758e-05, 2.85224678389411 
1591409, 43, 2.50802568218299e-05, 2259.76480314935 
213483, 43, 2.39698938133704e-05, 2505.60648195563 
55206, 110, 2.5779840164991e-05, 23159.5124767697 
585425, 25, 2.43220235923629e-05, 1219.4832548434 
863643, 233, 2.51781353072991e-05, 61948.0618126022 
1042156, 162, 2.50896956619916e-05, 19197.4340691677 
1186, 79, 2.04515706806283e-05, 2224.33065760887 
139438, 75, 2.51458459062563e-05, 9505.9853796482 
1620392, 145, 2.59282306575399e-05, 18845.4491033242 
1648923, 127, 2.52972426005565e-05, 31884.4005223174 
1725232, 89, 2.54103775982111e-05, 12625.9895266884 
192421, 51, 2.50551212667869e-05, 4236.37427959389 
2518994, 113, 2.58177781220148e-05, 21061.1167084696 
2983214, 109, 2.58291145779523e-05, 16753.5395314012 
299767, 61, 2.50526104820122e-05, 1379.66723654642 
3002643, 323, 2.66127315307643e-05, 159929.292780992 
3039392, 129, 2.61028452101279e-05, 70337.1946261361 
485880, 11, 2.37371819217622e-05, 30.9964759428692 
61648, 77, 2.55839537442116e-05, 3715.46316847899 
820, 201, 2.54388196387688e-05, 24759.7872547289 
160825, 108, 2.58825965420851e-05, 12149.1787812295 
1795355, 316, 2.59713276542697e-05, 55073.8404888434 
182710, 54, 2.19698134762836e-05, 4721.60780818401 
2047, 162, 2.53781341995736e-05, 30516.8115523631 
2082587, 122, 2.51117472753754e-05, 32483.5233743308 
2697023, 6, 2.13392514190602e-05, 9.09477420486913 
2709403, 6, 2.2237046920169e-05, 50.8695968557915 
2725560, 147, 2.6160205096008e-05, 25945.916457857 
2996035, 62, 2.46317552588797e-05, 29274.1271175903 
3022697, 270, 2.5666692333359e-05, 93751.5920068502 
39488, 87, 2.23313979455114e-05, 4721.45510573852 
485448, 187, 2.59827993868059e-05, 33097.5455776746 
537, 45, 2.47377795369088e-05, 2304.8327415582 
82987, 162, 2.62508531527275e-05, 31846.3103486116 
1005665, 129, 2.59679555428601e-05, 20175.8230756015 
1477518, 129, 2.48886234102392e-05, 45595.0249644932 
194, 345, 2.54297629946089e-05, 50458.6325757016 
172042, 48, 2.44648318042813e-05, 1745.5091054649 
1874277, 84, 2.43920286850257e-05, 12982.279098863 
2033033, 124, 2.56397107840624e-05, 13459.5112842853 
2217867, 9, 2.31862551879246e-05, 5.4639902390222 
2792224, 39, 2.49532127261385e-05, 986.110479420314 
2814293, 57, 2.50037505625844e-05, 8901.74116871158 
285473, 15, 2.32763837810158e-05, 2593.79622016478 
2891210, 67, 2.45670065102567e-05, 508.267438451838 
3009078, 84, 2.56996736141451e-05, 9730.21979501522 
323284, 85, 2.56226299067336e-05, 9618.99619047137 
35757, 23, 2.45290423861852e-05, 1854.8210078622 
550984, 51, 2.50419452583077e-05, 5879.03930438364 
556054, 189, 2.56996736141451e-05, 76743.1499285393 
138074, 286, 2.63456016018126e-05, 154871.384416625 
208962, 196, 2.62653323877814e-05, 49382.5224066205 
2834406, 152, 2.52889259793137e-05, 24371.2768262627 
2842350, 64, 2.50300360432519e-05, 5715.61480753453 
2942204, 64, 2.41761961173029e-05, 10698.1565227415 
2983220, 181, 2.60179523871471e-05, 52564.585259254 
2986835, 191, 2.51433169063663e-05, 17973.9150000725 
388413, 372, 2.46372169799699e-05, 26767.4543500468 
82976, 39, 2.50846607299636e-05, 10255.9711812329 
1094, 42, 2.47145469823538e-05, 5219.69912947529 
1573711, 67, 2.50859192735118e-05, 2750.58216778911 
1681, 126, 2.49270882668196e-05, 21170.3049451293 
182337, 61, 2.52054242072894e-05, 11446.0775804648 
31979, 164, 2.46360030548644e-05, 24815.6932478038 
536441, 319, 2.62715426649853e-05, 100253.629422704 
1076550, 179, 2.60803797303289e-05, 28662.1280211721 
159191, 32, 2.01130352581508e-05, 9733.89846434136 
2527775, 64, 2.38021564753767e-05, 8958.69302492377 
2750995, 44, 2.49121845494631e-05, 629.068647001907 
2994555, 257, 2.58785777133689e-05, 82512.7998634487 
38501, 129, 2.40847784200385e-05, 26431.5680791795 
389348, 38, 2.38469976629942e-05, 5064.55241961702 
418240, 38, 2.00940401077041e-05, 1817.47113947809 
63186, 260, 2.53639730127327e-05, 34986.102973505 
754476, 154, 2.55154113084303e-05, 29619.4364179257 
1129264, 90, 2.51755998086654e-05, 16509.7351525371 
1833852, 99, 2.5174332250837e-05, 10362.7715237818 
1882918, 60, 2.49003984063745e-05, 9966.78521769248 
2758724, 105, 2.47072194495232e-05, 20084.4435712498 
2766537, 62, 2.36955594521587e-05, 30570.906259182 
2859768, 141, 2.53646163601776e-05, 11487.4774861499 
2867026, 10, 2.23783735398111e-05, 1.91006868441786 
2904247, 290, 2.59956327337007e-05, 74114.3414820405 
2913614, 306, 2.62784464182478e-05, 91889.3823665228 
712538, 2, 1.95339206532143e-05, 1.85847542504442 
94869, 120, 2.34230435902841e-05, 13840.8888376692 
1050635, 67, 2.45422863593972e-05, 13453.720096209 
111769, 228, 2.5929575273557e-05, 57885.5622892071 
135577, 45, 2.51092251293125e-05, 4408.45426539459 
254250, 32, 2.2202486678508e-05, 6522.50204093407 
263377, 230, 2.58980136223552e-05, 32426.5697072584 
2810512, 345, 2.51755998086654e-05, 49271.220516148 
2815358, 27, 2.50168863983189e-05, 899.217724175577 
2979869, 209, 2.50808858568885e-05, 48872.7249435307 
673862, 61, 2.37919630748733e-05, 2282.93972158484 
837, 297, 2.59558231889324e-05, 95398.7882579058 
1532905, 79, 2.56864709357581e-05, 7584.96329073096 
1646340, 29, 2.45664029872746e-05, 1010.86710518539 
2079234, 169, 2.55826447338126e-05, 57754.0598452813 
2507935, 163, 2.50620285205885e-05, 31004.1301890357 
2758440, 32, 2.49950009998e-05, 4911.01245528626 
2829502, 165, 2.6139007240505e-05, 38532.1597726588 
2872754, 326, 2.64389392697565e-05, 159356.74480711 
29320, 5, 1.99792216095261e-05, 126.782239705652 
296745, 215, 2.50878073256397e-05, 61299.3308672185 
3023076, 71, 2.51142699281732e-05, 9014.397341093 
3049799, 129, 2.50337956240925e-05, 44094.5532708067 
484770, 85, 2.35960358659745e-05, 11876.6174149129 
53460, 131, 2.47029470615844e-05, 32650.4786108229 
626119, 133, 2.50501002004008e-05, 23463.7284544537 
1274359, 66, 2.44869974043783e-05, 16862.3430407858 
1689272, 52, 2.55708696652773e-05, 6730.58609544242 
2335, 144, 2.59747006415751e-05, 57560.7153807029 
2507538, 413, 2.48867652182569e-05, 110313.461445076 
2815577, 184, 2.50143832703805e-05, 76272.5583212675 
2861281, 223, 2.62439638883057e-05, 141479.83816189 
291644, 330, 2.60125380433369e-05, 233830.29054931 
316068, 384, 2.56535235114543e-05, 72981.187446842 
50340, 18, 2.45772709398348e-05, 791.210673691827 
538, 214, 2.52684775742262e-05, 137080.574789508 
54299, 16, 2.1122000675904e-05, 185.578391458782 
880, 161, 2.53504702512232e-05, 34007.5054745685 
1353138, 10, 2.26896285707803e-05, 1027.14795036029 
148813, 6, 1.99461454074e-05, 64.5669787286829 
2056231, 69, 2.5444645174423e-05, 10838.5223176252 
2875962, 345, 2.63970646464113e-05, 107763.688861433 
3070676, 151, 2.43789463419391e-05, 49426.0906791458 
452, 199, 2.60132147130742e-05, 42162.1559332529 
52133, 22, 1.86407187861164e-05, 1021.86656941947 
1702221, 140, 2.512373439188e-05, 10739.2408804948 
1807691, 420, 2.62584355224116e-05, 169721.612843823 
2742796, 95, 2.55069506440505e-05, 5771.08878989434 
28129, 137, 2.58451359454151e-05, 28158.370830698 
2865840, 140, 2.5974025974026e-05, 29072.6583401664 
2911176, 88, 2.52518875785965e-05, 7625.90478705423 
2934340, 90, 2.46493628139713e-05, 20516.9965565478 
29389, 88, 2.30680507497117e-05, 105.640941190337 
2973072, 245, 2.58297817383443e-05, 68290.5541061312 
2987521, 1, 1.04773479736809e-05, 0 
3003257, 325, 2.51679963758085e-05, 47244.4982002091 
3003263, 294, 2.52499747500253e-05, 48614.8245834703 
3058432, 5, 2.33432152944747e-05, 5241.59204211206 
33007, 49, 2.46299352232704e-05, 2472.50955812441 
55079, 214, 2.60742594910305e-05, 81315.8917865337 
554, 182, 2.60905865163849e-05, 43841.2809273717 
1452, 133, 2.52959627643428e-05, 29472.5230029708 
1508419, 124, 2.47997420826823e-05, 21748.4397122829 
1600, 6, 1.77138504596744e-05, 34.9270931780625 
1639133, 7, 2.25815192846175e-05, 5.93722721990433 
2259638, 84, 2.53273560772991e-05, 12833.994791139 
2866278, 10, 2.18507593138862e-05, 10.558416314528 
2996785, 33, 2.4165679901404e-05, 3244.47236798525 
459526, 325, 2.54232979102049e-05, 49560.31149281 
1174501, 63, 2.47200454848837e-05, 3691.49986857353 
1578, 89, 2.371072910492e-05, 14077.3602676154 
2597518, 94, 2.54595447833393e-05, 8169.14858771436 
2614693, 161, 2.59598660470912e-05, 45674.9120875887 
2926907, 402, 2.51648296341034e-05, 62898.5755221392 
3039400, 147, 2.46919677029062e-05, 21503.0234534227 
492, 308, 2.63345008295368e-05, 132227.137616767 
666686, 92, 2.28289653912885e-05, 12440.9153509233 
716816, 139, 2.50269039217158e-05, 12340.9945874984 
86304, 123, 2.5666692333359e-05, 11219.5992648517 
930972, 350, 2.56660335711719e-05, 69839.2398802533 
1642647, 315, 2.59632360577422e-05, 68200.8304052628 
1785145, 19, 2.32509474761097e-05, 234.270016846458 
185300, 357, 2.58011249290469e-05, 91329.0704999256 
2041044, 38, 2.36652783036728e-05, 755.803068682988 
2081702, 72, 2.39934737751332e-05, 42584.9600306217 
2420306, 202, 2.62756844815807e-05, 53592.6715327387 
2585771, 513, 2.55408270119786e-05, 115112.332228076 
2706887, 363, 2.56778964667214e-05, 60769.0934595225 
2735554, 101, 2.50131318942445e-05, 30736.1261363861 
43765, 53, 2.43955990339343e-05, 6078.43818740186 
46234, 10, 2.00581686891987e-05, 320.087046456725 
585423, 34, 2.43908388009464e-05, 7948.44378988792 
79880, 59, 2.51193167545843e-05, 9298.57887867193 
118062, 12, 2.01405812571751e-05, 22.5305633499233 
1405, 205, 2.54919955134088e-05, 40134.7371075696 
2161677, 162, 2.59747006415751e-05, 21605.0164169626 
2518989, 75, 2.54621378010898e-05, 10784.4443002521 
2910589, 1, 1.61702402897707e-05, 0 
2933777, 251, 2.60946714680862e-05, 61308.2367158878 
3048535, 175, 2.47702558767432e-05, 62521.0499664085 
314343, 41, 2.43967893825173e-05, 6469.41076693623 
62322, 210, 2.60858223555498e-05, 74397.9287228068 
99807, 74, 2.55728314238953e-05, 10821.3352701821 
1211807, 78, 2.50413181749887e-05, 8466.34549338568 
1612551, 60, 2.35932523298337e-05, 3964.25661761325 
1763538, 57, 2.38509790826913e-05, 2223.23040761611 
228745, 9, 2.1896691409928e-05, 136.008345181161 
266805, 156, 2.58966722776123e-05, 31876.4532476009 
2715131, 374, 2.49937515621095e-05, 47470.2822929052 
2739063, 62, 2.44953948657652e-05, 2393.88417016503 
2789424, 49, 2.4904119141306e-05, 7744.173759983 
2893469, 188, 2.58204446280565e-05, 23115.19307459 
2961941, 60, 2.46706468643608e-05, 194062.049752188 
664683, 91, 2.55238775874831e-05, 13381.2207269881 
1353134, 117, 2.44516712717314e-05, 12487.4690121827 
1353976, 21, 2.25575782184025e-05, 5574.01792707726 
1553431, 180, 2.5957844460596e-05, 46752.4465976902 
1571, 167, 2.50431995191706e-05, 14440.3909363767 
161895, 73, 2.50068768911451e-05, 9161.44176659618 
2724, 1, 2.12071086228104e-05, 0 
340146, 14, 2.31422554442156e-05, 610.568261977 
46506, 353, 2.62439638883057e-05, 109733.649917611 
486398, 91, 2.41178882377059e-05, 5648.80704898715 
641148, 76, 2.55010965471515e-05, 7170.21548843313 
65555, 78, 2.46767347744546e-05, 2894.80034307999 
714, 181, 2.53498276211722e-05, 39353.1720098351 
881260, 51, 2.5206694898165e-05, 2138.80807215409 
158481, 126, 2.59228535877229e-05, 26109.3450023213 
252966, 112, 2.45422863593972e-05, 22610.5179596003 
2665645, 161, 2.40824583373471e-05, 2261.93580515032 
2742624, 233, 2.61062524474612e-05, 46639.7994293521 
2745198, 98, 2.28597554006172e-05, 12580.2611195109 
2746225, 316, 2.4721267706608e-05, 20949.5054012066 
2758563, 349, 2.56489176156766e-05, 123043.545826622 
28449, 333, 2.65618359541011e-05, 146035.419172903 
2918516, 77, 2.48360818597258e-05, 842.836579426902 
3003351, 120, 2.52691160863193e-05, 34299.2716619667 
3028622, 21, 2.43350448981578e-05, 590.372990840026 
339862, 141, 2.43285325029194e-05, 61155.9131294738 
48296, 34, 2.36266981689309e-05, 1642.88986544485 
54736, 19, 2.46220515093318e-05, 1660.41200599379 
82995, 8, 2.32385201710355e-05, 45.05055313544 
1423, 18, 2.3180880409838e-05, 6169.70143544559 
2033032, 79, 2.54032770227359e-05, 7429.51056585276 
217159, 78, 2.2218765969738e-05, 6453.36498365023 
2745511, 14, 2.31390425064211e-05, 11943.2069877212 
2867015, 15, 2.37817784013889e-05, 108.413611341772 
2893884, 145, 2.40529164161155e-05, 1618.52769066714 
2980108, 62, 2.55199693760367e-05, 4436.42744043507 
3031802, 6, 2.12152070604209e-05, 42.9524678048629 
352858, 74, 2.34637133672775e-05, 2782.83142134618 
35787, 22, 2.35050770966529e-05, 2507.79087459851 
1118, 7, 1.85801081362294e-05, 19336.9729741125 
13, 2, 1.81257930034439e-05, 0.224647650608173 
1354726, 157, 2.23979214728873e-05, 41817.3222955403 
1416779, 241, 2.31733599054527e-05, 20751.810045186 
1513297, 13, 1.92733930808519e-05, 227.217701590388 
1592728, 14, 2.04336010135066e-05, 1379.21864869251 
166314, 5, 1.96163050727765e-05, 270.436911815544 
1816183, 56, 2.22010079257598e-05, 27953.9068344841 
1912324, 13, 2.1577300679685e-05, 426.415406432768 
2058152, 3, 1.86309945224876e-05, 1.51810109215901 
2100764, 13, 2.29320980576513e-05, 173.226227235843 
2108399, 44, 2.22910768819242e-05, 11661.0090014759 
213121, 2, 1.71335560695622e-05, 22.0810185396036 
2203, 13, 1.95019209392125e-05, 1813.04630354648 
2589818, 74, 2.07852674024651e-05, 16857.813375006 
2767188, 180, 2.26762511621579e-05, 17901.2656434529 
28184, 29, 2.1284747350049e-05, 9007.45557788925 
28264, 77, 2.37484563503372e-05, 15547.8214529431 
2866201, 11, 2.1906764808973e-05, 90.5990499027841 
28885, 169, 2.29084578026207e-05, 44593.0698990072 
2979332, 22, 2.1512315800796e-05, 4500.36342879872 
3042615, 226, 2.43297163155078e-05, 47292.0242717951 
359303, 108, 2.24517287831163e-05, 14218.8678694938 
371601, 229, 2.43025177408379e-05, 39957.2253855862 
754417, 277, 2.1636591804059e-05, 48785.0627464313 
754429, 340, 2.4253595595547e-05, 66135.9482373476 
844, 79, 2.36927523870448e-05, 9674.25853625653 
860353, 6, 1.89214758751183e-05, 107.934595992671 
935199, 29, 2.17547370940022e-05, 5360.77542240287 
97050, 2, 1.76167993798887e-05, 8.83176684287442 
1474, 80, 1.9392999127315e-05, 19355.0737201135 
1505, 159, 2.21444705257097e-05, 39886.8313079859 
1561003, 75, 2.07202353818739e-05, 8364.55396074943 
1758390, 23, 2.12035113014715e-05, 17.349794975612 
2576919, 59, 2.0815120103243e-05, 3937.6932379383 
2594005, 248, 2.44546610583977e-05, 122946.833751761 
273528, 11, 1.99596814434842e-05, 454.753242726378 
2748863, 34, 2.23758698619409e-05, 9886.97780890858 
2912675, 62, 2.28018971178402e-05, 7258.92450984544 
2914983, 57, 2.29315721885892e-05, 11802.5761805355 
3064797, 4, 1.67982529816899e-05, 340.168817692053 
331648, 244, 2.38044228617677e-05, 74655.6088656959 
34098, 178, 2.33170890945974e-05, 32451.5493952301 
406020, 275, 2.36540826946731e-05, 27254.9015892997 
47678, 149, 2.37495843822733e-05, 11409.6887764881 
55208, 27, 2.26551880380607e-05, 328.85175185395 
59600, 333, 2.21867234646787e-05, 98453.4525023183 
59734, 32, 2.18459858001092e-05, 206.853203618707 
718, 195, 2.35504686543262e-05, 11383.8160121119 
750, 122, 2.34516076077015e-05, 18948.9285762311 
85402, 140, 2.34109797495025e-05, 20454.8685023962 
86102, 93, 2.27992977816283e-05, 8700.36096759298 
936476, 128, 2.28305289833565e-05, 24760.4927028447 
995019, 16, 2.02118198722613e-05, 5470.49937127589 
1166130, 13, 2.20065579542704e-05, 107.117319060148 
1178825, 135, 2.24693854623076e-05, 6251.57211525322 
1481914, 38, 2.20439114716515e-05, 10367.7812886752 
1536770, 148, 2.22103766879886e-05, 35424.344554148 
1566358, 123, 2.26521089113396e-05, 25510.9353328177 
1566379, 1, 1.84189199145362e-05, 0 
1653434, 30, 2.19163671429824e-05, 2423.56856557935 
192073, 20, 2.212829988272e-05, 306.293402221396 
2016361, 2, 1.87899285982713e-05, 0 
2051906, 57, 2.24885870420761e-05, 2666.31008871041 
2067959, 11, 2.16971511640522e-05, 3239.63056372723 
221350, 84, 2.32466234279471e-05, 45577.7757363322 
2518176, 84, 2.21351572702924e-05, 12258.3834381188 
2729421, 98, 2.30197279068161e-05, 48214.4454843693 
2810535, 20, 2.19077246637164e-05, 4116.56368540622 
2864209, 2, 1.96359494963379e-05, 74.4906934170511 
2986951, 9, 2.12273663206606e-05, 254.195750525358 
3070999, 115, 2.15285252960172e-05, 34378.1080963463 
53442, 28, 2.1852191774835e-05, 7942.62660183075 
626940, 195, 2.3084025854109e-05, 17413.085792294 
727, 119, 2.35277509822836e-05, 17862.3462141685 
84996, 20, 2.08181534297908e-05, 2079.47987453206 
869806, 75, 1.9936999082898e-05, 33788.4922402966 
909656, 364, 2.33710386089558e-05, 107758.365009545 
97084, 244, 2.35233233751264e-05, 29582.1025314314 
985782, 30, 1.93734622314354e-05, 7019.64061531476 
1060, 11, 2.1491510853213e-05, 1596.0581252516 
1201031, 53, 2.28018971178402e-05, 14191.5700273234 
1241979, 203, 2.29463056447912e-05, 35944.3613203724 
1336802, 294, 2.31283391539654e-05, 60719.7845085976 
1413, 7, 1.88416173644346e-05, 132.506022537743 
1570939, 11, 2.05680906641436e-05, 1291.96486266933 
1637, 60, 2.18164365032616e-05, 5794.60535673178 
170679, 27, 2.18321543969959e-05, 28244.9622976617 
1803846, 203, 2.32428412049089e-05, 22477.1334872407 
2017483, 93, 2.25474059209488e-05, 10870.3647170181 
246167, 61, 2.33013328362382e-05, 2090.00400318828 
2593655, 56, 2.32342007434944e-05, 2358.37162053124 
2735723, 54, 1.95289614498301e-05, 1498.60997177565 
2743001, 17, 2.1264380037e-05, 976.006540032855 
2778056, 45, 2.29615852678469e-05, 4113.48277725912 
2782013, 12, 2.06679894179894e-05, 456.66632503822 
2937442, 346, 2.31953980330302e-05, 64565.1302042526 
2997336, 123, 2.26254581655279e-05, 9134.74625552635 
3028315, 68, 2.21891849912353e-05, 10240.0428769413 
3035470, 39, 2.2383382576775e-05, 1908.72321386033 
3038772, 256, 2.23468680864377e-05, 59409.6691247999 
307643, 16, 2.02261281122955e-05, 3408.004669886 
31909, 91, 2.16398692951895e-05, 5770.41325087287 
329854, 345, 2.41721053903795e-05, 87938.1121229934 
343874, 133, 2.18350146294598e-05, 11336.6633586385 
568766, 6, 1.97866993806763e-05, 9739.58523070124 
72361, 52, 2.2578969947391e-05, 10288.166497568 
1115758, 122, 2.06833788367668e-05, 22694.2569842314 
1173283, 33, 2.21077531890434e-05, 9529.31261129772 
1492, 99, 2.04152461057918e-05, 9301.1928973987 
1500686, 21, 2.20375961390132e-05, 931.119176674756 
1598, 251, 2.33633942339143e-05, 50162.3648015339 
161360, 5, 1.90385530699667e-05, 264.442292160451 
167375, 6, 1.75988173594734e-05, 134.114213124282 
1743174, 109, 2.22806470299898e-05, 41934.6828895935 
1789224, 105, 2.19447431367816e-05, 18286.4025369949 
1853224, 11, 1.947116320729e-05, 194.776149937207 
1908341, 146, 2.29310463436447e-05, 6803.42464790346 
194196, 72, 2.3183567487365e-05, 8832.19979674403 
2068655, 13, 1.96974472108415e-05, 715.645038583461 
2242, 55, 2.22950527277997e-05, 24213.0223266377 
247480, 75, 2.26901434017063e-05, 20402.1000553744 
2507161, 79, 2.04285918571633e-05, 14803.9295065224 
2606450, 160, 2.33040479131225e-05, 4397.44609189442 
2675230, 137, 2.28707346079956e-05, 30792.7136076176 
2726122, 2, 1.85642415579112e-05, 1.82992036234801 
2864203, 42, 2.1779849283443e-05, 2896.0273461986 
2895472, 27, 2.17679966912645e-05, 1394.82536298904 
2895496, 9, 2.04989443043683e-05, 663.855889545638 
2904120, 86, 2.30414746543779e-05, 9522.44812891313 
2912187, 83, 2.07430147897695e-05, 43735.129160548 
2913620, 47, 2.26208519012826e-05, 8623.95213258171 
2954082, 25, 2.21877080097626e-05, 1722.45637952321 
2968490, 99, 2.16403375892664e-05, 3677.29690452496 
3070215, 84, 2.26208519012826e-05, 33713.6579960315 
416916, 57, 2.19751241594515e-05, 920.334065486329 
42422, 40, 2.00642054574639e-05, 23937.0563348478 
504, 162, 2.33748626726818e-05, 22868.3171475974 
51101, 28, 2.20735933602631e-05, 8937.29150027224 
52443, 240, 2.34571086767845e-05, 65589.695341566 
54120, 55, 2.21209573950361e-05, 7316.1095279694 
84377, 1, 1.29981542620948e-05, 0 
119864, 143, 2.31986266413028e-05, 28272.6310642375 
1622118, 200, 2.22459512368749e-05, 77399.0237106195 
1632866, 40, 2.2013340084091e-05, 828.742017084884 
1714849, 401, 2.30590080014758e-05, 98640.2773342179 
1840265, 76, 2.08315973668861e-05, 12842.8558165306 
1884905, 31, 2.22846191558586e-05, 9156.95278568383 
1968775, 6, 1.99115925291705e-05, 541.423991430748 
2478663, 293, 2.23738673229668e-05, 59583.902038582 
2485124, 2, 1.96436639361974e-05, 0 
2529032, 64, 2.20487718834061e-05, 4027.13744491167 
2590012, 75, 2.00212224958456e-05, 17401.6754870083 
2650157, 111, 2.30701794859964e-05, 17679.6747450856 
2709302, 49, 2.24764559124317e-05, 15688.246580038 
2738126, 4, 1.92837996798889e-05, 225.596468916442 
2864217, 206, 2.20848056537102e-05, 67521.2724817722 
2937786, 174, 2.19394471259324e-05, 48935.600334161 
29485, 339, 2.38543927864316e-05, 35973.5873298409 
29498, 87, 2.31572609591737e-05, 8752.39136012595 
2992242, 8, 1.94084310224361e-05, 67.0064811718306 
3037696, 25, 2.19452247191011e-05, 643.410653766692 
3059082, 1, 1.83678342486637e-05, 0 
320324, 20, 2.12368331634387e-05, 45.8089221640935 
39441, 3, 1.71338496333356e-05, 0.933126858470476 
546367, 47, 2.26952929962326e-05, 939.032341882131 
580165, 152, 2.15791631600527e-05, 29873.8044654757 
1074311, 74, 2.22573393576532e-05, 22660.0879690135 
1264, 34, 2.17983651226158e-05, 32541.0637093432 
1456591, 106, 2.36055048037202e-05, 19442.2484291471 
1479, 142, 2.2264772676671e-05, 38603.7133158769 
1525218, 6, 2.14440417729934e-05, 3400.2136297618 
1677857, 76, 2.18021671354133e-05, 30333.2872066913 
186814, 20, 1.94129523217891e-05, 1160.76667300044 
195498, 8, 1.68019221398928e-05, 9776.13431774714 
2004710, 210, 2.27868292127151e-05, 84687.9396721757 
2018065, 7, 2.08890374331551e-05, 60.6597966505706 
2494373, 197, 2.19346347883308e-05, 192054.761838558 
2668067, 47, 2.17362952658349e-05, 16289.1497416714 
2697033, 214, 2.3039882035804e-05, 18400.5821892305 
2715735, 30, 2.04641263864446e-05, 4917.07941495711 
2731219, 46, 2.05575199407943e-05, 2416.10330280971 
2828656, 5, 1.91931211853672e-05, 21.0397898505135 
2908840, 184, 2.37445090822747e-05, 43121.5300252646 
2934315, 93, 2.21699995566e-05, 22347.0442705654 
3035472, 73, 2.30139003958391e-05, 12440.1883729619 
336261, 9, 1.94371015394184e-05, 715.753307015089 
416344, 20, 2.17779520013938e-05, 4392.12542074576 
558152, 174, 2.29568411386593e-05, 10019.961113328 
663, 79, 2.31647710162385e-05, 3743.56873544536 
669, 310, 2.40171001753248e-05, 47733.9767368067 
713, 183, 2.4033262034656e-05, 17230.4511352864 
128574, 94, 2.31492198712903e-05, 13729.7882675931 
1286698, 28, 2.01357147171939e-05, 32239.8946822818 
1358, 113, 2.15248181152869e-05, 18226.2508713456 
1400862, 6, 1.72708588798121e-05, 473.462755165843 
153491, 27, 2.19288627691768e-05, 6287.40472908377 
1582259, 14, 2.07844033837009e-05, 875.38339418098 
1737359, 18, 2.12332257516562e-05, 8455.21957573448 
1743173, 154, 2.23099747897285e-05, 58189.6504316718 
1810868, 84, 2.13201432713628e-05, 4578.0499439712 
1918945, 112, 2.26618623518481e-05, 7081.52027974777 
2005388, 112, 2.3268259766852e-05, 25408.3151043891 
2107709, 9, 2.09476727135615e-05, 107.819995391127 
240427, 6, 1.98511166253102e-05, 186.204464043895 
247, 312, 2.33230711820132e-05, 47397.7002900678 
2496866, 228, 2.33617568041117e-05, 40722.2237096371 
254955, 30, 1.95236235845373e-05, 1461.30958797405 
2662262, 28, 2.16759873412234e-05, 1043.97359524439 
266749, 364, 2.30600714862216e-05, 89808.7563592058 
2678343, 18, 1.98145359435682e-05, 16425.8584244028 
2736252, 355, 2.3201317834853e-05, 77007.2257437989 
2746932, 20, 2.13215070041151e-05, 1650.87257842806 
2766701, 200, 2.30856245815731e-05, 57108.8652865087 
2770234, 34, 2.03169443315725e-05, 2433.96137707433 
2785025, 110, 2.16108745920947e-05, 52657.1301098768 
28172, 16, 2.14247455811462e-05, 1556.87730811485 
28253, 33, 2.2067747986318e-05, 245.69490038813 
2929494, 65, 2.30552865772122e-05, 8641.29764975707 
2966554, 81, 2.2729339030821e-05, 19136.5668697716 
3052091, 121, 2.10877037599376e-05, 18100.7379209579 
3070995, 125, 2.20984707858216e-05, 14498.7654106988 
3074147, 34, 2.00960591627982e-05, 6021.26179201953 
367743, 13, 1.98704447005524e-05, 3509.09064761541 
433296, 107, 2.20779794233232e-05, 14911.5514970627 
442694, 51, 2.31411843658158e-05, 11250.4996782526 
543349, 28, 1.86863496216014e-05, 7091.90714656287 
871694, 203, 2.25438477839398e-05, 7366.1445508031 
1018, 45, 2.1950523519986e-05, 2922.48436721313 
119206, 128, 2.22325974343583e-05, 40164.6366861198 
1229621, 151, 2.26351886642975e-05, 22099.887346548 
132920, 71, 2.23059936204858e-05, 6277.34515728396 
1472345, 64, 2.15211122110791e-05, 64661.420000412 
1561924, 112, 2.27972187393138e-05, 14377.2627910717 
1723645, 31, 2.02478334818174e-05, 24597.2570130275 
1743159, 85, 2.28827715612915e-05, 25021.9693226712 
1790137, 130, 2.19702961595922e-05, 6968.65439480523 
1903694, 49, 2.2387892627667e-05, 11939.3739813354 
2080449, 14, 2.18350146294598e-05, 807.31579104442 
221345, 42, 2.20877324733843e-05, 9735.66925420622 
2518645, 32, 2.12802179094314e-05, 725.895808477937 
256, 162, 2.21474131821403e-05, 5598.93845128022 
2681983, 33, 2.24926336624755e-05, 3368.5254870005 
2684405, 41, 2.25998915205207e-05, 4480.53218357237 
2731377, 21, 1.97554278037891e-05, 10851.2284686454 
2781952, 22, 2.22821364112391e-05, 245.083191346755 
2801844, 36, 2.14472611847467e-05, 14899.3438450601 
2808900, 85, 2.0550760378134e-05, 16619.6344435574 
2907624, 29, 2.22029796398677e-05, 5108.72736796033 
3049075, 227, 2.33885302647582e-05, 46794.1810321876 
32049, 1, 1.62187586162155e-05, 0 
328515, 164, 2.21351572702924e-05, 19154.7187458137 
34067, 136, 2.26234107053979e-05, 27434.8902938836 
463, 269, 2.29953779290363e-05, 49162.3763908104 
481743, 30, 2.18116779723864e-05, 1807.06203757989 
680026, 58, 2.21405481999734e-05, 5116.60814055088 
766, 190, 2.34104316883603e-05, 27123.7970294374 
86106, 11, 2.15095394807597e-05, 5116.43741125847 
867076, 15, 2.12752377507819e-05, 343.704404713906 
107401, 386, 2.16492390292481e-05, 89194.1343220822 
116085, 66, 2.1743384575243e-05, 30422.3116315062 
138072, 9, 2.11985669768724e-05, 2089.79399393201 
166486, 135, 2.23254152527237e-05, 29649.759789563 
1850252, 143, 2.15016771308162e-05, 24371.6477094981 
198467, 114, 2.1897650382114e-05, 53751.298383981 
2269, 22, 2.10296096904441e-05, 9067.26403056051 
2497456, 37, 2.24416517055655e-05, 395.325798828633 
2653681, 48, 2.07253886010363e-05, 925.285180381272 
266748, 449, 2.38237045860631e-05, 177433.471648904 
2686078, 428, 2.26444147551007e-05, 141895.278740737 
2719313, 56, 2.20114019061874e-05, 17061.7884364673 
2777186, 223, 2.22548626874972e-05, 90965.4074467385 
2792013, 10, 2.08507089241034e-05, 523.958071217631 
281120, 163, 2.12152070604209e-05, 62100.4430636384 
2864202, 14, 2.09410927062174e-05, 11453.4211839082 
2926710, 34, 2.01560074980348e-05, 5147.39197174513 
3023936, 177, 2.27764491515773e-05, 22298.0039493541 
394958, 137, 2.05178710656982e-05, 59413.395870858 
396811, 10, 1.80092567579736e-05, 9290.37157729995 
435912, 105, 2.26408259373302e-05, 29549.2564009903 
54914, 38, 2.22108699997779e-05, 7464.67338322715 
70863, 92, 2.26085776943772e-05, 22485.8287062008 
121277, 29, 2.11086249841685e-05, 17400.3678178443 
1467, 64, 2.09788742736065e-05, 14003.4448222254 
1541, 76, 2.01893763501645e-05, 31409.5309468459 
181486, 26, 1.98357599079621e-05, 8555.59250812571 
1824638, 180, 2.24850474434501e-05, 40250.8205563016 
195522, 26, 2.02085522593161e-05, 9151.91085154175 
197162, 209, 2.20375961390132e-05, 41319.2941565622 
203, 78, 2.33290563396711e-05, 10484.7891580096 
207949, 125, 2.33170890945974e-05, 26223.984961509 
2516559, 284, 2.31187145994683e-05, 29826.2186416945 
257984, 18, 2.12779539119518e-05, 1454.6324304602 
2589987, 15, 2.16426793637052e-05, 3598.83948719625 
2590015, 70, 2.20298283876369e-05, 24852.0689056916 
2609256, 36, 2.2031769812069e-05, 14123.0561324898 
2754694, 386, 2.31744339644504e-05, 71093.0887472737 
28031, 20, 2.07813798836243e-05, 2171.61461936488 
2820270, 196, 2.26096000361754e-05, 40699.1715798602 
2836161, 11, 2.11868895527448e-05, 13.8904139414607 
2929799, 266, 2.22400142336091e-05, 51043.6320988022 
300231, 183, 2.31144395904121e-05, 45212.2907898139 
33038, 110, 2.22712189038106e-05, 35875.5321342037 
35742, 7, 2.05292439079469e-05, 5590.73546037979 
409, 61, 2.18861482567683e-05, 8701.76408023124 
444051, 127, 2.07520544533909e-05, 57774.646311719 
57029, 317, 2.27314057101291e-05, 58177.1189207188 
59, 82, 2.28133412419583e-05, 10540.7859041406 
69965, 50, 2.17746325530757e-05, 12421.1311365973 
72803, 2, 1.65785241797775e-05, 7.71051700495285 
76258, 42, 2.07969386906247e-05, 2718.45719959503 
84405, 9, 1.86734389005079e-05, 1090.24985012837 
914150, 47, 2.27252067993819e-05, 20869.4285075748 
1144748, 56, 2.21077531890434e-05, 7231.19942042592 
1296, 55, 2.16239593469564e-05, 25508.326914472 
1336796, 309, 2.25250591282802e-05, 34189.2726642832 
1482, 166, 2.24170010535991e-05, 41433.8651200215 
1497, 208, 2.14596879761368e-05, 103968.768166682 
1570, 326, 2.32320416318186e-05, 127857.103327769 
1573720, 55, 2.28237549641667e-05, 4158.02445757101 
158849, 109, 2.26880842181686e-05, 14256.7249500222 
159743, 158, 2.33198078447834e-05, 48943.0409334615 
1844051, 3, 2.02110028699624e-05, 1.61562168548197 
1850246, 345, 2.26855107642749e-05, 64816.6803623507 
1855823, 7, 1.83036204561262e-05, 128.229364918774 
2052660, 61, 2.02675314146737e-05, 15486.172577152 
2234, 21, 1.94476857253987e-05, 1148.68955230472 
2576930, 76, 2.11273557001606e-05, 21010.9880356352 
2682541, 54, 2.15605528125741e-05, 6054.97443891428 
2728853, 43, 2.07813798836243e-05, 6171.97857331792 
2779445, 68, 2.06726893101524e-05, 16255.5903571899 
28116, 28, 2.16141442960273e-05, 47.5409378360901 
2819101, 76, 2.24426590062391e-05, 21404.2911229161 
2853159, 4, 2.03218988782312e-05, 4848.75673678522 
2894079, 50, 2.20060736763347e-05, 16333.6750996247 
2932258, 32, 2.07296849087894e-05, 29085.0767580183 
2954087, 21, 2.17013888888889e-05, 1799.02549874761 
3042029, 2, 1.81165984274793e-05, 6.78059346503897 
314281, 50, 2.19452247191011e-05, 7214.14077554783 
351679, 60, 2.2145451324298e-05, 10853.5386993347 
35841, 122, 2.22113633334814e-05, 19081.3116339462 
43661, 12, 2.09165638268945e-05, 2485.77529308066 
45658, 175, 2.33814211227758e-05, 24692.4146891119 
588067, 17, 2.12861065582494e-05, 1313.95482698508 
691, 82, 2.24351064545801e-05, 5596.43678083938 
738, 142, 2.36675186973398e-05, 10420.852088644 
107445, 37, 2.18474176352355e-05, 34219.2466845701 
1131707, 39, 2.15160186759042e-05, 2106.67215644242 
1470200, 209, 2.36272564029865e-05, 38910.1504346417 
1519, 130, 2.0899515131249e-05, 27566.1247786933 
1706371, 125, 2.15842866393266e-05, 40922.0424465784 
1980674, 21, 1.94522253345783e-05, 8802.74103745367 
2055892, 1, 2.02334945268397e-05, 0 
157779, 229, 2.63740900938918e-05, 25845.6801698154 
1628392, 373, 2.64725347452019e-05, 57659.6527217572 
2282849, 254, 2.65632470913244e-05, 41518.0985783516 
2745504, 333, 2.60328534610679e-05, 18640.9980360325 
2950108, 1, 2.00320512820513e-05, 0 
2587853, 159, 2.52397778899546e-05, 5357.47485909289 
2758573, 586, 2.6359490734639e-05, 47646.5315766972 
2810563, 270, 2.66560042649607e-05, 47803.4272743289 
2867264, 220, 2.5823111684958e-05, 22468.5754616594 
3053904, 505, 2.6111705877745e-05, 27219.4681017057 
407217, 472, 2.63449075293746e-05, 40696.1245021082 
61652, 379, 2.63268744734625e-05, 25202.8405309932 
1751046, 280, 2.64501282831222e-05, 35377.6802843087 
1902245, 502, 2.5654181631606e-05, 13318.3652770662 
208224, 9, 2.39698938133704e-05, 78.9219466663834 
2599399, 391, 2.61663657534605e-05, 41809.4298643714 
970, 572, 2.67945660620026e-05, 114135.493859229 
107, 233, 2.56877905931311e-05, 10493.693836084 
1389005, 336, 2.60742594910305e-05, 15516.3810436241 
1871076, 97, 2.472738062857e-05, 1315.59195979874 
47879, 186, 2.58084496864273e-05, 15194.0665009111 
1263550, 218, 2.59544758493602e-05, 7844.5721654237 
156213, 52, 2.3227724612097e-05, 1610.03794139726 
2859228, 233, 2.59074069276406e-05, 17498.6467947844 
3034025, 438, 2.63629653063377e-05, 70285.7018405293 
1710539, 567, 2.65378695398333e-05, 77107.5344455615 
306, 340, 2.62412091949197e-05, 26888.5762172291 
146786, 69, 2.54439977609282e-05, 8601.95183185792 
1850526, 42, 2.42165932096673e-05, 1391.12449113225 
1870820, 157, 2.61588364549545e-05, 13860.0495612034 
40545, 243, 2.59074069276406e-05, 21215.5998282531 
84096, 395, 2.56232864427191e-05, 9817.12371702805 
213115, 241, 2.63227165043432e-05, 35537.2631215161 
2709784, 62, 2.4612355402412e-05, 9407.53420725342 
2761579, 292, 2.61759547679502e-05, 30477.0375147842 
981384, 277, 2.58257792928902e-05, 36956.2514980677 
145357, 72, 2.42718446601942e-05, 13389.3697861542 
2714935, 561, 2.6046414711015e-05, 29065.4671098292 
238834, 135, 2.61821228465204e-05, 6073.74963355864 
2587850, 91, 2.59067357512953e-05, 2918.32219538984 
2714934, 525, 2.62109456909205e-05, 36700.498638431 
2785056, 39, 2.46141728407217e-05, 157.106146250649 
2867023, 169, 2.56522073724444e-05, 7448.54498182482 
2876190, 507, 2.62646425382151e-05, 40277.8223060059 
78543, 162, 2.62453414518923e-05, 16022.0582217467 
1136497, 524, 2.61396905060644e-05, 29366.1716786326 
1590, 17, 2.28169849636069e-05, 31.0599866599507 
1940, 42, 2.37778200494579e-05, 15219.7463859349 
2675877, 369, 2.65710110269696e-05, 42751.4105508892 
2867025, 274, 2.61396905060644e-05, 23727.5324440393 
3032584, 393, 2.61869222510278e-05, 19409.5170308381 
395598, 207, 2.61766399664939e-05, 27719.233447525 
712528, 377, 2.66247770174925e-05, 86923.2729777583 
82654, 67, 2.52831715210356e-05, 12433.2012942602 
2778064, 261, 2.64270613107822e-05, 19852.7330203322 
3033390, 347, 2.57155347545452e-05, 9379.75463470305 
332411, 172, 2.59713276542697e-05, 7631.42061495726 
489632, 243, 2.63601855757065e-05, 16610.1881703572 
1653176, 207, 2.62109456909205e-05, 23777.6285303084 
2044521, 534, 2.63907948907421e-05, 47568.6646965374 
267212, 411, 2.6440337378705e-05, 47534.2425774586 
2763056, 297, 2.63796560092856e-05, 25394.9065652149 
2986280, 116, 2.59963085241896e-05, 5383.43994924038 
58180, 372, 2.69774468544297e-05, 105637.288789408 
629, 412, 2.62798276043309e-05, 60531.7241242633 
214851, 322, 2.65703050271017e-05, 56064.5896125355 
2908651, 539, 2.60681421235109e-05, 32855.9963790148 
3073561, 107, 2.56910903298736e-05, 2997.0961874663 
163202, 496, 2.60756192959583e-05, 24177.3272200337 
2747268, 150, 2.54984955887603e-05, 8425.77763859831 
2747817, 476, 2.63532388130501e-05, 44447.8779534536 
1188228, 18, 2.35460324935248e-05, 860.502447976604 
244366, 223, 2.64844536257217e-05, 29433.3015069141 
2906456, 161, 2.55506157698401e-05, 10703.6652147346 
102134, 205, 2.64830508474576e-05, 28785.2646481918 
2794344, 299, 2.59780745051177e-05, 14456.1031261253 
416273, 380, 2.55676007363469e-05, 13761.1917187563 
93681, 178, 2.57188416233733e-05, 5510.37827853221 
1874317, 243, 2.65230883484073e-05, 34517.6994006031 
2500532, 110, 2.58571650204272e-05, 5924.44939595336 
321846, 323, 2.60756192959583e-05, 16228.7450756039 
551, 240, 2.60695012904403e-05, 8708.89826877925 
2793010, 217, 2.58384579608289e-05, 7387.3710208633 
519081, 364, 2.63144045050261e-05, 23984.1902670595 
927, 251, 2.63581011623923e-05, 28928.1198557912 
1619313, 213, 2.5792473756158e-05, 13574.2551741543 
2058624, 274, 2.61882938326568e-05, 22705.9723912222 
2341117, 6, 2.05473822634996e-05, 173881.565608729 
65551, 131, 2.55108548687467e-05, 6091.87049036907 
225422, 283, 2.58792474314847e-05, 29156.4286076772 
2263, 234, 2.621987991295e-05, 22694.3509142038 
586, 351, 2.64977874347492e-05, 82983.2723363721 
1685, 254, 2.56778964667214e-05, 7130.68718856295 
1874, 292, 2.60193063252934e-05, 20947.8760674929 
219572, 241, 2.59990120375426e-05, 16310.024218666 
2578106, 23, 1.86528883997687e-05, 19166.2658724023 
2964609, 439, 2.56917503789533e-05, 19300.5681726697 
2983233, 252, 2.58611772007862e-05, 6784.54952616637 
79883, 65, 2.52518875785965e-05, 15879.9443519401 
225971, 144, 2.54478827361564e-05, 5492.02098849039 
2299, 10, 2.11985669768724e-05, 16.572229428509 
2763010, 479, 2.62136940337632e-05, 42017.2574996312 
2898794, 324, 2.6347684038573e-05, 33357.1346626995 
2922394, 161, 2.60919480248395e-05, 12844.9419869924 
577, 462, 2.63768727579658e-05, 44278.945305328 
607712, 369, 2.65174617485614e-05, 48982.9485698928 
1379040, 478, 2.62791369931411e-05, 53964.1387759679 
1379870, 282, 2.60844614862926e-05, 32008.6893959021 
2592814, 4, 1.40122747526834e-05, 0 
32062, 418, 2.68737738840665e-05, 94467.0062701104 
50741, 258, 2.62281322946993e-05, 13397.6016431398 
651740, 308, 2.62446526520221e-05, 23534.3896057285 
129338, 365, 2.67208208636169e-05, 54959.0514719388 
2735563, 238, 2.60627068727358e-05, 17491.1492961936 
28151, 296, 2.62281322946993e-05, 12802.1906584355 
38313, 242, 2.6111705877745e-05, 25681.9970294567 
387341, 371, 2.59181504807817e-05, 15064.5724420993 
712435, 308, 2.65406868729763e-05, 43204.9021967055 
1678129, 246, 2.61526793419986e-05, 20604.1858995664 
1777867, 4, 1.13168258566837e-05, 0.125 
2292447, 255, 2.6074939375766e-05, 10681.613014638 
1385664, 322, 2.61519953972488e-05, 30570.0404355425 
1985254, 151, 2.59882013565841e-05, 4318.45465827528 
2954094, 141, 2.60865028434288e-05, 13326.825041457 
38286, 320, 2.55369136086213e-05, 8563.02265018129 
1526412, 364, 2.60226917872385e-05, 22495.1065797674 
1920883, 189, 2.62487859936478e-05, 14415.6599423724 
2728023, 237, 2.64550264550265e-05, 27778.7334024019 
1134405, 224, 2.61903514745168e-05, 30448.2617880145 
1751286, 6, 2.04662205030597e-05, 223.364585387105 
221352, 68, 2.60044207515278e-05, 6539.5064509563 
2528020, 127, 2.58311161625294e-05, 4488.12000637661 
2603598, 114, 2.4358162420227e-05, 1815.27337820856 
475088, 212, 2.64368423835457e-05, 63911.4257288939 
876364, 321, 2.57944696657037e-05, 10254.1883078276 
154046, 313, 2.65055131467345e-05, 41945.7791386346 
224402, 391, 2.61903514745168e-05, 21633.7268016357 
2778876, 62, 2.54323499491353e-05, 5212.67028470603 
1052, 78, 2.55832992222677e-05, 2408.85293413599 
1870862, 171, 2.57512940025236e-05, 6994.27133588458 
199592, 271, 2.54491779915509e-05, 18022.8711594371 
152794, 346, 2.62081979243107e-05, 20537.037251798 
2692134, 222, 2.60858223555498e-05, 42257.5239568393 
2782609, 7, 1.40179710388718e-05, 27.3971337923151 
2931977, 241, 2.57393632081542e-05, 9547.05967105334 
299308, 218, 2.54388196387688e-05, 7691.47136704508 
446, 66, 2.54731640217031e-05, 5936.69512134699 
3034024, 378, 2.5704958486492e-05, 13268.737444638 
418701, 131, 2.58217780876391e-05, 3746.74836365392 
155977, 31, 2.32158610762873e-05, 1641.75889894149 
2606626, 114, 2.61595207575797e-05, 9881.39893358284 
2615203, 266, 2.56324814805321e-05, 13867.9149138706 
2961570, 462, 2.62425864693224e-05, 32058.2605910591 
86265, 218, 2.60532006356981e-05, 10215.163318094 
1692041, 19, 2.35904694503421e-05, 1471.15386916795 
2661630, 196, 2.59181504807817e-05, 7033.46198769963 
28065, 230, 2.62791369931411e-05, 14439.343369392 
33070, 72, 2.50350490686962e-05, 19207.7177630555 
414771, 346, 2.65449139944787e-05, 52925.7954204523 
2610895, 233, 2.63984583300335e-05, 31135.3217355417 
2778058, 282, 2.63608804534071e-05, 49676.3197437561 
2879622, 11, 2.2183278244859e-05, 4072.47934486288 
2860286, 195, 2.62398320650748e-05, 14126.0914859736 
2909669, 290, 2.67201068804275e-05, 48609.729284536 
2964610, 473, 2.61670504500733e-05, 26046.8497173596 
664426, 240, 2.58431321876211e-05, 25538.640791984 
2714355, 106, 2.61759547679502e-05, 4809.02413064117 
1175444, 54, 2.5160397534281e-05, 8337.01576198925 
169133, 423, 2.58111142658029e-05, 20378.8599248855 
2055893, 363, 2.60579528872212e-05, 31165.1428644798 
2866381, 398, 2.60274329142917e-05, 25358.8442963082 
353800, 456, 2.6711542057323e-05, 83410.8404859561 
518898, 96, 2.57142122451079e-05, 4389.06737287011 
576131, 171, 2.55010965471515e-05, 5346.99400872078 
1649480, 114, 2.60118614088024e-05, 3934.05736939397 
2015348, 104, 2.56587894183152e-05, 5917.81876342903 
2830999, 6, 1.92078675425454e-05, 1.68725396456442 
520734, 9, 1.6059871199833e-05, 0.493349182648738 
60137, 222, 2.5980774227072e-05, 12560.930778893 
739141, 24, 2.47445129042635e-05, 515.602846806252 
2954092, 199, 2.59902276743944e-05, 13822.4699321309 
198119, 308, 2.63095582625168e-05, 83222.5885722272 
2871694, 369, 2.60803797303289e-05, 16314.3375247756 
2876193, 401, 2.54971953085161e-05, 8019.82411893723 
2995161, 15, 2.12870127934947e-05, 273779.960399761 
133539, 185, 2.62357015426593e-05, 35021.4541070562 
1788301, 178, 2.61615738802846e-05, 13627.0726129867 
245876, 55, 2.51104861390117e-05, 857.334585650692 
2725563, 378, 2.55990169977473e-05, 8782.37759393688 
2751170, 230, 2.65139463357726e-05, 47542.181563398 
1003114, 137, 2.54342905104662e-05, 4477.06661832152 
2086471, 245, 2.61226195762911e-05, 47745.8249875415 
2678261, 56, 2.55030476141899e-05, 569.15676983318 
2953747, 171, 2.62611938338717e-05, 27847.284931145 
48076, 393, 2.66418009857466e-05, 66903.4530456361 
519, 21, 2.45893577259762e-05, 327.125314478221 
1046043, 404, 2.63873129799193e-05, 49357.9434854147 
2715679, 36, 2.465483234714e-05, 7215.85081622232 
2750620, 439, 2.59888767607464e-05, 18292.4188670565 
556, 328, 2.61526793419986e-05, 47721.0725728343 
1689834, 96, 2.59659326963025e-05, 3243.71783104654 
2759525, 226, 2.47954376394743e-05, 2664.04326945318 
1852390, 447, 2.57142122451079e-05, 12871.5536248989 
2005046, 24, 2.38225695023465e-05, 9772.57329274137 
2282475, 230, 2.63664407941572e-05, 17635.0930686813 
3016342, 374, 2.54524167069663e-05, 11393.6237035152 
1134687, 641, 2.66858805006271e-05, 115786.28427916 
169292, 299, 2.54239442707142e-05, 4839.24614605944 
2709392, 204, 2.58839364290521e-05, 6270.88220791417 
2785909, 562, 2.67537053881963e-05, 147739.052930531 
3015150, 337, 2.54465876126011e-05, 13059.3295112924 
32011, 5, 2.26937478724611e-05, 8.01215774613909 
375489, 117, 2.61718443298699e-05, 6143.68879290276 
81462, 97, 2.59821242984826e-05, 19763.2548010839 
2055947, 359, 2.60688216892596e-05, 25424.7301035386 
252130, 370, 2.64718339686573e-05, 70562.4510776585 
2707299, 222, 2.55747934835426e-05, 12950.0244383285 
1421430, 98, 2.57486417591472e-05, 6483.03337871524 
1573719, 73, 2.54207127967868e-05, 1550.46768896016 
1765219, 90, 2.45808957278403e-05, 1388.92895004734 
2856523, 28, 1.79872290673622e-05, 40787.7724249093 
428712, 23, 2.51313111005001e-05, 494.02327878339 
3024245, 18, 1.60727775366861e-05, 18.7534604272187 
401472, 447, 2.58458039337314e-05, 16936.9221945073 
84111, 374, 2.65378695398333e-05, 83773.1799232357 
2885078, 517, 2.59922543082162e-05, 17346.7654517189 
348826, 471, 2.60783393313514e-05, 27872.4047591312 
359408, 57, 2.51193167545843e-05, 1530.33161381573 
1917421, 294, 2.6605651040281e-05, 83914.3940015378 
2259595, 324, 2.64795445518337e-05, 103641.340979408 
2598458, 208, 2.65118375354596e-05, 41089.9052924193 
265175, 287, 2.65865525217345e-05, 46025.6019633369 
2813035, 13, 1.55612959447263e-05, 1466.43052625222 
2861765, 105, 2.57327397648028e-05, 53324.905329793 
2954096, 241, 2.63033300015782e-05, 21041.6998399164 
1916, 3, 2.15600879651589e-05, 4.24383773370229 
2055160, 122, 2.61876080238831e-05, 7614.05094074712 
2944933, 196, 2.64977874347492e-05, 11411.710800592 
2986281, 364, 2.65816055289739e-05, 87584.3457095783 
456327, 74, 2.55264837268666e-05, 7569.23504588342 
179, 101, 2.59605399792316e-05, 15006.7869510898 
2653858, 142, 2.60552371026576e-05, 21629.4131761817 
2751171, 316, 2.63761770369003e-05, 36727.7175655829 
2804761, 227, 2.60762992516102e-05, 16902.4181815797 
916, 225, 2.63894020161503e-05, 40057.590572229 
2011015, 388, 2.65943300888251e-05, 41276.0010938002 
2785907, 243, 2.5980774227072e-05, 15968.9515830194 
2886045, 466, 2.59511081123164e-05, 13543.6438330911 
360422, 36, 2.32131665080434e-05, 1983.57279042467 
907, 219, 2.64536267922332e-05, 27463.2184246032 
39791, 467, 2.60532006356981e-05, 18951.089082192 
539813, 203, 2.60301429054846e-05, 8749.74706210637 
665913, 198, 2.6034208950561e-05, 11247.8161398259 
2756133, 144, 2.61048894457932e-05, 12053.2882370569 
2898795, 400, 2.60701809270556e-05, 29444.6410986089 
2909339, 227, 2.60423448527305e-05, 45386.4690176325 
1492737, 288, 2.56765778257074e-05, 12926.0844852564 
1812935, 223, 2.63608804534071e-05, 23466.3189650376 
1921087, 265, 2.67766293578964e-05, 43191.4899395469 
2321394, 365, 2.55774100314602e-05, 7572.17093618524 
260552, 119, 2.62095717355978e-05, 9135.59305633654 
318147, 67, 2.52844500632111e-05, 3028.74505432469 
2175621, 394, 2.56924104619495e-05, 12005.7635524885 
2705473, 156, 2.4995625765491e-05, 3290.063522118 
2830994, 8, 2.06019901522487e-05, 144.399469031715 
2884875, 333, 2.56844917039092e-05, 15984.9834171365 
29494, 436, 2.66049431984463e-05, 90857.7100596762 
2973088, 172, 2.60111848094681e-05, 7918.90962391217 
370324, 264, 2.55813358573585e-05, 8523.44758832872 
794846, 25, 2.50125062531266e-05, 81.633174143444 
2609254, 376, 2.58564964447317e-05, 11790.5898624952 
2722756, 249, 2.62929561170562e-05, 21839.1377734352 
2886932, 473, 2.59983361064892e-05, 24134.7125202901 
2961571, 356, 2.55264837268666e-05, 11174.2568541256 
45404, 21, 1.59073555612115e-05, 20158.6444304985 
1751150, 253, 2.63852242744063e-05, 32023.5590170564 
2565368, 99, 2.54699200244511e-05, 1596.19303355824 
2899122, 430, 2.6623359335481e-05, 67885.1034214429 
321662, 116, 2.58371227780074e-05, 3535.26997424832 
470931, 381, 2.64263629396686e-05, 47561.7783638992 
933080, 486, 2.66951414842499e-05, 92374.4024606949 
1618207, 397, 2.56759185559863e-05, 17739.0058520145 
233100, 226, 2.63720034811045e-05, 34956.9292273538 
2806252, 320, 2.60511644870526e-05, 25651.3673109653 
2954091, 270, 2.61526793419986e-05, 18051.2905411919 
679663, 172, 2.57334019557385e-05, 15035.4131129499 
1844006, 175, 2.59457215505163e-05, 24798.2399621024 
2144175, 54, 2.59027094234057e-05, 2320.4086570798 
13769, 394, 2.61951538965291e-05, 36394.2244062191 
2936507, 131, 2.58993551060579e-05, 10090.136911726 
2953881, 356, 2.58464719565779e-05, 18433.3106817838 
2956798, 72, 2.59121061359867e-05, 5346.68468814022 
2005460, 32, 2.2367361546032e-05, 1636.18413251797 
3015158, 317, 2.5441408436371e-05, 12246.7930459382 
483913, 40, 2.00152115607862e-05, 832.160686906835 
911045, 243, 2.6121937202863e-05, 20978.4884939234 
1434100, 45, 2.44283760015634e-05, 5854.45287105783 
2576756, 145, 2.61814373609111e-05, 25045.6120262948 
2579935, 4, 2.30372281607077e-05, 4.1036266244734 
2725288, 111, 2.59895522000156e-05, 4702.53247422627 
2883127, 87, 2.55996723241942e-05, 3305.27510598108 
37448, 268, 2.63199452545139e-05, 37293.2865648082 
47884, 238, 2.61410571443509e-05, 18860.1961355436 
657, 119, 2.62398320650748e-05, 10944.2927262271 
1796620, 298, 2.64935753079878e-05, 49047.8895219723 
2371, 395, 2.64270613107822e-05, 66764.6948638187 
2949630, 6, 1.39516714102349e-05, 9611.44893772894 
36746, 235, 2.59834745102115e-05, 20054.5280851141 
1870819, 147, 2.60878639257018e-05, 19244.9030464945 
194197, 273, 2.65879662864587e-05, 52851.3055591568 
2749999, 258, 2.64669295715004e-05, 49223.6044830059 
79604, 1, 2.11407551477739e-05, 0 
1397264, 252, 2.64340470526038e-05, 60752.9764227668 
2730848, 195, 2.58745601324777e-05, 14038.345397057 
65093, 132, 2.43575691146024e-05, 5776.1051378421 
69218, 244, 2.636783124588e-05, 28484.6760667492 
71190, 32, 2.33339555721486e-05, 3141.63501067847 
2020313, 25, 2.46256895193065e-05, 5507.12540375587 
2558361, 226, 2.61376408165399e-05, 57159.8313112479 
2879620, 12, 2.11019434889953e-05, 720.621648634366 
3016087, 348, 2.59679555428601e-05, 16166.50533713 
515393, 275, 2.61903514745168e-05, 18491.3942581038 
2560057, 29, 2.49725302167616e-05, 368.996508471027 
2571030, 266, 2.62549884478051e-05, 53353.3517424382 
2609258, 401, 2.57891479265525e-05, 18519.6207311081 
2678259, 380, 2.61014825642096e-05, 24289.2110953629 
2714358, 200, 2.64305537201004e-05, 39322.3898192735 
703, 368, 2.65477328236169e-05, 54184.5937940985 
2748865, 3, 1.39049181695566e-05, 0 
2954086, 161, 2.58913082878078e-05, 5334.64125351143 
324057, 406, 2.6618398637138e-05, 89616.2909476599 
715179, 228, 2.67108285699022e-05, 28803.8488436443 
1750598, 116, 2.57459900620478e-05, 19699.9349987577 
2610902, 87, 2.50714536428822e-05, 753.923322655661 
2866382, 214, 2.58351202624848e-05, 13596.0102631938 
588898, 139, 2.6089225150013e-05, 6531.76882593097 
59932, 132, 2.53987605404856e-05, 3563.85759127458 
2842349, 425, 2.66937162991832e-05, 73932.895859231 
2895480, 216, 2.60504858415609e-05, 12416.5847062156 
2895522, 180, 2.64075208619415e-05, 53620.944249637 
2946593, 350, 2.65139463357726e-05, 54008.6448487902 
430914, 30, 2.44726151436543e-05, 115.825733433261 
43770, 242, 2.59564969111769e-05, 9211.80487136618 
1506334, 110, 2.59632360577422e-05, 4356.30080435544 
2073078, 233, 2.61937815962491e-05, 20068.3034352626 
2482728, 18, 1.79462330856753e-05, 980.663980431704 
2714933, 421, 2.5879917184265e-05, 12485.969223265 
2754044, 191, 2.61540473388257e-05, 32114.7252945233 
2953753, 167, 2.54880970586736e-05, 7494.45303516966 
37931, 385, 2.59882013565841e-05, 34332.8365319329 
1125966, 149, 2.63685265267377e-05, 27495.5356087905 
186188, 307, 2.54045677412799e-05, 11397.372909857 
2505977, 237, 2.59121061359867e-05, 24924.7453290468 
69223, 434, 2.67859534460129e-05, 114364.774497894 
1172565, 260, 2.64739364096047e-05, 45409.1831414344 
1579316, 151, 2.62432751607401e-05, 14444.8626416925 
2834768, 2, 1.55082038398313e-05, 0 
495, 339, 2.66028198989093e-05, 59458.4223530329 
1385663, 272, 2.65237918412816e-05, 49167.8795886227 
2162713, 129, 2.5766555011595e-05, 9327.45674070663 
3015166, 8, 2.37586124970302e-05, 55.7590939203441 
110932, 209, 2.48299150816904e-05, 3948.82132055315 
1397108, 259, 2.60960334029228e-05, 22924.7412041214 
1803177, 162, 2.57109065665655e-05, 7345.99960100222 
2505979, 277, 2.64648282432647e-05, 21458.3287131431 
3003262, 145, 2.58504808189432e-05, 12532.3199761977 
1182568, 106, 2.61417405170836e-05, 9089.97093331203 
1561005, 288, 2.64879612216248e-05, 59845.5522890267 
2718, 585, 2.58471400139575e-05, 59765.717917918 
283878, 611, 2.48774784187875e-05, 32261.5993191084 
2805590, 511, 2.5704958486492e-05, 20907.4040768449 
321327, 384, 2.60213374967473e-05, 29718.0156921855 
2201271, 28, 1.82405194899951e-05, 74915.6004143734 
29581, 727, 2.56410256410256e-05, 63488.1757624173 
2979861, 210, 2.52168650393383e-05, 8513.90531522144 
3022676, 92, 2.41231244270758e-05, 1370.66334546226 
582, 463, 2.51433169063663e-05, 65820.8286065762 
1830, 613, 2.4867580135777e-05, 24290.6370893263 
229731, 606, 2.56075388594402e-05, 34389.8045470803 
265960, 204, 2.44110826315147e-05, 19990.7470919011 
2874628, 272, 2.5046335721084e-05, 9735.27172086146 
2528007, 214, 2.58384579608289e-05, 5985.42546037661 
3061629, 544, 2.48929602708354e-05, 14546.3250494809 
2861288, 492, 2.44009565174955e-05, 14514.3216576637 
2996051, 23, 1.31188833206517e-05, 9693.73474033598 
3035471, 244, 2.43557893711335e-05, 26770.3334930614 
2079536, 746, 2.53222253171609e-05, 65222.5820267167 
328813, 362, 2.54673254214842e-05, 23409.4916450015 
461393, 567, 2.53170966353579e-05, 27635.7174765579 
285091, 374, 2.5160397534281e-05, 33725.5946099461 
289370, 676, 2.55918106206014e-05, 43080.0599510629 
2956833, 10, 1.26972840509415e-05, 7032.59186449977 
44252, 564, 2.56403681956873e-05, 56390.2220904309 
472181, 517, 2.53382658490853e-05, 46983.4551168553 
2831968, 482, 2.45416840503595e-05, 16156.5140774018 
146923, 1, 1.13582153971968e-05, 0 
2599296, 307, 2.48280656454056e-05, 27274.285561607 
33887, 495, 2.48589255972357e-05, 23323.7879992933 
2748320, 68, 2.46457178065311e-05, 5299.33437362302 
2961595, 532, 2.54355843825512e-05, 21770.8863418245 
2079792, 413, 2.40992890709724e-05, 7922.8575095655 
2739057, 539, 2.55147602888271e-05, 16649.9873036589 
2842357, 150, 2.48120487308637e-05, 3276.29437182774 
558537, 69, 2.48657250845435e-05, 467.033832091607 
2697027, 383, 2.48793352241628e-05, 57524.5210128549 
1420917, 449, 2.60057732816685e-05, 63198.1398968885 
958, 25, 1.6100726142749e-05, 74043.0765021048 
1755682, 14, 1.49269326646068e-05, 689.832966790281 
2987688, 482, 2.55349573566212e-05, 57923.8470182587 
2663121, 518, 2.50752256770311e-05, 14437.5863152955 
3031996, 638, 2.57082626356111e-05, 52673.7116624557 
1655, 432, 2.47176014039598e-05, 24474.3604369368 
1552990, 703, 2.57951350375319e-05, 39925.9638436746 
2185142, 138, 2.4270077421547e-05, 2524.07304078476 
1605838, 386, 2.50739682062083e-05, 25864.0845082635 
1703, 567, 2.50488452482341e-05, 17014.564151062 
34008, 367, 2.48065092280214e-05, 44079.5283800209 
1851395, 553, 2.50331689488572e-05, 18582.4060456122 
1679444, 260, 2.47751653742289e-05, 31758.9524938326 
2953750, 558, 2.56686688228348e-05, 22056.5780162731 
28097, 415, 2.51306795335746e-05, 20053.2142894702 
216816, 631, 2.53485424588086e-05, 63074.4235707658 
2585119, 306, 2.57161960602788e-05, 7651.4590358604 
2734634, 620, 2.58284474520237e-05, 24169.4489970376 
68203, 1, 1.82139409504034e-05, 0 
187145, 409, 2.63977614698274e-05, 44062.6708995215 
2502781, 408, 2.53389078930698e-05, 75926.8230333218 
2931399, 429, 2.56594478086832e-05, 16530.5334345441 
368607, 581, 2.5545394165432e-05, 34790.2492303014 
83655, 181, 2.46099325687848e-05, 6487.19175347325 
214856, 502, 2.60865028434288e-05, 63155.7822088179 
2886046, 263, 2.5068311147878e-05, 16734.4548641217 
2527973, 277, 2.58986843468352e-05, 14627.5975428557 
3028878, 281, 2.58217780876391e-05, 13990.6918862251 
323450, 188, 2.52251343238403e-05, 72947.4385045744 
2527976, 307, 2.59733513415236e-05, 13854.9979760203 
2559597, 564, 2.65385738170431e-05, 70208.207611829 
2867238, 183, 2.43066527308524e-05, 19422.7324818767 
640205, 563, 2.55121565425925e-05, 82112.1635343538 
2502784, 197, 2.48861458825872e-05, 2596.21292393867 
2831149, 17, 1.33643385988827e-05, 3248.7561325714 
44750, 510, 2.54439977609282e-05, 15170.6281180471 
1125, 108, 2.53042840152838e-05, 2851.29596267587 
1401995, 525, 2.50588883877111e-05, 15500.2047026425 
2546359, 22, 2.35283045503741e-05, 810.427869627011 
2956834, 8, 1.20657826469914e-05, 1253.24514358752 
1973486, 60, 2.45875439502348e-05, 3864.04366036337 
2527971, 253, 2.57672189440594e-05, 11280.1015885325 
2745199, 80, 2.46590881069218e-05, 1317.95066127281 
1769779, 416, 2.57805047822836e-05, 34257.8046541847 
907364, 658, 2.54757598145365e-05, 34478.1654417285 
1068, 321, 2.512373439188e-05, 29735.2129187027 
2012, 513, 2.53588274078207e-05, 11967.7998590044 
2796366, 380, 2.53267146185797e-05, 23656.1914000709 
2918528, 351, 2.51641963813886e-05, 31382.657364471 
453816, 14, 1.56784045655514e-05, 42322.0321114726 
2489213, 193, 2.45525301382307e-05, 7421.2170937667 
2608981, 574, 2.62205674130788e-05, 76295.6708029855 
2603215, 450, 2.59074069276406e-05, 60944.7121708215 
2816475, 615, 2.55846082996469e-05, 32618.5080559369 
3027225, 26, 2.32498663132687e-05, 117.358157575602 
1619153, 827, 2.60017161132635e-05, 128504.368054067 
1715691, 438, 2.53055646936761e-05, 33355.4621170784 
2735906, 349, 2.57658911133442e-05, 26522.5044278088 
53246, 390, 2.56036049875822e-05, 48951.2499966183 
95300, 451, 2.5593120569191e-05, 38236.625148259 
262324, 108, 2.45664029872746e-05, 8915.75938257495 
358099, 562, 2.49519674626344e-05, 25996.7406153372 
2020716, 367, 2.55362614913177e-05, 30389.8774342475 
2080740, 496, 2.48750031093754e-05, 18700.4329196743 
3051119, 47, 2.40963855421687e-05, 1122.46486576114 
1177712, 27, 2.33535730966838e-05, 18.3883255306506 
2039234, 561, 2.56331385214806e-05, 25012.3886261944 
2590775, 427, 2.56476019492177e-05, 22326.5902475181 
2697563, 600, 2.51199477505087e-05, 22813.9439851107 
2029983, 26, 1.78724621103803e-05, 361978.691083186 
2079535, 347, 2.51117472753754e-05, 12792.3916651074 
446660, 420, 2.59693042823383e-05, 25909.3559644042 
451, 14, 1.44069383815245e-05, 724.818349122991 
1076588, 392, 2.60769792427245e-05, 41373.6223679366 
2000, 378, 2.48003571251426e-05, 7230.174083443 
2728024, 354, 2.51978027516001e-05, 55430.1550337046 
1930622, 431, 2.60423448527305e-05, 27006.8768509599 
2704463, 286, 2.53254317986122e-05, 12782.2986541314 
2860285, 495, 2.47905201051118e-05, 11920.4702318842 
2058657, 590, 2.50846607299636e-05, 23483.3835066464 
2721245, 18, 1.33648744370047e-05, 18968.3973418414 
44012, 350, 2.59699787046175e-05, 27101.6526507862 
1881017, 406, 2.54738129203179e-05, 23206.599456051 
1945512, 178, 2.60491286566464e-05, 16725.8628279916 
2975049, 112, 2.51686298197926e-05, 4793.66902900721 
441500, 557, 2.55780642520974e-05, 19268.0658780715 
45989, 188, 2.60423448527305e-05, 29557.1587276545 
930805, 372, 2.60967144236541e-05, 32345.2821932819 
1121358, 606, 2.55356094073185e-05, 43745.0366193825 
2932249, 274, 2.50300360432519e-05, 25467.5537109349 
3028314, 573, 2.61082972168555e-05, 72254.6194160763 
1470347, 314, 2.61554154787749e-05, 39901.0403680741 
2876939, 594, 2.51768674941464e-05, 20959.2209184941 
471189, 481, 2.56713046157006e-05, 13081.325754325 
132132, 207, 2.62770653773387e-05, 18199.4266240096 
2664893, 42, 2.47788487746859e-05, 10223.1232258542 
2769486, 251, 2.59100919808265e-05, 16695.1143749794 
2997337, 237, 2.47880620693074e-05, 13042.7245177731 
83654, 293, 2.52461499621308e-05, 20182.0353977788 
2951804, 666, 2.60681421235109e-05, 37612.7814736928 
337243, 585, 2.56930705788649e-05, 19773.746691085 
42838, 309, 2.63123273253519e-05, 45547.6223200375 
28453, 57, 2.40540735573569e-05, 233530.804952364 
1478019, 302, 2.60783393313514e-05, 31267.2446127062 
1931241, 253, 2.50494727085995e-05, 10249.5478087377 
2592655, 7, 2.28055371844284e-05, 41418.9166491471 
29571, 225, 2.54026317126454e-05, 8096.58870514229 
158836, 409, 2.54699200244511e-05, 32148.8316655019 
192149, 254, 2.55747934835426e-05, 16754.2469121968 
1982745, 10, 1.49004648945047e-05, 86.397460785395 
3074146, 365, 2.59100919808265e-05, 36899.2875203402 
392011, 109, 2.46712555201934e-05, 1459.93628552704 
1330547, 368, 2.51357329579731e-05, 23626.0213532075 
1538553, 409, 2.61369576581286e-05, 42270.2520060509 
1844971, 428, 2.54705687578004e-05, 28359.8577262794 
1973475, 6, 2.15940745859336e-05, 389.912750787402 
585455, 378, 2.63928844783446e-05, 32588.4008452736 
1030, 478, 2.60504858415609e-05, 42576.4477998804 
1333523, 624, 2.57765175924733e-05, 33453.3279152271 
2267833, 8, 2.24992125275615e-05, 15.7302895482927 
2875540, 87, 2.48515122145183e-05, 30803.6304902472 
62320, 513, 2.57440016476161e-05, 17301.0268293746 
1547448, 612, 2.56844917039092e-05, 37928.6182692588 
195250, 172, 2.62908823220107e-05, 16256.2948140709 
82996, 286, 2.50457084178626e-05, 20797.1829019965 
1537400, 520, 2.53446877534469e-05, 37450.7675344011 
3041098, 408, 2.52646471792021e-05, 18676.2003947402 
441, 2, 1.87076738878288e-05, 3696.896360477 
2005462, 31, 2.3631164780112e-05, 19391.0135231789 
1007105, 504, 2.60457363129656e-05, 31774.9745317895 
1499686, 407, 2.53209429519155e-05, 26638.2078577347 
191390, 498, 2.53633296979227e-05, 29779.4796844434 
232348, 373, 2.5918822248717e-05, 20065.4500999896 
2527994, 275, 2.60416666666667e-05, 20094.6817008943 
2692125, 617, 2.57858229545396e-05, 30475.4040036136 
3016097, 530, 2.51717975180608e-05, 120532.95424687 
702115, 175, 2.50494727085995e-05, 4750.58254599735 
120, 115, 2.51933590305595e-05, 2662.55926044576 
2294119, 1, 1.63401362767365e-05, 0 
2932248, 358, 2.54045677412799e-05, 40557.8033976502 
2782643, 13, 1.44306391330072e-05, 2609.29396782543 
2500533, 220, 2.48997783919723e-05, 17289.1496632804 
255475, 296, 2.52187728545129e-05, 16610.8043548624 
2794089, 604, 2.57400257400257e-05, 23613.7129215889 
3002903, 367, 2.54213590258535e-05, 26435.4825223449 
55148, 347, 2.58478081058726e-05, 28146.456190887 
166501, 664, 2.62295081967213e-05, 65487.4634383199 
332999, 29, 1.71983833519649e-05, 18949.3644311717 
564064, 295, 2.52054242072894e-05, 57044.8489041179 
2201356, 380, 2.61055709288362e-05, 25209.4540279276 
2744519, 8, 1.20657826469914e-05, 1253.24514358752 
38304, 573, 2.52563519725211e-05, 19846.0212363358 
1652545, 602, 2.54757598145365e-05, 29459.0641792392 
2602769, 29, 2.37603060327417e-05, 162.419670313658 
2725558, 1, 1.54995505130351e-05, 0 
83986, 498, 2.63310337563853e-05, 37174.2374714804 
1170562, 17, 2.27427791676143e-05, 640.583729342408 
2714936, 99, 2.4909081851243e-05, 25592.8525707138 
2962672, 690, 2.60695012904403e-05, 37474.7573192232 
49283, 228, 2.55545333742206e-05, 7640.85123266302 
2999067, 267, 2.5783163594173e-05, 18088.1234427631 
1826864, 2, 2.11483557153431e-05, 0 
2706126, 235, 2.52914843572169e-05, 6906.41124418918 
3002901, 476, 2.52582657674724e-05, 9430.92231090708 
333367, 121, 2.55297421496043e-05, 2863.5141825075 
48073, 203, 2.58825965420851e-05, 5055.09610294598 
2806442, 535, 2.53536838902693e-05, 28070.6672418443 
2839024, 145, 2.56990131578947e-05, 5264.12088400822 
29570, 184, 2.55649861949075e-05, 15120.5696680778 
3022791, 405, 2.57161960602788e-05, 43627.7131082761 
2675378, 575, 2.54039223656132e-05, 35606.8534939509 
3033389, 533, 2.58177781220148e-05, 29375.043760182 
1446467, 404, 2.61643118785976e-05, 51801.3153070711 
1656, 506, 2.53865096087939e-05, 13835.6239856045 
1842536, 16, 2.30356361290917e-05, 137.804187735497 
2508880, 30, 2.42824534991015e-05, 89.5491661443799 
29442, 195, 2.47249350970454e-05, 4818.0392007311 
1904944, 75, 2.48219028470723e-05, 2310.82867858752 
1932360, 511, 2.57267815796244e-05, 28651.9836302031 
274539, 260, 2.61656810926788e-05, 19708.7246039309 
2886821, 587, 2.55343053392232e-05, 62312.8701762127 
393662, 433, 2.63310337563853e-05, 51240.0120840494 
476157, 55, 2.44391221467325e-05, 1375.92797485128 
1197717, 428, 2.63310337563853e-05, 43426.0684748721 
2675218, 572, 2.54621378010898e-05, 32684.3658116361 
1531429, 584, 2.63060977534593e-05, 64657.3534221912 
2895486, 403, 2.60491286566464e-05, 31564.0890018774 
2974039, 43, 2.46968462127386e-05, 2075.85842717266 
2994951, 206, 2.57579270020349e-05, 8427.50166956472 
133926, 458, 2.60627068727358e-05, 31969.5332532576 
135619, 330, 2.60987576991335e-05, 38861.3922337365 
2057025, 305, 2.58899676375405e-05, 211556.951985367 
310783, 471, 2.59255418438245e-05, 35225.5091447011 
56957, 160, 2.58311161625294e-05, 10568.8465143202 
216142, 279, 2.52155933229109e-05, 11872.6280219921 
271, 438, 2.64711332292135e-05, 52158.4660431416 
2811788, 74, 2.52283162621727e-05, 1665.5581345074 
155978, 191, 2.58611772007862e-05, 13641.8082880227 
1936003, 342, 2.55963960274393e-05, 24293.5906492505 
2682776, 806, 2.61965263406072e-05, 73513.3684331967 
292414, 182, 2.51117472753754e-05, 5837.91642412422 
1871022, 312, 2.59902276743944e-05, 15897.6518517379 
2600177, 541, 2.65844321565291e-05, 91363.2432087228 
2867516, 22, 2.40940632228219e-05, 1355.17650068752 
2498848, 216, 2.56535235114543e-05, 11636.7486428497 
2962673, 712, 2.62894999737105e-05, 73863.0350847953 
1684, 540, 2.56871307474955e-05, 33561.5412746505 
2835648, 370, 2.59255418438245e-05, 28190.0957779299 
3029060, 80, 2.48471897828356e-05, 496.193478137048 
252307, 295, 2.59841496687021e-05, 24637.9198657608 
2592345, 12, 2.20867567806343e-05, 22979.4369929835 
2939437, 578, 2.60267555046588e-05, 51496.0521482541 
358766, 96, 2.48756218905473e-05, 12299.3324452008 
511062, 483, 2.5991578728492e-05, 55478.7601066067 
1111069, 227, 2.62908823220107e-05, 17206.02042621 
2733571, 598, 2.58264462809917e-05, 30437.4892118022 
417367, 17, 2.34637133672775e-05, 6129.18006936097 
1072256, 543, 2.58304489332025e-05, 32080.3841765543 
2964616, 524, 2.54511211218854e-05, 18097.9257183835 
576610, 255, 2.6115797445875e-05, 15780.0496692912 
1586232, 539, 2.57512940025236e-05, 19201.7706583188 
2565554, 22, 1.63585800752495e-05, 5402.73758146127 
2837508, 9, 2.26649441309127e-05, 4304.8259841258 
195253, 25, 2.36837742462639e-05, 7332.50351583037 
2434, 305, 2.55499629525537e-05, 16392.0794792362 
35746, 695, 2.61444743653429e-05, 48619.0484259766 
38302, 635, 2.57758531807403e-05, 29631.1630053461 
1670, 561, 2.58745601324777e-05, 54674.6796515483 
199136, 551, 2.54764088454092e-05, 24321.8158153991 
3068341, 218, 2.54452926208651e-05, 11445.7354114997 
675090, 588, 2.55375657592318e-05, 28331.9350765844 
2775159, 99, 2.4976896370857e-05, 3796.72958085078 
2830983, 509, 2.56154102307948e-05, 18382.8730349158 
3032281, 454, 2.56016385048643e-05, 13590.9533601384 
445930, 511, 2.53055646936761e-05, 15429.904730624 
1301032, 118, 2.49662955010735e-05, 2647.08493462186 
75293, 18, 1.31178507713296e-05, 5240.3557729151 
239935, 353, 2.55911556965913e-05, 28232.4042239312 
3051171, 422, 2.55043484914178e-05, 39826.588351336 
363852, 25, 1.71561899533352e-05, 2917.65028048343 
1126833, 603, 2.63984583300335e-05, 74683.7428419891 
1407499, 568, 2.57479787836655e-05, 18196.5180343155 
1853232, 256, 2.54660283182235e-05, 18074.3771584818 
2822844, 329, 2.61021638693848e-05, 40721.5953145749 
29510, 267, 2.61924094397444e-05, 25491.6899425647 
84993, 288, 2.53023632407267e-05, 1804.794760342 
160808, 440, 2.62542991414844e-05, 87399.954005414 
2057800, 560, 2.55336533551221e-05, 19681.0014024659 
2138101, 240, 2.63345008295368e-05, 24725.7401258351 
2201, 430, 2.60010400416017e-05, 14934.3211243389 
266009, 132, 2.57984624116403e-05, 3948.20277294334 
2961598, 563, 2.59713276542697e-05, 28793.9186332243 
2986927, 479, 2.57638996238471e-05, 51912.8662138408 
2493633, 573, 2.6246030287919e-05, 71793.4613379276 
1678028, 232, 2.56456287025876e-05, 5383.38275554239 
200450, 356, 2.52812539501959e-05, 28827.4335074047 
2527691, 339, 2.58411287405034e-05, 21982.623698276 
2823109, 14, 1.3116990437714e-05, 2515.14922976697 
2909672, 586, 2.55473520169634e-05, 25466.0754607561 
1703338, 38, 2.39120038259206e-05, 142.320535400493 
2986824, 204, 2.4976896370857e-05, 12479.8555460207 
2546356, 4, 2.18426455812328e-05, 8.67320667984955 
911, 1, 1.16471382981202e-05, 0 
2214, 4, 2.09687565527364e-05, 501.51913747879 
2872158, 658, 2.60572738880058e-05, 38748.5353896999 
373994, 17, 2.33301448801997e-05, 4489.67664584838 
413497, 745, 2.5918822248717e-05, 91886.6507511854 
48074, 265, 2.56759185559863e-05, 20033.1116344492 
2897177, 584, 2.64956812039638e-05, 50389.8004096705 
200451, 247, 2.53376238376365e-05, 14618.0342157684 
1160, 7, 2.21562458457039e-05, 75.8422137798693 
1283291, 368, 2.61513114882711e-05, 55986.0987918525 
1404244, 468, 2.52436007472106e-05, 13414.0077413558 
2057798, 503, 2.53472574267464e-05, 16250.7551836918 
2601894, 409, 2.63873129799193e-05, 46704.9425052816 
1380604, 9, 1.20659282318589e-05, 1253.37014358752 
2319843, 334, 2.55813358573585e-05, 23648.7940395416 
2722820, 583, 2.56081946222791e-05, 24332.3136094097 
59561, 495, 2.5340192078656e-05, 10322.5409634247 
2161747, 293, 2.58678669356925e-05, 24017.02877492 
2698672, 216, 2.52889259793137e-05, 8133.46657579228 
2954084, 281, 2.55277869961453e-05, 15349.3804688156 
485898, 355, 2.58558279036095e-05, 17865.0950368612 
1297617, 278, 2.61137515015407e-05, 29743.869259644 
2488665, 220, 2.58732212160414e-05, 10082.225945678 
2796470, 359, 2.62363898727535e-05, 35680.2421284073 
340320, 536, 2.56456287025876e-05, 19993.4094160182 
388950, 305, 2.57440016476161e-05, 41744.704799629 
71254, 599, 2.58551593970577e-05, 32424.3790037249 
1389004, 174, 2.52620942276115e-05, 9205.1695335389 
1411316, 23, 1.806684733514e-05, 5271.99874510664 
2049589, 81, 2.51395243601991e-05, 2177.46654033149 
2726989, 262, 2.56095062487195e-05, 8331.89224536812 
3032283, 585, 2.58424643373992e-05, 25042.2642846555 
3045157, 72, 2.45019969127484e-05, 9775.33142011405 
3047871, 16, 2.37101669195751e-05, 2183.26763707588 
634157, 513, 2.56075388594402e-05, 16815.6549465251 
2093857, 404, 2.63880092885793e-05, 46580.5198119679 
2608982, 230, 2.6160205096008e-05, 16054.9246098941 
2807626, 394, 2.59336099585062e-05, 34844.7612183528 
986106, 352, 2.63088660878716e-05, 49073.0205188867 
2724123, 1, 1.93847287107217e-05, 0 
660522, 551, 2.60348867482426e-05, 50592.5818577844 
1487865, 615, 2.62584355224116e-05, 52852.9662944332 
441501, 430, 2.57931390250193e-05, 25687.5758573702 
1120045, 36, 2.47084404032417e-05, 3117.27441359493 
1288121, 381, 2.58324507246002e-05, 32859.4611203821 
281093, 627, 2.67981562868475e-05, 118001.849882026 
421, 359, 2.60247234873129e-05, 30794.8233643702 
887061, 235, 2.63462957108231e-05, 30070.5068438982 
2583822, 506, 2.52844500632111e-05, 16270.618763467 
544580, 524, 2.54861482784107e-05, 15150.0957009032 
629680, 559, 2.56009830777502e-05, 23837.3208696336 
636, 536, 2.60172754709127e-05, 50909.8233698752 
2483033, 267, 2.57089235673702e-05, 73080.8448490605 
2886935, 542, 2.54097319273282e-05, 20697.4677441425 
2894187, 540, 2.55414793624847e-05, 20223.37498394 
2979324, 548, 2.58144457638495e-05, 25973.5784352207 
437900, 342, 2.57758531807403e-05, 15600.7245728267 
1580596, 355, 2.55669470508527e-05, 24287.5353776785 
2697043, 392, 2.63199452545139e-05, 38704.6292982768 
2994661, 432, 2.60179523871471e-05, 34489.7364149065 
1173032, 208, 2.6621233095517e-05, 38100.5428885251 
196013, 152, 2.53755582622818e-05, 3122.09702007511 
2779361, 210, 2.48077400148846e-05, 30437.8990715002 
2502979, 96, 2.57864878803507e-05, 8010.65757641168 
2842355, 30, 2.47414518283933e-05, 60.0022753824127 
3019098, 403, 2.59787493830047e-05, 33647.9224422712 
1933880, 559, 2.57619084421774e-05, 32327.5817485267 
55968, 558, 2.54783561364621e-05, 20131.0757661428 
81682, 190, 2.5792473756158e-05, 9179.73061125837 
1906273, 493, 2.55695619934031e-05, 17050.4542100534 
2072405, 27, 2.42441874560574e-05, 348.322220649375 
2994972, 508, 2.56765778257074e-05, 18253.9915534826 
45655, 92, 2.57089235673702e-05, 7764.00732054529 
2497325, 496, 2.58051197357556e-05, 18442.7460269248 
2911172, 236, 2.60565949241753e-05, 17700.8678837334 
1176257, 434, 2.62398320650748e-05, 56697.1527567093 
1536648, 209, 2.64900662251656e-05, 43616.8187475141 
252514, 268, 2.61588364549545e-05, 26492.2357193616 
2785908, 5, 2.14868929952729e-05, 34814.66564612 
2938695, 392, 2.56068831301854e-05, 14308.3268462739 
1148509, 544, 2.61862365140882e-05, 86966.1320795409 
2237, 577, 2.62839720338538e-05, 49365.417692475 
2724121, 74, 2.44218135638753e-05, 927.52976335368 
33011, 495, 2.55819902788437e-05, 17895.9631542851 
1852381, 480, 2.64487291385649e-05, 53037.1511222753 
2726956, 159, 2.53517556090759e-05, 3902.61519660996 
2838877, 72, 2.186604858636e-05, 71.9647772861845 
2997335, 7, 2.06015657189946e-05, 133.692487956665 
875171, 258, 2.50381832294249e-05, 22504.4640748882 
253239, 48, 2.51357329579731e-05, 454.952628387662 
553, 265, 2.54200666005745e-05, 20146.8869506264 
936456, 298, 2.64431340402464e-05, 29017.5203989642 
187491, 509, 2.55330014043151e-05, 15632.2628522579 
2364647, 240, 2.54699200244511e-05, 12025.8602322135 
2714940, 37, 1.82122823632258e-05, 101644.765566809 
84110, 216, 2.60810599342757e-05, 13991.7596753901 
1097, 413, 2.64312523127346e-05, 45126.205335775 
1178482, 356, 2.61008012945997e-05, 38775.8548071286 
1399, 135, 2.62322604338816e-05, 24936.7894960232 
216572, 217, 2.63942777205902e-05, 14315.9876256176 
574987, 4, 1.43614194827017e-05, 0 
71655, 480, 2.57300913418243e-05, 55912.5540874058 
1827144, 43, 2.42259799408886e-05, 1776.6579797732 
191610, 507, 2.55774100314602e-05, 10951.3292249807 
2596915, 282, 2.56732818156145e-05, 25891.640113853 
416213, 426, 2.63393562661329e-05, 55142.4923793287 
462710, 523, 2.54355843825512e-05, 19175.0936298493 
2718875, 23, 1.31188833206517e-05, 26770.832196472 
2949307, 572, 2.58758991874968e-05, 26471.5281554457 
85017, 394, 2.55225747173375e-05, 8837.64927859385 
3075123, 559, 2.62322604338816e-05, 24996.4383617698 
89154, 493, 2.55826447338126e-05, 18333.8511580296 
2804758, 567, 2.55905008061008e-05, 27718.4531883451 
2927876, 389, 2.65971594233736e-05, 70937.6000615412 
328814, 214, 2.61506276150628e-05, 8578.79890052052 
108486, 359, 2.56759185559863e-05, 11920.0584956498 
2060066, 323, 2.56482597655749e-05, 22594.5770327233 
321332, 71, 2.51553341886147e-05, 2132.75836614644 
518753, 85, 2.48243675992354e-05, 5782.63765803514 
2836432, 570, 2.59794242959576e-05, 24689.0493694438 
401471, 350, 2.61704744707022e-05, 23704.0555614126 
88724, 461, 2.55610653852053e-05, 16719.0093608391 
2163011, 436, 2.63144045050261e-05, 35058.7105125008 
2932254, 384, 2.57201646090535e-05, 33167.2206818732 
83263, 69, 2.45134088346325e-05, 2359.43035800779 
898, 232, 2.64291566456114e-05, 20585.6942236589 
114707, 416, 2.62860447388481e-05, 79870.0765056175 
2830996, 503, 2.60443796228774e-05, 36527.6836362395 
2709410, 373, 2.6459226332222e-05, 55440.7800338099 
61645, 410, 2.61526793419986e-05, 42351.0837875938 
1510841, 1, 1.46922703965444e-05, 0 
1902, 11, 1.20625806685082e-05, 0.422594072594073 
2584940, 356, 2.60620276257493e-05, 42255.3064307378 
2909671, 416, 2.63421316052895e-05, 49992.7114204964 
241368, 237, 2.61349083971461e-05, 20858.3361050377 
28100, 10, 1.444606561403e-05, 8169.99957557158 
2816859, 491, 2.55343053392232e-05, 15342.2050917447 
2919578, 307, 2.58164450755131e-05, 11597.1340633984 
3029061, 185, 2.56706456167373e-05, 4866.60276790303 
571, 352, 2.58464719565779e-05, 32491.1914317375 
2364787, 348, 2.64886628522992e-05, 37937.7262055603 
2842356, 513, 2.61896655579708e-05, 45811.875529755 
2867236, 90, 2.47114933155411e-05, 2781.54384994172 
435905, 217, 2.57161960602788e-05, 16118.9219192995 
497967, 338, 2.56680099591879e-05, 19537.1163936413 
56956, 376, 2.65371653000027e-05, 87796.5343405112 
1520670, 71, 2.50576325548762e-05, 202.900104237629 
2049, 573, 2.62281322946993e-05, 52081.4386946018 
1334193, 493, 2.60213374967473e-05, 49501.4720844408 
1653831, 356, 2.65090263234631e-05, 65083.2424811156 
1930593, 426, 2.66616898179007e-05, 79456.6912461152 
2259620, 127, 2.57023157786517e-05, 2394.65971268514 
2982524, 262, 2.56134419343271e-05, 6028.47371947565 
2058625, 318, 2.61574679571018e-05, 14748.9485213873 
2949995, 493, 2.57712032574801e-05, 19303.1611377732 
2175619, 540, 2.55617187699701e-05, 20674.9033840751 
2527867, 511, 2.58879569224397e-05, 21059.3113998481 
2976335, 305, 2.65406868729763e-05, 40343.6153880711 
548, 346, 2.57572635483206e-05, 30245.7632096135 
2982699, 345, 2.5030662561638e-05, 4941.12377565015 
188932, 30, 1.72001582414558e-05, 12936.42436684 
2597515, 8, 1.40333150900237e-05, 36.0939939186117 
2609807, 20, 1.45030528926339e-05, 196243.663890687 
2694930, 300, 2.62522314396724e-05, 50486.8523678621 
1491, 262, 2.66006969382598e-05, 41395.2863945373 
1737425, 533, 2.57433389110568e-05, 23379.5408778255 
2071, 397, 2.5409086289257e-05, 10811.7507652551 
111782, 1, 1.92578042251622e-05, 0 
118126, 267, 2.63490725126476e-05, 48236.1586095236 
1100, 384, 2.66339956320247e-05, 75562.6016556125 
86185, 293, 2.56173788297981e-05, 24598.9985839477 
1017351, 516, 2.59780745051177e-05, 18968.8391967632 
2735870, 299, 2.61513114882711e-05, 37797.4652027814 
2886936, 528, 2.54777070063694e-05, 14577.7241793901 
78448, 559, 2.59356277718702e-05, 32644.75197052 
1903411, 345, 2.59598660470912e-05, 42052.9491268648 
2666139, 226, 2.5980774227072e-05, 11506.3979321358 
2675099, 552, 2.60620276257493e-05, 38587.4818236316 
2737173, 554, 2.61001200605523e-05, 53747.815812498 
359110, 372, 2.5642340632853e-05, 31951.3434032098 
45663, 286, 2.64068235231984e-05, 33754.1457338471 
1903409, 406, 2.59221816108044e-05, 32184.0246351446 
2745490, 411, 2.59612139463641e-05, 29896.3620453866 
2996034, 354, 2.63942777205902e-05, 37907.5857914528 
2781024, 55, 2.52365930599369e-05, 8248.10329870115 
2867010, 266, 2.58411287405034e-05, 23622.0782712344 
2811108, 486, 2.55147602888271e-05, 16772.939841385 
2902624, 600, 2.63074818478375e-05, 40245.4496180442 
336820, 30, 1.72185202403705e-05, 25955.348551002 
1630135, 597, 2.62329485834208e-05, 57800.3868709266 
2609252, 400, 2.53446877534469e-05, 11336.0728823517 
2781023, 54, 2.4786833234186e-05, 1385.98440349351 
2971798, 17, 1.31175066243408e-05, 2793.18561434189 
721785, 279, 2.59100919808265e-05, 17171.8116473672 
1178516, 244, 2.5624599615631e-05, 18960.3971831019 
1525, 256, 2.61663657534605e-05, 18138.148488962 
2173174, 522, 2.56101621123262e-05, 17160.2258446642 
2913412, 21, 1.31185391194837e-05, 8863.50699922213 
291594, 272, 2.48508946322068e-05, 13286.3546828047 
2979868, 480, 2.63234094079865e-05, 49405.6745707494 
1691904, 44, 2.48811923067353e-05, 324.009089983144 
55779, 94, 2.59895522000156e-05, 8986.47628825708 
797277, 151, 2.57334019557385e-05, 5974.46493599486 
1550024, 201, 2.61458415039088e-05, 15851.1789099286 
2020486, 287, 2.56160663968441e-05, 15194.943463543 
2718876, 489, 2.60375982919336e-05, 25521.3825758588 
2762577, 130, 2.55787185062028e-05, 6880.93723676382 
3033387, 375, 2.58177781220148e-05, 18408.3204891081 
1356852, 382, 2.62047640260999e-05, 30396.3890726877 
165301, 430, 2.52672006468403e-05, 9901.92199694669 
255984, 221, 2.52659238485055e-05, 17515.3883811796 
2697565, 558, 2.58351202624848e-05, 24637.8517230476 
2884876, 547, 2.62171302729203e-05, 39588.0518489124 
2961574, 482, 2.58732212160414e-05, 18012.6015893538 
2003188, 474, 2.61663657534605e-05, 34905.6733444358 
204038, 398, 2.59268861809697e-05, 39179.1798910812 
2108523, 397, 2.63164820126845e-05, 37638.4912795116 
2247, 548, 2.61185258703999e-05, 28709.0939750798 
745377, 582, 2.61622583261387e-05, 47626.861632888 
1930, 16, 1.31173345576179e-05, 2119.03501326749 
258, 13, 2.2650569661827e-05, 178721.925663823 
28141, 572, 2.61144334473664e-05, 89607.9355994961 
1505757, 556, 2.60933096753992e-05, 76074.8897207625 
2518644, 340, 2.58424643373992e-05, 28626.8011876682 
2933779, 1, 1.93550884527542e-05, 0 
256319, 172, 2.61198902964608e-05, 6972.23742387711 
2731552, 223, 2.60430230741184e-05, 23957.1266302646 
2953748, 552, 2.64158918005072e-05, 77110.6138363908 
496056, 314, 2.61028452101279e-05, 634334.865154154 
869888, 437, 2.57003341043434e-05, 16700.1266343228 
2527964, 140, 2.5654181631606e-05, 5586.97103398834 
43675, 577, 2.55787185062028e-05, 21305.2790230986 
79263, 331, 2.62412091949197e-05, 23452.4157903671 
1385715, 395, 2.62639527248851e-05, 44042.7165416506 
2490858, 318, 2.62542991414844e-05, 20633.3150946218 
2937524, 652, 2.62425864693224e-05, 40295.9948101659 
437505, 464, 2.62805182518199e-05, 44110.7010727965 
47878, 454, 2.60254007911722e-05, 47337.0000152804 
102116, 4, 1.99668550206657e-05, 4780.9768400897 
121292, 365, 2.57951350375319e-05, 26088.6113033141 
2520506, 207, 2.54569522936714e-05, 66375.6057513573 
2866573, 292, 2.60260781302865e-05, 25722.3110910791 
2994971, 464, 2.54026317126454e-05, 16074.5841228249 
447471, 287, 2.61342253815597e-05, 20818.2285555911 
110539, 156, 2.47892910262766e-05, 588.708991559447 
1891279, 135, 2.50075022506752e-05, 3247.31374656825 
2489212, 533, 2.56311674996796e-05, 15483.5870237895 
648794, 292, 2.59720021816482e-05, 13055.6977284753 
83677, 460, 2.55545333742206e-05, 12123.0792550457 
936337, 534, 2.57738601510348e-05, 26916.8627218306 
2057743, 411, 2.54187743067029e-05, 9002.17831177263 
3059028, 564, 2.60050969990118e-05, 29864.5779408235 
38289, 516, 2.56647161482394e-05, 18898.1717435909 
156978, 466, 2.58712131011823e-05, 15528.6105650768 
1853130, 164, 2.56838320277385e-05, 11833.0518821687 
1960083, 511, 2.59094206653539e-05, 19660.5843859174 
354349, 7, 1.52283490946746e-05, 157.549563186155 
454171, 160, 2.58004592481746e-05, 5993.21394814747 
135622, 213, 2.60613484141669e-05, 26092.9813698881 
251699, 343, 2.57340641807561e-05, 24110.8052497465 
2857077, 167, 2.62798276043309e-05, 16651.7094729331 
169435, 291, 2.65554876915315e-05, 32964.6202732664 
223182, 540, 2.62350132486817e-05, 35547.9137472521 
29284, 578, 2.63317270979804e-05, 55114.6894017037 
2961597, 416, 2.53800664957742e-05, 10636.9372269922 
712411, 300, 2.63164820126845e-05, 32785.3332258288 
920, 264, 2.63261813873898e-05, 22921.8668384862 
2072412, 82, 2.49171504746717e-05, 1438.52298171965 
1661, 627, 2.60437013308331e-05, 41558.5957036904 
1732569, 14, 1.58195307927167e-05, 9121.36082125114 
2605730, 7, 1.40475086743366e-05, 113.068668884898 
75291, 335, 2.48917210135909e-05, 6153.53482237174 
1457250, 493, 2.55734854103266e-05, 16049.2881149419 
1637837, 175, 2.58671978064616e-05, 9898.33655656103 
85874, 132, 2.56022939655393e-05, 3687.00864971181 
1727163, 180, 2.54388196387688e-05, 5329.2801359624 
1834519, 235, 2.55017468696606e-05, 17571.2670069925 
213118, 30, 2.43640970665627e-05, 1276.07682668396 
1705310, 129, 2.55271353448716e-05, 3602.23453960134 
463024, 159, 2.59672812256557e-05, 9981.47494844648 
46680, 294, 2.63310337563853e-05, 17125.1963361595 
748197, 469, 2.66035276277634e-05, 78541.8193733701 
1301, 355, 2.63109427210777e-05, 43402.2415644724 
2741953, 369, 2.67486960010699e-05, 77729.1309475298 
42906, 440, 2.60552371026576e-05, 37327.607717465 
496057, 8, 2.04691529864494e-05, 226446.905225709 
1909299, 31, 2.41586741719614e-05, 143.466599362795 
430522, 25, 1.93839772044428e-05, 254787.182323212 
657387, 196, 2.57619084421774e-05, 3544.34169715068 
208223, 251, 2.60281103591879e-05, 22594.6179525078 
244566, 281, 2.59605399792316e-05, 38092.3388424165 
271420, 329, 2.6079699561861e-05, 26090.87875867 
74712, 423, 2.54543603319249e-05, 10977.519952991 
2946555, 293, 2.5560412033842e-05, 38073.7243090427 
53946, 152, 2.56587894183152e-05, 5937.92359808819 
2047767, 166, 2.59127775906299e-05, 20432.5385080957 
2883126, 158, 2.57009946284921e-05, 4572.29260203301 
2594459, 7, 1.18463761935224e-05, 9733.11755947798 
2730847, 211, 2.56403681956873e-05, 17642.6538712346 
1051, 494, 2.67644461097878e-05, 134184.767836441 
2976983, 243, 2.60905865163849e-05, 10851.9087107699 
1704499, 317, 2.64012461388178e-05, 41428.6008110008 
1785161, 336, 2.59720021816482e-05, 30741.4584946407 
2054919, 396, 2.61540473388257e-05, 38385.7897368296 
2815936, 303, 2.63657456232862e-05, 30371.6802998565 
2886940, 557, 2.59047224308992e-05, 29717.6228507475 
42443, 186, 2.59882013565841e-05, 14157.8055931329 
712710, 177, 2.61711593823606e-05, 10692.169063581 
1667168, 486, 2.56699866516069e-05, 12657.0651192034 
179637, 240, 2.56114739403253e-05, 8309.88923212885 
3033392, 461, 2.60423448527305e-05, 22848.5781214449 
2231053, 13, 1.49204738742502e-05, 2678.84660414737 
992289, 20, 2.23229234100498e-05, 14.8885079506934 
43771, 588, 2.60790194288695e-05, 49893.8077927918 
1679096, 409, 2.62736134100523e-05, 36851.8019690344 
2782629, 23, 1.60202495954887e-05, 52801.5919222752 
555573, 464, 2.6412403264573e-05, 55928.269230587 
1379910, 270, 2.58993551060579e-05, 20111.4417107828 
2045451, 55, 2.51749660137959e-05, 601.944867118594 
2894755, 199, 2.61972126165776e-05, 15190.677930795 
1891671, 349, 2.59726767440652e-05, 19703.2431368481 
2662363, 191, 2.60552371026576e-05, 7240.54188438915 
36745, 47, 2.44732140672034e-05, 8333.82947776344 
1056, 204, 2.63914913831781e-05, 37536.2083538135 
188786, 191, 2.65399824836116e-05, 45709.0021948839 
1898042, 16, 2.44456938910211e-05, 74.8154930000812 
2320270, 503, 2.61342253815597e-05, 36195.1376193761 
302406, 470, 2.63164820126845e-05, 57935.2332806063 
3031114, 532, 2.56140979995389e-05, 18662.611496451 
644652, 338, 2.61185258703999e-05, 39132.993078352 
2903900, 222, 2.55774100314602e-05, 17271.3900213889 
447020, 70, 2.50469630557295e-05, 596.843489102244 
650, 432, 2.61869222510278e-05, 31244.9997149395 
2714594, 100, 2.58892973644695e-05, 5384.9058168604 
2866807, 39, 2.50783699059561e-05, 4618.79344635373 
1736226, 295, 2.59423560847796e-05, 13297.7080951255 
2772253, 321, 2.5409086289257e-05, 4868.26586458458 
310575, 372, 2.62295081967213e-05, 53203.38710491 
111501, 204, 2.53215841183024e-05, 13654.4968698354 
1842535, 4, 2.22741953446932e-05, 0.320431762353841 
2587846, 303, 2.62501640635254e-05, 32866.8263364727 
2879621, 22, 2.3551577955723e-05, 9841.32034771814 
698828, 212, 2.56042605489553e-05, 20683.7636140248 
2562282, 251, 2.56930705788649e-05, 11749.3809930084 
1219, 468, 2.7037988373665e-05, 149899.954713581 
1516059, 475, 2.64620269912675e-05, 52274.7028705109 
1590041, 215, 2.59315924590929e-05, 10270.3017486911 
2507162, 515, 2.64256646054648e-05, 49760.6686741408 
2724122, 168, 2.55447416149386e-05, 6571.75807923033 
2866592, 265, 2.59618879484916e-05, 17516.090071622 
2932251, 332, 2.58204446280565e-05, 36640.2536319854 
33871, 88, 2.58171115815563e-05, 3848.68816075891 
539, 444, 2.64305537201004e-05, 60018.201376214 
2305221, 1, 1.06355824044925e-05, 0 
285107, 311, 2.61540473388257e-05, 23387.3353125679 
106, 301, 2.58980136223552e-05, 32179.2750324926 
2569540, 271, 2.64054289561934e-05, 43166.6628193019 
2572921, 576, 2.63671360016875e-05, 63004.3559696416 
266809, 385, 2.62143812095315e-05, 25097.0175117401 
2876194, 488, 2.61506276150628e-05, 26726.3211801375 
2878535, 449, 2.56213169356905e-05, 15828.2376914576 
2907159, 53, 2.54213590258535e-05, 374.029681416176 
46677, 275, 2.60980765717567e-05, 25308.8792475357 
470934, 251, 2.60450579502539e-05, 13212.5318334886 
1434072, 327, 2.61055709288362e-05, 32942.9812088169 
2175149, 521, 2.6160889470242e-05, 35200.1906233578 
2490452, 267, 2.64158918005072e-05, 26686.8889687218 
413810, 214, 2.59201658890617e-05, 14699.1812894997 
626932, 151, 2.57838283828383e-05, 6180.9768668632 
929813, 415, 2.62667121956345e-05, 35840.4236553608 
183795, 230, 2.56924104619495e-05, 21332.2865791691 
2666025, 177, 2.54900461369835e-05, 13279.7447882022 
2878680, 448, 2.62171302729203e-05, 30867.1066425612 
2944234, 216, 2.58371227780074e-05, 18993.8089966731 
3031916, 434, 2.54601929882629e-05, 11662.1211459309 
86173, 303, 2.63033300015782e-05, 25725.9760455915 
1396, 60, 2.52882864657091e-05, 6343.19732533262 
171163, 500, 2.60491286566464e-05, 25832.1265940311 
2895495, 174, 2.57546100752035e-05, 3994.77408579741 
44251, 90, 2.57652272493043e-05, 1495.22042298944 
752201, 1, 1.92626266517702e-05, 0 
158327, 93, 2.55245290724386e-05, 1220.51889179584 
1909699, 55, 2.55017468696606e-05, 5480.97986634639 
2173831, 165, 2.54006959790698e-05, 13842.7183010045 
2546360, 52, 2.36384266263238e-05, 18694.216626076 
2853257, 335, 2.62295081967213e-05, 31175.4283440246 
77635, 560, 2.62853538008622e-05, 72861.4347255633 
1778675, 402, 2.64858565526009e-05, 51321.4470651981 
273384, 496, 2.58866166192079e-05, 29767.3317931839 
2796143, 400, 2.64858565526009e-05, 52404.8644657074 
2883169, 407, 2.57838283828383e-05, 22025.1225036968 
3051120, 53, 2.47837616793477e-05, 851.619687447242 
714067, 140, 2.63706125893305e-05, 24935.6046991024 
169760, 303, 2.64536267922332e-05, 54901.9639950171 
2789740, 21, 1.97898319843265e-05, 96689.6179373701 
563172, 260, 2.59255418438245e-05, 15699.1206764272 
1550728, 1, 2.07770621234158e-05, 0 
2296, 39, 2.56456287025876e-05, 1950.10192342311 
2583374, 33, 2.48410174880763e-05, 862.624115277755 
2745947, 267, 2.57811694338455e-05, 20336.3300171724 
418719, 343, 2.6267402153927e-05, 26194.0302893112 
1968839, 254, 2.58004592481746e-05, 26124.4922028391 
3020832, 134, 2.5593120569191e-05, 6239.01917630576 
52227, 254, 2.6395671109938e-05, 21595.1806932766 
395922, 516, 2.67365381530399e-05, 109674.993749102 
52773, 322, 2.60423448527305e-05, 18285.8092392979 
1214604, 334, 2.62412091949197e-05, 28572.9990332107 
2594007, 404, 2.53710516300901e-05, 8793.20666483051 
2766984, 30, 1.80056897979762e-05, 42823.6846444098 
2878542, 10, 1.59443859816958e-05, 15.2241853664491 
29489, 584, 2.64620269912675e-05, 62695.4757150158 
1217908, 264, 2.56996736141451e-05, 10927.4544478029 
1549855, 307, 2.60186293386064e-05, 27173.7178394573 
1748242, 412, 2.6466229091679e-05, 51647.4236083356 
2718620, 207, 2.63047138047138e-05, 17794.0230064499 
3015983, 244, 2.6048450117218e-05, 6988.88345418607 
665914, 352, 2.63137120753625e-05, 43261.9578671969 
2871095, 215, 2.61089788778361e-05, 10059.2399211574 
470, 2, 2.228710245381e-05, 0 
9, 278, 2.65174617485614e-05, 80373.8098600115 
198620, 37, 2.46493628139713e-05, 196.717149714149 
2686360, 313, 2.63553224573703e-05, 24916.1381921654 
2710596, 217, 2.56495754995255e-05, 13207.3947410793 
46679, 356, 2.60817401737044e-05, 34899.0997059654 
1537274, 320, 2.59194940514761e-05, 12944.9030729911 
3033388, 346, 2.56864709357581e-05, 13160.0793224178 
655307, 304, 2.62763749113172e-05, 25018.1396708654 
795750, 6, 2.15745075618649e-05, 15.7754741501708 
28454, 5, 2.16034046965802e-05, 58.4132031618751 
2853258, 366, 2.5706940874036e-05, 11934.7299052384 
2910158, 260, 2.57314154851658e-05, 16853.1132525802 
45462, 336, 2.64529270163744e-05, 38317.685656118 
546, 215, 2.57003341043434e-05, 27614.2156363995 
2975482, 70, 2.58144457638495e-05, 14313.411640816 
2875539, 11, 2.25260739305746e-05, 7054.81376786259 
57494, 602, 2.60559159957268e-05, 36721.475816155 
1457365, 295, 2.6060669237986e-05, 34614.4887298285 
2742683, 99, 2.22286438304399e-05, 14233.5567187758 
28173, 142, 2.48824305158128e-05, 29138.8193436292 
290053, 289, 2.48731469505522e-05, 54374.8165595555 
2983236, 21, 2.18512367800017e-05, 6413.1108675285 
2994319, 391, 2.4955080854462e-05, 78053.6352925702 
326454, 35, 2.31026914635555e-05, 312.555864227475 
341027, 5, 1.73103221450951e-05, 40.4619758574797 
553239, 255, 2.43914337284746e-05, 93424.2180876656 
564, 295, 2.50475904218014e-05, 134045.737844304 
687, 94, 2.407028523288e-05, 24138.8360617315 
76831, 414, 2.38549618320611e-05, 76389.7200552911 
90244, 211, 2.37569192027178e-05, 42789.9111080963 
92172, 182, 2.42647772493449e-05, 11780.9621949964 
118000, 142, 2.25570693855454e-05, 38831.9878478559 
118613, 34, 2.32466234279471e-05, 1818.19765128279 
1442557, 143, 2.41068415216238e-05, 10843.2149240076 
2292255, 131, 2.39618527304531e-05, 13160.3079657264 
2682487, 35, 2.31894812513044e-05, 7049.26769448555 
2774188, 33, 2.37124158209238e-05, 939.840267378609 
2775920, 3, 2.24754455757085e-05, 1.08454717641854 
2820280, 130, 2.44756100545806e-05, 12760.7708310473 
2871493, 50, 2.37135404315864e-05, 9046.11350811856 
29370, 123, 2.40523378872426e-05, 31638.2725916517 
498374, 29, 2.03314018501576e-05, 1515.30928734703 
108981, 161, 2.42765585550592e-05, 33925.9306362804 
1114861, 303, 2.36378678643186e-05, 47892.4290828215 
138563, 14, 1.7296549338407e-05, 1426.23246349587 
1742359, 95, 2.23999283202294e-05, 39430.9784081916 
1743165, 153, 2.34560082565149e-05, 18064.9415610003 
1925020, 135, 2.36356330804321e-05, 50330.1413857236 
208199, 58, 2.22890894906943e-05, 7413.15143300559 
2303538, 65, 2.41435090176006e-05, 17873.192157049 
2433, 41, 2.38543927864316e-05, 4878.92396680021 
246787, 253, 2.44708185488805e-05, 19563.8596761241 
2487065, 89, 2.21577186412887e-05, 971.956151594766 
2562449, 5, 2.18159605567433e-05, 288.86698560504 
2884482, 276, 2.43658780244146e-05, 21165.9430279558 
2932268, 101, 2.12472113035164e-05, 16774.2776341714 
396015, 131, 2.443315089914e-05, 46141.6896984186 
421058, 321, 2.46712555201934e-05, 48899.9702861175 
46507, 13, 2.1161334010496e-05, 929.651135864905 
643674, 111, 2.38140598209183e-05, 35781.1718312778 
66969, 217, 2.41190516388896e-05, 20720.980292993 
69710, 79, 2.34186553008126e-05, 38833.7264887625 
102106, 16, 1.91453515086537e-05, 23970.2984056297 
1118153, 257, 2.426301103967e-05, 46355.8108182183 
1291540, 21, 2.18469403360059e-05, 2201.29598741759 
1481663, 119, 2.42765585550592e-05, 16500.1506955305 
1534110, 20, 2.22861090682178e-05, 1772.38901273808 
1789226, 4, 1.94859603655566e-05, 73.0644684568656 
1855895, 52, 2.11994657734625e-05, 1400.71191486758 
206379, 29, 2.05098755050557e-05, 1954.50842537423 
2153385, 84, 2.38561000047712e-05, 19663.4192292679 
2572577, 82, 2.41487563390485e-05, 3985.4664512229 
2575375, 9, 2.23333928890477e-05, 873.612325551162 
28084, 92, 2.28859137201053e-05, 3047.44790575422 
2852098, 271, 2.34653651210813e-05, 49363.7136672241 
2906077, 46, 2.14730513205927e-05, 11.105980608612 
29341, 178, 2.21990365618132e-05, 37774.7223152983 
3021011, 89, 2.3958408203359e-05, 3711.74285663855 
3047864, 185, 2.4043085208694e-05, 79315.4260376961 
332186, 96, 2.34990012924451e-05, 4046.70651627377 
380393, 12, 2.31980884775095e-05, 398.524377111154 
456163, 4, 1.90843336704899e-05, 340.700616035869 
529884, 37, 2.22816399286988e-05, 9848.92430386062 
885581, 56, 2.25215080401784e-05, 10522.2502338682 
1149953, 58, 2.32288037166086e-05, 676.792954473205 
1241981, 198, 2.39314602977074e-05, 11322.2784251069 
1390, 28, 2.14785858499076e-05, 15424.1045633754 
1397, 207, 2.30574129582661e-05, 81037.9191637215 
1441386, 25, 2.07787890121764e-05, 2778.6607241786 
1556, 43, 2.09200644337985e-05, 4998.07586857885 
1581557, 111, 2.3468118560935e-05, 4322.27371918751 
1758730, 83, 2.37874354765813e-05, 15776.3236199212 
1813611, 22, 2.05655526992288e-05, 308.66212732591 
2015076, 151, 2.32455426671936e-05, 9042.11487401894 
2809708, 74, 2.38788862887435e-05, 22434.7382731712 
2864204, 17, 2.19062849131416e-05, 1173.76186982493 
2879939, 3, 2.07978037519238e-05, 0.0168861168861169 
2956784, 273, 2.4217179667256e-05, 24304.1835791946 
2968831, 35, 2.36395442295873e-05, 7694.47390694298 
37636, 12, 2.01397700038266e-05, 1880.00121608547 
43662, 98, 2.41791189129068e-05, 23820.0239970435 
513223, 19, 1.8658805090122e-05, 435.315703895586 
702967, 29, 2.19678829551196e-05, 983.755228397075 
759811, 66, 2.07296849087894e-05, 10947.8536971561 
90245, 193, 2.46712555201934e-05, 54701.5630648869 
1165090, 157, 2.20872446162341e-05, 14860.8483082976 
118968, 93, 2.31744339644504e-05, 17673.4601461857 
1573676, 57, 2.3657999952684e-05, 7378.54785275771 
1729720, 395, 2.46244767298695e-05, 71537.8824557667 
1779135, 22, 2.14560044628489e-05, 11405.0999048434 
1784714, 293, 2.43878645985757e-05, 49201.2663565998 
1891207, 100, 2.4507401235173e-05, 47618.0777657494 
2107708, 36, 2.30372281607077e-05, 9772.03439712923 
263819, 8, 2.17599442945426e-05, 159.148326009753 
2743000, 54, 2.34274335246574e-05, 13316.3826974812 
2795724, 12, 2.17722621380361e-05, 674.076671864549 
2886359, 32, 2.33825145556153e-05, 702.170274768682 
2913621, 20, 2.19245357479555e-05, 239.608400659113 
2929492, 18, 2.26675129204824e-05, 1339.6868652997 
2983219, 35, 2.27977384643443e-05, 1558.10706164251 
3025672, 4, 1.86908900601847e-05, 482.892868973629 
33952, 108, 2.22241977064628e-05, 3825.19614513703 
357794, 60, 2.32541915680301e-05, 9706.20205491424 
450, 100, 2.29184332958999e-05, 1872.40749289898 
45243, 242, 2.41097475709429e-05, 38758.1667126847 
55583, 26, 2.14730513205927e-05, 28223.52577619 
607711, 141, 2.35543516664704e-05, 3954.75514413562 
1050657, 54, 2.27526108620964e-05, 26178.610016468 
1521, 41, 2.05511827205656e-05, 12876.224128319 
169480, 19, 2.26952929962326e-05, 5969.76032971536 
1853276, 140, 2.43149269336446e-05, 11699.3164755319 
1855377, 8, 2.17192997697754e-05, 49.527884413424 
2109558, 2, 1.99844121585164e-05, 0 
2580412, 31, 2.34785875281743e-05, 1198.40549753125 
262, 108, 2.33896243626327e-05, 25226.2094662048 
2803864, 167, 2.38231370306842e-05, 19280.6437577266 
2812863, 2, 1.92370582690495e-05, 40.8000098056578 
2926399, 150, 2.34829983092241e-05, 44520.6327884538 
3022127, 25, 2.15354797028104e-05, 1106.62689660674 
309806, 19, 2.00080032012805e-05, 494.856187267763 
475, 263, 2.45212231186092e-05, 116067.562161418 
561879, 176, 2.43759750390016e-05, 31933.4177158733 
640030, 119, 2.3999808001536e-05, 37668.1158362618 
885040, 57, 2.37135404315864e-05, 8611.40072198415 
1071983, 143, 2.27640055544174e-05, 5070.90780949021 
1796616, 167, 2.4113235755106e-05, 7414.41968292687 
2233542, 8, 2.13615875931899e-05, 862.266764056976 
224372, 21, 2.14665979735532e-05, 1255.3591078912 
2303750, 8, 2.21911546057741e-05, 29.9807548470236 
233055, 139, 2.31299440255355e-05, 52985.871131724 
2352, 45, 2.15586935431713e-05, 986.474381686712 
2829812, 170, 2.40055692920758e-05, 23810.3135246917 
2864205, 22, 2.28039770135912e-05, 2858.56349480486 
2864213, 32, 2.18564902847901e-05, 22310.8884965213 
2924033, 91, 2.26357010276608e-05, 69787.3846605429 
3026433, 78, 2.32785511429769e-05, 569.588877016816 
38303, 18, 2.23903989969101e-05, 1159.78475099723 
433286, 42, 2.21087307377683e-05, 14784.3285880607 
544645, 281, 2.36188856609745e-05, 58002.6047355033 
999141, 87, 2.38669180648703e-05, 15141.1857521588 
1019, 223, 2.36004908902105e-05, 19980.0127873983 
135620, 56, 2.31798057532278e-05, 22056.5877076291 
1471, 121, 2.28906285766607e-05, 27031.4908724969 
1472, 9, 2.10508588750421e-05, 116.628602964508 
1630406, 116, 2.06219582611565e-05, 18045.9967771545 
1659194, 4, 1.89713721993512e-05, 46.1404489579024 
1743168, 122, 2.28096986838804e-05, 21085.570702551 
1855883, 190, 2.36194435259105e-05, 37970.5352758728 
2584122, 210, 2.39578342117873e-05, 29909.3680733506 
2605424, 12, 2.20667740583004e-05, 175.46859079301 
2813779, 53, 2.29226361031519e-05, 5045.8439434307 
2879938, 96, 2.26039783001808e-05, 1379.06768482605 
2908648, 55, 2.31107002542177e-05, 3665.72634871114 
2935040, 21, 2.19746412639814e-05, 329.077195515557 
2961619, 64, 2.25347034433027e-05, 36303.2657639018 
2978283, 2, 1.96529292691076e-05, 0.887928954038874 
35786, 1, 1.66032974148666e-05, 0 
398736, 43, 2.24901043540842e-05, 5248.28590743229 
404011, 146, 2.29447261546933e-05, 5767.40190443623 
447792, 55, 2.32872246285688e-05, 5580.48994065438 
449, 125, 2.27458829951779e-05, 4570.1913858179 
762954, 335, 2.22930646275944e-05, 119677.964795968 
88431, 126, 2.35710076605775e-05, 11592.5073672543 
1250205, 237, 2.39400541045223e-05, 16674.7237118141 
136, 48, 2.2261303176688e-05, 55061.7708206692 
1408281, 104, 2.32223305930983e-05, 43656.8680008583 
1503041, 6, 1.97628458498024e-05, 95.9258777330124 
1737490, 71, 2.40171001753248e-05, 12489.8671699207 
1906945, 108, 2.33612110451806e-05, 23116.5348984534 
1912795, 1, 1.81682745589651e-05, 0 
2081052, 26, 2.02028364782415e-05, 59.0078980748971 
2172099, 124, 2.32801769293447e-05, 14557.5707459949 
2564040, 371, 2.39992320245752e-05, 96172.6972295485 
2675331, 313, 2.22479309424224e-05, 63987.071737568 
2779359, 393, 2.44875970321032e-05, 130527.667109921 
2785912, 69, 2.33704924162752e-05, 1245.77627344312 
2812025, 3, 1.80147721131328e-05, 28.0936756338905 
2906078, 393, 2.28571428571429e-05, 128874.170077818 
29483, 39, 2.35249835325115e-05, 3150.05152238107 
3029399, 38, 2.22192596542683e-05, 13285.5845177069 
32052, 16, 2.01714573877963e-05, 1663.52822712078 
332951, 37, 2.09165638268945e-05, 6976.69586666507 
33938, 151, 2.27138509062827e-05, 65624.3057285616 
357276, 211, 2.29236870458245e-05, 23704.2148272171 
407035, 17, 2.20041367777142e-05, 674.997700254716 
490, 74, 2.38543927864316e-05, 16702.9703825727 
63363, 22, 2.03641102920213e-05, 2217.22686548109 
906, 36, 2.24703952542525e-05, 83.2114360619677 
999183, 121, 2.42283277608179e-05, 29083.8058446924 
1055688, 15, 2.1491510853213e-05, 596.509801007759 
1472767, 246, 2.30049000437093e-05, 117164.632632056 
1623, 14, 2.26618623518481e-05, 2809.35126401355 
1743162, 100, 2.2915807323892e-05, 12693.5527603713 
1836467, 85, 2.23473674801108e-05, 4699.50383025163 
1855619, 126, 2.26182936759251e-05, 10544.4471595969 
2339259, 99, 2.40998698607028e-05, 14564.6472484579 
2546350, 137, 2.41849666247461e-05, 17350.6593640123 
2811781, 35, 2.22895863052782e-05, 1932.61633403164 
2813371, 70, 2.12978936383192e-05, 9561.3707197537 
28183, 157, 2.35882436193801e-05, 15430.1693043722 
2864201, 310, 2.36826524570752e-05, 56292.0697619639 
2916754, 122, 2.15275983811246e-05, 11220.3755015294 
2933872, 108, 2.19423355421951e-05, 16735.4856937635 
3058398, 190, 2.4033262034656e-05, 21375.5137435571 
313603, 226, 2.32498663132687e-05, 42190.069243599 
33934, 163, 2.39343242143558e-05, 11286.7250244866 
432330, 99, 2.28393933857117e-05, 24313.7215484264 
487316, 151, 2.41405948242565e-05, 38280.7175387382 
577469, 6, 2.00960591627982e-05, 783.407695542323 
674529, 293, 2.47690288063805e-05, 47043.5430981944 
70771, 11, 2.1362956633198e-05, 185.308958156704 
1381081, 57, 2.2655701307234e-05, 12218.1524270504 
1714860, 369, 2.31867928028195e-05, 68562.1619778537 
200, 43, 2.28180262407302e-05, 5427.12356237551 
2054915, 3, 2.04565911136568e-05, 18.2578934915171 
2496865, 279, 2.40662302656912e-05, 62371.8766189326 
2742639, 10, 2.20623924458368e-05, 2044.41605636026 
2880008, 143, 2.24507206681334e-05, 36146.1345237717 
2986929, 5, 2.08381087332514e-05, 17.7189659801077 
468, 258, 2.48391663975757e-05, 145469.412915347 
57487, 38, 2.17964646134397e-05, 6710.69089802715 
584609, 379, 2.27019909646076e-05, 167642.301039925 
710191, 4, 1.9309119697233e-05, 9610 
762210, 17, 2.21302587027242e-05, 2129.21817206662 
92245, 171, 2.33448501260622e-05, 42607.132907513 
935293, 40, 2.29557871539415e-05, 2738.45110748572 
110662, 60, 2.33181765185962e-05, 15229.9197998386 
1508404, 46, 2.26762511621579e-05, 7028.23610867219 
158, 30, 2.24059510205911e-05, 9936.50202504965 
1867846, 89, 2.25820292211458e-05, 1287.38608824028 
1931275, 71, 2.33377675091601e-05, 22643.4227511392 
2066133, 66, 2.17009179488292e-05, 11932.9466082461 
2093856, 178, 2.40923217770497e-05, 27031.4587805733 
2488639, 32, 2.15689234950284e-05, 790.29195840746 
2676309, 27, 2.15810259619742e-05, 13129.7134642678 
2683272, 113, 2.33154581487526e-05, 19584.3833108577 
270918, 380, 2.38163284748023e-05, 85828.9628003509 
2834459, 223, 2.34714235418378e-05, 29982.0185541493 
2845819, 130, 2.24159960547847e-05, 3315.35534481035 
2854036, 26, 2.288381885169e-05, 4298.48313457571 
2949996, 290, 2.353771919501e-05, 23839.1093774221 
2999116, 287, 2.27123032546731e-05, 68640.8370285469 
3020906, 63, 2.31256648628648e-05, 36546.0331942636 
351671, 35, 2.2972134800487e-05, 1589.15779149001 
390846, 151, 2.35626767200754e-05, 16126.7230150748 
456, 177, 2.29774132028216e-05, 15598.3431769979 
59610, 38, 2.1746221593998e-05, 12765.1254401989 
755731, 63, 2.19905880283239e-05, 13896.0571219984 
82985, 147, 2.40361503701567e-05, 35905.6359976979 
92713, 7, 1.89085958476724e-05, 186.304203752943 
104609, 44, 2.25697970975241e-05, 3013.36647590842 
104623, 6, 2.09270691639636e-05, 165.43235597652 
1177211, 120, 2.33688539914003e-05, 25328.6166585234 
1303, 139, 2.27733369770672e-05, 21062.685192162 
1305, 50, 2.30202578268877e-05, 9357.4829021681 
1336794, 29, 2.19867200211073e-05, 184.101748468588 
1441095, 111, 2.3146540749485e-05, 11429.829233258 
1504, 97, 2.09191891722277e-05, 11428.109428808 
1530123, 95, 2.25850893240283e-05, 17972.5885251532 
1605721, 6, 2.09797545368719e-05, 1027.01191302664 
1758398, 73, 2.23094770658576e-05, 2977.40018467032 
225848, 314, 2.4358755754756e-05, 66101.9059174032 
248906, 165, 2.31594061928252e-05, 24348.9500867797 
2493639, 306, 2.32574365653418e-05, 26709.8103904841 
2751178, 141, 2.33573914465233e-05, 24940.1020598129 
2759528, 121, 2.26300663060943e-05, 11942.7076407412 
2829795, 336, 2.43042897071333e-05, 49051.0557781431 
2840467, 29, 2.19245357479555e-05, 819.970005719442 
28895, 55, 2.20259465650536e-05, 6953.1996814432 
2976431, 9, 2.13666082646041e-05, 140.412607281012 
2980181, 1, 1.89297139720219e-05, 0 
2983228, 40, 2.18493270407271e-05, 25327.9097568672 
3050072, 172, 2.20877324733843e-05, 90028.9194714672 
3051121, 260, 2.31395779340985e-05, 15551.9050375924 
3058394, 103, 2.31862551879246e-05, 9571.99191524803 
329857, 28, 2.17746325530757e-05, 28415.6849047358 
454155, 116, 2.38049895258046e-05, 18098.77714715 
456827, 69, 2.22015008214555e-05, 33376.9911749269 
477976, 89, 2.25331801077086e-05, 20240.1474710372 
60961, 41, 2.19101246686094e-05, 25016.7883800018 
628, 76, 2.38897250292649e-05, 18922.9410001707 
65058, 109, 2.4094643760692e-05, 4880.01239600336 
680279, 102, 2.32731334946937e-05, 35970.2425375098 
732, 124, 2.31315491198446e-05, 7162.02142278645 
79885, 78, 2.19534148536805e-05, 8111.21409613894 
113653, 24, 2.14887399002922e-05, 4484.86984521884 
1196083, 117, 2.34104316883603e-05, 23202.9396357173 
1632, 18, 2.1510927551196e-05, 1862.95808512538 
1936081, 151, 2.19756070761455e-05, 5156.1052019043 
1940690, 22, 2.17978899642515e-05, 1186.61052421029 
2236, 45, 2.11322668582659e-05, 14829.9893594566 
2749808, 12, 2.25407988459111e-05, 97.1546039453053 
2755562, 168, 2.3071776296057e-05, 6255.09182624284 
2763672, 240, 2.39371888165454e-05, 47680.0380129949 
2871165, 229, 2.26398007697532e-05, 24927.1971686688 
2920386, 241, 2.27541640120142e-05, 39156.5276889644 
2932257, 27, 2.21562458457039e-05, 1161.23200873518 
2980107, 7, 2.14744346855069e-05, 0.662255660354512 
521720, 41, 2.30483785465693e-05, 9956.1947486254 
583, 162, 2.44893960914924e-05, 31885.6807461562 
64471, 37, 2.18765723786397e-05, 2649.39971467236 
69539, 3, 1.97203652211639e-05, 29.4668935013532 
744515, 136, 2.22469410456062e-05, 31835.2499359409 
795748, 7, 1.96506121165674e-05, 271.417488961696 
1031538, 69, 2.34626123272565e-05, 3845.04992533579 
104264, 387, 2.29005885451256e-05, 55579.811613179 
145260, 20, 2.08159866777685e-05, 654.612065239071 
1679721, 112, 2.19471512597665e-05, 37656.0412636367 
1854498, 25, 1.80799132164166e-05, 20750.6287636532 
2184575, 103, 2.3084025854109e-05, 49542.3390391471 
264697, 16, 2.18827957459845e-05, 2881.08268579307 
2686365, 117, 2.21729490022173e-05, 3458.87624277945 
2696560, 164, 2.26849961435507e-05, 9624.71492541631 
2810516, 51, 2.37574836073363e-05, 15378.6533044975 
3057057, 73, 2.29131819535779e-05, 7227.13526499167 
3058393, 81, 2.3284513470091e-05, 25521.7605900586 
3070996, 49, 2.07926144633426e-05, 5723.43356169615 
332101, 60, 1.89771325552709e-05, 27152.3788512939 
36874, 76, 2.28901046077781e-05, 5753.01738890785 
375929, 53, 2.04015015505141e-05, 11851.0303177617 
379097, 96, 2.32910213112845e-05, 10478.6322234317 
400946, 45, 2.26096000361754e-05, 10078.336439511 
436114, 76, 2.1292905203986e-05, 22838.0209951481 
658629, 39, 2.2202486678508e-05, 13390.8129790012 
859144, 93, 2.21331975830548e-05, 22960.902365659 
86665, 135, 2.27169468423444e-05, 33556.1751736759 
972, 87, 2.15238915195867e-05, 45424.7597979546 
97478, 124, 2.27935813274982e-05, 15056.0411311183 
1216932, 85, 2.05947771645111e-05, 23621.3493975069 
1218, 14, 1.76744021633468e-05, 5356.66422638716 
150830, 3, 1.84644927803833e-05, 2448.52573213418 
1581038, 128, 2.13789417423838e-05, 50708.9311961423 
1666906, 42, 2.24850474434501e-05, 12222.8998944725 
1685010, 143, 2.25392746861406e-05, 12030.5886359161 
1719, 33, 2.22084036599449e-05, 3126.66468844034 
1803865, 86, 2.36557613606794e-05, 6376.60381534779 
1855652, 92, 2.22697309816497e-05, 3355.47696085191 
1967666, 30, 1.90512478567346e-05, 953.330415185467 
213421, 11, 1.83052957220524e-05, 159.644654628671 
2587848, 25, 2.10628304231523e-05, 12221.7863902217 
2697010, 94, 2.14772019501299e-05, 27417.6744473215 
2709303, 16, 2.00152115607862e-05, 2660.34717492982 
2818390, 179, 2.31932461267279e-05, 68468.4818519366 
2864212, 131, 2.32720502676286e-05, 71274.7866473155 
2916802, 25, 2.24587881237928e-05, 1215.77154617097 
2933816, 24, 2.27821570146261e-05, 1427.34421121074 
294699, 121, 2.33377675091601e-05, 18194.88652681 
2954083, 9, 2.16628395650102e-05, 33.0215159211146 
3042028, 11, 2.05258728627435e-05, 604.386486063562 
383750, 51, 2.29996090066469e-05, 1356.37640393586 
417574, 88, 2.24729201312419e-05, 11453.1565517389 
45495, 269, 2.38828783645005e-05, 38114.7163888003 
535712, 23, 2.22766763198931e-05, 7844.23559049482 
870, 205, 2.31117685125266e-05, 67801.9463210111 
2768161, 151, 1.74886323889472e-05, 959.30899224922 
202862, 143, 1.53407173319424e-05, 23537.5237786314 
36818, 99, 1.77000548701701e-05, 1715.65454028332 
211114, 430, 1.79311086804497e-05, 6451.94170811935 
2057, 459, 1.92012288786482e-05, 4585.69379362931 
185951, 105, 1.41775597584144e-05, 4420.65135723955 
2995155, 33, 1.38975748731846e-05, 23415.9999468568 
67296, 127, 1.49082397841287e-05, 48847.9832741378 
2760713, 59, 2.11077338736913e-05, 112.67668414007 
151416, 220, 1.77673542632767e-05, 5558.75692635113 
2811415, 756, 1.97683153441664e-05, 13204.6257802683 
571913, 444, 1.88306185858205e-05, 9081.71863452362 
2202825, 256, 1.74431788449127e-05, 14539.9246630124 
2986949, 186, 1.78475816526861e-05, 6530.65630533866 
279, 214, 1.78501303059512e-05, 4980.34544307441 
546874, 485, 1.82431816108729e-05, 7538.05610353881 
2992573, 64, 1.78383488824274e-05, 2860.28685397976 
81475, 39, 1.37417377801597e-05, 20931.471132789 
931866, 50, 1.38719343025191e-05, 4062.61308635826 
457921, 486, 1.82265560922264e-05, 5953.55692484911 
2509614, 244, 1.82832068744858e-05, 2304.88103625716 
1385, 284, 1.92466847585503e-05, 3773.48523908881 
38300, 137, 1.47887428089738e-05, 912.586800109356 
2826993, 222, 1.77632513855336e-05, 3868.46032207017 
2822761, 60, 1.35873257425474e-05, 10811.9664976016 
2599600, 207, 1.78977323573103e-05, 27567.918416908 
3075627, 390, 1.80144475869647e-05, 11969.7709131134 
1867715, 231, 1.76112148215984e-05, 8977.69926955995 
1404, 13, 2.0726677306361e-05, 2095.23816668325 
285450, 130, 1.47872120190459e-05, 784.068884767501 
2911520, 181, 2.17850685140405e-05, 4559.4919815157 
943830, 77, 1.38995065675169e-05, 9847.2465697098 
1315974, 12, 1.18487623967677e-05, 51.1206219535107 
165696, 16, 1.74571862507201e-05, 612213.61756384 
2023229, 227, 2.16637781629116e-05, 680.430692892237 
2579971, 280, 1.80066624651121e-05, 9109.26638146288 
2933797, 574, 1.85728613350173e-05, 19215.6275741446 
169765, 25, 1.27260463991652e-05, 6528.00463155461 
2715678, 438, 1.99167479933876e-05, 10379.616551326 
93217, 311, 1.86153874792904e-05, 21840.5064502774 
1804986, 458, 1.81705854562634e-05, 11717.2805507665 
2293571, 130, 1.48703307161551e-05, 6088.98890293129 
2898442, 52, 1.38440878822699e-05, 8354.47390162768 
563996, 37, 1.38104379289867e-05, 889.724062350224 
410, 200, 1.77670385900078e-05, 2029.69093692427 
83461, 287, 1.89408288506705e-05, 6513.01124267689 
2800818, 107, 1.42533388446244e-05, 8795.008907728 
423351, 81, 1.37976709531431e-05, 1163.06738613977 
2984843, 248, 1.7750323943412e-05, 3567.92289950786 
1545728, 5, 1.22418499883702e-05, 6853.76842008163 
2051553, 339, 1.7641973784027e-05, 18249.0881070486 
1911, 88, 1.76865935620799e-05, 1100.41503894847 
1977088, 91, 1.76737774164472e-05, 1390.25375005927 
1795043, 54, 1.46198830409357e-05, 34814.8402693103 
33996, 70, 1.36178557324364e-05, 9956.90123696962 
1176646, 350, 1.93607093763916e-05, 7084.6402254353 
1419277, 48, 1.38446628824588e-05, 3831.13799276507 
83453, 252, 1.8989384933822e-05, 3662.8906001077 
2268449, 461, 1.79568676040152e-05, 10677.8340071361 
184914, 616, 1.95579894386857e-05, 19210.3710565121 
1804624, 6, 1.64187436377368e-05, 19089.4877976766 
2676871, 125, 1.44073535132332e-05, 193.276878432207 
1950, 83, 1.75257189926217e-05, 6052.24542060607 
105219, 305, 1.81501379410484e-05, 4485.27340845146 
627624, 519, 1.88643652141105e-05, 6470.52406153792 
1325114, 38, 1.34271443149471e-05, 1439.0397392745 
2219043, 16, 1.78164196123147e-05, 2.0714958076591 
2792008, 557, 1.8690540717343e-05, 9137.53063853543 
665007, 125, 1.40056022408964e-05, 117.494585969359 
3057176, 293, 2.03496062351194e-05, 3491.2030347079 
758802, 385, 1.769253905628e-05, 4534.81405585618 
32002, 535, 1.86926369702974e-05, 38308.8488564717 
1494466, 280, 1.81471735777153e-05, 37591.2858479457 
138118, 583, 2.04361065129871e-05, 5973.39450585581 
2803858, 511, 1.88494307471914e-05, 5289.10380716462 
359, 6, 1.68770674407615e-05, 90703.4938709672 
2066, 300, 1.79278940102906e-05, 14245.2315181639 
2931930, 25, 2.20950529176517e-05, 5335.07990739988 
2929803, 81, 1.40775673963539e-05, 1678.32246611649 
2949637, 117, 1.53598033945165e-05, 21432.9262812649 
434010, 559, 1.9844025955986e-05, 9197.57434571245 
3052846, 428, 1.82565038795071e-05, 5303.64012566212 
2764705, 581, 2.09332021519332e-05, 7576.79594050562 
871203, 446, 1.8999848001216e-05, 142171.965502789 
119219, 391, 1.874941408081e-05, 11137.6832602999 
237, 102, 1.9761674209039e-05, 354.830760625116 
2268461, 563, 2.15903447978064e-05, 9466.88438111785 
3033808, 125, 1.44860354618148e-05, 4052.07847658288 
2801029, 129, 1.5140503875969e-05, 2088.77253164473 
138336, 602, 1.89429816253078e-05, 9100.05509548604 
2527984, 226, 1.99278611426636e-05, 4595.99618503169 
95486, 191, 1.78412132024978e-05, 18271.2025169625 
2591633, 49, 1.77695642902836e-05, 1565.29803427146 
2045452, 528, 1.90454424256275e-05, 6833.33024680647 
2070761, 301, 1.94382350082612e-05, 4263.27868340847 
2795387, 69, 1.8204656751197e-05, 3131.33835404141 
2742135, 349, 1.82945793161486e-05, 16109.4966340516 
2825844, 19, 1.58087770330087e-05, 34.0987966561346 
307486, 692, 2.00654132471858e-05, 14111.0081125257 
150026, 491, 1.88394875659382e-05, 5631.29139281993 
2698682, 45, 1.78154673887869e-05, 192.765561886073 
217203, 440, 1.84784818079347e-05, 25345.1334582548 
941907, 10, 1.7083504168375e-05, 0.603873288085343 
3028804, 578, 1.9448820429041e-05, 5965.58382081992 
2854260, 190, 2.11698456718251e-05, 523.380119167085 
2762611, 46, 1.78536358929496e-05, 356.452643308941 
547188, 567, 1.93715857580102e-05, 24708.8235666327 
2822368, 52, 1.80476095941093e-05, 850.700950338217 
2027860, 76, 1.40765765765766e-05, 1626.00896404217 
1775910, 339, 1.78766155991348e-05, 11582.2210254824 
463040, 393, 1.93039013184565e-05, 10041.6788305987 
3040509, 487, 1.81636545272909e-05, 15921.5728709234 
113562, 473, 1.81554103122731e-05, 8720.41380131094 
1842540, 472, 1.97468454414407e-05, 8229.27175724467 
2518371, 555, 1.89919094465758e-05, 8505.77054579532 
338584, 483, 1.82342000656431e-05, 6967.06363386769 
1810504, 371, 1.92778516762092e-05, 7381.17625003077 
2202828, 265, 1.78008793634406e-05, 5164.51223729754 
1653480, 523, 1.8608805686851e-05, 6707.60878484486 
1795631, 409, 1.84229918938836e-05, 9580.16158178252 
28447, 517, 1.82515057492243e-05, 9355.15491377191 
33910, 480, 1.85120050352654e-05, 4454.458298134 
362257, 404, 1.82645065843546e-05, 16367.2984477374 
1866, 516, 1.82832068744858e-05, 9799.5401721654 
2220096, 184, 1.77383592017738e-05, 3895.18790125198 
2231055, 115, 2.19038857493319e-05, 243.544621234262 
29539, 529, 1.83870849115581e-05, 8438.13482053402 
35621, 68, 1.71036653154771e-05, 67188.67738033 
2027911, 703, 2.04123290467442e-05, 20950.2336531467 
2493671, 10, 1.21052185597211e-05, 0 
2914159, 491, 1.85147469959823e-05, 4855.14155183955 
2290923, 872, 2.04244194358775e-05, 20255.1684811897 
80867, 630, 1.88472991820272e-05, 20641.3701683117 
2714844, 69, 1.73154176478737e-05, 70265.0327368567 
2697363, 101, 1.36247206932258e-05, 23931.4964377568 
2651583, 238, 2.15178705915263e-05, 2413.81074290185 
536018, 30, 1.36273200512387e-05, 29966.9916477545 
2908642, 552, 1.89480066696983e-05, 8177.77208841207 
2594473, 289, 2.04771168219515e-05, 7217.92020442049 
2838850, 85, 1.75515577007459e-05, 29157.028548822 
2601677, 404, 2.03351228241419e-05, 12393.5264574606 
2974023, 278, 1.90770522138919e-05, 6466.20531911414 
486698, 22, 1.2292260792605e-05, 502.88866980844 
1915, 120, 1.52769714931712e-05, 5404.91848053735 
1639348, 263, 1.93251652301627e-05, 6336.31493782609 
1932, 119, 1.44079762556551e-05, 313.640901008024 
424800, 102, 1.432644231458e-05, 6889.77114876883 
2698679, 67, 1.40809372271818e-05, 877.030647218249 
113, 740, 2.03994206564534e-05, 16797.0541966301 
1735038, 791, 2.07835394367661e-05, 13298.7087213334 
1904616, 136, 1.52867799926623e-05, 11574.5982435486 
67367, 326, 1.81808265003727e-05, 13846.1326607206 
263913, 191, 2.13720880530028e-05, 401.528218344091 
1413221, 184, 1.81113485710146e-05, 10772.2278219989 
2970906, 353, 1.8576311487591e-05, 20290.2960954768 
3059027, 38, 1.3854445198742e-05, 30612.2251481939 
75697, 483, 1.94556314325181e-05, 10937.8252731956 
445576, 498, 1.87395761107884e-05, 4942.5412778773 
2861283, 224, 1.93057647013398e-05, 1006.50438042373 
2914041, 9, 1.9880320470766e-05, 25.5241769739829 
3075605, 115, 1.43305484300884e-05, 10429.8447756174 
1225128, 166, 1.77951775068956e-05, 3224.93237844742 
39956, 277, 1.81907481854729e-05, 12496.906017152 
269660, 252, 1.80479353161998e-05, 6371.14168481046 
2603276, 307, 1.83123351889833e-05, 15327.6501930269 
587753, 358, 1.80557561750686e-05, 17396.4526636306 
2821406, 50, 1.4019936349489e-05, 13256.2512982841 
2651334, 272, 1.79804372842348e-05, 7646.9381046465 
348043, 126, 1.51347751729148e-05, 1749.2980543135 
463025, 469, 1.91736171028665e-05, 15044.7392758162 
2925843, 55, 1.81468442637825e-05, 1810.91883711841 
1960, 358, 1.84382778648474e-05, 31156.5714242104 
68223, 169, 1.83365116620214e-05, 12224.6952954957 
2740185, 269, 2.1438525029478e-05, 6710.43435526846 
2697032, 380, 1.83516544016443e-05, 9097.70170654443 
2744521, 14, 1.73325244821908e-05, 151816.625930315 
3004092, 431, 1.8450184501845e-05, 19263.6139081161 
682998, 204, 1.9147184406533e-05, 9756.00972759436 
524884, 453, 1.83375204004914e-05, 6195.28934177365 
157920, 588, 1.86178135239797e-05, 11221.9273325281 
1896961, 504, 1.88037080912356e-05, 5930.59351601455 
133453, 217, 2.08737762748659e-05, 13721.7307600049 
3068633, 569, 1.86772753590706e-05, 12385.1198707128 
1914, 398, 1.83604149453778e-05, 42351.73776653 
2672569, 8, 1.64701231965215e-05, 96323.9084518095 
1226968, 169, 1.90657769304099e-05, 4565.88389894121 
1912, 104, 1.40799459330076e-05, 2628.16155412154 
556257, 22, 1.27215133512283e-05, 649.598485468806 
1176721, 76, 1.40710305622784e-05, 430.226206052769 
2878150, 101, 1.86174669074526e-05, 5569.10302411337 
2842453, 509, 1.88729098252369e-05, 6217.59937173812 
2714938, 556, 1.91920161212935e-05, 9132.89139858508 
1463158, 43, 1.78065848750868e-05, 101.679450021927 
1852022, 220, 1.82848784055586e-05, 21436.008359402 
2675754, 544, 1.88426824442728e-05, 7368.73605321567 
2943192, 186, 2.11698456718251e-05, 1642.23531994772 
13689, 108, 1.43235694335028e-05, 7029.20053161835 
2937787, 96, 1.42419710887987e-05, 4167.71874487252 
337, 274, 1.84236707321567e-05, 25840.0133970893 
53458, 666, 2.00324525731685e-05, 8422.33749243877 
20, 93, 1.42527293976797e-05, 5567.22454605418 
991904, 325, 1.80040689195758e-05, 9453.31979172409 
3032282, 536, 1.93832257564304e-05, 12736.7903996942 
44577, 8, 2.19303054891555e-05, 145.592561404242 
2685869, 592, 1.9476093095725e-05, 9051.01246809498 
67282, 67, 1.73707615341857e-05, 82026.7417710774 
3025190, 11, 2.08454932043692e-05, 1629.28766888756 
3002640, 117, 1.49575206413785e-05, 2974.22201223667 
80679, 765, 2.01134398004747e-05, 26643.4878957724 
68200, 236, 1.83968946041908e-05, 5754.72610057487 
2014920, 358, 1.8195713089996e-05, 10898.4631655946 
158899, 277, 1.89207598577159e-05, 7843.18610901159 
1907, 89, 1.79275726066691e-05, 482159.666347511 
3015152, 533, 1.88433925643973e-05, 6395.49651836223 
2978473, 304, 1.88825317698597e-05, 3739.81068536876 
488447, 225, 1.80154212005477e-05, 27231.8845092828 
1789672, 338, 1.90389155433706e-05, 10379.4691084437 
1045776, 200, 1.81639844516293e-05, 2159.84368268984 
2978974, 113, 1.82458445089131e-05, 2262.47539550892 
1701758, 250, 1.85346505291643e-05, 9300.72615154627 
212765, 450, 1.85411799606927e-05, 6369.18388751068 
392593, 361, 2.04189978355862e-05, 5154.89099336325 
1690815, 577, 1.88611629793093e-05, 9281.77956617634 
84159, 192, 1.83583925391493e-05, 16841.1096644635 
1460244, 115, 1.53313096004661e-05, 18316.5971589201 
2901869, 62, 1.83590666250528e-05, 671.546901907436 
2072505, 115, 1.4781092027079e-05, 794.789752715974 
2496836, 393, 1.84733614128427e-05, 14773.5853722983 
1442032, 90, 1.64009709374795e-05, 90311.0564417306 
2582831, 102, 1.38586692905747e-05, 2512.3052846135 
453304, 665, 1.99409747148441e-05, 7329.4607591332 
28894, 61, 1.68671040868993e-05, 34044.2576094362 
1670831, 687, 1.98558465540178e-05, 14692.3093247982 
2033, 542, 1.86022285469799e-05, 10371.2245630977 
2847991, 329, 2.16651862122755e-05, 8054.11709036125 
2932244, 701, 1.99350118613321e-05, 10171.2406873971 
1298, 340, 1.94582814445828e-05, 7683.95629540286 
2847045, 457, 2.20288578037229e-05, 11655.0414165345 
199683, 412, 2.06893698017958e-05, 8166.97883203185 
33900, 92, 1.39014387989157e-05, 15288.0795481931 
2944250, 112, 1.50384985563041e-05, 8066.96175132841 
2908837, 530, 1.92152492217824e-05, 5145.11527667308 
321985, 606, 1.89944346306532e-05, 20648.1519827491 
228602, 548, 1.91868608376983e-05, 9838.67962092481 
2711215, 106, 1.43133185429042e-05, 6581.06716575823 
1795874, 46, 1.5154040824986e-05, 38723.1305474253 
39, 311, 2.02040610162643e-05, 5824.40871975893 
864828, 618, 1.90045420855584e-05, 13530.0417678803 
1772, 472, 1.85024145651007e-05, 4109.24598447755 
1865, 555, 1.89731719348841e-05, 8371.63740057805 
2596828, 241, 1.88932343327854e-05, 97734.552425255 
29543, 227, 2.21523193478357e-05, 6098.07920963059 
2998080, 82, 1.79275726066691e-05, 602.749528564102 
55508, 670, 1.97332070408083e-05, 16751.2583545739 
531813, 26, 1.32196443915659e-05, 8385.16648971566 
2055889, 542, 1.94829232177996e-05, 4169.92916100368 
364410, 90, 1.40423799025459e-05, 37072.6590579302 
2681552, 617, 1.91303349721654e-05, 16378.3710874653 
2774189, 97, 1.37951965125743e-05, 4350.09928294605 
35, 773, 2.01182955779986e-05, 19998.7733408452 
1306274, 5, 1.97468454414407e-05, 499.461472468739 
1862145, 298, 1.82761897799547e-05, 17414.8529792351 
2282523, 242, 1.84822385687354e-05, 5528.30925234667 
2211211, 27, 1.85925443896997e-05, 918098.199543614 
157592, 858, 2.12603112509567e-05, 29718.82976541 
2576902, 11, 2.09235662126253e-05, 397.744789106919 
2847989, 285, 2.19978442112673e-05, 6429.06124792859 
2029849, 262, 1.82581705313128e-05, 12511.9253531784 
2715959, 210, 1.85828703101481e-05, 28992.5939279073 
33886, 571, 1.84716552450265e-05, 14013.8410741275 
1670830, 694, 1.97741788772221e-05, 16254.3649407655 
118323, 3, 2.07520544533909e-05, 18.9187046744881 
85021, 260, 2.16043381511007e-05, 475.774222754076 
398, 37, 1.4920028646455e-05, 18405.2996852482 
363835, 151, 1.84260470601242e-05, 9026.74404255078 
2203205, 89, 1.82848784055586e-05, 168556.978014396 
2024580, 582, 1.88377131016295e-05, 10321.6507204946 
84757, 577, 1.88839580776131e-05, 9257.36694054155 
1176533, 92, 1.83594036865683e-05, 3266.10312855615 
1867, 554, 1.85673437558023e-05, 9701.00155489827 
1609758, 6, 1.5367828986799e-05, 28003.0995281889 
2984530, 26, 1.31578947368421e-05, 7492.91232241229 
3074430, 110, 1.5148760831364e-05, 2188.52248492513 
1967, 111, 1.82531714885461e-05, 829.757885363042 
1696, 594, 1.87437911191918e-05, 11831.1038600186 
2174846, 66, 1.72729471102359e-05, 39841.8662620815 
459858, 20, 1.26927714666497e-05, 2580.91423084587 
43057, 393, 1.99163513244374e-05, 11266.5101564789 
1005039, 339, 1.99608766817039e-05, 1972.91752859957 
2799326, 143, 1.88725536452337e-05, 4671.62538356506 
1312183, 8, 1.48001243210443e-05, 7994.86808519887 
2815309, 90, 2.16741081104513e-05, 4178.39836590195 
1050370, 435, 1.97581601201296e-05, 11247.9345046779 
1297742, 604, 2.02416857275874e-05, 17701.7005384655 
671077, 580, 2.05884169566202e-05, 12083.6027721821 
1690221, 83, 1.69485780143046e-05, 330518.607612619 
2527995, 135, 1.99175413786922e-05, 1240.09702393813 
2867012, 451, 1.98921843607647e-05, 15260.3441619092 
1115757, 67, 2.34235922421063e-05, 6386.22000618507 
1881016, 853, 2.067055273058e-05, 36666.8524131294 
396, 104, 1.8450184501845e-05, 2639.63191835346 
2653852, 757, 2.04687340088016e-05, 14427.2879227298 
37487, 919, 2.01491033649003e-05, 35933.0288514455 
574727, 41, 1.40601493187858e-05, 8872.71503918493 
1795, 440, 1.85818343986918e-05, 7286.42639481299 
2653200, 328, 1.8645584725537e-05, 7212.25677069388 
33877, 716, 2.07309741484752e-05, 7803.1747102453 
125, 222, 2.08034284050011e-05, 1894.30880589686 
1889, 265, 1.86171203038314e-05, 16446.6903664181 
1416806, 441, 1.93240449090804e-05, 12401.219878003 
2807096, 265, 1.99784233028329e-05, 4200.32204221854 
2202827, 350, 1.86379393894211e-05, 19481.217565964 
2654282, 155, 1.88632976817007e-05, 1486.99295869203 
2916410, 255, 2.22444666889111e-05, 7569.45840426515 
32003, 342, 2.16006048169349e-05, 4493.93288023405 
1867719, 241, 1.86448894358056e-05, 4736.99401314554 
1390395, 89, 1.53280196198651e-05, 43882.7741510128 
3026418, 21, 1.32227908022267e-05, 3050.79751989697 
2925842, 136, 1.87062740843279e-05, 5290.37259766811 
63745, 443, 2.18040686392081e-05, 7238.14547678322 
49546, 145, 2.02097774903498e-05, 1606.05624468623 
2812896, 283, 2.25968274054323e-05, 13593.9967444948 
1521117, 796, 2.03140552948585e-05, 24677.9247479118 
307121, 554, 1.89702925219107e-05, 11148.4182717812 
2082949, 239, 1.86025745963241e-05, 3710.3797931572 
2775420, 349, 1.94852009898482e-05, 13530.8825687445 
2801030, 81, 1.81771912604064e-05, 1883.86497832858 
3064139, 129, 1.84675617278251e-05, 7517.95403788678 
74329, 83, 1.53076063495951e-05, 41641.1891418061 
2851567, 620, 1.93573364305072e-05, 13942.0975310775 
1353891, 433, 1.94958376386641e-05, 11706.3394247065 
1169025, 57, 1.73373324780249e-05, 45630.1266155977 
1812480, 83, 1.82451787115255e-05, 1874.79259032083 
1892, 450, 1.88729098252369e-05, 10449.3255223874 
58346, 5, 1.25017189863606e-05, 37.3003088960199 
60550, 237, 1.85034416401451e-05, 20474.405509187 
2006, 645, 1.92145107985551e-05, 14849.7402817979 
1033854, 380, 2.0658596041813e-05, 6478.75727083086 
446679, 14, 2.09095661265029e-05, 12035.4629439068 
28450, 263, 1.86081131373279e-05, 23880.652962844 
2885079, 212, 1.91325310425316e-05, 2912.72135305594 
2735434, 8, 1.60831175515062e-05, 31688.1465887877 
76731, 324, 1.95675569905097e-05, 2371.01874146217 
374432, 268, 1.85044688292223e-05, 5149.56658106515 
434014, 217, 1.95240047638572e-05, 7340.17059211158 
1608957, 701, 1.98874371059802e-05, 16417.7165872486 
1045317, 279, 1.94779898714453e-05, 4393.76997824512 
1752398, 311, 1.98629456748436e-05, 11286.5633591125 
2847992, 336, 2.22588256243601e-05, 12695.6425197245 
2995143, 69, 1.3786257858167e-05, 374.733458254309 
1906741, 862, 2.05023065094823e-05, 27672.163435408 
248026, 818, 1.98157138610918e-05, 23960.1326720924 
450378, 152, 1.88026474127557e-05, 42113.4566900687 
279058, 353, 1.98530871550526e-05, 4250.63578881257 
3023370, 496, 1.90989132718348e-05, 7959.02964005056 
1881061, 264, 1.88672125580167e-05, 6794.07322065995 
319939, 787, 1.97984517610723e-05, 43063.8431973649 
2824561, 138, 1.85856333054549e-05, 5886.5729662102 
33914, 569, 1.90016531438235e-05, 10409.9611646009 
67267, 495, 1.89789333839438e-05, 28048.2807624234 
2607753, 83, 1.82013432591325e-05, 141068.38236023 
3039801, 275, 1.93539646596605e-05, 9631.21944599397 
85025, 598, 1.95733020160501e-05, 7064.25334156633 
67287, 481, 1.90226178926744e-05, 34549.2143382749 
1926868, 716, 1.97055983604942e-05, 12841.5624168097 
2608999, 874, 2.00706486833654e-05, 31023.2274438472 
167964, 60, 2.15545113592275e-05, 4936.67070246558 
47989, 611, 1.89731719348841e-05, 13234.6003997885 
93220, 388, 1.94499552651029e-05, 7755.28190747806 
2033869, 413, 2.01938610662359e-05, 11776.6774505371 
2762323, 620, 1.95419369967951e-05, 9344.83991324561 
376, 36, 1.40496796673036e-05, 5471.84296295796 
1972068, 457, 2.09608451412761e-05, 11523.5033405294 
172043, 93, 1.4343909575994e-05, 5929.24163478491 
60035, 292, 2.22074172773706e-05, 8289.1197659008 
34070, 657, 1.94416362081033e-05, 20877.5649114088 
2675298, 145, 2.60769792427245e-05, 13513.9951045246 
2962597, 50, 2.52576278035967e-05, 1971.56111750807 
3034675, 213, 2.65174617485614e-05, 27412.3492610099 
397865, 259, 2.6653872807719e-05, 80199.5122085009 
502558, 83, 2.57898130238556e-05, 4531.85009700234 
53407, 121, 2.60987576991335e-05, 8230.86237951013 
1930071, 315, 2.65695990647501e-05, 113640.210260241 
2784880, 233, 2.55056495013646e-05, 26967.3298055128 
1102, 116, 2.55030476141899e-05, 40857.1776518636 
1932004, 193, 2.54841997961264e-05, 20273.592101952 
2724135, 144, 2.53312055120703e-05, 4322.78347811809 
2855502, 105, 2.46184145741014e-05, 3099.53363056181 
2923366, 4, 2.26101112417473e-05, 31.6656261266241 
312285, 353, 2.63567117366437e-05, 54529.5687100203 
1617448, 2, 1.86119227977442e-05, 1205.30936381122 
2483360, 66, 2.54323499491353e-05, 15017.9510851574 
2774873, 158, 2.49277096420381e-05, 6492.33632337092 
402384, 15, 2.15940745859336e-05, 49.9847149328212 
1265445, 104, 2.53839319710623e-05, 99004.2418526642 
1758466, 310, 2.59780745051177e-05, 38104.049866766 
66269, 114, 2.61369576581286e-05, 10032.1342983404 
1499308, 150, 2.59902276743944e-05, 8984.0195641144 
2175667, 250, 2.55095533277212e-05, 13079.3208090538 
2596890, 124, 2.5558452180136e-05, 15607.1625517937 
2929493, 144, 2.59949569783462e-05, 22829.6266617953 
2954079, 113, 2.62853538008622e-05, 33821.849738011 
2978683, 185, 2.6502000901068e-05, 44418.9009959266 
1389223, 100, 2.58538224876548e-05, 12770.7647763425 
2252, 121, 2.51997076833909e-05, 16174.9705478842 
2426, 134, 2.61021638693848e-05, 12070.4551158414 
2855441, 261, 2.65097290705689e-05, 52395.4236803685 
3039851, 78, 2.59558231889324e-05, 6050.53998322762 
626937, 134, 2.61362745354277e-05, 19855.6469874346 
1178515, 165, 2.63671360016875e-05, 58931.2899293892 
1229, 235, 2.64543266051163e-05, 48118.4761474729 
1236179, 269, 2.6440337378705e-05, 54023.5339616395 
1434099, 1, 1.36913155985159e-05, 0 
1450, 34, 2.48620158122421e-05, 343.619419795928 
2224, 6, 2.24300742435457e-05, 99.0260660150986 
2293, 89, 2.55787185062028e-05, 5127.49609409465 
2895494, 135, 2.61697895948917e-05, 13144.2078722728 
2971912, 23, 2.49544581139421e-05, 307.364275445335 
1921086, 245, 2.61924094397444e-05, 58686.1330204959 
2745510, 119, 2.6015244933531e-05, 17987.1080244176 
2950604, 212, 2.63838319877579e-05, 28533.1731995925 
1749259, 207, 2.60423448527305e-05, 49647.5048502478 
190893, 267, 2.5129416494949e-05, 62164.5412051596 
2495430, 168, 2.48613977077791e-05, 6107.94513394178 
2547598, 47, 2.50834023126897e-05, 4020.69541758461 
101564, 50, 2.4997500249975e-05, 5482.58731723992 
146826, 84, 2.57440016476161e-05, 21563.1316565377 
1706369, 247, 2.62660222735869e-05, 98496.7150524719 
2745519, 171, 2.64914697467415e-05, 29472.1853415439 
2842346, 257, 2.64984895860936e-05, 44021.5410684549 
2870860, 227, 2.64781422935367e-05, 30568.5493316358 
2983230, 204, 2.58217780876391e-05, 22128.8332209293 
33943, 51, 2.52908447142135e-05, 5372.01509017765 
394935, 80, 2.58444679916264e-05, 14104.8557225738 
47886, 172, 2.60037445392136e-05, 36904.2810620877 
55209, 112, 2.61985852763951e-05, 10236.2405434412 
579, 169, 2.60511644870526e-05, 10730.4876880702 
1168034, 360, 2.63282607550945e-05, 81361.1523089033 
1279, 375, 2.66695114145509e-05, 132176.04325641 
1636423, 22, 2.43131534159981e-05, 195.517528907971 
1912216, 22, 2.44612411633766e-05, 105.239429488771 
2817025, 192, 2.55199693760367e-05, 22916.0963910071 
2866810, 89, 2.58872867534754e-05, 31969.4491688125 
2908839, 126, 2.60186293386064e-05, 16962.0228989837 
355243, 219, 2.64487291385649e-05, 31451.7400669391 
116718, 227, 2.64830508474576e-05, 66850.821666916 
1400866, 47, 2.5002500250025e-05, 847.297504505608 
2576307, 33, 2.15684582866017e-05, 416.558307516905 
2970818, 74, 2.56042605489553e-05, 1129.13784628655 
307249, 240, 2.64844536257217e-05, 97155.9219295202 
3075619, 186, 2.54705687578004e-05, 12588.7230462698 
670, 341, 2.67072617044574e-05, 84991.9804801251 
818, 179, 2.59713276542697e-05, 34914.2822471457 
1173263, 38, 2.30489097865671e-05, 1811.75133212381 
171404, 194, 2.63650504890717e-05, 37817.1093935011 
1911573, 108, 2.56200040992007e-05, 3069.1742353975 
1935, 116, 2.45966155057064e-05, 5402.57217184293 
2479392, 155, 2.5766555011595e-05, 18495.9154978369 
2488810, 68, 2.30170786723749e-05, 6245.44526400545 
251701, 44, 2.41138172172655e-05, 174.280469285487 
2986831, 154, 2.3059539731587e-05, 778.785119132991 
40214, 70, 2.57512940025236e-05, 11685.8171339932 
59753, 103, 2.5991578728492e-05, 21339.5103364183 
651666, 48, 2.55128074293295e-05, 1786.23782183165 
993689, 23, 2.46883100851747e-05, 7290.12082220811 
1696072, 39, 2.40679679414667e-05, 256.063642125355 
1778540, 114, 2.61403738073454e-05, 25181.6868581724 
2494548, 4, 2.38942916537239e-05, 95.6619658140231 
2774460, 49, 2.5756600128783e-05, 3818.03993711846 
391613, 83, 2.5792473756158e-05, 15656.8487650301 
43663, 102, 2.39658725974213e-05, 2893.84300848354 
43769, 268, 2.62791369931411e-05, 75641.1993170171 
575, 204, 2.63400500460951e-05, 28430.3046881607 
833, 311, 2.69876396610352e-05, 95823.9274730507 
2998079, 86, 2.55004462578095e-05, 5559.66125526235 
328812, 406, 2.64977874347492e-05, 97154.3224441067 
554344, 105, 2.59201658890617e-05, 8197.22326425089 
1163, 2, 1.57656592410412e-05, 9610 
2774459, 14, 2.42494786362093e-05, 512.401015101775 
28025, 285, 2.57652272493043e-05, 11923.7159056739 
3031919, 243, 2.64473301420222e-05, 79737.7313145855 
304207, 142, 2.62708524891633e-05, 24508.8173883808 
3059030, 101, 2.59450483875152e-05, 15196.520841724 
375288, 348, 2.64207772992681e-05, 86807.6180062194 
525917, 242, 2.64522272775368e-05, 67737.52862088 
57495, 70, 2.35837932173011e-05, 21895.4055652443 
1380432, 149, 2.49563264287497e-05, 18819.7642038627 
1509, 158, 2.3638985414746e-05, 2941.78579161168 
2026, 218, 2.61028452101279e-05, 30586.8378212997 
215743, 57, 2.54854987512106e-05, 3402.87742867339 
2316383, 95, 2.42665437161785e-05, 11566.3635698149 
2963092, 117, 2.353273403304e-05, 11838.5801720695 
2992143, 239, 2.64620269912675e-05, 96986.482770296 
37929, 278, 2.55950857435372e-05, 37177.6274925417 
49338, 203, 2.63047138047138e-05, 60916.2427149959 
670486, 105, 2.4582708522825e-05, 12340.5211124778 
88058, 127, 2.59922543082162e-05, 15288.655939911 
1234143, 29, 2.48948193880853e-05, 1153.77629999509 
2762320, 188, 2.63921879123779e-05, 83618.5335125043 
1259973, 156, 2.61362745354277e-05, 13715.8205045038 
1721091, 1, 1.85264093965948e-05, 0 
2488819, 168, 2.62694722463026e-05, 26807.8744692777 
2872648, 37, 2.52633706389106e-05, 596.317694379049 
2961994, 169, 2.58057856571443e-05, 23950.4938409151 
931531, 227, 2.63137120753625e-05, 74586.9725046446 
111500, 272, 2.4415254651106e-05, 12060.706956099 
1664069, 215, 2.64389392697565e-05, 93726.6677544384 
2545455, 20, 2.3898288882516e-05, 179204.931189962 
2931921, 148, 2.62763749113172e-05, 81628.9962851353 
505, 127, 2.58077836275421e-05, 9818.73951125367 
1615909, 9, 2.05199761968276e-05, 128.185998887056 
1678728, 66, 2.4270077421547e-05, 710.609614258311 
186803, 198, 2.62501640635254e-05, 107920.098080332 
2086584, 72, 2.50237725839548e-05, 23916.9492508402 
259, 261, 2.61588364549545e-05, 73561.1001774803 
2600320, 274, 2.55356094073185e-05, 36885.5058567441 
2614538, 39, 2.52659238485055e-05, 3019.66650527571 
2745518, 101, 2.58651906264549e-05, 6360.37385177533 
293387, 108, 2.41219606329602e-05, 12129.435058262 
67780, 119, 2.5993605573029e-05, 7016.64077066426 
971, 237, 2.65498473383778e-05, 110824.730933331 
1249553, 53, 2.57234726688103e-05, 3771.95744591988 
1442555, 76, 2.45712320015726e-05, 13619.3995379841 
1444770, 4, 2.27925422801659e-05, 3.4401094967783 
258255, 151, 2.60858223555498e-05, 13720.2738151123 
28223, 152, 2.62743037309511e-05, 30887.2261196149 
2895352, 152, 2.63664407941572e-05, 36409.2764784208 
390884, 251, 2.58839364290521e-05, 52924.4838980548 
561, 96, 2.57911433213834e-05, 12819.7356341169 
580, 96, 2.57997936016512e-05, 8716.55236687766 
84565, 162, 2.59956327337007e-05, 6755.57324279914 
1610576, 84, 2.57082626356111e-05, 3261.77555300483 
1898733, 244, 2.54465876126011e-05, 23845.990292441 
2703885, 329, 2.67001308306411e-05, 75459.9821094031 
2813780, 336, 2.67129691465206e-05, 110565.182566186 
2814275, 58, 2.46432884004041e-05, 5270.53179422042 
55213, 351, 2.64949792014413e-05, 70896.1742863147 
61646, 181, 2.61615738802846e-05, 23065.6547778841 
2072406, 11, 2.40003840061441e-05, 107.189017225387 
2870750, 29, 2.50212680778662e-05, 695.57077899887 
2895490, 146, 2.60708605991084e-05, 16347.1250105626 
379893, 115, 2.59080781387637e-05, 4851.90286678893 
96472, 106, 2.57898130238556e-05, 11360.1453491776 
150829, 69, 2.55545333742206e-05, 17033.5972865384 
267363, 77, 2.55408270119786e-05, 8349.08835195451 
2871826, 309, 2.66354144470488e-05, 175059.077384434 
44260, 150, 2.46226577696797e-05, 55816.9646834887 
191412, 56, 2.49594409085236e-05, 2760.16354321621 
2904129, 50, 2.53350561171493e-05, 2916.28226380753 
587, 124, 2.50300360432519e-05, 26388.4551686209 
1372, 304, 2.66042353942748e-05, 170457.902376371 
1398, 141, 2.62157556691572e-05, 14239.6623302875 
1526571, 406, 2.67995926461918e-05, 173941.834893831 
163011, 24, 2.42995650377858e-05, 724.169063092187 
2545798, 321, 2.66816083673524e-05, 78728.2931195033 
576611, 123, 2.56943909144634e-05, 19269.2950480737 
649756, 13, 1.99744327261106e-05, 471.174625822178 
86170, 144, 2.55356094073185e-05, 30516.6092316389 
1564, 87, 2.5704958486492e-05, 12549.2134169641 
2587856, 244, 2.63567117366437e-05, 109921.335926218 
384636, 62, 2.35938089845225e-05, 7771.76452674494 
1863, 365, 2.59027094234057e-05, 63489.2950222021 
1921421, 269, 2.66638225255973e-05, 147323.890057294 
2070348, 141, 2.47972822178689e-05, 5522.47261061879 
2175674, 228, 2.53852207244942e-05, 18290.8596316821 
2709394, 61, 2.51698968034231e-05, 2322.96749692572 
2810514, 98, 2.40987083092346e-05, 17619.9944023013 
67824, 127, 2.60960334029228e-05, 11576.1549692574 
151895, 37, 2.437419260487e-05, 158876.347340815 
1609967, 35, 2.52238617732375e-05, 1980.61427000295 
1619311, 99, 2.58538224876548e-05, 23759.8892496277 
1868325, 53, 2.50381832294249e-05, 1611.4697831636 
2052056, 182, 2.61889796773518e-05, 28712.9219921388 
2825975, 74, 2.52060595367126e-05, 3171.25517963032 
45065, 132, 2.60633861551293e-05, 24250.9852295757 
108007, 45, 2.46907483765833e-05, 4815.08330334728 
1089444, 219, 2.62240054545931e-05, 44042.9114952921 
1160973, 167, 2.47972822178689e-05, 6071.65154000098 
1462996, 218, 2.6267402153927e-05, 43097.6392918645 
158877, 107, 2.60559159957268e-05, 8154.93178411844 
1974213, 115, 2.54919955134088e-05, 7230.41857038756 
2547394, 257, 2.54712175241977e-05, 43262.3236290945 
2907534, 67, 2.53068455017082e-05, 8656.73514432215 
3028807, 12, 2.43013365735115e-05, 231.934445470166 
3070680, 100, 2.32520287395075e-05, 12184.3876634572 
34102, 112, 2.49053596333931e-05, 22477.6726489313 
81028, 253, 2.6439638305748e-05, 105806.231292472 
1851514, 97, 2.58524857165016e-05, 7040.17213341989 
1908198, 229, 2.64214753751849e-05, 38260.8971561725 
2490851, 184, 2.63643553915107e-05, 51529.7543367015 
2780922, 87, 2.56331385214806e-05, 13968.0729064555 
2795973, 99, 2.54835503682373e-05, 10095.2723697835 
28028, 175, 2.51502728804608e-05, 13834.9978017941 
767892, 87, 2.56851514139676e-05, 5549.4325344429 
1408, 135, 2.60953524177344e-05, 22469.8523612647 
1481665, 348, 2.65392781316348e-05, 134061.368394519 
2565926, 283, 2.66155647822847e-05, 90126.6951172547 
2870346, 238, 2.63650504890717e-05, 35285.2527277981 
571256, 8, 2.46852628980499e-05, 50.2556818992855 
146827, 196, 2.58057856571443e-05, 29223.0118802588 
160799, 68, 2.59221816108044e-05, 18789.5470845392 
1613, 115, 2.58251123392387e-05, 27248.8116630534 
1712410, 200, 2.59262139949703e-05, 59354.5077654976 
2041036, 106, 2.53877986239813e-05, 18989.5940872287 
2268024, 227, 2.64312523127346e-05, 65066.8024710082 
2993563, 35, 2.49900039984006e-05, 1144.99048378015 
535744, 194, 2.6361575367744e-05, 18568.2383699988 
76761, 19, 2.48638703100525e-05, 532.935302044442 
838, 284, 2.62013310276162e-05, 58922.4952997762 
2681307, 9, 2.05913845646981e-05, 52.9033907426237 
3043332, 71, 2.45049990198e-05, 6214.5258955187 
566, 161, 2.61533633225233e-05, 30648.3466851673 
1445505, 297, 2.65315327266456e-05, 92405.828650963 
1611770, 326, 2.66283218831549e-05, 49098.8663951057 
161899, 217, 2.64221734879911e-05, 53041.6535163883 
1761794, 115, 2.57931390250193e-05, 26965.7382506927 
2678257, 170, 2.59645843070052e-05, 17543.8589147566 
2689107, 42, 2.34598601792333e-05, 1777.04382396082 
2878678, 212, 2.62267565370191e-05, 65244.3055374855 
2879114, 67, 2.38276782310332e-05, 7332.13385053195 
51288, 16, 2.4740227610094e-05, 87.4494085712153 
648999, 213, 2.49507223234113e-05, 13630.0379329871 
930, 219, 2.63601855757065e-05, 30788.2332584698 
28112, 201, 2.58458039337314e-05, 20334.1945437327 
28132, 249, 2.58953310718078e-05, 46166.7635589111 
29347, 58, 2.57546100752035e-05, 11895.5682333751 
3062598, 132, 2.59389914920108e-05, 13907.3259199076 
371036, 90, 2.44188318030865e-05, 20537.1564042845 
641, 154, 2.6077659269304e-05, 18691.3497702717 
2008790, 4, 2.11389675728237e-05, 82.1221364436802 
34090, 227, 2.58899676375405e-05, 51062.3480893215 
1510570, 25, 2.45573536995653e-05, 76.0252384012501 
182180, 23, 2.19688481732903e-05, 2005.07758533826 
3070681, 175, 2.52972426005565e-05, 66245.2526829641 
35703, 131, 2.60586319218241e-05, 42522.317037285 
985, 280, 2.60661036388281e-05, 37633.6758194986 
178899, 85, 2.54563042537484e-05, 13626.4140292342 
2591606, 22, 2.35343955190511e-05, 5186.7337287151 
2599305, 300, 2.63421316052895e-05, 77161.1270251102 
260364, 172, 2.60593109918174e-05, 32244.0183741647 
2713573, 35, 2.45344586471699e-05, 8615.38020978946 
2852117, 31, 2.50513552783206e-05, 180.958865721163 
3003256, 214, 2.57300913418243e-05, 31371.5766439783 
40544, 23, 2.33165454206305e-05, 5230.90491399742 
1173586, 189, 2.61848651479445e-05, 31368.8735327811 
1646, 261, 2.5560412033842e-05, 31891.2740756901 
1649468, 137, 2.59127775906299e-05, 31469.9116231603 
212743, 97, 2.49420098271519e-05, 15875.8166723528 
2714932, 225, 2.6246719160105e-05, 56045.6252054531 
2904246, 258, 2.58504808189432e-05, 197665.459454445 
2906497, 69, 2.4268899405412e-05, 2293.06959646839 
1017270, 137, 2.49968753905762e-05, 30519.9750094532 
169134, 279, 2.58758991874968e-05, 53794.5076777828 
2291597, 160, 2.6222630129802e-05, 25659.8278691962 
2719588, 241, 2.53549695740365e-05, 58871.8024358978 
2739062, 372, 2.53994056539077e-05, 37210.9336330581 
2816248, 147, 2.57009946284921e-05, 8639.16763309959 
2908842, 330, 2.55089026070098e-05, 61669.2530636401 
569, 242, 2.60688216892596e-05, 38587.7266514265 
817, 160, 2.63838319877579e-05, 47939.8587334419 
121871, 128, 2.4770869457518e-05, 9756.95675302994 
131110, 126, 2.50922138860312e-05, 12413.3938642415 
1193713, 259, 2.58297817383443e-05, 91866.5015624431 
1350, 318, 2.62791369931411e-05, 101613.993167718 
1486245, 170, 2.53594704942561e-05, 10915.0991810988 
180, 222, 2.59275584018253e-05, 47946.0196722131 
2494702, 150, 2.61355914484345e-05, 29588.7135369092 
2496028, 319, 2.63005628320446e-05, 67312.7400298498 
2867014, 116, 2.58591709549792e-05, 22313.519451145 
2895491, 24, 2.51111166913593e-05, 1102.21528650716 
502, 116, 2.61656810926788e-05, 22112.8947019212 
712157, 2, 2.08685490097873e-05, 0 
747522, 13, 2.08463623097769e-05, 98.6783360344814 
2047966, 31, 2.51249968593754e-05, 2052.47359269961 
2809707, 323, 2.61896655579708e-05, 149101.591262342 
2854186, 213, 2.61567837618686e-05, 44448.8388009736 
78258, 78, 2.55264837268666e-05, 4208.59071581777 
1307761, 36, 2.5e-05, 3259.02300880827 
161154, 63, 2.43149269336446e-05, 3998.15599049103 
312277, 239, 2.44492799687049e-05, 14625.7311222805 
34038, 157, 2.57122287359868e-05, 10041.5835607887 
47877, 183, 2.64487291385649e-05, 48164.3486476085 
83552, 85, 2.4463036352072e-05, 10655.2375852475 
2282309, 3, 1.89139603941669e-05, 23.7956733295978 
2795031, 22, 2.37236667299298e-05, 466.119384424225 
2866279, 4, 2.23783735398111e-05, 0 
2908843, 287, 2.5558452180136e-05, 43321.2252632475 
712116, 37, 2.53004427577483e-05, 4747.97838915603 
777, 63, 2.51565998339664e-05, 14429.2550758011 
1096, 225, 2.56508913684751e-05, 70386.8317816315 
1647413, 19, 2.15146299483649e-05, 428.988072170663 
75612, 109, 2.57512940025236e-05, 9517.90668105073 
1050174, 37, 2.51984376968628e-05, 4659.9432102982 
1906272, 280, 2.6499894000424e-05, 95664.1966359635 
2487892, 15, 2.43391909652923e-05, 251.753733058197 
2739434, 187, 2.62763749113172e-05, 43196.4626949654 
2758572, 69, 2.53646163601776e-05, 7020.0052133846 
2893883, 230, 2.54039223656132e-05, 36093.7491590708 
301301, 222, 2.64186832928247e-05, 53248.2338756163 
487, 368, 2.66567148264648e-05, 187954.398598745 
1642646, 233, 2.62964131692437e-05, 62931.5730478629 
208479, 224, 2.63296471827278e-05, 46513.8793934611 
2249, 172, 2.51130085384229e-05, 52491.6488603963 
2559073, 87, 2.51908204650225e-05, 3939.83342094165 
2698900, 249, 2.59094206653539e-05, 65820.584316368 
2743772, 237, 2.61314936761785e-05, 114179.349208739 
41170, 303, 2.58051197357556e-05, 48586.2755928614 
511745, 51, 2.46475401754905e-05, 633.150198894384 
85336, 195, 2.5835787733168e-05, 30859.590253364 
1073996, 125, 2.54427030327702e-05, 88104.5243925147 
1161942, 210, 2.62136940337632e-05, 122415.038293092 
137545, 69, 2.56976923472272e-05, 3542.56025496718 
1751056, 257, 2.4415254651106e-05, 10957.9087217534 
1913578, 28, 2.46032722352073e-05, 260.773359825278 
2496266, 164, 2.61649964677255e-05, 35539.5622166819 
2590776, 81, 2.55983617048509e-05, 4986.28813607125 
2729423, 27, 2.42553604346561e-05, 3193.01706610236 
2986837, 49, 2.35045246209895e-05, 101.280220577594 
33987, 157, 2.60824204486176e-05, 49309.4117456728 
95619, 117, 2.51483754149482e-05, 13002.1705135951 
1158459, 137, 2.61171615868787e-05, 26390.1882651154 
1473112, 272, 2.62943388288501e-05, 78618.1587704187 
1488, 53, 2.02794508324715e-05, 3494.24418126844 
226, 220, 2.61246669104969e-05, 42374.9440660665 
2675216, 124, 2.57951350375319e-05, 21032.6351484256 
28108, 206, 2.6121937202863e-05, 29621.9077640706 
2837969, 173, 2.61458415039088e-05, 26940.7141652258 
2891570, 129, 2.61178437108232e-05, 33733.2639831181 
376805, 135, 2.5543436613962e-05, 16047.98135279 
1470434, 207, 2.63005628320446e-05, 65229.113158096 
1502, 221, 2.52289527461715e-05, 22445.3480263512 
158823, 89, 2.58712131011823e-05, 6548.37660650306 
158841, 183, 2.6281208935611e-05, 66507.7297305577 
1671721, 63, 2.56101621123262e-05, 5309.55062077065 
321983, 849, 2.26433892625048e-05, 38042.5042109346 
204037, 628, 2.22069241189403e-05, 40620.5767661555 
2594795, 514, 2.33661237937239e-05, 26552.2522467916 
2726185, 889, 2.33770484138673e-05, 57272.3994267538 
2005885, 12, 1.32184211917729e-05, 72.5114867998092 
377615, 940, 2.34027615258601e-05, 79197.7424245874 
2583532, 161, 2.18641362572972e-05, 3974.66307072163 
2895559, 655, 2.21955875172016e-05, 12652.3824008328 
1263728, 354, 2.1959199806759e-05, 12301.6946484257 
556499, 822, 2.30515663539337e-05, 22339.3215027658 
1872084, 257, 2.16745778875956e-05, 6638.98974240976 
1890424, 514, 2.44834002546274e-05, 17933.4557393795 
300028, 700, 2.21641030187508e-05, 13903.3696080225 
3049073, 740, 2.28628912412264e-05, 19946.2959097351 
67081, 586, 2.19082046226312e-05, 7623.58941978041 
59814, 551, 2.25978486848052e-05, 28999.2239915186 
1188319, 767, 2.47696423263648e-05, 62123.719387033 
1773489, 398, 2.19804374107045e-05, 14724.7457662778 
430679, 245, 2.21004243281471e-05, 10470.9417192606 
1138190, 274, 2.21621382030938e-05, 26142.3432826371 
56453, 63, 2.12838413076792e-05, 1036.76919242406 
2779775, 748, 2.25794797687861e-05, 14135.7072897869 
2708338, 641, 2.21238938053097e-05, 10453.44356462 
2775080, 239, 2.212829988272e-05, 9171.34930609253 
69964, 641, 2.34752805296023e-05, 42421.3857627781 
549, 554, 2.23743679241061e-05, 34755.1249193942 
3049069, 670, 2.23538616295965e-05, 11223.3944417604 
2909249, 241, 2.24144887255122e-05, 5791.36075653798 
320497, 2, 1.42531356898518e-05, 0 
1609966, 343, 2.18326310503679e-05, 11169.7185167658 
1945662, 386, 2.1813581135615e-05, 22881.1339692906 
3065396, 45, 2.51332059917563e-05, 15938.0582345227 
1080068, 400, 2.60912672528505e-05, 39221.9622075394 
39122, 732, 2.2144960914144e-05, 16677.4301462845 
2782167, 780, 2.31953980330302e-05, 28080.9335993237 
2995145, 708, 2.21528100839591e-05, 28338.0340280891 
1134435, 649, 2.49084614043391e-05, 34229.9394448292 
1332264, 693, 2.2067747986318e-05, 11742.4293208474 
1608628, 365, 2.24200165908123e-05, 16257.9673859199 
1897729, 863, 2.39303149229444e-05, 46176.0061296269 
2020312, 108, 2.124675986912e-05, 1243.55954907447 
2718938, 10, 1.41089493065451e-05, 11594.3943017437 
2527996, 314, 2.35787885218457e-05, 7199.65534317657 
413, 556, 2.38657788596931e-05, 30164.6385863908 
76947, 11, 1.52571594220588e-05, 2138.39541151083 
1905847, 741, 2.25606316976875e-05, 15219.4360657425 
187304, 303, 2.21101972229592e-05, 20822.4079100012 
3028316, 739, 2.20818796095924e-05, 14939.5957682209 
1548548, 296, 2.3309479965502e-05, 6100.56571513088 
3030011, 415, 2.22578347578348e-05, 24091.7573413606 
1784719, 715, 2.23868902370772e-05, 15350.2627867768 
416, 435, 2.31064282083276e-05, 21060.3412325279 
925818, 423, 2.21238938053097e-05, 12629.8743219816 
43669, 789, 2.25968274054323e-05, 19948.1259349349 
3064287, 611, 2.21287895552113e-05, 8918.13064255396 
1211322, 707, 2.32029328507123e-05, 24197.8399924535 
380021, 379, 2.19645053593393e-05, 10303.9972760856 
1827195, 359, 2.22494159528312e-05, 13352.0788281739 
1935379, 781, 2.2433093299235e-05, 21049.8806312054 
39687, 731, 2.20984707858216e-05, 13723.015909776 
111015, 807, 2.31561884913743e-05, 27778.0126065578 
501023, 614, 2.24340998317442e-05, 7822.09585304617 
1704044, 667, 2.33290563396711e-05, 16419.2655348876 
1348774, 172, 2.1596406357982e-05, 2748.98461703445 
2821543, 298, 2.37749934618768e-05, 12489.9595260468 
686597, 144, 2.19077246637164e-05, 7557.09893945756 
1416614, 428, 2.34027615258601e-05, 19509.3431879103 
2835531, 20, 1.34638428500263e-05, 18253.1171806079 
544, 560, 2.21877080097626e-05, 28057.7001837375 
3068324, 128, 2.21092195445501e-05, 7018.20345407015 
1906742, 741, 2.28300077622026e-05, 16092.1528253584 
34003, 349, 2.19211714674032e-05, 13007.5020915829 
155894, 70, 2.4665170313001e-05, 20847.5608210586 
2991496, 9, 1.88551172788295e-05, 1530.3773576116 
1209493, 298, 2.59463947484497e-05, 27316.5952072291 
3067904, 81, 2.13019768234492e-05, 8482.3835189107 
38310, 715, 2.26772796335352e-05, 16280.5308931927 
159346, 374, 2.25316569780542e-05, 23577.0793838305 
518, 617, 2.33732236350037e-05, 36832.00009393 
1229164, 275, 2.1829771442293e-05, 13104.292200605 
2306583, 194, 2.30059585432627e-05, 12422.1079295196 
2752316, 472, 2.29800533137237e-05, 16134.0831624863 
67258, 94, 2.15498663908284e-05, 112989.702296833 
28448, 254, 2.179361447096e-05, 8957.20741939687 
414996, 711, 2.20536344389555e-05, 13784.3854344812 
168695, 717, 2.23214285714286e-05, 15435.2238375741 
2541726, 699, 2.27391591058963e-05, 12198.6717960873 
1538159, 105, 2.18502818686361e-05, 6590.33494650889 
393765, 584, 2.42512428761974e-05, 26062.4132802637 
2749086, 13, 1.61378820643579e-05, 13789.3029914351 
2996261, 456, 2.37028609353149e-05, 7869.88487544935 
53635, 631, 2.36484888615617e-05, 22780.4785279291 
56455, 51, 2.16971511640522e-05, 1123.55561192703 
191493, 678, 2.25891707515417e-05, 13569.4785396449 
2905871, 705, 2.21238938053097e-05, 13084.8793935462 
1323948, 351, 2.34098836528782e-05, 9658.82653351172 
3016093, 667, 2.23333928890477e-05, 13932.9000762993 
477680, 27, 1.59622015068318e-05, 22412.1009047079 
2814653, 181, 2.23768712658596e-05, 2252.66381076559 
1532023, 216, 2.16938562998959e-05, 7327.56558930838 
32013, 376, 2.25118750140699e-05, 11733.6432061851 
69367, 748, 2.24572750342473e-05, 16387.3136968163 
54304, 17, 2.25108614906692e-05, 1298.95945239209 
2605989, 133, 2.30239679506366e-05, 3179.13697130664 
641491, 833, 2.43101981281147e-05, 63150.768886417 
74031, 237, 2.18751367196045e-05, 2913.50275020138 
106633, 510, 2.44200244200244e-05, 11217.4992174155 
2651199, 528, 2.40894199267682e-05, 16813.8007272811 
60552, 381, 2.21641030187508e-05, 11749.0107065916 
2210, 8, 1.96920168563664e-05, 1320.11734555898 
2597660, 745, 2.21665595282956e-05, 13339.1931620967 
80868, 848, 2.36820916023303e-05, 52638.4208541767 
2742, 422, 2.32487852509706e-05, 24039.5457807837 
984, 22, 1.63918303117726e-05, 7730.47196108656 
1184720, 65, 2.07943439384487e-05, 295.077529111638 
2067415, 211, 2.15689234950284e-05, 5697.74267402522 
2494234, 869, 2.49712830245218e-05, 74234.3254625069 
169176, 38, 2.10881484605652e-05, 20727.6408155565 
347534, 505, 2.35743416865084e-05, 26752.1260832213 
2731112, 64, 2.21077531890434e-05, 6693.77250869436 
279828, 616, 2.30409437570563e-05, 13002.2431161976 
1211326, 72, 2.42265668532112e-05, 9813.3934144929 
2681310, 603, 2.41080038572806e-05, 48251.0530978075 
1461694, 401, 2.21439801589938e-05, 14530.673286407 
2742602, 727, 2.22241977064628e-05, 16586.188243782 
2895796, 417, 2.23868902370772e-05, 21540.7376796589 
555317, 16, 1.47813105109899e-05, 57360.3548942607 
34002, 286, 2.1948114656951e-05, 9216.95657972565 
89184, 318, 2.185505726025e-05, 10457.1495798258 
1874630, 806, 2.27314057101291e-05, 17062.7082754585 
204461, 626, 2.47604427167158e-05, 25016.0634419781 
1479019, 66, 2.47188233840069e-05, 86.7498501350291 
1742993, 627, 2.36401030708494e-05, 17125.2027379642 
2831662, 724, 2.24956695836052e-05, 13605.1097334691 
938406, 35, 2.40211386019697e-05, 7687.66666418478 
2081791, 84, 2.17860177338184e-05, 1607.5380164217 
2855503, 679, 2.31481481481481e-05, 15060.9012522128 
2614638, 708, 2.24441701268096e-05, 13452.5250317777 
1661694, 30, 1.34660185023094e-05, 35076.7090658243 
1883416, 800, 2.37874354765813e-05, 47685.6795779859 
75294, 761, 2.23778727594155e-05, 20838.2162237387 
2758710, 746, 2.25978486848052e-05, 16729.4393800923 
1742992, 682, 2.32412206289074e-05, 18460.6623587376 
72557, 578, 2.30382896373773e-05, 28583.7067141657 
2528027, 271, 2.34461091181918e-05, 5367.71176478728 
2811422, 427, 2.35238767348859e-05, 11761.5787140582 
2995154, 728, 2.28743966877874e-05, 45247.6160898364 
191028, 378, 2.22118566891006e-05, 18590.1357347226 
2099695, 646, 2.24885870420761e-05, 10724.379114192 
2785627, 592, 2.47200454848837e-05, 45814.1449393579 
2576904, 27, 2.40818783865141e-05, 4738.89448602494 
2838156, 45, 2.21053096953888e-05, 255989.22402897 
1499392, 589, 2.45615758707079e-05, 45207.7158185252 
1981173, 143, 2.25118750140699e-05, 48261.1719301756 
2895818, 738, 2.25255665179979e-05, 16010.8555692787 
1069220, 764, 2.25296264587933e-05, 14592.5413911509 
56460, 59, 2.14748958467551e-05, 537.084330927904 
1188315, 24, 1.34749097181049e-05, 6213.39767850252 
2920382, 29, 1.7296549338407e-05, 129972.523044753 
308754, 365, 2.27102400472373e-05, 23238.2358223762 
1230998, 724, 2.2858187802871e-05, 15280.7568168111 
1891094, 491, 2.28733502596125e-05, 19367.4091356221 
2127060, 325, 2.43415607808773e-05, 17090.7156711229 
3016092, 700, 2.24799928064023e-05, 11447.5257378219 
12916, 294, 2.31411843658158e-05, 7880.47141033876 
1982042, 237, 2.19567890391709e-05, 9178.33939569884 
215221, 29, 1.57195629961487e-05, 16009.6377954295 
758826, 281, 2.2666485334784e-05, 5088.53477188399 
2942909, 759, 2.28775365468646e-05, 17611.2602644905 
1643826, 760, 2.46038775711052e-05, 41804.8554042737 
40990, 721, 2.27510579241935e-05, 17888.9177243756 
82367, 120, 2.18708308728649e-05, 1190.75592981539 
2614639, 708, 2.26598082980218e-05, 14659.4606726405 
2993564, 820, 2.4024024024024e-05, 57134.6805040213 
1411902, 365, 2.25866196864977e-05, 17362.2705451089 
1125847, 337, 2.26065332881203e-05, 32663.0957034476 
1813451, 169, 2.21773746423898e-05, 3352.70293025031 
3014995, 662, 2.33453951208124e-05, 20268.0631608836 
95301, 244, 2.44516712717314e-05, 5310.29503957155 
1459637, 237, 2.47127146917089e-05, 786.665395090046 
1484693, 381, 2.27748929580031e-05, 9058.17083657845 
1281578, 553, 2.4633575563493e-05, 41395.8633975865 
106591, 288, 2.25601227270676e-05, 60893.4739303664 
1073531, 638, 2.26757369614512e-05, 11400.4417959833 
208439, 694, 2.29179080533529e-05, 15234.7078113954 
29314, 612, 2.22970411826351e-05, 8084.88745575378 
296842, 391, 2.5143949108647e-05, 17093.1018666417 
857417, 638, 2.35876872272674e-05, 32298.4970838043 
158080, 364, 2.33989283290825e-05, 11570.0039391518 
3049047, 785, 2.25657226672684e-05, 19117.7170495633 
33008, 600, 2.374394529395e-05, 17258.2623322892 
2961893, 635, 2.33247031931519e-05, 33490.7277911692 
2734618, 720, 2.29194838532236e-05, 14877.9841349789 
2856823, 343, 2.22246916324036e-05, 8644.01850215086 
1004901, 709, 2.24527369886389e-05, 13585.2365891185 
1081866, 651, 2.38777459407832e-05, 42437.9844149418 
442, 124, 2.19620934267454e-05, 12081.3221482108 
181663, 248, 2.50532381310284e-05, 6811.65526845316 
3049072, 733, 2.38931498339426e-05, 24078.9883934109 
469, 332, 2.38100907164456e-05, 14602.8247174958 
62140, 254, 2.23848857251584e-05, 13114.8886068779 
184917, 287, 2.46117496492826e-05, 9621.27449474269 
584, 8, 1.39238920062936e-05, 311.077331221909 
367477, 751, 2.27448482918619e-05, 18744.8289376529 
1658672, 250, 2.34049524879465e-05, 5175.89555953578 
1897060, 683, 2.24668613794653e-05, 10744.8175986821 
2930049, 2, 1.30027175679717e-05, 0 
55080, 540, 2.387945650357e-05, 34238.1011452219 
47850, 617, 2.37846066026068e-05, 22220.9595076893 
1749, 753, 2.29173828348803e-05, 14478.7691190315 
2303528, 130, 2.55349573566212e-05, 1205.32850408958 
221822, 338, 2.22935616194043e-05, 16721.078073421 
3016096, 696, 2.32466234279471e-05, 20953.1818868133 
543877, 230, 2.1919729948927e-05, 10042.7653395637 
704125, 7, 2.03574773014128e-05, 1253.46907540006 
224012, 21, 2.33464851866551e-05, 3675.98494522704 
2683284, 339, 2.24592925322852e-05, 23239.1931161458 
2740163, 378, 2.49308169828725e-05, 23944.3361952211 
37923, 720, 2.25022502250225e-05, 13385.3719763026 
488731, 349, 2.25352112676056e-05, 10583.428204734 
1632865, 211, 2.46663871142794e-05, 3294.72548980457 
2202141, 354, 2.33160017720161e-05, 11695.1550104444 
2925841, 102, 2.22603120895755e-05, 23241.3226200631 
919, 16, 2.26080665581479e-05, 563.387515631989 
218936, 42, 2.46438957070334e-05, 210.701629456202 
2779671, 53, 2.1519259737465e-05, 11593.3304519127 
3025782, 9, 1.29376148213315e-05, 1485.28709933879 
333966, 594, 2.28195883346264e-05, 235529.994103448 
1353136, 531, 2.47176014039598e-05, 36385.1954418803 
289435, 9, 2.14123592137382e-05, 95.2208757672174 
1041, 259, 2.42418365615379e-05, 13736.4205754848 
1725, 748, 2.29121319738802e-05, 18238.3789756358 
2613965, 437, 2.24441701268096e-05, 55074.6181594707 
568386, 1, 1.1316441658085e-05, 0 
984207, 18, 2.20443974163966e-05, 1136.47961612474 
3051137, 923, 2.4083038316114e-05, 71634.8489263996 
1549850, 535, 2.28211506424154e-05, 49684.5727186252 
1729695, 749, 2.32325813721163e-05, 25773.5228165035 
482, 508, 2.29420941543544e-05, 26035.5389721282 
399497, 724, 2.31224565297817e-05, 19668.4726316505 
2879427, 15, 2.05592105263158e-05, 107.767656180979 
2609257, 767, 2.28112596377572e-05, 17090.6112339601 
2875948, 744, 2.29515721826945e-05, 23531.3571199516 
3015156, 667, 2.27495051982619e-05, 36241.811401954 
2077182, 15, 2.01037352740139e-05, 39206.1322229013 
2819280, 567, 2.35593459925552e-05, 34735.9895372344 
2708301, 544, 2.37405631261574e-05, 29398.9110954711 
3032592, 188, 2.20084952791778e-05, 9144.88356411469 
63561, 508, 2.45350606015997e-05, 29736.7487947617 
2992441, 43, 2.44528670986673e-05, 257.250741814067 
84112, 227, 2.24024373851875e-05, 7829.21411858905 
205844, 142, 2.19930062240208e-05, 5515.88250787236 
66428, 19, 2.04194147795724e-05, 365.025955084997 
645517, 278, 2.24069551188689e-05, 26449.8602640722 
1331910, 323, 2.48132800674921e-05, 20656.860520688 
2762576, 387, 2.28922006272463e-05, 22961.9836537146 
2895947, 2, 1.83324778177018e-05, 0 
2478662, 235, 2.29969644006991e-05, 5258.86415223226 
173479, 687, 2.51117472753754e-05, 37664.1924008855 
90627, 263, 2.5230225810521e-05, 9962.49113968242 
1231, 333, 2.50985116582587e-05, 14259.6328793414 
1716143, 464, 2.44492799687049e-05, 18994.8361101132 
712122, 729, 2.3673121537806e-05, 21174.9313486509 
3015995, 445, 2.28743966877874e-05, 23139.2384464286 
912630, 629, 2.33437602128951e-05, 18598.4459403501 
73029, 154, 2.46408594731784e-05, 1305.58051957627 
3049071, 749, 2.32704256160845e-05, 26186.3093016826 
2867011, 390, 2.25978486848052e-05, 23092.2252505152 
29542, 267, 2.52289527461715e-05, 8719.305354502 
1335061, 346, 2.29268404521173e-05, 97376.0994172193 
2683590, 621, 2.2842523642012e-05, 12216.2594626644 
2502779, 189, 2.29168576404803e-05, 5714.43307796008 
2907343, 292, 2.46196267664582e-05, 13377.0774392598 
3015149, 703, 2.29615852678469e-05, 15530.0021458512 
2108470, 17, 1.96757437431135e-05, 82.0142955333162 
2502843, 224, 2.18981298997066e-05, 6848.13772970305 
2587163, 433, 2.2544864279917e-05, 19825.1086849612 
2873270, 701, 2.27474352266782e-05, 12064.4104912655 
1649184, 18, 1.32777438457657e-05, 1918.55919020121 
2953657, 687, 2.38424490963712e-05, 45465.0633943966 
168934, 13, 2.1315598755169e-05, 20669.1817773322 
2175645, 707, 2.26351886642975e-05, 13844.5019880214 
2982694, 427, 2.40222926876141e-05, 27589.9644866191 
2962064, 713, 2.29326239508325e-05, 17543.9112441183 
388408, 290, 2.26834524214585e-05, 11636.1541498441 
1040979, 495, 2.37253552871954e-05, 19360.2798175321 
363952, 448, 2.32288037166086e-05, 21230.2764051661 
1307763, 483, 2.44510734021224e-05, 36244.9742402247 
1972846, 8, 1.84546108845295e-05, 0.931787301028718 
2708084, 701, 2.2757788853235e-05, 14017.4759033086 
2222, 1, 1.86174669074526e-05, 0 
3058420, 328, 2.26193168966297e-05, 15296.6973511256 
81, 452, 2.41633442068382e-05, 26072.4616086973 
2080419, 556, 2.40731824747232e-05, 30720.5984023337 
265959, 4, 1.69920647057824e-05, 3613.99665390911 
2925844, 665, 2.26834524214585e-05, 11670.9291558464 
53335, 479, 2.27894257064722e-05, 25421.6540028076 
2589076, 452, 2.27112716040971e-05, 56618.4764818835 
2201999, 662, 2.29236870458245e-05, 13007.326582627 
249058, 735, 2.32223305930983e-05, 21347.7625749964 
2694929, 311, 2.40870989498025e-05, 34767.0079704803 
3003247, 49, 2.2130748461913e-05, 734.124745779593 
31957, 676, 2.28634139649732e-05, 15532.2678441828 
71999, 878, 2.31937840658703e-05, 41458.3490618473 
758782, 232, 2.3227185097438e-05, 5356.37181508105 
1858609, 238, 2.33448501260622e-05, 4546.34010347641 
3029055, 677, 2.39618527304531e-05, 53369.6994937193 
3015163, 604, 2.28529640294346e-05, 284795.218883718 
36808, 675, 2.34049524879465e-05, 23804.2727349196 
60890, 428, 2.28388717597351e-05, 37048.5079132801 
1978566, 620, 2.26932328779558e-05, 10091.4986896888 
881, 508, 2.48022024355763e-05, 33213.1620284574 
1306787, 314, 2.33819678264123e-05, 14577.0954750407 
1550733, 6, 1.95802005012531e-05, 2223.27571006348 
2175650, 643, 2.29990800367985e-05, 12921.810095635 
1620816, 14, 2.3301875801002e-05, 2118.43962991225 
186822, 322, 2.37079184447606e-05, 14736.4980725441 
1659, 768, 2.38010234440081e-05, 48789.96486514 
1870985, 680, 2.41283628905779e-05, 36445.9824962575 
2005464, 18, 2.34653651210813e-05, 7041.89803491193 
69823, 854, 2.44786056986194e-05, 102988.39263958 
901, 309, 2.41207969511313e-05, 9568.42657077036 
3038545, 5, 1.53348361472758e-05, 100065.302096064 
507, 398, 2.29079330172039e-05, 34213.948786011 
2796927, 391, 2.4665170313001e-05, 14257.3265499306 
1064539, 415, 2.32888516267263e-05, 24064.812120181 
207340, 255, 2.24860586436409e-05, 7261.35466100187 
2175620, 712, 2.29357798165138e-05, 15048.8355349184 
2872309, 614, 2.3227724612097e-05, 13913.501530784 
3073268, 721, 2.31830300220239e-05, 25896.4098429164 
375286, 328, 2.43617228610407e-05, 9335.02350116827 
218208, 260, 2.51004016064257e-05, 7224.69060576791 
80878, 264, 2.3284513470091e-05, 5572.48870755693 
517719, 276, 2.27531285551763e-05, 41351.8619412398 
67351, 8, 1.2369195754892e-05, 17.6153424744791 
2772401, 600, 2.43872698451408e-05, 25753.6864785937 
2682228, 289, 2.49675421951463e-05, 3543.74181483439 
142864, 14, 2.31798057532278e-05, 811.695382201192 
337191, 663, 2.29668588227188e-05, 13684.2200751956 
129337, 548, 2.46378239873854e-05, 39005.5264852609 
153496, 7, 1.70143260625447e-05, 10923.2084635797 
56450, 2, 1.54078456750177e-05, 9610 
1294143, 514, 2.38248397779525e-05, 25439.8428289273 
1221500, 1, 2.03206600150373e-05, 0 
2971236, 225, 2.30877565626948e-05, 9281.23646264519 
1775881, 371, 2.26937478724611e-05, 18595.8323186803 
2674997, 342, 2.32498663132687e-05, 24639.1507755308 
2811424, 624, 2.32244879000418e-05, 15568.4463342185 
414371, 118, 2.27107558139535e-05, 793.428403706562 
200644, 244, 2.31889435117336e-05, 7398.14348848882 
2841257, 832, 2.41143987074682e-05, 37112.9755793592 
405559, 298, 2.25932536544588e-05, 19543.4420390951 
1495638, 31, 1.33281797704887e-05, 23371.6933484088 
2782655, 13, 1.47939936385827e-05, 14692.5216343084 
2838157, 127, 2.27754116655659e-05, 2298.22650343447 
1510150, 353, 2.49370339891773e-05, 12068.8520717336 
1671680, 698, 2.29974932732332e-05, 19249.8971110958 
2528017, 192, 2.42283277608179e-05, 6829.67188607917 
2996004, 672, 2.33399463181235e-05, 21317.7628338785 
76758, 503, 2.29331498681344e-05, 22493.5296567731 
2909673, 190, 2.220495170423e-05, 8055.05519617138 
2358, 100, 2.51997076833909e-05, 39150.7040188949 
500, 637, 2.46317552588797e-05, 19656.8841323469 
2587849, 985, 2.45543387516574e-05, 114151.984272035 
2897773, 656, 2.31679911034914e-05, 15125.3070539818 
1610493, 721, 2.35543516664704e-05, 28975.8452292598 
1744, 820, 2.33453951208124e-05, 38849.5622666057 
379895, 382, 2.34477583942975e-05, 15310.9190732305 
2202254, 852, 2.40038406144983e-05, 48160.8401488477 
2719023, 566, 2.34384155631079e-05, 19780.5764396993 
2930199, 365, 2.29816376715005e-05, 42872.265036769 
3017783, 319, 2.28524417834046e-05, 31018.4621912062 
2956797, 718, 2.4823135161971e-05, 58360.0794434951 
3016341, 417, 2.35826808791623e-05, 15741.0898749173 
241425, 26, 2.31133710851728e-05, 11684.7256019347 
2795215, 710, 2.35621215334229e-05, 27798.0400549255 
3016089, 652, 2.33606653117481e-05, 22394.5797850045 
390988, 594, 2.36183278223902e-05, 13728.0403926573 
2072414, 50, 2.22414981873179e-05, 458.258771773347 
33899, 173, 1.95959318845408e-05, 10589.7925985123 
2072936, 78, 1.5052759923532e-05, 14161.5760295708 
1288636, 747, 2.10035495998824e-05, 11154.93303726 
129921, 667, 2.02036528204299e-05, 7766.95436929089 
2981137, 933, 2.21155760001769e-05, 28787.1634251324 
2819978, 741, 2.03301618280882e-05, 11225.4568700985 
1395951, 65, 1.99984001279898e-05, 241.586513240556 
187137, 731, 2.184503134762e-05, 14924.5168158446 
3031126, 80, 1.95480491046994e-05, 356.52488767076 
370524, 2, 1.2808853479525e-05, 8182.29207008507 
370622, 293, 2.000200020002e-05, 6234.56878019588 
1843368, 78, 1.53029213276815e-05, 18763.886701064 
1179673, 744, 2.1007079385753e-05, 10621.6556441947 
1760988, 583, 2.13146900844062e-05, 36973.9040896943 
2749991, 653, 2.0354576726577e-05, 6563.86243850815 
2782678, 32, 1.4534461207523e-05, 11750.6745225037 
424188, 503, 1.99076286032808e-05, 46794.1060809948 
2714942, 180, 2.06266372393309e-05, 4994.16412440075 
2676077, 84, 1.53167503982355e-05, 23286.3253305743 
1486262, 265, 2.01102039174677e-05, 7763.64989689511 
57975, 430, 2.02183582693085e-05, 10414.4082356758 
1335048, 323, 2.01918223119637e-05, 8608.78319239802 
1047172, 654, 2.03016830095215e-05, 7118.93344204707 
2815343, 813, 2.20453693701638e-05, 19141.0651863964 
2758442, 751, 2.04649639816634e-05, 10151.9153174684 
299152, 704, 2.02298106489723e-05, 11336.6650050762 
356852, 697, 2.0148697386714e-05, 13784.6951027471 
2942996, 221, 1.97230878466333e-05, 5261.0486265954 
2995138, 314, 2.04855065041483e-05, 2392.82594978622 
217204, 567, 2.07369927213156e-05, 25739.5211529964 
2499145, 680, 2.03429826881217e-05, 6501.10877729822 
382, 265, 1.99175413786922e-05, 10725.4524776898 
530584, 742, 2.05216606127768e-05, 8994.65510952606 
2509457, 693, 2.05685137191987e-05, 8347.25923145534 
273677, 664, 2.00674265532188e-05, 9618.79636644273 
2419844, 273, 1.97339858704661e-05, 9200.26646378387 
2906798, 57, 2.41068415216238e-05, 17807.4997987974 
1368430, 143, 2.11286948805172e-05, 3560.7101815241 
1203471, 104, 2.33868893098529e-05, 3693.71767471947 
1881, 646, 2.00714543775842e-05, 7269.46068977856 
2811111, 646, 1.99258757422389e-05, 7156.53754424913 
36809, 624, 2.00678292629086e-05, 12571.5517457445 
73141, 591, 2.16408059036118e-05, 24723.398517498 
372663, 723, 2.05892647573555e-05, 9033.7306246538 
2527982, 261, 2.12436003653899e-05, 5648.97182080882 
204891, 629, 2.0329335230738e-05, 6227.34823337839 
1105204, 923, 2.23084816847365e-05, 31264.7268663458 
1274, 775, 2.13269636801809e-05, 14817.5649672086 
588673, 724, 2.09021361983195e-05, 7886.38468089553 
1792, 676, 2.03297485210108e-05, 9522.38187521786 
2831000, 13, 2.03711625822486e-05, 242.097929800338 
710111, 693, 1.99792216095261e-05, 9721.66733036577 
2714944, 300, 2.01182955779986e-05, 5752.71671752733 
692036, 559, 2.26690544737379e-05, 16551.9560264219 
553814, 303, 2.07365627073656e-05, 5713.27660175587 
3043847, 607, 2.24406444953099e-05, 4887.9952738362 
2171623, 764, 2.0772746157042e-05, 13358.479329266 
3073064, 746, 2.0381957890875e-05, 9663.81229661155 
682798, 959, 2.18827957459845e-05, 38938.1951207663 
562, 318, 2.32531101034763e-05, 3749.97694890284 
33052, 2, 1.55106092567316e-05, 8668.79396084258 
1859, 646, 2.00036006481167e-05, 6692.26760837659 
2546351, 811, 2.23418753770191e-05, 26269.5057435198 
2080742, 739, 2.16286363144804e-05, 9836.98634541159 
547, 408, 1.99541055572184e-05, 18146.8228192074 
28209, 283, 1.9970842569848e-05, 6830.0595108562 
2654249, 3, 1.82401867795126e-05, 0.106521549399769 
3024400, 314, 2.0897768118365e-05, 14306.2807906598 
1873716, 112, 1.99537073988347e-05, 7767.09427416161 
280236, 649, 2.01629163642229e-05, 6847.96375929734 
3024246, 746, 2.07869956555179e-05, 12462.0275902012 
152500, 348, 2.04002529631367e-05, 25111.363774552 
36813, 627, 2.01730850698997e-05, 4830.98037497903 
1914461, 690, 2.03661839881061e-05, 8357.02400170913 
206351, 635, 2.24971878515186e-05, 21082.0701191925 
47716, 29, 1.32890365448505e-05, 237.995377386625 
76862, 822, 2.08021301381261e-05, 17598.9465452173 
1715806, 11, 1.95756009709498e-05, 10224.9061779065 
1789, 15, 1.2257155114298e-05, 18.5787714503274 
2917832, 59, 2.42989745832726e-05, 26624.9415830194 
311180, 392, 2.03578917367317e-05, 19190.3990116016 
1323731, 675, 2.01033311219669e-05, 12096.3966543258 
1795630, 632, 2.04574280921403e-05, 5042.25505643946 
680248, 250, 1.98314328210213e-05, 5033.77120736538 
82380, 694, 2.03033317767446e-05, 9143.62865458113 
85012, 681, 2.09060690318399e-05, 8759.38648022618 
767452, 734, 2.09244418405139e-05, 13502.4208289781 
2721243, 38, 1.38203629227304e-05, 8246.64833406186 
2203210, 74, 1.94992590281569e-05, 461396.354454598 
1856685, 402, 2.3623907394283e-05, 11647.052975588 
1420889, 717, 2.06232341355771e-05, 10997.3667061629 
1245526, 904, 2.2327907651774e-05, 31450.68583001 
1267217, 783, 2.16038714137573e-05, 25686.4809041432 
2528642, 61, 1.50217815832958e-05, 25113.9112898724 
1736306, 717, 2.07796525642091e-05, 9099.56262001343 
2740807, 982, 2.24230329394354e-05, 42065.8150397831 
370764, 711, 2.15368711233632e-05, 8849.07154039265 
219314, 677, 2.088772845953e-05, 6231.91012853311 
2781978, 692, 2.05478044670927e-05, 7690.79894346739 
29405, 728, 2.05651297659688e-05, 9079.36681815526 
2500546, 636, 2.11479084718521e-05, 6055.4754517707 
945844, 783, 2.06351499143641e-05, 13081.5974464389 
2613773, 199, 1.99223030182289e-05, 110773.157807377 
1954172, 25, 2.31787311962543e-05, 5525.67590704603 
1386, 305, 2.18598347396494e-05, 6606.05999504936 
1458426, 623, 2.22652684078107e-05, 14576.9661182198 
2979468, 50, 1.38532936205583e-05, 43150.6747092009 
533, 52, 1.50834112642915e-05, 42528.2681273586 
1798223, 635, 2.06825232678387e-05, 5760.14689835009 
2315862, 13, 1.96939559249266e-05, 33937.9270089554 
2714943, 238, 2.01959002322529e-05, 2904.01801765781 
83564, 405, 2.29805814087096e-05, 11030.8969786244 
2600596, 638, 2.26531351939108e-05, 26247.20473157 
540747, 498, 2.04461346582429e-05, 24346.4439866029 
53412, 895, 2.26234107053979e-05, 44485.8690558805 
1183413, 149, 2.35310727816081e-05, 1449.68523886418 
2930091, 79, 1.54571450653064e-05, 60024.7254497923 
2969247, 695, 2.09410927062174e-05, 7440.3867842859 
415229, 169, 2.04106625301057e-05, 14996.0654842953 
150203, 27, 1.92226365768329e-05, 2762.60358922701 
80842, 361, 2.06534759800074e-05, 8373.20179537286 
1938841, 48, 1.44345968417102e-05, 3097.94056447465 
1740163, 312, 2.02535747559444e-05, 20943.7672086227 
2021234, 176, 2.04553357743367e-05, 7382.44184720732 
47875, 650, 2.03479499440431e-05, 27688.7483138929 
1003110, 740, 2.07314039306742e-05, 13703.8150762361 
2904790, 717, 2.03512627958565e-05, 7854.29179116873 
85693, 677, 2.04265054334504e-05, 6195.86077667788 
237610, 439, 2.00024002880346e-05, 13966.4762990061 
152142, 625, 2.03612078268483e-05, 5950.91360727984 
2041385, 73, 1.95894060492086e-05, 107.532540523714 
57043, 678, 2.02605506817675e-05, 6326.44810351776 
194963, 370, 2.01507274412606e-05, 22102.70395997 
255247, 5, 2.04227509445522e-05, 0.250607638483279 
120107, 80, 1.52898185098543e-05, 22250.4294138339 
1854, 697, 2.06846623228876e-05, 12498.611115188 
1155739, 131, 2.47188233840069e-05, 29514.5040243857 
249567, 43, 1.48533234311177e-05, 23920.1764572672 
2929802, 713, 2.10446567616482e-05, 8623.59210020792 
633392, 555, 2.18827957459845e-05, 2800.54014842593 
1176536, 114, 1.999800019998e-05, 6524.45058714346 
2566013, 763, 2.07800843671425e-05, 12646.3519065972 
351052, 648, 2.20298283876369e-05, 14410.2823387017 
2116657, 574, 2.12503718815079e-05, 16780.3355191845 
1758689, 749, 2.12829353424424e-05, 9842.00343434727 
399736, 783, 2.09608451412761e-05, 10899.6204154061 
106370, 667, 2.06253609438165e-05, 10222.0456836356 
2060726, 215, 2.05596332161434e-05, 4063.21637735973 
2986920, 193, 1.99346144645563e-05, 3475.33458692304 
1223565, 45, 1.95560770509436e-05, 98921.6906973809 
299146, 632, 2.03715775749674e-05, 6609.04972656489 
2917725, 755, 2.06262117899427e-05, 10509.8885411138 
2588711, 350, 2.06897978606749e-05, 11572.0424229158 
373, 19, 1.43626570915619e-05, 56853.8684346356 
1620421, 251, 2.03033317767446e-05, 6222.8114206527 
2107713, 672, 2.14403636285671e-05, 9458.40941822563 
1470176, 726, 2.06466531775199e-05, 14349.4976964518 
67305, 13, 1.62466897369661e-05, 576.133398533299 
2927975, 293, 2.19804374107045e-05, 4834.38144167144 
451876, 4, 1.22505482120325e-05, 18.3236783896599 
110321, 222, 2.02061022428773e-05, 3626.00346234648 
649841, 470, 2.26208519012826e-05, 13623.9442247778 
2079793, 722, 2.09978162271124e-05, 9113.79399922377 
453230, 556, 2.25047822662316e-05, 17917.2274883142 
270, 423, 2.26264820345733e-05, 21205.7267090009 
1846278, 1, 1.64760931887831e-05, 0 
2209, 4, 1.9558371961118e-05, 1402.84533917921 
1108595, 878, 2.18178644674259e-05, 31963.2485215189 
357808, 294, 2.26562145996647e-05, 6699.30241628737 
55395, 22, 1.40666760444507e-05, 1849.3413861088 
39688, 614, 2.03525053934139e-05, 5533.9138680051 
39691, 671, 2.04720863103159e-05, 7783.85562678522 
186650, 266, 2.02658884565499e-05, 5475.35991396852 
2963432, 19, 2.07253886010363e-05, 303.769560042924 
2691354, 237, 2.24729201312419e-05, 3575.03547460293 
39692, 689, 2.04930630981413e-05, 8359.16263883964 
1783515, 66, 1.95320129692566e-05, 23127.4277529936 
334852, 344, 2.02515239271755e-05, 11173.8795608697 
2738142, 511, 2.14353082397325e-05, 6044.10820675677 
886343, 13, 1.22534003185884e-05, 8.89608534716762 
83614, 70, 2.07103655379517e-05, 25943.7526781451 
2571115, 69, 1.97285353535354e-05, 2368.03184968937 
132473, 600, 2.04725054252139e-05, 71983.8467831575 
1774, 373, 2.18928563609694e-05, 3801.17584171582 
1053, 767, 2.25382586941333e-05, 33122.9202283386 
128, 360, 2.22276556491587e-05, 7597.92824997721 
2109914, 387, 2.08589724870153e-05, 9475.58475420691 
3025670, 86, 1.51308821304282e-05, 34837.3405702547 
43668, 729, 2.06675622610313e-05, 10250.5625462965 
2692235, 30, 1.38049090256495e-05, 38752.7167406281 
2760308, 764, 2.10145841213802e-05, 13693.3351735413 
65496, 672, 2.03607932565053e-05, 7665.31637570563 
1711, 743, 2.09310113864702e-05, 9758.02359353563 
1748965, 151, 2.33296005972378e-05, 13087.4423046832 
3058426, 718, 2.08029956313709e-05, 13916.3139331804 
123899, 621, 2.17315716272601e-05, 27320.2931282333 
2213200, 684, 2.07120813570556e-05, 14984.8220097974 
2919917, 119, 2.08973314107788e-05, 3766.27246208767 
2861279, 426, 2.31803430690774e-05, 5080.71998585876 
482957, 365, 2.04452986035861e-05, 25414.5143674616 
60136, 319, 2.02322664184842e-05, 10046.5121058534 
1584, 94, 2.42031125202701e-05, 35.6890577751492 
2714937, 698, 2.04023340270127e-05, 10248.2206706183 
2867005, 647, 2.0555829633284e-05, 8214.03864385285 
1248727, 320, 2.20375961390132e-05, 8519.93300526574 
2483799, 758, 2.12603112509567e-05, 14699.5622755441 
2585135, 752, 2.09828360401192e-05, 11158.5463694695 
1175445, 38, 2.27551995631002e-05, 7179.74056217195 
22, 378, 2.07934791649339e-05, 14843.9815140926 
435, 1, 1.36565380675999e-05, 0 
555316, 38, 1.94170986971127e-05, 165.405522803404 
2800373, 24, 2.28117800031936e-05, 2419.19577806027 
1855519, 67, 1.51878740013973e-05, 14910.4344861042 
2816454, 320, 2.06449481811801e-05, 6685.38561563251 
2508882, 776, 2.14730513205927e-05, 14731.5930246679 
2780074, 129, 2.03852818265213e-05, 3703.16051003251 
35806, 355, 2.05990194866724e-05, 7873.82353799183 
1178, 1, 1.74109863323757e-05, 0 
2823043, 567, 2.17329885032491e-05, 30001.0316084667 
375549, 214, 1.9974033756117e-05, 11255.4668031191 
345370, 467, 2.23578599056498e-05, 12715.4180266224 
1797, 720, 2.07249590682058e-05, 9178.55252526844 
2897334, 486, 2.05968981071451e-05, 28996.705424384 
3003265, 273, 2.05575199407943e-05, 6693.32229212263 
3020055, 15, 1.89064508810406e-05, 87812.9680682669 
1510466, 1, 1.78329410086311e-05, 0 
1249101, 626, 2.06206825445922e-05, 5770.36228677595 
2749844, 720, 2.05233453052848e-05, 10131.1774623787 
2714924, 839, 2.20080109159734e-05, 28668.6167142242 
28047, 642, 2.05922326098596e-05, 9626.61141975639 
2970925, 6, 1.80228890691178e-05, 18127.333660541 
2853163, 442, 2.18847113406574e-05, 8257.17447457158 
1987723, 353, 2.50632847941051e-05, 1912.99380657718 
1123043, 327, 2.27314057101291e-05, 9136.96147345702 
1850250, 457, 2.11667090000847e-05, 22946.929544365 
3064286, 618, 2.04565911136568e-05, 6282.76457682982 
2604537, 283, 2.21931245700082e-05, 13005.5092345396 
2493093, 18, 1.431229426077e-05, 70144.7216022047 
2662028, 697, 2.12035113014715e-05, 8185.14824457303 
36814, 643, 2.05343025524138e-05, 7362.24372976795 
60920, 766, 2.10009030388307e-05, 12524.5023640849 
2592652, 694, 2.1084591380619e-05, 7182.73690403606 
2705399, 286, 2.05752849676968e-05, 6618.64417922403 
192843, 404, 2.13634130188639e-05, 12419.7484693492 
2070347, 786, 2.11640211640212e-05, 13573.050446501 
1016987, 120, 2.02208112589477e-05, 2795.51848877799 
709883, 694, 2.10482003788676e-05, 10291.3835213123 
2021862, 387, 2.07952087838962e-05, 15645.9485451591 
1801, 611, 2.04507341813571e-05, 6067.72875939299 
515350, 766, 2.10075206924079e-05, 12258.1974921762 
39694, 663, 2.06219582611565e-05, 7923.5784642932 
1250539, 386, 2.06155812563135e-05, 14207.2426771216 
13134, 270, 2.08698555805994e-05, 9691.71066163566 
2056258, 63, 1.94431482345621e-05, 2392.5756253232 
2109915, 704, 2.21263414094479e-05, 21790.9449994858 
1078471, 746, 2.15373349701708e-05, 13102.8545483966 
1208324, 406, 2.03832042397065e-05, 14481.8460617846 
2857060, 648, 2.07361327112494e-05, 5541.37919731262 
2835787, 60, 2.01466677411556e-05, 113.034129790846 
3009077, 725, 2.07749039160694e-05, 13230.8047714531 
2480810, 159, 2.05566747522921e-05, 17976.6922846512 
1526572, 273, 2.0671834625323e-05, 12538.5845787844 
418223, 200, 2.45603693879556e-05, 1206.30323735204 
2792603, 503, 2.20921241577378e-05, 17804.9199401231 
53360, 678, 2.13456284153005e-05, 8610.6987602185 
1508451, 177, 2.01308505284348e-05, 286923.597725145 
2968085, 800, 2.11810556638143e-05, 15563.18986284 
1582439, 1, 1.8909668513511e-05, 0 
2781962, 741, 2.16108745920947e-05, 11896.2813328828 
48664, 5, 1.80851448620103e-05, 38432 
104336, 665, 2.07494708884923e-05, 7918.38815447064 
1183401, 199, 2.18507593138862e-05, 8834.00956272109 
2682091, 51, 1.52704394832483e-05, 3114.38550204396 
2723776, 8, 1.39010523096598e-05, 61.9073029924437 
2585717, 747, 2.20400246848276e-05, 11071.7236313994 
3018929, 616, 2.30409437570563e-05, 9987.38201263486 
2934161, 790, 2.15605528125741e-05, 14297.7043006576 
1402135, 370, 2.06164312957427e-05, 9715.44962264315 
2735133, 703, 2.06160062672659e-05, 8553.36239841505 
120962, 743, 2.30936215417302e-05, 32081.8698634748 
347, 212, 2.08986415882968e-05, 35669.9840205414 
571177, 305, 2.35576809818841e-05, 10377.2722132268 
2152891, 4, 1.60875160875161e-05, 31786.9127717534 
2995141, 789, 2.15146299483649e-05, 13553.3092401244 
60893, 25, 2.3109098051903e-05, 35142.740348384 
2742603, 689, 2.09951711106446e-05, 8411.35300001761 
2733867, 62, 1.50702272590271e-05, 11121.1121322716 
2935861, 711, 2.09397772007706e-05, 9887.56962777032 
57480, 907, 2.23094770658576e-05, 36356.1202856786 
1798193, 301, 2.10725950900853e-05, 9161.73373037668 
1561022, 43, 1.81725666933198e-05, 6846.24712456002 
3020843, 552, 2.31208526970475e-05, 29762.1324268291 
2819979, 760, 2.13337884541537e-05, 15237.5950447841 
1434191, 11, 1.44721989059018e-05, 1861.98512315498 
1804, 648, 2.08424519060422e-05, 7218.47613507014 
2774875, 371, 2.09183139838929e-05, 8511.11292224637 
95485, 358, 2.05368328096441e-05, 28230.7910919712 
186189, 726, 2.10610560013479e-05, 9178.31456774297 
2907154, 209, 2.12747851246702e-05, 1818.63865282784 
1072463, 803, 2.19053251845524e-05, 10804.2594881422 
2319844, 71, 1.5308543698238e-05, 20394.6825644695 
2483401, 765, 2.13101478924264e-05, 11359.4639180565 
2879617, 602, 2.29800533137237e-05, 9246.94351046561 
1138587, 736, 2.12219604847096e-05, 10383.2340196221 
1619308, 746, 2.08350695891324e-05, 9931.75739470284 
768507, 221, 2.14730513205927e-05, 11810.2643712152 
2789327, 67, 1.52003404876269e-05, 26902.9163032133 
1207504, 349, 2.07258181516715e-05, 48079.7353942257 
1936029, 614, 2.08433207578631e-05, 4996.33042440902 
2587808, 746, 2.13926623168253e-05, 12471.1961796627 
2811423, 260, 2.0705648500911e-05, 7381.82236192236 
1736691, 739, 2.10890379180902e-05, 9702.82098774114 
79328, 55, 1.7149717029669e-05, 893252.835227831 
1982746, 18, 1.44573436076855e-05, 1160.68335658595 
1389922, 981, 2.22207408394996e-05, 50237.9002370292 
163604, 725, 2.07878598898243e-05, 9277.83362506255 
2059672, 853, 2.18316777644362e-05, 52458.145112102 
1458425, 514, 2.25570693855454e-05, 14801.3940139353 
317, 485, 2.09056319772547e-05, 15531.079792671 
332249, 890, 2.28018971178402e-05, 43994.2032069176 
1075, 333, 2.09503058744658e-05, 11213.596548375 
396595, 790, 2.29415678267453e-05, 33263.4328414933 
1144307, 65, 1.5454517355423e-05, 16732.4181241173 
2894310, 437, 2.0677818903662e-05, 12206.7335279463 
2985506, 730, 2.07236705765325e-05, 9709.42137778494 
2419774, 683, 2.06470794706089e-05, 10162.228273642 
2183911, 356, 2.11725349876141e-05, 9074.42007971499 
293088, 239, 2.05170291341814e-05, 8124.59408585497 
1042, 300, 2.18866272707376e-05, 10088.4388028773 
536, 557, 2.17188280520383e-05, 16865.947846943 
3068640, 410, 2.22410035140786e-05, 12307.9417492588 
1077935, 326, 2.05617469260188e-05, 7862.8050612576 
11, 743, 2.10734832360441e-05, 8762.97361659833 
2829500, 326, 2.18178644674259e-05, 10410.4748137914 
80866, 442, 2.11112987671002e-05, 9573.45894200373 
1295382, 497, 2.20682349825661e-05, 18337.4163366724 
1434011, 65, 1.5263214127631e-05, 53595.5885359587 
188770, 546, 2.08446241714262e-05, 471292.103441619 
2518343, 238, 2.15090768304224e-05, 1853.29760628549 
81032, 23, 1.94673726833827e-05, 6097.57526408299 
346, 56, 2.01621033106174e-05, 2722.56006074336 
2974552, 512, 2.25428313796213e-05, 15188.2448153412 
1484898, 253, 2.25845792492886e-05, 4987.17056762793 
2583243, 604, 2.06906540315739e-05, 7058.1792010067 
1930532, 451, 2.29226361031519e-05, 15392.1370147023 
2420509, 729, 2.15081515894524e-05, 12007.215265173 
34007, 464, 2.06002925241538e-05, 16053.0141707541 
344163, 772, 2.19115649239669e-05, 10174.1124608216 
110937, 761, 2.12997081939977e-05, 12913.3066819653 
1572644, 722, 2.17476403810187e-05, 9565.09453554573 
106634, 852, 2.2929468953499e-05, 39793.1677344241 
2714931, 762, 2.16394010213797e-05, 12151.7919878271 
2527980, 151, 2.18947737175136e-05, 3081.94511786542 
2968084, 777, 2.11488029777515e-05, 12706.2172309839 
47960, 455, 2.20701831825204e-05, 12395.0130800451 
134601, 725, 2.1053518042865e-05, 10483.9861578414 
2840183, 349, 2.2387892627667e-05, 6111.54723313354 
2816956, 734, 2.14472611847467e-05, 17161.4463978258 
1891644, 757, 2.1491510853213e-05, 13717.6664382931 
2509459, 719, 2.10009030388307e-05, 9421.47286120729 
2714923, 508, 2.22207408394996e-05, 18056.3127603699 
2806989, 7, 2.21014012288379e-05, 5.39492265211944 
2742132, 726, 2.10694871686823e-05, 11893.0692909646 
3026424, 319, 2.29985510912813e-05, 8710.44325312001 
2567884, 725, 2.11909302818394e-05, 12206.5651881931 
147645, 314, 2.06257863581049e-05, 8187.07980498189 
1943633, 610, 2.16197518052493e-05, 28886.3537388067 
2608402, 794, 2.14592274678112e-05, 14104.796837484 
194924, 302, 2.32541915680301e-05, 8810.69609596944 
2871820, 188, 2.08246563931695e-05, 7048.12689977477 
684552, 780, 2.1573111274108e-05, 13968.5841610556 
680247, 230, 2.04327659835312e-05, 4013.47677509878 
582680, 748, 2.13074235063496e-05, 14187.541004555 
1912215, 336, 2.56278831368529e-05, 25319.5140489335 
2072407, 60, 2.51224720512498e-05, 4144.93376914783 
2724468, 186, 2.61253494265486e-05, 8876.30019968389 
2268026, 243, 2.63254883378087e-05, 67743.1657138555 
53374, 244, 2.55813358573585e-05, 12058.1348572053 
60847, 172, 2.61151154288102e-05, 21810.7836394228 
614, 178, 2.57214877308504e-05, 6386.95894433173 
61434, 179, 2.58244454200346e-05, 40214.5128898592 
1249552, 159, 2.6424966308168e-05, 23142.2849241994 
1727164, 20, 1.73786104063119e-05, 10113.628312541 
2900738, 178, 2.6121937202863e-05, 42258.9440023979 
517398, 364, 2.64501282831222e-05, 40844.902569203 
57320, 243, 2.65076209410205e-05, 49245.5540322457 
669359, 1, 1.68861870989531e-05, 0 
2708352, 1, 1.85949644836178e-05, 0 
47917, 298, 2.67766293578964e-05, 74595.4551780413 
95641, 151, 2.60613484141669e-05, 22284.2197363453 
1680, 392, 2.63539333245487e-05, 39757.5778956352 
210, 318, 2.68290719824001e-05, 144060.98610972 
1420916, 27, 2.53408342202625e-05, 589.334076041156 
157, 216, 2.65865525217345e-05, 41668.834842321 
204042, 26, 2.47231012658228e-05, 18.8039951097535 
2605747, 7, 2.0791749833666e-05, 142170.899911969 
269261, 148, 2.63442134935062e-05, 20486.4294760016 
2745482, 187, 2.61349083971461e-05, 10455.4131836284 
2885633, 289, 2.56278831368529e-05, 47491.0966212455 
145458, 211, 2.46944067168786e-05, 1387.45075102667 
1603886, 296, 2.62632629477886e-05, 32159.2106160098 
1814290, 318, 2.63026381546069e-05, 87221.3653020721 
2650975, 341, 2.63123273253519e-05, 46712.484584433 
2764720, 4, 1.67599637984782e-05, 0 
2812647, 395, 2.71385149804603e-05, 275576.524320089 
41202, 100, 2.6160889470242e-05, 4513.01051162328 
672, 386, 2.68593376487336e-05, 103023.117880863 
131081, 494, 2.62853538008622e-05, 43774.4513073265 
1796, 4, 2.21690165824244e-05, 0.5324131404657 
1815583, 314, 2.64872596281189e-05, 90402.976320304 
311181, 173, 2.59376458992582e-05, 32601.0801624271 
445, 40, 2.40998698607028e-05, 73.8961393580318 
592316, 168, 2.60654242147791e-05, 12523.842312108 
86664, 35, 2.3133154436939e-05, 1304.21298704668 
1112103, 64, 2.40344172855529e-05, 3002.97025968077 
1124597, 194, 2.63282607550945e-05, 26282.8201935002 
1873425, 137, 2.63234094079865e-05, 8532.54114131914 
227319, 385, 2.59389914920108e-05, 16656.0727234705 
2763540, 260, 2.55885363357216e-05, 10276.9362279526 
3059080, 380, 2.56108180095272e-05, 15212.8681046401 
2895493, 268, 2.63130196821387e-05, 22191.0890256409 
3069118, 401, 2.66432206325101e-05, 151143.332750886 
46355, 382, 2.70775229482007e-05, 123634.451868927 
470932, 231, 2.61246669104969e-05, 16094.4784741295 
520, 197, 2.62425864693224e-05, 20473.8282001932 
618, 142, 2.57805047822836e-05, 4552.88456081877 
706438, 390, 2.58017906442707e-05, 15649.4570453914 
1076926, 96, 2.57320776079461e-05, 2852.34174984898 
2495582, 207, 2.63123273253519e-05, 22110.2416036965 
2675219, 376, 2.5783163594173e-05, 14770.76353714 
2745197, 245, 2.6351849899863e-05, 79431.7862075772 
2851642, 148, 2.4796052468447e-05, 8068.51308818338 
2895286, 19, 1.97565987039671e-05, 68791.8843901032 
1082704, 216, 2.63782643102084e-05, 50764.7139682681 
1129704, 295, 2.66127315307643e-05, 54754.6938878467 
135079, 156, 2.60267555046588e-05, 10776.2346144934 
2594457, 2, 1.16503949483888e-05, 9610 
2907205, 283, 2.63817438332674e-05, 52205.905318018 
3017361, 421, 2.58872867534754e-05, 29945.613179115 
44930, 357, 2.58297817383443e-05, 12334.2183628159 
1336806, 210, 2.64096130991681e-05, 18909.1727156861 
1513468, 237, 2.63525443381559e-05, 36280.4408152927 
2609415, 194, 2.63581011623923e-05, 22071.0476560934 
2739061, 352, 2.69723533378287e-05, 119611.779408192 
2842354, 212, 2.61828083680256e-05, 14002.6807881617 
658644, 132, 2.60321757692508e-05, 11021.3192949078 
995, 94, 2.54362313679605e-05, 41095.7151698648 
1990687, 277, 2.53312055120703e-05, 6699.44257569523 
2291, 145, 2.62412091949197e-05, 19202.4153440694 
2512235, 43, 2.48441032520931e-05, 2470.50582406553 
2594463, 2, 1.27299344408376e-05, 2577.02333273948 
2906062, 96, 2.57871528404549e-05, 2362.98503142352 
33986, 129, 2.60491286566464e-05, 19813.7163514291 
365349, 17, 2.29705517526531e-05, 3167.82865433768 
59505, 167, 2.60030683620667e-05, 8772.57891531591 
67825, 306, 2.6698705112802e-05, 54745.7215768386 
1891675, 355, 2.67136827483037e-05, 83846.2274848494 
2741301, 243, 2.68831657616001e-05, 95452.0634138219 
565, 133, 2.60953524177344e-05, 9576.6756141938 
1231000, 439, 2.6160889470242e-05, 50318.0557537064 
158627, 375, 2.64033373818451e-05, 43155.1204669569 
2716226, 272, 2.65646583784933e-05, 33338.5441290364 
2749040, 117, 2.63713080168776e-05, 9000.81244086928 
2895473, 213, 2.60871833668119e-05, 18293.1806855543 
2904245, 291, 2.62667121956345e-05, 71394.9331882897 
3074898, 285, 2.62798276043309e-05, 71207.540475224 
1538644, 50, 2.50614004310561e-05, 8880.57828508569 
1851148, 101, 2.59753753441737e-05, 6880.07380898862 
2680004, 180, 2.50425723730342e-05, 2794.92777862793 
367298, 182, 2.47831474597274e-05, 13755.0586433585 
69525, 341, 2.59902276743944e-05, 30875.2944220755 
1190508, 304, 2.58137793954413e-05, 17056.7492621026 
1306526, 99, 2.60708605991084e-05, 8925.05357534809 
1428, 261, 2.57433389110568e-05, 59795.4073963466 
221341, 342, 2.67673117588801e-05, 136941.802179786 
406552, 191, 2.54427030327702e-05, 7247.62800155141 
61858, 320, 2.56825127770501e-05, 35048.8437604393 
1206777, 135, 2.58571650204272e-05, 3237.00633710424 
2711328, 310, 2.57964658841739e-05, 16340.7377532411 
2906443, 161, 2.60762992516102e-05, 34597.4150388817 
379064, 15, 2.2025461433417e-05, 14.15385757384 
633415, 83, 2.52525252525253e-05, 2313.59953455238 
88138, 231, 2.50620285205885e-05, 11825.8125235679 
1239307, 304, 2.65118375354596e-05, 48478.9351006508 
2567937, 19, 1.79320733063157e-05, 8316.64432972015 
200452, 419, 2.64186832928247e-05, 49842.2781715174 
2592815, 12, 1.55620224404364e-05, 215.716867527394 
2735316, 285, 2.55545333742206e-05, 25234.3539078032 
1496080, 261, 2.52665622315428e-05, 9287.95079994051 
169679, 77, 2.28764898314003e-05, 2636.94900135466 
220697, 2, 2.27624510607302e-05, 0.203550801271171 
146785, 187, 2.46870911200533e-05, 15943.7480715854 
1536771, 53, 2.52175009456563e-05, 5892.00561439815 
204039, 172, 2.6281208935611e-05, 19653.6192882481 
374981, 118, 2.43054711615585e-05, 3994.5686991497 
412384, 36, 2.22588256243601e-05, 214.039447018845 
137584, 355, 2.67816492139586e-05, 76732.2088162132 
162209, 281, 2.66930037637135e-05, 84158.8141742982 
2052956, 283, 2.66169816342827e-05, 46658.375631359 
292566, 24, 2.17736843251247e-05, 372.319279567566 
685565, 77, 2.31561884913743e-05, 1588.11751861452 
1109412, 231, 2.6516055471588e-05, 44052.8388122207 
1132836, 3, 2.37062323684897e-05, 3.50808882794444 
1344094, 194, 2.64061262212833e-05, 15072.191369545 
136073, 6, 2.17926645890993e-05, 540.785555500242 
2153354, 64, 2.53839319710623e-05, 781.047479123305 
2175664, 386, 2.58685360995421e-05, 21938.2465395471 
312279, 6, 2.353771919501e-05, 30.221326996111 
54911, 161, 2.63234094079865e-05, 16946.8172405079 
865757, 173, 2.63859204728357e-05, 15436.679806518 
1936021, 51, 2.50865485926446e-05, 9634.29823302851 
2809020, 146, 2.5957844460596e-05, 13860.7127175011 
2866626, 422, 2.65153523890332e-05, 95193.6952975381 
2872311, 49, 2.4988130637947e-05, 968.56909916492 
3035454, 202, 2.64557263419667e-05, 23771.386171395 
129817, 383, 2.67058352249967e-05, 71927.5873860581 
189425, 242, 2.62943388288501e-05, 47533.9976538868 
1965282, 273, 2.66318676928813e-05, 43760.7363592904 
218673, 145, 2.61978989285059e-05, 17998.6285958688 
2679963, 22, 1.82785282129083e-05, 29358.8758285704 
34062, 248, 2.6267402153927e-05, 48502.1409342846 
641107, 99, 2.39022874489089e-05, 6386.8146502293 
1287736, 34, 2.53987605404856e-05, 273.743547953312 
1740721, 102, 2.47610558114198e-05, 9638.63289647081 
2072642, 172, 2.64410364886304e-05, 20347.7832827187 
2813727, 83, 2.58538224876548e-05, 18278.8008437729 
2823875, 179, 2.61896655579708e-05, 14942.4069402785 
38288, 375, 2.58317834263278e-05, 21005.1670290833 
847, 478, 2.68125268125268e-05, 193466.409344646 
905, 96, 2.58685360995421e-05, 10595.3622954241 
93378, 98, 2.59591921499403e-05, 2370.18068309516 
1471761, 183, 2.60878639257018e-05, 13233.5148301093 
254247, 215, 2.64613267709243e-05, 37779.4266067869 
2750929, 196, 2.64179853644361e-05, 40752.9387509979 
2901380, 81, 2.56765778257074e-05, 2067.06359571684 
3034020, 259, 2.64487291385649e-05, 61498.0452066069 
121872, 278, 2.58197779499096e-05, 26933.7230597648 
1880678, 258, 2.65498473383778e-05, 44230.3678220039 
1981174, 388, 2.67988744472732e-05, 66645.7942579227 
2172098, 153, 2.59080781387637e-05, 17238.8520914779 
2175660, 354, 2.5775188803258e-05, 20216.4451779579 
2749906, 363, 2.57095845331139e-05, 24648.5579603327 
2823518, 358, 2.5654181631606e-05, 16213.8028653857 
2961896, 157, 2.61924094397444e-05, 13048.5112379782 
2377, 287, 2.65308288230924e-05, 103355.822084112 
280473, 260, 2.63685265267377e-05, 62520.4131531686 
2964670, 224, 2.6618398637138e-05, 43320.3215715556 
631220, 317, 2.66737796745799e-05, 57640.5748445933 
89053, 264, 2.51407884151247e-05, 5062.64576306084 
1778678, 96, 2.56173788297981e-05, 10136.0106308732 
438, 10, 2.38231370306842e-05, 3.45382759093083 
742013, 67, 2.56535235114543e-05, 1013.63629041883 
1761012, 174, 2.62936474547749e-05, 23786.5876328808 
1796652, 37, 2.44774073530132e-05, 1896.61250214655 
2919913, 46, 2.55036980362153e-05, 5446.13492080016 
3056445, 118, 2.61567837618686e-05, 7318.73346490114 
400092, 263, 2.63247953247164e-05, 62469.1353268126 
55211, 138, 2.5555186425085e-05, 8990.70996596808 
69527, 9, 2.39762155941306e-05, 857.544073483063 
1092, 112, 2.59342825280739e-05, 7171.45231165186 
1173101, 171, 2.62191924488726e-05, 34397.0056812462 
2731680, 242, 2.52550762703303e-05, 15571.0497895016 
2775246, 243, 2.35865745217822e-05, 5540.89807505943 
2953746, 347, 2.60437013308331e-05, 38874.692208649 
875328, 74, 2.56252562525625e-05, 3124.36617519006 
933262, 296, 2.60287878393503e-05, 60636.630489342 
1282863, 225, 2.6525198938992e-05, 60817.0047167869 
136857, 499, 2.65554876915315e-05, 83849.8433438374 
1536772, 384, 2.67136827483037e-05, 125511.517105289 
2078786, 442, 2.63581011623923e-05, 43091.5716342032 
2850559, 201, 2.64005491314219e-05, 25564.1142220505 
2883106, 60, 2.55977064455025e-05, 2325.67622916572 
473531, 281, 2.65625415039711e-05, 64606.8136016953 
84642, 128, 2.60389542755963e-05, 11926.757965112 
2735795, 95, 2.52563519725211e-05, 1280.22691842879 
2798577, 166, 2.62584355224116e-05, 17170.1974680272 
292628, 26, 2.22039656282612e-05, 1352.66095255321 
3025669, 16, 2.24014336917563e-05, 191502.8071068 
773, 51, 2.5120578778135e-05, 1068.66403457053 
1163710, 358, 2.70080483984227e-05, 145442.444178897 
1536773, 155, 2.61239844301053e-05, 26986.2210761401 
2867024, 104, 2.56081946222791e-05, 8144.68816140336 
2952525, 134, 2.65146493437624e-05, 18860.8671215511 
3059026, 195, 2.53119700306275e-05, 15836.167200097 
120961, 47, 2.42488906132544e-05, 11240.0904238891 
126734, 141, 2.52289527461715e-05, 7572.4127003131 
1493872, 261, 2.52927637402939e-05, 14975.5620754175 
1914861, 132, 2.63026381546069e-05, 11977.3835758522 
253, 244, 2.64235698242833e-05, 81633.183334725 
2754725, 461, 2.60912672528505e-05, 32384.6883829979 
2822410, 230, 2.65216814746055e-05, 37874.8075803222 
302484, 378, 2.62412091949197e-05, 31525.5190396591 
512763, 308, 2.6499894000424e-05, 96651.1530512421 
1280380, 128, 2.62027041190651e-05, 22771.6050586791 
203263, 353, 2.59848248622804e-05, 27263.8011410032 
2219225, 10, 2.35294117647059e-05, 10.9228835387018 
2995658, 206, 2.61328594574818e-05, 12376.0144364902 
118562, 5, 2.01572263656521e-05, 9626.6214092133 
1710541, 234, 2.57785110332027e-05, 8907.80303514313 
1805933, 453, 2.7037988373665e-05, 111237.523764459 
2782176, 172, 2.63123273253519e-05, 27041.6169480075 
61435, 326, 2.66545832555908e-05, 125163.662219695 
122355, 209, 2.63109427210777e-05, 19697.3601458849 
156976, 80, 2.56930705788649e-05, 3793.37066568668 
2495645, 188, 2.5479654495885e-05, 12225.1131612086 
2768834, 169, 2.55597587158777e-05, 25407.2582407176 
3031113, 49, 2.41161433463561e-05, 372.226333605689 
365617, 153, 2.64753382224458e-05, 22257.8398091264 
43768, 263, 2.6267402153927e-05, 27648.078197896 
63612, 474, 2.71326242674191e-05, 146383.10919488 
111781, 14, 2.29826940313944e-05, 4346.85527394161 
1683, 149, 2.57261197293612e-05, 5964.82049534738 
1701090, 236, 2.49625561657514e-05, 3209.13397710416 
3003261, 88, 2.50425723730342e-05, 1379.58494803647 
3058903, 239, 2.63393562661329e-05, 39148.1129507267 
33958, 260, 2.63234094079865e-05, 44486.2108579598 
107637, 122, 2.58745601324777e-05, 9353.98333925022 
1406, 300, 2.66759143169632e-05, 97077.1197370531 
1458307, 330, 2.67816492139586e-05, 67660.7906653493 
1775880, 433, 2.63859204728357e-05, 75090.8962862285 
2772483, 327, 2.62694722463026e-05, 65471.6513440411 
43658, 186, 2.66880170803309e-05, 35802.2989917204 
1336740, 322, 2.63462957108231e-05, 53258.3097608234 
1389192, 125, 2.61151154288102e-05, 9542.24053737112 
1853278, 263, 2.66021122077093e-05, 55195.2612213192 
38284, 172, 2.61096605744125e-05, 18628.6798564783 
58169, 56, 2.57426762086186e-05, 10398.4775856469 
180957, 158, 2.62020175553518e-05, 76823.1780507245 
284581, 89, 2.3898288882516e-05, 2885.14247321982 
367825, 36, 2.50143832703805e-05, 414.587731963942 
1980001, 211, 2.52914843572169e-05, 62431.0679458563 
2175641, 247, 2.59107633310877e-05, 17942.1872072537 
2213015, 237, 2.64991917746509e-05, 36210.7321042115 
2257, 226, 2.59255418438245e-05, 14080.6934005862 
2496867, 346, 2.58177781220148e-05, 14006.4466092544 
3070677, 62, 2.31610153789142e-05, 1721.68397128605 
577489, 6, 2.02597297352053e-05, 176.434208335767 
98671, 277, 2.5453712423957e-05, 11537.4346737528 
168384, 55, 2.55141093024443e-05, 4654.07508994012 
1873524, 224, 2.60756192959583e-05, 50549.3338867004 
1916917, 277, 2.54563042537484e-05, 14035.4860235731 
2219057, 145, 2.60810599342757e-05, 8672.92640041288 
2580515, 24, 2.48022024355763e-05, 524.546210477472 
45668, 87, 2.55826447338126e-05, 24804.8036468104 
472693, 160, 2.6074939375766e-05, 27807.3245633997 
563, 174, 2.61663657534605e-05, 17267.3815711484 
1422, 186, 2.6046414711015e-05, 15587.6649161084 
1699371, 152, 2.55623721881391e-05, 7348.68585616022 
1898684, 25, 2.4648147691701e-05, 346.914989252589 
2773294, 18, 2.37970586835467e-05, 76.6760878744366 
33905, 164, 2.63622703187198e-05, 11271.6222661081 
1415568, 226, 2.65794859527417e-05, 78765.8110495581 
2722825, 318, 2.54524167069663e-05, 12774.5938960563 
2740515, 203, 2.63887056339887e-05, 34569.8467510136 
3020907, 22, 2.47249350970454e-05, 103.9924986206 
3039160, 83, 2.60477716131385e-05, 6689.5927545168 
3076685, 107, 2.54265300414452e-05, 22951.7017421011 
999, 401, 2.46232640598838e-05, 40341.3827214345 
200254, 78, 2.54472351579001e-05, 8242.85146601396 
2019, 161, 2.50802568218299e-05, 7707.26640076957 
2211160, 2, 2.20346825903973e-05, 158.522111165547 
2714353, 220, 2.63942777205902e-05, 37465.7020223419 
1016, 325, 2.60118614088024e-05, 60444.8268946513 
1379909, 281, 2.63581011623923e-05, 103863.042681174 
2083206, 97, 2.59821242984826e-05, 6664.55040730244 
271065, 122, 2.61560996024273e-05, 8494.04682663436 
2933959, 40, 2.24789821516882e-05, 1194.83512471917 
2966453, 59, 2.56377387514421e-05, 2608.38845744705 
683042, 315, 2.56996736141451e-05, 13443.7843400049 
1050638, 106, 2.6048450117218e-05, 10934.1751256155 
1510225, 321, 2.63310337563853e-05, 73583.2221237419 
1628086, 204, 2.64984895860936e-05, 46438.7965516379 
1884263, 313, 2.65625415039711e-05, 116200.866910484 
1925550, 247, 2.5142052597174e-05, 6497.36174746091 
2841064, 136, 2.56877905931311e-05, 5412.34991381724 
301, 127, 2.61178437108232e-05, 13834.6943838741 
3046383, 130, 2.60396323203916e-05, 14382.6509149942 
323449, 236, 2.59201658890617e-05, 34055.7689549867 
638619, 77, 2.52372299616394e-05, 3480.06130478837 
1639, 50, 2.37056703963588e-05, 1286.74789233285 
165179, 105, 2.39992320245752e-05, 2584.78540363779 
2698458, 215, 2.6567481402763e-05, 92426.4005778342 
2894156, 89, 2.59571706683971e-05, 16830.3215102176 
2954093, 93, 2.60233689853488e-05, 13388.4610238475 
3046382, 173, 2.63511554981686e-05, 20247.5626528876 
453161, 178, 2.6107615591468e-05, 47264.4070020704 
562959, 347, 2.66261948504939e-05, 80460.5658414219 
658630, 157, 2.63775685157342e-05, 18857.852083679 
915099, 135, 2.62563671690385e-05, 15857.237262616 
161879, 231, 2.56620817080682e-05, 7463.55715635869 
2984842, 231, 2.59228535877229e-05, 11730.9999598728 
3075620, 289, 2.53030034665115e-05, 9028.54837477031 
55212, 155, 2.62570565839569e-05, 21330.8034067235 
28026, 109, 2.59882013565841e-05, 11592.4171401963 
2866588, 343, 2.5779840164991e-05, 20289.1058322908 
291990, 38, 2.45802915222575e-05, 5487.77388333775 
699041, 208, 2.59248697275296e-05, 13885.5100949187 
2557994, 2, 1.87272931570471e-05, 68.0905198258036 
2681766, 264, 2.63060977534593e-05, 84469.2512695992 
100716, 176, 2.63852242744063e-05, 26419.2025186523 
1643824, 250, 2.621987991295e-05, 150330.139180763 
33074, 224, 2.67008437466624e-05, 39079.9908582674 
38301, 83, 2.48979185340106e-05, 7106.19192265573 
556325, 340, 2.61335424016725e-05, 30659.5035219507 
1727196, 99, 2.57115676342787e-05, 6128.89098083214 
1879049, 229, 2.62363898727535e-05, 32733.0504284475 
2094151, 176, 2.64103105852525e-05, 58988.8285796249 
2293862, 255, 2.66474804807205e-05, 70531.6617946239 
2653189, 39, 2.25474059209488e-05, 996.331917226242 
2730360, 66, 2.51584985408071e-05, 2985.37118760614 
2772557, 287, 2.61082972168555e-05, 61525.8950509429 
2814292, 84, 2.59181504807817e-05, 10017.7908036932 
741759, 311, 2.5745327223109e-05, 26490.3613754902 
181487, 73, 2.46901387585798e-05, 8213.94817691476 
186826, 245, 2.62549884478051e-05, 49141.235879854 
2175644, 270, 2.56088504187047e-05, 9481.45024837769 
2509456, 304, 2.67730448983963e-05, 144861.61804679 
2529408, 343, 2.60199833472107e-05, 33929.0571794073 
2684113, 253, 2.6637542953038e-05, 64483.9877428116 
472569, 310, 2.54226515825601e-05, 8756.46165784897 
676, 331, 2.68838884856306e-05, 117276.022635589 
797291, 15, 2.35665637593383e-05, 227926.502795938 
1055487, 46, 2.45392751098133e-05, 1753.8230390711 
1428684, 276, 2.66169816342827e-05, 80652.5096875848 
1448929, 143, 2.61574679571018e-05, 30668.6004886644 
1724, 250, 2.61937815962491e-05, 57326.0533679608 
1763998, 7, 2.3851547965463e-05, 22.9377120134311 
2492438, 70, 2.47892910262766e-05, 5356.37329015527 
256701, 241, 2.51306795335746e-05, 6465.64445927441 
2871174, 45, 2.53897323922206e-05, 924.490443891953 
3036945, 220, 2.63435194942044e-05, 31548.9047893809 
1008152, 106, 2.6128762541806e-05, 10294.9228527862 
1604004, 260, 2.63984583300335e-05, 67433.4418196958 
1646377, 84, 2.59531286496587e-05, 2736.96621316916 
164759, 65, 2.5792473756158e-05, 2848.70791915 
1689, 462, 2.65181649429859e-05, 53186.2336686342 
2569541, 57, 2.46797798563637e-05, 4406.18251530312 
307580, 194, 2.62136940337632e-05, 30554.3756019811 
1898738, 215, 2.53279975685122e-05, 13315.8943150179 
2201181, 258, 2.46712555201934e-05, 9123.60946931027 
2857058, 18, 1.24120297392233e-05, 1947.36374623351 
114, 268, 1.63521601203519e-05, 19167.6845309085 
1404888, 70, 1.27008319044897e-05, 1171.63590691519 
1523415, 99, 1.35948991938225e-05, 20969.3094771245 
1325090, 70, 1.26972840509415e-05, 1759.92967749896 
2712222, 77, 1.4842741157437e-05, 5153.68616473295 
2865839, 48, 1.26892281142538e-05, 6250.33470509312 
34029, 157, 1.61817534548044e-05, 1841.97257718433 
2712223, 144, 1.58659643333122e-05, 2570.47717090252 
420953, 113, 1.34752728742757e-05, 78861.7061338935 
1526658, 73, 1.49287153840412e-05, 6071.8355348199 
2601898, 331, 1.7334627652198e-05, 3465.60663184556 
2763008, 281, 1.68070051597506e-05, 3760.53356205214 
2865833, 162, 1.55315679117807e-05, 12732.4990610125 
2880218, 96, 1.43098365816662e-05, 221774.89473649 
2976533, 77, 1.27000254000508e-05, 256.266657423091 
2802975, 113, 1.83244154511471e-05, 3681.01310803668 
2735433, 26, 1.44121292479751e-05, 23459.4331921329 
642, 132, 1.54249575813667e-05, 2002.16337713012 
2914710, 173, 1.65035565164293e-05, 1828.60059299909 
2789776, 146, 1.62279705300055e-05, 2707.63510725991 
96344, 445, 1.75632716862497e-05, 13407.2614134943 
85643, 162, 1.76944174113067e-05, 714.783849977552 
2843215, 221, 1.61485668146952e-05, 3544.15280379879 
1268, 194, 1.5839827662675e-05, 12404.9502136555 
267128, 74, 1.25806735692629e-05, 229.364159620631 
198107, 240, 1.80580385358542e-05, 4127.0934397847 
946333, 118, 1.58265411094405e-05, 6054.24047594757 
75682, 185, 1.59461657444467e-05, 11282.7780397169 
2584466, 14, 1.56712792465249e-05, 9508.81041006834 
215580, 225, 1.64157788466274e-05, 5131.27094994481 
653931, 99, 1.36015560180085e-05, 7473.0169731697 
2501295, 41, 1.26596700889975e-05, 6000.12101693853 
2849779, 139, 1.58017824410594e-05, 10407.4901805437 
3033811, 110, 1.38144443830469e-05, 1877.27047900917 
69277, 69, 1.53148738054398e-05, 2398.03987203991 
1357916, 77, 1.27000254000508e-05, 256.266657423091 
1855352, 95, 1.43395901745128e-05, 2637.88598524259 
1940610, 78, 1.51671419037797e-05, 388.345479713504 
1534348, 8, 1.11868085153986e-05, 921.649288334738 
265, 53, 1.47475224162341e-05, 1581.27010002324 
2493681, 43, 1.26893891328071e-05, 1334.85012490778 
1849967, 106, 1.4034102869974e-05, 9188.46116338403 
68246, 97, 1.4027999887776e-05, 14975.9124469597 
2202148, 151, 1.61113617322936e-05, 3271.88002071875 
2780091, 36, 1.26686514220561e-05, 3086.40173582392 
191302, 42, 1.22691859395129e-05, 803.65421004455 
1560345, 106, 1.35963779249208e-05, 12801.2209244455 
28095, 49, 1.48929199058767e-05, 4248.13829354645 
3039155, 72, 1.28743208795736e-05, 1120.43094331005 
75105, 18, 1.42162577123198e-05, 1233.59298864548 
2005884, 195, 1.75367834031882e-05, 1349.40440399544 
433, 67, 1.27870697151041e-05, 2598.5891558565 
2782662, 67, 1.28695159775041e-05, 968.079381466161 
1971, 60, 1.54461624009515e-05, 10837.0135972826 
69665, 96, 1.35714673470496e-05, 42166.7520307884 
1824, 117, 1.50314909735897e-05, 940.637672330736 
48736, 89, 1.55337392817199e-05, 399.417766020049 
2789216, 40, 1.26036651458244e-05, 1424.47172682535 
1473598, 99, 1.5233684723661e-05, 11712.6916349917 
2867410, 100, 1.40291806958474e-05, 8989.5465672728 
2849093, 4, 1.47782523238802e-05, 1873.73981267394 
2777475, 18, 1.22052433725528e-05, 1537.55271497304 
2842456, 14, 1.86619389754595e-05, 410.861078045788 
2992140, 74, 1.28746523843856e-05, 2853.27352854372 
256618, 22, 1.25541397275752e-05, 1838.39999520015 
2740462, 116, 1.31020386772182e-05, 3475.81480621135 
2795690, 68, 1.53876929232e-05, 6860.53555340861 
35754, 118, 1.52783719366864e-05, 2305.84522479596 
2865673, 275, 1.77326973205894e-05, 2519.84574252679 
2722752, 174, 1.64498034248491e-05, 2339.54469252188 
286727, 5, 1.64535926419534e-05, 9610 
2884264, 5, 1.44352219415374e-05, 65442.7564376133 
2017486, 304, 1.69376693766938e-05, 5261.68272456164 
2653203, 104, 1.35963779249208e-05, 17618.9458540142 
627192, 50, 1.27176304510944e-05, 2602.03442778852 
517, 259, 1.62620135625193e-05, 14715.3542325799 
2709380, 90, 1.521861541037e-05, 618.232707703441 
2589888, 48, 1.26905163771114e-05, 1760.17018965252 
2053, 138, 1.52657771807163e-05, 2282.16209141521 
870903, 121, 1.30958617077004e-05, 7023.01444945759 
303, 52, 1.51292796949937e-05, 71.1294208330568 
106590, 277, 1.66683335000167e-05, 7142.00573751464 
2878388, 28, 1.53506078840722e-05, 6094.69503232075 
2714941, 315, 1.70625170625171e-05, 3782.47939685646 
2589080, 35, 1.26680094756711e-05, 3214.21552281839 
53376, 20, 1.24178867240373e-05, 1078.70670822129 
589382, 243, 1.81514557467509e-05, 1608.41318192131 
2717324, 115, 1.40368607964515e-05, 16041.2440097087 
2721244, 113, 1.38150169233957e-05, 2142.88945210543 
2547399, 14, 1.57408427647216e-05, 27475.0766320132 
3018446, 97, 1.30785629275055e-05, 1786.61812642872 
2714952, 208, 1.63057657187582e-05, 4050.08999960195 
304895, 126, 1.57701345192474e-05, 10273.5882560196 
3075824, 116, 1.38259042141356e-05, 3880.94558456336 
2744515, 45, 1.26784491720973e-05, 677.501222428657 
1682490, 145, 1.83344945179861e-05, 3870.35354986113 
2565556, 76, 1.26930936877245e-05, 245.970321172288 
2746321, 13, 2.1707512970239e-05, 0.447808816125111 
200618, 201, 1.68554476806904e-05, 1806.18518104691 
2806262, 458, 1.81126607498642e-05, 5233.25562750062 
3004093, 120, 1.38398726731714e-05, 3242.49820126054 
701042, 20, 1.18856599512688e-05, 290.568656271279 
1736046, 125, 1.38364257744939e-05, 263.446611092388 
1353260, 2, 1.62311313098523e-05, 0 
28105, 74, 1.5209819459443e-05, 2929.52247347671 
185642, 23, 1.24269914253759e-05, 2802.85276054388 
281362, 221, 1.78903678259625e-05, 4312.03187101514 
2528024, 92, 1.75021002520302e-05, 861.944406378625 
2911495, 82, 1.26980902072328e-05, 402.766533857438 
2511995, 34, 1.21385739603311e-05, 436.362656735301 
2789739, 370, 2.20872446162341e-05, 123.752875396441 
83291, 114, 1.40291806958474e-05, 316.684121457759 
119045, 100, 1.53798831128883e-05, 641.798873962141 
69, 50, 1.55378424152022e-05, 972.519095719549 
2499144, 43, 1.22693364742835e-05, 1377.28590405316 
381, 46, 1.28131206355308e-05, 4581.07864441651 
3075432, 116, 1.40370578326783e-05, 9595.46931629983 
2860336, 16, 1.14492454947219e-05, 3.43406960451902 
3031124, 116, 1.35332647647919e-05, 634.487191765627 
795665, 459, 1.81303937921532e-05, 3056.17475571245 
1636152, 201, 1.652674026575e-05, 13864.3805297478 
2892996, 121, 1.40548137737175e-05, 285.013712483677 
1550579, 100, 1.29710097931124e-05, 3451.21779966701 
149698, 195, 1.61883023327344e-05, 2896.69600107635 
564369, 36, 1.27903407346772e-05, 3457.1798404749 
1871086, 98, 1.35576675388766e-05, 15153.11736136 
35554, 89, 1.85994606156421e-05, 516.456784677149 
2078691, 117, 1.39930594425165e-05, 37.4580911858605 
2528009, 159, 1.73928167666754e-05, 1764.19292406864 
470076, 31, 1.32233153496245e-05, 45736.0046168346 
1817, 156, 1.61961679866544e-05, 154.745915614263 
2711231, 17, 1.61660577451583e-05, 110.642843139389 
2728020, 189, 1.65672630881378e-05, 1849.25225518116 
506, 252, 1.68867574048431e-05, 16917.8700241828 
1805827, 600, 1.9671486180781e-05, 3708.08628596184 
198618, 4, 1.86157340183923e-05, 20.6257038178061 
455432, 137, 1.63388013855304e-05, 143.734816202764 
914, 7, 1.74718266794793e-05, 93.9248346234212 
3017325, 42, 1.22691859395129e-05, 803.65421004455 
2175864, 116, 1.40295743427144e-05, 328.69977217308 
2898796, 183, 1.66259331304969e-05, 566.814871257783 
2802641, 149, 1.58584160614038e-05, 2178.21965055103 
467976, 217, 1.69920647057824e-05, 3304.18173301649 
2282738, 121, 1.38333633056205e-05, 251.555837070927 
1767, 22, 1.18867902100396e-05, 612.618161761847 
48, 183, 1.7296549338407e-05, 3842.42319457042 
2589903, 12, 1.21574634668223e-05, 739.417294417287 
2742137, 123, 1.40556039693026e-05, 396.482309109947 
335406, 133, 1.57865656326466e-05, 5167.96150220995 
528244, 180, 1.73855595542343e-05, 5857.91121863964 
2742204, 126, 1.60493034602298e-05, 2871.2009364558 
3064278, 181, 1.69963967638861e-05, 1355.87315046089 
3015154, 117, 1.40297711744321e-05, 332.80154973115 
1616117, 118, 1.48694462618212e-05, 11767.0645057063 
2900152, 120, 1.38325979002116e-05, 217.078789458484 
3027808, 33, 1.26031886067175e-05, 31076.975186619 
1038928, 120, 1.38383405062065e-05, 1113.55817758879 
67304, 116, 1.40295743427144e-05, 328.69977217308 
2742136, 123, 1.38392980708018e-05, 1234.09042514912 
748247, 439, 1.78587373872667e-05, 5726.97433907121 
252970, 52, 1.42904097060463e-05, 67617.2892032705 
52, 246, 1.67599637984782e-05, 18344.2763098535 
76116, 404, 1.88689925844859e-05, 5244.36314075873 
2650471, 90, 1.73163171656652e-05, 2627.46263113503 
904039, 394, 1.74535299764377e-05, 5995.84925746519 
2911538, 37, 1.27885414668457e-05, 3252.93169109393 
715472, 186, 1.64308834886052e-05, 247.46191562063 
43306, 15, 2.06761087563321e-05, 4.66026257647851 
2854170, 78, 1.53036238981391e-05, 378.618543857087 
2813578, 330, 1.70852554245686e-05, 17985.1365782861 
298654, 187, 1.59749512763986e-05, 4527.27094081393 
2976680, 42, 1.21716692227172e-05, 942.787621134124 
1780, 21, 1.18856599512688e-05, 45.2781613437523 
35753, 194, 1.5844094113919e-05, 10492.4466551062 
60548, 99, 1.43270580818935e-05, 99234.0704389694 
2951806, 323, 1.7209630509233e-05, 5390.70933633265 
352475, 74, 1.60225597641479e-05, 2902.76502743623 
37927, 476, 1.92626266517702e-05, 15391.3161970218 
357, 52, 1.55984339172347e-05, 878.399350676328 
1325564, 48, 1.8598422853742e-05, 41.041633478516 
59930, 204, 2.17325161907246e-05, 118.002994773724 
745310, 98, 1.36021110476346e-05, 6473.30798829662 
2082386, 247, 1.83962177376331e-05, 973.873185034165 
33057, 279, 1.81435517816968e-05, 1592.77591463622 
652787, 100, 1.32056784417299e-05, 1406.77568225664 
204447, 143, 1.60588395882514e-05, 4619.33858355056 
2582905, 201, 1.66933760683761e-05, 1055.10554362406 
220927, 22, 1.24235948914178e-05, 1275.47014004992 
3030210, 124, 1.38398726731714e-05, 1258.46077601092 
2807512, 202, 1.60676125134566e-05, 14952.1549762284 
1517551, 102, 1.30746299879713e-05, 1208.35487513389 
1909395, 166, 1.58677266308056e-05, 2625.53504684197 
2981136, 122, 1.38087215885553e-05, 54.4162164353709 
715475, 230, 1.6602746094204e-05, 1705.30486188411 
2589967, 48, 1.36340086712295e-05, 59080.2364575302 
399, 78, 1.58556501609348e-05, 2586.6728818145 
2917724, 242, 1.67782419758058e-05, 1788.13276150232 
2996826, 202, 1.68807711136245e-05, 1360.70360304599 
91347, 108, 1.54827522140336e-05, 2149.84181220672 
74313, 95, 1.35952688464414e-05, 6434.73865826325 
2833628, 129, 1.40591609492745e-05, 389.135147996768 
2760089, 213, 1.69574875786403e-05, 2929.73894531871 
2972485, 107, 1.36048868753656e-05, 5480.53724341542 
1938607, 100, 1.36002611250136e-05, 5654.44516822376 
1609977, 103, 1.36030361976793e-05, 6008.08172642648 
2744518, 43, 1.35427952329361e-05, 59565.2035217138 
3043734, 130, 1.40593586120601e-05, 466.169269474364 
442121, 117, 1.58773002238699e-05, 8657.6704044845 
2807101, 169, 1.70756279562181e-05, 2741.68293769857 
3074855, 5, 1.49180254501514e-05, 2718.39761941306 
87883, 70, 1.54571450653064e-05, 7768.1770138646 
2720714, 129, 1.40591609492745e-05, 389.135147996768 
339, 11, 1.61207118906371e-05, 535.62059637615 
2202249, 177, 1.61316341345378e-05, 2280.47412187489 
397260, 87, 1.35828964168319e-05, 6869.00910089391 
2975441, 268, 1.73867686690429e-05, 3445.43980289626 
356302, 416, 1.73175166681098e-05, 18243.5579238399 
28077, 34, 1.59152037941846e-05, 5437.69592324834 
2045208, 203, 1.6608260948996e-05, 3895.92964563967 
2571748, 22, 1.51519743022516e-05, 304900.985864208 
2778070, 197, 1.64484505559576e-05, 518.972818132635 
2774137, 43, 1.24647869767906e-05, 1078.07691372846 
1327635, 106, 1.36043316191875e-05, 5698.40455690663 
639200, 253, 1.7083504168375e-05, 4103.30137017198 
2692234, 126, 1.38366172238211e-05, 274.12774769014 
73044, 133, 1.52566938744374e-05, 8908.77543365367 
43263, 229, 1.93798449612403e-05, 1804.64742637019 
1927, 128, 1.40583703537086e-05, 447.442815484293 
2976823, 72, 1.29122227100173e-05, 1437.97365312478 
2836373, 220, 1.61812297734628e-05, 7811.98387436891 
117157, 186, 1.66281447978849e-05, 26443.0187822469 
453783, 25, 1.58977456996598e-05, 275.304824539207 
335929, 76, 1.5925849245911e-05, 27196.5628555084 
340268, 83, 1.29195628019948e-05, 2549.36416463826 
1325115, 74, 1.29165590286748e-05, 3195.53257597552 
101571, 105, 1.61391843256242e-05, 13300.4118850225 
1541170, 102, 1.36052570713324e-05, 6242.69912737418 
1716, 221, 1.59642401021711e-05, 8341.1502276467 
1823759, 149, 1.95679398872887e-05, 837.421966314844 
1784, 28, 1.24319351550262e-05, 9580.06889884174 
2219224, 178, 1.60696781243472e-05, 2578.33200996446 
3062779, 131, 1.40597539543058e-05, 407.514370052941 
2775403, 7, 1.60823415889353e-05, 39.9774601353257 
1549949, 72, 1.28882587962366e-05, 1444.58829212936 
1173025, 29, 2.11595429538722e-05, 248.387838102207 
1868589, 140, 1.61170744286497e-05, 4792.83750807558 
1488356, 131, 1.44325135665628e-05, 79.5200748724522 
2233851, 129, 1.5940573541836e-05, 2610.29002819973 
2932773, 192, 1.62723337781105e-05, 423.989688543673 
1849032, 108, 1.87652467629949e-05, 65.2601788152077 
1759059, 157, 1.80704385695441e-05, 1642.12299547348 
29303, 129, 1.40319366879017e-05, 58.7189779040494 
1404768, 58, 1.30589218554116e-05, 1792.97243742903 
37326, 210, 1.60945069447797e-05, 11500.2750677597 
2528964, 140, 1.59370169091749e-05, 7878.41040938482 
1848900, 131, 1.51931813002325e-05, 26443.2830446107 
2705012, 136, 1.47867747087005e-05, 252.094890544899 
2571747, 22, 1.51519743022516e-05, 304900.985864208 
134536, 97, 1.43583263934756e-05, 70735.6436920609 
1223566, 64, 1.28826136246522e-05, 833.33110665681 
577492, 33, 1.26230749810654e-05, 13538.2997340071 
2880933, 130, 1.44320969836917e-05, 100.204045022233 
316, 233, 1.68679576276904e-05, 14052.0324983901 
3028709, 133, 1.38615508303069e-05, 13950.0153966169 
2911539, 38, 1.36405177940555e-05, 10818.7394425207 
83618, 33, 1.62961997262238e-05, 412.977300846632 
343, 23, 1.62211263950169e-05, 2450.03741297274 
2976459, 43, 1.24647869767906e-05, 1078.07691372846 
1296669, 49, 1.84549514634776e-05, 6490.11499191199 
356837, 511, 1.84648337241723e-05, 9473.08119710253 
921, 121, 1.61951187911963e-05, 1090.64292874358 
45398, 131, 1.44613159797542e-05, 594.049027655797 
2003315, 262, 2.01142489339448e-05, 2432.7999370797 
1969821, 224, 1.91603916384051e-05, 32689.7310083278 
2931983, 132, 1.44327218670169e-05, 86.1998775845936 
1914525, 67, 1.35327153393328e-05, 3463.99445269237 
419479, 248, 1.66090884932235e-05, 1929.57300879264 
3028710, 129, 1.38127270467008e-05, 72.9799645574581 
28232, 77, 1.93637085374591e-05, 74.6495848171155 
1535768, 133, 1.48106458922674e-05, 620.543148387482 
223967, 134, 1.60776873854465e-05, 5655.2962291233 
2732249, 528, 1.79481656974657e-05, 17554.8018853269 
3039154, 76, 1.30652347169417e-05, 2654.81117225437 
1813468, 102, 1.36011860234212e-05, 5697.25331862005 
2528022, 180, 1.78810907465355e-05, 3001.13533103676 
2493679, 47, 1.26906774283611e-05, 1251.86452438462 
1658665, 305, 1.6923337282112e-05, 12654.9289058784 
3019553, 282, 1.70902192675132e-05, 6326.41150579685 
2904252, 30, 1.66010923518768e-05, 219.388940971955 
2728021, 441, 1.86323830817962e-05, 4843.73393097984 
2736875, 63, 1.30322025725568e-05, 7380.91682602195 
2894081, 311, 1.70036217714373e-05, 5020.14248164426 
1603606, 138, 1.98558465540178e-05, 490.775326301141 
37919, 340, 1.72446498473849e-05, 5211.15194323843 
447588, 339, 1.8971012293216e-05, 1327.82578630355 
3075198, 131, 1.38136810697315e-05, 83.971358113256 
2751189, 133, 1.40348907383756e-05, 84.0661150679394 
2083786, 37, 1.24587304553666e-05, 350.932309541446 
270351, 163, 1.59212851661386e-05, 6012.82300655843 
475937, 60, 1.25245794872437e-05, 2597.03842529091 
2991075, 97, 1.30741171702381e-05, 1087.21740791467 
242605, 36, 1.3639215472326e-05, 16042.232317198 
2681549, 61, 1.35078548175764e-05, 1120.87667230251 
2744516, 45, 1.2469294362632e-05, 547.067763567318 
3049774, 44, 1.25399711580663e-05, 1871.79170191712 
68895, 166, 1.657824933687e-05, 3755.08702953551 
345632, 117, 1.97079284996354e-05, 311.346467451618 
213422, 117, 1.98282870342831e-05, 316.104849451591 
2528026, 26, 1.66855769872522e-05, 12.3015183106137 
2976824, 75, 1.30650640188137e-05, 2269.60461485606 
2760705, 266, 1.73758926864868e-05, 20079.311431199 
85698, 220, 1.66367205696413e-05, 10699.9021534188 
2774190, 78, 1.35688892507259e-05, 4840.46443736562 
273251, 22, 1.42425796160201e-05, 2482.79608560665 
40318, 130, 1.38129178407647e-05, 73.9380379029082 
2528010, 185, 1.7829761437792e-05, 3589.61109048438 
2570229, 130, 1.64009709374795e-05, 814.00517173953 
675281, 122, 1.62614846735507e-05, 10028.2321110026 
2736640, 296, 1.68921772327235e-05, 3155.11564630141 
3062449, 131, 1.44325135665628e-05, 79.5200748724522 
3034358, 24, 1.65180046250413e-05, 220403.735875488 
418699, 533, 1.82675094077673e-05, 5781.40355397222 
1836, 226, 1.62678336125978e-05, 10352.4338197395 
2590772, 66, 1.30401898651644e-05, 1414.85384323441 
399176, 102, 1.35989664785476e-05, 3301.3224949624 
2943498, 31, 1.26227563050668e-05, 12156.4363397369 
2597769, 170, 2.01560074980348e-05, 1379.88513978431 
3039386, 301, 1.69253423150483e-05, 7083.65865286599 
93944, 229, 1.63821631008158e-05, 9833.94884323426 
1483604, 239, 1.67045302686088e-05, 1799.80980940851 
449461, 310, 1.71915830009627e-05, 4225.64451698582 
652764, 10, 1.71197699102924e-05, 27.2612572264716 
1798224, 270, 1.66858554003771e-05, 3146.00625300652 
2981134, 135, 1.4436263894904e-05, 108.384629147173 
1312364, 83, 1.30746299879713e-05, 868.607555740329 
2663857, 297, 1.74562720385434e-05, 2264.12229379367 
1715989, 91, 1.92429811226355e-05, 119.783151195753 
1079, 151, 1.65054633083551e-05, 3216.48693069675 
2714939, 318, 1.69511636973878e-05, 4942.14603738795 
710705, 134, 1.40356786952433e-05, 94.4125746685668 
125216, 105, 1.61597879835817e-05, 2285.54371306703 
376175, 435, 1.80105541847523e-05, 5864.51720878631 
642780, 362, 1.76694054245075e-05, 4404.77949060266 
56458, 34, 1.63251979430251e-05, 793.769141811856 
13690, 89, 1.3572388333175e-05, 6893.67810752361 
55518, 155, 1.73665381542843e-05, 2365.50645075443 
2907545, 132, 1.38134902545826e-05, 78.7898522728576 
2108445, 23, 1.66613905596561e-05, 32074.2606373575 
192, 152, 1.63020442763523e-05, 4908.1067321537 
2589976, 43, 1.35563809885313e-05, 68972.1102902743 
93064, 106, 1.41344753989456e-05, 10985.461983942 
2528021, 112, 1.78657567041252e-05, 1638.079918428 
2795216, 92, 1.39045314868116e-05, 67248.7085178779 
37330, 18, 1.74809894240014e-05, 5.61949390079107 
1437009, 150, 1.60650312464858e-05, 3821.82542164078 
2290922, 31, 1.65886997777114e-05, 239.510392136465 
2725477, 37, 2.13019768234492e-05, 66.3176778586484 
2745196, 263, 1.68092652670152e-05, 2603.22437273019 
2976822, 74, 1.30720663015203e-05, 3360.21619929033 
121719, 128, 1.6648353477841e-05, 4607.27554535111 
42684, 63, 1.62744523646779e-05, 51541.1923892195 
68270, 195, 1.65332980622975e-05, 9354.59482006442 
1161, 101, 2.14550837821022e-05, 135.733598393671 
2593653, 163, 1.62805463751364e-05, 3454.30388070059 
2763006, 137, 1.49882342361246e-05, 792.501236949284 
2768069, 64, 1.65497153448961e-05, 34987.9726615816 
43, 434, 1.79775280898876e-05, 9804.72906229012 
2711156, 109, 1.35764421575682e-05, 19602.4567269442 
2203204, 134, 1.40356786952433e-05, 94.4125746685668 
2654982, 25, 1.42702209030196e-05, 7751.49708438458 
2897332, 130, 1.60539412425751e-05, 1813.7275294501 
287, 108, 1.62003661282745e-05, 1465.6191812168 
1874061, 62, 1.35231990479668e-05, 1050.22779680405 
2937788, 111, 1.41552834595513e-05, 13940.0808135396 
1851505, 50, 2.17670490411615e-05, 191.022532519224 
1226757, 137, 1.48121815380969e-05, 679.517917680095 
179636, 392, 1.74791561063432e-05, 11001.4081042794 
2928472, 193, 1.6619025460347e-05, 7231.79631480167 
2600159, 110, 2.03268558419384e-05, 852.658146325555 
2518370, 345, 1.73780063951064e-05, 3129.31442873148 
2830667, 93, 1.35424284282658e-05, 2460.18278576365 
2728827, 267, 1.64289938884143e-05, 12105.5269944064 
413882, 401, 1.75957207207207e-05, 10175.9246561592 
285578, 137, 1.49882342361246e-05, 792.501236949284 
3045816, 2, 1.95733020160501e-05, 4.50937321086245 
2527983, 43, 1.62871754780286e-05, 820.755125123392 
76115, 484, 1.94473075202738e-05, 7275.85711043317 
257708, 130, 1.64923970049807e-05, 1349.04841543264 
294, 181, 1.64441228704861e-05, 14147.7109733175 
1799, 3, 1.11557340473003e-05, 201.917224255097 
1682113, 586, 2.00072025929335e-05, 1560.57674369815 
1901, 145, 1.52657771807163e-05, 10301.8087436445 
1914471, 343, 1.93749636719431e-05, 5185.80660260145 
67385, 163, 1.67577169286456e-05, 10688.944770367 
466153, 65, 1.6553550736633e-05, 385.928254817104 
3015997, 89, 1.35334479165257e-05, 2890.40808208787 
71433, 42, 1.35908343413202e-05, 55121.8734728519 
2170729, 263, 1.81136450087851e-05, 6744.62849507267 
1882757, 133, 1.38142535468096e-05, 88.9354554983095 
2710756, 142, 1.51828009231143e-05, 3198.87363272753 
624315, 272, 1.66878045524331e-05, 3550.33336677882 
51201, 135, 1.4436263894904e-05, 108.384629147173 
2488560, 505, 1.79169727482844e-05, 17058.0941629352 
204525, 98, 1.62980589011849e-05, 514.394675266901 
103733, 257, 1.66253803055745e-05, 2903.39932603313 
114616, 151, 1.6284523189161e-05, 2324.98293357918 
1888, 149, 1.53186274509804e-05, 19234.8654387677 
2995223, 227, 1.69857150136735e-05, 3878.61130741044 
2768068, 151, 1.57109190887667e-05, 212247.047146007 
588932, 93, 1.36195249509697e-05, 5518.54605940005 
717785, 191, 1.76208348751564e-05, 2447.03323178047 
1969806, 55, 1.25179946172623e-05, 1724.72392949865 
2483798, 295, 1.75969592454424e-05, 2658.79750493395 
2136401, 72, 1.65886997777114e-05, 76513.2350748719 
3053466, 137, 1.44375144375144e-05, 122.855058302807 
419476, 380, 1.77238971305011e-05, 4431.54999553942 
314722, 95, 1.64820675105485e-05, 3530.31906188933 
3043848, 355, 1.76759642238484e-05, 3656.6072315132 
31, 260, 1.80248382270769e-05, 6116.462637789 
3018036, 112, 1.41550830903377e-05, 14904.7161459607 
2736, 8, 1.68995994794923e-05, 6.38176691483674 
2861782, 15, 1.61843723700395e-05, 55988.6433620353 
1542737, 306, 1.79346461494315e-05, 19696.4374811728 
1515612, 99, 1.35508699658518e-05, 4469.26487503766 
2879846, 140, 1.38663560602909e-05, 68161.2374619217 
39689, 508, 1.99976002879654e-05, 1370.0261630005 
1597781, 339, 1.75143617766569e-05, 8163.98964366903 
135487, 267, 1.70010200612037e-05, 5115.99022882757 
2027405, 555, 1.86192001191629e-05, 7701.38289449594 
2184053, 137, 1.48130591929845e-05, 681.307253350743 
137722, 186, 1.80008280380898e-05, 9198.51833368369 
2004797, 127, 1.93412374523722e-05, 564.170238787219 
1993, 284, 1.68109607464067e-05, 3837.7600829369 
32, 261, 1.79205046414107e-05, 6063.83947073197 
1325102, 69, 1.30434215503411e-05, 2121.39522613534 
29580, 324, 1.71491288242557e-05, 15170.1961664154 
613, 163, 1.62853187851152e-05, 8931.27812413292 
948107, 26, 1.42779633913019e-05, 4873.40145331963 
543, 154, 1.64883180266781e-05, 12601.762390495 
2899220, 150, 1.79707436293714e-05, 912.653676930118 
1841249, 133, 1.38148260713398e-05, 89.5871039135976 
2923272, 83, 1.59263565274172e-05, 94355.1013086769 
2493668, 23, 1.35169840905097e-05, 13678.4024727185 
3026161, 45, 1.28241298827875e-05, 7480.20452187539 
2782659, 65, 1.3037469687883e-05, 1550.22726728848 
311230, 20, 1.43601820871089e-05, 338.430170215767 
160826, 375, 1.77185584180871e-05, 4359.75396165523 
1708, 384, 1.73662365628745e-05, 5553.47739801902 
7, 164, 1.68776371308017e-05, 5841.20449859892 
2742128, 309, 1.70198280997362e-05, 7729.37276271802 
426, 137, 1.68551635793625e-05, 2966.7410738156 
41, 271, 1.82892258170712e-05, 6100.44596905561 
2082387, 22, 1.71986791414419e-05, 141039.376611659 
390989, 258, 1.70018872094803e-05, 2565.55553351984 
1777866, 47, 1.29055571329014e-05, 3894.53240571719 
913, 60, 1.30386596257905e-05, 1019.43843149503 
2493675, 24, 1.35171668018383e-05, 18835.1848499246 
408, 177, 1.66408733130315e-05, 3550.27243185022 
2592334, 318, 1.79269298339966e-05, 15944.8092904012 
2493676, 17, 1.53146392636721e-05, 292904.470811508 
2135430, 139, 1.51678320617634e-05, 1518.2204734767 
1712261, 104, 1.28409266012635e-05, 10447.9024563068 
2865112, 47, 1.70198280997362e-05, 4799.51736459462 
391905, 6, 1.21576112725372e-05, 1.027400860868 
110319, 359, 1.77980279785e-05, 7464.40834570833 
133, 117, 1.68602788690125e-05, 504.450269411863 
44249, 246, 1.74483528754886e-05, 13842.4460910722 
2768066, 146, 1.69436960978668e-05, 13875.9297857673 
1427356, 274, 1.78590563274637e-05, 5571.91085326485 
3068632, 81, 1.74191750278707e-05, 3189.36815836882 
404386, 308, 1.69178974437057e-05, 5248.65837636272 
2219696, 115, 1.41749471983217e-05, 9587.49714386098 
65656, 390, 1.89168227304542e-05, 6349.96484302637 
2861285, 106, 1.41612971748212e-05, 28239.0665993372 
569860, 89, 1.29471626293098e-05, 4441.70694425753 
1938605, 116, 1.41167170162907e-05, 32363.0389043556 
3075197, 134, 1.3816162146479e-05, 106.856684754692 
2725666, 34, 1.70056458744303e-05, 99671.2634512091 
89966, 150, 1.70887590143204e-05, 2362.13012694913 
2797167, 135, 1.37936742210022e-05, 164.434871261408 
1063, 262, 1.7641973784027e-05, 9377.60584040919 
1690220, 539, 1.8402988645356e-05, 9630.35663246375 
2964669, 138, 1.48132786229576e-05, 664.646840903504 
1842539, 173, 1.67951495608068e-05, 4791.9055334498 
2018025, 277, 1.72229685508594e-05, 18077.9784293097 
66425, 148, 1.5266709413453e-05, 11721.4168635222 
37329, 142, 1.68084176555619e-05, 373.838959288462 
28901, 384, 2.1661901048436e-05, 542.309513934253 
2548456, 126, 1.52744046800776e-05, 6295.93805962467 
535, 484, 1.76762766690824e-05, 30538.5953447212 
33903, 137, 1.44385567218701e-05, 149.370479771289 
3057122, 136, 1.44383482529599e-05, 130.693076743013 
234, 4, 1.14530482287861e-05, 0 
2981135, 136, 1.40599516337664e-05, 13170.730657353 
1936990, 88, 1.93678339014565e-05, 5642.61779386459 
117207, 77, 1.36195249509697e-05, 2686.83422202291 
292, 140, 1.67173760406567e-05, 14943.4045082823 
538381, 185, 1.69138913789896e-05, 8066.19899392466 
2705439, 132, 1.3789489650988e-05, 143.978314986117 
1981880, 625, 1.97250330394303e-05, 7114.47205108323 
862751, 135, 1.38169257340242e-05, 136.989431557928 
1219491, 297, 1.69454188060258e-05, 4709.50625119565 
2730915, 137, 1.44385567218701e-05, 141.750986708406 
283, 195, 1.72538734945995e-05, 4288.41597450106 
2599640, 137, 1.68685267028778e-05, 11031.0064551596 
450734, 400, 1.80160703347386e-05, 7457.09996284203 
216778, 56, 1.71609006040637e-05, 3977.14591727313 
2034, 295, 1.68964585022979e-05, 4639.65538136988 
2016596, 567, 1.87283453506883e-05, 8997.69276142699 
993502, 61, 1.30625040820325e-05, 1352.67703088047 
171437, 142, 1.66383814182556e-05, 2445.45059969834 
31998, 35, 1.9902873975002e-05, 11.7087689616819 
2493673, 12, 1.51313400314732e-05, 14178.5744106748 
2903629, 141, 1.49938525204666e-05, 2129.91938249472 
2571746, 76, 1.70354849150781e-05, 3198.13874147668 
1391653, 196, 1.80511931838695e-05, 2267.46721539321 
1969, 210, 1.70198280997362e-05, 14779.5734990224 
2903960, 111, 1.40028565827429e-05, 5554.4940861636 
480035, 112, 1.77286104315144e-05, 245.0675420393 
2768162, 132, 1.67464916100077e-05, 3372.23337704399 
2020412, 77, 1.74043197521625e-05, 2845.9115265398 
207745, 603, 1.83600778467301e-05, 15546.4558327445 
1814, 336, 1.76678445229682e-05, 4546.11736675969 
2759526, 116, 1.41540813293513e-05, 9506.02892559995 
2496847, 521, 2.04019177802713e-05, 7471.44182785395 
2721173, 137, 1.44385567218701e-05, 149.370479771289 
1379270, 727, 1.95997726426373e-05, 16078.4655896466 
179879, 301, 2.0768000664576e-05, 615.394956980965 
2585716, 140, 1.49916047013672e-05, 1079.0961468072 
2486272, 334, 1.80446786242737e-05, 20458.9040087527 
3068893, 275, 1.9138389695891e-05, 4418.25425163059 
1549858, 119, 1.41854032200865e-05, 12234.7656598027 
2008794, 335, 1.9545374587104e-05, 1402.07347480518 
553510, 139, 1.48152537852973e-05, 854.088813011041 
196914, 341, 1.72750358456994e-05, 5475.09923373306 
1384459, 293, 1.83573815031024e-05, 9064.11775170612 
2591463, 103, 1.41219002428967e-05, 20231.207021583 
1850374, 193, 1.72532781228433e-05, 4607.10320297968 
887464, 132, 1.38169257340242e-05, 7008.29389939171 
1030157, 114, 1.41856044486056e-05, 10484.3195519483 
2991545, 136, 1.48145953393283e-05, 823.534912473318 
173480, 716, 1.92908677032293e-05, 20321.8029808173 
2896848, 299, 1.72164451484058e-05, 4549.96124975681 
2904253, 47, 1.73352286516659e-05, 396.806923185118 
151783, 441, 1.79417252763026e-05, 13716.629199486 
316612, 445, 1.88359389715577e-05, 4926.11755883874 
120959, 27, 1.24299262905371e-05, 2995.80900658098 
2806347, 576, 1.89246986241744e-05, 9538.74453463226 
2820278, 155, 1.70030435447945e-05, 2019.3400267266 
49319, 555, 1.84532486944327e-05, 12140.5460798454 
227318, 352, 1.7552790015973e-05, 4696.79862435257 
1885, 137, 1.44385567218701e-05, 149.370479771289 
2599297, 115, 1.41548827267966e-05, 9475.3996751289 
1914233, 389, 1.93896149222476e-05, 4422.13662607759 
80865, 189, 1.74871032613448e-05, 3649.95721955591 
1792307, 191, 1.71818353636535e-05, 4335.79743803914 
68214, 147, 1.53214438928725e-05, 13475.4301127669 
2684468, 136, 1.4395531626983e-05, 179.04115664656 
655015, 22, 1.68387020728442e-05, 2.26169800115217 
551760, 654, 1.95882548823725e-05, 13654.378655073 
296591, 336, 1.89940738489591e-05, 3050.35028110511 
2013, 325, 1.70998632010944e-05, 8071.3212804594 
2001, 314, 1.71632568996293e-05, 2275.37492476998 
2509455, 493, 1.80157457617958e-05, 10623.8952938093 
262209, 592, 1.90530627798419e-05, 8373.0376240665 
53457, 574, 1.90465306744377e-05, 8105.83122561784 
2547601, 215, 2.04177471057843e-05, 1443.22001353229 
39645, 38, 1.36006310692816e-05, 29804.9566289107 
2493672, 10, 1.51267622678042e-05, 9.89470565060109 
1234, 58, 1.92233756247597e-05, 13661.5225575666 
2208, 3, 1.63875323653764e-05, 0 
649831, 334, 1.72777221051177e-05, 3018.36448136236 
2898433, 112, 1.41578887756258e-05, 7147.08872643267 
53359, 331, 1.72022294089314e-05, 3731.24214130014 
1210884, 583, 1.87955792797534e-05, 22651.0604872459 
305, 172, 1.70163527149591e-05, 10293.3955771802 
158500, 31, 1.72300906302767e-05, 2632.83306308297 
2589074, 362, 1.7999856001152e-05, 6268.02301944975 
43348, 22, 1.18663375735713e-05, 196.887492120119 
1663591, 167, 1.83698587357863e-05, 1180.22766614112 
1921510, 67, 1.88199868260092e-05, 154.835149838404 
36863, 217, 1.74596246180707e-05, 3136.6486427783 
1484109, 7, 1.24571784490813e-05, 351.198482197155 
148447, 17, 1.62132364862674e-05, 237367.911603008 
2028343, 54, 1.39637501047281e-05, 9586.82381739869 
2742131, 375, 1.75978882534096e-05, 5681.91232301036 
43357, 321, 1.74164446069979e-05, 3184.72315683218 
2878153, 20, 1.6163706014515e-05, 550110.437652429 
2695266, 33, 1.64506152530105e-05, 10.6624435461992 
1926494, 26, 1.71836068390755e-05, 408644.666852209 
2781734, 141, 1.48165708528418e-05, 910.945494875444 
3028735, 157, 1.7343045438779e-05, 8807.66764766005 
1076124, 330, 1.72532781228433e-05, 2460.36433989889 
860235, 337, 1.74316244530828e-05, 4021.20662269279 
1522432, 394, 1.76401065462435e-05, 16603.1442304349 
103731, 343, 1.74319283199107e-05, 4878.74359334288 
1710, 437, 1.76740897843761e-05, 7911.15157135561 
1774216, 462, 1.8205651034081e-05, 5599.67424846269 
1893, 120, 1.34841763190895e-05, 121.400057468353 
2126346, 123, 1.59507441022124e-05, 254185.414915659 
2872154, 470, 1.83614263155962e-05, 6355.31764006075 
3061628, 139, 1.48161318043085e-05, 908.115559333597 
223390, 160, 1.7088466993626e-05, 2417.29565828755 
1890, 129, 1.52786053689019e-05, 6822.48538674521 
2937801, 405, 1.77358423638331e-05, 8598.35002315648 
2866715, 141, 1.48165708528418e-05, 910.945494875444 
41977, 618, 1.91222870255283e-05, 9449.91646655533 
1176198, 143, 1.51618527784095e-05, 3514.27104452982 
1392877, 706, 1.99127820147753e-05, 9200.67220153291 
2558931, 202, 1.906941266209e-05, 3117.62130630049 
2651974, 481, 1.85185185185185e-05, 9806.56444086005 
2304600, 177, 1.71206492150182e-05, 2303.36262579188 
47763, 140, 1.73169168961158e-05, 11613.0871223779 
2493669, 11, 1.51311110774864e-05, 6724.23047508501 
82541, 649, 1.84505249174339e-05, 30181.1151967684 
282217, 220, 1.88267188794337e-05, 9163.60875294183 
218821, 372, 1.76053238499322e-05, 5646.05949043731 
84531, 61, 1.73798185546943e-05, 917.183184541214 
1842727, 305, 1.77758816837315e-05, 5695.10695586522 
662548, 577, 1.84935180219333e-05, 12093.843958982 
434008, 577, 1.82908984489318e-05, 11365.5481740059 
2937800, 487, 1.82086345344963e-05, 14143.3071500643 
2744474, 136, 1.38531017094728e-05, 13443.7961562404 
3040935, 104, 1.38259042141356e-05, 18148.8314712953 
477641, 434, 1.78383488824274e-05, 10665.9729778584 
1842537, 610, 1.97745699031046e-05, 6785.84824331308 
2703789, 88, 1.38682790852483e-05, 2666.51754272067 
1482074, 187, 1.72286063780301e-05, 3725.34124102279 
2561924, 113, 1.41689218867336e-05, 11504.4743385035 
2963406, 593, 2.0806458324664e-05, 2056.55387661342 
2781735, 320, 1.73058286030735e-05, 2737.87935232164 
1702325, 200, 1.70372263395519e-05, 15004.2158536356 
862126, 80, 1.3675026666302e-05, 2196.58958999893 
2721246, 131, 1.37927229593666e-05, 203.240476816541 
2305220, 81, 1.71573673735502e-05, 94852.4483189325 
2596913, 110, 1.41516776813891e-05, 6172.53048867979 
2895565, 436, 1.82498403138973e-05, 5962.43395014634 
2305508, 80, 1.3805480775868e-05, 2774.51188304861 
215691, 44, 1.75521738367297e-05, 229.016103972536 
2653857, 362, 1.76062537413289e-05, 5579.59608829102 
3004094, 342, 1.93787182915722e-05, 3609.92973748839 
1745854, 187, 1.74715214200853e-05, 3596.47506975346 
2797636, 25, 1.63684873880805e-05, 1044.31345550108 
249586, 66, 1.68081351374065e-05, 32629.7771371325 
2591108, 385, 1.75171229877205e-05, 5417.05120411115 
522, 147, 1.71797691039032e-05, 2134.92511201952 
2897772, 599, 2.0329335230738e-05, 5866.7392253697 
1707, 419, 1.75404746452439e-05, 7503.78747109774 
2736757, 451, 1.8321058224323e-05, 5610.49212714853 
2906072, 198, 1.72102228723862e-05, 16832.3189781703 
116188, 79, 1.71741631888986e-05, 14890.9950725779 
1670800, 146, 1.74015939860091e-05, 12607.0663288012 
280333, 50, 1.38350857775318e-05, 2761.10283240498 
66880, 136, 1.4014434867914e-05, 171.504290527898 
1586287, 388, 1.7605013907961e-05, 5486.67715995783 
630515, 12, 1.63329304543821e-05, 149.668917261148 
2897342, 232, 2.05727452271231e-05, 2726.19508451766 
2182432, 656, 1.93165794201163e-05, 14897.7130720863 
227605, 47, 1.35852952763928e-05, 5226.18701364407 
386911, 27, 1.25666029958782e-05, 1994.98517800601 
2049881, 134, 1.37934839581782e-05, 162.098317009962 
944492, 403, 1.7999856001152e-05, 7093.31539022958 
3015999, 103, 1.40785583556244e-05, 7302.42993442407 
1827580, 146, 1.52926243672677e-05, 13508.4979822385 
434009, 569, 1.83894518104415e-05, 11084.0586099503 
2981138, 402, 1.76859679530261e-05, 6190.83267405517 
134, 165, 1.78119767731823e-05, 1252.41581882498 
1404741, 51, 1.35939751502134e-05, 1487.5994823108 
199596, 7, 1.23348669684597e-05, 4.11253166060004 
1535208, 586, 1.90168298944566e-05, 10470.4851525788 
2067960, 666, 1.97546472807728e-05, 10568.501027745 
1389020, 607, 2.00545483715707e-05, 5462.55323325069 
2969621, 162, 1.73418423973363e-05, 2502.2563835112 
1077946, 147, 1.52406498613101e-05, 9958.39776798227 
122358, 395, 1.76410401157252e-05, 4882.81249603626 
1630693, 596, 1.92785949759982e-05, 25270.5700390632 
169430, 38, 1.45388988238031e-05, 48374.9427715724 
2942449, 144, 1.56433320297223e-05, 128240.105057184 
2769491, 488, 1.82378581459393e-05, 6681.85595426148 
2750011, 139, 1.47883054080833e-05, 906.25571086176 
2494374, 242, 2.05056698177046e-05, 1065.95186849488 
2565555, 113, 1.41558846012287e-05, 6066.94055032599 
2837956, 136, 1.37938644890753e-05, 208.133405212687 
2699395, 162, 1.77191863349635e-05, 1302.85784901932 
1355015, 136, 1.379443532479e-05, 287.400991089786 
68212, 76, 1.69543250483198e-05, 22826.4116098638 
871742, 449, 1.78243587686933e-05, 12479.7174191825 
1642299, 282, 1.75186573700992e-05, 15449.8428980105 
2495594, 177, 2.14013611265676e-05, 5811.12574383051 
2493680, 13, 1.52209318254464e-05, 83910.9442165457 
1907575, 3, 1.294247071766e-05, 123.354980785755 
3042299, 255, 2.12165574013961e-05, 1378.27353337853 
863372, 7, 1.70668851227962e-05, 4.15282634596985 
2741720, 430, 1.91692065865394e-05, 5971.28125331174 
477697, 14, 1.63369329042166e-05, 2.47663174248654 
56438, 392, 1.75731482295053e-05, 5405.64302429963 
66871, 215, 1.76220769379879e-05, 33534.6593239917 
2565366, 422, 2.09801946962068e-05, 8255.40283973508 
2875706, 138, 1.47889615191221e-05, 970.550535777329 
1395974, 56, 1.36000761604265e-05, 2054.80679796347 
34018, 197, 1.71376668780312e-05, 3416.41036464544 
590652, 28, 1.27331762908257e-05, 10079.4561047514 
2508722, 85, 1.7310621797535e-05, 4349.79426200704 
2059884, 140, 1.47885241052943e-05, 916.491543686016 
85413, 162, 1.74602343163445e-05, 2349.14234003837 
946334, 429, 1.77157333427817e-05, 8502.0522483437 
2038343, 6, 1.44893937637649e-05, 34691.9032996633 
1861, 518, 1.82638394243238e-05, 9134.56709334296 
28104, 37, 1.27723708074693e-05, 1294.43097794799 
2211108, 588, 2.09318876376272e-05, 9926.8312882902 
374606, 112, 1.77777777777778e-05, 8818.42128206815 
2571749, 70, 1.53280196198651e-05, 571356.257647477 
2771361, 169, 1.72292000482418e-05, 2387.96325046103 
1166950, 695, 1.90559673761839e-05, 33037.8951984495 
29549, 258, 1.90934433115668e-05, 4882.37802107066 
2949093, 119, 1.41841959688515e-05, 9140.57099090174 
96773, 562, 2.06330210869476e-05, 8538.43025575549 
2527989, 454, 1.89254149397226e-05, 20175.3876674838 
1892855, 44, 1.74684694127101e-05, 8513.79188740643 
2821832, 176, 1.75435518675111e-05, 2072.04292587813 
3025671, 87, 1.38087215885553e-05, 2696.0294810825 
1896196, 210, 2.10912618901989e-05, 489.688713891734 
2662361, 421, 1.85106343594395e-05, 3596.52899080846 
173860, 55, 1.67557514116721e-05, 10419.1882558891 
3051092, 68, 1.68759281760497e-05, 46097.1833725772 
2599401, 140, 1.47893989588263e-05, 987.490073287131 
940133, 17, 1.83368478958467e-05, 174.808351656944 
37331, 503, 1.81887629822296e-05, 13105.4916008396 
1517554, 106, 1.43274686228437e-05, 7233.54021271448 
2896849, 24, 1.75079223348565e-05, 30360.1277374762 
2074, 473, 1.812940771225e-05, 17487.1180182137 
465721, 387, 1.9739439399921e-05, 9175.45432633691 
570267, 9, 1.8642456330046e-05, 516.595013903914 
3025315, 231, 2.06381310108557e-05, 1070.6956285626 
2662397, 137, 1.37948159081817e-05, 289.191463699659 
319947, 336, 1.77484337007259e-05, 16681.8097743258 
59405, 526, 2.09942895532415e-05, 3685.08164633891 
2292766, 247, 1.89257731178319e-05, 3594.91032250455 
2763317, 147, 1.77389885228744e-05, 5906.81574164063 
31988, 147, 1.77402472990473e-05, 17442.8766993833 
2740529, 285, 1.80822016888776e-05, 7097.63988181502 
546871, 476, 1.81775216766946e-05, 10416.7072472584 
1847, 533, 1.88643652141105e-05, 6346.13957984107 
1349819, 217, 1.78881276496789e-05, 5786.07705850175 
1658671, 623, 1.96347928529354e-05, 8052.05699636801 
2750812, 439, 1.77787259764965e-05, 10233.9870848453 
1605891, 104, 1.7940759611762e-05, 5642.09770314005 
497727, 18, 2.01328769881216e-05, 2.73583716548792 
2066070, 38, 1.28985656794964e-05, 1949.22616350714 
1149133, 506, 2.09336403600586e-05, 13985.8128352241 
1411117, 471, 1.80799132164166e-05, 10142.9889269998 
2686304, 131, 1.44131678701662e-05, 180.474600386011 
2890321, 117, 1.41835924202882e-05, 7454.54175045182 
2202149, 43, 1.78485373123672e-05, 604.62959568471 
1750, 740, 2.33950963877971e-05, 24772.4100030635 
2973976, 442, 2.43391909652923e-05, 15919.9698307398 
3033810, 23, 1.30430812975257e-05, 3493.08866706613 
47853, 591, 2.32369001975137e-05, 12998.0690734518 
1537215, 459, 2.30920217065004e-05, 68565.1318833455 
69578, 648, 2.31219218941478e-05, 15048.7277446397 
2704462, 681, 2.39624269145979e-05, 42302.0857611689 
2039870, 654, 2.34615113905638e-05, 24368.8913606413 
2211210, 714, 2.39894446443565e-05, 29415.9854599576 
2527968, 186, 2.44140625e-05, 5482.75913209845 
2764185, 14, 2.15540467722815e-05, 30539.8165672324 
573, 526, 2.35888000377421e-05, 29059.6290788418 
3050069, 715, 2.29885057471264e-05, 18933.8629483187 
2782686, 27, 1.5871000507872e-05, 30758.5151845383 
728066, 426, 2.38697665536831e-05, 7715.02772477056 
103816, 678, 2.33073068406946e-05, 16853.5394803778 
1961713, 63, 2.20784668712605e-05, 133000.412147656 
3016090, 723, 2.33448501260622e-05, 23572.226308358 
2768071, 676, 2.3449957790076e-05, 22762.5621097286 
36822, 756, 2.31454692743895e-05, 21452.1290096098 
1986204, 55, 2.46895291706787e-05, 12525.1868482788 
2690837, 740, 2.44444987655528e-05, 26138.6482958869 
2812658, 363, 2.31824925816024e-05, 15579.9174342262 
1589, 1, 1.94730590228419e-05, 0 
1705399, 487, 2.40546521697296e-05, 48183.0187537307 
3074897, 7, 1.88480096501809e-05, 2.92186895567971 
274, 173, 2.44684234994739e-05, 3519.36165975251 
2916755, 1, 1.96513844400338e-05, 0 
33883, 718, 2.35698965281542e-05, 30974.8437492806 
2590016, 225, 2.28644594841778e-05, 8603.01207021193 
3025663, 617, 2.32201736868992e-05, 13151.6572403328 
488729, 249, 2.28414801279123e-05, 6095.87791999499 
2605945, 849, 2.43445236993938e-05, 83261.9703554407 
2760310, 664, 2.34615113905638e-05, 30590.3778758624 
1758178, 541, 2.32579774862778e-05, 31907.303919791 
2910984, 352, 2.48954391555467e-05, 22354.2484221419 
2699430, 456, 2.45730433714215e-05, 31597.7574915692 
2739433, 266, 2.24195139449377e-05, 13467.126831106 
3045156, 93, 2.28050171037628e-05, 3822.14131845425 
370111, 289, 2.32774674115456e-05, 14675.0622410781 
2867233, 241, 2.26019347256125e-05, 5418.38517630105 
292800, 522, 2.45182170352572e-05, 40520.3331255226 
427923, 312, 2.50664260289768e-05, 18393.5440820578 
436, 2, 1.78456706403027e-05, 0 
879, 512, 2.47923639519028e-05, 38488.4102662485 
1184, 8, 2.26403133419367e-05, 589.842340547046 
3019890, 730, 2.33051341210469e-05, 21595.6144141453 
573737, 478, 2.38248397779525e-05, 26001.2550165247 
2614442, 535, 2.43664717348928e-05, 34499.6733914453 
3038546, 1, 1.33652316862913e-05, 0 
1805478, 747, 2.48410174880763e-05, 67657.8669794204 
882104, 6, 2.28717807968528e-05, 12.0085733282154 
1908, 438, 2.3617212224269e-05, 20676.5468329808 
3070658, 402, 2.57261197293612e-05, 22302.4023743032 
2881234, 288, 2.27324391907252e-05, 10055.7867900252 
328692, 812, 2.43938137288384e-05, 93608.2920819861 
63, 489, 2.42283277608179e-05, 29684.1812050958 
1306519, 6, 2.28294865648472e-05, 25.585007585216 
651, 224, 2.42324375408922e-05, 9439.59241805239 
1137095, 53, 2.48089709238861e-05, 14307.0339849937 
182210, 554, 2.49034989416013e-05, 53514.4867418443 
33072, 454, 2.48311481922924e-05, 40948.2606725141 
3050898, 398, 2.5727443463943e-05, 8384.25617085401 
2918299, 339, 2.34000234000234e-05, 12518.8092332268 
1485, 123, 2.51287850232441e-05, 4437.09490528298 
98668, 489, 2.3146540749485e-05, 9111.97440907376 
43617, 2, 1.74608440572017e-05, 107214.52558735 
299262, 317, 2.32374401635916e-05, 30402.3419368459 
1938334, 609, 2.3303504847129e-05, 19840.9793391751 
2016196, 57, 2.22831294426989e-05, 5480.68543579972 
2035811, 375, 2.53389078930698e-05, 17992.2229579105 
2678260, 457, 2.33073068406946e-05, 23244.8601714787 
1335757, 705, 2.47739378174161e-05, 40686.332059953 
1897061, 613, 2.34587595007976e-05, 23436.4949676371 
3047478, 552, 2.36686390532544e-05, 35650.8769390351 
1806885, 31, 1.64441228704861e-05, 47478.632905056 
2153485, 8, 1.21456506425049e-05, 635.575120076583 
1798205, 253, 2.26060222443259e-05, 4696.17224654417 
2759167, 776, 2.35715632660758e-05, 40135.7311269733 
2017484, 767, 2.37976249970253e-05, 51026.0906154175 
2917727, 40, 2.20804168782707e-05, 371.354170676817 
2932250, 503, 2.35139202407825e-05, 28612.9960352197 
2724527, 7, 1.76363732562036e-05, 41480.7641772729 
52771, 632, 2.40720234942949e-05, 18950.8413576863 
1176649, 123, 2.25922327903667e-05, 5134.59029977484 
2235, 659, 2.48663434042024e-05, 45307.5983240167 
853, 371, 2.37653880887875e-05, 21454.2702189532 
2979461, 198, 2.28034570040818e-05, 9004.41800195397 
1855416, 240, 2.30669865288799e-05, 12529.2926732121 
2773308, 224, 2.39744911414255e-05, 6570.9382213624 
273678, 556, 2.28305289833565e-05, 8011.39816156316 
2917691, 685, 2.465483234714e-05, 46703.8358839408 
56459, 80, 2.30303309458557e-05, 5217.64028238559 
45401, 315, 2.41306918269347e-05, 13730.3921892335 
2782166, 653, 2.33617568041117e-05, 20580.4210678517 
404432, 963, 2.45645925962318e-05, 153024.587694207 
980251, 305, 2.47463499133878e-05, 13808.9879602101 
2175646, 581, 2.3191094619666e-05, 15337.4472740623 
2653853, 723, 2.42031125202701e-05, 42615.6758699301 
154981, 293, 2.29932629739486e-05, 8525.92299705335 
1813871, 110, 2.31717490036148e-05, 4483.8849109825 
2494550, 328, 2.3310566679876e-05, 11280.6212300742 
1796606, 724, 2.46008511894512e-05, 58166.4737719585 
2603292, 524, 2.33524823688758e-05, 10109.0419560996 
564137, 305, 2.2682423390115e-05, 13363.8610098939 
2486855, 644, 2.37665177298222e-05, 25746.0007206951 
2782568, 188, 2.2440140924085e-05, 17232.2387168789 
890, 2, 1.93749636719431e-05, 0 
1382803, 550, 2.41937434979314e-05, 52679.3255793165 
2851598, 467, 2.44534650559984e-05, 70418.3614014966 
132919, 667, 2.38464289972577e-05, 21679.4130639466 
2737050, 992, 2.45338567222767e-05, 130869.200272056 
163359, 458, 2.51357329579731e-05, 33408.211967231 
2874213, 71, 2.54835503682373e-05, 2003.97686824255 
683047, 647, 2.3482446870964e-05, 25478.7568716229 
1930277, 200, 2.46451104100946e-05, 7975.53666575092 
1481672, 62, 2.5046335721084e-05, 2107.81917295227 
146939, 426, 2.56522073724444e-05, 15710.0080000613 
2915130, 629, 2.34022138494302e-05, 21847.5555618845 
1357074, 384, 2.39320330262056e-05, 18977.3151333824 
2898441, 504, 2.47133254250692e-05, 39363.8376786782 
3055079, 138, 2.3285055651283e-05, 5181.75942929925 
546160, 671, 2.37422540896033e-05, 23928.0892999645 
1108, 494, 2.57009946284921e-05, 41919.177037908 
1532555, 32, 1.59002734847039e-05, 7772.86444263408 
2584094, 28, 2.18216732859076e-05, 500.934272395088 
2742129, 1, 1.34206570753704e-05, 0 
2497861, 744, 2.43362293446253e-05, 61400.6662094223 
2560058, 26, 1.55528251706923e-05, 2024.32547978851 
2507582, 675, 2.33967384946538e-05, 23929.0720260944 
1903704, 330, 2.41237063662461e-05, 16787.5811261533 
512402, 576, 2.32455426671936e-05, 19448.3307956975 
2733488, 603, 2.47469623103764e-05, 52156.9526986158 
2878391, 745, 2.44708185488805e-05, 30614.0180849567 
1795032, 552, 2.3696682464455e-05, 15847.8295613826 
2023772, 421, 2.46190206553583e-05, 23497.6179311954 
1852, 647, 2.3256895669566e-05, 17570.4543159716 
1765049, 425, 2.54861482784107e-05, 28654.2496768578 
2841594, 665, 2.34439104442621e-05, 19686.8953182692 
2893890, 660, 2.36619185083527e-05, 42209.1320830723 
432329, 671, 2.45206218429699e-05, 28433.999456861 
2803751, 1, 1.89125295508274e-05, 0 
1529068, 230, 2.26562145996647e-05, 5410.22963292752 
281472, 619, 2.374394529395e-05, 19332.1402479507 
1393, 452, 2.47978971383227e-05, 30390.7181014632 
37914, 625, 2.33655778307398e-05, 24613.7610779126 
216851, 465, 2.44636348068596e-05, 23974.5976501927 
139021, 771, 2.39721922569819e-05, 67409.7276270585 
157782, 655, 2.40269101393561e-05, 36038.4215057328 
2795488, 678, 2.36905072137594e-05, 42215.4418949203 
479978, 635, 2.33317778814746e-05, 19448.5395178427 
79329, 39, 1.67215691520492e-05, 111209.118712251 
2587855, 313, 2.31518996133633e-05, 7799.25616997883 
2691571, 141, 2.32525694089197e-05, 8222.50748792716 
219687, 681, 2.57579270020349e-05, 37488.7987740083 
1938604, 614, 2.47647350173353e-05, 46353.6480248078 
2587847, 372, 2.33100233100233e-05, 17847.6107356478 
72274, 373, 2.38561000047712e-05, 24602.4181481977 
352, 558, 2.45236285160752e-05, 41301.7759133166 
69362, 610, 2.34868591023322e-05, 27060.7025080893 
2021, 610, 2.36877013454614e-05, 19129.7168433648 
1694, 920, 2.47341083353945e-05, 62323.4215247786 
394964, 659, 2.36138660621517e-05, 31123.9609370858 
81479, 262, 2.41190516388896e-05, 6472.65280139825 
85085, 535, 2.45260343855002e-05, 15853.7767734738 
2583231, 58, 2.2648004710785e-05, 1071.1940551776 
3034026, 667, 2.45055995294925e-05, 27790.0600526388 
42353, 417, 2.59713276542697e-05, 33897.6355688668 
2060, 643, 2.37495843822733e-05, 19602.2215404954 
2716227, 627, 2.389486260454e-05, 18055.5567285418 
3016103, 615, 2.36854571293226e-05, 23689.3727369705 
370405, 503, 2.54958951608791e-05, 30778.6883532847 
92945, 308, 2.30351055007832e-05, 11264.4009598933 
184748, 422, 2.36361917367874e-05, 23092.9757353335 
2901142, 446, 2.32660943207464e-05, 22376.3082269364 
322509, 726, 2.40096038415366e-05, 31890.2417128308 
28049, 687, 2.42312631757494e-05, 35748.7100051807 
3033809, 13, 1.29585714470837e-05, 13461.0246176445 
317936, 6, 2.16628395650102e-05, 43.9287794768746 
2707525, 283, 2.37264811255843e-05, 18898.6588890982 
2182384, 257, 2.30936215417302e-05, 14272.8340760507 
2220095, 708, 2.40969661919564e-05, 42164.7163377368 
521, 407, 2.4415254651106e-05, 24608.1639857145 
2584944, 582, 2.55427841634738e-05, 39466.449634589 
980427, 912, 2.48410174880763e-05, 79162.07988521 
2587851, 229, 2.36406619385343e-05, 7561.51634392775 
2856555, 638, 2.37778200494579e-05, 25347.7264291831 
2897181, 3, 2.01434211586496e-05, 189.079585056167 
3050071, 169, 2.41814576582676e-05, 2548.05261060963 
1150, 73, 2.53588274078207e-05, 1777.56251394942 
119981, 688, 2.35815686459463e-05, 32947.7471677064 
2597659, 652, 2.36512854473641e-05, 38089.8424860159 
74426, 979, 2.50012500625031e-05, 98570.718738618 
2583823, 432, 2.52978825672291e-05, 21497.1771742662 
2746, 657, 2.45948006591407e-05, 54375.6199798279 
2904242, 521, 2.5025025025025e-05, 30744.3477934171 
174633, 106, 2.54770579093526e-05, 3060.93321638871 
2583377, 581, 2.43255734753947e-05, 39426.2698883003 
1033, 5, 1.31150981009338e-05, 9619.06945159993 
2704465, 273, 2.51844762888156e-05, 9713.4699439989 
658446, 294, 2.31481481481481e-05, 8848.23089453496 
122277, 545, 2.35310727816081e-05, 36098.7079318782 
2511069, 184, 2.48774784187875e-05, 6305.66038562885 
1273, 724, 2.39561124020794e-05, 29006.9088594287 
1397703, 40, 2.49931268901052e-05, 9935.96946386392 
3040943, 675, 2.46950165456611e-05, 62598.3341472551 
202907, 257, 2.45080018626081e-05, 7711.28065991708 
2877939, 597, 2.51300479983917e-05, 49889.8437835378 
2829501, 391, 2.36893847866771e-05, 16907.7047285171 
302485, 176, 2.29315721885892e-05, 3534.46718919574 
83676, 614, 2.3918295103925e-05, 35736.9964206244 
245188, 263, 2.34131722507082e-05, 19970.0608683817 
2881056, 534, 2.43143357323478e-05, 19441.7447703764 
2579977, 18, 1.52678748644976e-05, 46691.1380777921 
2758038, 372, 2.34560082565149e-05, 14258.7476389102 
3015167, 589, 2.34571086767845e-05, 29035.707347217 
99598, 62, 2.48009721981102e-05, 9240.28763348667 
2773266, 620, 2.32142442602781e-05, 13368.477943639 
1967501, 203, 2.36255817799513e-05, 23513.6948094351 
2953890, 516, 2.39045729448043e-05, 28523.559708624 
420402, 402, 2.44528670986673e-05, 37749.7720039103 
1484118, 419, 2.39681702698816e-05, 27648.8428624998 
2053930, 145, 2.37529691211401e-05, 30239.4473673463 
488730, 427, 2.3476933912431e-05, 25025.7374841583 
125287, 565, 2.47997420826823e-05, 19497.0401291377 
1963268, 615, 2.45194193801491e-05, 19864.0207199421 
2017485, 694, 2.3599933920185e-05, 27417.6130531694 
199591, 730, 2.40222926876141e-05, 36020.2967197343 
3035531, 652, 2.3915435021763e-05, 35183.5433511276 
52022, 429, 2.48311481922924e-05, 10586.1422947224 
2017482, 328, 2.39274519656402e-05, 16474.3538970389 
2961596, 665, 2.45748550083554e-05, 25106.845457887 
421628, 407, 2.51149006705678e-05, 21373.3864762364 
85030, 581, 2.45188181929631e-05, 20118.7221292805 
2875729, 701, 2.39303149229444e-05, 24999.451925297 
1565605, 493, 2.49619330520956e-05, 41631.9478617078 
403, 443, 2.53196607165464e-05, 28379.3817727165 
2795293, 293, 2.5545394165432e-05, 16090.2031051778 
1573718, 132, 2.55473520169634e-05, 2182.79334524068 
2175666, 641, 2.37642585551331e-05, 22630.0228946894 
35814, 607, 2.45603693879556e-05, 41812.3051569078 
511, 357, 2.41341860745746e-05, 14171.1133106139 
743836, 112, 2.35371651838253e-05, 2691.06718192018 
206506, 537, 2.40610187435336e-05, 38219.6704532238 
33995, 6, 1.52599533045429e-05, 369.506864734199 
661481, 238, 2.4267721503628e-05, 53927.1336116277 
1082930, 12, 1.37424931631097e-05, 56346.5668447434 
2175655, 668, 2.39675958104643e-05, 31683.2847857391 
56688, 652, 2.47487996832154e-05, 21750.341141572 
502682, 246, 2.31937840658703e-05, 10589.438517344 
2203219, 21, 1.67014613778706e-05, 36225.9578631546 
122, 156, 2.44092950595587e-05, 4674.37345614491 
65958, 6, 1.96467514096544e-05, 34743.085331498 
2691417, 370, 2.5552574421873e-05, 7053.58400386464 
2813778, 22, 1.52049628998905e-05, 1135.35698566758 
1302308, 638, 2.42283277608179e-05, 19788.6815768578 
3026162, 697, 2.43688468661663e-05, 25545.6666216802 
2606451, 629, 2.39211558702516e-05, 19733.2577665372 
35799, 25, 2.40662302656912e-05, 104.177510845656 
1561023, 678, 2.39773653670935e-05, 34878.9715555812 
203557, 11, 1.63821631008158e-05, 2835.99132150713 
2743089, 728, 2.46755169520801e-05, 30240.6575961407 
481, 380, 2.45068006371768e-05, 17043.5194655079 
3044166, 13, 1.64945732853891e-05, 7202.41701997516 
361575, 558, 2.47972822178689e-05, 25540.4765136044 
1883414, 671, 2.5046335721084e-05, 92158.2777826338 
2806263, 368, 2.40870989498025e-05, 16570.6699909466 
3031727, 517, 2.48151273016031e-05, 33891.3660272438 
1118379, 564, 2.35294117647059e-05, 25274.1219046362 
190323, 674, 2.38015899462084e-05, 19744.6318938466 
1562974, 410, 2.41016123978694e-05, 51306.9754564707 
44675, 321, 2.51667295834906e-05, 14229.5399310943 
1678128, 659, 2.48570718369376e-05, 54942.7626538278 
2011159, 253, 2.36049475970163e-05, 23573.1572478723 
2931382, 598, 2.38356294989751e-05, 32109.5379038154 
69541, 18, 2.38680573788099e-05, 1982.76271647254 
154, 404, 2.57765175924733e-05, 24743.9343360932 
1860122, 587, 2.48243675992354e-05, 52007.3872972884 
651143, 295, 2.41978415525335e-05, 21661.6185387689 
130049, 417, 2.45194193801491e-05, 17562.5256696009 
2881377, 212, 2.5904051393638e-05, 41416.8404049591 
195913, 283, 2.33956437311373e-05, 15749.8152507244 
1032851, 623, 2.40124864929763e-05, 43432.975929451 
2751478, 613, 2.45929860803699e-05, 48095.8044632162 
2607656, 384, 2.47991270707271e-05, 23956.0715450447 
3017782, 239, 2.35671191553545e-05, 9251.53203405178 
1543721, 704, 2.57234726688103e-05, 57612.9840445169 
2099387, 13, 2.2853486299335e-05, 117.930814238466 
1436290, 179, 2.44594462381372e-05, 4798.7532306772 
2918527, 109, 2.38066896798e-05, 29660.9088936786 
3033386, 679, 2.48898623590612e-05, 29156.9529056197 
1442136, 500, 2.53106887038396e-05, 50535.5320576762 
1637862, 315, 2.39733416440918e-05, 18760.993158887 
3029084, 746, 2.54511211218854e-05, 77670.3026031246 
2745495, 377, 2.3494032515741e-05, 10099.173655362 
218284, 12, 2.26741944992404e-05, 16420.9935006253 
2703787, 22, 1.66964419882123e-05, 31210.8756745921 
2908006, 411, 2.36972440105216e-05, 27507.0821602779 
155925, 243, 2.59174787476674e-05, 6120.83177889879 
274537, 349, 2.51496403601429e-05, 19574.107373325 
92947, 375, 2.43232067715808e-05, 35678.9845949623 
1783348, 650, 2.4267721503628e-05, 20927.0764296333 
222819, 227, 2.54634345080464e-05, 5949.2924185862 
2587842, 387, 2.37806473092198e-05, 33080.415654227 
2822760, 287, 2.43724104313917e-05, 10515.0080720266 
3021811, 9, 1.42146410803127e-05, 4.35012599310841 
2582913, 4, 1.95240047638572e-05, 10249.8881282955 
3039385, 582, 2.43042897071333e-05, 19861.6390853877 
446683, 54, 2.31787311962543e-05, 800.04072026901 
1734031, 656, 2.388002674563e-05, 30057.5681964644 
2730359, 242, 2.35355033067382e-05, 9171.34543344552 
99, 342, 2.40569668976135e-05, 21540.4242473861 
239759, 353, 2.51401563717726e-05, 18746.0835749277 
1411621, 447, 2.45863349150542e-05, 45730.6992058028 
392610, 46, 2.20643396143153e-05, 3170.93875041179 
19, 323, 2.61513114882711e-05, 37883.3701953367 
2518599, 253, 2.42600679281902e-05, 8226.27102099588 
529, 8, 2.20114019061874e-05, 44.751597665601 
109266, 19, 2.24921277552857e-05, 2104.8178513711 
2995140, 686, 2.44415114630689e-05, 24968.2021431767 
2733487, 637, 2.48065092280214e-05, 48605.6845073856 
2956823, 11, 1.3646660662136e-05, 29926.9244107227 
2986928, 19, 1.4753832307942e-05, 6237.77861804493 
67294, 7, 2.18459858001092e-05, 2248.72621510386 
316277, 95, 2.50425723730342e-05, 2610.65342580191 
1280948, 65, 2.32288037166086e-05, 1011.72371902438 
1484116, 254, 2.39963525544117e-05, 7318.19200648561 
2028345, 459, 2.5082144021671e-05, 28335.6066215234 
2571029, 698, 2.46895291706787e-05, 33231.68684364 
59732, 241, 2.3950374823366e-05, 22768.4315623093 
1949083, 692, 2.45700245700246e-05, 35648.2502697755 
83262, 596, 2.38413122258249e-05, 28222.4913529536 
876, 436, 2.48750031093754e-05, 48880.5204822663 
2487344, 686, 2.39165789725438e-05, 23366.8550635877 
712270, 628, 2.42907112320249e-05, 19843.9047725927 
2789857, 269, 2.55721774709116e-05, 10405.6591076516 
93222, 345, 2.42653660430468e-05, 19836.9970494183 
135740, 253, 2.33896243626327e-05, 8798.44877596724 
2666185, 284, 2.50081276414835e-05, 16284.4916918654 
379347, 341, 2.41370987207338e-05, 23428.0873331242 
41295, 263, 2.3646811227506e-05, 15919.6550278182 
57497, 775, 2.48502770805894e-05, 49651.9590217922 
3034023, 694, 2.49912530614285e-05, 33330.4290548252 
1938606, 799, 2.48188225950561e-05, 62386.1714780829 
2813744, 619, 2.41878915414943e-05, 17907.6234381143 
2867022, 417, 2.41161433463561e-05, 25809.9282027292 
73010, 496, 2.47322731432246e-05, 30208.1380587946 
2961599, 634, 2.47023368410652e-05, 28486.151170679 
297, 270, 2.5531045751634e-05, 14440.9386904047 
645, 927, 2.50100040016006e-05, 113273.016411852 
1710540, 615, 2.45857304420514e-05, 22122.3560520367 
72000, 699, 2.40032644439644e-05, 33735.9327071732 
155077, 349, 2.60810599342757e-05, 12445.9306395702 
1176587, 20, 2.27226249176305e-05, 944295.66548339 
225326, 701, 2.437419260487e-05, 24699.5656950902 
2817656, 394, 2.50087530635723e-05, 40269.8392263931 
2963939, 430, 2.52276798102878e-05, 39141.888445788 
1703340, 14, 2.04240022874883e-05, 33844.7165670217 
1768108, 616, 2.49401436552275e-05, 27936.8827525383 
1985873, 614, 2.53453301229249e-05, 64928.7213432346 
2843200, 547, 2.48793352241628e-05, 21916.1263116327 
899, 191, 2.51559669953713e-05, 8399.81321208313 
164608, 23, 2.23909003381026e-05, 260.279759054084 
3016419, 616, 2.37800818034814e-05, 29771.7655184778 
1492898, 214, 2.47439006284951e-05, 17338.8003431647 
3041175, 665, 2.40523378872426e-05, 21658.3088141404 
61647, 318, 2.43961941937058e-05, 15943.6173158918 
1364945, 674, 2.48299150816904e-05, 35564.1773265557 
2051957, 700, 2.53337724520558e-05, 40898.1277928125 
237609, 362, 2.41779497098646e-05, 20936.6870559568 
2986919, 580, 2.41592578275995e-05, 18879.2595796954 
3009083, 287, 2.37388724035608e-05, 13832.9366348701 
59737, 603, 2.43190661478599e-05, 24293.5678024523 
1842532, 182, 2.54077951115402e-05, 5238.20967530418 
2964606, 17, 2.39561124020794e-05, 10055.449004775 
507626, 377, 2.48861458825872e-05, 21661.0882818783 
72276, 224, 2.51673629637087e-05, 7374.54577452196 
3019969, 13, 2.30680507497117e-05, 536.378718864484 
3047874, 24, 2.36748029072658e-05, 15344.7026113625 
2901189, 421, 2.44911954152482e-05, 30546.2625874455 
2962671, 629, 2.47457375467076e-05, 20863.895957884 
392733, 42, 1.66586150027487e-05, 130500.216506639 
83219, 241, 2.3693875133278e-05, 17447.1309728719 
2796139, 269, 2.37942275204036e-05, 14099.4050419383 
134034, 697, 2.43670654743049e-05, 23693.3835982935 
457083, 22, 2.35294117647059e-05, 3888.47324779414 
1866326, 375, 2.41045171865208e-05, 25826.7794816244 
2508289, 416, 2.44433037569358e-05, 30597.5348997138 
74033, 376, 2.38549618320611e-05, 15351.6267276999 
78327, 463, 2.46877005875673e-05, 34313.8869606526 
119977, 217, 2.50125062531266e-05, 6525.75855784735 
44013, 152, 2.52257706472933e-05, 3257.32208704019 
3046670, 346, 2.40338396462219e-05, 13464.6705895844 
3068314, 33, 1.64268348774558e-05, 27786.2731242764 
265606, 185, 2.49413877388138e-05, 2814.30515684676 
2867020, 392, 2.38788862887435e-05, 33212.1013643549 
290400, 267, 2.33024187910705e-05, 8631.32707807146 
1564114, 636, 2.40615976900866e-05, 21408.8365064078 
1853682, 677, 2.52423263327948e-05, 42561.0003953495 
231439, 659, 2.55577989623534e-05, 65215.0549667961 
652, 660, 2.54524167069663e-05, 58468.4989565364 
1262452, 26, 1.27554274343733e-05, 7537.60977487239 
1309411, 620, 2.52844500632111e-05, 27633.7957608665 
2867231, 388, 2.40720234942949e-05, 25732.5662759021 
2829499, 730, 2.44834002546274e-05, 25478.0734565219 
471827, 445, 2.55486574180527e-05, 19380.8761705145 
487698, 97, 2.40847784200385e-05, 2984.40518347908 
1578165, 572, 2.42277407631738e-05, 16989.3686568942 
2810562, 264, 2.57619084421774e-05, 15895.8474834483 
497726, 20, 2.29900912706623e-05, 213.39228649438 
2862880, 584, 2.42388985844483e-05, 30285.7217224846 
43927, 591, 2.49109433774257e-05, 26037.4640271308 
152260, 232, 2.54634345080464e-05, 16766.6366319608 
2956832, 10, 1.34947303078148e-05, 27263.8782722802 
2674991, 564, 2.52908447142135e-05, 67900.3434956581 
2781022, 105, 2.41161433463561e-05, 51647.1707275534 
3075121, 666, 2.52016129032258e-05, 45759.8426097878 
2731681, 453, 2.50576325548762e-05, 16454.6009117274 
2951988, 24, 1.27551020408163e-05, 6652.99494909475 
12960, 404, 2.56377387514421e-05, 16212.6588060222 
2785785, 407, 2.56278831368529e-05, 30113.6085690985 
2798804, 384, 2.45802915222575e-05, 22259.6410588373 
3032001, 586, 2.45374687147274e-05, 18405.1111252831 
869886, 570, 2.46099325687848e-05, 14830.0079788642 
434, 2, 1.56958766931927e-05, 5.48186617019225 
648, 561, 2.52998026615392e-05, 35225.2245753508 
702114, 521, 2.48558361503281e-05, 54334.1879395932 
2055955, 161, 2.34461091181918e-05, 7242.76958204554 
223392, 693, 2.42054559097621e-05, 28204.2114720227 
84567, 36, 1.72360301975249e-05, 234427.593445362 
2008793, 161, 2.52563519725211e-05, 2029.30076108731 
1982747, 17, 1.50364634238027e-05, 752.735589895844 
670516, 687, 2.43528237099092e-05, 25150.1382896993 
1520, 26, 2.37045465320248e-05, 73.7771131308128 
1742989, 616, 2.4403933914147e-05, 27010.0430397179 
2692233, 11, 1.22027114424825e-05, 512.662572695317 
2875777, 490, 2.40153698366955e-05, 12918.2411735216 
2953749, 656, 2.47445129042635e-05, 28570.9196205161 
2026885, 475, 2.56324814805321e-05, 10804.3469202612 
361183, 308, 2.38231370306842e-05, 19909.5552868822 
1637853, 235, 2.39045729448043e-05, 5887.51620648018 
191292, 526, 2.55388701603841e-05, 17109.2148616751 
2071627, 510, 2.40540735573569e-05, 22747.6506759426 
1126, 87, 2.51407884151247e-05, 10864.3580222492 
2303332, 363, 2.64578262249974e-05, 22194.3736279573 
2830842, 451, 2.49413877388138e-05, 32261.5104327756 
2883100, 479, 2.43451163696562e-05, 34735.8240333674 
2883512, 60, 2.52716704574172e-05, 2672.67260789725 
467975, 410, 2.48527474712329e-05, 3485.8447444098 
157783, 357, 2.48410174880763e-05, 13873.579982277 
2005456, 24, 2.29747736984791e-05, 3709.67615147571 
2817475, 564, 2.4588148512417e-05, 42160.9031342793 
3061632, 632, 2.49115639479847e-05, 65734.0507483717 
46352, 614, 2.48342315047061e-05, 24246.7684115095 
499555, 653, 2.44678248103744e-05, 31355.3535997466 
189381, 321, 2.62591250459535e-05, 58330.8050581494 
3032579, 661, 2.46566560643046e-05, 26218.9478411984 
3038924, 65, 2.52251343238403e-05, 1025.21533875494 
3048007, 83, 2.40679679414667e-05, 2113.21352275032 
35701, 725, 2.58337854245783e-05, 85637.3796826035 
196024, 480, 2.4887384584754e-05, 41364.8750792961 
1903858, 170, 2.42647772493449e-05, 10869.4691524751 
488732, 260, 2.38731856378915e-05, 40342.6599771995 
2220073, 21, 1.58566558312852e-05, 27440.165985183 
33059, 498, 2.56535235114543e-05, 27558.8035334477 
2962676, 575, 2.51755998086654e-05, 23023.580720652 
178440, 5, 1.43096318131734e-05, 39.6041831447691 
1414719, 706, 2.48065092280214e-05, 33651.752441826 
1695218, 318, 2.51578656066819e-05, 23838.3620195045 
2094021, 27, 1.27557528445329e-05, 7385.64306012 
2048283, 3, 1.833214174412e-05, 26736.1359712729 
2609255, 579, 2.42854020448309e-05, 23379.8510727386 
2987689, 506, 2.51939937518895e-05, 71066.107218851 
2697569, 565, 2.51717975180608e-05, 18570.5970282618 
2743090, 655, 2.50012500625031e-05, 31096.997681649 
3064288, 652, 2.44780065111497e-05, 29841.5374970996 
1173026, 72, 2.44845991871113e-05, 4864.8705255308 
405, 381, 2.54478827361564e-05, 32989.6264020368 
550, 598, 2.47751653742289e-05, 53617.3872008195 
2043170, 79, 2.3460960960961e-05, 58322.5946010311 
2057246, 679, 2.43872698451408e-05, 20725.4519809668 
2748080, 443, 2.47475747376757e-05, 30905.9104188841 
2755559, 615, 2.46877005875673e-05, 17547.2281110828 
2931976, 571, 2.53356979984799e-05, 23300.8239875866 
68909, 623, 2.55577989623534e-05, 41579.6630610148 
137816, 42, 2.41645119976802e-05, 3506.43994784304 
2978973, 333, 2.41949142290291e-05, 29522.8570467599 
35760, 659, 2.44798041615667e-05, 26448.7008452948 
59779, 199, 2.41429261226461e-05, 5493.3730696199 
81412, 356, 2.58986843468352e-05, 28839.2063372337 
2678688, 548, 2.53923112081662e-05, 42209.9012239957 
2792015, 33, 2.29536794748198e-05, 945.259930767415 
52774, 668, 2.4919013207077e-05, 31182.7740312098 
755307, 660, 2.52486996919659e-05, 31394.3899054213 
1648404, 4, 1.9507246942239e-05, 3.72011132108012 
1325724, 14, 1.53473096166242e-05, 3482.58661616188 
1536774, 213, 2.60905865163849e-05, 8494.41153216476 
355249, 28, 1.27557528445329e-05, 10507.5442172903 
74030, 315, 2.41978415525335e-05, 29575.2412212639 
256821, 647, 2.45332548269179e-05, 21925.3125773482 
364197, 382, 2.48576897263168e-05, 18673.3351750783 
2558360, 4, 1.71077617915248e-05, 9914.14685525789 
2675878, 389, 2.49152880207295e-05, 46155.3233050319 
2956836, 9, 1.26971228319663e-05, 1185.32729526229 
3067903, 74, 2.36133084606484e-05, 761.984030772294 
349221, 76, 2.30239679506366e-05, 20426.8255263477 
1299, 818, 2.53575413327924e-05, 91812.9957295059 
54298, 70, 2.54136064448906e-05, 13842.8780446122 
100225, 630, 2.44666275200626e-05, 23812.4630368554 
1644056, 854, 2.55905008061008e-05, 80655.3257723785 
228899, 51, 2.41761961173029e-05, 13896.3929016848 
53501, 315, 2.42031125202701e-05, 28243.4046989405 
156980, 611, 2.44230064720967e-05, 21471.2017693778 
208216, 226, 2.38680573788099e-05, 13009.2121138541 
2738410, 15, 1.2066801814847e-05, 832.133343283419 
3057114, 22, 1.33652316862913e-05, 6533.91440352409 
1833, 448, 2.45706282709649e-05, 11555.3424819506 
2562582, 26, 1.6035663315213e-05, 10107.3239293013 
265976, 551, 2.4883668848135e-05, 20815.4018501195 
33010, 619, 2.44887963756581e-05, 23412.8652245071 
2855836, 24, 1.27551020408163e-05, 5334.87805092805 
2862866, 19, 2.17988403016959e-05, 76.0249897106261 
33071, 588, 2.57712032574801e-05, 65528.932144104 
2009329, 374, 2.5062656641604e-05, 11638.8737945741 
2939414, 12, 1.2749898000816e-05, 10123.8979583109 
2931975, 572, 2.51186857903594e-05, 16698.4579253505 
88723, 650, 2.51547014136942e-05, 42019.4218758834 
2991715, 572, 2.46129611853602e-05, 16401.2004501782 
454662, 6, 2.35388272956241e-05, 159.258459053341 
1802, 483, 2.41990126802826e-05, 7957.380748392 
1457, 9, 2.27128191151086e-05, 55.2578398981773 
286802, 696, 2.4648147691701e-05, 33161.6007323849 
2894192, 666, 2.47206565806388e-05, 32645.4649730589 
2684212, 216, 2.5497845432061e-05, 14083.9977077577 
2705472, 343, 2.47770069375619e-05, 29947.1350263601 
2846775, 462, 2.42142476633251e-05, 12325.3660253776 
2931974, 36, 2.38925789649735e-05, 507.539193546576 
85072, 369, 2.60213374967473e-05, 17808.1798181887 
1889240, 533, 2.53530410972796e-05, 38089.8721931004 
3031998, 583, 2.49681655888742e-05, 28563.1673760923 
679318, 635, 2.4500796275879e-05, 25304.813225808 
1353147, 86, 2.56351098464457e-05, 1256.8287271906 
670052, 592, 2.43362293446253e-05, 21868.6816177855 
1821621, 335, 2.51692632956633e-05, 17355.0859359422 
239934, 235, 2.3901144864839e-05, 24596.6576486003 
2830992, 538, 2.54880970586736e-05, 26606.0466006624 
162496, 602, 2.46596961925429e-05, 17088.0673366782 
2116510, 704, 2.46099325687848e-05, 41375.5743848121 
2986834, 27, 2.22523865684595e-05, 9667.64525509614 
1986146, 345, 2.57512940025236e-05, 12330.5983260296 
47883, 553, 2.47678018575851e-05, 52640.690583137 
1752063, 52, 2.40211386019697e-05, 14020.5940499453 
2744574, 677, 2.46317552588797e-05, 27143.3565732584 
404941, 509, 2.43997657622487e-05, 15851.3912348155 
1850093, 329, 2.52697546306825e-05, 21697.5092398581 
2483402, 10, 1.28e-05, 2128.4159541 
538949, 409, 2.56522073724444e-05, 23883.7208262203 
1198301, 597, 2.49413877388138e-05, 25787.886545903 
2251, 669, 2.53466149595722e-05, 35372.0883558798 
225992, 308, 2.49476100189602e-05, 13277.0363552009 
2867016, 274, 2.42101440503571e-05, 14699.1573248602 
1223514, 565, 2.42212856658431e-05, 15642.9421832145 
1809410, 80, 2.45784790837143e-05, 593.416565566504 
70799, 29, 2.39566863111494e-05, 5795.69542970307 
1853690, 690, 2.53427608403659e-05, 45065.5303083368 
2708079, 521, 2.45164137389983e-05, 12004.5956321637 
2963434, 748, 2.56049161438996e-05, 49434.4241467316 
1827469, 16, 1.60320641282565e-05, 2990.23728127448 
2599595, 393, 2.48613977077791e-05, 14477.737861278 
2961939, 341, 2.49650489314959e-05, 23435.5208058058 
2986803, 22, 1.34533371002677e-05, 15574.7879192321 
1028989, 386, 2.45037980887037e-05, 18542.9017794233 
33918, 534, 2.51054428600121e-05, 15578.2593320846 
2592049, 355, 2.50400641025641e-05, 63088.8629074935 
2781021, 74, 2.40153698366955e-05, 2648.00228090204 
3016094, 583, 2.44259892525647e-05, 18815.1740352644 
158787, 781, 2.47978971383227e-05, 40506.1518044275 
1930274, 271, 2.5531045751634e-05, 12091.344474791 
319501, 352, 2.54006959790698e-05, 21398.5391995218 
2072413, 79, 2.38925789649735e-05, 3471.00345801774 
426114, 336, 2.5082144021671e-05, 19758.6921349614 
2528019, 69, 2.41680160475627e-05, 468.793276003587 
2956824, 10, 1.26972840509415e-05, 10795.3272952622 
1538158, 46, 2.36188856609745e-05, 2301.59009400554 
2599819, 10, 1.45175807903371e-05, 8776.94860526362 
1463165, 639, 2.49912530614285e-05, 67323.4281813398 
1752064, 74, 2.45170148082769e-05, 12758.1494409709 
2217913, 260, 2.43066527308524e-05, 8002.99972887174 
3004129, 329, 2.58297817383443e-05, 33913.7191007301 
1357545, 6, 2.14137347694811e-05, 34.6904869699028 
1851, 550, 2.46956264045638e-05, 39364.848238775 
1891787, 372, 2.45188181929631e-05, 28291.6156948586 
2777556, 654, 2.45465033505977e-05, 22862.7059621651 
2946605, 6, 2.17051571453377e-05, 1445.22538127292 
3017781, 153, 2.42694883991845e-05, 8363.60422489939 
3058963, 404, 2.54666768533374e-05, 33594.8198315402 
2968969, 410, 2.51104861390117e-05, 19036.1688887489 
35798, 350, 2.6361575367744e-05, 31810.3245271714 
656366, 709, 2.47047779040466e-05, 34623.8483110243 
1808979, 376, 2.51483754149482e-05, 17240.4326664119 
1853699, 606, 2.52455126101335e-05, 24551.416183448 
2652443, 656, 2.55728314238953e-05, 75106.5045222136 
266951, 250, 2.40373058987549e-05, 17428.2874500274 
453162, 186, 2.59652584841482e-05, 19001.9276732894 
75787, 229, 2.57327397648028e-05, 3303.5055623724 
1727, 681, 2.47524752475248e-05, 27668.6280562226 
1886, 4, 2.13169619065891e-05, 497.438571268045 
463192, 389, 2.58217780876391e-05, 16480.3225625359 
816, 326, 2.43837019336276e-05, 48483.8919139985 
38305, 624, 2.44851986973874e-05, 32768.5452744512 
639313, 635, 2.48830496665671e-05, 31004.4192908553 
2086585, 379, 2.55787185062028e-05, 8645.64616196603 
296, 442, 2.4751862577659e-05, 35450.9083373008 
1164, 33, 2.3473627379639e-05, 7378.91269835649 
189691, 587, 2.52175009456563e-05, 88144.7837437667 
2040586, 1, 2.09314495028781e-05, 0 
2304594, 331, 2.58892973644695e-05, 22434.5397965462 
2866808, 431, 2.48095864241943e-05, 29368.6859593614 
3016091, 517, 2.43771634732583e-05, 12892.1298477584 
3019968, 88, 2.4006721882127e-05, 556.256992628156 
869889, 565, 2.50865485926446e-05, 24386.4212156027 
2259622, 57, 2.37146651489281e-05, 938.665374572239 
171549, 274, 2.48268328409345e-05, 45874.3930678146 
2651167, 11, 2.18035932321647e-05, 1134.06649902749 
2987533, 1, 1.15235252768527e-05, 0 
85016, 569, 2.49544581139421e-05, 19117.1126949547 
1453760, 742, 2.56147540983607e-05, 56005.9397716416 
304378, 52, 2.31556522947251e-05, 7737.32457823688 
575200, 544, 2.47733240846257e-05, 22817.8216654845 
2676868, 195, 2.44636348068596e-05, 20524.180335332 
2978474, 533, 2.61376408165399e-05, 63336.8807109074 
332158, 263, 2.46153846153846e-05, 37586.2994653285 
1265399, 22, 1.33652316862913e-05, 6377.57407757625 
203135, 501, 2.51111166913593e-05, 14928.5341252746 
2828862, 586, 2.47066090179123e-05, 20872.0201661368 
104087, 304, 2.45055995294925e-05, 21851.0189012939 
1637869, 438, 2.45446958912179e-05, 18191.5303574621 
2883205, 222, 2.45519273262951e-05, 10949.678319727 
1798806, 3, 1.98212126617906e-05, 0.335526201116929 
635, 383, 2.49843847595253e-05, 35409.8630728532 
1771309, 569, 2.51357329579731e-05, 41762.2675383275 
2761047, 525, 2.53081264393997e-05, 17145.5619820645 
376170, 700, 2.56792152431822e-05, 74339.8255759981 
2766784, 547, 2.45615758707079e-05, 14392.9914214474 
133924, 231, 2.44277792705865e-05, 9342.23114496176 
2004, 550, 2.47365556819868e-05, 20742.4532764693 
454601, 21, 1.4661466733132e-05, 2893.00105905393 
2496837, 380, 2.56252562525625e-05, 20455.1129113498 
3041766, 613, 2.4682825689885e-05, 21687.3035638051 
604330, 703, 2.61328594574818e-05, 57097.0690807267 
1811807, 303, 2.58578336306984e-05, 10407.4437469539 
2880651, 458, 2.58324507246002e-05, 59713.7161721461 
2916397, 309, 2.45972205140819e-05, 16806.9226202456 
3021710, 428, 2.52410520470493e-05, 22640.9670963781 
2738883, 251, 2.59470679813181e-05, 22490.522625712 
1547898, 598, 2.55885363357216e-05, 44392.2279994201 
1916956, 143, 2.54329967700094e-05, 4266.21626425428 
44742, 361, 2.60050969990118e-05, 33281.3469707624 
1147, 9, 2.19992960225273e-05, 27.3647702880143 
2079791, 264, 2.45893577259762e-05, 5274.47342130688 
2560010, 560, 2.51130085384229e-05, 22836.0812943004 
2861284, 643, 2.51978027516001e-05, 44468.9493537164 
68209, 22, 2.3309479965502e-05, 927.542534446791 
2602067, 334, 2.47377795369088e-05, 22608.8797172735 
33888, 564, 2.43368216110976e-05, 19933.5214132328 
413496, 458, 2.47862188623126e-05, 39484.0472668301 
2774562, 129, 2.44834002546274e-05, 4920.92075969027 
3064531, 245, 2.42031125202701e-05, 9310.00355616337 
2070369, 393, 2.48521298275262e-05, 43528.5588612401 
2952228, 228, 2.60003640050961e-05, 12399.1817185216 
2979863, 73, 2.41237063662461e-05, 858.791984678195 
3062685, 14, 1.33638028037258e-05, 3790.4898556017 
699433, 573, 2.56055717724177e-05, 24056.705217159 
2681547, 486, 2.54504733788048e-05, 38698.6720281573 
2795687, 511, 2.60003640050961e-05, 35801.6003735102 
638849, 733, 2.61328594574818e-05, 95279.0145620049 
1839801, 329, 2.6281208935611e-05, 50622.3784688164 
2498451, 36, 2.38208670795617e-05, 467.142490757009 
336203, 1, 1.68486318910904e-05, 0 
37930, 613, 2.47457375467076e-05, 28913.8960637198 
2070337, 563, 2.47261578023391e-05, 21511.6657868861 
2161816, 622, 2.47243237897444e-05, 24076.1939312642 
2779519, 595, 2.58899676375405e-05, 31525.1889963304 
2986947, 280, 2.53363399123363e-05, 10214.6653136686 
158822, 384, 2.47194344193405e-05, 27639.8680485068 
172827, 465, 2.58264462809917e-05, 15945.8682217371 
492670, 11, 1.50145641272034e-05, 4663.11033290813 
3017784, 218, 2.41493395155642e-05, 22387.3109579632 
1198456, 132, 2.47151578062826e-05, 5195.0176984065 
70775, 538, 2.5566293398783e-05, 45711.2596055626 
129985, 179, 2.6234324990818e-05, 47413.8943972179 
1048396, 767, 2.60633861551293e-05, 79963.7656553423 
31963, 599, 2.50363026388263e-05, 21131.9820814856 
387343, 698, 2.56259129231479e-05, 68789.4615395887 
1335746, 249, 2.5706940874036e-05, 13303.1923908934 
1907662, 457, 2.59416830963993e-05, 20037.2185437804 
29288, 672, 2.57519571487433e-05, 67526.3591833228 
73918, 292, 2.57393632081542e-05, 16243.8805925268 
2904243, 566, 2.54777070063694e-05, 48366.5370757484 
2979870, 156, 2.44977951984321e-05, 8595.63878750447 
2886938, 543, 2.51755998086654e-05, 17024.1243540165 
2585118, 311, 2.51528032799255e-05, 13204.933915583 
2683591, 47, 2.26336517133674e-05, 162.162643269247 
3052086, 658, 2.49494773084504e-05, 39451.4120714546 
2906514, 389, 2.52244980324892e-05, 25852.4428622529 
349751, 663, 2.54705687578004e-05, 31571.5202867164 
2949993, 547, 2.52238617732375e-05, 16183.677424162 
2980100, 472, 2.52493372048984e-05, 51924.6722456383 
150123, 580, 2.46111439259697e-05, 20668.9428617745 
170861, 3, 1.91526852064659e-05, 2.67153404126417 
2126321, 350, 2.51363647789257e-05, 38082.4138121804 
3068275, 605, 2.54874474321397e-05, 32177.2295314701 
591197, 1, 1.92867750583425e-05, 0 
2171755, 419, 2.51067034898318e-05, 57798.4553985972 
1335613, 491, 2.58191113061888e-05, 19181.5025545095 
301375, 237, 2.51920896838393e-05, 2144.7591441839 
1337936, 7, 2.05769784764805e-05, 8.12464656553112 
2596911, 490, 2.57155347545452e-05, 19835.7279215246 
2963433, 798, 2.57506308904568e-05, 75970.1832017573 
872, 233, 2.59302476338649e-05, 10960.983154415 
1282737, 613, 2.51004016064257e-05, 24450.9268108882 
277, 513, 2.61526793419986e-05, 49489.7695075854 
38027, 19, 2.34137204401779e-05, 9516.41948169382 
42255, 493, 2.57605811587109e-05, 13553.2318022859 
2815360, 7, 2.15225017756064e-05, 6.41570775148045 
2590869, 605, 2.54097319273282e-05, 33222.619933559 
2769067, 528, 2.53536838902693e-05, 13128.0562364147 
2830995, 538, 2.5727443463943e-05, 25126.5994774142 
2991051, 515, 2.48206706545211e-05, 42231.0008377462 
59282, 308, 2.51717975180608e-05, 15215.0078579856 
1494608, 600, 2.52780586450961e-05, 24188.8253136897 
1586233, 572, 2.53485424588086e-05, 29814.5021796465 
441209, 254, 2.46317552588797e-05, 32555.2898825111 
930166, 451, 2.51004016064257e-05, 40419.2291989585 
2678258, 126, 2.47047779040466e-05, 1392.26717385238 
2743, 284, 2.57718674295139e-05, 10019.8850831802 
2859226, 490, 2.48546005865686e-05, 19499.9484938661 
2239, 635, 2.52270433905146e-05, 29490.6489480678 
2902623, 512, 2.58384579608289e-05, 21707.5990164765 
487184, 322, 2.50570046856599e-05, 15062.0885026301 
651822, 70, 2.52429635239177e-05, 1144.54266951099 
2835041, 17, 1.60888102324833e-05, 4714.37310157339 
76760, 413, 2.52130502748222e-05, 25225.854433082 
1094342, 469, 2.53568983441945e-05, 38509.4791964497 
2081970, 620, 2.5545394165432e-05, 55414.3017681214 
160674, 345, 2.52563519725211e-05, 24599.5804033545 
2920387, 233, 2.63310337563853e-05, 11303.1207683602 
2480625, 567, 2.48830496665671e-05, 25888.7891609987 
3049801, 558, 2.46414666600956e-05, 25155.6379930074 
118163, 68, 2.51927243412103e-05, 8443.78390959231 
147206, 786, 2.60647448261482e-05, 90041.9427246267 
178339, 561, 2.55245290724386e-05, 33470.5510374498 
191494, 525, 2.52908447142135e-05, 23262.7887747886 
1649453, 231, 2.21665595282956e-05, 8223.87588061847 
2934158, 723, 2.17051571453377e-05, 7239.88491560137 
662, 419, 2.05778253354186e-05, 12082.710811953 
2605946, 254, 2.04177471057843e-05, 4368.1429340212 
2940492, 704, 2.15768351098261e-05, 25869.2627330025 
2020377, 769, 2.16778668978972e-05, 22601.9808842589 
388463, 50, 1.57955424979071e-05, 23539.6512444639 
76335, 15, 2.09437242130396e-05, 2911.44136468317 
2967130, 16, 1.28927452522466e-05, 349.349200907384 
110322, 334, 2.05440052592653e-05, 10605.4357491785 
561184, 334, 2.14693632186869e-05, 11388.2054758081 
3028711, 34, 1.35294197231881e-05, 5110.80536016434 
1437453, 549, 2.11492502590783e-05, 270163.690882889 
1582356, 315, 2.06475057813016e-05, 9891.68154392368 
2035, 802, 2.12093575685592e-05, 13246.4868670309 
2962047, 809, 2.14491012826563e-05, 18339.9285515477 
1049, 697, 2.25509651813098e-05, 44245.4553105281 
2615214, 336, 2.07887241959961e-05, 36668.9665399828 
2901164, 532, 2.12811236433284e-05, 16959.2246630053 
1763524, 256, 2.26572412543049e-05, 5029.36847268147 
319707, 526, 2.05918085785475e-05, 3084.3966017026 
2603206, 761, 2.13844278596326e-05, 14549.6015909218 
2565558, 364, 2.22162978761219e-05, 12785.7205965471 
2761578, 711, 2.10810355004638e-05, 10624.9998169704 
186802, 279, 2.29499919675028e-05, 10046.2900758574 
215813, 303, 2.14859696618108e-05, 7558.19330961569 
53522, 759, 2.13529210796037e-05, 14081.2572278212 
405212, 810, 2.26608352783884e-05, 24509.8665790915 
1792508, 381, 2.08824942051079e-05, 16249.4014241714 
664962, 362, 2.16239593469564e-05, 14623.7679650674 
2169400, 289, 2.16891510866265e-05, 7541.76070588581 
2493670, 3, 1.16216907235665e-05, 9610 
1268041, 644, 2.11604384442846e-05, 6147.00602706553 
240521, 92, 2.08372403158926e-05, 1166.5416617102 
488446, 336, 2.09722746529089e-05, 56104.8269254022 
2576903, 21, 2.12098074149487e-05, 708.02745107625 
661488, 7, 1.98345796060852e-05, 1229458.06942588 
340345, 673, 2.13333333333333e-05, 10563.3281740242 
2972478, 341, 2.43884593810209e-05, 11035.9653977444 
40567, 687, 2.0987239758227e-05, 15071.7157873725 
926, 567, 2.21533008418254e-05, 21286.1915652786 
553982, 796, 2.32217913289831e-05, 29784.3468485861 
414, 565, 2.24673661506662e-05, 22430.3714353755 
1566351, 180, 2.42236325759411e-05, 10940.4072861247 
1793, 683, 2.10194429847609e-05, 11566.5951367748 
1400387, 230, 2.30760355370947e-05, 1842.60550720376 
370038, 574, 2.30298005619271e-05, 27170.4726200844 
46429, 16, 1.42732761450736e-05, 26.7955770719264 
1446794, 697, 2.13967819239986e-05, 10291.2061779091 
2728022, 46, 1.54762825969202e-05, 1329.31530332406 
483545, 804, 2.13346987540536e-05, 13408.4245110957 
2055, 777, 2.14698241621401e-05, 21832.9057067569 
3039384, 801, 2.15805602313436e-05, 15856.4277535472 
2972479, 628, 2.28754432117122e-05, 14337.6927795745 
1842533, 300, 2.1740548296628e-05, 4658.5569702547 
1881069, 12, 1.28904185518904e-05, 132.44257071284 
141948, 16, 2.05846027171676e-05, 3757.04812809268 
156977, 809, 2.18627022299956e-05, 14330.0135960789 
2933290, 803, 2.19221325850579e-05, 12241.872978884 
334542, 389, 2.36798484489699e-05, 3964.86292506673 
2810513, 776, 2.1871787581199e-05, 10180.4993294396 
2996782, 675, 2.24139863274683e-05, 21809.4584886365 
656178, 621, 2.20813920109524e-05, 27268.7576956114 
656179, 726, 2.2142999490711e-05, 52386.060013949 
68192, 98, 2.05901126279161e-05, 16848.7374063567 
2599293, 663, 2.13319680873757e-05, 7353.42033446827 
1794, 731, 2.20055894197126e-05, 13659.1745629278 
1357915, 544, 2.32304225613864e-05, 11702.3253140771 
2979467, 16, 1.5500271254747e-05, 15005.0088478972 
2048898, 483, 2.28817243667483e-05, 8172.34899387661 
2735528, 88, 2.05250302744197e-05, 582.870322407783 
2878151, 149, 2.14799699280421e-05, 1162.42127618539 
1269, 762, 2.16459586995108e-05, 18158.7025477668 
1652028, 778, 2.17869670363189e-05, 13018.4012206938 
2861750, 693, 2.15842866393266e-05, 14028.7090960325 
1162966, 811, 2.14928965976745e-05, 16144.8297294388 
2604421, 32, 1.71259269407957e-05, 205803.802344852 
2762331, 724, 2.24250442894625e-05, 15566.9244477106 
398049, 53, 1.57146224561955e-05, 14946.0229744013 
1084, 315, 2.07103655379517e-05, 9939.31431301488 
2493677, 12, 1.38569409417177e-05, 16911.1368614386 
2590785, 4, 1.88277822755258e-05, 0 
2820884, 743, 2.13885442956752e-05, 11056.5100933206 
2099694, 691, 2.13310580204778e-05, 12630.2286422223 
67308, 30, 1.34729127089986e-05, 747.973688967968 
2770322, 134, 2.15689234950284e-05, 7406.14599227411 
1906274, 817, 2.16651862122755e-05, 15863.6648229743 
2493674, 1, 1.04541272894539e-05, 0 
1575, 669, 2.13137814911122e-05, 8279.67846548965 
244596, 315, 2.09332021519332e-05, 10736.1783972405 
2862331, 241, 2.09135017567341e-05, 3648.85545108152 
940557, 54, 1.57915515199368e-05, 37203.9070228834 
2594265, 756, 2.2095541119802e-05, 11975.9277281021 
2762729, 73, 2.04160797043752e-05, 1754.6589265636 
3056937, 603, 2.11716384731014e-05, 6323.01323074568 
2596916, 760, 2.15187966688903e-05, 14076.1490104153 
356851, 719, 2.1685388385306e-05, 6413.69649364841 
2590774, 4, 1.88277822755258e-05, 0 
3055080, 35, 2.03653544589944e-05, 17620.4303112503 
2665642, 774, 2.179361447096e-05, 17117.7855289531 
272131, 19, 2.16698810323531e-05, 883.138923387073 
2962065, 658, 2.23979214728873e-05, 37792.6711005441 
2003551, 771, 2.16034046965802e-05, 20001.7874972593 
93219, 436, 2.148966347187e-05, 218173.79545938 
2760307, 397, 2.14151105019702e-05, 18812.8459364375 
47885, 477, 2.14864313186223e-05, 22519.9128419511 
73919, 798, 2.30611350690681e-05, 27618.2096355955 
2560053, 364, 2.14518620216235e-05, 12086.4073108899 
33889, 835, 2.14086919289231e-05, 20469.6563798315 
2968083, 731, 2.13739152737999e-05, 10168.0800840619 
1288495, 636, 2.21960801722416e-05, 23962.4701121211 
1821625, 23, 1.32749236691889e-05, 1350.78306555398 
40988, 758, 2.15996716849904e-05, 17151.1650166081 
2609253, 753, 2.15931420180951e-05, 11334.4720242972 
410837, 124, 2.29652765019291e-05, 19156.2166751921 
85968, 733, 2.16197518052493e-05, 13811.263163143 
458032, 500, 2.32731334946937e-05, 26088.0442385571 
2857059, 612, 2.11514869495326e-05, 6222.28942414975 
2744520, 10, 1.3081300281248e-05, 11771.9045463394 
2919322, 680, 2.18002659632448e-05, 10567.037999467 
446860, 740, 2.15540467722815e-05, 15302.3930945102 
1765967, 516, 2.25392746861406e-05, 21416.9572327969 
361111, 317, 2.42412489091438e-05, 10036.9211111261 
3068634, 745, 2.15745075618649e-05, 11398.4725067318 
47312, 709, 2.13260540402209e-05, 17198.4555847196 
444597, 702, 2.14933585522074e-05, 14468.2614872458 
2982692, 217, 2.1805970474716e-05, 3514.15386701437 
1649486, 54, 1.56186549214382e-05, 16444.0647417558 
2831967, 836, 2.29552601978743e-05, 38808.3879553986 
947919, 551, 2.43314922504197e-05, 32646.1497598462 
3034022, 716, 2.15174075827344e-05, 17314.4178713906 
2759943, 765, 2.12910918071879e-05, 11548.387184672 
92942, 12, 2.2068722000309e-05, 581.635102788706 
300, 469, 2.18350146294598e-05, 21966.0257436672 
1138194, 104, 2.08947115485071e-05, 2777.78086556233 
1577075, 36, 1.38060525734482e-05, 16090.9177902496 
1854057, 11, 2.05875692257015e-05, 116067.780066713 
615, 512, 2.13666082646041e-05, 23586.3381193744 
2592654, 648, 2.15475446572863e-05, 7028.1961127288 
904291, 781, 2.19437800355489e-05, 12297.790606048 
1940612, 518, 2.24961756501395e-05, 33789.558157689 
2770551, 707, 2.26474917902842e-05, 11860.5733256045 
2207, 11, 2.15211122110791e-05, 13572.8451614821 
2040, 724, 2.20843179258409e-05, 14507.219363418 
1138189, 150, 2.1079258010118e-05, 4140.25952190705 
376489, 665, 2.24643378636415e-05, 54705.1619697438 
2729175, 708, 2.17117547440184e-05, 14864.4534346047 
1755504, 688, 2.42683104402272e-05, 44348.108134932 
1653478, 689, 2.16750476851049e-05, 10356.9623468891 
551996, 38, 1.56545969724009e-05, 6760.12783282958 
1891926, 188, 2.25484227378295e-05, 12875.9207127608 
1930276, 239, 2.32877669360285e-05, 4671.01215507412 
2909587, 739, 2.14947445349612e-05, 12127.2772552789 
2509675, 3, 2.14027352695674e-05, 0 
2892442, 5, 1.39592668593045e-05, 26.4185504814022 
2714925, 470, 2.15852184424106e-05, 14291.197661445 
1837283, 33, 1.91920161212935e-05, 16384.1121139315 
247333, 742, 2.2125851845296e-05, 15515.6554644283 
2654547, 748, 2.15819574835438e-05, 19098.2292984762 
2872646, 89, 2.07636884616183e-05, 1082.02796168216 
2662261, 740, 2.17585239017385e-05, 14122.2793961137 
2736649, 658, 2.14910489781006e-05, 8105.16516892601 
42197, 759, 2.16356555603635e-05, 17225.2544362844 
2952571, 51, 1.57057373058378e-05, 14224.863012567 
57493, 797, 2.19336725741358e-05, 14296.4317555645 
2527990, 305, 2.30771005930815e-05, 5737.59050992668 
3016086, 761, 2.14753570278106e-05, 11481.9051743442 
475662, 713, 2.25978486848052e-05, 30285.8321553398 
99653, 718, 2.22558532894151e-05, 14253.3938647495 
674079, 500, 2.14325517596125e-05, 3424.02434756009 
1270, 766, 2.182405447284e-05, 16875.2270016843 
700274, 696, 2.16286363144804e-05, 13408.8309698885 
1276, 793, 2.18622242626965e-05, 12945.5317976985 
1644061, 870, 2.2858187802871e-05, 24505.3229186184 
2879618, 126, 2.27489876700487e-05, 601.909262060476 
114687, 10, 1.69070282516442e-05, 495.456112869827 
2731096, 29, 2.01422039599573e-05, 73.8823220330634 
40989, 695, 2.16038714137573e-05, 10388.7216524421 
2840474, 299, 2.14137347694811e-05, 8826.02864350522 
2259340, 348, 2.13178707710674e-05, 10423.2983213751 
2600304, 392, 2.37309855478298e-05, 3468.00911782428 
74829, 575, 2.21680336954112e-05, 29336.5197472278 
200252, 892, 2.29042601923958e-05, 50882.9437913948 
3015161, 686, 2.13588500395139e-05, 12256.8895207174 
2320867, 654, 2.2517451024544e-05, 42261.3415860802 
2850561, 34, 1.38052901871997e-05, 6033.90642739147 
285, 405, 2.18832746132131e-05, 7590.01913341536 
42256, 776, 2.3192708212538e-05, 20836.590487858 
56464, 152, 2.1745275838824e-05, 6733.31907752298 
2978392, 233, 2.1573111274108e-05, 5639.60968252653 
2567881, 733, 2.20799293442261e-05, 13616.7325451744 
2880219, 586, 2.19611288020204e-05, 14709.469890151 
2660554, 690, 2.2460301417245e-05, 46429.3892642878 
3036127, 834, 2.30568813262318e-05, 46684.606794059 
483547, 170, 2.41610089637343e-05, 8026.54072172704 
2596912, 46, 2.10628304231523e-05, 41.261508146602 
2982531, 77, 2.14417427848536e-05, 3008.50096277841 
56730, 252, 2.14018191546281e-05, 11942.6430068213 
2575923, 739, 2.20055894197126e-05, 13909.9207099943 
2871170, 759, 2.15591583304588e-05, 19016.2909563498 
2933562, 2, 1.38264777048047e-05, 796.489167358084 
3061626, 712, 2.19404098468559e-05, 9699.27600896988 
56689, 613, 2.20989591390246e-05, 10682.2118679152 
140098, 182, 2.19471512597665e-05, 3666.80084094634 
1919, 24, 1.94673726833827e-05, 32.8320437928311 
1503055, 450, 2.17344055640078e-05, 510287.72955354 
168471, 688, 2.34279823821572e-05, 46984.7259830792 
2968968, 58, 2.44504755617497e-05, 96.4512051661831 
644, 683, 2.24381268651693e-05, 31122.2600183994 
2897774, 723, 2.16858586515733e-05, 14448.3940569798 
2587844, 757, 2.30850916478138e-05, 23143.0052106317 
2698828, 41, 1.55967309251981e-05, 17842.4039970364 
3050384, 847, 2.25575782184025e-05, 42415.5704021691 
1046, 612, 2.40650719545651e-05, 27457.2004620934 
3003272, 194, 2.18507593138862e-05, 17283.5434780442 
2929795, 792, 2.18708308728649e-05, 16741.2499417092 
2971235, 75, 2.15387266304816e-05, 2949.51661366964 
28072, 11, 2.25118750140699e-05, 6450.47908194454 
47880, 781, 2.2145451324298e-05, 55178.5136331562 
28256, 289, 2.2724173976276e-05, 4795.96438741163 
146017, 681, 2.19139657703855e-05, 12775.8861284905 
388357, 729, 2.20950529176517e-05, 15410.6688939344 
1267768, 331, 2.14675196427805e-05, 12381.2274730331 
418008, 6, 1.90887052131254e-05, 71.8168231715989 
1331682, 836, 2.22732031093392e-05, 23057.7775264909 
61624, 660, 2.29969644006991e-05, 27463.4168629692 
506591, 430, 2.14942825208495e-05, 17717.2532846365 
1288970, 286, 2.13693478075049e-05, 12627.1995913509 
1165, 7, 2.05317729185915e-05, 4122.57365956025 
2763257, 780, 2.22281497288166e-05, 19327.4143372374 
2860258, 609, 2.33334111113704e-05, 29565.4800307868 
354, 394, 2.19399284758332e-05, 11367.5671672629 
2175648, 663, 2.1973675536707e-05, 11358.4466586963 
47, 430, 2.33263354327035e-05, 14903.0616872367 
1964449, 5, 1.68177460856696e-05, 0 
2293838, 357, 2.31454692743895e-05, 7542.34312913857 
2710758, 178, 2.43048804199883e-05, 13509.7342201698 
2851650, 710, 2.19062849131416e-05, 9074.13491744005 
1829, 763, 2.19702961595922e-05, 37089.1410033867 
266, 451, 2.16085396948874e-05, 21839.9523490002 
2877940, 447, 2.18331077245535e-05, 34704.8008590319 
29447, 216, 2.20414820692543e-05, 13215.8475020041 
93218, 461, 2.22622943520559e-05, 22058.4915571883 
407020, 4, 1.7190696395111e-05, 9081.91613103983 
875808, 722, 2.18813592700379e-05, 17616.3067241614 
1548547, 285, 2.3467567821271e-05, 11368.3046242716 
659350, 351, 2.14004451292587e-05, 14064.7558749863 
3028808, 694, 2.31669176416078e-05, 19482.2948779459 
37928, 781, 2.19852698691876e-05, 12835.968870976 
337004, 754, 2.20813920109524e-05, 14468.7361858652 
1810, 686, 2.15299158180292e-05, 11289.3408912227 
453842, 325, 2.15401184706516e-05, 14001.760371376 
2866311, 454, 2.20220661102425e-05, 12988.2087842615 
126673, 631, 2.18871063056753e-05, 8215.67335322694 
2782004, 19, 1.33911832449515e-05, 255.596854118025 
1644131, 841, 2.22064309824125e-05, 21550.9464401033 
2604158, 734, 2.37490203529104e-05, 50579.9896710899 
1930058, 651, 2.23643601556559e-05, 12102.3952274173 
556288, 796, 2.23703637421144e-05, 19651.1677950037 
1034015, 255, 2.42195257816852e-05, 699.801210200939 
408015, 25, 1.46868758077782e-05, 24770.9473522141 
186192, 418, 2.38066896798e-05, 10900.5151780563 
34004, 314, 2.14712071112638e-05, 10527.8453343454 
2866627, 704, 2.39877182882364e-05, 25568.7734592374 
502394, 899, 2.30920217065004e-05, 43576.7633377295 
2771012, 499, 2.29573681673133e-05, 23990.9748999616 
2744523, 178, 2.16708202405461e-05, 19160.0997193291 
2838237, 158, 2.1944261575598e-05, 864.237879531966 
87, 169, 2.11765702426835e-05, 1985.00709725139 
3041765, 7, 1.68910359272334e-05, 3.22575927554575 
2987701, 128, 2.2583559168925e-05, 464.568706280128 
692370, 272, 2.12652844231792e-05, 8561.56558524892 
897, 363, 2.46633453361614e-05, 27644.7624819626 
1353889, 679, 2.25657226672684e-05, 43507.920804109 
1050, 816, 2.40124864929763e-05, 63626.4269341293 
1546107, 3, 1.62598982130372e-05, 7195.03242466253 
412963, 471, 2.27603787327021e-05, 13692.9233820402 
2999062, 875, 2.24714051369632e-05, 28552.440865189 
312306, 701, 2.22866057499443e-05, 52181.6524964815 
3069708, 793, 2.22558532894151e-05, 19895.168758805 
80869, 983, 2.30494410510545e-05, 54202.5549676602 
78331, 9, 1.26294518817883e-05, 1512.56114437993 
1259258, 710, 2.17471674314421e-05, 7256.18166996511 
2764711, 20, 2.1982853374368e-05, 1276.24501522657 
204286, 505, 2.22138303307639e-05, 31360.9413545832 
1396826, 350, 2.15160186759042e-05, 24949.8049354109 
2760083, 773, 2.2075055187638e-05, 13239.9114766505 
409290, 669, 2.36166544647285e-05, 14288.8579915972 
278153, 10, 1.30492085655005e-05, 14329.190015321 
545619, 755, 2.23074863924333e-05, 18253.7735145325 
2811421, 702, 2.27837142010891e-05, 13202.1434371463 
1634516, 272, 2.14449615062941e-05, 8945.22175412633 
53437, 752, 2.21361372440509e-05, 15841.8443365884 
2940488, 601, 2.22296320995888e-05, 16718.2240264561 
1331258, 532, 2.25484227378295e-05, 23951.6633813852 
2726189, 59, 1.58503724837534e-05, 32131.219789856 
32012, 818, 2.29789971965623e-05, 34823.5171724606 
556533, 839, 2.31846424928128e-05, 36671.0583241322 
1285901, 755, 2.17646802768467e-05, 8282.69802320172 
873, 418, 2.35776766557423e-05, 14973.7413255868 
2014, 644, 2.20833425347261e-05, 46554.1273268456 
51671, 821, 2.24577793747754e-05, 22384.1249554014 
2675523, 593, 2.19514872132587e-05, 7634.64696972356 
2663859, 673, 2.24436663973427e-05, 10011.1805967246 
2338327, 250, 2.1261215291066e-05, 6604.18917372803 
2587852, 531, 2.23944103551753e-05, 40383.978676222 
2909588, 728, 2.21395678356358e-05, 15088.9944291796 
1804990, 727, 2.24890927899969e-05, 14775.7474825326 
342113, 681, 2.24356097998744e-05, 45366.2954224927 
1073, 18, 1.42488707769909e-05, 7943.96470273835 
1763535, 314, 2.23553608155236e-05, 5551.00596030123 
2884455, 626, 2.3477485091797e-05, 33201.6651753005 
2691359, 210, 2.39194393283421e-05, 797.785881729858 
2851648, 769, 2.30856245815731e-05, 22095.3341712783 
1267766, 148, 2.10752597525765e-05, 1845.74394037446 
2065379, 319, 2.16052716862915e-05, 11016.8638187069 
1285192, 696, 2.3235280449835e-05, 22695.4302382597 
60894, 702, 2.21224255027321e-05, 11984.8599401254 
119, 149, 2.22459512368749e-05, 2912.31703753033 
2746961, 512, 2.16253622248173e-05, 25884.8197520798 
36805, 864, 2.23109703040985e-05, 24109.8483094942 
2079227, 438, 2.38066896798e-05, 8635.69119056567 
3045175, 13, 1.96668436682597e-05, 7.77736302860169 
36821, 732, 2.20366248705348e-05, 27926.2039723084 
1872427, 381, 2.21695080586162e-05, 19261.6439241894 
309887, 788, 2.29373580750969e-05, 30905.1115357564 
1069221, 706, 2.19288627691768e-05, 14956.9422923311 
1503054, 483, 2.22207408394996e-05, 19929.5991089825 
2350, 201, 2.43415607808773e-05, 12706.9051733085 
3003271, 120, 2.19245357479555e-05, 8953.15080221538 
2572090, 20, 2.25113682409617e-05, 2290.26056772801 
654, 583, 2.20950529176517e-05, 25922.9223554561 
84292, 735, 2.27951400761358e-05, 13979.5139360127 
2653850, 205, 2.1374829001368e-05, 4933.7489595625 
2712698, 268, 2.15712498382156e-05, 5307.20639667334 
2851959, 271, 2.39698938133704e-05, 8364.1101472809 
743009, 807, 2.23758698619409e-05, 19096.2858411395 
2878152, 231, 2.20784668712605e-05, 4827.08286328367 
1930273, 328, 2.36501667336755e-05, 7633.00557437744 
1851167, 32, 1.3468557652161e-05, 23842.0025014381 
195105, 327, 2.18914185639229e-05, 15656.9445744848 
1009682, 471, 2.32623057597469e-05, 24239.6047370058 
104663, 42, 1.59838882406534e-05, 46381.0955396166 
1917485, 502, 2.2095541119802e-05, 28099.2705171292 
400061, 546, 2.30160191493279e-05, 32120.9634239387 
2294034, 755, 2.19770559535845e-05, 31294.9550624476 
2773299, 425, 2.39526695250186e-05, 30517.7247179174 
317577, 901, 2.34033092279248e-05, 63296.4407783848 
1564506, 233, 2.12725222829671e-05, 5643.42836160871 
2994664, 712, 2.20162479910174e-05, 9698.06243662136 
2968086, 711, 2.23045010483115e-05, 13481.740005253 
1225769, 1000, 2.35865745217822e-05, 63419.1781172189 
2692330, 337, 2.2000264003168e-05, 10143.7962359331 
2744522, 145, 2.19034059796298e-05, 12935.0032821635 
1903186, 803, 2.21813100281703e-05, 19888.2480676713 
2054, 771, 2.21650855572303e-05, 18055.7995445064 
2795779, 247, 2.35343955190511e-05, 3666.19854023138 
117567, 589, 2.182405447284e-05, 5839.40488797353 
1748, 700, 2.19901044529962e-05, 10517.4080845424 
2654218, 215, 2.43125623009409e-05, 3739.87232896002 
75385, 824, 2.21926320461607e-05, 21914.3466358159 
1913979, 597, 2.28979666605605e-05, 13205.7632081466 
261284, 117, 2.45754589466958e-05, 1334.15198338362 
1310165, 479, 2.25372427937166e-05, 60203.1303792049 
1793722, 762, 2.22538721737582e-05, 15786.6616782967 
28099, 4, 1.26241904737859e-05, 17.1644444872523 
702113, 109, 2.11358400439625e-05, 1587.35531074964 
3064529, 710, 2.22251855802996e-05, 16639.429351487 
33069, 445, 2.23214285714286e-05, 22068.0139995553 
2593973, 725, 2.25682690137666e-05, 14642.3169036877 
2932245, 707, 2.2583049163298e-05, 13025.0005941884 
1788, 709, 2.24623194591073e-05, 12743.9558039719 
2952527, 287, 2.31959360720002e-05, 7480.18833431039 
1660, 810, 2.30473161400355e-05, 25003.1513066986 
1136941, 747, 2.21097083729466e-05, 15163.6356783945 
2803845, 337, 2.45332548269179e-05, 3676.6055213453 
1915078, 387, 2.18665267208957e-05, 20077.749330967 
2665643, 771, 2.2204458655298e-05, 18556.8082722528 
2798724, 294, 2.17429118107497e-05, 12470.4039600413 
162426, 707, 1.99286554136192e-05, 8776.87103622077 
329, 128, 1.87430884861207e-05, 542.48408882194 
193, 112, 1.94269062651773e-05, 21209.1461682341 
114686, 461, 1.91350937619594e-05, 34054.6945567468 
68280, 72, 1.35407780531069e-05, 7730.20933150308 
212767, 497, 1.90020142135066e-05, 6848.6479171306 
146937, 805, 2.18880644384617e-05, 14142.6843211555 
190721, 141, 1.89071658158442e-05, 7737.91108045816 
1273155, 351, 2.12969864764136e-05, 3717.06648273613 
2782660, 26, 1.36137771424682e-05, 840.994387671753 
1663, 689, 1.98503285229371e-05, 10724.1959164093 
1920, 45, 1.71370794989118e-05, 44392.9780654627 
3072793, 281, 1.86501053730954e-05, 9801.66219902261 
1654, 714, 1.95534003363185e-05, 18389.1936600707 
1061, 296, 1.8627524029506e-05, 7105.95144851235 
2071607, 181, 1.91710440550592e-05, 2619.3526184335 
32046, 160, 2.37682123927459e-05, 3380.30452956785 
2708082, 619, 1.95320129692566e-05, 8558.37108528999 
318424, 662, 1.96908535985035e-05, 10582.003749365 
2995166, 231, 1.91197277350771e-05, 6276.8733610912 
53451, 236, 1.90247893004585e-05, 99052.7463824147 
1288494, 229, 2.39561124020794e-05, 1363.23840739122 
42881, 206, 1.88903791299091e-05, 30800.5131270525 
2748098, 345, 1.93569617312867e-05, 10765.4367462602 
29449, 132, 1.87715873254242e-05, 1232.20194496523 
1261031, 14, 2.07232411149104e-05, 969.709582791126 
2726118, 69, 1.81537623672506e-05, 441.822527361861 
463014, 542, 1.98491464867011e-05, 19264.2087575313 
1592790, 89, 1.43562650740783e-05, 14307.3238470112 
1871049, 2, 1.54076082769672e-05, 0 
1085, 249, 1.88005264147396e-05, 18900.2483739123 
2662065, 102, 1.52725384486155e-05, 27971.0254427555 
2952477, 81, 1.87017261693254e-05, 281.828914349666 
398694, 17, 1.26599906316069e-05, 781.068521765357 
447217, 642, 2.09626027167533e-05, 10453.3717706536 
2099693, 677, 1.95951639135461e-05, 8058.11124747826 
155177, 83, 1.3890625217041e-05, 13472.6966018975 
2969308, 56, 1.89007333484539e-05, 2060.25062993081 
2973977, 634, 1.93580858724689e-05, 12458.3452325431 
70411, 24, 1.50740891481632e-05, 86689.2682503192 
2816950, 655, 1.99972003919451e-05, 13476.5956418278 
293, 74, 1.45490521292538e-05, 15066.5523334748 
266062, 70, 1.90407281174432e-05, 2441.11622742591 
323620, 129, 1.89404701024679e-05, 11289.4259783531 
146922, 28, 1.35328984761956e-05, 1508.91139291784 
2591145, 654, 1.94814049989285e-05, 10772.3053014089 
758793, 253, 1.9340115267087e-05, 47384.0744778513 
1954171, 23, 2.19731927049e-05, 4945.49765943879 
3016006, 233, 1.89053785802061e-05, 4673.72855315956 
402297, 625, 1.99497266887444e-05, 6804.8873227177 
321984, 681, 1.97090937758682e-05, 10604.7351846903 
37332, 614, 1.98834827908456e-05, 5659.23744021722 
963, 453, 1.96417347580138e-05, 4767.70657004203 
2006110, 84, 1.93772162691108e-05, 5727.6063896228 
1664560, 66, 1.92707931858475e-05, 1037.68277555297 
1826607, 396, 2.04582651391162e-05, 12847.0673327313 
2995142, 70, 1.91589232685123e-05, 3786.120557766 
1593482, 656, 1.95236235845373e-05, 9068.64716719295 
2898276, 92, 1.56318389295317e-05, 81938.2557962602 
1768242, 293, 2.04565911136568e-05, 2525.80785863325 
1325111, 24, 1.3877902216301e-05, 2257.63455977318 
33051, 89, 1.53277846752809e-05, 44136.5279614501 
225194, 142, 2.20283725438365e-05, 3955.03086198332 
1768, 18, 1.27552647355196e-05, 7778.51431643711 
2926709, 83, 1.91596574253252e-05, 15739.6975206646 
43767, 641, 1.91354599207792e-05, 14011.9659020919 
1842534, 187, 1.91237497848578e-05, 11205.861802566 
2061, 625, 1.92715359414145e-05, 15805.3097027219 
2970464, 666, 1.97184209488504e-05, 9905.43352759323 
56448, 79, 1.90146603030937e-05, 3689.74517442625 
353, 996, 2.13210524071468e-05, 52349.6370229787 
111831, 195, 1.86619389754595e-05, 5796.34510875645 
2758041, 273, 1.92189421894219e-05, 8675.45243746366 
2963431, 728, 2.12481142298621e-05, 8510.84580345154 
186931, 561, 2.15169445938677e-05, 12906.0226075439 
2909283, 21, 1.32283881209075e-05, 2905.62231963606 
83455, 464, 2.05888408482602e-05, 13068.299059093 
1719132, 17, 1.26599906316069e-05, 781.068521765357 
748280, 765, 2.07537771874481e-05, 25947.7278099642 
1858653, 722, 2.00916177770634e-05, 11487.1274953002 
1573, 648, 1.91603916384051e-05, 17513.0965110004 
216465, 332, 1.960399921584e-05, 2571.35513551901 
2728835, 107, 1.87178287318671e-05, 683.790228690928 
56454, 2, 1.54076082769672e-05, 0 
1177, 30, 2.22454563655373e-05, 15632.7887071691 
2202826, 368, 1.88263644407628e-05, 17550.1699933218 
216929, 689, 1.98082560811346e-05, 9661.00637321756 
412690, 591, 1.90081544982798e-05, 9698.9422034078 
67345, 84, 1.87927535142449e-05, 10483.427645447 
1851544, 910, 2.05706292555489e-05, 48904.2818695352 
2675225, 106, 1.88725536452337e-05, 14847.6168765399 
209247, 581, 1.951447974397e-05, 7472.03404807233 
2877941, 343, 1.95848021934978e-05, 3842.60183911535 
515361, 212, 1.93303951132761e-05, 7630.75246840736 
1192162, 639, 2.22143237959837e-05, 19711.2617698677 
2752515, 77, 1.50529865125241e-05, 22049.5538789392 
1697043, 614, 1.98055098928522e-05, 27316.3114313851 
173366, 236, 1.93333848890264e-05, 8564.10589513174 
2282397, 91, 1.53200355424825e-05, 66255.2314581912 
716925, 275, 2.02815073216241e-05, 6564.05254796486 
2762322, 608, 1.95121951219512e-05, 14347.5332231659 
2991074, 84, 1.53268449689631e-05, 32336.9672421126 
1866325, 44, 1.41616982708566e-05, 1963.97588643366 
311182, 512, 2.19428170188489e-05, 12177.2408161605 
283811, 627, 1.95000195000195e-05, 9972.56976597633 
34, 350, 2.01474795503083e-05, 8691.09445033849 
313985, 15, 2.09117524048515e-05, 2.69970595338532 
1835, 616, 1.95966999157342e-05, 9346.77946531278 
445709, 382, 1.95507243543373e-05, 78957.4235558023 
3026423, 20, 1.32191201353638e-05, 2933.59810544257 
2025349, 8, 1.52320604408158e-05, 19402.4697464858 
290399, 518, 2.16872695727608e-05, 1132.43284557585 
1817965, 364, 1.95702375826843e-05, 17345.3176689273 
84566, 67, 1.50403080255084e-05, 8942.21444819841 
128780, 84, 1.92678227360308e-05, 4374.03747519876 
2498452, 266, 1.90269612040261e-05, 6801.96459046431 
192812, 186, 1.89559085566971e-05, 57732.6564824638 
2283195, 696, 1.997044374326e-05, 8241.0973633069 
76890, 20, 1.38066244183959e-05, 16611.3480153858 
53408, 809, 2.08120876605132e-05, 19845.6256162479 
675864, 637, 1.96637498771016e-05, 9123.52297405552 
1869241, 16, 2.13899167932237e-05, 481.714528566807 
2742145, 224, 1.92845434384341e-05, 50033.9007030164 
1090615, 642, 2.0082740892477e-05, 5972.4054624313 
364317, 504, 2.0046106043901e-05, 9536.33003278154 
444444, 296, 1.92211586514435e-05, 10756.2484828933 
152480, 275, 1.89908274303511e-05, 34735.7825522485 
2764186, 255, 1.92830559787115e-05, 3723.5848768761 
2995170, 171, 1.90081544982798e-05, 5685.70184555789 
2799325, 100, 1.94201153554852e-05, 2177.77793562548 
2819238, 672, 1.94337019258799e-05, 17389.2430679807 
2714945, 33, 1.83583925391493e-05, 10.9347721496653 
1416803, 492, 1.99429631254612e-05, 14098.1894272867 
2498704, 724, 2.02971502801007e-05, 9431.37089491533 
1229727, 407, 1.98247492169224e-05, 16606.864434228 
2732163, 34, 2.34615113905638e-05, 7.4401223698971 
293089, 283, 1.94715423408688e-05, 10470.2591874147 
2789856, 415, 1.98023723242044e-05, 21554.428469691 
2653851, 797, 2.09757939338004e-05, 21309.5251398682 
53462, 569, 1.92626266517702e-05, 12418.6820894897 
2820808, 92, 1.91795009493853e-05, 6757.61169016352 
2419771, 552, 1.95897898015554e-05, 7373.28209443828 
2233999, 288, 1.92741360368521e-05, 8045.62068312371 
2778902, 67, 1.5148760831364e-05, 7958.93106479057 
2761107, 59, 1.93247917753686e-05, 402.155995906189 
2755382, 610, 1.95625806956454e-05, 7013.17409974007 
3031131, 67, 1.8071744826963e-05, 123.909179572313 
57704, 638, 1.96834894890166e-05, 9473.53884332634 
80860, 129, 1.91519515838664e-05, 49189.7160203626 
80880, 648, 2.05389418337167e-05, 15025.3393037967 
341045, 474, 2.02302199024903e-05, 8122.27578792964 
1069, 281, 1.92045476368804e-05, 6452.187967045 
47857, 639, 1.94700258951344e-05, 10491.3604009196 
521689, 645, 2.1381227282446e-05, 18782.0946385692 
1758194, 381, 1.97203652211639e-05, 7432.70130564593 
2024551, 918, 2.13670648063076e-05, 41686.5041473625 
2675222, 644, 1.95053444643832e-05, 12277.7317744494 
1545044, 580, 2.02044692285934e-05, 28844.8720972107 
2382165, 538, 1.96463654223969e-05, 3435.13760179026 
1911175, 577, 1.96205387799949e-05, 5945.94425754286 
659012, 665, 2.0236360692893e-05, 7121.7075255769 
332055, 93, 1.53275497378989e-05, 73203.8989503719 
121428, 5, 1.36293630998623e-05, 5187.90020408974 
234612, 80, 1.8831327796923e-05, 6818.98191326851 
296544, 78, 1.53015163802733e-05, 20677.1520664883 
2603277, 83, 1.96583380840984e-05, 215.880439591956 
2497863, 425, 2.03380178567797e-05, 5015.21439347186 
2527972, 214, 2.11685012701101e-05, 1779.84384745584 
68232, 30, 1.67577169286456e-05, 25975.6062192453 
2025949, 81, 2.13133272235129e-05, 112.325605090628 
2904523, 638, 2.05187130663165e-05, 8931.50706729813 
2918765, 83, 1.5323791719023e-05, 22264.7998469843 
894, 342, 2.34252383518002e-05, 10429.1028369836 
1162, 27, 2.26351886642975e-05, 6136.93848147148 
2804617, 185, 1.90803281816447e-05, 3236.09464231398 
1823, 580, 1.9750745590646e-05, 4829.304360413 
2818388, 502, 2.11882362912111e-05, 17041.4431747188 
284035, 81, 1.83240796730984e-05, 3115.06158050507 
379684, 87, 1.9133263178035e-05, 399.44764662407 
68239, 28, 1.36494547042846e-05, 36908.1108677612 
279113, 299, 2.01759341457509e-05, 3838.85952550465 
3039156, 8, 1.48361348901384e-05, 4653.31697368968 
3015151, 690, 2.00477135582687e-05, 14016.0000613626 
2782674, 35, 1.52010336702896e-05, 52889.2605337483 
2861282, 720, 1.99940017994602e-05, 10892.7759183212 
2765360, 675, 2.0081934291911e-05, 15499.0119215363 
3041435, 17, 1.35356461240677e-05, 7018.25447051969 
2020, 611, 1.96013093674657e-05, 8052.66959756848 
436515, 574, 2.03877754898163e-05, 16352.7838096575 
3064901, 82, 1.51400454201363e-05, 11597.525765109 
2063, 552, 1.97114247417803e-05, 9410.47571642518 
94624, 490, 2.07026478686624e-05, 15150.9549814971 
3038927, 82, 1.52958991694327e-05, 30517.0369497909 
2527979, 329, 2.09174388687849e-05, 7143.50942706592 
2795974, 344, 2.11318202950002e-05, 6186.87663753465 
1678, 837, 1.99972003919451e-05, 44572.0600290699 
2716812, 607, 1.97526962430372e-05, 4792.48094435494 
2743470, 430, 2.03086921202275e-05, 7892.42765527151 
3026420, 73, 1.48634789458821e-05, 9236.74257210173 
48935, 79, 1.91219213706593e-05, 15165.9451938838 
53362, 551, 1.95247671671515e-05, 6805.26473752488 
2762748, 71, 1.92148800030744e-05, 31164.3261429675 
2704467, 713, 2.02959144324248e-05, 9089.18219885578 
1746199, 499, 1.96753566158387e-05, 21939.6965005719 
1495650, 343, 2.20599589684763e-05, 7119.82158013566 
3025666, 58, 1.50276508776148e-05, 6627.77014706388 
1379903, 456, 2.03649397197784e-05, 19472.454676265 
31958, 568, 1.96263149631025e-05, 4446.15245453399 
1618022, 4, 1.88618744930871e-05, 3.61282821778866 
2014887, 700, 1.99545037314922e-05, 13896.8439400847 
83681, 634, 1.99191283389439e-05, 7125.98557004261 
29311, 15, 1.2257155114298e-05, 18.5787714503274 
2984338, 589, 1.97289245763213e-05, 4698.72555199875 
1828, 632, 1.96904658764226e-05, 9905.91748963919 
2986923, 168, 1.92440920637364e-05, 17091.5288277659 
2738409, 20, 1.26922881657105e-05, 3880.35036345022 
3065910, 760, 2.03603787030439e-05, 16884.4023202924 
3061627, 657, 1.96947316592811e-05, 10448.5187517448 
47858, 615, 1.94227557005788e-05, 11932.5423025343 
2840373, 77, 1.40851021874164e-05, 3588.07162145561 
444103, 69, 1.38329805923282e-05, 2052.93354030805 
2759707, 280, 1.93982657950379e-05, 9973.89266211573 
2509458, 638, 1.95423188915597e-05, 10975.4983471026 
1286180, 589, 1.95140989364816e-05, 6814.81656572464 
2949090, 651, 2.05149246076521e-05, 18625.0713674374 
108010, 772, 2.1805970474716e-05, 24546.1221830527 
1277350, 173, 2.34852043212776e-05, 2664.11964402766 
3049070, 703, 2.18197687104517e-05, 6063.51510754911 
1138383, 20, 1.36636287865331e-05, 93686.448270709 
41899, 321, 1.94829232177996e-05, 52321.7418600188 
103855, 462, 2.03769740193581e-05, 11304.3825713216 
1571470, 73, 1.93633335915111e-05, 367.258620893023 
2813577, 682, 2.12008141112619e-05, 29130.488416793 
110505, 17, 1.22597096900745e-05, 52.1591998323889 
93221, 844, 2.08594075928244e-05, 40323.5522237748 
1877, 649, 2.01743060038735e-05, 7426.70734185899 
152682, 77, 1.53151083543916e-05, 15944.7540355964 
3018339, 674, 2.04720863103159e-05, 6198.45680994559 
2109913, 760, 2.07701574377934e-05, 20444.7393901298 
2884874, 48, 1.89746119691852e-05, 232.423900510551 
66892, 480, 1.94571456367351e-05, 31960.1498893809 
3026192, 63, 1.38615508303069e-05, 2238.19781999251 
68175, 62, 1.35932360057635e-05, 2501.82159976632 
1962974, 491, 2.12679980433442e-05, 10131.3540168165 
67581, 512, 1.95247671671515e-05, 28766.8142480485 
1552759, 610, 1.95049640133414e-05, 7318.02531048217 
146919, 409, 2.11590952370877e-05, 9238.13539013297 
187303, 242, 1.9698999290836e-05, 9564.16093782774 
37921, 670, 1.98593954800016e-05, 7732.72422458267 
1988, 620, 1.98898104501064e-05, 9156.38329964696 
913107, 125, 2.29489386115892e-05, 17607.5483343939 
2565782, 145, 1.98511166253102e-05, 4155.09752565447 
3019602, 76, 1.93708352704169e-05, 279.794477827703 
39775, 893, 2.23074863924333e-05, 28664.8542137751 
2734, 674, 2.16277007591323e-05, 10990.7850838368 
2508168, 112, 1.96978352079106e-05, 3646.72328831161 
2591109, 720, 2.12784066729083e-05, 26018.0628870787 
66374, 76, 1.87941662907833e-05, 7065.34588384575 
1641402, 655, 1.99207155521026e-05, 7386.65290442417 
436397, 80, 1.90273232361671e-05, 24970.0099032103 
555315, 163, 1.90974543093406e-05, 1665.59259692065 
563835, 4, 1.87694733285784e-05, 1755.06609110088 
1961362, 77, 1.51853370385556e-05, 15149.2496742917 
2072590, 705, 1.98267145151377e-05, 15991.0974767073 
2567934, 778, 2.1151039573595e-05, 8561.50219413152 
1082851, 440, 2.01515395776237e-05, 10349.3959504431 
1555112, 671, 2.15940745859336e-05, 21175.7631399913 
1286181, 578, 1.94833028094923e-05, 9225.22381337361 
2008795, 419, 2.26474917902842e-05, 2560.04972823977 
1800, 606, 1.96904658764226e-05, 4833.13973713487 
225991, 345, 1.99012896035663e-05, 5488.43680999836 
2839983, 598, 2.04127457184266e-05, 12826.1175171271 
2094119, 16, 1.22609122118686e-05, 691.346821565632 
1112, 266, 2.15100021510002e-05, 2716.27965822714 
171865, 398, 2.14169450869528e-05, 4847.22481356422 
94254, 111, 2.29584222972197e-05, 2858.73891617381 
39695, 623, 2.00216233532215e-05, 5981.19508544681 
709879, 608, 1.98459950781932e-05, 7980.21599812536 
980254, 304, 2.14371462870863e-05, 6731.60040099043 
1458461, 60, 1.5023812743198e-05, 24896.8260094623 
2341112, 232, 1.93318898855552e-05, 4485.89904671851 
3038773, 485, 2.05587878538681e-05, 23565.7682642155 
482462, 611, 1.99119890085821e-05, 7351.41137075773 
1133546, 673, 1.99278611426636e-05, 6823.68308510221 
39960, 229, 1.93016657337528e-05, 8721.03066223414 
1579979, 567, 2.14647548724994e-05, 22570.4800444462 
28231, 53, 2.24099679537458e-05, 162.69988402827 
293958, 6, 1.47349188105974e-05, 16240.9266849933 
119484, 199, 2.29095074455899e-05, 3194.33301906201 
551759, 702, 2.26121562952243e-05, 15973.6941883394 
3028312, 440, 1.99525130190147e-05, 8488.47296288036 
94625, 4, 1.31608386086361e-05, 58.9074040353972 
2966192, 403, 1.97001635113571e-05, 39157.2380312221 
2811104, 57, 1.8637244669748e-05, 90556.9813799647 
632569, 675, 2.01102039174677e-05, 9905.55977485772 
964, 339, 2.03861129798381e-05, 4064.05963974996 
1714373, 705, 2.00561572402728e-05, 11513.9067146944 
2026624, 194, 1.943407960199e-05, 7747.92516868585 
2725414, 73, 1.52095881243536e-05, 28628.0912125165 
2527978, 175, 2.08398457851412e-05, 3110.37312570993 
2604832, 882, 2.29594765239353e-05, 28166.3946338432 
319706, 552, 2.02474235153577e-05, 4888.5571992128 
2575374, 518, 2.20468274615283e-05, 3604.75544197396 
2698673, 132, 1.93802205469098e-05, 34537.7838495366 
1648182, 357, 1.9490137990177e-05, 25889.0324168299 
285665, 608, 1.98507225663014e-05, 5708.093981919 
49, 316, 2.12988008775106e-05, 6732.64057771453 
2938948, 228, 1.94685096855836e-05, 16945.5728624697 
126, 57, 1.9780437147661e-05, 826.925207970922 
135613, 244, 2.21170433936391e-05, 5564.29609580382 
135719, 29, 1.48822811560556e-05, 2498.68647768767 
2654191, 722, 2.02819186695061e-05, 12160.5381372853 
261654, 661, 1.98941630525604e-05, 9530.5496961895 
1071679, 239, 1.98661024693565e-05, 189404.905965456 
1522758, 69, 1.50412129234101e-05, 21087.186407667 
3029053, 54, 1.5152433480817e-05, 3032.58989906072 
2806346, 87, 1.96367206676485e-05, 914.49070834107 
2782169, 701, 2.09428469706172e-05, 6401.95125307477 
2987751, 686, 2.02950906175796e-05, 8282.93511611853 
2927875, 67, 1.56171914042979e-05, 90477.3886944151 
1385591, 350, 2.00654132471858e-05, 4098.66469350704 
1807358, 4, 2.03898540086453e-05, 0 
139208, 729, 2.03649397197784e-05, 8338.91348888897 
1791, 683, 2.00228260216647e-05, 10107.9302591947 
370526, 647, 1.98404825205349e-05, 6788.08849541147 
47865, 689, 2.02240828378433e-05, 8971.78463801606 
160699, 7, 1.36028511576026e-05, 5249.15416032178 
72763, 721, 2.01081820192636e-05, 12843.5761917813 
258505, 535, 1.98779493907409e-05, 3286.53149306677 
1766, 573, 1.97526962430372e-05, 4916.65986245313 
570, 371, 1.95978520754125e-05, 17064.7481746714 
2759954, 20, 1.32074225714852e-05, 4864.17278401022 
2762325, 696, 2.06436696187114e-05, 10227.2671701185 
2041, 692, 2.02691746392087e-05, 8802.76392199645 
84595, 626, 2.01767483152415e-05, 6416.93138014253 
41276, 78, 1.50394032364796e-05, 19367.5329453329 
47759, 61, 1.50704543741994e-05, 28185.8737430931 
1325107, 25, 1.36061826493959e-05, 559.75047621027 
2775404, 97, 1.99473390249741e-05, 152893.078248491 
68249, 81, 1.94261514851293e-05, 8964.44827503826 
47671, 548, 2.20249763231505e-05, 15510.8113881539 
46351, 627, 1.99100067694023e-05, 6097.5538266798 
1756988, 298, 2.00823375840948e-05, 7798.48366781857 
2829815, 250, 1.97687061381833e-05, 11698.4490813129 
40566, 651, 2.01336876862366e-05, 6238.40988237792 
180282, 440, 2.04281745383233e-05, 8289.46559578934 
2321403, 45, 2.06906540315739e-05, 144.903681767711 
2060312, 197, 1.98736038793275e-05, 140391.454982145 
1431246, 505, 1.95832680557731e-05, 3910.07722492079 
1715720, 770, 2.08776984425237e-05, 21014.0754079104 
2184083, 680, 2.28948211914465e-05, 14077.1177995465 
2812648, 428, 2.13803130077824e-05, 5692.89776940729 
2575440, 666, 2.07511931936086e-05, 5947.37177527603 
1275, 783, 2.06432434664134e-05, 12292.5183439138 
47872, 657, 1.98672865260063e-05, 8912.17838523801 
2983246, 594, 2.24502166445906e-05, 25331.0709188949 
65741, 467, 2.01840787986436e-05, 12031.7145628207 
388459, 4, 1.16123787957963e-05, 596.043639929511 
1771, 608, 1.98763689849138e-05, 4922.16608300993 
455344, 666, 2.02232648438764e-05, 8001.2364562853 
2724914, 597, 2.03264426692685e-05, 4911.63381688668 
2782168, 719, 2.11260166895532e-05, 8166.02730499717 
238749, 826, 2.09916453251606e-05, 23430.0701362944 
3031712, 277, 2.07438753707968e-05, 8862.93736197002 
2498135, 673, 1.98499344952162e-05, 8950.36367353766 
68278, 62, 1.51941046873813e-05, 110811.91865231 
2932247, 763, 2.06155812563135e-05, 14358.4548999596 
50338, 136, 1.96924046395305e-05, 2212.31739523221 
3068889, 414, 2.20007480254329e-05, 9449.80024632678 
1763828, 331, 1.97320389115807e-05, 11401.2570286811 
2691357, 166, 2.18192926185333e-05, 1768.50034110736 
186817, 173, 2.20307990570818e-05, 1797.78556986537 
1432792, 561, 2.20278873053285e-05, 19865.7636060536 
2589797, 723, 2.03165315617318e-05, 12100.4745960043 
2597701, 881, 2.13702611445912e-05, 22030.4322619762 
131568, 693, 1.99832141001559e-05, 9377.19152886526 
2082188, 89, 1.53190967860535e-05, 47283.4596592456 
280, 340, 2.02265372168285e-05, 9911.36286028288 
1858, 630, 2.00883889112093e-05, 6619.47345207967 
1894, 580, 2.01519456703545e-05, 18141.3038919268 
1896164, 230, 1.99092139842319e-05, 9478.25229704891 
