degrees , closeness , betweenness
99179, 43, 6.40725814202328e-06, 15.4147869073165 
99585, 33, 6.59308780674341e-06, 172.952922538782 
39956, 1, 4.40076925446568e-06, 0 
374432, 4, 4.71295733359726e-06, 15052.2 
3025190, 3, 4.16647570319694e-06, 0.5 
269660, 5, 5.07269167165481e-06, 22573.7936507937 
2603276, 5, 5.07269167165481e-06, 22573.7936507937 
13687, 3, 4.71293512173511e-06, 0.2 
477641, 2, 4.16645834374948e-06, 0 
446679, 5, 4.44521494836883e-06, 30100 
1306274, 4, 4.44519518852073e-06, 15049.5 
2894310, 9, 5.35589952332494e-06, 950.985379382789 
2202828, 14, 5.49169929651332e-06, 31410.5714387286 
2984843, 15, 5.49172945544011e-06, 42943.4308264647 
334852, 14, 5.45914105874582e-06, 20.292470818375 
2675878, 10, 5.65029212010261e-06, 24.8677883844274 
1618022, 4, 4.76381028601917e-06, 75240 
1523415, 22, 5.66184089094728e-06, 311.208498110234 
2202825, 17, 5.49212155163418e-06, 99.1492572638247 
185951, 30, 5.81770793942602e-06, 8337.84467534298 
41297, 8, 5.26360114535961e-06, 2.58205130443034 
2851567, 2, 4.16645834374948e-06, 0 
861299, 3, 5.47033981750946e-06, 0 
1397703, 3, 5.13146821568587e-06, 42529.0585643067 
1484116, 4, 5.64987711517274e-06, 0 
270351, 32, 5.74023156094117e-06, 128.429476257834 
410, 28, 5.70916377878132e-06, 6705.97062546904 
1177, 4, 5.13149454778704e-06, 47747.4414356933 
89966, 39, 6.04770429145097e-06, 10748.1616174886 
408, 37, 5.9436070562503e-06, 31961.5111979571 
1873, 3, 5.47033981750946e-06, 0 
1839, 1, 5.31883772757977e-06, 0 
119045, 30, 5.71585349124331e-06, 7926.3128537649 
85006, 1, 5.31883772757977e-06, 0 
31998, 32, 6.13451770421809e-06, 20236.5032181826 
3018036, 42, 5.94632843950503e-06, 36360.760726729 
114616, 38, 5.94353640416048e-06, 2182.48102387181 
1549858, 47, 5.94685886914532e-06, 12714.919986856 
2897332, 31, 5.81054148436093e-06, 775.052124777501 
223967, 35, 5.9418059525012e-06, 23742.3967735522 
2576902, 4, 5.44176226029037e-06, 6664.40452574148 
2219696, 41, 5.94629308089337e-06, 18487.4509102452 
1261031, 6, 5.56059097960931e-06, 113715.166686205 
642780, 23, 5.66177677878872e-06, 698.454136184168 
80840, 2, 5.40996732379736e-06, 0.142857142857143 
2849501, 8, 5.7817170543308e-06, 31532.791753751 
2051553, 50, 6.24375624375624e-06, 11110.7060723693 
2759526, 36, 5.82479030754893e-06, 10377.4869912412 
424800, 44, 6.06847669098103e-06, 1539.41952815207 
1178, 6, 5.92666346626839e-06, 18980.3869472583 
2712223, 3, 5.96153616863994e-06, 0 
125216, 38, 5.98573001963319e-06, 3627.98806217063 
674703, 10, 5.75185353480159e-06, 259.018663935612 
2884022, 9, 5.44953188521106e-06, 4.72214552396411 
191495, 9, 5.44953188521106e-06, 4.54158996840856 
2768162, 48, 6.1876593322278e-06, 13721.1017302114 
2937788, 45, 6.09492232021503e-06, 3129.05166491356 
2596913, 45, 6.09492232021503e-06, 3129.05166491356 
1750527, 44, 5.98594500113733e-06, 4485.7047975635 
2653203, 47, 6.1876210453367e-06, 13953.7435763147 
264686, 6, 5.92666346626839e-06, 18980.3869472583 
28056, 8, 5.9508578161542e-06, 28774.9262395155 
2782641, 7, 5.80197847465986e-06, 1.96560512447633 
1775910, 62, 6.36504824706571e-06, 14814.7964110453 
1484118, 13, 6.61800228982879e-06, 394.838420080288 
2812560, 12, 5.75967192908692e-06, 77.85364171316 
504468, 33, 6.10228652676158e-06, 2410.25917497902 
2872652, 57, 6.23091781419403e-06, 11478.0040991344 
204525, 43, 6.23014142421033e-06, 3421.86899110725 
257708, 46, 6.2436392924708e-06, 13960.1983787194 
204457, 31, 5.94127642382689e-06, 405.379321802738 
35754, 14, 6.41338087786357e-06, 1587.7180100248 
2202827, 72, 6.45473616265935e-06, 25612.5771835977 
155894, 1, 5.34696452823732e-06, 0 
28214, 60, 6.27332894200307e-06, 12004.2067251536 
1855912, 9, 6.13120784794605e-06, 28.9503372648833 
2972485, 55, 6.26001602564103e-06, 4769.79294280774 
2955313, 4, 6.49439209242819e-06, 0.0909090909090909 
433, 57, 6.27317152732907e-06, 6897.84798017957 
56, 19, 5.81023763871942e-06, 294.555930636944 
2932250, 62, 6.75725898546514e-06, 1460.05924038881 
2202826, 69, 6.51627112900914e-06, 11334.1233264035 
1705399, 66, 6.7444526876644e-06, 6193.96622495129 
2782665, 10, 5.91884085420711e-06, 6.52520792723662 
1437360, 14, 5.88914277637747e-06, 252.648106184532 
2997333, 12, 5.80959629115373e-06, 145.10652328502 
2949664, 17, 5.9310573889113e-06, 5090.94407195091 
2899123, 56, 6.24422409271424e-06, 10881.7995274505 
2681549, 47, 6.21766812574612e-06, 3698.42221557985 
1161, 5, 5.81496772692912e-06, 33616.8554609467 
2735134, 69, 6.44292534582402e-06, 13660.5507636054 
2070, 15, 6.15615708050407e-06, 4340.7533784412 
85007, 8, 5.85630958795006e-06, 35.6468165924283 
2572090, 9, 6.06777706987045e-06, 127859.933371007 
13689, 68, 6.46822162714583e-06, 9660.72924994028 
2615203, 12, 6.61642593903625e-06, 272.006542521962 
496014, 15, 5.91537465025347e-06, 10765.1645635131 
2802971, 20, 6.35130328743458e-06, 26390.6536367197 
2675877, 11, 6.61638216223369e-06, 271.915633431053 
2890321, 61, 6.46195202646816e-06, 37744.7613786402 
1827, 13, 5.85353289978166e-06, 1741.66535439311 
2768161, 64, 6.47777475481623e-06, 17555.0048915828 
379, 20, 5.99387426050576e-06, 92.290761755646 
272131, 9, 6.50605388313826e-06, 64821.5826930952 
406548, 18, 6.56258408310856e-06, 8637.71319690308 
35753, 26, 6.60510706878559e-06, 375.120613276998 
1861, 17, 6.31189603044859e-06, 39075.8268004928 
1560345, 69, 6.52762818629851e-06, 14938.6799205796 
1894999, 36, 6.296000151104e-06, 34782.4960771829 
32008, 20, 5.88938556040448e-06, 16667.124244191 
2771361, 69, 6.47794260542852e-06, 25602.8530383047 
2057025, 51, 6.25856641277749e-06, 2783.74157892091 
2949093, 56, 6.3409530452427e-06, 34546.4476626419 
1762, 15, 5.92434610029918e-06, 11078.3334415544 
2282523, 68, 6.52758557664691e-06, 11939.6991852229 
196914, 28, 6.60366767702782e-06, 216.427165066204 
33882, 9, 6.05238948336803e-06, 1163.35881517816 
2528023, 28, 6.34703022455793e-06, 3092.48292860814 
1379870, 67, 6.78278799717836e-06, 2317.13785989006 
1390395, 67, 6.73518595848431e-06, 34543.7075861668 
2527974, 24, 6.69155926714043e-06, 10939.5892480708 
2576903, 6, 6.41630254149744e-06, 1726.2911899969 
1813, 8, 6.22018200252539e-06, 1537.60812403485 
649831, 26, 6.70834786808705e-06, 533.702105209932 
114, 2, 6.22502209882845e-06, 0 
68287, 26, 6.22002724371933e-06, 2968.64982532911 
1813468, 73, 6.60384211534271e-06, 13922.8433842207 
165695, 60, 6.52205105461566e-06, 123739.389516125 
1850093, 19, 7.19605656100457e-06, 34131.8251284639 
418223, 40, 6.66102699714242e-06, 62.5341725628743 
399176, 67, 6.80091676357973e-06, 8863.95337161382 
925818, 85, 6.99652972125826e-06, 43590.9459551905 
563996, 65, 6.60449634110903e-06, 9309.10842816849 
41294, 20, 5.99207847225967e-06, 170.497045222916 
3038924, 41, 6.72875060558755e-06, 93.7637716631614 
584, 4, 6.232976183798e-06, 57069.3611077498 
1961362, 62, 6.69545713233571e-06, 385.520426570976 
1076, 22, 6.07511269334046e-06, 114.941342368281 
1609977, 78, 6.8472983984169e-06, 22563.0244068855 
2836373, 25, 6.68815794753809e-06, 338.717995722432 
433659, 33, 6.58778887454215e-06, 11658.7567125637 
56438, 26, 6.70834786808705e-06, 533.702105209932 
1541170, 80, 6.77382863568317e-06, 52130.1029137896 
1484109, 47, 6.80091676357973e-06, 3011.96265698074 
138336, 17, 6.54005127400199e-06, 13979.202746494 
1517551, 69, 6.76979318281827e-06, 8461.87186717203 
119060, 22, 6.10601259059796e-06, 37.7588651782674 
2933797, 12, 6.30127663864699e-06, 614.213472497652 
2736640, 29, 6.53086814830295e-06, 38536.6399259973 
152682, 68, 6.79749580254634e-06, 5570.91528712373 
1813879, 66, 6.63116781496389e-06, 28153.2156322948 
2774151, 2, 6.22502209882845e-06, 0 
3014784, 73, 6.7958327953299e-06, 24973.7858102554 
2997354, 69, 6.8523657792853e-06, 12266.5029029354 
85015, 10, 6.2793165591857e-06, 4585.86176123196 
3012344, 76, 6.77318631003583e-06, 14414.9487502951 
3056648, 25, 6.35477434196312e-06, 17112.7013760791 
2865833, 13, 6.36387356256006e-06, 1621.31718176135 
40324, 15, 6.68382180931056e-06, 41731.9814607917 
2017685, 3, 7.43394935993696e-06, 0.776149663838037 
1411621, 74, 7.31170530902922e-06, 62846.5780798053 
1225128, 72, 6.68435793399865e-06, 48884.9712404704 
2062, 12, 6.36776383237499e-06, 2814.64350922834 
76335, 8, 6.63107987135705e-06, 46906.4914660866 
1479019, 39, 6.74349758245612e-06, 75.4417893377324 
1866885, 16, 6.13933842489133e-06, 2702.0015233948 
2903960, 68, 6.81891020177155e-06, 8027.53380813468 
33051, 65, 6.85044116841125e-06, 4940.90609449929 
2991075, 73, 6.88046566991654e-06, 15562.7078925266 
92942, 7, 6.63072812025489e-06, 36977.4500808671 
80864, 25, 6.333282667072e-06, 3291.49513195733 
1137095, 8, 6.63107987135705e-06, 46906.4914660866 
2954771, 28, 6.48600967712644e-06, 6808.36169226276 
858422, 24, 6.48521047750605e-06, 4832.64777013553 
1636152, 30, 7.09063964660252e-06, 774.995697475359 
54571, 27, 6.3839838612888e-06, 14465.0692343355 
207340, 68, 6.83957102210549e-06, 3867.72898082103 
1355477, 28, 6.41087284033721e-06, 282.39314354474 
2897334, 82, 6.88217036124512e-06, 19803.6233804174 
94132, 35, 6.52464685348905e-06, 10133.9940325936 
1387353, 31, 7.05616709003669e-06, 753.554175933172 
397260, 80, 6.88515560451666e-06, 65995.4888040286 
927083, 41, 6.4877770280791e-06, 58997.094355782 
3039158, 36, 6.49207317864887e-06, 8254.98317563132 
85009, 7, 6.19989708170844e-06, 1.28673765006395 
34073, 29, 6.36282076570185e-06, 4137.58534371319 
3018446, 77, 7.02094347438409e-06, 32943.9442481815 
41275, 38, 6.70758292249388e-06, 14439.9153943874 
240495, 45, 6.64275275674239e-06, 16526.8030333394 
331696, 46, 6.60929796037065e-06, 7845.28017759718 
1847, 49, 6.87209653921218e-06, 3153.46730329577 
1865, 44, 7.02335969434339e-06, 420.150964257302 
466153, 45, 7.22198951367123e-06, 7722.16671857684 
1938607, 85, 7.03784247900963e-06, 29798.5687469962 
2840469, 28, 6.55634523091448e-06, 6855.00795684766 
3049772, 34, 6.66880068288519e-06, 8195.2169386428 
2728024, 73, 7.11384282675659e-06, 2625.98424947531 
653931, 85, 7.0032915470271e-06, 35605.0711604809 
1526658, 11, 6.86855643549395e-06, 16675.0969495284 
2894081, 16, 6.64394437689768e-06, 101.407806008902 
2582905, 21, 6.65743502343417e-06, 1798.96704889379 
204441, 65, 6.90836741461258e-06, 9088.11962420309 
2714939, 28, 6.71605203597117e-06, 5097.65028579584 
946334, 41, 7.03116211047362e-06, 1759.61918458629 
2840457, 17, 6.63904822604631e-06, 402.356998723629 
88688, 10, 6.86850925875048e-06, 15220.6086057275 
2005464, 11, 7.06808688092394e-06, 78549.7135686235 
106589, 42, 6.46024045014955e-06, 40302.2816646075 
1763, 30, 6.3998361641942e-06, 27053.4726497322 
107, 65, 6.84983115166211e-06, 1522.35342732112 
37331, 53, 6.92333787965854e-06, 11565.0135897243 
745310, 83, 7.0566650201115e-06, 29177.338261635 
2762325, 43, 7.08355764599212e-06, 9333.74211757358 
190148, 32, 6.65876493228036e-06, 130.246489066922 
165697, 59, 6.70043686848382e-06, 3731.13040932747 
1090615, 52, 7.15619834119322e-06, 17081.2308219578 
53359, 3, 7.07784210749827e-06, 246.513550064087 
160826, 20, 6.68203534796699e-06, 30859.5403895158 
3037797, 47, 6.82212004202426e-06, 4022.14400287764 
3040509, 56, 7.16773943833594e-06, 15469.4511687926 
2045, 41, 6.74249728614484e-06, 25829.8949778104 
2991074, 87, 7.17591762046572e-06, 7186.69607745797 
1867, 60, 7.19854301489379e-06, 1442.49327675895 
2732067, 50, 6.98855972772571e-06, 1473.47356933273 
1866, 55, 7.16768806221553e-06, 15327.0529198697 
2898433, 78, 7.10878574830633e-06, 16933.1437051489 
2017486, 17, 6.84467381706925e-06, 480.111618450237 
1643322, 17, 6.63904822604631e-06, 402.356998723629 
122358, 51, 7.15338283474255e-06, 4471.30275504274 
2830997, 5, 7.84473696596953e-06, 16.9498765420922 
1327635, 93, 7.13551775316817e-06, 32414.0551936249 
29405, 29, 6.81788740940732e-06, 15807.5484954421 
2763008, 43, 6.93726630084149e-06, 28588.7470483312 
93064, 84, 7.12753294702105e-06, 56852.7590857407 
196162, 23, 6.68261584314564e-06, 186.017857500542 
661481, 3, 6.80415597847165e-06, 2641.60950298229 
113562, 63, 7.25794745246044e-06, 8241.66209152796 
2950605, 92, 7.18592134290498e-06, 17876.8204283764 
2306583, 72, 6.87994496044032e-06, 754.256545412481 
3039159, 42, 7.05561944810945e-06, 1451.58438422222 
39643, 64, 6.73341727660205e-06, 25795.408099745 
2884263, 68, 6.99961502117384e-06, 69763.5820614896 
29539, 52, 6.85123904658157e-06, 770.488000764656 
2520506, 64, 6.85147375200406e-06, 718.009065784209 
2651334, 88, 7.1127802435416e-06, 57588.9861179605 
2898796, 27, 6.8864357874295e-06, 6219.96144956418 
32033, 67, 6.84177037650262e-06, 24185.4418375681 
2880933, 86, 7.14331635605146e-06, 543.120968076629 
2931390, 23, 6.75278721292213e-06, 85.6295624876649 
1824, 58, 6.81653965181115e-06, 7641.3879468355 
75, 57, 7.33535789211156e-06, 60996.6827418749 
2792008, 74, 7.13786064040886e-06, 5302.75750818851 
2849779, 64, 6.98431323247985e-06, 9812.35943760499 
103733, 54, 7.04905436935635e-06, 5748.21936695974 
68, 79, 6.86299404978416e-06, 18005.8956123746 
1882682, 30, 6.91037246907608e-06, 22487.4797162116 
2789776, 62, 7.13847208143569e-06, 4128.62500529194 
858423, 46, 6.94483026834824e-06, 5259.3501966631 
2567896, 79, 6.91104107922817e-06, 30968.4183533693 
1274631, 47, 6.9041224515158e-06, 2057.52220752906 
1690815, 82, 7.22720899642976e-06, 35846.7515052296 
2823693, 19, 7.20725915141731e-06, 2377.45217737507 
2053, 62, 6.81788740940732e-06, 6710.626922745 
2723776, 50, 7.63510315024356e-06, 4870.73532757167 
76892, 63, 7.34457052623848e-06, 95365.9330487966 
82115, 46, 7.03417907613092e-06, 9275.51161888189 
2558918, 40, 6.76763985327757e-06, 4465.25605798667 
2599297, 96, 7.23494769132819e-06, 52159.7718704107 
2760089, 18, 6.88913995976742e-06, 13629.3234157114 
2722752, 95, 7.14694110920526e-06, 24946.2076336533 
284016, 24, 7.26411599340418e-06, 359.297204797724 
2932773, 51, 7.06993580498289e-06, 11005.8980050201 
2740529, 60, 7.14122486288848e-06, 192150.896934944 
1836, 50, 7.01208181697064e-06, 27129.1099704714 
37919, 117, 7.13903266107442e-06, 17970.4028595431 
1268, 41, 6.83943068578971e-06, 6392.12465097977 
2710596, 64, 6.9922735377408e-06, 539.847127299401 
2518370, 34, 6.93072737983851e-06, 27099.2827434271 
445576, 93, 7.2805638068612e-06, 7093.12331536115 
2598579, 54, 6.83975814615195e-06, 2506.98757599807 
2996826, 18, 6.89065902262892e-06, 495.621862816608 
2918765, 81, 7.41377776459773e-06, 65928.7219516643 
1162, 9, 7.27526700229898e-06, 25273.9125395105 
2995304, 87, 6.94222678866473e-06, 6907.56138486328 
13690, 86, 7.3871611139839e-06, 29597.4842450681 
2528642, 79, 7.72367770637667e-06, 11615.6720931791 
722472, 43, 6.94463735103753e-06, 2084.36396887945 
1620816, 14, 7.35986811116345e-06, 145187.551371139 
204455, 1, 6.79190947743048e-06, 0 
2074, 76, 7.17818406299574e-06, 13453.1805208353 
624315, 83, 7.12042779530194e-06, 769.960919007997 
1842539, 61, 7.22752240531946e-06, 38025.4942126259 
675864, 17, 6.77304868467395e-06, 30819.6787895905 
160791, 73, 7.10984713828653e-06, 27776.2858298113 
2937787, 87, 7.43273375947674e-06, 82373.8986067186 
522, 55, 7.39595736970172e-06, 26546.0918518887 
298654, 77, 7.03640636654048e-06, 15352.3563882545 
419476, 22, 6.98870625069887e-06, 40321.2058211281 
2034, 60, 7.05746185441868e-06, 1625.26861274399 
1325100, 58, 7.06459156063892e-06, 14801.8617053863 
2917724, 44, 7.07829299886039e-06, 4087.43907382253 
2987689, 89, 8.03884369272324e-06, 133338.608610618 
2880932, 86, 7.79994696036067e-06, 40155.2188953267 
1822464, 64, 6.86959448783738e-06, 4039.76275441227 
1211326, 64, 7.11040323096723e-06, 790.564355710772 
2728827, 101, 7.12641548427556e-06, 817.49553890788 
2663857, 28, 6.97218794229817e-06, 1533.50212206696 
2760705, 30, 7.05094306363476e-06, 625.797688502195 
1437009, 35, 7.02429704347337e-06, 6428.91796605954 
2732487, 69, 7.42583447814948e-06, 465.768492036968 
1774216, 35, 7.10580544304697e-06, 4268.89466085916 
83451, 84, 6.9993700566949e-06, 5900.26091512764 
85030, 42, 7.49030006142046e-06, 42886.6439955317 
2937801, 69, 6.93572662139949e-06, 1968.40242746846 
2802641, 78, 7.19326135276473e-06, 1995.76869276312 
3040935, 43, 7.50581700818134e-06, 5079.57114461115 
1210884, 14, 7.22705230217751e-06, 20878.3157014984 
2843216, 92, 7.09753431657842e-06, 32966.1618975806 
131568, 58, 6.95434472686811e-06, 69584.5614793893 
2937800, 77, 6.99888017917133e-06, 7808.61256097765 
2698679, 92, 7.18514686440191e-06, 36232.7591710381 
2596915, 50, 8.13583591646124e-06, 888.730229760097 
375, 59, 7.159784920061e-06, 13156.9477953155 
1909395, 94, 7.05761128088587e-06, 17515.6031666825 
467976, 109, 7.29208444233784e-06, 7884.39815147413 
1969806, 33, 7.45228673418438e-06, 10523.8784530768 
2483798, 29, 7.17046342705129e-06, 2253.61672007425 
2562284, 99, 7.17164617966408e-06, 53271.1922038057 
2843215, 92, 7.10010437153426e-06, 2436.85097401269 
2944128, 78, 7.29607471180505e-06, 43151.4033028919 
1483604, 85, 7.30060229968972e-06, 16691.2740489505 
182640, 75, 7.01478717135722e-06, 11604.7100994858 
2898794, 57, 7.10096147018306e-06, 585.912992261446 
158500, 79, 7.47641192039117e-06, 13945.5522607474 
2981138, 85, 7.36583138138802e-06, 4811.35203884517 
142864, 12, 7.41421750348468e-06, 5356.93735972677 
739141, 14, 7.54403832371468e-06, 2226.82619760621 
1940610, 68, 7.35429306857878e-06, 1922.41899066416 
265, 16, 7.03056891363649e-06, 20527.7056497406 
94, 77, 7.17885396775259e-06, 7519.59441989039 
46165, 113, 7.16306722538591e-06, 652.96808870885 
99598, 13, 7.41438241901641e-06, 5906.6501139002 
2268449, 93, 7.36604840967015e-06, 12418.5297359369 
1868589, 17, 7.44352227474041e-06, 55195.342052859 
2807101, 13, 7.32000117120019e-06, 3214.28279831235 
1542737, 34, 7.26358835792058e-06, 10460.6612232613 
2082949, 90, 7.25005437540782e-06, 22843.7460182816 
2219224, 117, 7.15266651407645e-06, 553.94941839387 
88138, 5, 7.0337832610026e-06, 21776.9826969089 
222, 51, 6.95671531729579e-06, 23940.443552468 
1630693, 15, 7.42285794876743e-06, 1656.71976911707 
53461, 73, 7.12829505438889e-06, 23721.4990865903 
715473, 111, 7.28374559333392e-06, 892.534575081981 
2735870, 67, 7.14265306705523e-06, 647.355192976803 
338, 82, 6.94690480656344e-06, 9675.28353794357 
2013, 106, 7.24527426985749e-06, 736.666859352845 
1349819, 84, 7.29022380987096e-06, 31551.7441201828 
450734, 20, 7.19926855431488e-06, 67543.6178818082 
53362, 104, 7.81744697816587e-06, 11070.7181862 
103731, 90, 7.3839428778179e-06, 374.574032935082 
2932251, 57, 8.07148103605531e-06, 871.617421227456 
1298, 4, 7.73353337406327e-06, 0.00854700854700855 
2560501, 38, 1.09427148875636e-05, 36786.5571693839 
2560611, 80, 1.07791143879619e-05, 64816.1074976802 
2560671, 63, 1.07789981999073e-05, 51957.3908734334 
2560685, 6, 8.9437438511761e-06, 214.504203492409 
2560783, 112, 1.0585707178168e-05, 15227.9053392154 
2560848, 57, 1.11315188957533e-05, 15101.1731937251 
2563662, 173, 1.13814846008513e-05, 307793.968679896 
2565560, 24, 9.82540259587137e-06, 4055.59660953023 
2590931, 10, 8.51701699996593e-06, 13805.9938946905 
2599847, 88, 1.07977367943679e-05, 117974.429642094 
2603820, 250, 1.12973925617967e-05, 195888.815028719 
2656550, 97, 1.08634250206405e-05, 9190.49814644063 
2663020, 22, 1.00975422582144e-05, 28133.4292464174 
2725684, 29, 1.0867675186924e-05, 73247.8805595891 
2734109, 41, 8.9669210283265e-06, 101925.164829762 
2734145, 18, 9.24248585899664e-06, 9487.97231288923 
2734189, 11, 9.45599652019328e-06, 4013.81031449801 
2734243, 58, 1.10688036836979e-05, 146233.278154811 
2734251, 267, 1.16631677163518e-05, 375400.366231797 
2734279, 150, 1.14351057747284e-05, 595720.391302186 
2734567, 2, 7.62288083912672e-06, 0.961085923477945 
2743910, 123, 1.05735070208087e-05, 24552.7514013003 
2755405, 3, 9.24513474783895e-06, 572.879196486449 
2758906, 117, 1.05290866017373e-05, 107419.448801282 
2762280, 41, 1.06010813102936e-05, 3640.70384492235 
2762398, 25, 9.81325378055602e-06, 187477.437359516 
2776868, 74, 1.15382840263996e-05, 18586.0416196869 
2800128, 11, 9.95500338470115e-06, 9274.92716976588 
2832315, 126, 1.05321916437591e-05, 29630.8479702609 
2841063, 99, 1.15158285062819e-05, 6491.88048832446 
2845590, 212, 1.11796798139701e-05, 373069.015387365 
2846064, 91, 1.03587225623336e-05, 392706.195373962 
2846681, 2, 6.50334597150234e-06, 15052 
2851068, 18, 9.56132634719088e-06, 3732.05856379533 
2881426, 19, 1.0646452601993e-05, 67182.7543544006 
2894335, 260, 1.15065529819232e-05, 317904.299990026 
2894593, 5, 1.03035423578626e-05, 2076.69949328389 
2925837, 16, 1.03376268943701e-05, 45589.2305425249 
2936912, 12, 1.08930088669092e-05, 10707.4147470438 
2942894, 91, 1.14453142883304e-05, 105435.981467108 
2944251, 76, 1.1266463119233e-05, 19554.9311681752 
2946813, 97, 1.1503243914784e-05, 124182.103186011 
2948912, 179, 1.1596488583257e-05, 175154.771053282 
2954006, 20, 8.23668950975224e-06, 8628.83322422954 
2954097, 102, 1.10677011277987e-05, 43612.8630224767 
2955239, 36, 1.08479871559832e-05, 22778.8868018621 
2955345, 9, 8.82651485061124e-06, 15273.1264781609 
2955391, 10, 8.63915958255581e-06, 54018.9210365639 
2955565, 89, 1.14764445974637e-05, 72004.2185530748 
2955574, 31, 1.06924425815833e-05, 663.460774772347 
2956059, 72, 1.07345663771912e-05, 7048.68935018195 
2956084, 79, 1.0614021121902e-05, 227814.225631186 
2956112, 99, 1.13295190619158e-05, 51603.7582216072 
2956125, 9, 8.28102485963663e-06, 421.303820832792 
2956194, 15, 8.59084387859419e-06, 437.703556268542 
2956316, 27, 1.03188525435972e-05, 14787.3048940806 
2956357, 5, 8.42367727207635e-06, 30415.96238899 
2956431, 37, 1.12451786296625e-05, 16843.6819405044 
3015951, 10, 1.01558929568882e-05, 2488.86953673562 
3026968, 141, 1.12809521123583e-05, 71008.3255470655 
3038077, 19, 9.75828722542619e-06, 48531.9966119216 
3047366, 4, 9.0390577686182e-06, 552.039502166173 
3047695, 5, 8.10674967978339e-06, 389.841949675777 
3048268, 18, 8.83602979509247e-06, 28258.5443290147 
3048365, 20, 9.12442059929194e-06, 95163.7213141865 
3050304, 14, 1.08068385674455e-05, 3391.71580254141 
3051419, 7, 1.02809791604552e-05, 42852.4519586997 
3052245, 4, 7.66877046603118e-06, 16835.8774890046 
32069, 34, 1.06490602204355e-05, 15667.4215763183 
328615, 14, 9.50778211966495e-06, 38970.6845718413 
345198, 35, 1.0239292260119e-05, 163198.027484609 
345199, 6, 9.13784438251017e-06, 12959.0505462913 
359407, 54, 1.00616780866713e-05, 57661.8846329905 
373213, 3, 8.45816170313544e-06, 218.406881088786 
37665, 119, 1.09615468934976e-05, 118074.684109252 
392332, 186, 1.10939770798434e-05, 64628.7872503101 
401469, 16, 1.04816309417745e-05, 12914.1356166616 
40222, 76, 1.12734487734488e-05, 13385.6843690402 
43659, 87, 1.04568602231494e-05, 26504.3791917705 
43687, 34, 1.03973881760902e-05, 294774.50202425 
515417, 5, 8.81981989927766e-06, 3693.22409116116 
650003, 9, 1.06630270201105e-05, 32830.3225297486 
712310, 62, 1.15736722104557e-05, 133938.875971248 
861045, 30, 1.01988781234064e-05, 41372.9758635568 
929832, 5, 9.87986089155865e-06, 22124.4345503254 
1089111, 30, 9.59094614683739e-06, 260470.840644386 
1091, 248, 1.11798048006082e-05, 350593.942761853 
110103, 42, 9.15734144063295e-06, 527582.276939865 
115987, 21, 8.53672070410872e-06, 4480.96422598261 
1183412, 106, 1.11879349309704e-05, 49751.8958189219 
1211642, 2, 8.12281699293315e-06, 61.5555785881232 
1234680, 49, 1.03924176920519e-05, 281551.911761278 
125593, 24, 1.02660972404731e-05, 32205.0972895753 
1305738, 62, 1.00832879585375e-05, 7479.58245512881 
1306518, 17, 8.27075131504946e-06, 2748.04608195868 
137779, 71, 1.10253583241455e-05, 121953.066603166 
145263, 1, 7.47289208396542e-06, 0 
148943, 18, 9.29048561368303e-06, 5202.81174238169 
1501226, 38, 1.08122134763429e-05, 16549.3048492002 
1572712, 16, 9.49352067214126e-06, 88772.7270313059 
1573458, 7, 9.06799180253541e-06, 1508.2284065429 
1586715, 99, 1.15893655981272e-05, 112438.370505058 
1805459, 19, 1.02506278509559e-05, 75068.0758775896 
1813599, 45, 1.05692603631598e-05, 279313.939301135 
186828, 9, 9.43405126463457e-06, 3742.24108349794 
187217, 48, 9.90736612671521e-06, 1175743.35441277 
1887657, 150, 1.11896875839227e-05, 149380.64045959 
1892404, 142, 1.10078816432566e-05, 105288.563752579 
1897640, 1, 5.92350387100978e-06, 0 
1922657, 5, 8.78125027441407e-06, 189.554707576586 
1955558, 30, 9.9965012245714e-06, 81449.1213905273 
1982088, 57, 9.59619223092277e-06, 2068.03214227408 
1982096, 14, 8.35603389207347e-06, 19250.2141797658 
1982108, 1, 9.19455682236116e-06, 0 
1982567, 124, 1.09937225844043e-05, 151835.184026218 
1982570, 97, 1.06528038179649e-05, 27192.6625880751 
1982745, 179, 1.10321698071577e-05, 134671.296457745 
1982755, 25, 1.02632524246934e-05, 31474.089247917 
2041859, 36, 9.60780922733998e-06, 48246.1214691729 
2049890, 30, 1.02265173595132e-05, 61069.4779382879 
2079257, 12, 9.78914188382246e-06, 74358.7012570187 
2169731, 5, 9.16506278068005e-06, 2178.50665764721 
2232, 34, 9.42613679209713e-06, 49697.6006461219 
2267655, 128, 1.10422808935414e-05, 21083.810358658 
2337, 112, 1.0347146774277e-05, 82198.049077211 
2341050, 59, 1.04712041884817e-05, 39538.6939933745 
2501961, 56, 8.57309420115908e-06, 24199.0744305539 
2502431, 112, 1.08273151506621e-05, 41999.0299973585 
2560132, 23, 9.24316929788886e-06, 4928.56506914265 
2560406, 96, 1.11040785280434e-05, 54548.0449201601 
2560407, 93, 1.1211767871558e-05, 432986.833732383 
2560499, 43, 1.07587037913672e-05, 39738.3115662697 
2560505, 29, 1.06714474751355e-05, 35681.7589364192 
2560514, 139, 1.07944732297064e-05, 16624.6763700275 
2560595, 131, 1.18430090717449e-05, 175067.457938605 
2560784, 141, 1.10847540293081e-05, 32113.6490625926 
2566012, 24, 9.36917354520158e-06, 24604.9691675646 
2591226, 87, 1.05533100456958e-05, 11068.2546831976 
2598453, 13, 1.02988733032606e-05, 14973.8138118952 
2599866, 13, 1.00883741576208e-05, 9556.93769519015 
261963, 15, 1.00831862868666e-05, 6764.17731251541 
265522, 13, 9.33663227673778e-06, 8078.17116237268 
2656546, 56, 1.14719682455919e-05, 89633.7500268378 
267890, 54, 1.03310054134468e-05, 6650.39986459334 
2719231, 21, 9.48973684959716e-06, 133487.493148715 
2733098, 10, 9.71892858531276e-06, 57839.1066753176 
2733153, 49, 1.0799019449034e-05, 27024.8194928718 
2733605, 1, 6.27140115644637e-06, 0 
2734133, 6, 7.9617200499996e-06, 6.24588856818345 
2734214, 33, 1.02213954249034e-05, 21280.8902726778 
2734221, 24, 1.02108541379486e-05, 24171.7304332743 
2734238, 154, 1.07874865156419e-05, 44375.3716510677 
2734250, 53, 1.08549346532934e-05, 41747.9363659346 
2734581, 231, 1.11414405882681e-05, 410828.221736333 
2746072, 34, 1.0465724751439e-05, 6612.6400631053 
2776851, 31, 1.05589930944185e-05, 142797.491306402 
2799680, 51, 1.05746251295392e-05, 293717.053929196 
2819619, 49, 1.07644943916984e-05, 28664.7297095731 
2831892, 8, 9.53807121123966e-06, 3579.77475266122 
2836009, 13, 9.25232001924482e-06, 22651.5780552031 
2842972, 8, 9.19920886803735e-06, 19227.1997276302 
2843896, 91, 1.03643053324351e-05, 145236.892796335 
2844309, 15, 8.70935994913734e-06, 115925.550082054 
2844866, 99, 1.10014631946049e-05, 277368.968306553 
2845651, 28, 9.94866488917187e-06, 288889.802658518 
2845949, 12, 9.63316892725031e-06, 13507.6282743332 
2869552, 3, 7.72893093427317e-06, 616.744454270029 
2869553, 12, 8.84642604387827e-06, 5667.03336302446 
2873296, 35, 1.071524243236e-05, 9991.32959813031 
2894587, 69, 1.02439074360524e-05, 22960.13940429 
2906468, 4, 9.04592616715062e-06, 179.855857649964 
2912628, 8, 9.2656079165354e-06, 23557.7175379708 
2913506, 26, 9.72668028401906e-06, 8976.16911188546 
2920384, 3, 8.06588212519862e-06, 15052 
2927284, 210, 1.12423973288064e-05, 165295.633760078 
2929157, 12, 1.06658702816856e-05, 5107.07322462833 
2933563, 10, 9.68720030224065e-06, 7179.13820807214 
2943016, 33, 1.01983580643516e-05, 30713.0442462552 
2946819, 82, 1.11222333444556e-05, 52662.9604656656 
2948726, 55, 1.06462259129139e-05, 20497.881044105 
2948926, 8, 9.26663824897604e-06, 46692.536973189 
2954081, 113, 1.05549808954846e-05, 13082.84339322 
2955318, 8, 9.77880346560795e-06, 11957.9264388894 
2955339, 38, 1.10565653885277e-05, 13588.1113341894 
2955343, 152, 1.1262783258999e-05, 671793.190435819 
2955564, 52, 1.01920176118064e-05, 6853.02507486839 
2955566, 96, 1.12169240950746e-05, 89852.4073615799 
2955842, 14, 9.3984962406015e-06, 9047.32331835239 
2955916, 6, 9.24727205474385e-06, 31.3594519364467 
2955942, 91, 1.14166980625863e-05, 192770.609582442 
2955960, 111, 1.10054587075189e-05, 173435.289339536 
2956000, 152, 1.05566522744307e-05, 30247.2562136724 
2956011, 2, 7.00599012155393e-06, 1711.54710441739 
2956029, 103, 1.10533878633801e-05, 95889.2752302185 
2956055, 77, 1.06186420880498e-05, 12620.6550900772 
2956072, 21, 9.29376667069397e-06, 137209.412921509 
2956082, 17, 1.01634279209692e-05, 55462.2833440567 
2956089, 9, 8.97110407377836e-06, 890.743591792238 
2956091, 26, 1.02311210239306e-05, 55329.0424944961 
2956133, 7, 9.45152783947525e-06, 40237.0554463161 
2956237, 206, 1.10916391224295e-05, 131376.435620795 
2956318, 6, 8.9974177411083e-06, 1077.61789816368 
2956390, 32, 1.02566206486287e-05, 65026.609317464 
2956393, 27, 9.84009840098401e-06, 12404.880968242 
2956401, 51, 1.01876566352208e-05, 8988.80237800462 
2956474, 138, 1.07870210562651e-05, 262594.943482167 
2956557, 210, 1.10318046929297e-05, 382685.631443959 
2956580, 34, 1.10794730602613e-05, 45857.6318596962 
2956706, 58, 1.04087516784112e-05, 6368.81644366594 
2989772, 7, 7.49956877479545e-06, 23678.2162007096 
3050270, 40, 1.11975813224344e-05, 7256.54974001331 
3050318, 6, 8.41786270465929e-06, 27374.5932584923 
3050346, 25, 1.01032552688476e-05, 4786.28265448027 
3051616, 41, 1.00515645260185e-05, 307879.204288093 
3071082, 84, 1.1172560192168e-05, 65032.9824019056 
32014, 4, 8.39510733144723e-06, 23.3493261163988 
331278, 10, 8.78279275243942e-06, 27413.7719050621 
35762, 35, 1.04728491386082e-05, 26852.0782301114 
44088, 14, 9.18779860345461e-06, 5252.32187972586 
44449, 42, 1.01810185090917e-05, 70358.0458786738 
478174, 23, 9.72157411728107e-06, 6132.48307385529 
566270, 30, 1.00561131111603e-05, 100598.868503654 
648998, 17, 9.42542602925652e-06, 4311.13442349898 
658666, 30, 1.04737266566817e-05, 587362.115857607 
728003, 14, 9.91689640810012e-06, 5915.73355440643 
80849, 49, 8.88083693007229e-06, 65074.872852556 
84025, 12, 9.0175391135759e-06, 68711.5283299468 
866790, 11, 9.57166786312515e-06, 7260.45849846858 
893, 77, 1.05462982493145e-05, 21096.4758712845 
933845, 17, 9.92280061124452e-06, 17358.1191734095 
97195, 22, 9.59453495289083e-06, 574500.781461978 
1003177, 18, 8.06490636643709e-06, 4951.90487075328 
101534, 11, 1.00570233222371e-05, 4147.02346288181 
10261, 17, 8.68296749096971e-06, 7486.44077051102 
10265, 9, 8.80359186548112e-06, 24659.0532950361 
10358, 200, 1.11719360965255e-05, 234928.397644907 
106578, 63, 1.09329047634666e-05, 91585.9039895603 
1109711, 99, 1.11689414077334e-05, 25201.841720343 
1109713, 52, 1.03981449709372e-05, 25146.4183382253 
1131316, 79, 1.11296605453534e-05, 99497.2346264524 
116759, 8, 9.4581429882057e-06, 214.525148723493 
1178537, 25, 1.03041793751546e-05, 18402.5822119722 
120577, 121, 1.09407993347994e-05, 148821.341407275 
1225785, 47, 1.01719051978436e-05, 70945.1537528426 
1273711, 8, 7.83582381933725e-06, 23018.435712528 
1305708, 44, 8.38623650864202e-06, 7204.5215180426 
1330546, 50, 1.00467172351434e-05, 5911.87030574826 
1343, 10, 1.02112712011518e-05, 11336.2627423325 
136241, 44, 1.06606398516039e-05, 191749.549856991 
1529058, 28, 9.77794291636925e-06, 203309.352028467 
1545835, 55, 1.08459869848156e-05, 57207.15208924 
1548417, 16, 1.04159071734353e-05, 6213.74628026952 
158846, 24, 9.76848686138517e-06, 10460.6515160426 
1589748, 95, 1.13555068530484e-05, 380877.919202862 
1636618, 5, 8.16473162527148e-06, 4391.7617145297 
1643324, 2, 7.23133772516578e-06, 528.370055084173 
1643948, 57, 1.00270730973629e-05, 5453.83660744237 
1647470, 50, 1.02142959285816e-05, 33980.0903143579 
174708, 131, 1.01248392681766e-05, 317429.247726969 
1758196, 177, 1.09596247424488e-05, 151179.420811605 
1785995, 21, 9.40698374473209e-06, 22522.0997245621 
1819736, 104, 1.07204116638079e-05, 62764.0154376423 
1827481, 91, 1.05855951221578e-05, 177223.019958174 
1838072, 20, 1.02355192990716e-05, 20787.0625182007 
1840283, 130, 1.13009673628063e-05, 63077.3083545518 
1848399, 36, 9.83825902168352e-06, 5916.64413104793 
1848517, 15, 9.32287927803623e-06, 4993.4546885695 
186532, 2, 7.16717434151586e-06, 6341.03348849232 
1868135, 211, 1.10380149233962e-05, 60188.9900125432 
187218, 5, 8.60237253434497e-06, 20157.4901347303 
1914165, 13, 9.63122056458215e-06, 12289.2600839135 
1914895, 8, 8.45995059388853e-06, 422.767691803301 
1918522, 13, 8.9206861791809e-06, 10804.3606853362 
1920110, 46, 1.06634818400904e-05, 153380.044030153 
1920305, 83, 1.05176802204506e-05, 20535.4258053809 
1923, 152, 1.03540033754051e-05, 21528.0020207856 
1925021, 163, 1.11851818710572e-05, 88334.4805576104 
1980926, 20, 1.01984620719196e-05, 3585.80983419053 
1980948, 7, 9.12666903960062e-06, 16720.1250670659 
1982251, 21, 1.04212259530211e-05, 82502.1826351069 
1982746, 139, 1.12487204580479e-05, 35097.8866892038 
1982747, 184, 1.16566419545857e-05, 182830.47414916 
1982883, 201, 1.09412781601147e-05, 58313.2016420459 
1983106, 77, 1.10853684222195e-05, 145993.138616243 
1983742, 5, 9.02747059301454e-06, 664.58544392083 
1985182, 43, 8.53227760618419e-06, 7750.01893768902 
1985733, 13, 9.49433188386533e-06, 85805.6916261529 
1985736, 83, 1.01971101389866e-05, 10705.8131580017 
2039723, 28, 1.04073434215182e-05, 66097.4266582028 
2049886, 20, 9.46584250731236e-06, 5764.19131414831 
2081051, 66, 1.0867675186924e-05, 118874.052379861 
2108123, 70, 1.06044538706257e-05, 19910.4241233647 
2126929, 117, 1.07962213225371e-05, 141309.695092053 
2169730, 11, 9.45429792383618e-06, 98770.1868779199 
2171500, 158, 1.05822345446464e-05, 148993.603991228 
225143, 151, 1.05182333575253e-05, 120646.895643137 
2267, 74, 1.02236944342207e-05, 19459.3028021323 
230666, 111, 1.07214461086511e-05, 63295.8636765797 
234831, 30, 9.78329990705865e-06, 43708.5628392402 
239, 5, 7.13220977255383e-06, 133.335444521205 
2483673, 24, 9.47921208789125e-06, 28091.9664691595 
2488567, 39, 1.05248755433467e-05, 45247.0361298306 
2490853, 159, 1.09891317487005e-05, 21935.0462566621 
2509787, 22, 9.9204380865459e-06, 26581.3400849368 
2560705, 12, 9.42276162297646e-06, 5764.03715332512 
2560751, 24, 8.67039493648936e-06, 17077.4691130409 
2571250, 15, 9.34430978255791e-06, 19829.3811261533 
2571252, 195, 1.14801336287554e-05, 375003.548682494 
2578114, 8, 9.34169103291078e-06, 29.0344461604897 
2588512, 147, 1.10172199147267e-05, 165662.857393309 
2591118, 185, 1.10048531402348e-05, 86360.9499951891 
2594460, 44, 9.47364432149759e-06, 19782.5984164167 
2599927, 9, 9.76858228565288e-06, 38478.5482075761 
2613771, 8, 1.003774190958e-05, 20166.8659691312 
2675783, 29, 9.73965891714472e-06, 35214.2014831007 
2704035, 6, 9.35095052412078e-06, 213.928349324826 
2732017, 78, 1.05260941874908e-05, 20947.4440356196 
2732368, 63, 1.06545063234495e-05, 21113.614017774 
2733208, 25, 1.04870170728638e-05, 21263.7435825235 
2733330, 7, 8.37352625937835e-06, 53019.3393724051 
2734034, 2, 7.27193397083955e-06, 2207.75627625308 
2734220, 45, 1.02780204532607e-05, 58516.1666548069 
2734272, 19, 1.07274268121306e-05, 49581.6752652977 
2735, 153, 1.07229406592464e-05, 175427.287672709 
2741068, 11, 8.92984712101729e-06, 110373.134420918 
2742675, 53, 1.04304653030572e-05, 24242.7532995893 
279280, 87, 1.03661317742671e-05, 88085.311657113 
2811503, 4, 8.39510733144723e-06, 23.3493261163988 
2816911, 4, 8.02387906409475e-06, 14262.5393432396 
2832319, 127, 1.00390519119374e-05, 18948.1024805005 
2843399, 47, 8.63759253020998e-06, 48419.7724475145 
2843625, 120, 1.08456340899971e-05, 176518.365901832 
2843725, 8, 9.33645793458878e-06, 2385.02967339566 
2843726, 167, 1.09957776213934e-05, 55093.5861623524 
2845587, 40, 1.02895478772663e-05, 21361.3554412159 
2845588, 55, 1.00788163438086e-05, 235608.425444562 
2846041, 6, 8.58612310783312e-06, 17484.8013002693 
2846185, 37, 1.0319278476049e-05, 719772.315082827 
2846407, 29, 9.11128523789566e-06, 29270.1962655953 
2848886, 125, 1.13163135976824e-05, 139538.112213781 
2850492, 53, 1.01647709368869e-05, 99414.635827523 
2856180, 155, 1.0664960273023e-05, 264679.243830244 
2859658, 20, 9.46306565474951e-06, 14287.7361787499 
2869557, 9, 9.24812725423102e-06, 18137.4449923616 
2885152, 29, 9.65083286687641e-06, 96132.4218485677 
2885973, 88, 1.09022720334918e-05, 129595.00863497 
2885983, 185, 1.0584810796507e-05, 653616.618929823 
2894293, 109, 1.10281548794071e-05, 27928.8073217383 
2894788, 49, 8.91297372455346e-06, 276284.928736873 
2913600, 19, 9.20598388952819e-06, 17395.1499910636 
2948645, 27, 8.55468582916292e-06, 15056.2195382834 
2948946, 33, 1.05821225621435e-05, 36094.5592664556 
2948963, 134, 1.1320925598877e-05, 151115.336808835 
2953997, 20, 8.0202109315475e-06, 1326.9186076939 
2955309, 33, 1.03797967635794e-05, 63258.0320269489 
2955328, 196, 1.11643277400051e-05, 289944.960873541 
2955358, 25, 9.31220084554784e-06, 44321.1885518395 
2955533, 15, 8.74668719222594e-06, 25910.6469496249 
2955536, 6, 8.70678171227569e-06, 11443.7580571443 
2955634, 8, 8.92283532015133e-06, 49847.9218098253 
2955755, 103, 1.04000915208054e-05, 52005.397300683 
2955762, 18, 8.89015326624231e-06, 12213.8636072708 
2955845, 68, 1.02732689541812e-05, 54558.7945728181 
2955861, 13, 9.4553706505295e-06, 84419.3742731009 
2955887, 88, 1.08090579905961e-05, 4520.06108647241 
2955968, 117, 1.05488570313407e-05, 65351.1228213256 
2956044, 41, 1.0054798652657e-05, 2712.72262535537 
2956078, 4, 8.73263297616865e-06, 618.548756630952 
2956095, 30, 1.07160462075912e-05, 18485.4764398684 
2956191, 34, 1.08096422008432e-05, 17028.8979454 
2956196, 40, 1.06845597427158e-05, 126458.496864326 
2956238, 18, 9.75343320848939e-06, 3876.03246642241 
2956310, 20, 9.7242210898907e-06, 4454.05216095928 
2956344, 136, 1.11542408423683e-05, 69102.0419546942 
2956388, 1, 7.54204691153179e-06, 0 
2956391, 9, 9.60522524253194e-06, 1848.05624558551 
2956398, 20, 1.00577313781104e-05, 8131.93019410387 
2956432, 47, 1.01857887874837e-05, 867.642799439134 
2956443, 63, 1.08841168083416e-05, 12254.8564196985 
2956477, 118, 1.04400480242209e-05, 64084.2728889154 
2956559, 7, 8.6333419666753e-06, 38527.5851143859 
2956581, 22, 1.05028777885141e-05, 9118.2719867784 
2956641, 47, 9.53934502857034e-06, 82169.3302492234 
2956711, 33, 9.9500507452588e-06, 17038.2210956541 
2963127, 19, 9.03464787459909e-06, 303997.853925676 
2995234, 5, 7.83545543584721e-06, 20502.6848298371 
3047352, 109, 1.13498359948699e-05, 99718.4702644505 
3047737, 51, 1.06446393596185e-05, 58309.4359438928 
3047750, 11, 1.00498472423219e-05, 137.332682266595 
3047825, 52, 8.34195335179686e-06, 49901.8989111882 
3048150, 13, 8.39341620432932e-06, 15743.7356035696 
3048275, 9, 9.23557172806783e-06, 1069.25486819457 
3048330, 17, 1.0292725101898e-05, 1106.5082849022 
3050261, 10, 1.05328572481857e-05, 50131.4089080413 
3050308, 9, 8.7627059235892e-06, 38783.873375318 
3050345, 22, 1.0169319164082e-05, 983.108277521987 
3050347, 21, 1.00754652346072e-05, 54777.3890404812 
3051417, 21, 9.22075407326811e-06, 411191.768547887 
3051617, 23, 9.21242940975965e-06, 6871.78380601798 
3060744, 24, 8.55424675580192e-06, 990.284855176467 
3074204, 3, 7.74581338786386e-06, 4021.87086401353 
340071, 23, 1.05518624037143e-05, 127825.221355175 
35788, 23, 8.4937952825461e-06, 1657.04006676312 
373543, 14, 9.6635163603332e-06, 8661.14561846347 
376418, 2, 7.81671369722741e-06, 61.8884499833397 
38767, 52, 8.34195335179686e-06, 49901.8989111882 
402236, 141, 1.07730759286391e-05, 104144.015691723 
417280, 77, 1.05069608615708e-05, 194305.46618641 
45667, 17, 9.80872976949485e-06, 14113.7854965522 
53435, 15, 9.55520519803163e-06, 80059.1366750318 
570266, 129, 1.08901618278048e-05, 36925.9983559239 
595605, 1, 6.45011481204365e-06, 0 
599, 32, 9.12758538856131e-06, 7069.67484287705 
621376, 22, 1.07072113068151e-05, 8097.26713233787 
630749, 169, 1.04139546992971e-05, 44334.4602172979 
694581, 28, 8.92355193061046e-06, 37011.4636378681 
69657, 20, 9.80622891660783e-06, 453.943889012748 
754058, 40, 8.27143542490364e-06, 70660.2867629685 
762905, 43, 8.16159967353601e-06, 56041.2124237832 
934027, 14, 9.05559228101314e-06, 25791.6534478164 
10256, 34, 9.41708258781429e-06, 68138.2147099367 
102684, 28, 9.94945675966092e-06, 55796.453982621 
1034114, 5, 9.41725995404377e-06, 33089.3601535235 
10375, 45, 1.03273778787566e-05, 242627.830225217 
10491, 20, 9.2368513421145e-06, 81345.4187865542 
1081, 151, 1.07635674768045e-05, 300016.205211831 
1097754, 40, 9.37919132612386e-06, 359436.376538313 
1100891, 163, 1.03774270207445e-05, 131043.500865467 
1127515, 1, 5.99459287722474e-06, 0 
1127744, 8, 9.32635721813417e-06, 26095.0490004038 
1131315, 27, 1.04488840591825e-05, 7545.25508736241 
1158, 34, 9.01404388036561e-06, 99381.6160488389 
1164882, 36, 1.00606658148636e-05, 10610.7323320245 
1173297, 34, 9.11577028258888e-06, 16616.8480545797 
1184396, 168, 1.06804515694924e-05, 167998.117500486 
1193515, 119, 1.04270937604271e-05, 23031.7337161762 
1194088, 82, 1.1001342163744e-05, 21697.0964095155 
1263, 33, 9.52253985182928e-06, 3614.20886683332 
126740, 17, 9.42764751911455e-06, 7368.39129977392 
1329969, 5, 8.54430650136282e-06, 22329.8333139125 
1383059, 8, 8.26917829175315e-06, 15480.4591206687 
1415145, 10, 9.1823148615766e-06, 19964.719233132 
1433513, 17, 9.88230178573193e-06, 1448.02005081123 
1434046, 109, 1.05548694890388e-05, 76673.3772238229 
1434102, 19, 9.62602878182606e-06, 14535.8542060411 
1495331, 119, 1.02754857735899e-05, 13578.7641573069 
1501348, 4, 7.66653633554896e-06, 693.25245659065 
1514074, 18, 9.59251016806078e-06, 4670.03163238965 
1545702, 53, 1.05927714927334e-05, 130238.310340572 
1567014, 12, 8.72448089338684e-06, 4365.01503739797 
1586714, 44, 1.05303062213049e-05, 34430.5725924014 
164450, 11, 9.79998236003175e-06, 24244.3332335186 
1647471, 33, 9.86368388865874e-06, 17230.4260156723 
1720526, 27, 9.98941122410245e-06, 269040.787170491 
176652, 12, 9.07605736068252e-06, 11462.6360557456 
177758, 33, 9.39831958045901e-06, 96165.0425213756 
1821559, 52, 1.00033010893595e-05, 11434.5084662474 
1821563, 59, 1.0495382031906e-05, 9528.33812566245 
1839798, 6, 7.60277044955182e-06, 1308.29727559009 
184912, 67, 1.00152231391715e-05, 9982.85672504981 
1873698, 11, 8.63483291598308e-06, 31470.7182120745 
1883371, 12, 8.87476814668217e-06, 7693.49505237475 
1913653, 6, 8.89458142099833e-06, 192.348053251272 
1921407, 68, 1.02082482645978e-05, 83677.1580473805 
1922327, 59, 9.97745096082853e-06, 265088.704383964 
1972619, 4, 8.019760690341e-06, 1347.05422012384 
1980949, 3, 7.76132377138245e-06, 10.3230797651842 
1982095, 36, 1.03320728204492e-05, 45576.0765093666 
1982882, 111, 1.04679158379567e-05, 68937.4126696115 
1984783, 148, 1.02595670462706e-05, 71202.2526417106 
1986024, 34, 8.99329100491034e-06, 127319.459135275 
1993872, 185, 1.09804438295396e-05, 69421.0957170737 
2025360, 23, 9.11095318792252e-06, 41638.5568868314 
2044576, 22, 9.54608371915422e-06, 17281.8779208988 
2053832, 3, 8.13186634464476e-06, 29.1132589326719 
2060094, 138, 1.06414676712212e-05, 35789.0758167254 
207921, 145, 1.09744186301731e-05, 225826.990965602 
2169990, 14, 9.80940329399763e-06, 49362.117176073 
2182395, 112, 9.98153416180067e-06, 41637.8997585679 
2314, 21, 1.00288831835687e-05, 14046.0129923093 
2419968, 48, 9.54681279654787e-06, 7131.68638689665 
2560154, 8, 8.45859096791656e-06, 379.599912414819 
2560298, 170, 1.05682550754045e-05, 324920.773025624 
2560303, 140, 1.06336597866888e-05, 63486.2717830719 
2560434, 19, 9.46449866550569e-06, 1394.45514204678 
2560436, 22, 8.17728350641917e-06, 15587.2678501806 
2560541, 28, 8.33930983871775e-06, 105768.721952779 
2560608, 128, 1.0097236386401e-05, 305941.017289197 
2560688, 62, 1.03312188772031e-05, 122844.436589717 
2560834, 27, 8.499281810687e-06, 18819.9157285771 
2571246, 115, 1.09167922097771e-05, 29749.3452797212 
2596974, 39, 1.0002900841244e-05, 16847.4144175591 
2598457, 46, 1.01786350450405e-05, 32223.2181448407 
260149, 10, 8.70837397241187e-06, 5082.91875772126 
2601574, 31, 9.81942085055823e-06, 92061.228923426 
2652881, 15, 9.99310475771718e-06, 30804.7170764168 
2652883, 48, 9.89736433187842e-06, 15442.7829343352 
2675741, 33, 8.53424365265628e-06, 116785.126190088 
2675788, 12, 9.64171391106483e-06, 33020.4151661558 
2683680, 28, 9.49361079993165e-06, 18816.7917109035 
2686235, 32, 1.01024387287091e-05, 9474.62409273658 
2697370, 32, 9.81479482171425e-06, 24989.8737042589 
2697371, 108, 1.01328415527566e-05, 46462.2715597283 
2708352, 175, 1.08341188069468e-05, 129818.833030385 
2712957, 15, 8.61118765500138e-06, 21085.4402479443 
2713267, 25, 9.57799360190027e-06, 364.733478364938 
2731208, 101, 9.9511399030759e-06, 72348.250379136 
2732969, 27, 9.53370641904453e-06, 45702.4524830699 
2733109, 2, 6.92511184055623e-06, 15052 
2733369, 2, 6.521030322791e-06, 0 
2733594, 9, 7.89677337839759e-06, 83495.9552262024 
2733596, 116, 1.05771976772474e-05, 84645.2088237963 
2733922, 4, 9.10365420679861e-06, 47877.0524462708 
2733956, 34, 1.04620020087044e-05, 175929.957531718 
2734081, 1, 7.39551979410873e-06, 0 
2734135, 51, 8.13232926174715e-06, 5663.35348791203 
2734140, 15, 8.95583875907898e-06, 14274.2331240692 
2734153, 75, 9.99440313424482e-06, 5568.371537438 
2734246, 114, 1.02125225952062e-05, 38931.1431487929 
2734252, 88, 1.03086407026369e-05, 182791.570746866 
2734261, 167, 1.05854830685198e-05, 148391.387015054 
2734262, 14, 9.39469951053616e-06, 1118.82716505617 
2734576, 34, 8.52442247037763e-06, 21919.8907506128 
2742653, 51, 1.02087693328569e-05, 72652.1158407853 
2762819, 11, 8.41007527017367e-06, 2321.90785487832 
2767581, 27, 9.71788966308076e-06, 192602.437492541 
2767888, 26, 9.620102165485e-06, 13686.4437386252 
2767893, 40, 1.05988341282459e-05, 40869.4976185399 
2770786, 4, 9.42587024347023e-06, 9.43265549788775 
2772432, 7, 9.02795959085287e-06, 6626.65622173044 
2778067, 114, 1.07595141003432e-05, 75793.8932589735 
2783673, 24, 9.7122267222206e-06, 3132.4371898327 
2785630, 30, 1.03258849283384e-05, 11760.0843114158 
2790983, 3, 7.16435019343745e-06, 450.453085327124 
28045, 61, 9.80334490128032e-06, 28721.359070595 
2810196, 61, 1.06323030631665e-05, 312123.795398945 
2832317, 116, 1.06505346568398e-05, 64540.9924854031 
2841282, 49, 8.78248421348463e-06, 48689.1537674461 
2843389, 82, 1.0607941104711e-05, 10811.2644825921 
2843421, 193, 1.10485029278533e-05, 144008.056678369 
2843450, 121, 1.06821629243489e-05, 162411.293379433 
2843633, 11, 8.79948611001117e-06, 1842.15803591304 
2843734, 118, 1.01397254162357e-05, 22757.6737423751 
2844665, 165, 1.09281257171583e-05, 166065.499757616 
2845109, 17, 9.33732971044941e-06, 4356.57515339673 
2845592, 58, 9.95639100738764e-06, 127644.419220712 
2845961, 40, 8.95271177639707e-06, 91468.6320942178 
2846393, 18, 9.50751093363757e-06, 24340.1331484215 
2846435, 11, 8.80444448357531e-06, 62003.8674031617 
2859476, 17, 9.93097969114653e-06, 9687.06005141681 
2863194, 17, 9.46736598943442e-06, 27951.1305375839 
2866195, 9, 8.52514919011083e-06, 380.503249589901 
2871175, 24, 1.07734241173872e-05, 19007.2710701853 
2874282, 42, 9.85221674876847e-06, 8519.29508799715 
2910755, 74, 1.06222514924263e-05, 70189.0565430467 
2927281, 34, 1.07254708481702e-05, 21093.410573458 
2936914, 37, 8.93686995066848e-06, 140228.611229822 
2937284, 20, 9.0967806493282e-06, 34934.5271383389 
2939492, 92, 9.91551977154643e-06, 3411.84051700102 
2940491, 12, 9.98631874332165e-06, 24687.656131529 
2946820, 45, 1.04803127325319e-05, 1786.45444886147 
2948705, 20, 9.78425713027738e-06, 9692.39607239731 
2948808, 70, 1.03528242504555e-05, 83819.9667090095 
2948866, 23, 1.02209775342914e-05, 23650.5652338094 
2953988, 16, 1.01789458683659e-05, 6714.64594385301 
2955240, 6, 8.45701721003002e-06, 3593.31618040876 
2955363, 35, 1.00570233222371e-05, 33361.7364318085 
2955513, 36, 1.02895478772663e-05, 47101.7920745415 
2955575, 223, 1.1022077220673e-05, 653727.061117674 
2955577, 113, 1.06064784370293e-05, 110550.317683391 
2955723, 18, 9.57872756183069e-06, 18741.2611146929 
2955735, 25, 9.36338355228045e-06, 192268.666452883 
2955753, 117, 1.07299591188558e-05, 9205.82810996956 
2955922, 7, 7.1577350063346e-06, 268.212987633733 
2955963, 136, 1.03500382951417e-05, 72604.1519601725 
2955978, 6, 8.48572277143706e-06, 1740.2337059503 
2956031, 189, 1.10542431712413e-05, 69932.7445624656 
2956048, 16, 8.53111296899794e-06, 68735.519838162 
2956085, 14, 8.61645570710944e-06, 53968.2998905342 
2956090, 77, 1.11213674833458e-05, 28589.9082907831 
2956132, 44, 9.57863581068784e-06, 238276.145356962 
2956210, 108, 1.01112234580384e-05, 50975.6490052244 
2956235, 24, 1.01241217324397e-05, 3193.82123709605 
2956311, 109, 1.09342197340798e-05, 103975.440907217 
2956385, 103, 1.08790252393386e-05, 60163.5992159311 
2956476, 64, 1.08379936706117e-05, 29025.2821275597 
2956537, 44, 1.05069608615708e-05, 26181.7913584646 
2956566, 4, 7.73508868279175e-06, 660.098011234524 
2956638, 37, 9.77383349297261e-06, 65805.3933444033 
2956649, 6, 7.44668175860836e-06, 136.536410223692 
2956660, 5, 7.80865667679189e-06, 2286.08353255541 
2992243, 22, 1.01673546576652e-05, 3218.14635484769 
2993656, 19, 1.00616780866713e-05, 15759.0949271319 
3047786, 18, 1.04554389193258e-05, 5947.94002242012 
3047831, 15, 9.66874867054706e-06, 22103.2615752999 
3047947, 107, 9.95321986662685e-06, 49919.4169137813 
3048205, 3, 7.70558500801381e-06, 409.635191227494 
3050326, 6, 9.59886349456224e-06, 4793.54269006653 
3060016, 55, 8.50166632660001e-06, 17013.6835206631 
3074086, 20, 9.54171159222541e-06, 30901.2422992441 
319426, 22, 9.91316071216147e-06, 14142.1874413326 
33055, 125, 1.05548694890388e-05, 208555.474227944 
34064, 46, 1.06972465287435e-05, 10381.2325266185 
345201, 20, 9.50868618482984e-06, 23125.8664430562 
35789, 7, 9.94480632489682e-06, 91183.0185344767 
385025, 41, 1.01620852598953e-05, 49567.4849501309 
39478, 157, 1.05218855218855e-05, 217406.289311945 
409316, 74, 9.91650304436643e-06, 37010.8958313777 
430531, 114, 1.04905375351433e-05, 98022.1066080659 
438482, 12, 9.01575051615172e-06, 21249.8961876315 
451514, 26, 9.7508653893033e-06, 1028.85501148525 
477967, 136, 1.04381954447715e-05, 114173.206908632 
499235, 42, 9.71100062150404e-06, 17710.1781865846 
502352, 2, 7.77846919726198e-06, 164.933983245424 
542343, 34, 9.30656764478693e-06, 629021.366052257 
54526, 33, 1.04693405362396e-05, 1944.05675235079 
549779, 8, 9.30431627231873e-06, 6885.02353861078 
56635, 12, 8.36855098539688e-06, 735.487919634548 
66229, 14, 9.76657876745776e-06, 3691.7747024158 
747763, 77, 1.07566207000409e-05, 5955.98773373077 
775, 4, 8.36813081062083e-06, 6355.12083145885 
83554, 22, 1.0582570506376e-05, 97156.4028638163 
909930, 138, 1.07344511475128e-05, 76431.4576909263 
935473, 42, 8.57155102215746e-06, 7391.19599536408 
939, 131, 1.04479015389759e-05, 16473.6799725856 
96495, 21, 9.15876722993085e-06, 79819.1862516643 
10264, 38, 8.46231308865965e-06, 4638.86522561617 
1034101, 2, 6.02177473745062e-06, 104.807465996389 
1034103, 6, 7.9738457858225e-06, 47.487454436737 
10506, 28, 9.64729489851046e-06, 113337.801633675 
1056831, 74, 1.0448010698763e-05, 33188.4160615336 
10704, 27, 1.02182620779858e-05, 32971.1689558097 
1075399, 12, 8.93591164170569e-06, 7288.41445608455 
1109716, 9, 9.17035773565527e-06, 197.107464082846 
1109717, 86, 9.84823864251879e-06, 79890.411938125 
112040, 113, 1.07296137339056e-05, 17324.731578291 
1133329, 7, 8.1147753830174e-06, 3304.73297896464 
1165908, 13, 9.02282775421817e-06, 3223.20120864862 
1196056, 23, 9.71288705854928e-06, 28548.6246995219 
1211641, 92, 1.04593757844532e-05, 138738.108007022 
1233460, 15, 9.0515758793606e-06, 16463.6903880481 
1274351, 9, 9.51339009656091e-06, 16.7882608164585 
1279082, 137, 1.02062686902295e-05, 30683.4865899947 
130308, 27, 1.01161332092421e-05, 29415.4791968475 
130310, 34, 9.65884943785496e-06, 54513.0129890113 
130369, 19, 9.8133500814508e-06, 133522.272828968 
1330545, 12, 8.73942529539258e-06, 3401.69603741674 
1333713, 63, 9.94688364135516e-06, 8183.46192257812 
136609, 8, 8.54722770669333e-06, 1272.35128104741 
139871, 22, 7.61678434598481e-06, 4342.86029749277 
1450746, 44, 1.04091850649013e-05, 6765.59898733372 
1458726, 31, 8.90757500178151e-06, 45198.6960573609 
149715, 211, 1.0960225342233e-05, 217193.323304724 
1522671, 18, 9.2464170134073e-06, 232291.982270075 
1538804, 24, 8.81663169402761e-06, 1380.68274709399 
1560342, 31, 8.09336505932437e-06, 7597.14869120228 
1565532, 27, 1.01181803464465e-05, 63470.2215739046 
1603038, 10, 8.97295551208657e-06, 105228.152453128 
1623283, 224, 1.05860433604336e-05, 333168.709177791 
1623289, 139, 9.98572041979969e-06, 106186.968937926 
1636603, 31, 9.99590168031107e-06, 84386.5697224693 
1647283, 62, 1.08033360701785e-05, 8935.10890545223 
1647472, 5, 9.04829982446298e-06, 255.876115294144 
1647473, 70, 9.94609218038233e-06, 111709.930696867 
1655660, 14, 8.2425960880639e-06, 40012.6264697145 
1675553, 13, 8.87335066594497e-06, 31911.0215684361 
1702170, 115, 1.04570789195746e-05, 54940.2248677829 
1718166, 34, 9.42347198401779e-06, 106340.32831805 
1775248, 57, 1.01076464345277e-05, 23193.3475680355 
1775403, 136, 1.03649498854673e-05, 72483.5578117566 
1777491, 10, 8.5966782435267e-06, 39233.3453481953 
1815969, 3, 8.7303458089975e-06, 937.004172576732 
1843491, 128, 9.99550202408916e-06, 179586.495064351 
1848580, 46, 9.91247286460553e-06, 91210.3609106815 
1857844, 13, 9.2660371938733e-06, 38649.0592270397 
1858563, 156, 1.03465044334772e-05, 298643.394659655 
186806, 36, 9.41539794179401e-06, 68830.4914336779 
1868655, 33, 8.89157612078317e-06, 266832.310842394 
1903434, 29, 8.50658409609037e-06, 25537.8665805461 
1914195, 35, 8.51527640587213e-06, 351228.300211501 
1914850, 43, 1.02011670135063e-05, 177768.664884779 
1920860, 73, 1.01428107757222e-05, 22978.2412538312 
1922246, 20, 8.65890828484345e-06, 17693.0699343027 
1940555, 19, 9.86689557864409e-06, 34511.5033409757 
1972867, 47, 9.17970184328413e-06, 37039.3983558049 
1980925, 60, 1.06774865196733e-05, 183370.466761219 
1982112, 9, 8.87342940299567e-06, 2218.20205649175 
1982241, 6, 8.86713485138682e-06, 19820.142443939 
1982373, 14, 9.63660367540064e-06, 3369.89099925373 
1982891, 44, 9.87527527329824e-06, 5052.67421834716 
1983107, 9, 9.9614491916284e-06, 3759.89268766512 
1983735, 65, 1.07328381917314e-05, 14469.1727029667 
1983751, 138, 9.90834778300718e-06, 79140.8211374604 
1993631, 7, 9.10688753904578e-06, 40230.4035147692 
1993867, 20, 9.56617400870522e-06, 1107.32900237866 
2003504, 13, 9.05280501163286e-06, 11107.9149699228 
2033437, 37, 8.86980894431534e-06, 23883.184894558 
203492, 121, 1.00957073052538e-05, 18539.0003536636 
205872, 94, 1.06121062908566e-05, 23460.9188032338 
205875, 47, 9.00803516736929e-06, 164651.417069266 
2060307, 11, 1.00302914802704e-05, 32548.7733758731 
2070759, 163, 1.01594010017169e-05, 75919.1387059453 
2077137, 37, 9.83874300219404e-06, 280173.510220064 
2079570, 63, 1.02865842368383e-05, 116710.761484121 
211464, 19, 1.00700878111657e-05, 11645.2674675229 
2144, 54, 8.33924029520911e-06, 44481.0244439961 
2169611, 45, 9.49667616334283e-06, 34746.0243221397 
2170091, 73, 1.01854775461147e-05, 25206.9512362228 
2170239, 121, 1.09878035380727e-05, 34079.4423504612 
2212850, 22, 9.67829352328597e-06, 47755.5834196657 
2218618, 77, 9.75552650576552e-06, 36281.9740217916 
2267618, 32, 9.93917226573371e-06, 26624.2523881149 
2420313, 26, 8.05204844112342e-06, 14975.5402293661 
2494525, 39, 1.09210842452439e-05, 7080.82930454975 
2509586, 18, 9.08471496706791e-06, 10054.6925112168 
2529843, 9, 1.01187946491814e-05, 1526.56503668959 
2545797, 4, 8.85316146395878e-06, 6170.52828915991 
2560092, 15, 9.04404449669892e-06, 249359.565060773 
2560306, 64, 9.38464859183348e-06, 4965.24254700087 
2560356, 62, 8.46697034866984e-06, 231189.05957034 
2560456, 54, 8.33924029520911e-06, 44481.0244439961 
2560493, 97, 1.05445189590451e-05, 54035.5898815451 
2560592, 97, 1.04309004996401e-05, 116515.416274195 
2560625, 66, 1.00959111559818e-05, 123800.339259987 
2560628, 14, 8.78394996662099e-06, 31388.4673688022 
2560679, 62, 9.8275269028549e-06, 3100.73381980853 
2560720, 8, 9.38720336437369e-06, 5191.93026210256 
2563668, 144, 1.0752688172043e-05, 65356.4329450785 
2597167, 44, 9.89736433187842e-06, 13350.8343224091 
2599622, 2, 7.10131445330531e-06, 0 
2601632, 25, 9.55739694736742e-06, 16953.877010613 
2652879, 57, 1.03619426570093e-05, 14862.6702199535 
2653271, 21, 8.80196459849838e-06, 22601.4832159517 
2679995, 22, 8.51208716377256e-06, 42159.9990120025 
2686378, 198, 1.06159366440901e-05, 210113.752336376 
2692624, 15, 9.54708622928282e-06, 6720.87863748061 
2709390, 110, 1.08805640484403e-05, 47484.7752022031 
2713260, 22, 9.44144416329922e-06, 92728.5198416047 
2733104, 56, 8.42815002107037e-06, 227537.651777528 
2733171, 168, 1.03408338848445e-05, 152068.021071163 
2733200, 1, 8.25961625822864e-06, 0 
2733331, 20, 9.06158251477038e-06, 121703.877422047 
2733353, 2, 6.0497897698055e-06, 831.540512522244 
2733592, 135, 1.02397116497199e-05, 79882.736526988 
2733871, 8, 8.07245838647702e-06, 2900.11341805847 
2733893, 11, 8.92012916347029e-06, 101587.802234121 
2733896, 31, 8.78240708213307e-06, 14499.2130842875 
2733946, 3, 8.03897294081708e-06, 45.4551859169474 
2734102, 20, 9.40742622225985e-06, 32527.6771621161 
2734115, 19, 9.33114362496268e-06, 35717.9540748343 
2734121, 17, 9.28065632801552e-06, 22629.6449054006 
1302411, 49, 1.1460135917212e-05, 8361.84396670086 
135618, 270, 1.26638384094219e-05, 23139.6195356755 
1608473, 229, 1.29932564998766e-05, 109001.253759748 
165096, 156, 1.24776961181887e-05, 11360.1254103482 
1660063, 430, 1.26211631663974e-05, 34833.5381889962 
1743174, 397, 1.30737753140975e-05, 171010.335621557 
1758189, 149, 1.23886569457005e-05, 6823.11328436047 
1857843, 27, 1.15330942138466e-05, 402.241343461642 
1884907, 196, 1.29674775662638e-05, 30344.4647610942 
227388, 336, 1.2860413076468e-05, 81270.9150290229 
240426, 450, 1.30840387810909e-05, 237555.267746698 
2485839, 18, 1.14966314869743e-05, 4687.5732637431 
249188, 86, 1.29521934539614e-05, 20667.7146757306 
2708340, 231, 1.32324141216324e-05, 112060.045879726 
2714930, 4, 1.06455459035939e-05, 3276.50408405131 
2778059, 154, 1.28496716908883e-05, 8820.54551811749 
2854796, 567, 1.31771402970127e-05, 197474.247683546 
2893471, 29, 1.2418349353004e-05, 9595.91849295311 
2904122, 245, 1.31447499868552e-05, 17043.1620515057 
29379, 255, 1.30919183587971e-05, 82788.6723130196 
2956463, 15, 1.20035050234669e-05, 2280.05940640564 
3025665, 46, 1.25629718966319e-05, 10765.3016804145 
3072978, 221, 1.33477489021477e-05, 122902.166766957 
377315, 93, 1.2182493756472e-05, 2694.50011101848 
419257, 58, 1.24009474323838e-05, 11789.5791634091 
430451, 144, 1.28073770491803e-05, 8449.48894357148 
59843, 582, 1.32495958873254e-05, 229532.225086378 
61651, 244, 1.31952233291548e-05, 25459.8406438852 
645292, 7, 1.09464281804847e-05, 2090.52719691025 
751585, 199, 1.31660368912354e-05, 60305.8550761463 
83526, 48, 1.26492612831411e-05, 10855.6873026056 
1042877, 228, 1.30609686014315e-05, 34722.8500400578 
1382, 217, 1.32320639373329e-05, 65078.2218754286 
1406512, 165, 1.28826136246522e-05, 53762.5702195849 
155866, 43, 1.27250747598142e-05, 3834.35199063592 
1605, 86, 1.30130390651433e-05, 30133.7559535762 
1614, 67, 1.26942215903321e-05, 9585.08369960067 
1720083, 179, 1.31416406024128e-05, 85436.0247441988 
1778262, 10, 1.11964529637011e-05, 48783.6274842928 
1855617, 167, 1.29907246226195e-05, 13481.3611120353 
1886670, 220, 1.29897121479788e-05, 228165.398892057 
1932669, 145, 1.21980970968529e-05, 10868.3443123815 
216964, 14, 1.09181033070935e-05, 17439.8519996187 
2172, 50, 1.18327791648424e-05, 4624.1165088605 
224467, 66, 1.23096618535889e-05, 21946.8320040446 
2269374, 325, 1.25421730569038e-05, 57893.7250243795 
235559, 17, 1.20601075761596e-05, 727.123856838262 
2358187, 329, 1.29767327182362e-05, 85792.7604297818 
2508726, 314, 1.31917419695271e-05, 19120.4414072521 
2572088, 452, 1.31097680882025e-05, 308535.730365714 
2656760, 70, 1.16453750393031e-05, 9447.45728359982 
2691913, 133, 1.27590078595488e-05, 11733.3241621905 
2697019, 340, 1.27624274136941e-05, 99271.5121070546 
2722751, 459, 1.31235318048793e-05, 240784.457634544 
2742195, 134, 1.22561035395627e-05, 3977.77792582567 
2800681, 2, 1.06018680491503e-05, 22.1622100818509 
2831890, 222, 1.28057369701626e-05, 41647.48871876 
2842201, 69, 1.2862067191439e-05, 16432.3726837784 
2847299, 3, 1.05890699619852e-05, 21.4049182547935 
2866282, 50, 1.23201261580919e-05, 3720.97641814551 
2870840, 37, 1.19954417321418e-05, 36942.9723556853 
28898, 265, 1.25261483346486e-05, 64269.7619548939 
2896845, 51, 1.15726007105577e-05, 9367.88553698879 
2993455, 281, 1.29152244666012e-05, 166361.751268016 
327575, 61, 1.25686562849566e-05, 2118.63080743716 
33951, 176, 1.23630789011695e-05, 2685.88106519142 
34019, 98, 1.28032776390756e-05, 10481.7231630736 
54262, 165, 1.27006705954074e-05, 9225.94102554593 
58231, 534, 1.31575484855662e-05, 303453.214067512 
942880, 350, 1.30527854644181e-05, 49685.5060425236 
1076626, 87, 1.2987012987013e-05, 49526.3831782538 
1096243, 145, 1.29012281969243e-05, 30686.5857011141 
1179817, 1, 8.22523997137616e-06, 0 
1193712, 2, 8.24334350012365e-06, 15052 
138853, 320, 1.25631297268776e-05, 117372.384557537 
1743168, 349, 1.32294381457619e-05, 136673.954625648 
191393, 233, 1.25294441938556e-05, 1451.57744632603 
2007306, 196, 1.22702397604849e-05, 35856.5038128372 
2254, 541, 1.32130068839766e-05, 236145.736700611 
233181, 164, 1.24021778224256e-05, 62209.0616385649 
246273, 228, 1.27223225872115e-05, 34164.9380364587 
2654238, 289, 1.29434758410023e-05, 90835.7946308339 
2675231, 474, 1.30944898386759e-05, 90731.8619589965 
2681987, 93, 1.23906524917602e-05, 19075.2436766172 
2686014, 220, 1.25051583778309e-05, 122879.169473954 
2734193, 531, 1.31511461223846e-05, 119544.159963435 
2748760, 450, 1.30524447228966e-05, 159702.516514998 
2792977, 119, 1.25300721732157e-05, 49795.1807249698 
2874846, 172, 1.26444629896568e-05, 100784.433806782 
2886040, 149, 1.29730290725582e-05, 35089.1689022482 
2886044, 180, 1.29314246550542e-05, 27148.4231968386 
292628, 396, 1.28060649523614e-05, 30483.0394613257 
2940299, 101, 1.30737753140975e-05, 24097.9674288441 
2992244, 61, 1.28377944669106e-05, 37972.6705522981 
444, 273, 1.28609092662851e-05, 26259.078473999 
51365, 172, 1.23087527540834e-05, 13186.3319274803 
626, 431, 1.30184601765303e-05, 94751.0120490094 
676210, 225, 1.28521488792926e-05, 28580.2160664911 
754, 57, 1.27288001832947e-05, 4103.14968495952 
79601, 125, 1.30708702585418e-05, 82281.3531314925 
82989, 176, 1.2744860634949e-05, 19808.6498023567 
84405, 459, 1.31249097662454e-05, 203829.883758924 
1392, 358, 1.31235318048793e-05, 130157.208429402 
1427149, 505, 1.31646502810653e-05, 195185.771168961 
1495066, 279, 1.30179517554708e-05, 206592.709422347 
1505597, 211, 1.21661901575522e-05, 42840.3901789231 
165779, 3, 1.06624585496924e-05, 14.622185737545 
1980674, 98, 1.31983581242493e-05, 15288.7081795944 
2016373, 450, 1.3052274358807e-05, 275429.02871295 
2180, 173, 1.30965477500131e-05, 176498.3043939 
2187, 288, 1.25596583772921e-05, 17847.5439766789 
227866, 314, 1.3076168682576e-05, 46611.5745810125 
241244, 242, 1.26800568066545e-05, 37619.5345203591 
248903, 517, 1.32890365448505e-05, 224916.202328973 
2576922, 85, 1.30017032231222e-05, 34779.1048099922 
2576932, 181, 1.302015520025e-05, 83163.3759721196 
2587843, 318, 1.27349600122256e-05, 162618.999075853 
2599890, 383, 1.30556824858019e-05, 136502.267538323 
2675786, 94, 1.17842538799656e-05, 3674.98718535632 
2704653, 34, 1.26146355001072e-05, 8656.45143744569 
2717, 337, 1.27580311806282e-05, 79637.8160462697 
2735321, 18, 1.06017556507358e-05, 679.42495028211 
2773264, 162, 1.28348285908642e-05, 62505.4180959 
2776706, 354, 1.32858585321783e-05, 162084.690621007 
2861799, 207, 1.29632750418066e-05, 92398.037809485 
2904121, 36, 1.29443135630518e-05, 8279.28277270494 
29287, 298, 1.25404429284442e-05, 7038.49855686612 
2951137, 136, 1.30039011703511e-05, 35550.9334601311 
2955737, 91, 1.24228232108029e-05, 18611.1297832802 
2955972, 49, 1.12540373859122e-05, 2699.58637526278 
3074148, 151, 1.24415248332836e-05, 21832.1211253131 
34095, 12, 1.06161620450975e-05, 40514.933863642 
36853, 3, 1.10075181348861e-05, 9052.77592522764 
42094, 206, 1.21437332264685e-05, 55740.4434087721 
526525, 38, 1.1599716966906e-05, 4579.85082897735 
53988, 16, 1.0663368131458e-05, 4442.02973166372 
540068, 2, 8.11503878988542e-06, 84.3021144701023 
54252, 187, 1.32830349078157e-05, 66373.341775934 
659243, 478, 1.30789050340705e-05, 224308.847028302 
712368, 259, 1.25126690774409e-05, 123739.007394953 
104628, 252, 1.28402670775552e-05, 50971.5166834735 
1218493, 212, 1.24080255109005e-05, 6235.88159931509 
1516159, 132, 1.27612873586687e-05, 25354.9499575074 
151781, 252, 1.29683183981533e-05, 85246.4788235247 
1631871, 339, 1.26676885268745e-05, 61498.7751650942 
1655500, 275, 1.25025005001e-05, 63059.8069176131 
1699622, 105, 1.23572734911769e-05, 32924.3312045507 
1812115, 53, 1.14399460034549e-05, 27280.8258386703 
1827285, 181, 1.23716441915131e-05, 49562.4754313861 
190895, 159, 1.31617047039933e-05, 180106.89676716 
2008440, 411, 1.29550459904133e-05, 137058.259585497 
2021971, 146, 1.26085914942442e-05, 13853.0737529691 
2081052, 37, 1.26676885268745e-05, 19595.6179092831 
2175, 36, 1.19769085203727e-05, 13314.2222919592 
228229, 171, 1.30720663015203e-05, 93133.2273213707 
2315, 117, 1.3012023109353e-05, 13335.2092892655 
2584467, 276, 1.29108890438196e-05, 40071.5522793287 
2652721, 131, 1.28067209671636e-05, 20220.4766619133 
2732590, 284, 1.26635176719389e-05, 69119.8700686692 
2734158, 30, 1.08987074133008e-05, 18721.2679842507 
2770234, 369, 1.30191381330556e-05, 137409.635856201 
2792978, 149, 1.24795647127828e-05, 212867.842851487 
282132, 310, 1.29098889749548e-05, 16439.9644625302 
285458, 238, 1.26795744734807e-05, 44886.9637219235 
2879149, 184, 1.22309197651663e-05, 9949.19461209712 
2965074, 262, 1.2808853479525e-05, 48882.0397750809 
3050259, 23, 1.14694682754508e-05, 5305.97668543877 
3074145, 90, 1.1986096128491e-05, 7555.80433907846 
538220, 117, 1.1978630123859e-05, 103008.294102097 
84156, 148, 1.25366697590452e-05, 31439.3615229125 
1085647, 269, 1.24706938694069e-05, 167377.659888841 
1252, 240, 1.28562796497949e-05, 16104.5357596318 
135575, 49, 1.271536652044e-05, 10297.7631549736 
1604335, 71, 1.24993750312484e-05, 22707.6692490952 
164451, 276, 1.26942215903321e-05, 42651.7900420787 
1884915, 171, 1.27713920817369e-05, 22849.3743878287 
2259672, 372, 1.29142237260118e-05, 13208.6388045343 
2320858, 301, 1.32081203523927e-05, 161769.481865859 
2560251, 422, 1.29871816517098e-05, 164327.625262365 
2603260, 3, 1.02293418441457e-05, 117.830569987148 
2801918, 170, 1.19625810464866e-05, 61743.8536846019 
2846436, 20, 1.08082402023303e-05, 1355.01815786657 
3002900, 309, 1.29100556423398e-05, 52319.9531414947 
3041619, 262, 1.26684909293605e-05, 52607.5418671651 
3049085, 59, 1.28200197428304e-05, 3069.57192599485 
399742, 300, 1.29359412190831e-05, 104943.568652494 
48003, 240, 1.24194289546567e-05, 94238.9732693923 
484, 19, 1.1450425383303e-05, 27648.7926726335 
54254, 121, 1.30736043927311e-05, 34325.6007908016 
693153, 183, 1.30147326773908e-05, 21526.9436316454 
76629, 216, 1.21839780688395e-05, 50514.0834803141 
768528, 132, 1.30891765599026e-05, 16164.7213788022 
83559, 131, 1.28504973142461e-05, 46502.4969233382 
92793, 5, 1.01911866617749e-05, 35829.1091733382 
944547, 237, 1.22654237703913e-05, 242512.567952584 
100886, 31, 1.21905133425169e-05, 1856.53878405868 
114880, 272, 1.2278978388998e-05, 127787.156073539 
1194427, 203, 1.27603103307472e-05, 44939.9101793262 
1253, 56, 1.27847809967015e-05, 10542.9903530988 
1330330, 321, 1.32149275821968e-05, 121443.926526727 
1353277, 40, 1.25557159897043e-05, 2437.35238253988 
1365176, 87, 1.2780206016921e-05, 19574.057742138 
1629, 247, 1.31670770405678e-05, 114651.659245527 
1636609, 408, 1.30519336439694e-05, 125394.469909358 
1691, 293, 1.29807754715267e-05, 86598.0578113811 
1819725, 437, 1.30439319628509e-05, 203101.828674624 
1855616, 35, 1.26831124357917e-05, 6925.46061619744 
186823, 204, 1.23696547629356e-05, 48256.9266621326 
187880, 362, 1.28831115290965e-05, 265331.362775548 
1882662, 143, 1.28676943665234e-05, 80253.2032571242 
1982898, 369, 1.28804564833778e-05, 211550.6614086 
2055892, 315, 1.2845710175087e-05, 56721.4765060923 
2282309, 239, 1.30614803881872e-05, 109651.830932912 
2562451, 324, 1.26926103622471e-05, 87520.721717735 
2563897, 89, 1.30057615523677e-05, 6623.05102815836 
2570191, 373, 1.29582356066398e-05, 43459.3458065466 
2599307, 202, 1.25610782429564e-05, 26192.8138038169 
2734195, 162, 1.26101814605112e-05, 26683.9309838781 
2742601, 235, 1.30869496937654e-05, 119034.036100921 
2767885, 79, 1.2333649897014e-05, 134756.495543018 
2836161, 117, 1.25531941602541e-05, 40110.4003046226 
2849641, 250, 1.28736579211617e-05, 62339.6177838554 
2870563, 110, 1.25317994410817e-05, 34653.7984385407 
2926475, 6, 9.70600510535868e-06, 2578.94636447407 
293371, 298, 1.27593334524204e-05, 123730.293792877 
2983232, 114, 1.26120899494255e-05, 12977.0353237292 
3047716, 151, 1.19388729703916e-05, 31026.6050871341 
3050138, 332, 1.31887842578671e-05, 138239.246053843 
307643, 533, 1.31254265763637e-05, 247141.384497878 
497724, 95, 1.18594418946644e-05, 17962.6003199175 
69499, 103, 1.29409633253099e-05, 4097.72474249133 
71997, 460, 1.30361100247686e-05, 202786.229718817 
754514, 143, 1.22675303007998e-05, 22647.5929861781 
83191, 44, 1.16544683231551e-05, 4163.00877357201 
86660, 95, 1.25281884239539e-05, 126454.836552132 
1443036, 154, 1.28265972320203e-05, 139209.450149846 
1550241, 208, 1.302015520025e-05, 65544.5318685879 
1743173, 451, 1.30322025725568e-05, 215178.009236339 
186818, 216, 1.29696639560069e-05, 10688.6166124085 
1979527, 307, 1.27775932125425e-05, 51723.8478681981 
2004647, 9, 1.19233566633679e-05, 1342.82545139422 
2081042, 445, 1.30662589993859e-05, 154080.271801096 
2081049, 126, 1.25726068042948e-05, 23666.9513437944 
215689, 240, 1.30724080682903e-05, 60883.095271273 
247481, 58, 1.22223987679822e-05, 9642.60959018342 
2587858, 243, 1.30852372353511e-05, 121087.400308133 
2590020, 248, 1.24486493215486e-05, 91126.6802876563 
2704651, 16, 1.09213227906164e-05, 2314.92024809216 
2734192, 395, 1.29495098610518e-05, 122747.835160306 
2734196, 136, 1.24717825918859e-05, 52616.913730532 
2807620, 22, 1.14790793778339e-05, 14737.0247331632 
2813842, 151, 1.25881168177241e-05, 13015.6419440355 
2939494, 178, 1.27829832926408e-05, 23796.9394843434 
2956343, 397, 1.29935941580801e-05, 101728.439579495 
3050243, 6, 1.00922431019518e-05, 11.3704184583747 
404582, 48, 1.25643925116221e-05, 7888.09039024815 
446372, 24, 1.19750440082867e-05, 4005.9882546813 
45363, 245, 1.22880314573605e-05, 84412.7901108208 
470933, 135, 1.31321488135104e-05, 59422.3518744558 
488142, 53, 1.24629228046561e-05, 28974.7827855707 
511746, 293, 1.27310689005449e-05, 71185.6504184734 
51364, 94, 1.17322696075556e-05, 5958.32536818926 
528343, 351, 1.29137234138719e-05, 77140.0405894505 
54248, 301, 1.30091454292368e-05, 116029.980903338 
558016, 156, 1.29351045803205e-05, 103421.47249154 
65553, 158, 1.31157861602224e-05, 78905.2122044958 
658632, 182, 1.29252404094716e-05, 217431.127958408 
708126, 170, 1.31059881259748e-05, 63388.3701048292 
712361, 264, 1.22818437503838e-05, 331516.512287967 
717609, 147, 1.25241089096511e-05, 31554.0573023105 
762, 119, 1.29646195532392e-05, 50429.058244892 
938155, 110, 1.25966795152798e-05, 84966.8661736703 
1218315, 192, 1.26881010987896e-05, 53010.2470423405 
1218495, 126, 1.25535093335342e-05, 5582.96933452808 
1285600, 260, 1.32464367085254e-05, 85165.8554240897 
1382237, 34, 1.24168073904838e-05, 25063.8621315903 
1452732, 69, 1.26044594577562e-05, 9116.4601022704 
1679449, 19, 1.19381603294932e-05, 17529.0624144456 
1850254, 215, 1.20508061989347e-05, 85428.4492352802 
1940636, 446, 1.30852372353511e-05, 252302.500472183 
1971488, 122, 1.17881434852825e-05, 28910.7747989813 
2014541, 342, 1.29018939980389e-05, 279562.170585308 
2149, 160, 1.16486307034608e-05, 76131.0783214298 
216427, 65, 1.19690241654598e-05, 38365.808191891 
254955, 38, 1.23139060941521e-05, 10328.1674695476 
2592625, 25, 1.25809901239228e-05, 11403.6719176786 
2681308, 254, 1.30790760940647e-05, 102642.060392576 
2714929, 100, 1.28205128205128e-05, 28139.4086071157 
2719989, 427, 1.30429111777749e-05, 166692.7970667 
2732038, 6, 9.9149299014456e-06, 9486.69699459013 
2733117, 7, 9.67688868674944e-06, 2142.40709539128 
2738843, 358, 1.28849375080531e-05, 50486.1981413039 
2762563, 278, 1.29067231120691e-05, 190451.705468336 
2895474, 256, 1.27229700501285e-05, 92170.0070119983 
2895482, 181, 1.27511986126696e-05, 21098.4697097448 
2948788, 9, 1.19615794069449e-05, 7272.33349613184 
2956001, 11, 1.11490177715343e-05, 837.214174463421 
2956396, 18, 1.07752815042293e-05, 4665.61449526645 
2991418, 265, 1.2364301787878e-05, 16488.4811827691 
3050260, 48, 1.27262083534832e-05, 12601.6036450106 
3064001, 87, 1.28060649523614e-05, 32227.411241614 
315393, 167, 1.22467974624636e-05, 85138.6775136918 
39768, 13, 1.09324266707481e-05, 1507.3878432544 
508451, 269, 1.25286593081674e-05, 203981.039711177 
623, 361, 1.29344353472249e-05, 112820.270451849 
67826, 316, 1.31104555883317e-05, 93598.2225798047 
76887, 215, 1.22159784998778e-05, 61752.6109535017 
849, 222, 1.25792492704035e-05, 209775.502332234 
1292359, 5, 1.08335319480857e-05, 4669.46416183969 
1463811, 1, 8.35463765936471e-06, 0 
1470540, 81, 1.28658732711483e-05, 14135.3941742736 
1505596, 51, 1.20338391557058e-05, 119652.788127486 
151081, 365, 1.29657962295465e-05, 141716.8260475 
155194, 211, 1.27671526696116e-05, 120088.78678511 
1643, 32, 1.26304089726425e-05, 2942.08525916084 
1810868, 215, 1.23638431770131e-05, 21380.1669364651 
187452, 5, 1.17515717727246e-05, 29705.38234436 
201828, 242, 1.28034415650927e-05, 92197.9229421944 
2083214, 16, 1.06963311584127e-05, 2666.56651776088 
2093823, 127, 1.24430729412936e-05, 30784.1640463653 
2169658, 317, 1.28607438654252e-05, 241797.093660121 
219745, 50, 1.15561513393579e-05, 2846.43315654723 
227945, 159, 1.28164049983979e-05, 46027.3839845515 
2282148, 165, 1.27978704343597e-05, 135496.424229366 
229155, 185, 1.21245923105836e-05, 35097.6017918174 
2303, 76, 1.27854348326387e-05, 8244.53215726657 
2742626, 176, 1.23222515217981e-05, 11666.1237630354 
2751179, 39, 1.23217960249886e-05, 2078.20520207178 
2756107, 23, 1.13111935571441e-05, 20529.9687723813 
2767358, 7, 1.03753812952626e-05, 1054.47125395852 
2768165, 361, 1.30604568547808e-05, 281273.361958236 
2770636, 96, 1.2618933447745e-05, 11554.4308295789 
2778066, 60, 1.24282269891377e-05, 5876.41334737008 
2785124, 64, 1.28399373411058e-05, 52696.6146414335 
2829393, 80, 1.18514304676574e-05, 29131.3954284226 
2841925, 56, 1.28720008238081e-05, 15009.6114559806 
2856522, 81, 1.20825479677154e-05, 17129.8459350856 
2954080, 349, 1.29418007221525e-05, 56076.282827497 
2956713, 272, 1.25017189863606e-05, 73145.3948172047 
31984, 23, 1.08239165259558e-05, 2941.12859775948 
353851, 202, 1.22893905691217e-05, 219862.608994788 
391036, 153, 1.18148843913562e-05, 20625.5160669107 
394751, 240, 1.28925790315095e-05, 39725.7041824651 
43660, 110, 1.26427045273525e-05, 73344.7241873863 
529731, 167, 1.29849893523087e-05, 112265.678884733 
53410, 263, 1.28564449358463e-05, 94657.7111902534 
573241, 3, 8.01956774529853e-06, 1367.40088143572 
583357, 66, 1.20800666819681e-05, 35635.2908701648 
644524, 49, 1.18865076251946e-05, 25590.3733281294 
658642, 371, 1.29881937318977e-05, 139547.803731821 
665568, 305, 1.29927500454746e-05, 99974.8386182304 
755175, 37, 1.25996950873789e-05, 992.791754406822 
75906, 187, 1.29381169864538e-05, 65209.9445995604 
807, 191, 1.21281214752647e-05, 26722.7185562407 
971279, 243, 1.28959042608068e-05, 32839.9652654843 
985043, 13, 1.13988692321722e-05, 23368.4758636858 
1050655, 194, 1.2653102540743e-05, 118019.00050163 
114090, 105, 1.26133625963346e-05, 10440.4169320175 
1173288, 441, 1.30410401533626e-05, 151023.150261361 
1633, 124, 1.23880430608377e-05, 21328.6372067446 
164452, 92, 1.27249128343471e-05, 32017.3371793085 
171285, 263, 1.23891173992765e-05, 8395.39479528537 
1720343, 72, 1.20058108124332e-05, 22032.6428102997 
1855895, 90, 1.27276661278621e-05, 21805.5618186717 
188709, 137, 1.23808344682432e-05, 5838.58831174515 
1888195, 119, 1.26971228319663e-05, 11353.8472855175 
1917441, 2, 9.79412744118626e-06, 94.6725991341432 
2027290, 85, 1.27740023504164e-05, 35030.2174191529 
2029986, 94, 1.29858324567896e-05, 55072.2061983551 
2059264, 322, 1.27678047036593e-05, 186263.667588355 
2097, 20, 1.12780258943475e-05, 20421.395464733 
227942, 84, 1.27985256098497e-05, 79586.7959151852 
235, 229, 1.29636111435201e-05, 259635.242803903 
2560785, 125, 1.19461467703592e-05, 2897.31948467171 
2675774, 44, 1.12214554227683e-05, 2060.06765192868 
1652495, 679, 1.33729171681511e-05, 134766.053992376 
1813019, 497, 1.29433083096039e-05, 71616.0874061786 
1872114, 257, 1.28589247367135e-05, 30291.0310694218 
187327, 850, 1.34041070183904e-05, 137200.161434548 
1898749, 410, 1.30463144161774e-05, 4720.15701699635 
1940690, 584, 1.32359169843287e-05, 53846.5303711132 
2003121, 61, 1.20274707431774e-05, 737.802604116279 
2026186, 95, 1.2898732054639e-05, 12961.0186637359 
2096, 455, 1.29314246550542e-05, 63422.9133808309 
2213194, 529, 1.31159581863253e-05, 29429.081108711 
224372, 25, 1.19344559678247e-05, 324.638069253238 
230361, 141, 1.33906452951968e-05, 25656.285877166 
263819, 408, 1.3415075862254e-05, 68038.1320060968 
2672567, 631, 1.34584067938037e-05, 143537.829138055 
2714855, 687, 1.33038873958971e-05, 37751.3367304124 
2732593, 41, 1.25808318446016e-05, 22341.0928616504 
2810348, 150, 1.23739404813463e-05, 3053.8030549476 
2853159, 339, 1.32927461484268e-05, 26325.4217512115 
2894079, 695, 1.33269364038595e-05, 151110.995271486 
2979332, 46, 1.28657077425829e-05, 342.469242744071 
3031999, 53, 1.21964605871376e-05, 212.231505769477 
3073271, 132, 1.31920900228223e-05, 8014.76266421258 
51101, 711, 1.33232076954848e-05, 99306.5656515582 
521720, 440, 1.33965651207031e-05, 46280.9673824273 
70255, 316, 1.28992312058201e-05, 24952.2217696986 
70863, 280, 1.35127830928058e-05, 85247.6932398066 
860353, 570, 1.31809614193259e-05, 32703.8225201084 
94138, 51, 1.15219319975573e-05, 15540.1191674945 
1007, 219, 1.33146927634645e-05, 40320.8677854982 
142877, 440, 1.33926179889645e-05, 46129.6823125509 
1470066, 440, 1.29973095569217e-05, 3412.2947980472 
147212, 4, 1.05294191972371e-05, 12.0248023624715 
1596, 436, 1.29401260368276e-05, 27156.7802560538 
1789226, 809, 1.33942324435098e-05, 138370.228936498 
1859475, 464, 1.31073624054631e-05, 39117.1923866335 
2321111, 418, 1.28924128150583e-05, 31258.9464437429 
242703, 673, 1.32847995323751e-05, 98222.0119498783 
2447890, 110, 1.31056446011297e-05, 15245.4737161776 
2545799, 415, 1.27882143816259e-05, 16939.2370964304 
260554, 371, 1.33915419021346e-05, 97987.010857065 
2946797, 102, 1.2852479243246e-05, 4978.66031629192 
2984142, 32, 1.13350411461994e-05, 6413.85892837701 
33060, 523, 1.3288683357253e-05, 60129.4324513918 
338192, 555, 1.33580903274068e-05, 30475.0298903103 
353852, 227, 1.23904989653933e-05, 20713.3494496742 
356322, 671, 1.34423056242607e-05, 137914.152996138 
39766, 170, 1.24387392093937e-05, 5726.85926806525 
472834, 350, 1.28206771881691e-05, 17292.5520827476 
491948, 214, 1.33688052298766e-05, 40836.7753135582 
61635, 299, 1.30996358301239e-05, 26507.9071834416 
637971, 846, 1.34368869420333e-05, 112033.003021263 
1031538, 587, 1.34912711475675e-05, 101592.0520422 
114527, 338, 1.2950012950013e-05, 18365.0604400385 
1461582, 303, 1.3366124893071e-05, 29164.9820631184 
1500686, 280, 1.28895877909824e-05, 22262.3354795902 
1563703, 229, 1.34238999114023e-05, 58140.0219252373 
170861, 345, 1.31461324078456e-05, 40164.5136516697 
1738770, 88, 1.32915093838056e-05, 7953.87027822709 
2054915, 66, 1.30974054039895e-05, 1923.58628320902 
2071621, 22, 1.29213991290977e-05, 1314.03443075238 
2199, 607, 1.33404482390608e-05, 33818.9431306316 
2224, 757, 1.33461456331411e-05, 115171.7499764 
233055, 286, 1.32339901803793e-05, 53436.7924876385 
2382161, 535, 1.30860934085348e-05, 97933.8768834264 
246969, 728, 1.33177072235244e-05, 84942.983685726 
267818, 348, 1.3120948907025e-05, 41322.7165070299 
2787628, 192, 1.32867411609954e-05, 16275.8151411989 
2851575, 54, 1.15462774801404e-05, 4895.46317060916 
2921087, 475, 1.31688109880559e-05, 51356.99021126 
29520, 450, 1.26856867396517e-05, 54768.673163124 
29553, 529, 1.2838453736632e-05, 83776.5368988946 
2976236, 244, 1.34660185023094e-05, 51554.9194702513 
2980027, 293, 1.33288903698767e-05, 23900.2739416255 
3026967, 407, 1.33761369716426e-05, 78757.2636316866 
362787, 232, 1.32264635081872e-05, 10547.8280505975 
446374, 371, 1.31147540983607e-05, 31875.2348877532 
516075, 560, 1.30471655032944e-05, 57547.8545181891 
563843, 694, 1.32998177924962e-05, 122882.574347059 
715, 164, 1.2838453736632e-05, 9584.60960653836 
914150, 454, 1.34758176452356e-05, 87808.5948965319 
1497681, 204, 1.35171668018383e-05, 68704.0600199888 
150830, 99, 1.32311885576681e-05, 14071.7961188382 
1577685, 656, 1.33440085401655e-05, 95037.5614744847 
159743, 627, 1.32287381106716e-05, 102587.012452267 
1743165, 504, 1.33893902471681e-05, 133412.143234277 
216933, 146, 1.19773388748488e-05, 25315.4861807975 
2236, 697, 1.32959274574198e-05, 97643.0372020251 
2303750, 418, 1.34555093583068e-05, 111983.655287942 
2508687, 305, 1.31120027272966e-05, 29241.6645268859 
251540, 23, 1.1047770559901e-05, 5614.09302196339 
2675792, 31, 1.1102475852115e-05, 3160.23965036372 
2726122, 663, 1.33714866418848e-05, 132337.622918891 
280145, 373, 1.33333333333333e-05, 39730.4900642756 
2849039, 401, 1.31423314495992e-05, 62477.8746216727 
2898725, 73, 1.30306742070835e-05, 35068.3345575428 
2930200, 93, 1.31747098270161e-05, 25008.3576102127 
29546, 328, 1.3288859948705e-05, 83333.9909909998 
3057550, 330, 1.30378096479791e-05, 21041.4260992364 
3064892, 358, 1.34367063945286e-05, 117078.418052261 
36874, 513, 1.32691108368828e-05, 78305.5755176465 
423477, 428, 1.29030593153637e-05, 49571.4034360128 
444612, 60, 1.23234663446134e-05, 4065.46901721859 
45634, 131, 1.34219179920811e-05, 110727.152742506 
46127, 405, 1.29661324620092e-05, 27475.0571854714 
47735, 406, 1.30208333333333e-05, 20659.7771609321 
5761, 137, 1.25382416369928e-05, 19020.8721451796 
70864, 735, 1.33376013657704e-05, 101273.002083565 
731, 4, 1.11343695719948e-05, 0.0342928553278226 
92400, 290, 1.23682778409934e-05, 18997.2011511723 
92758, 408, 1.28004915388751e-05, 29755.6266310205 
102862, 573, 1.30417204637636e-05, 74586.9154755697 
1470200, 534, 1.34275049010393e-05, 101507.277414647 
1602, 317, 1.25640767916373e-05, 63398.8882340315 
166935, 381, 1.30847235852143e-05, 44014.4704074126 
1758730, 411, 1.33269364038595e-05, 30771.6213445203 
1807141, 428, 1.28325227456466e-05, 31076.580691653 
1867846, 695, 1.34314726266588e-05, 160739.153026157 
1903694, 446, 1.34077013836748e-05, 34672.6144986241 
2107999, 6, 1.13518974696621e-05, 3.46328131952807 
2110, 86, 1.24798761996281e-05, 16106.51274812 
2479546, 454, 1.32432790358893e-05, 80654.0912466316 
265883, 472, 1.31738420192865e-05, 45975.0961718604 
2738867, 185, 1.34069823564112e-05, 73434.6698258383 
2864207, 324, 1.31981839298912e-05, 20468.3505071768 
2899121, 420, 1.30221898114387e-05, 33771.0816889661 
29324, 204, 1.23563573458544e-05, 32453.7543507153 
2954083, 233, 1.28960705672981e-05, 23211.2888671354 
2983267, 283, 1.29102223140282e-05, 22323.4845640386 
317660, 568, 1.33838350040821e-05, 87463.906832034 
320912, 236, 1.31530488767296e-05, 29180.0858383325 
46632, 369, 1.27746550843127e-05, 27643.9528904121 
549298, 557, 1.29651238169325e-05, 43560.7867233868 
568386, 50, 1.24367281455595e-05, 8055.63650093836 
586733, 374, 1.31080496532921e-05, 37947.2155815115 
634113, 288, 1.23319768158836e-05, 32520.0886691993 
83171, 249, 1.28196910454458e-05, 25643.8486558336 
101192, 267, 1.35025654874426e-05, 82581.8120903884 
144, 499, 1.29443135630518e-05, 48917.7212013612 
1503041, 579, 1.32823291892466e-05, 171420.452110721 
153151, 157, 1.33352891757458e-05, 34492.0058468171 
178440, 267, 1.28407617139849e-05, 8947.3776600204 
1796613, 6, 1.21725581848281e-05, 10.8506202617458 
1903414, 484, 1.33434743738575e-05, 192162.88765517 
202950, 258, 1.35584028201478e-05, 117383.241577116 
203491, 57, 1.17900892509756e-05, 3528.53907515757 
2066024, 5, 1.04250284082024e-05, 13651.5479241414 
2123, 193, 1.24055626542942e-05, 23916.8936012901 
2282124, 549, 1.31933083540028e-05, 69984.2304394176 
248315, 99, 1.30155796488397e-05, 18251.1765916757 
255519, 751, 1.34064431365714e-05, 221191.734644279 
2571750, 378, 1.27134266498849e-05, 27477.7673820359 
260714, 515, 1.30519336439694e-05, 33115.0420522623 
2777185, 89, 1.33498871934532e-05, 17503.5823817733 
28253, 33, 1.29863383720326e-05, 8637.25189804764 
3042029, 126, 1.29821236157811e-05, 2841.54834642877 
326454, 498, 1.31125185214324e-05, 76788.7291796267 
454662, 677, 1.33910039235642e-05, 146172.433619444 
512649, 124, 1.32154515059007e-05, 13547.0199277405 
596707, 156, 1.32062016322865e-05, 4200.53219024255 
633, 325, 1.34028494457922e-05, 60533.8051639483 
915, 221, 1.31459595893202e-05, 2604.18521323009 
954, 382, 1.26248279867187e-05, 24889.0254907142 
1239415, 33, 1.19537152146887e-05, 6811.15245914098 
1320552, 160, 1.22150831847165e-05, 4061.61786873176 
134821, 115, 1.19625810464866e-05, 6036.79157512903 
1424653, 266, 1.26956720453997e-05, 6245.78874100445 
145260, 166, 1.34625740441572e-05, 83643.7426572813 
155863, 401, 1.26680094756711e-05, 14687.1495391104 
1644130, 164, 1.30386596257905e-05, 19521.7546833947 
2594495, 339, 1.27055116509542e-05, 29845.2735230434 
2709302, 249, 1.29912309191296e-05, 39992.5961704427 
2774015, 12, 1.15944717558668e-05, 1898.41507667434 
2785912, 515, 1.33618385889898e-05, 295723.1739196 
28125, 161, 1.29127229058792e-05, 10236.6960069851 
2893889, 92, 1.32194696348782e-05, 5007.39354613296 
2964606, 173, 1.31228429326929e-05, 15558.3944899843 
3035470, 600, 1.32383700918743e-05, 54321.0341768882 
3048188, 36, 1.25432742963223e-05, 3636.39525902609 
3050269, 145, 1.22967954551044e-05, 11117.5985961342 
309806, 361, 1.33686265073126e-05, 99007.9431747573 
35786, 551, 1.31549521817488e-05, 10670.0396981275 
412034, 140, 1.31347361231513e-05, 3417.28540299712 
453161, 379, 1.29767327182362e-05, 13968.4682151029 
46239, 257, 1.24742718143828e-05, 27399.0223661857 
675, 190, 1.32893897512226e-05, 12326.602977388 
715451, 201, 1.28824476650564e-05, 15349.0847153759 
788, 109, 1.25571349640866e-05, 1948.76580962797 
82688, 292, 1.32987565662611e-05, 55325.0780750765 
86106, 142, 1.248268028111e-05, 2705.18066642611 
134287, 104, 1.1999904000768e-05, 29740.6459028525 
1395624, 461, 1.27011545349472e-05, 48142.9645483871 
1441386, 634, 1.3208818207035e-05, 37897.4270325901 
1474, 173, 1.32432790358893e-05, 38298.9602510786 
1563222, 683, 1.33802534219998e-05, 144222.704262088 
162, 346, 1.32816235456622e-05, 34652.8988396859 
1641, 297, 1.32768624118748e-05, 32599.8615078105 
172045, 199, 1.26211631663974e-05, 14907.6325332157 
1763536, 71, 1.30284672008338e-05, 23645.4392291886 
1846278, 337, 1.28860997641844e-05, 1794.13352595282 
1891186, 162, 1.34471861762926e-05, 29249.5626212101 
1944646, 81, 1.31128624067348e-05, 18556.0947945451 
2173169, 435, 1.31748834022819e-05, 64177.6055651177 
2565559, 679, 1.32634790105445e-05, 115762.814610839 
265949, 101, 1.29892059698391e-05, 2112.14345878129 
2708020, 249, 1.34035680298095e-05, 47657.5038244615 
2785331, 158, 1.3242051458612e-05, 39879.3609116398 
2819096, 414, 1.33822230548939e-05, 38008.0277071813 
2864213, 217, 1.32156261563673e-05, 13367.99798328 
2943497, 108, 1.3022528975127e-05, 9736.97287960803 
2954087, 235, 1.34094992892965e-05, 56073.4482542474 
2975055, 295, 1.34320138618383e-05, 139976.534227515 
3049075, 135, 1.3186871151082e-05, 10223.2953194654 
329857, 436, 1.29389540149574e-05, 5718.53520382448 
33993, 4, 1.02884892382403e-05, 442.339624052196 
48075, 477, 1.31051293476267e-05, 52468.9452483879 
49899, 681, 1.33008791881143e-05, 86424.5228374633 
53444, 229, 1.2597949053894e-05, 20835.0389020895 
556548, 374, 1.33632670515288e-05, 44196.0281304383 
718286, 514, 1.32858585321783e-05, 9629.45113135548 
78398, 701, 1.34188561766995e-05, 168455.838241963 
849864, 40, 1.12696373430703e-05, 13629.5693232984 
104623, 495, 1.30765106638944e-05, 72692.4657587855 
118060, 494, 1.32137052550906e-05, 57212.6651117827 
1435069, 267, 1.34461013029272e-05, 81808.4484802308 
2006115, 390, 1.28410914927769e-05, 19331.6072837222 
2527775, 245, 1.33431182867436e-05, 20780.9565135669 
2605424, 825, 1.33664822092122e-05, 131255.702283973 
2682487, 328, 1.29057236884558e-05, 23130.723512292 
2777984, 32, 1.21313583481942e-05, 2170.65810160062 
2779528, 415, 1.33935148601047e-05, 81687.3967261486 
28446, 376, 1.2925908691381e-05, 24631.3197686428 
2880008, 745, 1.34066228716986e-05, 146664.236791995 
2932255, 66, 1.31879145950651e-05, 9792.68983122662 
2987521, 345, 1.32874473484899e-05, 41203.665304957 
3042028, 799, 1.33890317052271e-05, 126798.948529919 
3058373, 246, 1.23624675485227e-05, 5392.5325162204 
359303, 631, 1.32527565733673e-05, 126244.364257769 
375175, 475, 1.29449838187702e-05, 20214.6265490155 
588, 243, 1.26588688034837e-05, 15930.143473357 
61015, 156, 1.24971881326701e-05, 10745.6327322942 
676208, 267, 1.33734536944166e-05, 160601.930664495 
712362, 486, 1.28610746713995e-05, 65575.0029615979 
754516, 212, 1.21954194004732e-05, 12488.167739105 
85026, 79, 1.29750489808099e-05, 3405.41347000691 
106648, 234, 1.27362575780733e-05, 11190.7871547634 
1131707, 203, 1.32991102895216e-05, 7454.08830497599 
1144748, 169, 1.31269772509484e-05, 42251.1575615607 
1173273, 193, 1.29113891363572e-05, 6015.88860024877 
1179670, 182, 1.31299073028544e-05, 10751.9926892022 
164514, 277, 1.24375015546877e-05, 6746.7466663326 
1666906, 221, 1.32415254237288e-05, 22106.6135574983 
1699623, 385, 1.32923927636214e-05, 61676.4972917629 
1776741, 46, 1.28218278797825e-05, 10041.3025942561 
1840293, 31, 1.21304753933307e-05, 5376.33654332733 
2044912, 288, 1.28920803950133e-05, 35991.4808802155 
2133, 305, 1.26516617957769e-05, 20621.4172711422 
2173853, 261, 1.34386926839757e-05, 74746.6487101339 
237258, 415, 1.28422458519546e-05, 24582.2807887258 
242600, 128, 1.3137324452502e-05, 26252.0919167959 
2487276, 147, 1.33824021411843e-05, 118723.208780089 
2701, 416, 1.31912199240186e-05, 77734.4373118442 
2864203, 102, 1.29843149475434e-05, 8679.87441442863 
2904120, 582, 1.33436524245416e-05, 68675.812445954 
2912315, 127, 1.32548645352844e-05, 37134.8524594594 
2933816, 643, 1.32373186487345e-05, 102061.291956852 
2969821, 371, 1.30951757372584e-05, 25330.7247568422 
3047343, 335, 1.25492558291293e-05, 26128.8431915553 
3047468, 551, 1.32837407013815e-05, 192500.647566056 
314282, 103, 1.31001506517325e-05, 14151.1070873312 
315358, 134, 1.22256861666361e-05, 12254.2904673526 
33865, 560, 1.33173525103209e-05, 75465.4547190969 
33990, 335, 1.28231432088634e-05, 8929.61971990905 
512749, 488, 1.28298885082689e-05, 28442.9415023492 
526944, 511, 1.28564449358463e-05, 102412.179071794 
544718, 384, 1.27438861206336e-05, 31809.026380496 
568766, 138, 1.33854473416502e-05, 42557.7113640063 
69656, 333, 1.26208445869198e-05, 69776.5808826805 
782, 43, 1.21110828519178e-05, 7624.68940381712 
85020, 339, 1.33677329661663e-05, 41608.7520060981 
118613, 554, 1.31912199240186e-05, 85627.3167661985 
1578720, 212, 1.31582410063423e-05, 60599.0958024706 
1609531, 284, 1.27119721353571e-05, 21386.8127977261 
184064, 401, 1.32515272385142e-05, 86147.9484625418 
1844051, 134, 1.29932564998766e-05, 14410.7036930899 
1855880, 117, 1.3259258277092e-05, 16566.0176840734 
1987584, 84, 1.29644514740581e-05, 13748.0042220218 
2100116, 62, 1.3008468513002e-05, 4635.44898701586 
2111, 52, 1.16233117139735e-05, 3690.94247986934 
2113, 310, 1.24364188088398e-05, 7025.2020124191 
2143, 124, 1.22277790684878e-05, 25205.8871502771 
2496265, 128, 1.31168183845326e-05, 50818.6983141808 
253237, 367, 1.31987065267604e-05, 25839.9805635098 
2702, 202, 1.32501225636337e-05, 17682.8021216512 
2769490, 8, 1.17200318784867e-05, 5648.53847163112 
2798861, 179, 1.33548792051176e-05, 43052.1565468382 
2842979, 6, 9.24299842869027e-06, 30570.8796274517 
2908211, 521, 1.32177223220895e-05, 64321.7620699073 
29575, 243, 1.30504006472999e-05, 24469.0673713986 
3024242, 147, 1.28567755206994e-05, 18537.768787677 
387092, 363, 1.30590923930787e-05, 56726.2812003513 
39496, 286, 1.30883199832469e-05, 23448.9815186028 
417368, 363, 1.29646195532392e-05, 62672.4211934747 
42879, 526, 1.31120027272966e-05, 128181.206092547 
519472, 110, 1.23786888492771e-05, 1712.9361739639 
53442, 359, 1.330707404056e-05, 23821.7240551875 
577309, 122, 1.3133528585125e-05, 22606.1097021939 
59, 172, 1.32692869085215e-05, 33197.9668679068 
631, 238, 1.32145783228057e-05, 15855.3821535477 
664643, 249, 1.32152768600502e-05, 31463.9024487356 
683846, 424, 1.27736760084817e-05, 41181.0359919147 
82348, 325, 1.32436298140594e-05, 112365.795595504 
93466, 261, 1.34495373359156e-05, 162954.36130254 
1190813, 430, 1.29389540149574e-05, 53064.4508546346 
1244531, 393, 1.30458038172022e-05, 34916.7481802665 
1246, 239, 1.33014099494546e-05, 49917.3070552825 
1335745, 384, 1.29996750081248e-05, 12459.8459149189 
1628248, 288, 1.28195267030741e-05, 51283.083917058 
1778263, 83, 1.25984251968504e-05, 17124.6132594793 
2026188, 430, 1.30128697281612e-05, 43330.6951709251 
2100764, 722, 1.33061887083683e-05, 126956.661562446 
216938, 274, 1.22421497214911e-05, 9910.15508859918 
2259673, 693, 1.32455594262024e-05, 18851.6899717593 
2601668, 63, 1.20791911773588e-05, 933.30422741734 
264636, 203, 1.28356523078503e-05, 15013.9653839412 
2664939, 1, 7.71247879068333e-06, 0 
2791037, 322, 1.31178507713296e-05, 33742.0326171382 
2811482, 269, 1.33384908831415e-05, 86843.7882723158 
2837508, 626, 1.32885067704942e-05, 104361.379131012 
2895483, 591, 1.32233153496245e-05, 88020.4771545454 
2940297, 320, 1.27022838706399e-05, 14982.604774063 
3028070, 184, 1.32229656467353e-05, 16813.8820890245 
3067275, 150, 1.33935148601047e-05, 52815.1897864735 
309805, 583, 1.34562336002153e-05, 75003.1242478826 
37372, 183, 1.25795657533902e-05, 9242.14962269656 
414778, 237, 1.31485523443869e-05, 22156.9214935352 
81459, 168, 1.24641655241182e-05, 2503.89757344968 
86188, 330, 1.30584102691338e-05, 33962.6212322678 
1118153, 409, 1.31290453871099e-05, 53902.3549736986 
1328, 347, 1.30681372677139e-05, 52392.4672502207 
1622, 443, 1.29187282803881e-05, 24712.379145881 
163003, 865, 1.34289474390997e-05, 129333.532211502 
1824638, 165, 1.33271140134604e-05, 21776.4532773596 
1918946, 188, 1.338365587944e-05, 28847.6656373866 
1959104, 186, 1.27221607317787e-05, 1581.59331753869 
1972134, 52, 1.18382422577896e-05, 1743.57540228499 
2137, 318, 1.24875124875125e-05, 85430.7302999655 
251538, 83, 1.21835327371525e-05, 43900.4432485673 
265668, 651, 1.32329394328362e-05, 172273.847821402 
2719988, 26, 1.20378952943867e-05, 9491.37264768966 
2820710, 94, 1.30782208388371e-05, 16209.8504613873 
285729, 437, 1.27429117553361e-05, 100465.661400389 
2920380, 182, 1.22622653308972e-05, 2833.66971002582 
2994078, 258, 1.35327153393328e-05, 65425.152206866 
310037, 39, 1.26139990161081e-05, 13999.0906171301 
361101, 323, 1.32387206100402e-05, 75738.4847860699 
505341, 217, 1.32353914367017e-05, 40643.391248233 
54005, 75, 1.28353228083686e-05, 16178.348570793 
54914, 846, 1.33938736421961e-05, 163628.461447992 
572511, 189, 1.29878563543087e-05, 13031.7789398511 
649776, 416, 1.2958907304936e-05, 6530.2355016822 
658629, 319, 1.32899195959864e-05, 34591.2835237174 
82135, 255, 1.31660368912354e-05, 29611.3762839232 
84163, 713, 1.33175298645607e-05, 147955.2482385 
994692, 294, 1.25448478309958e-05, 12902.3760363873 
1032623, 196, 1.27087410721094e-05, 5019.71428486049 
103808, 268, 1.32114358188448e-05, 13425.8148935761 
1160721, 317, 1.302015520025e-05, 17105.362892621 
160233, 433, 1.31872189473962e-05, 56082.6461377984 
1660083, 712, 1.3319126265317e-05, 198957.372946949 
2099, 346, 1.27215133512283e-05, 65370.3763815282 
2210, 170, 1.28164049983979e-05, 77409.2032117892 
2320431, 636, 1.32459103251871e-05, 56224.1365263321 
2520507, 59, 1.30359400868194e-05, 7675.88114545965 
2561898, 451, 1.2897567518766e-05, 28696.9245340507 
2746233, 63, 1.18607078470443e-05, 3801.18512196061 
2773709, 68, 1.28042612581467e-05, 2392.38970550444 
1795043, 1257, 1.15194102061974e-05, 50379.9443016943 
44012, 1193, 1.16994641645413e-05, 62276.193361579 
940557, 22, 1.16996010436044e-05, 30263.8229842248 
2763010, 1204, 1.16364313392369e-05, 48542.1196204576 
2878542, 20, 1.03315390893781e-05, 400.616296840509 
35799, 44, 1.17731548523058e-05, 11.6046972518807 
72274, 585, 1.17623534116706e-05, 31528.4945937318 
79263, 1123, 1.17842538799656e-05, 43844.0187784395 
81412, 1266, 1.15608272928011e-05, 61198.1949905372 
1436290, 856, 1.16620795820311e-05, 96527.1589562598 
1891787, 1210, 1.16646642326401e-05, 53703.0507866092 
1960083, 1194, 1.14644716025038e-05, 62486.4171302307 
487184, 1108, 1.16243926254853e-05, 58672.2424488715 
95300, 1200, 1.1672833813865e-05, 66384.2160743337 
1277350, 1234, 1.18808587484703e-05, 41779.4800333899 
1379909, 91, 1.05183439919219e-05, 35399.1750414065 
1526412, 1161, 1.16875679339886e-05, 58597.9949060317 
1827144, 202, 1.21515541837801e-05, 32511.0324214628 
2718, 1140, 1.1625879207115e-05, 55675.645922291 
2721245, 555, 1.19232144986288e-05, 8380.12955006786 
2876193, 1199, 1.15420129270545e-05, 47733.7276784704 
348826, 1235, 1.16212855466072e-05, 46444.3696487137 
1183413, 647, 1.18042849554388e-05, 43531.5035042495 
1881017, 1045, 1.15426790558089e-05, 48027.0049159671 
191390, 1188, 1.15171548020777e-05, 42052.1559463018 
224402, 1257, 1.16320999430027e-05, 60570.7239675798 
1188319, 1277, 1.20189418523593e-05, 45880.2652007609 
2678688, 1227, 1.15835929988764e-05, 55422.7787738144 
1198456, 1266, 1.16449682092368e-05, 63663.2709316216 
1679444, 1092, 1.17317190487922e-05, 51165.6390234139 
2508880, 934, 1.15632335426279e-05, 34294.2794345356 
2528019, 1163, 1.19980323226991e-05, 22648.7625036964 
1703338, 8, 1.11628322337944e-05, 9910.22355527932 
3045157, 376, 1.1974900608325e-05, 9370.00938884214 
553, 1014, 1.16516166618118e-05, 42660.8825354058 
1513, 52, 1.1403158674953e-05, 1083.92067571628 
181663, 1211, 1.16860655354555e-05, 62879.2815271541 
2796366, 1143, 1.19336014415791e-05, 43195.2883683028 
2855836, 385, 1.17648442922858e-05, 14971.6453960678 
2698458, 78, 1.10406960054762e-05, 189688.945461344 
2785627, 1261, 1.17856427300263e-05, 62573.4913610573 
2900738, 109, 1.10266956301205e-05, 148362.279734581 
2016196, 1232, 1.18511495615075e-05, 50318.6137642659 
216142, 1174, 1.16158858855371e-05, 59462.6658121566 
2527964, 1253, 1.20216871235709e-05, 43229.6671528995 
2859228, 1209, 1.16848365875603e-05, 55527.2391538151 
483547, 1279, 1.18549429184498e-05, 51975.1532323438 
1990687, 1072, 1.19277654524201e-05, 37840.5972530391 
2070369, 580, 1.18453939185748e-05, 19038.2120298188 
44742, 1251, 1.16104912398844e-05, 57668.5235293871 
1353147, 1280, 1.16740602381508e-05, 61026.5982831695 
2758573, 1272, 1.17824488641719e-05, 59102.9665427859 
292414, 1182, 1.18818469142844e-05, 57695.3635886717 
665914, 1124, 1.18344595794033e-05, 40484.1541190673 
2815360, 560, 1.20481927710843e-05, 24666.890423656 
3029060, 1283, 1.17626301240957e-05, 63756.378257025 
2903900, 16, 1.06212360994573e-05, 39279.1378094152 
1094342, 1248, 1.1765813253012e-05, 60010.9137964159 
2731681, 1239, 1.17638754911418e-05, 73942.6014870868 
218936, 1232, 1.15972955106869e-05, 53960.8407624631 
2842356, 1271, 1.17738479289801e-05, 61627.9750699264 
2918528, 1249, 1.16535176142919e-05, 61233.6818047233 
55212, 191, 1.20733577215159e-05, 24451.6716734504 
1852390, 1241, 1.16254737380548e-05, 57863.3153899407 
1928, 1143, 1.17998277225153e-05, 54480.0765111826 
2815309, 1216, 1.17889773062187e-05, 46012.299652748 
61652, 1151, 1.17950955992498e-05, 77335.7873917019 
2500533, 532, 1.18769077283039e-05, 11337.4200679988 
2798804, 1186, 1.18451132985087e-05, 38350.2876940139 
2978973, 1236, 1.16403594542999e-05, 59125.744460723 
364197, 1205, 1.17738479289801e-05, 48164.7366682804 
1534, 107, 1.15884254806299e-05, 134003.293566106 
155925, 852, 1.23565100273079e-05, 4063.95910569715 
218208, 1291, 1.17588956045248e-05, 73842.372103675 
3051171, 1206, 1.19825055419088e-05, 44884.2085178479 
485898, 1174, 1.17863372778275e-05, 46312.5718509935 
199, 12, 1.0239082578201e-05, 2036.52553311735 
2681766, 122, 1.1048258794414e-05, 41499.8943919438 
2747817, 1234, 1.1558822849481e-05, 52320.5362772669 
1808979, 1223, 1.19064628280231e-05, 51914.5834920513 
2527971, 1140, 1.19118522930316e-05, 28154.6737672704 
2600177, 1219, 1.18430090717449e-05, 33351.3300589185 
239935, 1197, 1.16672500291681e-05, 60346.7839586954 
2605747, 118, 1.09934808658466e-05, 97773.8294633106 
370324, 1257, 1.17866151198699e-05, 68889.1181157185 
167964, 1159, 1.18725364486869e-05, 31916.4702579785 
2979870, 1158, 1.21179806597029e-05, 58982.2288407196 
472181, 1295, 1.17237417494167e-05, 61277.1779270766 
2527976, 1163, 1.19717466778403e-05, 27153.7350624123 
2749906, 1234, 1.19217930376729e-05, 42898.7748641889 
42443, 1208, 1.21522925299858e-05, 66321.5149988302 
875171, 1217, 1.20644725412605e-05, 60981.9019735877 
1648404, 1, 1.01475453087898e-05, 0 
2282849, 1274, 1.17622150603402e-05, 44386.1420646643 
53501, 1184, 1.18049817022784e-05, 56875.823380408 
28097, 1146, 1.16444258133631e-05, 52997.4651948644 
2983233, 1197, 1.17532291997226e-05, 55814.842887764 
375489, 1206, 1.20150428336277e-05, 25541.1273871693 
1334193, 1203, 1.17916185175577e-05, 51142.9058117972 
1618207, 525, 1.17771758332352e-05, 30165.833170661 
168934, 1190, 1.17366759386407e-05, 62174.5642243034 
2599399, 1202, 1.1609412911989e-05, 49132.7724799989 
2745490, 1222, 1.1680332655874e-05, 63303.4550308143 
2811788, 1290, 1.1823405613753e-05, 71244.6390413517 
2876190, 1223, 1.15413468751803e-05, 62352.3049300971 
3028878, 1289, 1.17856427300263e-05, 83597.623075791 
13769, 1244, 1.17164616285882e-05, 55418.9343778901 
3028314, 1270, 1.17052158441802e-05, 65518.1405783263 
3067903, 1207, 1.19584324886694e-05, 41215.5284724308 
1499686, 1260, 1.16714714224022e-05, 60044.9854241163 
1510150, 1254, 1.19088733014969e-05, 62120.567589352 
225992, 1162, 1.16320999430027e-05, 45991.4680938337 
2953747, 1277, 1.16608556735893e-05, 54168.2129118285 
3002903, 857, 1.17622150603402e-05, 37634.674951415 
1442136, 1219, 1.18002454451053e-05, 53954.3774765738 
231454, 1035, 1.1970743502879e-05, 26996.5595126244 
2956823, 73, 1.18999452602518e-05, 265.094911134196 
463192, 1256, 1.18531161842448e-05, 54487.2988465887 
929813, 1160, 1.18006631972717e-05, 46263.0831990811 
419475, 363, 1.2000048000192e-05, 3431.78101101501 
92644, 1062, 1.2012012012012e-05, 42574.2988171064 
2954084, 1163, 1.17194824676542e-05, 52023.6732020643 
328814, 1152, 1.17655363908041e-05, 51457.6354995826 
353800, 1289, 1.18185148854195e-05, 62740.4833501916 
548, 1270, 1.16588163969594e-05, 60488.2870816482 
2505977, 1290, 1.18172579234714e-05, 100080.673173653 
28198, 139, 1.16528386314906e-05, 1525.03592446542 
2898795, 519, 1.16010626573394e-05, 49169.9214469986 
3004129, 1216, 1.18340394310194e-05, 41620.5250945504 
204038, 1241, 1.17130307467057e-05, 62883.5562903348 
2725563, 323, 1.14705207616426e-05, 14271.1542135479 
2946605, 1045, 1.19843723784185e-05, 28416.4825476605 
1016, 186, 1.1602004826434e-05, 179720.620302939 
2500532, 43, 1.159675754659e-05, 2642.9822157107 
3022676, 1163, 1.18884860013077e-05, 56033.7347330292 
1351, 23, 1.06794250197569e-05, 27181.4553348051 
1046043, 1277, 1.17222300370422e-05, 52648.5669297928 
1603886, 1202, 1.18908892006944e-05, 40892.6594660588 
1653176, 6, 1.13576993844127e-05, 26805.5962694674 
2259622, 964, 1.18189339321593e-05, 24973.9922265501 
1117645, 153, 1.14130496810053e-05, 131634.809390991 
1134687, 1234, 1.18489027916015e-05, 52680.5890183705 
1350, 32, 1.19542868072491e-05, 70996.8814992906 
2675219, 857, 1.1859863848763e-05, 43828.2895046647 
2953881, 1235, 1.17134423464368e-05, 52381.5197807437 
166501, 1200, 1.16229064239804e-05, 35781.7841328371 
2731552, 1206, 1.19595766309873e-05, 43447.5835716133 
38286, 1250, 1.16266902300922e-05, 46922.2098525799 
2587846, 23, 1.14872548906988e-05, 390.546494336554 
2527994, 1185, 1.20605439305313e-05, 76644.9694665109 
2565368, 1243, 1.21946758045437e-05, 62663.2006640665 
2866381, 1254, 1.17392937640872e-05, 51334.9551037934 
931531, 75, 1.10024315373698e-05, 143370.274439736 
454171, 1069, 1.178995024641e-05, 33460.9690875414 
1280948, 1173, 1.18956985154168e-05, 35166.8936205009 
35798, 489, 1.19889701474643e-05, 219.668975680356 
375286, 1244, 1.20557457684332e-05, 45313.6860177041 
390884, 135, 1.16087390587634e-05, 90893.5091710565 
225971, 12, 1.05814507168933e-05, 19208.5354361189 
1798806, 550, 1.16479522899874e-05, 259.41216698741 
156453, 448, 1.17766210518878e-05, 12121.2751096408 
186188, 112, 1.18238250073899e-05, 29505.5032570909 
29542, 1240, 1.18889100247289e-05, 51098.147435483 
244566, 1238, 1.19277654524201e-05, 47510.9707646223 
2501295, 1238, 1.18535376883231e-05, 52942.6772238092 
2857077, 1288, 1.21281214752647e-05, 63812.1995157046 
421628, 1197, 1.18180958683937e-05, 59054.3718481027 
1214604, 1226, 1.19193773317282e-05, 31196.4934872792 
2878545, 31, 1.01773919415411e-05, 395.210130714409 
355249, 85, 1.17923137698848e-05, 121467.265667302 
401472, 1256, 1.1748258320704e-05, 52273.1093194435 
636, 1251, 1.16698369723775e-05, 60209.4659489065 
646637, 1273, 1.18934348239772e-05, 58631.1676798549 
2759525, 1252, 1.20261689436213e-05, 63821.5396568625 
2886045, 1041, 1.18320791329452e-05, 44278.8143694394 
913107, 1244, 1.2073066196622e-05, 43882.0623090003 
1301032, 860, 1.19475740450901e-05, 30027.2493637125 
321327, 1278, 1.1975187411683e-05, 53512.3605222906 
333367, 1289, 1.16894806363753e-05, 71969.0102451404 
2498848, 1247, 1.1900511722004e-05, 49333.6564343788 
2603215, 1233, 1.18347396949004e-05, 57563.7822373759 
2866382, 1227, 1.18312392039942e-05, 51080.8254528316 
42906, 1234, 1.17938436136337e-05, 68342.7885595417 
1866326, 1162, 1.18958400247433e-05, 92670.3310551395 
2590869, 1019, 1.17824488641719e-05, 38846.8220532114 
2694930, 60, 1.1119017968333e-05, 69231.6686317628 
529, 1072, 1.19950100758085e-05, 41405.8806495232 
1335746, 1110, 1.20407942107861e-05, 54461.5634452692 
1543721, 1279, 1.19291883380255e-05, 42124.923691165 
1550024, 1299, 1.18695770869684e-05, 82495.2455380156 
1985873, 1090, 1.19852341914761e-05, 36860.9983932775 
2094021, 130, 1.19270541368987e-05, 5017.41623483372 
2185142, 84, 1.18756383155595e-05, 263975.421755531 
84096, 514, 1.17273164381795e-05, 17687.2395699424 
2073078, 187, 1.18947080443911e-05, 730.873354106153 
426114, 1106, 1.17503290092123e-05, 48078.9586984004 
546, 1181, 1.20143210707163e-05, 65423.4336908097 
872, 1204, 1.18739461872759e-05, 68315.9600226084 
28151, 1210, 1.18709861228172e-05, 40401.0274862582 
1565605, 1111, 1.2013455069678e-05, 40464.7282388681 
2558361, 21, 1.07216760123943e-05, 9884.55355037387 
29570, 1219, 1.18334792795778e-05, 100203.978563189 
2996034, 1214, 1.18267615961397e-05, 64239.5394634076 
33871, 1202, 1.19737535322573e-05, 49770.1116943337 
394733, 70, 1.04727394591877e-05, 6221.41160778436 
61645, 1262, 1.18227066904697e-05, 61685.8592945299 
2171755, 1157, 1.19512865559978e-05, 37479.0004156958 
2975157, 88, 1.09709270433352e-05, 16094.6198418194 
779, 145, 1.15664434343084e-05, 25970.8274408695 
1501, 148, 1.20732119573091e-05, 20991.1788916916 
2806252, 1246, 1.18053997898639e-05, 58117.3129957865 
626932, 876, 1.20505157620746e-05, 38557.5601252711 
2294119, 122, 1.09868377683535e-05, 76596.5104441562 
359110, 1256, 1.18470779182315e-05, 90533.8263359711 
75293, 1291, 1.21055116394494e-05, 55086.8902760547 
89053, 1065, 1.20448550401696e-05, 35753.9546326061 
2662262, 1, 9.90481473044047e-06, 0 
3019098, 1251, 1.17828653571976e-05, 50447.1123108291 
44930, 1254, 1.18904650360876e-05, 42733.9514340594 
53374, 1248, 1.19365928189458e-05, 35702.478974311 
68239, 726, 1.18656335655042e-05, 25876.9484963515 
1898738, 35, 1.16223660812868e-05, 90823.3894883448 
2987533, 85, 1.19852341914761e-05, 8879.76737955366 
3022791, 1122, 1.18594418946644e-05, 32225.824927886 
588898, 1272, 1.18625369221462e-05, 65064.3396558671 
986, 81, 1.13466164389779e-05, 23472.8739613485 
2364787, 1188, 1.18199118234578e-05, 48306.1174707886 
2722825, 793, 1.20371707833791e-05, 24723.9288522696 
29571, 1178, 1.19401559384366e-05, 49917.4953373283 
3075619, 646, 1.2174188285996e-05, 147821.506558584 
518753, 9, 1.11378419317473e-05, 5113.17198866379 
1769779, 1182, 1.20212535763229e-05, 58179.1933256504 
29581, 1219, 1.17991315839154e-05, 49973.3009165983 
169292, 1227, 1.18172579234714e-05, 51289.0858769564 
2909671, 1189, 1.18390831813984e-05, 64074.1231376186 
2964610, 575, 1.18273211117682e-05, 48612.784197508 
511062, 1227, 1.18253630386453e-05, 49616.9999731831 
52773, 1241, 1.18062360538837e-05, 53427.9625438669 
1537400, 1277, 1.182550287951e-05, 58395.7042217664 
198620, 1247, 1.20347080981551e-05, 53728.1418978223 
2434, 1212, 1.19837979052321e-05, 42896.7773087681 
2666139, 17, 1.15504117721797e-05, 737.146091839842 
1297617, 1195, 1.18709861228172e-05, 59441.5848940659 
1566351, 1195, 1.18482008507008e-05, 63769.6128587794 
169760, 1242, 1.1851992319909e-05, 77934.0103873759 
2772483, 186, 1.14975567691865e-05, 122482.945245134 
2879621, 267, 1.24347177319075e-05, 4993.58181001176 
2944234, 1132, 1.19254895413457e-05, 48876.9388146107 
129338, 1069, 1.19902639057086e-05, 37593.0102340025 
146785, 51, 1.27279901230797e-05, 4507.35411729707 
154046, 1235, 1.20837159843395e-05, 75414.4175407368 
1747, 667, 1.17076825813099e-05, 33588.9534491812 
2796143, 1200, 1.19981762772059e-05, 26550.1819500745 
2796470, 1185, 1.1964441679329e-05, 44794.1766476301 
2946555, 916, 1.23139060941521e-05, 22059.2710906055 
3058963, 1225, 1.21195961750554e-05, 55848.4811830825 
3070683, 632, 1.20455804765232e-05, 6838.50969946153 
1176257, 1167, 1.17963478507054e-05, 41289.187778585 
1307, 136, 1.16605837288215e-05, 15737.1934930235 
271, 1263, 1.20762737449733e-05, 53381.3949235866 
2951988, 713, 1.17737093071172e-05, 18738.9789987394 
476157, 10, 1.12801886047535e-05, 1871.43816202812 
586, 47, 1.1828999976342e-05, 45678.7348811205 
1197717, 1216, 1.18550834597876e-05, 58788.373693722 
2175644, 405, 1.18455342335939e-05, 32988.5000232024 
2709410, 1262, 1.20078291045762e-05, 54829.2309100333 
47879, 1221, 1.20203865756323e-05, 80587.4282857055 
120, 1153, 1.22735529481074e-05, 30204.3823552246 
712411, 1260, 1.20412291686735e-05, 59065.7807559522 
1178482, 1206, 1.19986081614533e-05, 49884.5407893545 
225422, 956, 1.2062435164411e-05, 32402.7620456036 
2583374, 1235, 1.19532865561386e-05, 59683.5368648945 
1986146, 1224, 1.19595766309873e-05, 47967.676114506 
2795293, 1213, 1.19716033568376e-05, 38234.7798432458 
2984842, 918, 1.20004800192008e-05, 33502.2273898105 
73918, 1260, 1.20458706755324e-05, 58529.8810438197 
1724, 607, 1.22354092744402e-05, 63093.4968536657 
1765049, 1214, 1.2046306000265e-05, 50024.8959922193 
208223, 1255, 1.18660559603199e-05, 46809.9144091741 
34020, 65, 1.08983510794817e-05, 8310.93962797108 
56957, 1222, 1.19132713843221e-05, 40391.5812149344 
118562, 171, 1.22381045623654e-05, 35613.664839648 
1478019, 1269, 1.19558589686876e-05, 58459.1578977743 
1715691, 1230, 1.19875329657157e-05, 49775.8424015648 
33907, 29, 1.1707271386258e-05, 51809.5269483122 
665913, 570, 1.20657826469914e-05, 19991.8086054722 
669359, 44, 1.11034620594701e-05, 14322.2847372252 
930805, 1235, 1.21587938476503e-05, 61305.6442426441 
45989, 1219, 1.18172579234714e-05, 50895.1357835714 
2735906, 1169, 1.19032031519682e-05, 45335.8973542067 
2906474, 1216, 1.19924207900607e-05, 53499.3600380999 
1812111, 22, 1.11642030991828e-05, 2222.17499130737 
1930622, 1274, 1.18337593486699e-05, 59884.9454959475 
2267833, 725, 1.22107576775139e-05, 13132.1447655235 
232348, 1231, 1.19200877318457e-05, 39865.2495906708 
285107, 1167, 1.22918075102944e-05, 52060.3111046385 
2961571, 1258, 1.18688726944715e-05, 49816.7365129514 
312279, 117, 1.10717449069973e-05, 124536.462467387 
203263, 687, 1.19711734144181e-05, 31922.9071147456 
2048283, 1220, 1.19674485399713e-05, 39207.734044326 
2895486, 1093, 1.19647279819093e-05, 35772.8828496228 
1389004, 624, 1.2087075290392e-05, 22028.3767964851 
254, 226, 1.16671139060331e-05, 52764.7987410725 
121872, 1296, 1.19827927096689e-05, 55449.4142538402 
1699371, 1266, 1.20394895256441e-05, 64620.2317400755 
2954094, 1259, 1.20284834488068e-05, 54433.2401566101 
3041098, 1276, 1.188537742016e-05, 53890.8904021147 
651561, 182, 1.15065529819232e-05, 158577.587696501 
1406, 597, 1.22924118941377e-05, 83544.3577768018 
2730847, 1194, 1.19510008963251e-05, 38748.6107726877 
324057, 1322, 1.21737436696533e-05, 80486.8482133407 
1685, 956, 1.18850949024828e-05, 56143.8419912175 
2650975, 1252, 1.19657301488537e-05, 46288.2014671718 
2764185, 1219, 1.22307701715977e-05, 47536.6364675035 
2822844, 1275, 1.21337135230237e-05, 74383.169464537 
44251, 1248, 1.19219351685166e-05, 43906.3674883894 
244582, 42, 1.14151341849023e-05, 1490.3871877868 
259, 112, 1.12843891760139e-05, 107232.282936059 
274539, 1248, 1.20841540487958e-05, 49805.7099960898 
2762577, 1236, 1.19171046202615e-05, 47239.6201627865 
1505, 333, 1.24356455343597e-05, 75052.7805109518 
1925550, 288, 1.21515541837801e-05, 36699.7263180398 
1265445, 139, 1.12173015659353e-05, 83913.4943960037 
1696072, 538, 1.20689863258385e-05, 10887.0541809104 
262324, 1221, 1.19190931953897e-05, 51587.8890683166 
2763540, 1183, 1.2040359284321e-05, 51961.3393022691 
2963939, 1291, 1.20506609787547e-05, 48181.9036883848 
2810562, 1289, 1.20863448475912e-05, 50905.5353297744 
76890, 2, 9.77708251857646e-06, 157.055163904092 
1590, 156, 1.20370258916427e-05, 31797.9961434151 
271420, 1196, 1.20381851232108e-05, 73669.2472031502 
187145, 1160, 1.19250629047068e-05, 34250.0508771855 
2518644, 1252, 1.19365928189458e-05, 35766.6712027818 
2710758, 1287, 1.20965790874341e-05, 58104.4819473741 
2743, 1183, 1.1999904000768e-05, 46790.179019173 
28132, 132, 1.18838237391263e-05, 93466.0821605884 
2867516, 767, 1.21731508983785e-05, 56725.5762734836 
2894755, 1175, 1.2023710757614e-05, 38173.3846294835 
1826864, 90, 1.130237236796e-05, 4.57218955225681 
1936003, 1203, 1.21306225435489e-05, 45477.9581236811 
2173831, 167, 1.20682580676305e-05, 46608.2122368717 
2364647, 1246, 1.18528351981794e-05, 52656.2330830847 
69527, 1223, 1.19502868068834e-05, 48770.0288653669 
2675229, 710, 1.25700781858863e-05, 1297.22784392224 
430914, 1219, 1.18747921911367e-05, 49396.7025377987 
551, 1183, 1.19387304354055e-05, 38032.9745854519 
626119, 28, 1.18169786349026e-05, 24379.3142436617 
1420917, 1278, 1.20739408135421e-05, 48208.3425029567 
1916917, 1177, 1.21691512017037e-05, 58096.3774640601 
2048897, 33, 1.18615519654592e-05, 1251.51104627862 
2161747, 1247, 1.19764781968214e-05, 47873.8096645176 
2950108, 173, 1.24982814862956e-05, 21005.2130376543 
2992441, 1252, 1.1997600479904e-05, 64770.9424913274 
2980100, 1189, 1.19398708105978e-05, 40007.7940106905 
587, 215, 1.18228464685158e-05, 56608.88230811 
2527691, 1045, 1.22779230665341e-05, 284797.94614941 
2785785, 1297, 1.21954194004732e-05, 90271.4434279095 
83986, 1191, 1.18687318260044e-05, 59759.6605252319 
2731680, 223, 1.19512865559978e-05, 2418.52364100878 
2931974, 1008, 1.21928915442297e-05, 44004.0075764202 
614, 1286, 1.22384041121038e-05, 93943.815182844 
1680, 1220, 1.19584324886694e-05, 44643.5265287336 
302484, 1248, 1.18927275970744e-05, 46203.8299987699 
36745, 221, 1.18777541542445e-05, 20493.1438081318 
1871047, 188, 1.16512093955353e-05, 25766.5428046701 
266809, 1205, 1.2272799793817e-05, 54702.8772701847 
2739062, 30, 1.23262005719357e-05, 88317.9837976334 
2953753, 1226, 1.1883541295306e-05, 28144.5816129191 
2986823, 140, 1.18395036880054e-05, 7671.17406190291 
2706126, 648, 1.18928690357262e-05, 20989.9490623863 
2781021, 1221, 1.20686950120084e-05, 51267.4481825795 
48074, 1308, 1.21394580945907e-05, 77713.0164804772 
702115, 1252, 1.19694539535106e-05, 53143.0397020511 
136857, 1219, 1.19448625146325e-05, 50409.7049745573 
2352, 96, 1.24407509237258e-05, 25806.2580032373 
2919914, 28, 1.09598649744635e-05, 24860.9282020517 
46677, 886, 1.20135993945146e-05, 26332.5017525022 
2761580, 109, 1.26065251374111e-05, 11871.6033862499 
28131, 78, 1.26475014860814e-05, 98058.4049106696 
2949630, 809, 1.25034384455725e-05, 18760.1823056113 
861, 416, 1.2482836100362e-05, 27560.9309130222 
898, 1058, 1.26505414431738e-05, 43913.1603523684 
1890450, 87, 1.18030310183655e-05, 133.343184481522 
216572, 1262, 1.25745039358197e-05, 92582.5756701056 
2661630, 1208, 1.25435889716766e-05, 57215.8396174371 
2899122, 1258, 1.25291302277796e-05, 79880.4325401073 
2983606, 342, 1.21922969068143e-05, 28883.3766952017 
3039160, 935, 1.2721675190189e-05, 37438.6955225019 
374981, 65, 1.30650640188137e-05, 38600.4010620678 
607712, 1216, 1.25396566642005e-05, 70575.8071966547 
91844, 106, 1.20619986731801e-05, 5068.47494605717 
2026255, 1110, 1.26143172500788e-05, 51102.7162931621 
2059875, 254, 1.25809901239228e-05, 15380.1297216766 
2944933, 1103, 1.26076377069229e-05, 42262.8576421173 
29573, 554, 1.28267617557271e-05, 32946.9426636872 
39765, 515, 1.26233936731551e-05, 30517.9686794037 
865757, 1184, 1.26808607768295e-05, 70968.3197429565 
1324352, 358, 1.24948458760761e-05, 50782.529139476 
2049305, 282, 1.18887686802278e-05, 27617.1302205503 
2706887, 292, 1.19965929675972e-05, 35249.4090539555 
304207, 1212, 1.2710194847287e-05, 64283.6638438923 
1109412, 1075, 1.25336842764931e-05, 45641.0016076829 
1241981, 354, 1.24486493215486e-05, 42745.8008335555 
1549855, 419, 1.2609863435179e-05, 7793.22654026384 
1871076, 319, 1.23699607872243e-05, 21594.2313735605 
28112, 1093, 1.29279139518047e-05, 67857.8928328171 
2850559, 1114, 1.25949343174175e-05, 47175.4192242112 
1160973, 796, 1.25335271852205e-05, 34041.1723043657 
1648923, 248, 1.277481827821e-05, 167263.052067463 
2219057, 1200, 1.25740295992657e-05, 73440.1023950478 
67825, 921, 1.25090690750794e-05, 41573.7190831194 
2665645, 203, 1.22213531482206e-05, 3113.84715849855 
45656, 365, 1.22583571349768e-05, 22419.0090058654 
1399, 55, 1.27399895532086e-05, 40240.8604414431 
2602769, 339, 1.21787845573012e-05, 50134.6558523471 
264691, 7, 1.15486776764061e-05, 1.36578332222943 
2745518, 1211, 1.28275844375746e-05, 87360.0592826199 
2750929, 1093, 1.2819362364916e-05, 63303.3007019274 
46355, 1206, 1.25520911783903e-05, 57228.1838693442 
260552, 1061, 1.26082735491029e-05, 47126.6039864623 
28182, 435, 1.24778518130319e-05, 93097.0408591883 
3062598, 346, 1.26872962103046e-05, 88733.5042860019 
33056, 59, 1.18608485251035e-05, 461.881116373449 
657, 1141, 1.24731826572868e-05, 54676.4603664834 
146827, 1161, 1.26127262407769e-05, 62599.480704818 
1884263, 1214, 1.27590078595488e-05, 59027.0069474072 
2741301, 1239, 1.26921270735763e-05, 65868.1394820491 
2929510, 410, 1.23995635353636e-05, 13763.6814204012 
1357, 199, 1.28443902125747e-05, 62608.4384585037 
1486245, 260, 1.20707345041946e-05, 11989.4981246657 
161896, 1250, 1.27051887991056e-05, 67891.7203238694 
2705473, 252, 1.24985939081853e-05, 43725.0372719462 
2841064, 584, 1.26281759862605e-05, 23987.7108009469 
2916816, 20, 1.12843891760139e-05, 1941.43055989463 
552, 78, 1.23438502937836e-05, 784.805671743614 
188786, 1148, 1.26452624524222e-05, 39121.9219211225 
248906, 74, 1.13286206271524e-05, 6116.00611394102 
2610895, 1263, 1.26558248433842e-05, 81562.7023919595 
2735795, 1145, 1.26291328837362e-05, 68249.2823187803 
2739061, 1086, 1.26165453375557e-05, 59707.0358023399 
2785908, 1197, 1.26181373105702e-05, 57781.2107716708 
1175445, 1210, 1.26633573092898e-05, 57617.7090536739 
1265399, 727, 1.26484613146811e-05, 35466.3706368254 
28028, 1200, 1.25962035042638e-05, 55973.3675306514 
489632, 623, 1.25126690774409e-05, 25128.4537474394 
93378, 1209, 1.26253061636745e-05, 58750.3194922537 
1050174, 1190, 1.26684909293605e-05, 60441.7071473714 
133539, 578, 1.271132579128e-05, 9817.1039562 
1504, 398, 1.26683304407312e-05, 12966.3989800224 
1717717, 396, 1.22819945959224e-05, 39091.1730920267 
217159, 263, 1.27500605627877e-05, 68487.7508189731 
291645, 351, 1.20723374459763e-05, 25831.8516774152 
656, 474, 1.27166600963923e-05, 21620.2653639743 
919, 17, 1.17557162170105e-05, 2073.4502959287 
28111, 143, 1.27547766638606e-05, 72397.163315121 
3051121, 367, 1.22138896352933e-05, 55775.9132096173 
1076926, 833, 1.25995363370628e-05, 43635.8270231401 
1704499, 1239, 1.26507014813971e-05, 67918.3401816467 
269261, 277, 1.25528790027993e-05, 59372.0079819581 
285473, 23, 1.22896926347872e-05, 3885.70118475014 
2871487, 1110, 1.27122953320452e-05, 53457.4574220676 
61435, 7, 1.13822618830814e-05, 16656.7470520428 
101385, 162, 1.24438471397817e-05, 17176.7047136645 
1052, 1230, 1.26502213788741e-05, 68552.6278906151 
1238, 15, 1.13507377979569e-05, 6415.12212129906 
1423, 386, 1.29451513935455e-05, 124805.256454481 
195, 242, 1.24545409256215e-05, 3198.74686216455 
367825, 974, 1.26112946755114e-05, 34930.4468211041 
554, 769, 1.28343344114174e-05, 25976.0532729837 
67260, 1227, 1.27505482735758e-05, 75294.4410831446 
200452, 1001, 1.25010938457115e-05, 37337.2604037767 
2103230, 69, 1.24694498478727e-05, 3292.42206382165 
2830999, 974, 1.30310138128746e-05, 50799.3990880434 
2929493, 1037, 1.25759271602299e-05, 39804.3528048937 
2956833, 568, 1.26068429943773e-05, 13970.6637603245 
2979464, 188, 1.21103495046867e-05, 6125.22170153813 
2996035, 284, 1.18743691741376e-05, 36777.167558606 
373891, 341, 1.25237952109007e-05, 31276.3962669368 
584609, 321, 1.20628716872339e-05, 23326.2212601607 
754423, 521, 1.2809017548354e-05, 40085.3971568492 
122355, 936, 1.25684983158212e-05, 33283.4323215753 
1462996, 1208, 1.28024580719498e-05, 66799.5943550457 
154116, 66, 1.26893891328071e-05, 34484.2266391974 
2704140, 199, 1.21605681417436e-05, 1996.72597468499 
300019, 1159, 1.2702445220705e-05, 58473.1069336123 
502558, 1244, 1.27505482735758e-05, 77263.3521009792 
135622, 1120, 1.27393403569563e-05, 56605.3637497291 
2487072, 387, 1.2592079581943e-05, 62344.6872737915 
316068, 292, 1.2143880698516e-05, 36135.3720610969 
1358, 435, 1.26699355100283e-05, 52822.1814958726 
1547, 506, 1.26579073947495e-05, 16008.0258941113 
1743, 138, 1.23345626780802e-05, 3655.36699476372 
265175, 1206, 1.27223225872115e-05, 71146.2562713709 
2808900, 503, 1.24703828407532e-05, 24465.2598577406 
2966625, 294, 1.24120297392233e-05, 8828.57849322769 
323449, 45, 1.23681248685887e-05, 6347.27087881464 
401471, 1219, 1.2674110594289e-05, 73830.7172159022 
674529, 342, 1.2194080993086e-05, 35336.8778791012 
1891675, 1213, 1.26465418031439e-05, 67165.6524154809 
2842346, 1191, 1.26486213002783e-05, 54073.6551608809 
2855441, 1163, 1.29755540561582e-05, 103841.461070463 
2996051, 596, 1.26757171286966e-05, 28771.1754027925 
2997335, 251, 1.27056730830316e-05, 13227.4880790307 
3058432, 289, 1.19988961015587e-05, 17073.8093818597 
718217, 426, 1.30362799671486e-05, 34351.1244561257 
1681, 1194, 1.26826298701299e-05, 54448.8188995195 
1788301, 1264, 1.26595098237796e-05, 79246.9381037182 
1914861, 1217, 1.26149537661944e-05, 62576.4527226599 
2027857, 332, 1.21356277760249e-05, 24040.5533362498 
2058625, 1123, 1.27409634716577e-05, 55487.0374365273 
2175635, 65, 1.25585542592337e-05, 15050.7392898501 
2183896, 223, 1.23368452219398e-05, 4778.27250845973 
221341, 1187, 1.27026065748692e-05, 74323.8427625542 
2492438, 463, 1.26337599332937e-05, 15911.5016025864 
29347, 1155, 1.29367779660798e-05, 77839.8999532889 
2979869, 169, 1.220911776915e-05, 8645.26343717351 
3034674, 132, 1.2389270891408e-05, 4577.9747436059 
630, 80, 1.28504973142461e-05, 245937.575678446 
1056, 1062, 1.27198951880637e-05, 78563.7373184246 
1303, 344, 1.27877237851662e-05, 64985.4441277457 
1407, 523, 1.28531400221074e-05, 10773.2901915938 
1664069, 1226, 1.2717468715027e-05, 52962.1174385713 
250, 459, 1.2431471513283e-05, 71799.7305071432 
2547394, 104, 1.2592079581943e-05, 225798.357336861 
2584122, 120, 1.15338923426489e-05, 5796.72060428507 
2686077, 382, 1.25259914322219e-05, 40976.7140727129 
81028, 369, 1.27826564916721e-05, 52170.2486012585 
875328, 1253, 1.27244270826706e-05, 64137.4077447735 
114186, 345, 1.22582068694991e-05, 11802.5736737604 
1218801, 181, 1.21758188238159e-05, 46836.9753802834 
1249552, 1192, 1.27106795129268e-05, 53204.7496002236 
1295327, 32, 1.09269316083351e-05, 7919.46474813322 
2487892, 1194, 1.26707381972074e-05, 68544.5197188055 
2714358, 1146, 1.27985256098497e-05, 70436.0326589411 
2872648, 1087, 1.28008192524322e-05, 68853.6762909654 
2886510, 1, 9.12575287461216e-06, 0 
288965, 122, 1.26186149808197e-05, 7058.8591007524 
2909669, 1225, 1.27076105879811e-05, 81427.3847285533 
314281, 34, 1.13050556208737e-05, 810.948860694462 
833, 1183, 1.28401022072136e-05, 71477.4699548423 
116718, 1222, 1.26826298701299e-05, 70828.0485091115 
2698672, 217, 1.24252929262807e-05, 13855.9246394906 
1049583, 271, 1.2469294362632e-05, 21192.6010746515 
1805933, 995, 1.26427045273525e-05, 45310.0065711675 
2486578, 78, 1.16451038161005e-05, 7197.33890684202 
2663009, 547, 1.28628944084998e-05, 17367.9651534326 
28100, 730, 1.28279135398627e-05, 28125.5588783861 
2816357, 148, 1.22589582337293e-05, 8428.07306823633 
373672, 308, 1.20347080981551e-05, 21358.9320213378 
1628086, 290, 1.24225145653983e-05, 4521.77695077325 
1763363, 371, 1.25222269528413e-05, 5300.55090711843 
2052956, 1122, 1.27398272479425e-05, 77612.4274605157 
2202721, 304, 1.2589860126654e-05, 76044.8977394743 
2781023, 1081, 1.27936134281767e-05, 55816.1999596651 
2950604, 1141, 1.2675877804538e-05, 80622.8883439975 
475088, 1168, 1.27354465684339e-05, 36526.6856317503 
1510570, 1215, 1.27947592666044e-05, 80950.0478792684 
1643824, 859, 1.2779552715655e-05, 12358.6041455647 
2249, 1140, 1.27546139816078e-05, 47165.411061031 
3067902, 1254, 1.2695027357784e-05, 93738.8895643629 
666, 283, 1.2881286067601e-05, 99716.4707055301 
1006155, 11, 1.08921783267436e-05, 9250.19166534841 
1129704, 985, 1.2810822582918e-05, 24026.301340825 
354349, 736, 1.27901771439534e-05, 18629.3518274653 
561061, 345, 1.22183666487464e-05, 49305.131553359 
158877, 843, 1.27085795620623e-05, 37762.5024442793 
1874317, 1222, 1.28136131826452e-05, 73076.7771076893 
28449, 117, 1.28819498119235e-05, 46608.6528574038 
2855502, 181, 1.24929727028546e-05, 6185.713648654 
2893884, 193, 1.22331641078965e-05, 2834.61920659073 
2919598, 77, 1.1707271386258e-05, 2650.82193107173 
2926907, 331, 1.21429959199534e-05, 20322.508592234 
379893, 1080, 1.29083891621165e-05, 69648.6667792639 
481146, 10, 1.14505564970458e-05, 22391.6828415214 
797291, 109, 1.17939827100213e-05, 31630.3878081183 
1536774, 1197, 1.27064803049555e-05, 72120.6527604515 
161899, 1123, 1.2647021626407e-05, 43715.6706217684 
180957, 1156, 1.28526444315918e-05, 74948.9741702624 
2585771, 417, 1.24508192639076e-05, 81729.2147036074 
2810512, 232, 1.26673675943402e-05, 33682.3266962433 
2999116, 150, 1.31137221989089e-05, 214508.201909352 
520, 1130, 1.27019611828066e-05, 60529.8314983926 
583, 359, 1.26721832904591e-05, 49813.4861061308 
713, 166, 1.29683183981533e-05, 27225.5268806548 
1352, 322, 1.25558736376877e-05, 26154.0246743535 
1609967, 1147, 1.27455103939637e-05, 57704.5990628607 
2758572, 1149, 1.2746485156718e-05, 54443.7040458663 
2897177, 416, 1.25832064526683e-05, 3230.47217148787 
562959, 1233, 1.28044252093524e-05, 71460.7139627527 
575, 1205, 1.27963965347358e-05, 92180.3610609253 
992289, 131, 1.28328521013795e-05, 32695.0150601934 
1646, 865, 1.27187627187627e-05, 55015.1095278099 
169402, 59, 1.14790793778339e-05, 2435.74550785865 
215743, 383, 1.26427045273525e-05, 6543.83306866591 
2249356, 251, 1.22168739462946e-05, 19784.3492830606 
2867024, 536, 1.28541313178055e-05, 23977.4732750329 
2895473, 1199, 1.27562409909048e-05, 72190.5013005367 
2993314, 1224, 1.27262083534832e-05, 76437.2328400429 
3046383, 1222, 1.26995415465502e-05, 71593.0675455382 
46503, 84, 1.28576020572163e-05, 130069.442088629 
480418, 785, 1.27089025862617e-05, 31682.8452441751 
1287736, 721, 1.25266190655142e-05, 23213.145634317 
1536773, 1202, 1.27731865268429e-05, 76572.3218691459 
2718875, 949, 1.28333461666795e-05, 34783.9281167478 
2851642, 22, 1.23217960249886e-05, 6789.25392991413 
307580, 1231, 1.28037694297201e-05, 60979.2347616463 
1054033, 256, 1.24621462308239e-05, 15128.2732114916 
1853278, 1084, 1.27414504867234e-05, 49322.9687281993 
1880678, 881, 1.26398280983379e-05, 48711.8778723116 
189426, 79, 1.2604936092974e-05, 58179.2077689099 
2047767, 1188, 1.28366409078072e-05, 37805.9279863098 
2789424, 1123, 1.28295593046379e-05, 59584.3944243648 
28025, 1177, 1.27947592666044e-05, 81056.1205317947 
2980554, 181, 1.23662894948371e-05, 34263.8779184987 
566, 1137, 1.28216634826202e-05, 75475.9426824654 
576131, 863, 1.27011545349472e-05, 27931.4185203756 
1751046, 1218, 1.27824930974537e-05, 61179.4245717376 
2594462, 891, 1.31444044270354e-05, 29118.8339905206 
2596890, 1142, 1.29065565307176e-05, 63805.4081327112 
28026, 1250, 1.28353228083686e-05, 76503.5576436315 
28129, 64, 1.27022838706399e-05, 61626.9898988395 
2908839, 1198, 1.26856867396517e-05, 67813.2241628994 
3020900, 1184, 1.28758127856821e-05, 52510.4144945058 
394958, 561, 1.26443031092341e-05, 16737.7889989888 
579, 1253, 1.27705765915331e-05, 73859.826079623 
58180, 1238, 1.26537429771726e-05, 75469.1414863972 
1344094, 1183, 1.26225969731012e-05, 66186.7496620676 
1398, 1213, 1.28979002218439e-05, 63082.5835372391 
2005046, 859, 1.2699864111454e-05, 40700.9924904807 
2685905, 103, 1.29718510831496e-05, 2953.76927278013 
2913614, 95, 1.27960690475886e-05, 9123.00433150791 
3057115, 49, 1.23462887056151e-05, 18383.7003490244 
376805, 257, 1.28100020496003e-05, 13830.8908345807 
51288, 1101, 1.28665354280053e-05, 67250.0433439475 
576610, 352, 1.2374552969274e-05, 15750.2169326425 
658630, 1169, 1.27697612054655e-05, 66630.2469315488 
1282863, 188, 1.25270898317612e-05, 5333.37742434181 
155077, 395, 1.26660840268014e-05, 51950.9183746998 
1689834, 1162, 1.26460620162881e-05, 51639.7934509929 
2729423, 1041, 1.31016953593795e-05, 126007.826590557 
2907623, 330, 1.19182408676479e-05, 48271.3025629529 
437897, 456, 1.25908112259673e-05, 11772.7338388276 
85, 460, 1.27562409909048e-05, 10335.1057194668 
1124835, 494, 1.24700718276137e-05, 43602.3782375006 
2039166, 369, 1.2215530825892e-05, 36453.9681394195 
2320868, 460, 1.27883779221444e-05, 46600.9784876741 
2609415, 1260, 1.27232938063006e-05, 73596.7166418326 
2936507, 1155, 1.27502231289048e-05, 78470.2991963224 
1163710, 346, 1.25558736376877e-05, 18886.5286638774 
1283, 337, 1.2649101281354e-05, 9842.07009620373 
1921421, 1173, 1.28671976530231e-05, 93795.4126141178 
192149, 279, 1.23164843826978e-05, 14275.9910761311 
2102, 513, 1.28657077425829e-05, 12894.5808820964 
2518177, 244, 1.30968907981245e-05, 209884.601302006 
2895494, 1214, 1.28226499288343e-05, 78464.306583857 
314275, 315, 1.25514609900592e-05, 88088.7478791364 
76831, 535, 1.27882143816259e-05, 92914.2593613525 
820, 92, 1.28794611233466e-05, 249094.017326461 
839, 72, 1.27484351295878e-05, 24264.1888224957 
985782, 510, 1.29580676929456e-05, 19145.8615342211 
1280380, 1156, 1.28997303956347e-05, 109792.199143729 
135616, 5, 1.17687210930788e-05, 9396.5294324291 
1870862, 859, 1.28589247367135e-05, 35872.0284763647 
2010992, 81, 1.27542886295517e-05, 19734.8784737528 
226, 106, 1.28797928929303e-05, 226980.663090156 
2956824, 1105, 1.27365820108516e-05, 63518.0364060265 
43674, 1090, 1.29341007566449e-05, 78663.4919713138 
70411, 1097, 1.28504973142461e-05, 53227.3881883406 
1185412, 105, 1.2143880698516e-05, 31025.7465271247 
1473112, 1106, 1.2863225325118e-05, 75498.4687711315 
1796620, 1205, 1.26879401129227e-05, 64369.9540907136 
2118, 44, 1.21257684705768e-05, 100.666172106244 
247, 461, 1.24208172897777e-05, 28522.9740842599 
2730360, 1215, 1.27996723283884e-05, 82489.7407118369 
2738410, 1193, 1.27455103939637e-05, 64854.605781627 
558152, 461, 1.2491412154144e-05, 27441.6653287275 
63186, 286, 1.20891210000121e-05, 7984.46130289238 
712157, 1210, 1.27883779221444e-05, 81247.3237052898 
1548602, 629, 1.26607920591512e-05, 30535.258974825 
1778540, 1207, 1.29382843834907e-05, 90742.0959766566 
2814292, 1165, 1.28111508256787e-05, 78800.6982952822 
2872311, 1184, 1.2786906208043e-05, 82622.8008204192 
2986837, 224, 1.26566257435768e-05, 6920.26277415503 
3028622, 1111, 1.28473605097833e-05, 34736.1414490451 
426117, 51, 1.13352981183405e-05, 8362.52385890398 
67780, 1188, 1.29000632103097e-05, 76930.7076579216 
1082704, 1212, 1.26856867396517e-05, 63466.0755642644 
1448929, 1216, 1.27490852531331e-05, 60061.1550432331 
1610576, 934, 1.28394427681839e-05, 38284.4091963694 
198251, 28, 1.10463061152351e-05, 284.861847714305 
236753, 167, 1.19695972230534e-05, 1365.05328576083 
2377, 1111, 1.28336755646817e-05, 73190.8257702021 
2749040, 1206, 1.27621016629018e-05, 69684.2393778332 
2751171, 1228, 1.2730906822493e-05, 82420.1897016312 
1561003, 316, 1.22518990443519e-05, 33777.8176563868 
1619311, 1257, 1.27772666871103e-05, 70203.4081244447 
1649877, 1044, 1.28223210965649e-05, 74061.0209742885 
2426, 1181, 1.29183945019313e-05, 101182.58687975 
2946593, 1141, 1.28274198927628e-05, 82025.4834190513 
2954093, 1248, 1.27829832926408e-05, 79960.0780811051 
2977321, 302, 1.23646075473564e-05, 13763.2559638639 
299767, 1085, 1.30349205521592e-05, 90643.9411794294 
3034675, 1255, 1.28003276883888e-05, 65186.0453254577 
355243, 1145, 1.29372800662389e-05, 73975.0641144805 
48076, 1196, 1.27528247506823e-05, 73577.6050093789 
64895, 520, 1.25762434760737e-05, 18823.5691675295 
979, 604, 1.27417751841187e-05, 67679.6959571746 
104270, 392, 1.28353228083686e-05, 36646.4745246782 
1561005, 1251, 1.27291242362525e-05, 70241.8657274252 
1571, 1198, 1.30067765305724e-05, 67848.6627854248 
1628059, 10, 1.13558937088349e-05, 15988.704690385 
1803846, 303, 1.21862052156958e-05, 12031.2136103209 
194197, 1068, 1.27005092904225e-05, 60924.9204994621 
2686365, 436, 1.28443902125747e-05, 56200.5596696763 
2715131, 65, 1.26462219411951e-05, 16417.9553301576 
2809707, 270, 1.20856144930689e-05, 25509.5935711866 
2870750, 949, 1.28696816040771e-05, 43193.8571556357 
2978683, 1169, 1.27699242743491e-05, 65057.8757964225 
1051, 912, 1.29108890438196e-05, 39249.4319206929 
1372, 1177, 1.27686198398815e-05, 62876.5662935177 
2579791, 128, 1.18769077283039e-05, 7880.22708549122 
2866810, 1145, 1.26885840809024e-05, 53909.9142294278 
2934340, 1268, 1.27872332263468e-05, 89026.0254961213 
2986281, 982, 1.29528645259899e-05, 80380.5834474384 
837, 630, 1.29490068111776e-05, 49026.0022716645 
920, 1230, 1.27642193403451e-05, 73357.7339418166 
1492737, 84, 1.21500777604977e-05, 14685.2418734277 
1578, 398, 1.2757542897238e-05, 29251.5220001168 
1881022, 1080, 1.29112224345401e-05, 96082.7972885973 
2069432, 377, 1.25161144974154e-05, 11356.8298285684 
2094151, 1149, 1.27702504246108e-05, 67165.7975268597 
2175622, 33, 1.26778062324095e-05, 9196.20939865405 
2305221, 662, 1.29208982608471e-05, 102664.391082914 
2603598, 294, 1.25506733436249e-05, 9302.27029921736 
2762320, 1138, 1.28239654265892e-05, 67290.0351968323 
29562, 384, 1.30434215503411e-05, 35856.9745796077 
3062685, 1147, 1.28196910454458e-05, 59813.8875970059 
35757, 1238, 1.2815912236633e-05, 72672.6717341686 
680, 77, 1.24689834037831e-05, 8657.30944831161 
1178778, 357, 1.21740400769399e-05, 36558.5223222893 
1306519, 61, 1.27035747859448e-05, 25555.6253770799 
172042, 1192, 1.28e-05, 82233.4358443239 
2132, 259, 1.2410181312749e-05, 13142.3952499421 
2219225, 1121, 1.27756343102435e-05, 61728.969633734 
228899, 1094, 1.27911587510713e-05, 37923.9482352117 
2759736, 378, 1.29849893523087e-05, 100730.764107078 
2986831, 159, 1.26903553299492e-05, 10267.513043153 
3031802, 319, 1.1943293243679e-05, 38115.3070338232 
3070999, 225, 1.29968027865145e-05, 35822.4657777437 
453162, 1135, 1.2893410178058e-05, 55192.064069466 
57320, 1198, 1.28837754615613e-05, 83125.2851884298 
95619, 1167, 1.29401260368276e-05, 78988.0018457355 
1263979, 40, 1.29779115944662e-05, 8827.21675727061 
1472345, 115, 1.31508002261938e-05, 25007.6497812438 
1510466, 504, 1.32089926822181e-05, 28061.6894879027 
1522056, 274, 1.27678047036593e-05, 12091.3753949096 
1647, 86, 1.25533517449159e-05, 6731.26592207441 
1758374, 533, 1.31724537646873e-05, 262335.11920977 
1825023, 196, 1.28796270060019e-05, 637.306258263152 
1845000, 30, 1.12254863441959e-05, 21377.5875958432 
186764, 362, 1.31499355653157e-05, 31420.8122589836 
186824, 8, 1.1326824185035e-05, 66154.9392457903 
2083052, 142, 1.28506624516494e-05, 8903.07576969562 
2108399, 397, 1.33194810730174e-05, 72352.2492402075 
2317, 200, 1.2710841076354e-05, 16361.6733978187 
2422, 226, 1.31565098410694e-05, 209928.09872602 
2661583, 64, 1.17381913794723e-05, 10791.725509813 
2717374, 485, 1.31004938886196e-05, 261596.059619353 
2763022, 24, 1.23007282031096e-05, 951.93463833017 
2819993, 14, 1.14034187449397e-05, 14917.0582071607 
2867409, 223, 1.31010087776759e-05, 16662.2967102751 
2899133, 292, 1.32376691112229e-05, 66414.1834856172 
29291, 170, 1.31111431605722e-05, 25780.6557894898 
29555, 276, 1.25697621800996e-05, 42653.0038702288 
301585, 83, 1.19983202351671e-05, 24154.797113995 
314343, 105, 1.2308146762342e-05, 594.955671551022 
33024, 448, 1.3044442415309e-05, 115278.168537115 
400946, 575, 1.32687587076229e-05, 147621.960749978 
53945, 24, 1.23941846485629e-05, 2992.86560710643 
558541, 466, 1.31689844079225e-05, 188745.723932329 
56112, 399, 1.29959582569821e-05, 57864.5788995505 
617123, 497, 1.29895434175489e-05, 58092.3152146087 
868131, 388, 1.28067209671636e-05, 33755.8088697697 
948, 123, 1.31783558683219e-05, 18933.4401510212 
102106, 429, 1.30350904635278e-05, 98105.0793620854 
111504, 289, 1.28776366961135e-05, 103398.672786502 
115561, 159, 1.31771402970127e-05, 16607.7330863439 
1200300, 458, 1.3398539559188e-05, 129000.512366681 
1318743, 119, 1.31123465855449e-05, 26006.4497635092 
1322, 453, 1.32273382627214e-05, 84458.1955419903 
1688404, 159, 1.32191201353638e-05, 25514.6185223607 
170673, 372, 1.31504543481977e-05, 141540.706699528 
187878, 514, 1.31533948912214e-05, 37492.8203937652 
198483, 26, 1.27944318632531e-05, 6127.67724670512 
2083053, 339, 1.31077060203694e-05, 57723.2355476984 
2109, 250, 1.2931257435473e-05, 18166.557964449 
244787, 114, 1.28113149533668e-05, 15461.3687934782 
2560792, 33, 1.18538187076967e-05, 33.070368338807 
2675795, 129, 1.18722545411374e-05, 17831.2648889852 
2795386, 392, 1.33454331927614e-05, 84243.8197503023 
28070, 83, 1.17299300896167e-05, 9813.66859253005 
2822846, 115, 1.30896905597152e-05, 18063.4472540069 
2927224, 1, 1.00716091409925e-05, 0 
2956317, 90, 1.31840894408628e-05, 6726.95545168915 
3070661, 499, 1.31549521817488e-05, 230230.833549778 
311400, 338, 1.33297787256732e-05, 41004.9120416037 
326320, 57, 1.20241444821201e-05, 15887.8846608308 
362837, 260, 1.23928022604471e-05, 16572.0784018238 
39777, 164, 1.27630789651696e-05, 12937.7443190674 
411483, 226, 1.29295854774896e-05, 19507.5308337094 
41997, 199, 1.26664048942989e-05, 8769.4403100798 
46255, 265, 1.33956678410202e-05, 192205.14225624 
54077, 621, 1.32717524021872e-05, 137878.506135758 
55603, 373, 1.27255605609427e-05, 54666.3162538714 
633807, 397, 1.30555120371821e-05, 67264.3644938201 
67760, 282, 1.27103563983934e-05, 66521.6837364076 
76860, 193, 1.2073649260489e-05, 15186.8856200239 
774, 112, 1.24396676120814e-05, 8115.90991483012 
82983, 678, 1.32608407373027e-05, 116438.046983595 
873191, 268, 1.22195610733662e-05, 70221.835143069 
927786, 383, 1.30490382858783e-05, 76928.2832918203 
1032243, 151, 1.28405968309407e-05, 44908.3121996758 
1056807, 65, 1.27552647355196e-05, 12406.5224549094 
111955, 329, 1.27810227374394e-05, 168990.661844427 
1129, 144, 1.28932439401753e-05, 21108.3224270564 
113267, 184, 1.32478406019819e-05, 63564.1432383427 
1442553, 508, 1.32492447930468e-05, 131194.842778358 
1591088, 303, 1.30469952769877e-05, 25370.0925314698 
1600, 285, 1.26971228319663e-05, 8297.81387505778 
1643949, 9, 1.09378076258395e-05, 17432.2847593197 
1656159, 37, 1.26055716626749e-05, 3620.77466612218 
1778264, 137, 1.19571455902047e-05, 15982.0747300471 
1779135, 205, 1.32525809401381e-05, 40814.6344235669 
1806891, 141, 1.20329703387281e-05, 29267.2806508334 
182180, 347, 1.29414657504109e-05, 46178.3255480572 
1855619, 546, 1.31304245066243e-05, 118991.650696278 
186804, 193, 1.28164049983979e-05, 20176.6876576165 
1890464, 9, 1.00144207659029e-05, 2298.01644583316 
202, 89, 1.29267441409532e-05, 14587.5397627805 
2066483, 28, 1.23519312244469e-05, 5981.78395213483 
2126985, 439, 1.30556824858019e-05, 187389.05329006 
2169583, 667, 1.3321610316255e-05, 125708.562316329 
2304606, 152, 1.2484238648706e-05, 10276.5239727987 
2575699, 159, 1.23344105385204e-05, 9592.02844917571 
2601646, 16, 1.15841297422531e-05, 7494.40391614326 
2613334, 135, 1.29037253054957e-05, 9880.53481570321 
2708117, 133, 1.25852651715372e-05, 3523.20493012294 
2724901, 139, 1.30405299671379e-05, 6788.84672387921 
2733155, 278, 1.32345156167284e-05, 49924.9982696745 
28263, 39, 1.26768419451346e-05, 10270.4829911164 
2880988, 420, 1.2992074834351e-05, 44576.7555454612 
2926710, 425, 1.32243645692824e-05, 95644.2704146042 
2929481, 203, 1.32793307217316e-05, 64974.0215546456 
2953738, 152, 1.2771718306981e-05, 4750.90160412216 
2969672, 378, 1.31648235913639e-05, 41689.4470999514 
302167, 181, 1.3133873573333e-05, 105362.691957723 
3050305, 419, 1.33550575602981e-05, 57020.9482460761 
3074147, 26, 1.26725044670578e-05, 447.865165009464 
33962, 180, 1.31844370904584e-05, 223347.402005095 
34021, 180, 1.29280810849246e-05, 48311.8386346517 
51664, 374, 1.27905043295857e-05, 103170.88619667 
553981, 138, 1.29890372525588e-05, 27477.5003068236 
56877, 232, 1.32840936262919e-05, 80957.493259655 
60519, 304, 1.28356523078503e-05, 215324.285591901 
651457, 301, 1.3214403700033e-05, 94779.5519360014 
72360, 408, 1.29983232163051e-05, 67998.0764227705 
906, 335, 1.31584141479269e-05, 73694.2671744308 
102886, 311, 1.29580676929456e-05, 73020.6368703545 
1031542, 153, 1.2364454665727e-05, 21016.3518326793 
1162633, 243, 1.27736760084817e-05, 202780.771396366 
1166130, 431, 1.29885311270148e-05, 149093.085284721 
1218494, 276, 1.31423314495992e-05, 77903.0076359754 
1279031, 88, 1.26725044670578e-05, 883.665267323329 
154288, 126, 1.31426769004311e-05, 12329.2696054366 
1650, 104, 1.31482065846219e-05, 34038.5768918232 
1763883, 572, 1.34174158057158e-05, 132465.328990396 
1964448, 159, 1.24519045187961e-05, 3374.32970846064 
2004646, 95, 1.24508192639076e-05, 2495.48713629932 
2025808, 164, 1.24887601158957e-05, 9006.51356060064 
2190, 347, 1.28559490904416e-05, 129613.959180944 
2586965, 143, 1.2023710757614e-05, 3840.39611953728 
2598455, 62, 1.3000013000013e-05, 2718.43166261554 
267889, 300, 1.25722906713603e-05, 42414.5523464155 
2772226, 109, 1.22890885183046e-05, 647.622116806126 
2778056, 450, 1.31195717771772e-05, 44525.0493677856 
2778065, 42, 1.23851279383716e-05, 15602.9565728107 
277988, 588, 1.32506492818148e-05, 206242.748832758 
2864217, 450, 1.30681372677139e-05, 91534.8634984453 
2954085, 178, 1.28862658178913e-05, 26884.0115989659 
2975052, 529, 1.32971650444125e-05, 100865.4284216 
298596, 41, 1.26818256756243e-05, 1877.90747917722 
3032287, 89, 1.28167335272932e-05, 3614.846231346 
3032580, 329, 1.3033051819414e-05, 26061.982085613 
313590, 172, 1.25206590874944e-05, 8601.96531378953 
338190, 37, 1.2058071673178e-05, 6.20955927960363 
379067, 320, 1.30230377537864e-05, 43724.7410483793 
400065, 213, 1.31648235913639e-05, 45445.9459414828 
412965, 274, 1.24251385402947e-05, 21411.059777806 
45361, 39, 1.15940684745684e-05, 4965.04191227584 
488, 456, 1.31617047039933e-05, 83159.776290056 
515256, 131, 1.19694539535106e-05, 11747.5478271072 
53558, 373, 1.26806999746386e-05, 100886.739865483 
57665, 110, 1.29493421734176e-05, 18282.7513552932 
708131, 455, 1.3124220749393e-05, 90728.2939593928 
844, 689, 1.33205456095482e-05, 191074.705114021 
931101, 41, 1.13650569957608e-05, 883.097379516962 
1198140, 7, 1.06237185139543e-05, 1704.87566654979 
125316, 104, 1.30671126907798e-05, 49983.8711057606 
1329, 296, 1.3094318375257e-05, 60218.2168566515 
1375, 108, 1.29200635667127e-05, 19351.4910795573 
149016, 372, 1.28900862346769e-05, 36669.6396145569 
1821960, 211, 1.32399475698076e-05, 52512.2185411687 
1852374, 73, 1.28562796497949e-05, 12728.3035917258 
1884904, 593, 1.33338666880009e-05, 136341.93280988 
1933904, 429, 1.29454865561122e-05, 104827.025173101 
206379, 167, 1.23711850358146e-05, 1035.00013490455 
2077090, 163, 1.30367898208745e-05, 15469.8774285862 
2079575, 252, 1.3113894170874e-05, 46615.2673095975 
208596, 37, 1.18109771221373e-05, 13919.1152619988 
2136, 208, 1.22215025115188e-05, 55596.6910050579 
214, 59, 1.27069646873451e-05, 24895.9031051231 
2282419, 411, 1.27030906619581e-05, 45939.9223423486 
2676247, 48, 1.26028709339988e-05, 43074.2119838743 
2781952, 394, 1.31082214765101e-05, 114802.662453154 
2792084, 90, 1.25291302277796e-05, 52975.4418257652 
2841528, 107, 1.32180717476934e-05, 29094.1600548734 
2844380, 536, 1.32684065970518e-05, 189507.925064589 
2849642, 84, 1.29072228819247e-05, 22016.0617403182 
2884805, 310, 1.29025598678778e-05, 27848.210632439 
2923362, 144, 1.29538712644274e-05, 60603.2911451622 
2929514, 175, 1.23219478535167e-05, 11544.1836504971 
3064797, 174, 1.29779115944662e-05, 11464.0689031785 
326523, 574, 1.32123085866794e-05, 192201.345573687 
33936, 125, 1.27003479895349e-05, 10178.3094030258 
413888, 261, 1.23484231063693e-05, 33417.9237960114 
44822, 204, 1.23119351899732e-05, 24207.7663878382 
632, 32, 1.19591475519625e-05, 2751.85359423123 
644281, 384, 1.25925552813177e-05, 29901.4982254741 
1043206, 176, 1.30137164571458e-05, 33443.4858391332 
109472, 379, 1.27870697151041e-05, 41074.6308794684 
128944, 234, 1.29829663481512e-05, 33868.0365953973 
136468, 529, 1.33838350040821e-05, 146025.307351421 
139, 299, 1.2598742645484e-05, 14399.8751884573 
1659194, 447, 1.29740389480649e-05, 98579.0140840896 
2008790, 147, 1.22893905691217e-05, 665.275667276668 
2325, 74, 1.27232938063006e-05, 9608.50377659971 
2419841, 391, 1.29200635667127e-05, 20018.7833261783 
2738983, 111, 1.32765098710851e-05, 11774.345194008 
2823904, 101, 1.24364188088398e-05, 52436.8299204554 
2895568, 443, 1.31679439572305e-05, 136416.254617868 
2954088, 280, 1.29979853122766e-05, 31311.5479104818 
2986279, 333, 1.30642105950748e-05, 93527.0682293414 
315405, 253, 1.28471954572317e-05, 24271.9086737193 
33043, 100, 1.31648235913639e-05, 47309.9418194938 
403957, 233, 1.33659462421642e-05, 133357.676341935 
45362, 45, 1.14272654553765e-05, 13167.1520424234 
489910, 200, 1.31004938886196e-05, 57188.4189565984 
594679, 7, 1.18563484817946e-05, 3493.29431197376 
70348, 109, 1.30184601765303e-05, 20024.7955443255 
71998, 414, 1.33258708456598e-05, 48646.4694527623 
1007869, 427, 1.30630159891316e-05, 99893.618531074 
1183377, 120, 1.26321640160176e-05, 12847.786367741 
119394, 135, 1.33668395444581e-05, 77743.6160702722 
1215089, 129, 1.30986063082888e-05, 30939.9089692792 
135620, 94, 1.28758127856821e-05, 14208.0340514793 
1439319, 14, 1.06978187147641e-05, 348.045490826477 
1505907, 669, 1.33386688008537e-05, 223143.703971097 
176102, 82, 1.2662074554295e-05, 3377.13080095425 
2004644, 22, 1.13522840795568e-05, 2889.113519745 
2184581, 406, 1.33246279097656e-05, 199112.277562801 
225084, 189, 1.27656858364716e-05, 5324.01444633354 
2286, 355, 1.28597515496001e-05, 87824.2081091589 
2512240, 351, 1.2847030408921e-05, 54502.4388688933 
254839, 35, 1.2308146762342e-05, 1603.20793426561 
2614801, 1, 8.84932258435617e-06, 0 
2675772, 49, 1.15762178181145e-05, 18924.7858952566 
2681307, 400, 1.31199160325374e-05, 121200.541396388 
2681469, 150, 1.23353234321804e-05, 12087.9023285579 
2749996, 27, 1.24074097050759e-05, 24700.4301819371 
2778063, 3, 1.01602267762616e-05, 72.9275263840708 
2779363, 189, 1.3208818207035e-05, 78129.8560833134 
2781390, 242, 1.29730290725582e-05, 13140.9236165554 
2856608, 103, 1.31412952060555e-05, 31136.5319864323 
3072977, 69, 1.27813494548754e-05, 13560.7177972488 
337479, 189, 1.22643707764573e-05, 12155.1816459448 
386487, 36, 1.20778781583651e-05, 3265.66578058868 
468911, 314, 1.29898808827923e-05, 18053.3962990237 
522262, 218, 1.29863383720326e-05, 42536.8194586722 
53952, 525, 1.31622244159263e-05, 234739.878069666 
543349, 260, 1.26315257619968e-05, 2526.019843072 
55205, 35, 1.15168895184788e-05, 5403.4061069532 
556259, 385, 1.27508734348303e-05, 40812.0098513132 
55802, 234, 1.33598749515705e-05, 111986.460147641 
640330, 55, 1.18626776435977e-05, 4023.46496703737 
680114, 545, 1.32601373750232e-05, 180077.747153966 
786, 114, 1.21611596881879e-05, 9650.80975239393 
861445, 131, 1.32576761945166e-05, 27833.4805647847 
142058, 117, 1.28929114772698e-05, 1305.25766711087 
1602166, 114, 1.25858987590304e-05, 7532.70561667119 
1603, 275, 1.30818136626462e-05, 113103.988639842 
1612, 413, 1.27718814258528e-05, 58372.4617413476 
1625, 142, 1.27215133512283e-05, 10206.8392445784 
1643951, 51, 1.27127801578927e-05, 18706.1905369332 
1654388, 267, 1.22918075102944e-05, 126598.880834276 
1903056, 308, 1.23404990497816e-05, 69890.9168617897 
1917158, 16, 1.1397959765202e-05, 6995.00885750034 
2067572, 493, 1.32353914367017e-05, 92434.2729917174 
225999, 189, 1.23231626164539e-05, 40518.3647695939 
2576919, 204, 1.2954710332677e-05, 22507.6035530513 
2601575, 274, 1.29632750418066e-05, 45947.5440350031 
2738399, 14, 1.15070826093461e-05, 1912.32335278285 
2810537, 260, 1.31161302169408e-05, 34214.5732039749 
2892440, 31, 1.26173412738468e-05, 7913.22006892827 
2918755, 135, 1.26462219411951e-05, 20722.8746456966 
2923375, 139, 1.26587085585529e-05, 15854.0859294865 
292461, 60, 1.14607926284182e-05, 8729.58895958391 
2925411, 126, 1.29217330628384e-05, 10358.5327326583 
2929495, 485, 1.32027144780967e-05, 71511.9777283259 
348824, 16, 1.19730367213036e-05, 8544.37565750727 
367190, 111, 1.30982631703036e-05, 34824.5181748323 
374106, 186, 1.24373468651667e-05, 50542.8742329612 
573600, 188, 1.30218506654166e-05, 24089.115833502 
589437, 224, 1.29148908691722e-05, 22113.7166184263 
64160, 53, 1.28612400807686e-05, 3459.27609908003 
669502, 307, 1.25090690750794e-05, 58512.6996984931 
875170, 39, 1.22146355763476e-05, 3432.00681037748 
884684, 193, 1.3200274565711e-05, 17483.2864925519 
96241, 434, 1.32973418613619e-05, 105318.303937996 
97481, 71, 1.23421744442936e-05, 16721.7496998859 
1173270, 151, 1.30932896890344e-05, 34014.476951542 
123824, 30, 1.25825731362064e-05, 16238.6942486734 
1316941, 174, 1.31116588870824e-05, 112566.457378985 
1379908, 13, 1.20673842737848e-05, 7522.88478930625 
1442159, 247, 1.30088069623135e-05, 37010.9164520397 
1632019, 331, 1.33445427492427e-05, 67933.8798079053 
2081041, 194, 1.2860413076468e-05, 24396.3584953397 
2099788, 125, 1.27124569365521e-05, 18758.7272114763 
224719, 412, 1.2755915555839e-05, 74446.0624378733 
225148, 155, 1.2677163357927e-05, 27962.7336879804 
2479767, 99, 1.27242651736862e-05, 35272.8734678573 
2576923, 277, 1.30847235852143e-05, 122578.201078267 
2652803, 4, 9.97496284326341e-06, 350.902521699329 
2664899, 432, 1.31015237072071e-05, 133489.415555732 
2675791, 192, 1.20029287146064e-05, 115440.050672925 
2792979, 175, 1.22129946262824e-05, 67484.0027370929 
2806609, 145, 1.29941006782921e-05, 14063.6882327543 
2895477, 115, 1.30230377537864e-05, 40693.4154724387 
2920269, 356, 1.29249062944294e-05, 82536.7526289495 
2950074, 303, 1.32770386892907e-05, 124577.813918393 
2951138, 63, 1.29642833992351e-05, 1078.58720309981 
2982615, 111, 1.27471350813905e-05, 7086.33031458997 
299583, 304, 1.23617034427344e-05, 115715.796505725 
3020716, 313, 1.30210028776416e-05, 25331.366480025 
3035453, 335, 1.3024225058609e-05, 99020.15810282 
3047864, 555, 1.32046321849705e-05, 149119.125588507 
39669, 305, 1.32039347725622e-05, 159833.252777822 
410072, 653, 1.33312003412787e-05, 324458.929192188 
488546, 292, 1.25190916147124e-05, 84563.8768383132 
89093, 128, 1.32432790358893e-05, 47793.4896647656 
1101, 379, 1.31299073028544e-05, 182718.09661528 
113107, 153, 1.28964031931494e-05, 36150.3939823306 
114881, 201, 1.24276091765466e-05, 75150.185188952 
1410383, 273, 1.23507107834056e-05, 17609.9702811043 
1758398, 119, 1.28698472349133e-05, 67451.0504470403 
181083, 22, 1.14510809820447e-05, 934.932558151047 
1855652, 184, 1.28576020572163e-05, 17981.0748260908 
1871109, 55, 1.26173412738468e-05, 54643.3891996329 
1912064, 77, 1.25054711436253e-05, 73909.9254262774 
200454, 348, 1.30684788290643e-05, 33413.7119853594 
2124, 185, 1.22830506184516e-05, 34981.6220694109 
214888, 257, 1.23328893493168e-05, 20118.3834132614 
216931, 207, 1.23292400256448e-05, 96134.2786866084 
218111, 19, 1.06890138315839e-05, 110.126933436848 
2497860, 330, 1.27630789651696e-05, 140927.500483983 
254785, 181, 1.29686547614416e-05, 175509.615319825 
2576926, 406, 1.30799314611591e-05, 141101.494433744 
2662362, 29, 1.2518621449406e-05, 25043.7996263602 
2681986, 8, 1.10619469026549e-05, 7449.01809094012 
2695882, 46, 1.27082565542833e-05, 33859.4180413647 
2725994, 314, 1.24939092192556e-05, 150516.963380349 
2726117, 140, 1.23184567437391e-05, 11417.9392027754 
2749807, 355, 1.28231432088634e-05, 37088.7461620296 
2785746, 135, 1.30049158581944e-05, 54875.447408371 
2812551, 391, 1.31747098270161e-05, 145743.225228607 
2862945, 142, 1.30015341810334e-05, 16248.3078020447 
2897176, 146, 1.24461703133946e-05, 10836.5050449038 
33994, 79, 1.2551933625375e-05, 11899.6770162424 
34067, 564, 1.3207248137778e-05, 205292.136262927 
360911, 46, 1.26929325751422e-05, 7298.63403145863 
393005, 173, 1.25612360256249e-05, 192349.362929137 
44001, 153, 1.18721135923829e-05, 87233.654711014 
45498, 383, 1.27059959594933e-05, 124252.486973884 
496, 429, 1.30790760940647e-05, 103616.242883728 
58290, 147, 1.33134519118117e-05, 91129.0044697427 
118062, 434, 1.29205643702517e-05, 77408.9857120517 
137732, 45, 1.24419892252373e-05, 16221.4121821655 
1469144, 2, 1.0072319252231e-05, 0 
1758390, 157, 1.30378096479791e-05, 25985.393952169 
1812112, 26, 1.10623140148456e-05, 26221.4729546052 
182262, 348, 1.2955885210857e-05, 40617.5250203176 
1868793, 189, 1.3088148681369e-05, 47808.2655689653 
1982899, 79, 1.23708789509495e-05, 12676.4604528141 
2036037, 124, 1.26073198098816e-05, 6788.35135834787 
2066049, 457, 1.30260912607954e-05, 148239.691594413 
216935, 421, 1.27960690475886e-05, 96858.2956907255 
2599641, 284, 1.32728093228213e-05, 106846.079819656 
2767881, 257, 1.31495897328003e-05, 48683.0842105759 
2778550, 306, 1.32353914367017e-05, 89117.6605266015 
2822137, 206, 1.32308384382318e-05, 53638.1660911188 
2879107, 353, 1.27518490181076e-05, 76981.1748083804 
29459, 264, 1.2885933714757e-05, 51712.8010993863 
2956212, 8, 1.14191750787923e-05, 19212.7223016897 
2961895, 416, 1.28150910512219e-05, 36035.0900003838 
296199, 191, 1.33255156974575e-05, 55483.44970529 
342948, 170, 1.32345156167284e-05, 45924.5467674871 
38323, 226, 1.27450230684918e-05, 11923.5164198463 
413403, 46, 1.29651238169325e-05, 12098.9953712275 
50052, 353, 1.2688906089406e-05, 42540.9196305625 
51663, 102, 1.24249841581452e-05, 7061.27301762468 
522485, 280, 1.24931287791715e-05, 25608.0529580797 
74706, 364, 1.29434758410023e-05, 57250.0488736305 
74969, 120, 1.19756176424799e-05, 54181.6367880039 
931100, 201, 1.22074783012073e-05, 59647.0888726497 
999883, 21, 1.1004732034775e-05, 24023.9896506554 
1008460, 350, 1.31523569023569e-05, 264842.731480502 
1199245, 308, 1.27409634716577e-05, 32906.7676572333 
1281486, 373, 1.27260463991652e-05, 43182.960932946 
13, 295, 1.26930936877245e-05, 9786.4135847985 
535712, 286, 1.32961042414573e-05, 19689.0399948473 
708186, 91, 1.22101612962307e-05, 9176.46767517213 
71237, 526, 1.31281835845192e-05, 54548.6974982857 
744515, 462, 1.34039273507138e-05, 82653.3487034921 
75658, 306, 1.32773912581656e-05, 77010.3457191699 
90736, 522, 1.33473925868582e-05, 73356.7738432984 
955, 497, 1.28447201777709e-05, 62838.4587777101 
97050, 32, 1.29247392433858e-05, 478.567810683213 
1050714, 142, 1.34533371002677e-05, 20227.4139089962 
1318, 370, 1.27425870000127e-05, 12975.0676262074 
1444684, 679, 1.32517028438154e-05, 162697.617127864 
1500960, 246, 1.24149575408452e-05, 6354.14148945824 
1564138, 285, 1.25696041831643e-05, 43387.3562823256 
2005388, 435, 1.31128624067348e-05, 29495.7025511172 
2116, 328, 1.27411258058762e-05, 27538.4354623775 
2231053, 131, 1.31933083540028e-05, 12679.2367432022 
2734083, 3, 8.72417643774428e-06, 0 
2755338, 570, 1.31118308049353e-05, 55187.0216215845 
28124, 140, 1.32163248043984e-05, 44634.9570748975 
28169, 587, 1.35195424986818e-05, 113409.375404556 
2864212, 146, 1.30905473157833e-05, 3324.29222818162 
2911514, 730, 1.33352891757458e-05, 121482.342160423 
3037696, 582, 1.3172974325873e-05, 79107.6184192811 
3058394, 413, 1.33942324435098e-05, 54852.8912212124 
375929, 234, 1.30975769482646e-05, 23315.258779644 
38986, 300, 1.31934824196847e-05, 36332.2240818424 
44008, 186, 1.31376696401592e-05, 8660.29139002896 
490, 80, 1.29562209294793e-05, 4527.27853617446 
52764, 142, 1.23888104264229e-05, 13211.5045512553 
1155388, 603, 1.30645519511908e-05, 49979.4846706914 
1177216, 433, 1.28386185646424e-05, 25906.5954194436 
138563, 62, 1.22370562537476e-05, 18319.7907838173 
1481663, 520, 1.34139961635971e-05, 58689.9911935413 
1615674, 798, 1.32611924464248e-05, 86403.8337499716 
1714845, 270, 1.33102622121656e-05, 66430.5630997972 
1870984, 149, 1.27401518626102e-05, 14090.9606142737 
2161872, 433, 1.29886998311469e-05, 22347.5467325747 
265426, 227, 1.33988986105342e-05, 31174.9847625576 
2684405, 678, 1.31929602364178e-05, 64469.5039720848 
2715164, 307, 1.33927973535832e-05, 97677.94197983 
2779362, 442, 1.29072228819247e-05, 40848.7802538234 
2812863, 75, 1.31627441689043e-05, 11139.2185698426 
2932258, 155, 1.33888524414572e-05, 27827.2772260399 
2935863, 296, 1.33200133200133e-05, 19281.2959363459 
29498, 622, 1.34381509104347e-05, 117629.023620569 
2976883, 46, 1.24720936903678e-05, 12094.1117085204 
2986424, 473, 1.30725789583769e-05, 28578.6553355958 
3060017, 440, 1.30294857261984e-05, 29082.9904003634 
374982, 373, 1.32297881910911e-05, 51143.1273527155 
504090, 849, 1.32870942453595e-05, 47101.5730916837 
547987, 57, 1.185691080046e-05, 3322.86254156637 
640030, 465, 1.33068969646968e-05, 61449.4493674666 
67827, 612, 1.3212483154084e-05, 47292.0308124345 
885040, 289, 1.33623742266526e-05, 11114.7941808544 
1547283, 137, 1.34053648270038e-05, 94310.7596246162 
1642, 50, 1.33217877839206e-05, 14574.380377932 
1827300, 753, 1.33304894955743e-05, 80067.9294479143 
1853224, 5, 1.08760672140954e-05, 6890.04103397035 
1906945, 955, 1.34053648270038e-05, 134594.323836407 
1941349, 403, 1.33481052364617e-05, 32602.5554706208 
216936, 101, 1.23350191192796e-05, 818.688562306288 
2497989, 123, 1.28945739632763e-05, 13679.7326741026 
2590015, 268, 1.33452550945511e-05, 14844.9863269974 
2609807, 400, 1.30169350324773e-05, 19477.1087690919 
2675230, 257, 1.3505300830576e-05, 58456.707358596 
2700081, 188, 1.33654103180968e-05, 39658.337062676 
2735868, 607, 1.32594340873532e-05, 70638.6051780997 
2763672, 506, 1.33759580529955e-05, 71942.659066218 
2895947, 32, 1.27624274136941e-05, 434.665538824297 
290335, 176, 1.30497194310322e-05, 35853.5628797222 
2932252, 9, 1.07787658313123e-05, 50412.2825290524 
29483, 306, 1.3225938711e-05, 35254.5270553157 
2948573, 382, 1.2867032090378e-05, 5181.1669906428 
2983215, 321, 1.31980097401312e-05, 61204.4020906954 
303541, 515, 1.30446125750065e-05, 36504.3567478225 
463, 214, 1.34421249311091e-05, 27659.8917738588 
51366, 505, 1.33670182192458e-05, 43710.8666451385 
724, 93, 1.31910459180308e-05, 19468.2932680365 
83816, 442, 1.31821776957553e-05, 90132.1758066445 
1068590, 158, 1.2360633853304e-05, 8623.3336855475 
1179664, 26, 1.12938200216841e-05, 168.589136573494 
1324350, 216, 1.230012300123e-05, 9430.60005514087 
1436084, 870, 1.33806114939453e-05, 61372.679435318 
1565, 702, 1.32599615461115e-05, 67362.6755200208 
1646498, 407, 1.30922611644257e-05, 34066.937741718 
168169, 419, 1.27095486839262e-05, 40708.1329855819 
171281, 116, 1.20399243892748e-05, 10551.1419761546 
1855883, 46, 1.25486259254612e-05, 3273.25258990003 
198252, 377, 1.26987352059735e-05, 17129.043040962 
2039, 276, 1.31395684965706e-05, 15438.5470196807 
2126319, 127, 1.27787361829915e-05, 8869.73987021657 
2151, 587, 1.30946613065853e-05, 68513.7441229462 
2588535, 2, 9.89511181476351e-06, 12.1139188077096 
2590022, 414, 1.28784659171399e-05, 19838.8509834141 
2592816, 15, 1.18367008747322e-05, 15053.1561403778 
2683967, 238, 1.25352554058289e-05, 15702.9307667016 
2714927, 335, 1.25702361947381e-05, 33306.0502999918 
2782163, 506, 1.31051293476267e-05, 29248.856149894 
2818390, 878, 1.34010533227912e-05, 57652.1163318627 
2912228, 520, 1.30017032231222e-05, 76385.5639234956 
2983235, 610, 1.34480903711673e-05, 122426.935992563 
33938, 652, 1.32021915637996e-05, 59842.4488412992 
33952, 123, 1.3388493928318e-05, 55301.9823154093 
35841, 736, 1.33571981941068e-05, 87158.6085085307 
366522, 739, 1.34044663681939e-05, 123611.89341381 
417367, 185, 1.33840141335189e-05, 26678.7870719437 
478, 378, 1.31840894408628e-05, 24337.0516816212 
483913, 450, 1.35688892507259e-05, 135028.073830972 
50719, 174, 1.32462612427642e-05, 15444.1920730698 
53336, 573, 1.33536308522287e-05, 67411.5273718392 
57487, 809, 1.33539875006677e-05, 58256.9634771699 
66219, 283, 1.33178845872122e-05, 38294.2086427139 
994696, 349, 1.26660840268014e-05, 6318.24127588058 
1241978, 200, 1.23733280540467e-05, 20430.208822495 
1573676, 274, 1.31166463358648e-05, 7976.07556499205 
1582259, 209, 1.34073418604028e-05, 30030.4595955909 
170651, 51, 1.29636111435201e-05, 4303.16966065926 
1785996, 37, 1.09318291136473e-05, 1154.28443541055 
1794699, 550, 1.312163758037e-05, 56533.3120935509 
1803865, 713, 1.33720230533677e-05, 119458.460373525 
181486, 795, 1.33507783503778e-05, 88827.2315903971 
2054173, 111, 1.32557430506767e-05, 31749.5472375617 
2293317, 185, 1.30357701533007e-05, 13856.1035564107 
2576839, 65, 1.23436979250244e-05, 166.673550479848 
2587865, 142, 1.33388467233123e-05, 34078.1079893433 
2614441, 27, 1.28564449358463e-05, 11188.7431841368 
2692425, 236, 1.333600053344e-05, 36186.9545019041 
2725268, 238, 1.25628140703518e-05, 8288.65650717077 
2744479, 125, 1.32023658639628e-05, 19357.7900061121 
28037, 441, 1.29555495096325e-05, 20387.1532902642 
28262, 934, 1.34093194770365e-05, 117826.908564417 
2867021, 696, 1.33729171681511e-05, 117302.915928516 
2904123, 594, 1.30181212247448e-05, 96515.3783887702 
2936682, 234, 1.34656558447679e-05, 23827.4580414617 
3043330, 141, 1.29158917131639e-05, 7296.27612100435 
3047872, 205, 1.32968114246204e-05, 21420.2016467193 
90244, 270, 1.30315232547532e-05, 30122.2787271783 
121277, 599, 1.318391562294e-05, 58302.157929587 
1229621, 504, 1.34517083669626e-05, 217456.724862048 
1341, 210, 1.27100333002872e-05, 2910.9192551484 
1349, 104, 1.21348914533959e-05, 8252.39019916035 
1434100, 850, 1.33154019254071e-05, 93158.5236048972 
174, 435, 1.34874499278421e-05, 68637.0855760325 
1940790, 515, 1.33338666880009e-05, 37569.9273965215 
1967665, 462, 1.31212932346612e-05, 59288.0450078583 
1971364, 208, 1.32925694536754e-05, 12108.4299945353 
2058135, 274, 1.27772666871103e-05, 27568.6637521448 
2211160, 667, 1.32180717476934e-05, 51805.7698618091 
2478954, 518, 1.30025484995059e-05, 14975.9560490671 
2545632, 234, 1.34643866971859e-05, 50901.2765773403 
2547962, 61, 1.26022356366019e-05, 14148.1429568385 
2572923, 719, 1.33525610212039e-05, 143569.886411799 
2609667, 271, 1.31634372367313e-05, 15323.9498326128 
2763670, 235, 1.33847306992183e-05, 26849.4464255565 
2764326, 537, 1.31795716639209e-05, 124416.797901105 
2767842, 390, 1.34809042990604e-05, 138446.909781929 
2781774, 474, 1.28862658178913e-05, 78933.3825966886 
2803864, 219, 1.35325322074267e-05, 70923.4684029599 
2850441, 91, 1.3241350088055e-05, 29775.7811152615 
2929494, 627, 1.34001554418031e-05, 61720.1326869015 
32049, 115, 1.29580676929456e-05, 3328.17184929434 
330734, 882, 1.34498991257566e-05, 157644.953333793 
406020, 3, 1.10583994072698e-05, 2080.95640078926 
421767, 278, 1.30753138075314e-05, 18653.099944603 
45495, 138, 1.30611391925604e-05, 9412.90476467171 
97477, 597, 1.32731616671091e-05, 71957.0923132157 
985762, 586, 1.31426769004311e-05, 59151.979466772 
1535204, 527, 1.30616509926855e-05, 70221.1413779556 
1536775, 757, 1.33639813973379e-05, 120800.893919614 
158483, 157, 1.28602476883705e-05, 10300.7971057541 
1643685, 296, 1.32571489175538e-05, 15245.136334055 
1789224, 304, 1.35664961810313e-05, 105997.672508734 
2186, 339, 1.26184557533849e-05, 12078.3985745429 
2579250, 253, 1.33513131016435e-05, 157245.192090775 
2732364, 819, 1.33604104318085e-05, 107093.170583447 
2749808, 847, 1.33927973535832e-05, 59611.5931224964 
2750995, 661, 1.33568413741518e-05, 46494.2783384482 
28128, 157, 1.31457867753385e-05, 12541.3734472149 
2819994, 249, 1.30759976986244e-05, 12942.3863629675 
2831673, 449, 1.34732757575349e-05, 116863.520286897 
2880221, 585, 1.34629365357172e-05, 99109.8203650444 
29485, 140, 1.33598749515705e-05, 13724.7645138554 
351679, 492, 1.35541760416384e-05, 152477.062346798 
398736, 589, 1.34087800691893e-05, 66198.3908487275 
399025, 207, 1.23042092699913e-05, 10331.3628058097 
417574, 79, 1.30452932581924e-05, 7012.72460259025 
573570, 420, 1.29801015043938e-05, 43577.4934751406 
673372, 311, 1.32729854926269e-05, 28666.2974316284 
683737, 797, 1.33838350040821e-05, 70932.2687487603 
1390, 635, 1.32618959206408e-05, 107611.503484604 
1621989, 902, 1.34404989113196e-05, 72201.6361392861 
2160, 473, 1.29584035246858e-05, 36397.4050462334 
221350, 802, 1.33883146789482e-05, 165224.365308968 
2214, 202, 1.34734572891404e-05, 34042.4133904516 
225848, 147, 1.33068969646968e-05, 37973.1350931951 
2267253, 188, 1.35098621994056e-05, 41993.5469243358 
2607663, 252, 1.32353914367017e-05, 12650.2308250445 
2675787, 74, 1.16281773994744e-05, 4981.66137040131 
2719119, 69, 1.30113458936192e-05, 3477.82379585439 
2817969, 323, 1.3159626266614e-05, 34144.2464641233 
2827233, 422, 1.27692720238019e-05, 34164.5692253033 
2886361, 16, 1.21102028458977e-05, 45880.254996216 
2887345, 91, 1.22449979183504e-05, 28690.030434286 
2895472, 319, 1.29893746915024e-05, 28246.0086627394 
29391, 400, 1.2779226090068e-05, 43595.5128435085 
2976818, 264, 1.25346269068301e-05, 15397.1767158744 
300876, 256, 1.34249812050263e-05, 26163.0955735387 
3024576, 203, 1.26572665367187e-05, 14495.9996577807 
39647, 3, 9.27540533521315e-06, 28203.7077338027 
418008, 290, 1.350220085874e-05, 102596.670350464 
447792, 292, 1.31952233291548e-05, 13265.6181708918 
96230, 148, 1.32800361216983e-05, 22587.6606039107 
10319, 173, 1.29317591071914e-05, 4174.27721618235 
1050646, 827, 1.32939831432294e-05, 66153.6037809411 
1050657, 794, 1.33849098526321e-05, 93580.9122997696 
1054034, 337, 1.26487812899227e-05, 27679.9478109401 
1193095, 54, 1.26355159081145e-05, 15575.8796838995 
1247, 278, 1.31006655138081e-05, 9776.4580349511 
1284, 379, 1.33178845872122e-05, 93959.0058085179 
1332188, 417, 1.33502436419465e-05, 54628.2001818548 
1501269, 454, 1.28351580649716e-05, 23958.8199454731 
1501662, 338, 1.32140544683325e-05, 57587.2338761808 
1582439, 81, 1.24550062897782e-05, 34.7717365041136 
161398, 224, 1.34730942308211e-05, 73481.7371028314 
1715806, 519, 1.30400198208301e-05, 44444.0319552713 
1737359, 48, 1.28582633629502e-05, 5359.70245804378 
1780362, 527, 1.29917372551058e-05, 53965.8945932544 
1789762, 451, 1.31459595893202e-05, 36321.1708181421 
190146, 594, 1.32201686893525e-05, 63674.4443201633 
1906275, 376, 1.32719285439367e-05, 35014.5395383434 
2058152, 350, 1.33060116560662e-05, 20169.4576856771 
207949, 520, 1.34276852013481e-05, 69566.0147965121 
2269, 889, 1.33331555579259e-05, 127830.667671271 
2498113, 729, 1.34053648270038e-05, 117252.799531779 
2518973, 514, 1.31615314758025e-05, 42401.8028517033 
2766701, 890, 1.34138162307176e-05, 94306.877243024 
28082, 568, 1.34750912937435e-05, 135591.449283205 
2908650, 406, 1.30799314611591e-05, 29142.0633713209 
45056, 82, 1.31658635489902e-05, 11510.3214373213 
483, 21, 1.18477797260793e-05, 32328.2954009254 
55208, 892, 1.33827603281453e-05, 151075.777279261 
74109, 143, 1.33470362905917e-05, 11729.8507556575 
75984, 134, 1.32462612427642e-05, 27818.8246427836 
1074467, 328, 1.29897121479788e-05, 10062.9140800973 
1177211, 137, 1.28792952449642e-05, 10114.4094312077 
148813, 748, 1.33813276953339e-05, 97387.3560654316 
153491, 626, 1.31851324446554e-05, 83536.4590520626 
158850, 566, 1.338365587944e-05, 104246.451543662 
160453, 133, 1.34701904684932e-05, 61551.9497775576 
161360, 425, 1.3362017130106e-05, 70563.1285135305 
1761789, 325, 1.31851324446554e-05, 24973.4472337202 
1816183, 855, 1.33942324435098e-05, 117407.66816307 
1982626, 266, 1.26127262407769e-05, 11449.7906036965 
202747, 395, 1.32352162634337e-05, 76191.1415994659 
216942, 488, 1.29052240346892e-05, 25911.4988085674 
2517362, 402, 1.29742072759354e-05, 27439.6818991394 
2546128, 498, 1.29399585921325e-05, 73744.7405904652 
2651972, 291, 1.31556444292424e-05, 18235.0451258196 
2675785, 184, 1.21737436696533e-05, 2089.10106885416 
2715163, 347, 1.34752728742757e-05, 202779.955052582 
2719313, 23, 1.20454353822619e-05, 22180.3953563979 
28038, 268, 1.32980491761859e-05, 47773.9925030603 
2847778, 418, 1.32703434364881e-05, 20647.7453970309 
2908840, 856, 1.33182393287607e-05, 112833.130495409 
2924034, 258, 1.3444655077374e-05, 67091.3439636942 
2946699, 278, 1.3366660874447e-05, 71916.1777635891 
2962858, 452, 1.33638028037258e-05, 39935.9175909511 
3036300, 319, 1.32381948397517e-05, 39122.7874406538 
312539, 481, 1.29836406128278e-05, 57614.9784339953 
332157, 19, 1.0495382031906e-05, 171.975844516857 
336261, 685, 1.33604104318085e-05, 125758.671191478 
35795, 247, 1.25151746492622e-05, 9170.09448635421 
431057, 386, 1.33629099072614e-05, 59031.4604055318 
45497, 482, 1.33267587989925e-05, 54718.0645601048 
53344, 286, 1.32772149713876e-05, 47546.7394264103 
56426, 47, 1.1356538527057e-05, 42206.3722162699 
665099, 501, 1.32934529744101e-05, 108186.314693224 
710191, 588, 1.31679439572305e-05, 95119.750199869 
79209, 676, 1.34901791495791e-05, 90669.3674562261 
936476, 72, 1.28944076953825e-05, 3060.54427580344 
981385, 494, 1.31915679497665e-05, 43419.9980116082 
985002, 532, 1.30476762088672e-05, 51181.6783859034 
1441095, 748, 1.34509846120736e-05, 75573.0492939444 
167642, 158, 1.2836146588794e-05, 6042.3841253138 
189834, 441, 1.28786317741603e-05, 32097.4332043115 
192073, 505, 1.34625740441572e-05, 101357.425432657 
214473, 448, 1.29267441409532e-05, 21261.1989412144 
216937, 353, 1.25832064526683e-05, 43437.8542077878 
2172103, 214, 1.33333333333333e-05, 59536.5706107114 
2271, 523, 1.34257021642232e-05, 68902.3819292472 
2358479, 567, 1.29192289804144e-05, 40610.4144333082 
2588299, 145, 1.32362673726009e-05, 31942.0089544781 
2740404, 314, 1.27317172540232e-05, 17227.3109399359 
286104, 20, 1.19125617964143e-05, 1147.84756554835 
2864206, 239, 1.35343637495601e-05, 49125.1695089587 
2918899, 269, 1.31054728454603e-05, 24875.044583228 
2930213, 375, 1.32394217020601e-05, 57561.3772519304 
3019933, 645, 1.33258708456598e-05, 83184.0054992724 
3022126, 87, 1.27292862689189e-05, 11571.8391878794 
3051123, 694, 1.32731616671091e-05, 73724.881781426 
332410, 748, 1.32675264023775e-05, 74339.5034584039 
643674, 802, 1.33764948232965e-05, 104553.32893931 
652716, 388, 1.30435916834059e-05, 31090.3312055167 
680026, 177, 1.339243862915e-05, 36268.2368073598 
718192, 139, 1.33053034939727e-05, 10897.6465432915 
999141, 389, 1.33228526892178e-05, 17191.383535208 
1221500, 181, 1.33207230488471e-05, 42715.7011946626 
1311, 296, 1.28412563885251e-05, 9334.03072004841 
1574269, 350, 1.3022528975127e-05, 66801.0469645031 
158847, 348, 1.26757171286966e-05, 11925.6572190679 
185008, 119, 1.31950492175336e-05, 63207.1418620426 
2706014, 140, 1.3309199318569e-05, 77271.5966576214 
2708346, 338, 1.3295043607743e-05, 78270.7969421838 
2740405, 409, 1.30335614206582e-05, 48640.7763150882 
2748865, 361, 1.32719285439367e-05, 50322.3372019288 
28187, 14, 1.21684108055488e-05, 8667.9313759591 
2829187, 756, 1.33917212379307e-05, 97613.0291753484 
2976431, 826, 1.33037104048319e-05, 72273.9958340641 
3070814, 296, 1.32480161095876e-05, 48409.0626056022 
40544, 146, 1.26622348844571e-05, 1191.18640866859 
698776, 294, 1.3177487580218e-05, 60268.5075640898 
1511, 352, 1.34233593299059e-05, 48796.8550104924 
1678078, 6, 1.14626318202659e-05, 502.868758676213 
1759089, 280, 1.34504418470147e-05, 78646.0008820636 
1854498, 48, 1.23465935748327e-05, 7917.76193680261 
187492, 719, 1.34296688243668e-05, 134324.668721626 
221345, 476, 1.3448632946461e-05, 65221.8533565057 
2575375, 81, 1.3117162495409e-05, 9099.83898519846 
2583452, 409, 1.3214403700033e-05, 53713.3637298523 
2714110, 290, 1.34905431292664e-05, 73315.1802565661 
2795691, 352, 1.28783000643915e-05, 13268.2123931383 
2923279, 230, 1.33960267384694e-05, 61366.1402922451 
2939415, 367, 1.29496775530289e-05, 18232.7712121487 
2955956, 8, 9.81190576645702e-06, 58296.9094965237 
2998077, 223, 1.3444655077374e-05, 101256.916430035 
3031993, 319, 1.26835950381776e-05, 10531.1674307575 
39950, 357, 1.27137499205391e-05, 32157.8938083621 
565560, 224, 1.3172974325873e-05, 21105.8009078053 
622488, 487, 1.30372997144831e-05, 55105.3393627472 
63743, 650, 1.32522296876449e-05, 90002.679338498 
735, 121, 1.27761239795071e-05, 18931.5141657952 
745, 130, 1.28763101645592e-05, 9914.03119044062 
118882, 5, 1.04569695702186e-05, 10063.9066701233 
1201031, 885, 1.33276468706685e-05, 116771.522711765 
1292, 299, 1.27247509130009e-05, 21581.9617046601 
1301915, 230, 1.25735552984962e-05, 10982.8857258459 
1335, 207, 1.33155792276964e-05, 47874.6672853557 
178606, 833, 1.33621956759935e-05, 123646.652748309 
1891280, 397, 1.30642105950748e-05, 43497.8161980423 
1931275, 783, 1.33116796677405e-05, 73203.1968791006 
2024608, 554, 1.29362759048925e-05, 79401.9774801225 
2153385, 779, 1.33971035462133e-05, 96686.9009011368 
2238, 736, 1.33345778939368e-05, 126993.293448193 
247523, 201, 1.27171452552331e-05, 2974.13303734545 
2552945, 57, 1.3026939711323e-05, 5493.43549830098 
2589818, 361, 1.3271576265113e-05, 54318.9660495544 
2594883, 330, 1.30082992949502e-05, 41932.2372757742 
2604941, 594, 1.32077714527228e-05, 53574.1377019355 
2759660, 491, 1.29893746915024e-05, 114965.334703284 
292691, 45, 1.21561333770954e-05, 1542.69452852163 
2932259, 546, 1.34689204660246e-05, 110883.988608067 
29423, 243, 1.32478406019819e-05, 12533.0557107677 
3038925, 857, 1.3316465809974e-05, 89355.430467099 
3059077, 505, 1.30020413204873e-05, 38948.3132369007 
35791, 8, 1.05947916004492e-05, 18.3476033169473 
402384, 611, 1.3410218586563e-05, 160058.142757595 
45851, 50, 1.25502008032129e-05, 39544.2757563041 
563798, 121, 1.32331145458395e-05, 37549.4965685669 
72803, 764, 1.33450770010943e-05, 94420.2906705148 
1028752, 130, 1.31478608430408e-05, 26366.0214048857 
1041504, 573, 1.31311141750378e-05, 44867.8652653962 
1070130, 313, 1.24470998257406e-05, 23180.8599687463 
1302410, 5, 8.72539438782633e-06, 17009.2845421586 
1348114, 220, 1.34551472665868e-05, 66768.0944263558 
1500687, 770, 1.34497182284031e-05, 117302.733919935 
1522312, 553, 1.34812677784219e-05, 107764.676503629 
1573720, 470, 1.31257711390544e-05, 33418.8650548641 
2890407, 172, 1.22147847754923e-05, 75849.2091415269 
2894202, 88, 1.16322352503257e-05, 132725.965277445 
2929509, 88, 1.20409391932571e-05, 18263.6139923195 
2935858, 58, 1.2006099098342e-05, 18886.0674059809 
2946815, 87, 1.20245782379183e-05, 62554.9454073072 
29518, 93, 1.17271789098414e-05, 78999.0895343311 
2955340, 137, 1.20702974121282e-05, 50944.4689724897 
2955364, 121, 1.19502868068834e-05, 62299.4667602237 
2956110, 50, 1.18210296116792e-05, 40433.910583037 
2956470, 256, 1.23073893565697e-05, 107699.434274372 
2975050, 9, 1.08663761722103e-05, 148.714940715772 
3018276, 13, 1.062337993456e-05, 12248.8390676543 
3050323, 107, 1.23980262342235e-05, 59881.5064137972 
32257, 154, 1.23300001233e-05, 198792.385442717 
53433, 47, 1.1859863848763e-05, 13436.1881289484 
634, 9, 1.05454085291264e-05, 7642.2524827777 
65123, 58, 1.11526236547148e-05, 11996.4797871137 
769, 60, 1.1771214671642e-05, 33594.8820670368 
83557, 110, 1.19835106892915e-05, 84423.2342016101 
1295, 259, 1.22556529199093e-05, 188150.006221272 
135858, 148, 1.23560519942668e-05, 138863.469091624 
142, 42, 1.05386293458673e-05, 46686.4651368845 
150247, 192, 1.2098628015583e-05, 149050.619221671 
1513202, 8, 9.51492892348094e-06, 25626.8007519281 
152297, 85, 1.12558108123319e-05, 34720.5008240368 
157339, 20, 1.1904336749878e-05, 28548.4514631999 
1636608, 59, 1.18376817084142e-05, 81959.2739177579 
1659192, 162, 1.20653459134673e-05, 296856.190894033 
1839799, 50, 1.098201146522e-05, 13207.6636968706 
1921565, 48, 1.11510069359263e-05, 128797.016524644 
2037915, 121, 1.19935714457051e-05, 147056.311817836 
2163605, 60, 1.12787891092012e-05, 30589.0570645198 
2203895, 33, 1.11969544283955e-05, 14058.1041022864 
225842, 29, 1.09245441733944e-05, 8765.53658391465 
236, 119, 1.20273260848648e-05, 108111.742252727 
2370, 231, 1.20777322849862e-05, 63407.2057618821 
251749, 33, 1.08882646283835e-05, 23601.0060808113 
2656554, 42, 1.16254737380548e-05, 7640.42216175686 
2663019, 54, 1.06573450422031e-05, 192710.928733158 
2734089, 216, 1.20996527399664e-05, 38529.7476581301 
2734236, 220, 1.25798822523021e-05, 88859.7721843306 
2734376, 23, 9.70713571546444e-06, 29839.8543540648 
2740427, 5, 1.06655290102389e-05, 957.811402231496 
2746232, 54, 1.11987099086185e-05, 11893.8885951762 
2749432, 4, 8.77085270229972e-06, 75.3263629500215 
2778060, 94, 1.26673675943402e-05, 34960.0409210852 
2803850, 33, 1.10195266011372e-05, 114144.164551096 
2836181, 34, 1.09109556906089e-05, 50371.3284035836 
283699, 8, 1.06427134662253e-05, 2665.77903530915 
2844016, 11, 1.04791046652974e-05, 3870.99510394005 
2844671, 30, 1.05605542178854e-05, 265.135750644097 
2877507, 4, 7.21084511104701e-06, 2245.36930472047 
2937790, 265, 1.25004687675788e-05, 445340.821674658 
2939127, 45, 1.09263346517777e-05, 41214.8367797796 
29433, 53, 1.19088733014969e-05, 37538.9528532998 
2948855, 34, 1.13930251899787e-05, 9917.7441797973 
2955597, 198, 1.20707345041946e-05, 131865.661084646 
2956575, 29, 1.13320868037849e-05, 4407.12309958001 
2956679, 35, 9.94787314472166e-06, 34096.4558382024 
3015160, 261, 1.22288257881478e-05, 391007.672838108 
3038653, 218, 1.22531000343087e-05, 232827.194871519 
3048260, 9, 9.59278622475898e-06, 16922.0015520206 
3071081, 53, 1.15545490259515e-05, 50660.4249807305 
399726, 52, 1.08758306415653e-05, 30395.6862950261 
400060, 90, 1.1174932391659e-05, 45298.9527064866 
428411, 59, 1.14941207572327e-05, 311275.995514899 
446807, 6, 8.35380014368536e-06, 29294.7603964721 
54259, 107, 1.21540649270148e-05, 121536.255043158 
573569, 18, 1.00778006207925e-05, 18493.7032379507 
644410, 286, 1.25377700322221e-05, 403050.999357873 
650377, 13, 9.43511940143602e-06, 867.487579750751 
710648, 98, 1.16445614075946e-05, 442366.409548218 
81461, 129, 1.19654437983105e-05, 3434.37239567864 
912801, 65, 1.18531161842448e-05, 18750.1700923582 
933, 150, 1.15064205826851e-05, 22175.894596883 
10257, 97, 1.20913136003095e-05, 20835.041768376 
10454, 28, 1.11167930275474e-05, 2004.57395741754 
1113728, 47, 1.18722545411374e-05, 40425.2497429539 
1156431, 67, 1.21044859224829e-05, 9918.73902637595 
118969, 34, 1.12787891092012e-05, 12363.0600562461 
152267, 149, 1.17855038302887e-05, 62317.166825013 
1560339, 253, 1.19598627007762e-05, 442691.137553554 
1720344, 6, 1.07685515221348e-05, 1232.45360114774 
1778653, 192, 1.18932933718676e-05, 49706.0438687903 
1813595, 35, 1.14525235635672e-05, 65227.2257078404 
1843490, 102, 1.13050556208737e-05, 56455.1786597378 
1855646, 230, 1.24612144699622e-05, 156087.840063605 
191301, 201, 1.17361249662586e-05, 111577.587936982 
1918723, 2, 8.37128315028128e-06, 0 
1929477, 26, 1.04439733052042e-05, 97430.0418150645 
1945658, 89, 1.18444118065097e-05, 173638.547727599 
197614, 39, 1.06958735319914e-05, 41230.7952132214 
1982148, 45, 1.08534030845372e-05, 63454.9993794186 
2015361, 8, 8.1438530197407e-06, 15349.7697627974 
2169536, 54, 1.11130867709815e-05, 123333.428509513 
2276, 58, 1.2187096302435e-05, 55329.6511220519 
2330, 134, 1.18053997898639e-05, 9440.75370521182 
2419609, 8, 1.04852577276349e-05, 37.1880509875105 
242527, 4, 1.03817364492385e-05, 14809.1574709472 
2482769, 129, 1.2352999308232e-05, 52103.9173270253 
2560305, 84, 1.14322297420889e-05, 105586.231040978 
2560588, 170, 1.16597679706174e-05, 36150.3011966903 
2565304, 67, 1.12511251125113e-05, 86153.1478308641 
2590895, 176, 1.22648220374322e-05, 71228.0145581959 
2664091, 107, 1.19837979052321e-05, 126470.132506692 
2678565, 2, 8.96282221345857e-06, 0 
2682456, 139, 1.17553016410401e-05, 26298.5375761698 
2708110, 53, 1.11281743117224e-05, 34783.9252725469 
2708348, 31, 1.16754232340922e-05, 21666.8886968139 
2724470, 43, 1.19462894824867e-05, 1554.86233655277 
2733202, 29, 1.16293944574306e-05, 22736.2097028539 
2733886, 1, 7.75728991319593e-06, 0 
2802577, 69, 1.19701703355239e-05, 317474.381945481 
2846038, 40, 1.06613217906756e-05, 11604.0513665948 
2851540, 214, 1.24364188088398e-05, 176080.788722462 
2948872, 2, 8.50079907511306e-06, 0 
2953809, 116, 1.19108591302691e-05, 28887.8349678549 
2955567, 73, 1.18726774074822e-05, 18652.4751409658 
2955709, 4, 9.7650528289358e-06, 3334.3053551104 
2955969, 6, 9.85483823283041e-06, 18049.9617587091 
2985324, 156, 1.18257825711616e-05, 51894.4946782757 
3003393, 46, 1.13961412665671e-05, 217784.319215727 
3050333, 81, 1.19954417321418e-05, 19281.8285293637 
305976, 94, 1.17802280652153e-05, 97957.0553147656 
3074130, 5, 1.02485267742762e-05, 1.77235679613552 
44011, 117, 1.19577175108815e-05, 227955.393629217 
458197, 231, 1.23300001233e-05, 411237.579740448 
47835, 24, 1.14041990260814e-05, 4193.69642367054 
498741, 68, 1.0901558922926e-05, 136716.421193612 
545908, 4, 7.50390202905511e-06, 17400.3896444971 
67572, 11, 1.01839216245392e-05, 13486.3628606232 
720, 40, 1.16018702214797e-05, 111044.25155486 
97393, 40, 1.15374852897063e-05, 722.010306210874 
1338689, 22, 1.10262092995049e-05, 1348.14696410216 
134676, 61, 1.14699944944026e-05, 246502.090888344 
1346829, 60, 1.18763435113597e-05, 27715.567245347 
1374, 144, 1.18427285646613e-05, 43969.3151855488 
1414742, 7, 9.43129303027445e-06, 1374.96521962687 
1458492, 61, 1.06788547996113e-05, 159561.441811508 
1623292, 82, 1.17293797503988e-05, 146597.388908964 
1636182, 80, 1.07706392374387e-05, 6661.26571816186 
1676142, 21, 1.05951283599801e-05, 21672.5982074123 
1706372, 110, 1.12972649321599e-05, 11528.7740397436 
172049, 119, 1.21832358674464e-05, 189213.645020389 
1758179, 3, 9.39266996036293e-06, 7117.79666292578 
181082, 10, 9.88122764372246e-06, 25382.7087225547 
1840297, 2, 9.03203663394059e-06, 25.111142722084 
1841651, 235, 1.21376899548478e-05, 119436.353664462 
188711, 73, 1.1128298149364e-05, 1295.82146062858 
1898474, 16, 1.0081356547337e-05, 6445.5800823725 
1980944, 164, 1.20864909290886e-05, 85663.6988738029 
1982560, 55, 1.1214282510205e-05, 542.777826019911 
204456, 33, 1.06267666999639e-05, 157810.406819129 
2072025, 45, 1.09954149119817e-05, 65132.0585312345 
2170745, 28, 1.13855017021325e-05, 15523.4139545619 
227979, 7, 9.20267982036369e-06, 449.554142007528 
235899, 20, 1.03604396970607e-05, 35452.946132308 
246875, 28, 1.11398271098833e-05, 1449.92998607095 
2487928, 12, 1.09563826407073e-05, 26058.9400098882 
2560782, 3, 1.01043782270858e-05, 713.484635617132 
2591217, 40, 1.17608317260197e-05, 16867.6809589186 
2608867, 175, 1.22336130752857e-05, 59382.7694755761 
2610896, 88, 1.17185211226343e-05, 34225.8338901722 
2675726, 135, 1.16668416692917e-05, 66553.9483394713 
2682455, 37, 1.12555574314818e-05, 42504.397450191 
2734230, 159, 1.15448111846131e-05, 213234.687611282 
2734239, 36, 1.18276008894356e-05, 19253.1931094594 
2734242, 15, 1.07111106350617e-05, 1506.73247265419 
2734263, 20, 1.11415647213495e-05, 5813.80641945435 
2762286, 5, 9.54982141833948e-06, 52.5809778197343 
2792859, 50, 1.14990110850467e-05, 198992.379330847 
2831894, 240, 1.23534571149736e-05, 175845.185381533 
2845589, 32, 1.12305290702245e-05, 2848.4905704511 
2853158, 123, 1.15884254806299e-05, 80524.7131468811 
2885951, 173, 1.22397522674141e-05, 52524.7049675638 
2890406, 53, 1.16166955147939e-05, 45571.5088666682 
2913495, 92, 1.18033096480253e-05, 221624.66031091 
2943841, 65, 1.17024762439732e-05, 14213.1054128905 
2948781, 116, 1.16215556614408e-05, 28139.2615252348 
2955338, 53, 1.17734320731837e-05, 19410.7186566151 
2955346, 163, 1.1354733220543e-05, 81620.6892917102 
2955347, 231, 1.20225543118891e-05, 69811.7689843391 
2955352, 68, 1.17813383600377e-05, 25126.8976041499 
2955912, 51, 1.13471314451707e-05, 12128.5325975346 
2956025, 161, 1.17680286198456e-05, 90974.2384658705 
2956640, 5, 7.63854409349578e-06, 843.375060775039 
2984146, 55, 1.15072150238199e-05, 79872.3989275758 
2992843, 72, 1.18576137738042e-05, 58191.507092595 
2993618, 144, 1.16550116550117e-05, 32897.6044797186 
3026145, 159, 1.20697146719452e-05, 107023.685551396 
3033384, 179, 1.22125471709634e-05, 50766.2929371611 
3047354, 27, 1.01806039134241e-05, 19777.639839299 
3047751, 26, 1.02414944388685e-05, 3075.68193000981 
3047865, 7, 1.0654392806154e-05, 420.520694695079 
3049086, 61, 1.17942609126399e-05, 180856.421776283 
3051614, 104, 1.15937996359547e-05, 26973.3040496092 
33037, 49, 1.11706881143878e-05, 205234.777082531 
33042, 224, 1.21644142226331e-05, 155361.099589467 
330922, 107, 1.20835699699119e-05, 117419.361119479 
334715, 194, 1.21744847149344e-05, 132648.73537496 
39444, 7, 9.69170680648569e-06, 1357.03170718529 
51668, 88, 1.1741223435482e-05, 6003.86913449482 
548913, 53, 1.235528868132e-05, 62641.0334644109 
64898, 96, 1.20156203063983e-05, 67209.3055870544 
712150, 47, 1.14230883461653e-05, 22680.2463076734 
795748, 67, 1.07929586737612e-05, 9651.57938841132 
87791, 4, 1.05771976772474e-05, 11085.9703457897 
93973, 91, 1.19178147494875e-05, 110540.674869051 
984991, 53, 1.14585601173357e-05, 344719.290355114 
10258, 168, 1.21331246435895e-05, 70823.1280045544 
10271, 3, 7.29713952130765e-06, 4886.18547743048 
10492, 46, 1.10333870291502e-05, 5664.24093980669 
10497, 57, 1.0709389993146e-05, 748104.746169836 
1073987, 266, 1.21675224490789e-05, 148907.86882717 
1119533, 7, 9.76810518295661e-06, 527.482599387769 
115782, 136, 1.24061782767818e-05, 121340.223795393 
1204525, 83, 1.13654445025345e-05, 5672.77920813167 
1217416, 77, 1.08038029386344e-05, 15842.9492613101 
1224749, 98, 1.19660165131028e-05, 21190.9501240487 
135742, 17, 1.1105311670572e-05, 177775.480487124 
1434099, 66, 1.19257739827315e-05, 31288.4049524998 
145262, 29, 1.16733788595109e-05, 8253.29633033362 
1586713, 23, 1.04742751801575e-05, 133767.886613736 
1623284, 152, 1.16671139060331e-05, 109184.095643928 
1623285, 174, 1.24057165541882e-05, 156992.42594323 
1660076, 43, 1.14352365378678e-05, 76256.6812844444 
1686399, 68, 1.18695770869684e-05, 79367.6246552506 
1690818, 20, 1.12869364996953e-05, 4149.91871029214 
1884916, 275, 1.23618562563355e-05, 422394.055443284 
1937005, 125, 1.20461608885248e-05, 90528.0241425491 
1980937, 46, 1.08669665949447e-05, 132236.549832797 
1982557, 184, 1.18330592007952e-05, 214317.389909062 
1982895, 226, 1.21989899236343e-05, 200614.426228928 
2039639, 132, 1.18838237391263e-05, 80405.4950165198 
2066491, 89, 1.21593852214832e-05, 125893.092568176 
2133959, 56, 1.1352155206666e-05, 5260.85446383023 
2249302, 17, 1.03360241449524e-05, 6906.778701711 
2289, 316, 1.2272046731954e-05, 113576.437343688 
230709, 30, 1.13873168065409e-05, 183691.558424248 
2419611, 49, 1.14584288202402e-05, 50586.6772580004 
2419948, 1, 9.93097969114653e-06, 0 
2582419, 5, 1.00301908745323e-05, 1148.34002841065 
2656551, 165, 1.17022023544831e-05, 180839.641605469 
2675713, 281, 1.22106085767315e-05, 160018.001175952 
267888, 5, 9.87439766174263e-06, 4559.58956933868 
2681470, 46, 1.20046578072292e-05, 38400.8207598106 
2723402, 74, 1.11127162812406e-05, 138471.825079 
2734240, 284, 1.23170911957432e-05, 294888.191226435 
2734268, 208, 1.23461362766522e-05, 228723.374840244 
2739834, 1, 7.98269352044767e-06, 0 
2749961, 5, 1.01074421096253e-05, 600.178523409879 
2759692, 34, 1.18048423463305e-05, 3173.28228873475 
2759705, 48, 1.07178838610105e-05, 25774.6701510072 
2766982, 62, 1.19961612284069e-05, 53556.4603801312 
2781608, 9, 9.99000999000999e-06, 1878.55534182231 
279383, 9, 1.06222514924263e-05, 4601.27731451049 
2805839, 70, 1.09663552221784e-05, 358405.399507929 
2845591, 54, 1.12451786296625e-05, 64669.3271349787 
2883075, 1, 9.43262745837853e-06, 0 
28907, 20, 9.22168941350055e-06, 17997.1725319506 
2903099, 35, 1.17967653269474e-05, 44226.9992196774 
2929512, 37, 1.17189331083298e-05, 16575.9749335551 
2955327, 39, 1.19049036298051e-05, 29754.3466303835 
2955568, 9, 1.00442953424602e-05, 139.446275188166 
2956026, 177, 1.17318566836388e-05, 241379.932530006 
2956121, 28, 1.01628081871583e-05, 79095.8801249043 
2956429, 165, 1.13909487521216e-05, 28319.6299346697 
3033391, 184, 1.17282792268718e-05, 355071.341018476 
3048181, 36, 1.12412599204119e-05, 38598.2493992537 
3048891, 139, 1.19198035616373e-05, 122427.330186361 
3050348, 175, 1.22588079535146e-05, 62105.0346150378 
3068305, 236, 1.22089687084132e-05, 320774.237095929 
319318, 125, 1.18312392039942e-05, 230524.511205846 
33964, 29, 1.14613180515759e-05, 11310.8808320135 
33989, 23, 1.13582153971968e-05, 5926.3235470092 
364103, 24, 1.14314456206132e-05, 6644.757814459 
399320, 211, 1.19906952205089e-05, 56651.5220251206 
510690, 12, 1.01798784522513e-05, 1921.89243455603 
574697, 276, 1.22440983445979e-05, 314324.403702673 
755272, 68, 1.05169059262765e-05, 57940.9006637311 
951, 30, 1.15184814034118e-05, 37101.8121172249 
1100043, 213, 1.16438834680143e-05, 95426.9380543402 
1178540, 113, 1.20831319478009e-05, 180751.481491638 
1179669, 68, 1.20458706755324e-05, 45460.7077043336 
1204537, 137, 1.15612282648909e-05, 110279.434495432 
1286143, 6, 8.02503811893107e-06, 15151.4659499077 
1378, 67, 1.17988531514737e-05, 68778.9722508048 
1573704, 131, 1.22884844612114e-05, 377001.922689381 
1582, 47, 1.1571931123866e-05, 50829.7290205347 
1643513, 134, 1.17456364960417e-05, 58631.9993872139 
1643950, 38, 1.05852589683607e-05, 529150.889104296 
1706375, 31, 1.06424869363473e-05, 26091.1312558344 
1720323, 166, 1.18402045987355e-05, 77273.2109270083 
1759399, 10, 1.02343670044008e-05, 2529.13976330052 
1835724, 113, 1.1857894986482e-05, 21235.4818125177 
1839785, 27, 1.07042313826656e-05, 16769.3026945905 
1843210, 70, 1.16551474958916e-05, 62986.7859886631 
1982236, 14, 1.03623721542335e-05, 65890.6397009419 
1982902, 95, 1.1372036163075e-05, 390610.156651848 
1982903, 58, 1.21102028458977e-05, 6667.52894963385 
1983734, 146, 1.15709938326603e-05, 132677.74711386 
2104, 11, 1.12930547713156e-05, 11823.2944636811 
2163016, 67, 1.1262783258999e-05, 1298963.90609483 
223919, 59, 1.16544683231551e-05, 65950.6925167817 
2479547, 29, 1.14843525696239e-05, 77199.1683944206 
251542, 4, 9.000900090009e-06, 4419.66325332854 
2560492, 70, 1.12697643492275e-05, 9814.76454875763 
2560495, 9, 9.94263101902025e-06, 5638.63960529437 
2560778, 94, 1.176955216854e-05, 115032.617350726 
2591216, 50, 1.18736642127761e-05, 23503.902558858 
2607911, 102, 1.20869291947688e-05, 82761.8242282145 
2609418, 200, 1.18548023804443e-05, 91900.9492214726 
2675775, 14, 9.51719280880911e-06, 798.923811293596 
2675777, 54, 1.05703775738869e-05, 25716.7712299326 
2675797, 54, 1.0711454829795e-05, 150512.659407858 
2686229, 198, 1.18173975727065e-05, 60386.5224012626 
2733115, 22, 1.16086042975053e-05, 991.901930226495 
2733195, 125, 1.16396820038877e-05, 9290.28561181677 
2734108, 5, 1.01139846065154e-05, 21318.2403275696 
2767886, 51, 1.16671139060331e-05, 41637.0094582204 
2783674, 22, 1.04954921861061e-05, 20427.4552381995 
2795389, 54, 1.18056785313736e-05, 44998.0304235737 
2796141, 14, 9.87069390978186e-06, 7702.12890902491 
2816912, 25, 9.80824873718797e-06, 39633.7610980354 
2845655, 160, 1.17598635855824e-05, 113468.571012909 
2849666, 16, 9.02063018122446e-06, 3304.06183025029 
2910754, 13, 1.1011639302743e-05, 28069.9237516701 
2916693, 190, 1.20742323806764e-05, 1058242.10076078 
2929515, 70, 1.1202724502599e-05, 268410.100209368 
2948640, 4, 7.27315043784366e-06, 5433.97823277946 
2948679, 231, 1.19961612284069e-05, 375891.863733572 
2948731, 36, 1.14552785923754e-05, 2981.69761502208 
2955351, 25, 1.18146052149667e-05, 1007.30021676592 
2955604, 151, 1.19872455707128e-05, 60664.2023184402 
2956015, 256, 1.20341287892463e-05, 792417.504913777 
2956094, 15, 1.03307919585115e-05, 116897.443105106 
2956114, 74, 1.14869909827121e-05, 85739.2418032217 
2963128, 22, 1.01751137068957e-05, 26211.590675093 
2983842, 51, 1.1212899319377e-05, 15835.5190630165 
3021405, 29, 1.10947155869659e-05, 10790.1688198899 
3026425, 46, 1.12897398843931e-05, 32440.2134127373 
3048238, 160, 1.15717972158256e-05, 55015.7174596986 
42862, 32, 1.03984693453124e-05, 4155.07997005035 
49118, 8, 8.84134211573317e-06, 36328.0390821225 
651456, 10, 1.05735070208087e-05, 2.25745430022582 
739, 137, 1.21337135230237e-05, 18956.0717015574 
753085, 14, 9.84843262194822e-06, 18236.4726115347 
85108, 203, 1.16755595511915e-05, 56753.2097025439 
96942, 5, 8.35973616672658e-06, 6163.19569824654 
109232, 20, 1.0782252412529e-05, 703.390757708681 
1109712, 140, 1.14463623460464e-05, 260590.523565453 
116598, 30, 1.10587662840334e-05, 8046.57998894785 
120682, 109, 1.19287614367e-05, 47299.4063247209 
1218492, 7, 9.65884943785496e-06, 16630.4112718272 
1234606, 18, 1.10063066136896e-05, 28388.3791413262 
12914, 31, 1.17605550982006e-05, 5754.03561557912 
1327037, 22, 1.00257662191833e-05, 16328.7487091087 
133448, 62, 1.17548870943095e-05, 42815.2434187288 
1569353, 2, 7.70974357392873e-06, 4.64456417485376 
164516, 79, 1.09372094803732e-05, 319342.010916982 
1712675, 34, 1.04861373264544e-05, 70010.4076123451 
179237, 42, 1.10422808935414e-05, 30785.2606778046 
1883379, 21, 1.00050025012506e-05, 49277.4117049131 
1890426, 39, 1.00111123346915e-05, 89849.0077451925 
1905288, 5, 9.02413052502391e-06, 5778.72861517719 
1911587, 8, 1.00370366652949e-05, 5454.03047793657 
1982076, 34, 1.14366751298063e-05, 38632.3766117028 
1982098, 5, 1.07998358424952e-05, 1.45137105889669 
1982152, 4, 9.7559072018107e-06, 109.831982279219 
1982562, 140, 1.18699997626e-05, 25176.4747825803 
1982881, 87, 1.13730708428583e-05, 3951.18782962342 
1982901, 106, 1.16028125217553e-05, 416325.603511575 
1983110, 229, 1.19605779351258e-05, 286281.176270637 
3074897, 1236, 1.07656532598398e-05, 50978.9536384388 
74318, 1197, 1.07956385620209e-05, 32373.009748402 
1903858, 41, 1.08092916671171e-05, 100.448613693778 
2025949, 679, 1.07737723286432e-05, 21343.3485706448 
2982694, 1248, 1.0781787404716e-05, 67235.0979103305 
1040979, 1082, 1.08130318660049e-05, 46664.2737556195 
639313, 1182, 1.06972465287435e-05, 44712.2585609943 
1716143, 1166, 1.07116843052402e-05, 41706.08502042 
651, 1266, 1.08592961004268e-05, 62988.6020763808 
73010, 1243, 1.09148857211465e-05, 44270.6707746337 
2722820, 743, 1.08157217331113e-05, 23127.2781450523 
74033, 985, 1.08692107866048e-05, 23078.7342920333 
89154, 365, 1.08248538644728e-05, 12327.5420674006 
1048396, 1169, 1.07646102672853e-05, 39044.0031760813 
119484, 1180, 1.08855385620204e-05, 32526.2926830682 
1930277, 1144, 1.12649401268432e-05, 33406.9866213539 
1548547, 1218, 1.13592475634414e-05, 45235.2341440625 
2079535, 1170, 1.08960948396095e-05, 32440.0904346323 
1484898, 824, 1.1302500113025e-05, 22472.7353972431 
2731112, 668, 1.07998358424952e-05, 18286.019443599 
81032, 1227, 1.08501057885314e-05, 55751.8561935883 
1737425, 297, 1.08572917571441e-05, 22165.1841410907 
216816, 1247, 1.07803926218993e-05, 42543.4143068418 
2592049, 22, 1.04027962716378e-05, 175661.384300048 
283878, 1172, 1.06924425815833e-05, 40640.1107871042 
1218, 58, 1.00427822523952e-05, 642.618496024673 
1463165, 1257, 1.08641331508159e-05, 56368.1489763068 
2773299, 1243, 1.06204464835702e-05, 58975.0705954341 
292800, 1160, 1.06222514924263e-05, 46021.9030492907 
1407499, 1168, 1.08269634698253e-05, 48764.767562043 
2175664, 7, 1.01621885289216e-05, 53377.1220667529 
2953750, 1166, 1.075326630464e-05, 44146.9645891338 
1886, 42, 1.05719420657575e-05, 20258.4037246274 
2918299, 1191, 1.075245693641e-05, 47225.4401157736 
3045816, 36, 1.13580863896051e-05, 167684.563826038 
2712698, 1074, 1.09649122807018e-05, 44057.7962159419 
1670, 772, 1.09156005763437e-05, 23435.4071583917 
63745, 1173, 1.13409544547269e-05, 39555.3731863197 
2081791, 1112, 1.08226279505189e-05, 30620.7368591893 
2011015, 367, 1.1258725512272e-05, 840.822203358535 
2527968, 1102, 1.12417654068395e-05, 31704.0053029119 
3016341, 946, 1.07597456396131e-05, 25009.1574447239 
1851505, 1163, 1.08021690755504e-05, 42531.043984116 
2917727, 680, 1.08139673201908e-05, 13509.7245307686 
556257, 528, 1.08579990879281e-05, 337.180953236109 
2739057, 1192, 1.06635955511479e-05, 55417.1312203443 
416, 1161, 1.08207542065682e-05, 40816.5299975898 
1773489, 1240, 1.08715740952132e-05, 51232.5154935894 
1552990, 1170, 1.07648420259433e-05, 40304.0167150828 
645, 1184, 1.08902804247209e-05, 45330.0192132218 
87, 1149, 1.09708066834154e-05, 35848.7087556392 
229731, 1197, 1.06665528901025e-05, 56086.0164362125 
71254, 1165, 1.10436223081171e-05, 49431.7703389037 
2000, 1008, 1.10658640226629e-05, 45110.4567462318 
2752316, 1143, 1.09166730347259e-05, 41538.1198128638 
122, 1120, 1.11553607085885e-05, 41476.6097725619 
2811422, 1218, 1.08167746541336e-05, 51687.2650168615 
573737, 594, 1.07190327144878e-05, 17211.0936358635 
2866311, 1073, 1.08225108225108e-05, 43798.459748703 
2884874, 1160, 1.08808008269409e-05, 47269.633695879 
266951, 26, 1.03637682661416e-05, 89976.3988460668 
43306, 1242, 1.0770175230751e-05, 42602.3043848092 
1891671, 44, 1.08830507367825e-05, 123439.423204901 
752201, 28, 1.10090935112403e-05, 2523.65960261558 
1041, 95, 9.98512216796973e-06, 134565.775972302 
203557, 38, 1.16440190496152e-05, 12680.9342094389 
78327, 1251, 1.09423556703287e-05, 47418.2988504096 
2708301, 1192, 1.08863680898779e-05, 43542.7396850411 
274, 1233, 1.08133826423582e-05, 43031.2041260049 
55968, 338, 1.08075393394432e-05, 6137.4182069306 
2545455, 112, 1.04129787366974e-05, 217056.061903004 
2773308, 1248, 1.09080992637033e-05, 44284.4074961036 
44750, 1187, 1.10170985369293e-05, 74868.8121361402 
2674991, 1197, 1.08965697598396e-05, 35018.2097749616 
38302, 300, 1.08937208592967e-05, 26415.6924801566 
1510841, 36, 1.02787599703972e-05, 53968.1115365703 
2039234, 1203, 1.06362611414835e-05, 39640.8696911255 
388408, 1161, 1.10626811514039e-05, 52395.1321652187 
1282737, 1232, 1.07530350441412e-05, 42914.7814117048 
3050071, 1269, 1.07892323461186e-05, 47338.0878493564 
2019, 36, 1.11718112857638e-05, 7432.41598300746 
2184519, 603, 1.07844617475142e-05, 10532.1027165018 
302485, 148, 1.09293200869974e-05, 70755.0653952542 
67351, 1051, 1.12302768263238e-05, 60566.995627747 
2675378, 1039, 1.12106366520555e-05, 25249.7061185593 
3026418, 711, 1.13772114454747e-05, 19556.1052985875 
2962672, 1233, 1.08118627758376e-05, 44847.7662093737 
3029055, 1124, 1.08321237461817e-05, 39937.5714758013 
431306, 36, 1.03459692103956e-05, 17495.6258465047 
1589, 100, 1.0431771001763e-05, 114712.586304325 
3029053, 67, 9.8098844395613e-06, 12124.6689149392 
337243, 1234, 1.08119796734782e-05, 53745.4770311645 
388950, 81, 9.93275524697796e-06, 36275.5980099428 
649841, 986, 1.12838798492474e-05, 16752.0832242467 
2916755, 104, 1.02666242312865e-05, 114027.461862932 
1851514, 662, 1.19942907176184e-05, 888.17558131405 
507, 1164, 1.07615983125814e-05, 44479.3335816618 
2853439, 7, 1.08382285999176e-05, 15246.2047325068 
47883, 1240, 1.08551703176223e-05, 58348.1166179205 
2126321, 972, 1.09818908619686e-05, 28824.3584789959 
253, 78, 1.07450626437152e-05, 75581.2611720379 
1983755, 58, 1.04546737619053e-05, 788.350283915399 
2691571, 1224, 1.10266956301205e-05, 63221.3840075525 
582, 1137, 1.12107623318386e-05, 42428.0497910621 
1758178, 1241, 1.10329001081224e-05, 52408.1603974448 
2886936, 610, 1.09838208319146e-05, 37021.3783867234 
3026423, 75, 1.1108148938061e-05, 12085.0059412097 
379895, 1067, 1.09057200501663e-05, 32703.3036078414 
33072, 1248, 1.08229793497554e-05, 41205.3955587276 
2511069, 1104, 1.08664942516245e-05, 35802.2517251578 
462710, 478, 1.0845281218142e-05, 10844.4885679259 
901, 1152, 1.07940071672208e-05, 38719.9986600538 
1644056, 1218, 1.08544633553317e-05, 57155.2409881682 
1902245, 669, 1.0943193880566e-05, 57286.7432491898 
2718938, 1103, 1.1107655396099e-05, 39496.3578143835 
2816475, 1156, 1.0801468999784e-05, 37192.3015922065 
1306787, 1207, 1.08700378277316e-05, 49501.7888705024 
1851167, 1249, 1.10679461212383e-05, 64319.8603779485 
1856685, 1203, 1.07733080519704e-05, 44313.0068858582 
2489212, 343, 1.08917037892237e-05, 6547.23391358783 
3068324, 1141, 1.07431002438684e-05, 39490.4427797253 
2691417, 608, 1.15413468751803e-05, 2199.69131568087 
3017782, 381, 1.10816830860271e-05, 8872.98510474556 
2020486, 1222, 1.16273661690154e-05, 38815.0367953906 
2583231, 452, 1.10561986577775e-05, 11194.9543266763 
2742, 1161, 1.08550524841788e-05, 39450.1263128988 
3033389, 1164, 1.08071889420843e-05, 45346.3370527034 
2733488, 1216, 1.08478694784344e-05, 47126.0045542652 
2953890, 1150, 1.07985529938988e-05, 40976.2413904883 
2746, 1165, 1.08646052888899e-05, 42784.6230526908 
2902623, 1192, 1.07661168769648e-05, 42744.1785158497 
2814653, 917, 1.09103604783102e-05, 41300.109885021 
404432, 1124, 1.07864392885265e-05, 35726.1130193263 
3025782, 244, 1.12706534724883e-05, 16646.3526164926 
2239, 1165, 1.0798319781442e-05, 42408.8364686115 
2546360, 82, 1.08930088669092e-05, 31039.4756902378 
2704463, 1190, 1.09292006382653e-05, 32522.0081356372 
83614, 1245, 1.12934373835364e-05, 54431.6022004126 
1632865, 1042, 1.13996488908142e-05, 31744.5903514521 
83677, 735, 1.10224416912835e-05, 35996.8936362588 
110932, 34, 9.77096849839756e-06, 655.78849806412 
1637853, 596, 1.08707468203066e-05, 9827.42865589968 
2497861, 1176, 1.08720468802661e-05, 46194.0574736307 
2867020, 1172, 1.12276289493185e-05, 50251.958173119 
404941, 1240, 1.08914665359691e-05, 44820.4843088727 
1932360, 1227, 1.09372094803732e-05, 37569.0783273408 
199136, 858, 1.09826145212129e-05, 33489.5726092916 
84993, 395, 1.10516776446665e-05, 369.121062515741 
758782, 1132, 1.10654966748182e-05, 61439.4618079186 
134623, 477, 1.108438542625e-05, 7292.47606637078 
56460, 640, 1.09818908619686e-05, 10600.6956833945 
1294143, 1236, 1.08705104791721e-05, 51304.5213723779 
2796927, 1251, 1.11684424490161e-05, 58512.8173176873 
135613, 776, 1.13961412665671e-05, 10057.0185668521 
62320, 1168, 1.08418713069876e-05, 54272.0398774476 
33011, 602, 1.07731919890544e-05, 26638.0396947157 
135740, 1027, 1.11918165437432e-05, 44319.4513819071 
441501, 575, 1.11968290580108e-05, 49054.037853568 
1796606, 1222, 1.09747799556619e-05, 48541.4282708446 
1826872, 267, 1.15295040007379e-05, 1779.63516992165 
1849581, 1198, 1.10281548794071e-05, 47662.0402619248 
3047875, 24, 1.01782206434671e-05, 190.371941921463 
1050, 1220, 1.10904090142844e-05, 57206.1070077399 
2886940, 616, 1.11980828882095e-05, 66382.3159293934 
2909283, 1230, 1.1284898548762e-05, 56046.5781884587 
2571030, 105, 1.01413707076648e-05, 94977.9141463481 
3067904, 990, 1.10598670603979e-05, 39091.8108932958 
1529068, 1243, 1.10772639158128e-05, 58973.1436502897 
2079791, 775, 1.09849067381418e-05, 37802.9902463095 
496056, 59, 1.07003370606174e-05, 59668.8398369796 
1695218, 1257, 1.09615468934976e-05, 46195.2482303328 
511, 1219, 1.10242644059575e-05, 51578.2213213813 
1028989, 948, 1.11102469807904e-05, 21544.1483991727 
1404244, 855, 1.10090935112403e-05, 44867.2750114614 
1813451, 1024, 1.12220850634048e-05, 41235.129710131 
2748873, 687, 1.14166980625863e-05, 39226.2330313542 
747522, 48, 1.10678236231627e-05, 8749.77547308004 
2653853, 1221, 1.08134995728668e-05, 45546.0081325259 
1748965, 1062, 1.09058389861932e-05, 29426.7272850218 
28232, 1133, 1.10918851768047e-05, 40948.4629871417 
571177, 1234, 1.09405599378576e-05, 45482.4422509082 
2967130, 416, 1.13270807847402e-05, 9175.98079828413 
571, 1258, 1.15069501979195e-05, 46335.8252714756 
881, 1205, 1.09555424089047e-05, 44085.2165922559 
1160, 49, 1.11831804965332e-05, 31963.9811967324 
1586232, 1178, 1.08983510794817e-05, 40825.649238003 
336820, 102, 1.03690339171099e-05, 137081.626150283 
2494234, 1210, 1.12239744093383e-05, 71450.4903801857 
133924, 484, 1.11059283445503e-05, 10243.0819139021 
1379910, 83, 1.02677838015443e-05, 213819.521071189 
2835531, 766, 1.11049416990561e-05, 78499.5938051843 
196024, 1214, 1.09989221056336e-05, 52136.1492345368 
1802, 1178, 1.08882646283835e-05, 47053.0291936272 
2883169, 1053, 1.13485479532894e-05, 59923.2536673923 
80878, 720, 1.10522883763083e-05, 23775.5853664353 
1076596, 39, 1.02155480641536e-05, 13299.1366585004 
2867022, 1141, 1.1161337128188e-05, 46883.2826010913 
12916, 856, 1.11445447453472e-05, 37499.5313608867 
2599595, 1154, 1.10542431712413e-05, 39329.1546070649 
265606, 1236, 1.13904297609149e-05, 41902.6389594143 
67294, 589, 1.10836482936723e-05, 34583.2476403466 
2794089, 900, 1.10073969707644e-05, 31535.453542906 
3029084, 1269, 1.10427686429542e-05, 49518.538195724 
154981, 1246, 1.11411923304032e-05, 54101.7105891157 
35746, 1212, 1.09406796350189e-05, 49447.3101144246 
1357074, 1185, 1.10986559527641e-05, 52640.330009045 
2011159, 22, 1.06640504196304e-05, 329006.509732787 
194924, 1071, 1.10809463128151e-05, 33660.7719960516 
2872158, 1201, 1.09188185838292e-05, 38247.2486339848 
29543, 1262, 1.11442963491285e-05, 53322.9287674007 
1798205, 822, 1.11628322337944e-05, 34776.2646399969 
2971236, 1266, 1.09929974606176e-05, 53310.0388185258 
3055080, 1149, 1.10274252064885e-05, 44135.6259450408 
1428, 69, 1.13463589534118e-05, 42645.1646351478 
1331910, 752, 1.11773055987124e-05, 21442.8903545317 
2759954, 1164, 1.13624742924019e-05, 71166.2963993409 
2867016, 1153, 1.11450415710051e-05, 44966.5501014136 
430522, 101, 1.03977125032493e-05, 199466.77385235 
2600596, 906, 1.12907596423087e-05, 22161.8328069949 
2916410, 1198, 1.10894251242016e-05, 52186.831275086 
879, 1125, 1.08379936706117e-05, 41995.8848718975 
1637862, 455, 1.10249936606286e-05, 9197.58775863085 
171549, 41, 1.10355787057473e-05, 82758.5534823939 
2836432, 1104, 1.09833382758356e-05, 69395.9202617369 
3032281, 1164, 1.08623629984467e-05, 52495.4687154412 
363852, 1, 1.04755918709407e-05, 0 
1881069, 1148, 1.13864091820004e-05, 48641.2562583073 
2962673, 1190, 1.09767074268402e-05, 50363.6993271934 
1658672, 365, 1.08972822178149e-05, 8184.16074759009 
1806885, 16, 1.0351752551707e-05, 31326.810677789 
191610, 1209, 1.11595933444185e-05, 55796.9674467618 
2766984, 105, 1.05103842596485e-05, 57660.0533729607 
76760, 1118, 1.12002150441288e-05, 40224.7369223862 
242605, 467, 1.11146925120317e-05, 8453.64198080659 
2993564, 1137, 1.09632293288311e-05, 33783.3320248413 
629680, 1152, 1.08548168249661e-05, 45213.0288858421 
1704307, 25, 1.16422567350455e-05, 14751.0884367187 
555317, 658, 1.1157227652073e-05, 15413.863748514 
2578106, 97, 1.04854776135053e-05, 128588.458426189 
158822, 1132, 1.0957343063454e-05, 46334.5375462053 
2493093, 393, 1.11666964445239e-05, 4846.17942155854 
3003247, 1202, 1.11096298271342e-05, 52382.3738544688 
261284, 1254, 1.11054349998889e-05, 62228.819107446 
2994971, 123, 1.11632060727841e-05, 2510.27415782026 
258, 99, 1.02198285112776e-05, 114710.922991678 
2782655, 695, 1.13315731623021e-05, 7933.3697974294 
2906497, 28, 1.13752701626664e-05, 4881.85985348026 
2961574, 1222, 1.10135797438241e-05, 51939.0630559621 
63561, 1190, 1.09077423154955e-05, 37405.3579433775 
1046, 1154, 1.14688105696558e-05, 28270.5686278972 
544580, 1189, 1.098659635245e-05, 60014.3228531724 
577489, 39, 1.12735758655288e-05, 14746.6615803084 
2681310, 1245, 1.1155982953658e-05, 57717.3702684021 
3015150, 29, 1.10437442710577e-05, 26015.4867685334 
63, 946, 1.09676782521908e-05, 23850.0934363649 
2735316, 271, 1.17409477293007e-05, 2662.27497376911 
3031727, 1291, 1.11523748982346e-05, 66025.4687435356 
634157, 1155, 1.09027474923681e-05, 35236.277592232 
239934, 926, 1.14475416404327e-05, 23911.0134387603 
32062, 16, 1.1304672221029e-05, 12537.8542947448 
2961598, 1199, 1.10077604711321e-05, 53013.665129411 
38304, 1254, 1.10381367625145e-05, 48340.9087887297 
2697565, 663, 1.10015842281289e-05, 42321.491023889 
2497325, 1192, 1.098575148033e-05, 44977.7756623099 
257438, 53, 1.01718017312407e-05, 4429.53883128913 
1281578, 1267, 1.1155982953658e-05, 61452.9738540027 
1520, 155, 1.14535729420793e-05, 65474.8054239958 
2816859, 715, 1.12053606445323e-05, 59843.1928841823 
550, 1167, 1.09692422447457e-05, 43099.9141600359 
3032283, 1182, 1.09360133856804e-05, 42193.6136343392 
1496, 99, 1.16499877675128e-05, 310427.920235308 
2901142, 1255, 1.10643947776057e-05, 53908.1709408233 
340320, 1221, 1.09952940141619e-05, 57838.1916559051 
2508289, 743, 1.10275468119362e-05, 23184.1149039273 
52022, 1147, 1.10321698071577e-05, 48286.3673758353 
413, 1261, 1.12441670883229e-05, 54235.4483889895 
604330, 1261, 1.12306551964242e-05, 60666.6072313275 
2881234, 774, 1.12940751281878e-05, 22059.3469568731 
3033809, 1183, 1.14032887084635e-05, 50687.3217588729 
328813, 1152, 1.10369184923569e-05, 45828.1552632045 
184748, 1126, 1.12189375666124e-05, 46787.5566766267 
1487865, 1252, 1.10917621482525e-05, 65926.7874469399 
2081970, 1249, 1.1064517199792e-05, 59831.2568879609 
3015158, 35, 1.11229756184374e-05, 3145.40852749948 
38289, 1213, 1.12912695903527e-05, 53413.7441969774 
745377, 1248, 1.11459111225047e-05, 53679.4608768515 
188932, 108, 1.06643915964594e-05, 213005.385407294 
2730359, 1246, 1.11681929863748e-05, 51223.1034040395 
2692125, 1253, 1.10692937790569e-05, 60873.0134887993 
83219, 1245, 1.14585601173357e-05, 56688.1114971575 
1755504, 1264, 1.1064884482606e-05, 55834.0553174142 
2733487, 1208, 1.11245842186648e-05, 177823.907786856 
2951804, 1204, 1.10322915172711e-05, 49935.8883483002 
2175621, 45, 1.1078000199404e-05, 66563.0552711514 
189691, 1164, 1.11148160497944e-05, 51553.0072798805 
413496, 1129, 1.09621477039782e-05, 34315.1057993363 
43675, 754, 1.12530242502673e-05, 103100.479652389 
512763, 94, 1.02243216162608e-05, 102703.351361494 
1411316, 106, 1.05409621790277e-05, 95746.5072477381 
3068314, 3, 9.82704402515723e-06, 11379.919401835 
2173174, 371, 1.1003884371183e-05, 30670.8468695243 
1562974, 556, 1.09700845793521e-05, 37969.7668891006 
255984, 19, 1.10070334944029e-05, 157509.836777352 
2614442, 1213, 1.11490177715343e-05, 50273.4960866246 
3038545, 522, 1.14191750787923e-05, 15848.5174852799 
319501, 1225, 1.12410071942446e-05, 50515.9640567437 
1914871, 10, 1.14117472526218e-05, 2180.03441321047 
361111, 1195, 1.12866817155756e-05, 37750.4188385674 
1072256, 879, 1.10679461212383e-05, 121850.777715692 
1458461, 1041, 1.11198834636213e-05, 41847.7940081521 
3046670, 368, 1.11017363115591e-05, 8820.63332026647 
92947, 1196, 1.14699944944026e-05, 51632.4447994478 
2675099, 1214, 1.10697839178179e-05, 61888.8175413485 
1615909, 60, 1.01293518227769e-05, 457.825461873831 
1906273, 1205, 1.11454142193195e-05, 54928.4817497104 
2201271, 109, 1.04486657053894e-05, 184685.120667098 
2982699, 1059, 1.13948426941966e-05, 42074.9321889597 
77021, 65, 1.07878356365362e-05, 1786.91860607376 
191292, 1185, 1.12574580659687e-05, 79567.0170700767 
182210, 1217, 1.10977937586008e-05, 62548.4371409152 
1858609, 809, 1.11934451185386e-05, 33001.3283100635 
2911520, 1260, 1.13765642775882e-05, 40745.2480740306 
1912215, 26, 1.0719722144802e-05, 14001.3784664713 
352, 1168, 1.10618245373392e-05, 52233.2960801111 
35814, 1293, 1.12364600656209e-05, 72775.4509719691 
56453, 1133, 1.10547319780232e-05, 51437.7518973339 
1771309, 1281, 1.12383542554028e-05, 68680.6328333445 
206506, 1270, 1.12215813452432e-05, 68117.9704593523 
274537, 1022, 1.12053606445323e-05, 35667.9139758323 
420402, 1254, 1.1156605268149e-05, 58443.7289006809 
368607, 339, 1.14112263644974e-05, 7305.984772757 
45401, 370, 1.14879147137212e-05, 25067.7985605399 
2938695, 1167, 1.10221987081983e-05, 46986.4725091513 
1550728, 81, 1.03558261878133e-05, 22104.9600849816 
2813778, 1, 9.94777418552599e-06, 0 
43617, 620, 1.14185231282186e-05, 17320.1575105245 
894, 1260, 1.12434085517365e-05, 61899.4254157187 
2964609, 349, 1.13026278609777e-05, 45888.1121433166 
43771, 1054, 1.12814611748514e-05, 53829.8864187165 
147206, 1218, 1.12506187840331e-05, 43203.5722168658 
237609, 1293, 1.12673517216513e-05, 60201.577521226 
2884876, 1204, 1.10264524594502e-05, 52483.1846178216 
1163, 21, 1.08877904318098e-05, 723.064602339268 
296842, 1220, 1.11615862846428e-05, 72196.8323010877 
3021811, 40, 1.02230673291214e-05, 20621.0475767813 
2796139, 902, 1.11844312716698e-05, 24828.7055308385 
425, 16, 1.02082482645978e-05, 2616.35783617936 
1907662, 1180, 1.13273373960717e-05, 33850.6555467213 
2072413, 1146, 1.13479040421234e-05, 40875.5179358099 
46234, 15, 1.12113907730254e-05, 238.900935158807 
187491, 1190, 1.12698913582473e-05, 50885.6264047661 
296, 1155, 1.10737065910702e-05, 56948.45957066 
2982524, 1206, 1.12948405168519e-05, 53453.0380988667 
2175149, 1224, 1.12384805574286e-05, 48542.1100865909 
2733571, 1194, 1.12092543603999e-05, 61053.684963956 
2949307, 1214, 1.10846311588982e-05, 60172.3250351054 
1335613, 1276, 1.12556841204808e-05, 73228.2026938916 
2737173, 1258, 1.13013505113861e-05, 50160.0162498511 
488732, 975, 1.11791798953629e-05, 38945.159573957 
245188, 894, 1.14178712520838e-05, 28435.2019817294 
2764720, 101, 1.08225108225108e-05, 86355.1688053657 
2853258, 519, 1.13830392714855e-05, 74987.0150578566 
2237, 1272, 1.12605004166385e-05, 65988.8748055974 
521, 783, 1.11483963031918e-05, 28181.6055156347 
1118, 75, 1.09041741178523e-05, 3799.01066519155 
1382803, 1231, 1.12349451734676e-05, 70333.8481757589 
2585118, 1220, 1.12310335920215e-05, 68091.0337242351 
3016087, 647, 1.15068177895403e-05, 46917.7603099796 
3019968, 508, 1.1212270709064e-05, 6596.64801799878 
392011, 1247, 1.13133690081569e-05, 53876.2804643151 
2867264, 117, 1.16234468169191e-05, 9743.47026096897 
2994972, 615, 1.12882105928568e-05, 33920.029677436 
3033810, 1028, 1.14667064179156e-05, 34527.7366256204 
930166, 1227, 1.12420181671014e-05, 62919.1863237352 
2883100, 1214, 1.14931960279515e-05, 46703.8159830575 
3055079, 1192, 1.10797185751482e-05, 59911.5496168116 
297254, 44, 8.25559316436886e-06, 10189.5635428735 
2975532, 13, 7.99264676497622e-06, 24346.9328058684 
2975533, 15, 9.04298129007171e-06, 9890.76095189999 
298338, 5, 8.14975998956831e-06, 555.332207726208 
2999013, 103, 1.02282955568284e-05, 108261.782622481 
3025755, 13, 8.28459231521217e-06, 10601.686902685 
3029088, 88, 9.99700089973008e-06, 14770.1542765435 
3039168, 74, 9.3290544070453e-06, 15594.2702916075 
3045841, 6, 7.82454245987966e-06, 322.659733615568 
3047704, 7, 8.41998905401423e-06, 15972.2804928964 
3047749, 16, 8.76424189307625e-06, 88971.5646323041 
3047752, 33, 9.50145847387574e-06, 33281.2753209773 
3047753, 34, 8.7989441267048e-06, 15154.5672435415 
3047759, 17, 9.51963901528854e-06, 71457.670507718 
3047782, 31, 8.39567119193344e-06, 6929.09233950692 
3048291, 8, 7.28199526670308e-06, 2623.70548262709 
3048333, 10, 8.86650588735991e-06, 1200.9631783475 
3048336, 27, 9.64059848835416e-06, 15302.3181324531 
3050135, 9, 8.87390185464549e-06, 1468.8464547885 
3050136, 148, 1.02770698018581e-05, 132638.076145219 
3050273, 32, 9.29324845499744e-06, 91964.7841897397 
3050276, 26, 9.37883946240492e-06, 348189.559545753 
3050288, 13, 8.59416627992918e-06, 5180.72697961588 
3050299, 31, 9.52154248988336e-06, 50181.3863909327 
3050341, 51, 7.77671496006657e-06, 109571.023844674 
3050350, 36, 8.06412592939051e-06, 57402.2193757743 
3050356, 30, 9.93532105990005e-06, 68826.9727416221 
3052459, 56, 8.08610080133259e-06, 75162.8309880185 
3052530, 9, 7.13358348432752e-06, 16439.7233727449 
3053610, 20, 8.09867424702576e-06, 2517.9310639524 
3059834, 44, 7.62311327946333e-06, 60408.346697291 
3059992, 41, 9.70883212458373e-06, 28827.165036568 
31977, 61, 9.1746486109582e-06, 165584.982667209 
327511, 83, 9.9007940436823e-06, 27617.5225784499 
335797, 8, 8.48752334068919e-06, 1434.50811411189 
336486, 2, 7.73915937250896e-06, 0 
340921, 24, 8.77577885037297e-06, 38174.5699367479 
373405, 33, 9.7286674644174e-06, 121674.444391319 
374422, 135, 1.03025869795906e-05, 69966.1492935522 
38012, 26, 8.78773232567336e-06, 66523.2159367528 
38322, 20, 9.13317076289375e-06, 181575.164287499 
39420, 57, 1.01307884792673e-05, 10400.9668891781 
400947, 89, 1.00334112594941e-05, 8668.68584490529 
459770, 12, 8.50318444257374e-06, 2199.48060359426 
46021, 38, 8.46252792634216e-06, 87536.499865786 
465797, 46, 1.01519750667492e-05, 25636.9371857008 
47901, 40, 9.75762070176808e-06, 31001.0304492465 
51637, 6, 7.26369387888517e-06, 944.450478634884 
558415, 8, 8.00698208838107e-06, 949.689394640413 
573172, 5, 6.64270863087132e-06, 50.014363296627 
591487, 7, 7.4425250999159e-06, 13328.5970442153 
59310, 5, 7.73227761969566e-06, 103.181592253116 
68242, 9, 8.63214957788788e-06, 17799.7970387976 
73780, 60, 9.36776925310776e-06, 23868.471138978 
90243, 87, 9.57826882369281e-06, 105015.512409015 
936902, 25, 9.54763314174416e-06, 43607.1409682528 
939923, 9, 8.95824561717833e-06, 7981.3637424212 
99000, 22, 9.57139302054021e-06, 20253.0970340171 
100217, 26, 8.37002192945746e-06, 18734.0462829008 
1006972, 11, 8.90424376257724e-06, 12203.8004568156 
100901, 20, 8.28356292608577e-06, 37167.9657043131 
10245, 36, 7.80475621843952e-06, 29058.6848841668 
1034142, 30, 8.01969637429527e-06, 11231.4551304773 
1034152, 24, 9.66491731663236e-06, 64664.5116853945 
10484, 27, 9.22713515907581e-06, 48006.0653188383 
10509, 21, 9.82723717054187e-06, 6870.34401517616 
1051143, 74, 8.70587211073869e-06, 113656.24146653 
1054968, 27, 8.26719576719577e-06, 5500.14950927476 
10719, 31, 9.67117988394584e-06, 25185.1393642808 
1074304, 18, 8.08498940866387e-06, 20456.3646772186 
1076255, 13, 7.98900712619436e-06, 4241.17388347948 
1076630, 134, 1.00163266123782e-05, 88092.122190581 
10834, 38, 7.8567556313296e-06, 3168.86149643136 
1089135, 37, 9.31506338900636e-06, 18147.0525503752 
1129033, 6, 8.08054689141361e-06, 13371.0412517611 
1161906, 11, 8.30406151648771e-06, 2332.30501357293 
1172191, 2, 6.57198625140476e-06, 4.53199287969372 
1176422, 70, 7.25436712901167e-06, 153204.943498777 
1188794, 13, 8.73988358475065e-06, 7921.01997612986 
1190451, 59, 8.73995997098333e-06, 19299.7174365814 
123, 62, 9.37092950249735e-06, 47195.8428142426 
1250400, 4, 7.14367356269288e-06, 17431.1501542313 
129951, 12, 8.46804582906403e-06, 87727.8855236346 
129954, 22, 9.16867613485289e-06, 12262.1958159143 
1327036, 15, 8.13312295655286e-06, 1198.31392335923 
1329200, 81, 9.66753352217249e-06, 48309.0745649791 
1340713, 5, 8.66911713711076e-06, 14473.7723388166 
1348611, 33, 8.70587211073869e-06, 894002.328300953 
1348911, 14, 8.6617583369424e-06, 12117.2262847768 
1390131, 20, 8.97311654283766e-06, 4948.21044480597 
1420727, 70, 9.35130029830648e-06, 38811.536125446 
1450761, 3, 8.38616618026903e-06, 2475.83810986502 
1458841, 31, 8.28500414250207e-06, 27872.87945718 
150340, 61, 1.01750101750102e-05, 26640.1754406746 
1508657, 52, 7.71622799910492e-06, 12203.5210706938 
1513256, 66, 8.19020942365496e-06, 33044.8157228285 
1518149, 55, 9.89002294485323e-06, 11653.686517556 
1523522, 72, 8.14557776583093e-06, 178153.343161315 
1534553, 75, 7.61881542657748e-06, 23095.5717309719 
1555235, 11, 8.05165944701203e-06, 2032.31356963415 
1567473, 50, 9.1546588058663e-06, 30245.0511527924 
1609546, 18, 9.11120222313334e-06, 719.28651959059 
1623282, 20, 9.349464275697e-06, 8554.70234887265 
1623301, 75, 9.35269965675592e-06, 28800.9362670373 
1647391, 38, 7.8567556313296e-06, 3168.86149643136 
170, 6, 7.80749832138786e-06, 69.780748145975 
1715860, 39, 7.94230708136099e-06, 21410.913293564 
1732176, 32, 8.31158468673637e-06, 11536.3450032706 
175304, 144, 9.84562066792691e-06, 57688.0038807451 
176106, 5, 7.04106348222836e-06, 2129.63190057294 
1798220, 21, 7.93896523527124e-06, 51414.6967870192 
180170, 34, 9.15122397620682e-06, 28900.4722118263 
1838081, 36, 9.68673111571769e-06, 42920.3119308068 
1849031, 66, 9.21956391462684e-06, 900229.436701093 
1854574, 31, 9.24419464576246e-06, 128222.630351659 
186328, 42, 9.75124572164094e-06, 229358.927159353 
1883377, 24, 9.32644419988435e-06, 12536.853979061 
1887643, 114, 9.72838353179236e-06, 118616.206393226 
1906673, 23, 7.64748168428137e-06, 14074.0354030741 
1911929, 13, 8.61511953478355e-06, 25378.0819635591 
1913650, 22, 8.37443786585825e-06, 40680.5057249898 
1913651, 43, 7.70427895653246e-06, 57064.5690635935 
1914020, 14, 7.46630828386904e-06, 7572.95321070866 
1914899, 45, 8.65448691874302e-06, 46269.6457285376 
1918540, 18, 8.27150384211353e-06, 39855.942964541 
1920107, 41, 9.97307270370001e-06, 50985.1026169667 
1920761, 2, 6.57198625140476e-06, 4.53199287969372 
1920762, 95, 9.87781147209024e-06, 79889.9135895473 
1921548, 50, 8.99766060824186e-06, 12012.8454019477 
1922330, 52, 8.32500832500833e-06, 27925.9774896274 
1922901, 11, 7.25699937589805e-06, 4392.39486475673 
1923464, 52, 7.71622799910492e-06, 12203.5210706938 
1923682, 38, 7.92996257057667e-06, 112237.270725612 
1924732, 21, 8.34592176532937e-06, 24864.6521765535 
1934253, 17, 9.67679504548094e-06, 1662.02189451596 
196117, 47, 8.04007171743972e-06, 69495.1126361254 
1970800, 18, 8.17013488892702e-06, 745.673158129962 
1980950, 33, 8.63371465573063e-06, 4062.63556455817 
1981048, 11, 7.8408003889037e-06, 5549.01997118 
1981049, 37, 8.91686803926989e-06, 95337.6239394576 
1982080, 86, 9.71571808872394e-06, 290193.212509655 
1982093, 25, 8.9591284559838e-06, 10101.1267636192 
1982219, 66, 1.01536243362068e-05, 25353.2201577673 
1982237, 93, 9.5443526065627e-06, 26763.800914158 
1982239, 34, 9.2577163065415e-06, 322908.743645971 
1982355, 23, 9.7160956841103e-06, 44507.0595408337 
1982365, 32, 9.56361236766351e-06, 66348.0716766312 
1982591, 13, 7.60514107536695e-06, 2641.0989748088 
1982750, 11, 6.98494743827053e-06, 48789.9967280389 
1982888, 38, 9.28608572914345e-06, 19714.3488713354 
1982890, 24, 8.48406692231988e-06, 6338.39208137959 
1982904, 102, 9.40123532232135e-06, 82447.8925455297 
1986019, 9, 8.16279886047328e-06, 801.784327117297 
1986021, 41, 8.44808650840585e-06, 42712.86010805 
1986022, 75, 9.7187396738391e-06, 168673.349486337 
1986118, 17, 8.84188933491308e-06, 12158.3477972455 
1993873, 44, 8.87626486774365e-06, 53663.3819900451 
2006134, 39, 8.39031757352016e-06, 71467.9415805991 
2015370, 48, 9.52145183097519e-06, 12318.0759886158 
2017966, 22, 9.48478640261021e-06, 48406.8629370339 
2024263, 22, 9.21141109606581e-06, 70050.9670191245 
202462, 19, 9.06823849467241e-06, 32281.7074861839 
2041855, 5, 8.43419221524059e-06, 26806.2539990081 
2049885, 161, 9.82994200334218e-06, 78452.9079283182 
205879, 44, 9.63270495987978e-06, 78441.1813110735 
2077136, 119, 9.42107494465118e-06, 75598.9837234219 
213465, 40, 9.58524638875842e-06, 46509.9299196643 
2158, 38, 9.27884793823999e-06, 15542.096532979 
2169613, 203, 1.0308959516716e-05, 287539.983144916 
2169657, 61, 9.45340417084192e-06, 60809.8932627452 
2169689, 15, 8.85833746722415e-06, 14395.4656030218 
2169704, 8, 7.92273746424865e-06, 357.715216205881 
2169861, 42, 8.35715121429407e-06, 28935.2503788643 
2169871, 3, 7.73443059121988e-06, 1493.29749546111 
2169883, 31, 9.56342944579926e-06, 111915.296476625 
2169910, 14, 8.57052254475955e-06, 3157.67501498138 
2169963, 30, 8.75702751458045e-06, 23039.6361596611 
2183, 21, 8.36904124263524e-06, 3169.67869411503 
2201441, 37, 8.71733179908294e-06, 5721.93561093257 
221065, 28, 8.98448379648347e-06, 10115.7326610188 
2259647, 131, 9.66052901056862e-06, 110113.24449886 
2268087, 75, 8.65733406054939e-06, 29748.8637327277 
227470, 52, 8.75557073187816e-06, 16425.6545563608 
2419610, 36, 9.4459033117337e-06, 30122.4428056849 
244310, 48, 9.27050403730451e-06, 48024.851221294 
2487150, 50, 8.9541547277937e-06, 24430.5193323783 
2501926, 38, 7.8567556313296e-06, 3168.86149643136 
2501950, 26, 7.6870450230227e-06, 854.562439971553 
2509729, 33, 8.16779926816519e-06, 3557.19126318613 
2529386, 17, 8.56956775100264e-06, 1454.13799946369 
2530023, 6, 8.16073381318448e-06, 606.740171988435 
2530391, 12, 8.03322542033852e-06, 11389.2875442748 
2560086, 15, 8.75403779993522e-06, 3991.98974348898 
2560122, 27, 8.30261366278104e-06, 125003.926221121 
2560150, 20, 9.47894252917144e-06, 16118.5929853724 
2560301, 122, 9.45313607789384e-06, 64937.427923312 
2560423, 20, 7.25426187885383e-06, 8142.92114291855 
2560453, 37, 8.07278422255052e-06, 137997.960276217 
2560488, 34, 9.13550697495957e-06, 33283.4134093523 
2560545, 13, 7.73084297111757e-06, 41701.5180972199 
2560589, 52, 9.46790380609733e-06, 42232.3795915889 
2560594, 89, 9.61436771110748e-06, 102295.661135725 
2560683, 37, 8.45494360552615e-06, 26163.7085952476 
2560719, 76, 8.71550837560355e-06, 10996.2277243011 
2572529, 14, 8.1813644879693e-06, 29880.7564618739 
2576759, 30, 8.39976144677491e-06, 10277.0370216316 
2588498, 17, 8.39355710556577e-06, 7012.82615731731 
2589991, 26, 9.11834702605112e-06, 42193.1383784655 
2591117, 33, 8.51208716377256e-06, 127412.987036088 
2591189, 10, 8.77154510767072e-06, 2794.63757306642 
2594458, 19, 9.13183632096578e-06, 32431.2080978948 
260373, 40, 7.82870787176576e-06, 84059.7644752451 
2614160, 40, 9.03799573406601e-06, 60558.7094097252 
262968, 1, 8.47860001356576e-06, 0 
2653718, 27, 8.57993496409297e-06, 2552.36579927741 
2654843, 10, 7.53698776746885e-06, 1442.58148184982 
2656530, 51, 9.26389120486169e-06, 9122.32271664954 
2660638, 6, 8.09598601013617e-06, 1214.33572969594 
2663232, 33, 9.24846937831789e-06, 58432.9430117914 
2681265, 22, 8.61126180819275e-06, 31402.3525530114 
2681861, 86, 1.00043018497954e-05, 51261.5538003316 
2718942, 8, 8.9974177411083e-06, 3442.35979332224 
2718943, 15, 8.52696653165636e-06, 87566.0227123773 
273135, 66, 9.48928659543376e-06, 44307.6984579943 
2731621, 26, 8.75925195988263e-06, 21588.9371381212 
2731675, 45, 8.15334817242701e-06, 22784.5393283975 
2732972, 19, 7.66207197750416e-06, 594.162336355453 
2733221, 64, 8.98811770838951e-06, 73301.7804200588 
2733589, 15, 8.97287499887839e-06, 40087.6945570227 
2733590, 88, 1.02184709080133e-05, 59922.188402721 
2733593, 80, 9.65782331978019e-06, 172961.08322079 
2733952, 56, 9.608363119259e-06, 24360.327974658 
2733958, 8, 8.28981182127166e-06, 415.91187849526 
2733978, 9, 8.44772967265047e-06, 33525.055717084 
2733994, 7, 7.90376377230837e-06, 2389.63369798393 
2734004, 80, 7.6072816900337e-06, 19722.4424577228 
2734005, 59, 7.85342370006204e-06, 76653.4387972892 
2734080, 22, 9.36022838957271e-06, 8628.95201999255 
2734104, 112, 1.00597549443696e-05, 104720.661139899 
2734144, 89, 8.85802359777486e-06, 55229.9724239023 
2734148, 17, 8.08119989656064e-06, 37022.282333186 
2734187, 53, 9.0479723493965e-06, 35669.3690722767 
2734199, 3, 7.71771679066465e-06, 314.632187586276 
2734228, 33, 7.93273044581945e-06, 42014.1697759843 
2734235, 9, 6.98372791396047e-06, 2402.25529107272 
2734259, 13, 7.94767252410132e-06, 74.0827976255235 
2734270, 35, 8.39313441604767e-06, 33228.9060026022 
2734439, 80, 7.6072816900337e-06, 19722.4424577228 
2734573, 32, 8.77608691836484e-06, 14437.9713850786 
2736273, 54, 9.31758041071894e-06, 33483.4758678589 
2767878, 3, 7.72069609796019e-06, 190.961848330582 
2767889, 39, 7.70879264889533e-06, 36807.675690853 
2767890, 87, 9.60089096268134e-06, 198012.732270837 
2770089, 82, 8.72508986842564e-06, 69882.0096675245 
2776857, 18, 8.68402313423763e-06, 115403.521966383 
2785910, 14, 8.21652178199924e-06, 7911.74466066694 
2794574, 16, 7.26696655015297e-06, 27142.2156811698 
2795745, 8, 7.62712510773314e-06, 36035.573684225 
2799495, 20, 8.06666290222398e-06, 51785.0152259042 
2809036, 2, 7.1891242927699e-06, 0 
281, 31, 9.68204174896402e-06, 2231.03981440156 
2813165, 120, 1.0002900841244e-05, 98651.9242214234 
2819104, 26, 8.24395511990833e-06, 36889.795858158 
2831969, 21, 8.97005794657433e-06, 5803.55547428471 
2835951, 7, 8.59165578390267e-06, 78.8847154556435 
2836041, 38, 8.84963583748529e-06, 127332.459897732 
2836048, 45, 8.77855224116439e-06, 24084.6060187066 
2841279, 142, 9.92211142531131e-06, 176611.470245988 
2843161, 52, 7.86763491026962e-06, 20015.0300585192 
2843347, 27, 8.65770882393683e-06, 10081.605995585 
2843355, 13, 9.24231501506497e-06, 2194.41972539621 
2843414, 4, 8.13404912965674e-06, 6.09528442647442 
2843630, 19, 8.53387950162144e-06, 267346.514022396 
2843676, 10, 7.01616524472384e-06, 3616.43200762438 
2843753, 30, 7.91414732976669e-06, 130655.398968435 
2843841, 11, 9.43191571640116e-06, 70788.0900309072 
2844019, 15, 8.8636766530757e-06, 3164.57964277608 
2844120, 13, 8.51665431751791e-06, 28376.5333647953 
2844165, 28, 8.67633789130284e-06, 15657.5400918782 
2845093, 32, 8.54657026135412e-06, 129547.500795784 
2845108, 15, 8.63826405445562e-06, 51267.3635080805 
2845593, 6, 8.28109343557723e-06, 16692.1249355695 
2845596, 16, 8.82994410645381e-06, 9756.97171502505 
2845648, 31, 8.3705123590615e-06, 41272.5344808936 
2845837, 7, 8.47048459642376e-06, 6802.30075768079 
2845938, 35, 7.9782353739e-06, 115310.83037521 
2846043, 35, 8.59387085130885e-06, 14987.1878474246 
2846071, 47, 9.36803252580893e-06, 8519.45341220374 
2846079, 32, 8.63490747696638e-06, 7315.76340776451 
2846184, 65, 8.79437863317767e-06, 114830.853797453 
2846392, 37, 9.27084781903305e-06, 50595.5061207753 
2846395, 77, 9.93581463744212e-06, 47130.7025397701 
2846396, 53, 9.55474871010892e-06, 5827.06404178384 
2846739, 5, 7.96698481492694e-06, 679.629593320779 
2848881, 127, 9.44224649928711e-06, 602478.242932952 
2850078, 10, 7.7938677848269e-06, 185.061311799134 
2859227, 21, 7.43820709456193e-06, 38517.0262688248 
2859655, 50, 9.03179190751445e-06, 5919.91736000943 
2863195, 36, 7.48542214038161e-06, 47835.2684789824 
2863832, 69, 8.39531877025371e-06, 106404.366916027 
2867479, 6, 7.45984737152278e-06, 510.677830854829 
2869545, 26, 8.71277467022148e-06, 44259.8206426493 
2869569, 15, 9.18737654462768e-06, 17391.9485084139 
2871520, 12, 7.5281930830962e-06, 3574.83582974023 
2874284, 12, 8.28232799675333e-06, 230.428215058683 
28871, 80, 7.6072816900337e-06, 19722.4424577228 
28874, 12, 8.53322410806475e-06, 12336.7610399559 
2890836, 18, 7.0590062331025e-06, 1996.52268196688 
2898580, 22, 8.83259581158307e-06, 65858.240725717 
2924888, 35, 9.98911186806381e-06, 48636.1710160832 
2926098, 65, 8.15980155362622e-06, 71963.7353205837 
2927622, 118, 9.01282525033122e-06, 105977.727029797 
2928831, 11, 7.25699937589805e-06, 4392.39486475673 
294702, 58, 9.18054458990507e-06, 299868.010235077 
2948775, 13, 8.91146459920688e-06, 5124.39440157414 
2948877, 24, 8.22138546787905e-06, 109973.077600248 
2948878, 79, 8.99021864211738e-06, 32579.4842656799 
2948922, 17, 9.16548279180606e-06, 8759.02105770156 
2948935, 9, 8.76186136982941e-06, 580.184214016883 
2953975, 35, 8.41092410823177e-06, 25568.5219136006 
2953979, 12, 8.10681539970653e-06, 14586.0820106773 
2954065, 14, 7.95380430459889e-06, 15607.7999784649 
2954100, 20, 8.63826405445562e-06, 48562.0226797115 
2955228, 21, 9.19717830569581e-06, 2693.21968328347 
2955350, 36, 9.41017051228968e-06, 8291.70696222492 
2955354, 10, 6.35594566937642e-06, 19095.7691624486 
2955403, 46, 9.06108986788931e-06, 18419.3132134711 
2955424, 52, 8.81810886837209e-06, 256688.5238854 
2955434, 80, 7.6072816900337e-06, 19722.4424577228 
2955537, 95, 9.41513200015064e-06, 70750.5304338548 
2955538, 11, 8.70140266610978e-06, 114439.802761499 
2955545, 40, 7.96336850487756e-06, 24891.1789079957 
2955560, 16, 8.58516483516484e-06, 4676.28309775834 
2955598, 14, 7.55983610275329e-06, 3977.10604312648 
2955676, 82, 8.85512135943823e-06, 181423.287116333 
2955706, 29, 8.1364978885788e-06, 38235.4319783239 
2955732, 9, 7.58990239385521e-06, 436.554000492479 
2955764, 24, 8.77531678893608e-06, 18537.9563514623 
2955765, 44, 7.45423102152782e-06, 15597.9549205394 
2955840, 20, 9.25035151335751e-06, 19418.5338527636 
2955877, 63, 1.03242858175286e-05, 31616.3250256849 
2955878, 33, 9.48622599984822e-06, 231709.464333599 
2955879, 75, 9.33794005042488e-06, 133810.092376247 
2955890, 41, 8.97698301554813e-06, 28327.7378752824 
2955913, 4, 8.46725711672961e-06, 84.5032008550025 
2955945, 40, 7.96336850487756e-06, 24891.1789079957 
2955971, 38, 8.95439526491578e-06, 82284.2656239262 
2956005, 76, 8.19732603224828e-06, 63465.0568944649 
2956054, 32, 6.96107367600379e-06, 39463.7424777733 
2956060, 2, 6.57198625140476e-06, 4.53199287969372 
2956088, 38, 8.76424189307625e-06, 163475.824926145 
2956117, 47, 9.28815574379551e-06, 155911.596018141 
2956126, 71, 9.65306871054308e-06, 7431.90385546006 
2956221, 72, 8.20566683351523e-06, 57015.1962745755 
2956261, 30, 9.42951438000943e-06, 18141.2180911762 
2956264, 27, 7.961593274046e-06, 37045.1099420632 
2956268, 68, 7.83404361995488e-06, 63519.8039867383 
2956336, 1, 8.67137233138517e-06, 0 
2956395, 81, 8.63632438034373e-06, 142207.154614622 
2956464, 14, 9.46664899558854e-06, 36616.6220041106 
2956465, 58, 9.24214417744917e-06, 5471.56138036421 
2956535, 22, 9.64627123385455e-06, 9518.81211386787 
2956536, 25, 9.38059904505502e-06, 12764.4493334729 
2956571, 13, 9.52462592031698e-06, 8062.79706214102 
2956574, 39, 8.90527459414211e-06, 16086.2290213886 
2956661, 23, 9.33898653318142e-06, 15985.3984208839 
2956687, 15, 8.91321205422798e-06, 5487.06555252051 
2956712, 29, 8.7859565270871e-06, 2672.15272893855 
2973661, 11, 7.25699937589805e-06, 4392.39486475673 
2989770, 36, 7.59116995111287e-06, 38488.2780029047 
3020826, 64, 9.09512592201839e-06, 64972.537370988 
3035369, 36, 9.39920294759004e-06, 23895.103158151 
3037457, 18, 8.48629887047362e-06, 15294.7937485629 
3047777, 16, 8.43917464871936e-06, 9326.26230868369 
3047787, 23, 8.73095560309076e-06, 7262.6175105273 
3047946, 3, 6.58718134510243e-06, 860.702290970863 
3048149, 19, 9.69311594905298e-06, 17955.3280338879 
3048192, 31, 7.43207087222784e-06, 24119.0563361539 
88724, 1265, 1.12663361874718e-05, 56546.6969607238 
1335757, 1266, 1.12967544424487e-05, 47533.7877250653 
2705472, 1229, 1.13864091820004e-05, 72291.6906877643 
2779519, 1245, 1.11863079590581e-05, 66628.6042169235 
2953748, 1224, 1.11180289958196e-05, 62761.5961646896 
379347, 1213, 1.14009485589201e-05, 82452.3872980519 
2609258, 61, 1.12295201626035e-05, 1521.98606943449 
2175667, 3, 9.26028818016817e-06, 748.693002874782 
947919, 1238, 1.12568244498227e-05, 66635.6754377583 
2527867, 1216, 1.11146925120317e-05, 54723.6569222876 
2918527, 522, 1.13060781476122e-05, 9489.20808995749 
1538158, 692, 1.12290157767672e-05, 24433.4782289376 
2572921, 1217, 1.12929272396698e-05, 45896.2658783931 
361183, 74, 1.11491420735174e-05, 272544.324366193 
747548, 59, 1.1151628695371e-05, 1578.95201405039 
1930274, 1185, 1.15566855425864e-05, 34473.8952933173 
2057743, 459, 1.13002011435804e-05, 100054.242395732 
2714934, 1205, 1.14576411008502e-05, 53872.2396260646 
2789740, 103, 1.04843782763682e-05, 111622.563236487 
3075123, 1257, 1.12264945270839e-05, 72335.8400383223 
47716, 1096, 1.15178180645459e-05, 78948.1741161374 
638849, 1275, 1.12873186974434e-05, 51467.8288950503 
2811108, 1226, 1.12421445514946e-05, 74812.4896925793 
29442, 1035, 1.14885746125478e-05, 27075.4673575097 
29494, 32, 1.17289670298737e-05, 13889.5732057231 
2679963, 97, 1.08152538340075e-05, 102861.677932826 
273384, 1046, 1.13781176042236e-05, 50833.6114546227 
538949, 1277, 1.11647016791711e-05, 57354.2774198696 
876, 1153, 1.11410682056196e-05, 44215.2911789785 
2867236, 13, 1.10832797641478e-05, 18035.5710612964 
1017351, 1217, 1.13008396523862e-05, 46301.1700195412 
2583823, 1218, 1.12958611964576e-05, 48085.2795208683 
3040943, 1282, 1.12602468246104e-05, 55877.2630141914 
485, 1, 8.96009175133953e-06, 0 
157783, 1246, 1.12267466011025e-05, 61733.3785985889 
2886821, 1162, 1.14517366558639e-05, 55797.2551471543 
446, 68, 1.10063066136896e-05, 11430.7049099793 
2878535, 1229, 1.12578382698954e-05, 69577.6949111214 
660522, 1183, 1.10087299228288e-05, 47195.0614484413 
1209493, 49, 1.15292381479432e-05, 63417.4289761664 
1933880, 478, 1.13183629119884e-05, 55254.1085154852 
2496837, 1246, 1.13699673681937e-05, 48909.8059293766 
2800373, 413, 1.121981868773e-05, 5484.61044146617 
2949995, 1259, 1.11196361655047e-05, 60826.4024849137 
3059028, 1254, 1.13431413695709e-05, 46306.5917576238 
2599296, 613, 1.13927655938479e-05, 14855.8864313133 
1619153, 1211, 1.12608808260982e-05, 54631.6910250069 
184917, 1212, 1.10795958163446e-05, 70271.6521098686 
2819280, 1295, 1.14499009583567e-05, 61658.6594868658 
2968969, 1128, 1.13421121281205e-05, 51356.3535373824 
413810, 1280, 1.12753554555807e-05, 78736.8143132648 
1930532, 1280, 1.12657015715654e-05, 72727.243316222 
507626, 1282, 1.12792979764939e-05, 59933.4296849196 
2609254, 231, 1.12242263701974e-05, 6196.19287136251 
2806263, 1260, 1.1381873228696e-05, 64714.1226949955 
2862866, 94, 1.16173702920607e-05, 3614.01381611794 
108486, 1213, 1.14746009707512e-05, 64118.5939903227 
2590785, 957, 1.22974003295703e-05, 5619.46664911698 
3033387, 1192, 1.12747198232124e-05, 43271.1670679827 
34008, 122, 1.13261827366323e-05, 16506.1470141713 
239759, 1130, 1.12429029175333e-05, 46521.4537928561 
648, 1210, 1.12341878805581e-05, 52509.8497936334 
1938604, 1233, 1.121981868773e-05, 77117.3433406073 
445930, 1224, 1.12439142314222e-05, 69616.3935804125 
78448, 1064, 1.12991796795553e-05, 91032.5400861946 
169133, 87, 1.13941935189827e-05, 60917.8951230367 
2247, 1239, 1.12281332105724e-05, 61612.1521945035 
2876194, 1225, 1.12954784199885e-05, 54210.3836491815 
332999, 106, 1.0501995379122e-05, 48148.6598913971 
2908651, 634, 1.13242588272598e-05, 51608.3136590058 
2518599, 1165, 1.13703552098968e-05, 42181.5389973625 
77022, 88, 1.12468227725667e-05, 8487.22672339065 
1678128, 1057, 1.1427526626137e-05, 37661.972721038 
2698684, 1176, 1.13340133741358e-05, 44799.6789516974 
2939414, 480, 1.16471382981202e-05, 20604.5372122903 
81475, 1279, 1.12465697962122e-05, 84321.2090581268 
93222, 1273, 1.13067173207603e-05, 60647.6944822883 
56459, 445, 1.1341468947058e-05, 14170.8902295106 
1684, 1260, 1.12625295641401e-05, 71754.8705037243 
1532555, 67, 1.0384539497596e-05, 23089.2272183183 
1874, 59, 1.12912695903527e-05, 4409.41369018344 
2906514, 1187, 1.13580863896051e-05, 44892.3027764356 
635, 1296, 1.13058224985868e-05, 62976.4825764131 
83655, 1279, 1.12957336014187e-05, 60877.8460490627 
1637869, 1175, 1.12487204580479e-05, 48274.130592018 
2175641, 20, 1.11793048708231e-05, 15807.7801862604 
2682776, 1234, 1.13678993258836e-05, 64608.4985010471 
200451, 825, 1.14057599087539e-05, 19482.1510789559 
2751478, 979, 1.11918165437432e-05, 39855.2866824691 
848, 177, 1.14580349470066e-05, 225421.998021526 
1909299, 90, 1.03019501591651e-05, 60356.470711594 
748770, 54, 1.17463263364383e-05, 8129.95088292806 
155977, 38, 1.05438518799688e-05, 3315.44649688659 
2734634, 1191, 1.13327289211242e-05, 39329.0111347628 
393765, 1161, 1.14621062766494e-05, 47161.5496751359 
163202, 1186, 1.15009948360533e-05, 49825.2151631274 
2020716, 1158, 1.12271247333558e-05, 49418.1758058689 
33071, 1263, 1.13773408878877e-05, 65655.4079946592 
685565, 108, 1.17280041282575e-05, 53437.6107490258 
1883414, 1260, 1.1381873228696e-05, 56300.0616827304 
2008795, 1218, 1.1602004826434e-05, 48134.1264346431 
2974039, 12, 1.16806055225903e-05, 11225.9514299765 
3033392, 1225, 1.12442935210381e-05, 72456.5653821195 
2910984, 1229, 1.13803188765349e-05, 60053.4137903434 
2986947, 1056, 1.14095338064487e-05, 29765.4362446422 
463024, 378, 1.17788404909421e-05, 33193.2711251099 
2579977, 2, 8.89861804461767e-06, 0 
2769067, 1168, 1.12083748977236e-05, 75970.0819691218 
2937524, 1202, 1.12118935767062e-05, 63946.8990100525 
2961597, 1225, 1.12961163951833e-05, 50325.8215961403 
59282, 839, 1.13653153306739e-05, 22488.2525635786 
195253, 40, 1.18033096480253e-05, 22253.7099025787 
75291, 1228, 1.13659612193403e-05, 28965.5444728903 
2997337, 1213, 1.17240166481036e-05, 44457.5343355193 
936337, 1247, 1.12637981527371e-05, 61004.4207944032 
65093, 103, 1.09826145212129e-05, 19108.6981176814 
1922217, 143, 1.14567222317695e-05, 137137.259050332 
195250, 211, 1.19256317603425e-05, 161165.873802113 
869888, 1231, 1.13672532169327e-05, 44818.3095957909 
313985, 1128, 1.12822248547414e-05, 44485.1061518752 
3038546, 978, 1.14972923876427e-05, 40535.3709701537 
2231055, 1149, 1.1655962607672e-05, 52102.3984943078 
297, 1206, 1.16252034410602e-05, 41586.3132564904 
2979863, 173, 1.16842904714611e-05, 1331.24265127415 
68203, 111, 1.14826382509645e-05, 22457.2153668179 
44252, 1245, 1.13580863896051e-05, 47065.0930276245 
2725558, 7, 1.12776443256533e-05, 5801.53888121223 
2902624, 1219, 1.12934373835364e-05, 45500.1584905076 
2916397, 1232, 1.16243926254853e-05, 54734.7920158656 
59561, 1257, 1.12553040620392e-05, 56300.5821094518 
106633, 1220, 1.17474302496329e-05, 63310.4212002325 
1499392, 899, 1.16529744217211e-05, 31006.4217478626 
152794, 1197, 1.16580008860081e-05, 53036.8399133704 
2546366, 71, 1.12353238582102e-05, 24433.4560467925 
2748080, 1239, 1.14168284050691e-05, 76758.7217570122 
44675, 829, 1.15013916683919e-05, 19729.3897531682 
49283, 1287, 1.13290056531738e-05, 57983.1847181265 
1781, 1208, 1.1453704127915e-05, 70130.9194236404 
2175660, 350, 1.14832975437227e-05, 5608.83564919195 
2822760, 848, 1.15285735695922e-05, 27679.131765939 
1938606, 921, 1.13302892622849e-05, 50273.4612051901 
2590016, 1170, 1.13027556118182e-05, 55857.3510121724 
2775080, 1238, 1.14092734574662e-05, 55319.0897866655 
2994555, 100, 1.1263925027315e-05, 288052.776033516 
85017, 333, 1.1354733220543e-05, 11916.8461387941 
2842357, 1270, 1.1304033279074e-05, 55181.4231092792 
2493677, 1047, 1.14933281230246e-05, 46700.6413562371 
2856523, 105, 1.07805088400172e-05, 95116.401692987 
74030, 1199, 1.161413207591e-05, 64981.0978857269 
231439, 1275, 1.12754825906549e-05, 56274.4180694649 
289370, 1193, 1.13716482066911e-05, 48698.6777764946 
160674, 1225, 1.12817157233272e-05, 60049.316093754 
156978, 1188, 1.13518974696621e-05, 45016.6431521767 
163359, 1287, 1.15292381479432e-05, 61009.0435101651 
2904242, 1278, 1.14618435229122e-05, 57836.9086618508 
1405, 43, 1.17734320731837e-05, 166099.227118515 
186814, 60, 1.14429568600526e-05, 9476.64207006104 
2202000, 1208, 1.15179507262068e-05, 52195.2549882118 
2740163, 1260, 1.14864632031151e-05, 52385.5529366017 
37931, 516, 1.18712679701319e-05, 11559.3200659227 
81479, 1195, 1.15456109360027e-05, 62265.2679574974 
1108, 1281, 1.1453310579423e-05, 63154.854922738 
1860122, 1259, 1.14476726881425e-05, 60447.9633860118 
652, 1278, 1.13954919433872e-05, 59464.4301304302 
2896860, 71, 1.0742407803285e-05, 8025.03208200929 
3032584, 1228, 1.13729414975889e-05, 52560.1596450384 
471189, 1208, 1.13170820035762e-05, 40763.6521878065 
2898441, 1209, 1.14740743290535e-05, 56894.9214925223 
3031916, 1253, 1.13816141405174e-05, 50678.6996318616 
3061632, 1270, 1.1388743366057e-05, 59267.6847926081 
104087, 1062, 1.14994077804993e-05, 31638.1793557798 
1457250, 1211, 1.13481615978212e-05, 49194.0223985302 
2877939, 1191, 1.1333371111237e-05, 51453.102890756 
3033390, 1222, 1.12996903884834e-05, 55450.8857935996 
2792015, 1181, 1.1558822849481e-05, 47287.8174878194 
2986928, 27, 1.01086681829669e-05, 1301.38839956418 
1112103, 82, 1.1578764545823e-05, 71428.9410597317 
214856, 1225, 1.14512121108019e-05, 53830.7798075581 
2750620, 37, 1.11481477352538e-05, 542.772493245789 
2772253, 1231, 1.17745410872611e-05, 49101.2432501139 
1120045, 270, 1.15048320294524e-05, 3606.28717030475 
145458, 279, 1.16417145917251e-05, 11637.8456856868 
172827, 1176, 1.15313653136531e-05, 85177.3336042491 
741759, 22, 1.1354733220543e-05, 63827.3322579501 
520734, 54, 1.06256375382523e-05, 12471.7634418118 
198618, 693, 1.13444281840974e-05, 17953.3375441595 
702114, 1147, 1.15454776364098e-05, 65164.2795679566 
2830842, 943, 1.1401208528104e-05, 29584.3328852513 
2874628, 1229, 1.15187467603525e-05, 54086.0953383388 
3017781, 1166, 1.17828653571976e-05, 48250.2560560672 
3017784, 920, 1.16732425933276e-05, 154149.968316697 
2883205, 1207, 1.13766937052754e-05, 55829.3320097836 
111781, 118, 1.20679667889554e-05, 39963.3315620356 
1520670, 638, 1.14780253205239e-05, 36641.159604953 
1906, 613, 1.17285543383922e-05, 12044.1560583982 
2028345, 975, 1.15582884486465e-05, 31260.5258835451 
223182, 1227, 1.13700966458215e-05, 53742.8568119234 
1136497, 1255, 1.14142221207625e-05, 48965.2869232387 
2680004, 6, 1.08106939384439e-05, 3801.68884703946 
706438, 293, 1.15568191011106e-05, 25425.9064177105 
2972478, 1250, 1.15129117305058e-05, 48954.6822236725 
2991051, 965, 1.1490554763984e-05, 40765.8952333824 
2026885, 1173, 1.15645707809555e-05, 35120.0947923233 
3034025, 1243, 1.14617121505611e-05, 58716.0002403913 
446660, 1260, 1.13659612193403e-05, 62523.9085975621 
2585119, 1156, 1.13488055382171e-05, 44439.805120446 
2885078, 1254, 1.15823855081193e-05, 48244.5770287302 
2901189, 1255, 1.15221975135098e-05, 51378.4207735523 
1679096, 1257, 1.12644325542101e-05, 60503.5869169265 
2817656, 1230, 1.14588227205537e-05, 56406.7051593661 
2995155, 17, 1.14170890989633e-05, 68234.0812247702 
57494, 468, 1.13958815284156e-05, 67767.8289914123 
1262452, 179, 1.16171003717472e-05, 9103.79842091017 
2527973, 1146, 1.18526947101424e-05, 37277.877547224 
2774562, 907, 1.15005980310976e-05, 36392.8923943532 
2789857, 1195, 1.14479347925634e-05, 51358.4788038567 
2866808, 1201, 1.13921166552746e-05, 48257.3957459121 
438, 17, 1.00986639467598e-05, 4597.83128286874 
277, 1207, 1.16168304639762e-05, 54981.1495824894 
2878680, 1224, 1.14718366410462e-05, 52651.2216895051 
487698, 1196, 1.15053614984583e-05, 48417.8485809158 
2217913, 801, 1.13263110205006e-05, 22109.284723186 
29284, 1191, 1.13214382755185e-05, 46002.9714071819 
145357, 31, 1.15931275939623e-05, 80596.1973426839 
3053904, 1252, 1.14883106439198e-05, 39894.6699919703 
141948, 823, 1.17439812096301e-05, 29899.5739483735 
1605838, 1075, 1.14726263136157e-05, 29997.1798568696 
2714935, 1078, 1.14840887949746e-05, 48690.0023309087 
2152891, 539, 1.14826382509645e-05, 15079.343456254 
2584944, 505, 1.15697889670492e-05, 45515.7815300571 
481, 1156, 1.1393804049358e-05, 46786.3810971086 
1138383, 1219, 1.15648382657369e-05, 59118.803505562 
171163, 1188, 1.13486767442916e-05, 42623.1406322613 
1892259, 38, 1.1447279554014e-05, 22681.7676366054 
1630135, 1211, 1.14196966928558e-05, 57685.459388256 
1871022, 1196, 1.14979533643012e-05, 46666.9805820175 
3039157, 971, 1.167474169634e-05, 50124.1910439373 
35701, 1213, 1.152179924417e-05, 41239.0146949727 
154, 1258, 1.14930639359147e-05, 58775.6291873223 
38308, 25, 1.03899342317163e-05, 1482.08338473351 
1457, 1254, 1.15465441193451e-05, 48876.9418601345 
71655, 1301, 1.16353481877945e-05, 68597.4434008613 
95301, 1133, 1.14813198925348e-05, 45939.0382861585 
3016342, 172, 1.13717775225445e-05, 31518.9401659427 
2682228, 825, 1.16246628847763e-05, 10611.3411696792 
2699430, 1171, 1.15865457031295e-05, 67642.0355030587 
86795, 67, 1.08508121832919e-05, 19576.615815407 
2020311, 155, 1.17644290722571e-05, 2912.31461444239 
220684, 7, 1.06252988365298e-05, 32.1885251093028 
2742133, 1257, 1.18189339321593e-05, 59803.4565999827 
2979861, 153, 1.1609412911989e-05, 8259.78441717433 
1264, 160, 1.17321319630203e-05, 23351.3123432766 
194, 122, 1.13301608882846e-05, 184148.123045852 
2072414, 997, 1.14555410452036e-05, 27203.8969757314 
82996, 1294, 1.15740740740741e-05, 68909.6517436602 
897, 1213, 1.15526802218115e-05, 46481.0497986735 
152260, 1192, 1.1529371072808e-05, 45349.489050445 
2060066, 1164, 1.16484950144441e-05, 52847.010557895 
2321394, 758, 1.15869484612532e-05, 77761.225531751 
670, 13, 1.12056117703746e-05, 4238.53474809138 
1667168, 1249, 1.15066853842082e-05, 72065.3028113575 
661191, 8, 1.04753723994888e-05, 14164.917548808 
2895286, 103, 1.06159366440901e-05, 53304.4038292323 
70775, 1260, 1.15159611221153e-05, 46426.1908664619 
1134435, 548, 1.14773666329997e-05, 14792.8847285696 
1330547, 1194, 1.15216664938417e-05, 100582.190797335 
2086585, 1220, 1.14852758763265e-05, 41736.5869666333 
2886932, 1237, 1.16392755714884e-05, 51082.1330768437 
1661, 1209, 1.1519941017902e-05, 42707.3553476787 
33070, 60, 1.22277790684878e-05, 66195.7251614076 
1979344, 69, 1.14738110263324e-05, 6265.04806177225 
2697027, 985, 1.14879147137212e-05, 32383.7793537996 
400092, 34, 1.11239654712112e-05, 60995.7831692026 
1325724, 11, 9.67979246524954e-06, 38.1995778796265 
2044521, 1267, 1.15149002809636e-05, 48356.304854682 
1827469, 14, 1.0105195080791e-05, 240.432553988721 
56450, 1191, 1.1612918210217e-05, 55891.464327093 
83654, 1195, 1.14505564970458e-05, 50181.9583640372 
200450, 1154, 1.1611974267865e-05, 45951.6489240755 
2842355, 1283, 1.15818489263626e-05, 61556.8848521979 
33059, 1239, 1.15829221395974e-05, 51576.0677570462 
158836, 1157, 1.13301608882846e-05, 36747.752457199 
2602067, 807, 1.16878411388632e-05, 24658.9884592404 
416273, 1221, 1.13928953904345e-05, 43706.2529579963 
1812935, 988, 1.19555730903961e-05, 57108.0367838625 
3034024, 1234, 1.15673799884326e-05, 57497.5955901301 
1866325, 26, 1.04925188340713e-05, 1236.22237420395 
2482728, 79, 1.01910828025478e-05, 3716.95417661613 
1379040, 1219, 1.15557507193455e-05, 54268.7947093082 
2975482, 1058, 1.2073649260489e-05, 14547.6533664509 
484429, 28, 1.07600929672032e-05, 10489.0559483575 
2779361, 16, 1.14134404674945e-05, 109125.099383152 
2867238, 1161, 1.1832919181162e-05, 56538.026252642 
3059027, 98, 1.16475452798323e-05, 74264.4263823762 
1509, 181, 1.1800384692541e-05, 26748.3723101743 
471827, 1249, 1.16522955022139e-05, 57325.8955628932 
2055947, 801, 1.1749086508524e-05, 32756.9139327578 
2871694, 1236, 1.15529471568197e-05, 52985.6882858925 
77635, 1153, 1.15668447960765e-05, 47126.9521515124 
84110, 1239, 1.16505306816725e-05, 65368.3855835665 
1495638, 1187, 1.17341969702303e-05, 50686.8172196806 
1916956, 1235, 1.16497163294074e-05, 53583.7205752042 
1531429, 1272, 1.16426633756738e-05, 70558.0365819751 
1710539, 1228, 1.15138396352416e-05, 46864.1924363406 
2610902, 1226, 1.1611030478955e-05, 55077.0114484912 
2931977, 1221, 1.15125141028298e-05, 49976.6975576064 
2961570, 1204, 1.14937244264632e-05, 43254.7169368797 
427923, 1235, 1.15641695769827e-05, 63362.628334554 
39791, 1266, 1.17588956045248e-05, 66845.5734360046 
133926, 1201, 1.15692535517608e-05, 44426.8885276848 
1496080, 751, 1.17280041282575e-05, 27943.5768006313 
292566, 52, 1.1134493547561e-05, 20152.9327170875 
551996, 6, 1.00134179800933e-05, 48.5423902033937 
959, 1165, 1.14768397374099e-05, 41056.6707823494 
1906738, 1256, 1.15432120141751e-05, 54646.7131676328 
995, 83, 1.08989449821257e-05, 97218.5774406299 
1580596, 944, 1.18501664948393e-05, 19473.0357722052 
2049, 1155, 1.16241223787604e-05, 50863.1914820293 
208216, 1275, 1.17659516890024e-05, 56207.3749570534 
285091, 1181, 1.15558842562633e-05, 45272.9454781188 
2175674, 2, 1.07829499994609e-05, 2353.76801419683 
2528007, 1249, 1.19794911112176e-05, 48436.6748237381 
2592345, 123, 1.08315371034303e-05, 230374.25614448 
574987, 13, 1.02001264815684e-05, 7533.628440245 
29382, 1, 9.23182023799633e-06, 0 
555573, 1229, 1.15139722052711e-05, 49994.6244278986 
55601, 129, 1.15901715345387e-05, 13087.1909064414 
2978474, 1273, 1.15913806493491e-05, 57401.7407320785 
146923, 528, 1.17782855527549e-05, 11189.346627558 
2055893, 1209, 1.15728685669317e-05, 53101.02167808 
47878, 766, 1.16214206024544e-05, 44728.5824865933 
818, 54, 1.10944694070006e-05, 32666.8462160473 
1470347, 1162, 1.15958162295044e-05, 58542.7175163563 
2678258, 1229, 1.15020531164813e-05, 59460.8797109456 
1821621, 1295, 1.15869484612532e-05, 59530.6743845421 
204461, 1081, 1.15210027880827e-05, 42780.4860698677 
1288121, 1175, 1.14738110263324e-05, 50489.6805472408 
2053930, 1266, 1.15995824150331e-05, 61999.2092643883 
2495582, 1257, 1.20322464204067e-05, 60022.9290960882 
2709392, 1247, 1.16394110458011e-05, 48216.5915954534 
2749086, 1164, 1.15755478128002e-05, 49584.2452574499 
28141, 814, 1.15007302963738e-05, 15711.0156464366 
119977, 1256, 1.15886940700652e-05, 62384.8998658586 
2582913, 20, 1.16016010209409e-05, 5337.58995225722 
2681547, 1231, 1.17630452171458e-05, 62930.7478619828 
2806553, 6, 1.09803232607168e-05, 27372.5052212845 
640205, 1251, 1.15912462908012e-05, 50468.656878231 
2666185, 1269, 1.16041589305607e-05, 61118.6380728397 
2861284, 820, 1.15825196613271e-05, 43931.7845497504 
651822, 1246, 1.16302059709477e-05, 54493.9067467915 
817, 19, 1.10265740434447e-05, 18569.983629168 
1126833, 1229, 1.16131879362204e-05, 46551.2820519003 
1898733, 10, 1.09948104494679e-05, 265.661762281492 
2003188, 1279, 1.17373647268715e-05, 56693.1722254727 
2035811, 1266, 1.17600018816003e-05, 62022.8030911044 
2986927, 1251, 1.16353481877945e-05, 54210.5290567215 
2684212, 1163, 1.17681671079729e-05, 63426.4331436513 
3021710, 825, 1.15862772132686e-05, 57447.1270433476 
110539, 1214, 1.16032164115893e-05, 49896.7695635815 
1572645, 1, 1.00313982766058e-05, 0 
2933562, 58, 1.05293083297358e-05, 4733.01822525805 
1701090, 340, 1.17064490827997e-05, 59400.023636531 
1773, 1189, 1.14983499867769e-05, 45145.4269997928 
2562582, 6, 9.81152068759137e-06, 10190.9603519939 
3033388, 1193, 1.14970280182573e-05, 46606.1030149938 
1505757, 1244, 1.16411724988941e-05, 51933.5813857323 
179637, 1260, 1.15738061618944e-05, 49880.6330145155 
2724135, 25, 1.0673497705198e-05, 269.857059037295 
387341, 1247, 1.16118394314843e-05, 55221.477318415 
2880651, 1206, 1.16657528493601e-05, 62254.0155793664 
2884875, 1240, 1.16049669258443e-05, 49225.387608567 
413497, 1186, 1.16013318328944e-05, 45596.1677774033 
67376, 7, 1.03568987302442e-05, 15384.3934136075 
1188315, 1225, 1.16394110458011e-05, 49189.0272815033 
2754725, 870, 1.19166785833453e-05, 78261.4554256469 
2933779, 58, 1.17011069247151e-05, 554.459137063017 
3035471, 1223, 1.18522732660124e-05, 56931.9696813862 
2907624, 685, 1.31754041555225e-05, 40504.3257794084 
2926399, 203, 1.33764948232965e-05, 19794.5782303211 
2998559, 911, 1.3365767596033e-05, 76988.8408088119 
3004105, 82, 1.1612918210217e-05, 7123.162443931 
3020908, 4, 1.01499142332247e-05, 44.8312433723487 
3070679, 918, 1.33773895362059e-05, 101296.225810202 
311181, 761, 1.31973130270677e-05, 22714.8809400647 
351671, 838, 1.33255156974575e-05, 65916.0923194362 
373687, 573, 1.33368898372899e-05, 58349.5203211993 
47951, 34, 1.26702565726956e-05, 4494.19571293611 
693075, 830, 1.33627313422864e-05, 57580.3730531234 
999183, 942, 1.32809179770506e-05, 90017.5684301898 
129577, 114, 1.31444044270354e-05, 27197.3530789621 
138851, 518, 1.33967445910644e-05, 54360.0205288902 
1410606, 203, 1.27638934980727e-05, 7486.70770160931 
1633874, 3, 1.07076699039522e-05, 2328.64048788103 
166314, 735, 1.34488138146215e-05, 86588.3007408568 
183417, 446, 1.29846521411691e-05, 31338.0977692233 
203, 651, 1.35045712973842e-05, 125844.979065026 
2058134, 214, 1.30468250551228e-05, 15559.1699802696 
2086577, 139, 1.34573201092734e-05, 18132.6829847604 
256326, 212, 1.34818130342168e-05, 30543.0134245127 
2587597, 4, 1.03790426371072e-05, 6.45444629970766 
2597702, 943, 1.32067248643009e-05, 58766.5686913389 
2650158, 218, 1.26942215903321e-05, 12077.6116882515 
2666138, 706, 1.3321077941627e-05, 39352.8821026556 
2714947, 363, 1.29910621492413e-05, 25552.8675365459 
2773294, 693, 1.30775367151843e-05, 20685.6964454056 
2819100, 113, 1.33022946458264e-05, 16701.8531892517 
2828763, 339, 1.33910039235642e-05, 83668.8613090217 
28895, 218, 1.34495373359156e-05, 37542.3668102966 
2908646, 623, 1.31865233731127e-05, 60990.1572521078 
293387, 356, 1.33711290581377e-05, 28127.19472062 
294699, 444, 1.33201907451315e-05, 26243.4033260817 
29471, 794, 1.32724569972393e-05, 51347.1140944107 
3018315, 488, 1.27305826787692e-05, 30157.747625163 
33038, 352, 1.34021309388193e-05, 17021.7658521547 
386490, 105, 1.34082407047371e-05, 31984.9449268994 
477976, 472, 1.34064431365714e-05, 77734.0817891291 
589436, 92, 1.26168637000214e-05, 9106.29090568825 
632773, 951, 1.33502436419465e-05, 100267.344590268 
911092, 239, 1.35587704906919e-05, 85047.0356450255 
1006576, 563, 1.30568757507704e-05, 48445.224439438 
1055104, 1015, 1.33960267384694e-05, 97556.1581609413 
1245, 226, 1.30893478886882e-05, 18180.2199604457 
1291540, 793, 1.33447208284403e-05, 59722.8590362212 
1534110, 541, 1.31230151439595e-05, 47198.7111600925 
185588, 11, 1.10281548794071e-05, 7660.34821624939 
209, 740, 1.33255156974575e-05, 73199.2098204334 
213849, 800, 1.33630884770088e-05, 62567.3760219725 
228745, 840, 1.32968114246204e-05, 35992.4337096906 
2299, 776, 1.32027144780967e-05, 12847.6161046087 
2339259, 867, 1.33566629713232e-05, 98183.6292837935 
273376, 826, 1.3407162105997e-05, 115680.442924341 
2779527, 220, 1.34750912937435e-05, 67625.4232051992 
2823902, 741, 1.33251605681848e-05, 42982.6017798219 
2923364, 363, 1.26824690230694e-05, 17394.269272739 
2939495, 173, 1.33287127129262e-05, 13641.5294977785 
2994495, 82, 1.32222662964432e-05, 16458.4890857732 
36854, 490, 1.30718954248366e-05, 29166.4674086021 
46507, 428, 1.32812707519855e-05, 41851.6317849276 
72, 376, 1.28814519972691e-05, 17150.9557659848 
754476, 810, 1.33276468706685e-05, 92679.0963329572 
85402, 61, 1.30323724130741e-05, 3241.00234574087 
85404, 172, 1.33935148601047e-05, 98838.9420202328 
88233, 421, 1.3349352556401e-05, 51185.8565845686 
148814, 483, 1.29077226904857e-05, 39229.1774228232 
1585976, 79, 1.31823514678548e-05, 24390.168295114 
1592728, 915, 1.33522044489545e-05, 78181.734682319 
1884913, 867, 1.33383129701755e-05, 91260.1786263848 
1912324, 865, 1.32597857218627e-05, 97074.0827305714 
2268451, 351, 1.26478214127617e-05, 22986.0304724836 
2507160, 300, 1.34260626728606e-05, 53326.2522854736 
2675233, 396, 1.34379703289615e-05, 72357.9486724391 
2711221, 176, 1.2978922230298e-05, 7629.64809673553 
2821536, 436, 1.29785853341986e-05, 38056.9521303662 
28227, 357, 1.27437237160698e-05, 14169.8711913783 
2822842, 116, 1.32966346217772e-05, 5588.3917779062 
2883236, 19, 1.13651861617493e-05, 52.8864179811526 
2924031, 194, 1.34341792388194e-05, 84806.1560944638 
2944914, 497, 1.28970684963308e-05, 34263.6665118446 
29484, 110, 1.32777438457657e-05, 15167.7662204 
3073563, 60, 1.30876348026385e-05, 14469.0283854882 
31979, 642, 1.3129390139828e-05, 20496.6544791652 
449520, 420, 1.2868356710848e-05, 29104.0472635307 
475, 67, 1.28516533652054e-05, 4578.34325966186 
493, 65, 1.30807869401423e-05, 2893.25755240053 
83552, 741, 1.32325892207328e-05, 48723.2853912656 
935199, 582, 1.31880885184501e-05, 35807.3694724145 
116085, 553, 1.29359412190831e-05, 39675.2388437434 
1184387, 94, 1.32895663614496e-05, 28983.9558412895 
150120, 467, 1.29614267938615e-05, 19429.0639845012 
1714848, 519, 1.28744866298456e-05, 35727.0285481749 
1853276, 265, 1.33067198935462e-05, 39908.5684937295 
2018067, 39, 1.27037361688072e-05, 41954.8239269526 
2492396, 862, 1.33639813973379e-05, 112542.283381896 
2735554, 545, 1.30691620053322e-05, 31378.9253438333 
2748863, 534, 1.35222847252272e-05, 82554.5262526706 
28080, 211, 1.28802905793555e-05, 11978.0183706283 
2865840, 520, 1.33641599957235e-05, 31152.7622417357 
2932257, 229, 1.3398360040731e-05, 25591.552915085 
2937909, 21, 1.2326656394453e-05, 15115.9266784551 
29380, 297, 1.24761393834292e-05, 24193.186172026 
2950245, 332, 1.32553916305457e-05, 19891.9247965609 
2983228, 753, 1.33627313422864e-05, 74018.1707615192 
3026433, 455, 1.34359842530265e-05, 45347.5220367197 
3073902, 906, 1.32948668519085e-05, 78657.6978084864 
32064, 513, 1.30517632932209e-05, 3351.26716784479 
35742, 742, 1.32819763580821e-05, 48397.2808479474 
458033, 887, 1.34184960549622e-05, 51877.2436419883 
518738, 216, 1.34368869420333e-05, 34353.0646310513 
59195, 2, 9.04118258668234e-06, 13.5930911462326 
60217, 53, 1.29468273799505e-05, 3054.02087132562 
60520, 125, 1.32678784662333e-05, 10491.6478333495 
755731, 587, 1.30934611255139e-05, 32607.8721183956 
81416, 811, 1.32495958873254e-05, 80830.8226086125 
913109, 577, 1.29898808827923e-05, 64129.1792303647 
1536770, 605, 1.34991023096964e-05, 100899.295100827 
1581038, 818, 1.33205456095482e-05, 58969.0254886054 
1709477, 585, 1.3349352556401e-05, 35223.0638479671 
185007, 53, 1.26755564569285e-05, 26112.6335367043 
191026, 260, 1.34228187919463e-05, 72964.1029729291 
200615, 503, 1.29760591708298e-05, 37428.8250245646 
2588536, 187, 1.34535180949818e-05, 32638.8744866277 
2704654, 547, 1.33532742228394e-05, 81196.9099836795 
2810514, 771, 1.33994372236366e-05, 68810.9961912978 
2811091, 339, 1.27330141591117e-05, 23022.2721744151 
2837511, 285, 1.29925812361142e-05, 10527.2343062506 
2875764, 295, 1.30159184682867e-05, 11067.7204367195 
28885, 13, 1.20774405487989e-05, 14602.2756701985 
3003601, 551, 1.30517632932209e-05, 51172.8475092716 
3023090, 195, 1.29545425103312e-05, 9592.3318339919 
3045147, 52, 1.30481869544227e-05, 12046.6797550192 
359408, 733, 1.32985797116868e-05, 66378.4893281344 
43661, 488, 1.3316111162896e-05, 43764.8138860101 
505249, 201, 1.24943775301115e-05, 6677.82692843917 
51515, 830, 1.33902866860379e-05, 105512.017317505 
52972, 482, 1.29905558658855e-05, 13198.8046606337 
670486, 633, 1.31639570854999e-05, 27585.3803768763 
1071983, 216, 1.34262429344397e-05, 59707.5578715237 
1177574, 154, 1.3259082471493e-05, 9790.88930376821 
1274359, 909, 1.33711290581377e-05, 69274.5316155131 
13373, 614, 1.32618959206408e-05, 28657.7756695093 
1380604, 587, 1.31700250230475e-05, 64678.9662391422 
1380685, 924, 1.34077013836748e-05, 106823.67268113 
1632, 818, 1.33996167709604e-05, 84129.3725114868 
1692041, 148, 1.24973443143332e-05, 111.989871831181 
1763538, 677, 1.34075216196286e-05, 108306.582849022 
1918945, 250, 1.32518784537708e-05, 16476.9009082329 
2005703, 271, 1.28228143512938e-05, 16637.0467466797 
2048654, 891, 1.33351113481798e-05, 56905.0580673887 
2054316, 72, 1.30683080461573e-05, 16701.7181666279 
2058136, 678, 1.33791793211404e-05, 48088.7812961458 
221027, 83, 1.30929468295429e-05, 21203.3098480137 
2303538, 282, 1.32780964520926e-05, 10784.4138681484 
251535, 86, 1.21378372801534e-05, 1554.420633062 
2589987, 190, 1.34003350083752e-05, 43410.0613835808 
2594463, 621, 1.32341653211932e-05, 14604.506613136 
2609809, 813, 1.33400923134388e-05, 72747.9757857813 
2686359, 233, 1.33548792051176e-05, 18422.0476239529 
28189, 355, 1.26643195461108e-05, 22869.4892021696 
28264, 807, 1.33397364068086e-05, 92660.9958624383 
285983, 135, 1.32839171614926e-05, 17480.4068387383 
293091, 231, 1.34909071285953e-05, 60028.9343517655 
2954012, 11, 1.06699672432006e-05, 235.656832126921 
34087, 242, 1.2379914826186e-05, 13188.8065988607 
420336, 199, 1.32182464674236e-05, 14879.2625528061 
45067, 296, 1.34573201092734e-05, 47885.1790167913 
529883, 141, 1.29659643435981e-05, 6780.17037748166 
529884, 858, 1.33675542722703e-05, 86401.8433659997 
59734, 531, 1.29254074734706e-05, 28786.1718373155 
1055688, 673, 1.3195745691589e-05, 87708.5650262444 
1131703, 518, 1.33580903274068e-05, 70939.4681077666 
1525218, 170, 1.28509927391891e-05, 21051.9357598369 
1732569, 630, 1.32550402290471e-05, 53010.9677163278 
1884905, 843, 1.34383314967614e-05, 86229.7942476991 
1912897, 102, 1.32404734793316e-05, 9086.52103855722 
2099786, 546, 1.3156163662676e-05, 39757.5787760998 
2115, 251, 1.25429596367559e-05, 16759.7398543825 
2172099, 224, 1.33288903698767e-05, 27349.394345196 
251701, 709, 1.3136288998358e-05, 37230.8898437645 
2546350, 774, 1.33663035487536e-05, 96961.8204372062 
2593655, 184, 1.30758267191443e-05, 4081.08538103459 
2697023, 564, 1.3195745691589e-05, 51952.6465019983 
2731756, 704, 1.32745712313492e-05, 61067.919688672 
2756, 358, 1.33431182867436e-05, 60095.5632448808 
2813843, 788, 1.33559494076636e-05, 85278.272003563 
28200, 378, 1.29229019668657e-05, 29524.6612808923 
2955859, 19, 1.09299173698247e-05, 2893.56364364938 
2971264, 936, 1.33659462421642e-05, 85020.5446457494 
3042300, 266, 1.35113224882451e-05, 64250.2991349479 
3054208, 321, 1.25402856677075e-05, 42520.953172609 
335405, 510, 1.29183945019313e-05, 39538.7669571882 
633415, 829, 1.3249069252885e-05, 78625.0910831889 
754417, 258, 1.27542886295517e-05, 23037.7712161975 
1144323, 268, 1.28480207624016e-05, 15739.6604712821 
166486, 157, 1.33843724067778e-05, 110681.628054918 
169669, 742, 1.32883301884285e-05, 78482.3560132856 
171523, 924, 1.34057242442523e-05, 133390.938098936 
1903412, 36, 1.28300531164199e-05, 2105.19326756141 
1968788, 112, 1.32100396301189e-05, 9456.98651431602 
202956, 453, 1.3355592654424e-05, 50820.4772058306 
2042057, 375, 1.31061598951507e-05, 15643.1445999537 
213118, 562, 1.30677957242172e-05, 2467.80855027444 
2203, 261, 1.34453781512605e-05, 126182.128063037 
243899, 609, 1.3088491289609e-05, 59664.3448882249 
2579248, 711, 1.32810943621754e-05, 62536.4716050596 
2745509, 973, 1.33926179889645e-05, 98967.8156247899 
2781243, 248, 1.27066417616488e-05, 5805.45028238072 
28229, 200, 1.33456112957254e-05, 26218.7059062018 
2845816, 20, 1.1436936730866e-05, 9756.67367568604 
351672, 27, 1.28979002218439e-05, 3438.21824339823 
39485, 351, 1.28045891647566e-05, 17263.4418008718 
476, 239, 1.34718236807717e-05, 68090.9922311713 
552386, 290, 1.32698151514749e-05, 30799.8509797566 
1230533, 437, 1.28970684963308e-05, 11887.319767205 
1236046, 841, 1.33122112914176e-05, 76890.6827050298 
1348, 475, 1.30485274736746e-05, 28423.5915616485 
137591, 183, 1.34242603232562e-05, 53069.2402504639 
212667, 228, 1.31066752296945e-05, 13166.1416228965 
232537, 747, 1.33479270669265e-05, 53958.7629768801 
2663022, 126, 1.29644514740581e-05, 15954.3975416697 
2746230, 407, 1.34024901826759e-05, 77687.5596443018 
2751313, 842, 1.32761573490169e-05, 43614.11450995 
2778078, 354, 1.32436298140594e-05, 19240.4688879307 
2795383, 719, 1.32536348093465e-05, 24106.5067707884 
2835041, 223, 1.32467876539939e-05, 8239.53562031946 
2854036, 144, 1.28759785743717e-05, 2220.33386198394 
2864204, 463, 1.31649969062257e-05, 23497.1101875938 
2982691, 871, 1.33520261699713e-05, 115832.41878797 
300231, 60, 1.30401898651644e-05, 3239.76099907765 
3070995, 210, 1.3596008211989e-05, 52704.6721471853 
40269, 374, 1.33235627206715e-05, 47933.9261107988 
412593, 837, 1.33561277914307e-05, 120771.576658793 
486, 553, 1.31381874556586e-05, 32006.2131933101 
671990, 435, 1.32701673368101e-05, 28709.6794727982 
81468, 190, 1.29765643248294e-05, 18183.6468864582 
132920, 194, 1.34914531644203e-05, 160228.425663244 
1366, 200, 1.35391280801516e-05, 50572.3372052841 
138072, 184, 1.3458225667528e-05, 39985.4088919307 
1632866, 406, 1.35316166222379e-05, 161389.517285381 
170573, 309, 1.34217378466164e-05, 59496.481001498 
1740262, 75, 1.30125310674179e-05, 4360.73038515646 
2014076, 1001, 1.33807905371049e-05, 100680.470758962 
202746, 205, 1.32035860939831e-05, 21681.5302511551 
2040586, 798, 1.32573246718812e-05, 53427.9771311624 
2126069, 780, 1.33017638138817e-05, 90673.9471000715 
2242, 897, 1.32826820391573e-05, 66292.4114718751 
2490635, 105, 1.21630826116571e-05, 2661.97350009612 
2811781, 334, 1.32243645692824e-05, 13796.5685007274 
28123, 915, 1.34347206921568e-05, 83375.4978774016 
3003623, 92, 1.2732041455527e-05, 11311.300260678 
380393, 687, 1.34172357810844e-05, 59283.6747143223 
407035, 298, 1.33326222601461e-05, 17470.6219525276 
468, 660, 1.32173729149594e-05, 56842.6644001383 
470565, 275, 1.2765522875817e-05, 17983.8066926657 
481743, 682, 1.33432963279249e-05, 67104.3025742734 
607711, 68, 1.28065569571621e-05, 7010.02885556875 
983548, 427, 1.27205424039281e-05, 16571.8633731596 
1216297, 221, 1.33858056916446e-05, 92025.4742509314 
1278212, 408, 1.27221607317787e-05, 17805.5593991974 
1334, 263, 1.32638308596289e-05, 29602.5224248713 
1353, 349, 1.30282974620877e-05, 31327.5353711241 
1472767, 772, 1.34028494457922e-05, 132542.856343413 
1535304, 761, 1.32151022188157e-05, 63402.7834435803 
1570939, 295, 1.33141609415775e-05, 28676.2774613105 
1580092, 167, 1.30104994730748e-05, 351.261793904972 
1699621, 176, 1.33931560972343e-05, 36306.2455819365 
247480, 552, 1.33974625205986e-05, 45339.7019092369 
2518176, 119, 1.33465018818568e-05, 31960.3981560125 
2666100, 461, 1.31027253668763e-05, 26197.7930339491 
2745560, 349, 1.28516533652054e-05, 25934.0761649372 
2966586, 823, 1.32930995520225e-05, 81325.262807991 
33945, 246, 1.30164267305339e-05, 9115.13658126597 
342950, 99, 1.29498452493493e-05, 9617.56392713575 
379097, 807, 1.32427529034736e-05, 64530.4817235266 
456, 346, 1.34051851256066e-05, 55172.0799801526 
59893, 6, 1.14453142883304e-05, 2997.74513978597 
65058, 695, 1.31990549476657e-05, 49635.1819286658 
673862, 562, 1.31549521817488e-05, 38293.2324595705 
70771, 942, 1.33520261699713e-05, 117499.680525699 
875932, 241, 1.34314726266588e-05, 53708.2041790206 
107327, 83, 1.32696390658174e-05, 19087.3457710946 
1137606, 110, 1.3037469687883e-05, 10328.5155431488 
1149953, 194, 1.33381350619556e-05, 38072.8072867666 
1259844, 364, 1.31135502314542e-05, 19611.6241597796 
133549, 573, 1.32459103251871e-05, 46035.7239396007 
1479, 670, 1.32754523610392e-05, 61652.0786780822 
1609968, 405, 1.32534591528389e-05, 47827.811386853 
1610, 206, 1.34251614375663e-05, 41146.1281470393 
1662285, 822, 1.3269462984833e-05, 96829.254684588 
1795053, 343, 1.32481916218436e-05, 15435.6079538036 
1955013, 521, 1.32837407013815e-05, 75645.7716848959 
2233542, 739, 1.32869177008318e-05, 51720.6879566047 
2264, 903, 1.32768624118748e-05, 53880.875732364 
2709396, 798, 1.33450770010943e-05, 106169.340912279 
28172, 130, 1.3433457368923e-05, 15544.9164014481 
2823109, 248, 1.31760985572172e-05, 10202.3674915225 
2830782, 49, 1.3076168682576e-05, 11170.616821342 
2916633, 295, 1.25031257814454e-05, 28891.1019292468 
2925845, 554, 1.33481052364617e-05, 60506.6996759756 
2983219, 928, 1.34165157308647e-05, 91823.0436531687 
2991500, 5, 1.15750118643872e-05, 1549.10445632322 
33970, 225, 1.24198916985444e-05, 13187.9668213063 
435912, 815, 1.34062634062634e-05, 93202.5249355061 
436516, 684, 1.33481052364617e-05, 67713.8068381348 
51589, 665, 1.34594936538487e-05, 86689.4353071813 
76123, 296, 1.33450770010943e-05, 27003.595769752 
859144, 376, 1.33779264214047e-05, 32953.7878452217 
861914, 28, 1.12625295641401e-05, 7246.47501649182 
86665, 750, 1.32339901803793e-05, 78484.7990960003 
106649, 476, 1.28862658178913e-05, 26646.9736503825 
1581, 411, 1.34807225667296e-05, 64843.720599151 
171438, 385, 1.33481052364617e-05, 17965.5398592452 
2067959, 484, 1.30931182570441e-05, 45208.9471088503 
2069256, 86, 1.30920897593674e-05, 12146.3003868617 
2081477, 655, 1.32013201320132e-05, 40265.4326430065 
2283194, 134, 1.31011804163555e-05, 13634.0317606675 
2419772, 72, 1.14335368502893e-05, 17680.5381235734 
2490855, 463, 1.33536308522287e-05, 94324.4107770144 
255247, 642, 1.35054832261898e-05, 130285.53543422 
2652177, 519, 1.29597470257381e-05, 39560.1268634223 
2714036, 120, 1.21989899236343e-05, 5432.60600961889 
2745503, 565, 1.31691578323566e-05, 23715.2113487703 
28091, 459, 1.30281277277642e-05, 18211.1067494646 
2929796, 550, 1.34832672653237e-05, 57579.1784375866 
29519, 277, 1.25200320512821e-05, 23196.2749698878 
3022127, 920, 1.33859848738371e-05, 101714.714852894 
3075221, 553, 1.31743626902049e-05, 33228.1483400376 
476552, 36, 1.29142237260118e-05, 9145.40472462466 
499229, 448, 1.31140661473496e-05, 40019.5019410027 
53409, 694, 1.32662943260059e-05, 62422.0864274111 
689, 399, 1.31924380944842e-05, 30719.2408862526 
69967, 624, 1.34515274209386e-05, 171385.443111338 
85018, 2, 1.08522252487873e-05, 4.00481931718033 
1055323, 185, 1.34320138618383e-05, 44377.4520580068 
110662, 285, 1.33513131016435e-05, 18012.4924563972 
1316596, 375, 1.31066752296945e-05, 55337.3768391579 
1381081, 379, 1.33294233691451e-05, 17559.9543459613 
1507808, 662, 1.33834767595926e-05, 68966.2622077018 
1855377, 592, 1.31404317945888e-05, 37921.642516556 
1912795, 546, 1.32736902186177e-05, 34527.3395546876 
1912871, 401, 1.27903407346772e-05, 7332.58167249693 
2065312, 255, 1.35107748429372e-05, 61666.2607889196 
2093824, 307, 1.31641303775473e-05, 8194.75645397671 
2589986, 49, 1.2120036844912e-05, 588.893925125937 
2594005, 143, 1.32816235456622e-05, 24177.554126952 
2745514, 919, 1.33922592741395e-05, 69177.6278033478 
2800061, 6, 1.16396820038877e-05, 4890.06451034695 
2813035, 60, 1.25958861835724e-05, 13486.4068645119 
29521, 156, 1.33262260127932e-05, 59288.5432748154 
29556, 504, 1.29175601312424e-05, 42000.6371666866 
388640, 100, 1.3260489046836e-05, 37232.2119935219 
39441, 449, 1.31632639629322e-05, 51078.6087300853 
480520, 197, 1.25070352073041e-05, 7770.79415595792 
53345, 542, 1.31387053119786e-05, 36901.4545080023 
570278, 365, 1.3531799729364e-05, 152641.753827279 
732, 771, 1.34213775701938e-05, 143709.130508623 
781, 95, 1.19653006281783e-05, 1144.46294874133 
113653, 882, 1.33465018818568e-05, 107894.548451975 
1521, 154, 1.32772149713876e-05, 33428.5666245293 
1896175, 266, 1.28974011736635e-05, 21969.4437991988 
1927128, 272, 1.25965208409437e-05, 18536.2630489143 
1983719, 173, 1.34620303434164e-05, 57507.2593091704 
1987921, 76, 1.18893340783983e-05, 12461.6508542775 
2054902, 696, 1.32030631106417e-05, 81227.5805673555 
2072408, 645, 1.32863880953963e-05, 74897.6313575655 
215591, 880, 1.33600534402138e-05, 111668.491300184 
2292255, 356, 1.31964422391723e-05, 25837.5041636741 
2433, 194, 1.32955739034475e-05, 24901.501727268 
2500548, 39, 1.17449467366665e-05, 9904.44542212361 
2735562, 52, 1.27409634716577e-05, 6315.76383483629 
2738126, 181, 1.33491743535662e-05, 18686.0318135284 
2778370, 173, 1.30996358301239e-05, 5077.49726731498 
2929492, 648, 1.33397364068086e-05, 41694.0782108251 
3019969, 163, 1.34093194770365e-05, 102634.624472181 
34102, 124, 1.2983472040093e-05, 3715.12855402213 
404011, 249, 1.33457894034432e-05, 118462.998582484 
1736675, 421, 8.1494943238772e-06, 9284.20368035983 
3018929, 656, 9.1212580039039e-06, 1994.00127143486 
72763, 196, 7.89135186748842e-06, 9719.27752753624 
352475, 201, 8.10977389950368e-06, 5076.62158156293 
3039155, 158, 8.16619847128765e-06, 2976.33759142938 
224012, 21, 8.26637569024237e-06, 2229.06098279668 
1275, 169, 8.13610069238217e-06, 11661.2088644179 
3038927, 132, 8.14511333925212e-06, 8944.16267659675 
42684, 414, 8.01455443084642e-06, 7907.57685392941 
2711215, 133, 7.86590210098245e-06, 58911.4263807005 
2861285, 123, 8.19571364176536e-06, 17077.0638501948 
28209, 88, 7.83545543584721e-06, 5414.86825993045 
528244, 128, 8.28280820329325e-06, 66411.2685195844 
1696, 360, 7.89290901054493e-06, 27131.5793348907 
502394, 5, 8.40654028834433e-06, 1815.70160668345 
2892996, 228, 8.18692384523439e-06, 11704.8343721351 
2811111, 324, 8.15368057140993e-06, 13609.0188665901 
173480, 413, 8.25920695094857e-06, 2498.73807081463 
287, 303, 7.79064966227534e-06, 4649.73470461411 
37329, 436, 8.02278470857235e-06, 11549.0669102551 
335928, 122, 8.28665186118201e-06, 10797.764499652 
101571, 318, 7.82221665975704e-06, 30657.3198679298 
47875, 121, 8.15813733408388e-06, 2063.16439216089 
870903, 27, 8.97271397679656e-06, 12922.7385285085 
2699395, 104, 8.44901442246762e-06, 42819.2424370548 
165696, 131, 8.14544506711847e-06, 46567.3270753134 
2819978, 272, 7.98122815138794e-06, 11551.4428006071 
279, 56, 8.24878330446259e-06, 34264.9608607002 
1854, 159, 8.25089315918448e-06, 2605.31847533182 
2905871, 23, 8.11846463596805e-06, 20062.3537739548 
1848900, 428, 8.04317576752005e-06, 10970.5693819341 
2758041, 42, 7.79946027734881e-06, 3302.92639998824 
199596, 39, 8.29187396351575e-06, 2503.49475578397 
1079, 205, 8.02658404636155e-06, 20491.8981552549 
1888, 255, 8.20782205441786e-06, 5782.57306613057 
171437, 214, 8.14736962171763e-06, 10312.3230250216 
91347, 273, 7.76066120833495e-06, 6306.16055562864 
150026, 179, 8.10931354660828e-06, 17008.0787386005 
2742135, 148, 8.17989218902095e-06, 1533.89988433888 
2708082, 274, 7.9863274074784e-06, 14170.6749630087 
2775420, 11, 8.02806611915256e-06, 23358.5299617515 
83627, 164, 8.1020206439486e-06, 4940.74140982053 
2716812, 326, 8.2107873323973e-06, 11949.5923984989 
1882747, 141, 8.00134422582994e-06, 9644.82737046095 
1211322, 19, 8.22564591884578e-06, 52.4258488715147 
1927, 393, 8.10970813160434e-06, 22016.206018514 
1849967, 254, 8.20263796837063e-06, 4640.22625174043 
285578, 390, 8.19014234467395e-06, 12786.8794470269 
538381, 242, 8.18645469206651e-06, 12781.3715627129 
53399, 265, 8.17942384138461e-06, 33674.2051629326 
107709, 383, 8.23580764447666e-06, 6302.01496165622 
267128, 131, 8.14219529869643e-06, 79360.7911866974 
2914159, 445, 8.09140045959155e-06, 15805.0980145526 
2066, 238, 8.18813048604743e-06, 14755.8293312774 
2675225, 133, 7.89228607958581e-06, 32514.0034840911 
2061, 331, 8.10464720470718e-06, 23244.4104670491 
1654, 443, 8.10563260409659e-06, 17670.7581933438 
69, 399, 7.91070397354661e-06, 21389.0510310385 
1325112, 175, 8.17935693895746e-06, 2830.20710116851 
41, 480, 8.2389289392379e-06, 7433.20101819866 
283811, 438, 8.11998083684523e-06, 5792.75082231438 
1003110, 155, 8.30668272625327e-06, 6038.13937230514 
710111, 460, 8.16819956545178e-06, 15346.1696643407 
2575440, 60, 8.08616618688747e-06, 31014.2940230539 
2886352, 16, 8.63110650785431e-06, 112266.77264004 
161493, 408, 7.95342474469506e-06, 50592.587531546 
457083, 19, 8.5966782435267e-06, 14953.3515195165 
2283195, 241, 8.19625103477669e-06, 45837.695764104 
299146, 377, 8.33187525516368e-06, 11075.5629424653 
2742132, 133, 8.26029852718877e-06, 631.360632484759 
1619308, 36, 7.91615211677908e-06, 10887.7040309048 
2079793, 183, 8.15986813653091e-06, 22824.2649361438 
1173026, 16, 8.27561094697816e-06, 4601.50644742915 
32, 447, 8.11899194595999e-06, 21405.6325540022 
135614, 358, 8.20290711027988e-06, 10865.6944929147 
2220096, 50, 7.94249632659545e-06, 26794.0302738347 
74313, 130, 8.05159461831416e-06, 73160.1410234583 
316, 354, 7.89104051260199e-06, 11815.5969675748 
317936, 8, 8.37801608579089e-06, 750.22287196706 
1745854, 153, 8.41935103642211e-06, 10726.8626918529 
1813871, 16, 7.93587810491231e-06, 2182.93351766544 
2528022, 531, 8.41453358240353e-06, 5903.44274797459 
2900152, 513, 8.20836103655183e-06, 9210.20561728312 
543, 347, 7.89284671302399e-06, 13638.5252046168 
2072936, 138, 8.320713584397e-06, 13640.6826515152 
2781734, 514, 8.22869180257723e-06, 14075.838547563 
1969, 440, 8.08924050120934e-06, 13311.231616092 
2835787, 115, 8.17828664894705e-06, 11747.8025952311 
2498135, 403, 8.2234137034966e-06, 5773.99156598595 
2923272, 402, 8.24096584119659e-06, 3629.34782638764 
1658665, 177, 8.06581706726891e-06, 14699.8773453383 
2867012, 25, 8.35994582755104e-06, 4616.2851871805 
1404888, 171, 8.1650649530917e-06, 2900.7914681786 
2768066, 480, 8.13186634464476e-06, 25610.6479046027 
444444, 87, 7.89185008641576e-06, 12084.7777452126 
1869241, 24, 8.65156679874725e-06, 13802.3581783645 
2768069, 484, 8.07291456434517e-06, 13757.3795044389 
3004092, 409, 8.25388964549544e-06, 7794.32160431961 
2797636, 454, 8.04557010909793e-06, 20971.8039506181 
2758442, 289, 8.20378194347594e-06, 21198.7959449985 
651143, 126, 8.02523132729301e-06, 59084.7319659386 
2742137, 491, 8.20728314306115e-06, 8596.90900579093 
2761579, 108, 8.89513525053148e-06, 38280.9662285509 
515350, 131, 8.40322011394767e-06, 3369.683449898 
571913, 278, 8.24953183906813e-06, 30746.1328129595 
1763524, 121, 9.26655237918732e-06, 7576.28258860596 
44249, 341, 7.92826505775741e-06, 27729.2324807311 
2654191, 291, 8.22564591884578e-06, 16591.2907736344 
215580, 252, 8.11161583387411e-06, 12815.9313470524 
455344, 306, 8.24681054602133e-06, 8632.68856567275 
1859, 376, 8.35743059153894e-06, 19217.8280870339 
1881, 454, 8.23512941505876e-06, 4779.47532963693 
748197, 81, 8.81096083527909e-06, 17182.5410936414 
1385715, 98, 8.84885274624145e-06, 27684.2261244165 
2735133, 173, 8.27478919974514e-06, 23752.9618481227 
1882749, 324, 8.28486686218952e-06, 10241.6933674103 
1420889, 174, 8.41439197603581e-06, 2566.04235728448 
2099387, 22, 8.49899286934498e-06, 41095.4491776735 
912, 315, 8.29792883696229e-06, 9895.28673636905 
2862331, 123, 8.25545685698247e-06, 5766.41315070607 
36818, 143, 8.35798940206944e-06, 4467.67120157648 
135719, 124, 8.09723155653082e-06, 34845.7286205247 
404405, 556, 8.28315124205853e-06, 12645.7636527783 
31, 509, 8.24776279434203e-06, 5681.4095251706 
34029, 335, 8.13636548553761e-06, 11009.4730545802 
37921, 295, 8.20748522652659e-06, 24202.1513904899 
109266, 25, 8.72981230903536e-06, 11850.8288062291 
2602070, 120, 8.63274573110724e-06, 2429.90333066816 
3074855, 87, 8.41396718552798e-06, 33847.0816937128 
2768068, 557, 8.28328846552081e-06, 9453.33179898316 
1789672, 61, 8.37324580500385e-06, 21404.3275683258 
2991545, 151, 8.32577075822794e-06, 1930.68827147642 
2751189, 126, 8.33882305851352e-06, 1334.60162941256 
1434011, 87, 8.42992623814542e-06, 21313.7656530574 
2717324, 531, 8.28321985322134e-06, 10430.0840821687 
1592790, 120, 8.09906779729653e-06, 34270.2497703506 
134, 59, 8.58487002506782e-06, 169252.396161887 
2720714, 553, 8.34571280733087e-06, 12971.8077893954 
2728020, 308, 8.38286207677025e-06, 4529.97896513446 
1488356, 419, 8.25941159951765e-06, 10910.4433652237 
453304, 560, 8.27609037490689e-06, 9839.83668291169 
2057, 437, 8.23933623907258e-06, 8731.67811797758 
2528021, 338, 8.69293090858514e-06, 900.455007580103 
1176198, 153, 8.34808161084583e-06, 5079.26792788064 
453783, 648, 8.54452552249774e-06, 12194.7183910006 
121428, 141, 8.2949691012401e-06, 76409.4934046247 
2970906, 182, 8.41311773316956e-06, 11588.4261455077 
2201350, 6, 7.30481533426835e-06, 2552.25242639987 
1323731, 445, 8.27588489899282e-06, 8090.92334663957 
391905, 55, 8.61652995105811e-06, 80665.8389652811 
2748629, 202, 8.17882175893741e-06, 7545.37850322343 
2593653, 234, 8.03180595156821e-06, 36171.9033948998 
83681, 502, 8.26268735643581e-06, 7264.00117696161 
1133546, 471, 8.23052041580589e-06, 6704.77597368858 
47763, 448, 8.10674967978339e-06, 6411.84482249356 
2676077, 118, 8.20432039512007e-06, 9661.94862166057 
2714937, 211, 8.12176144762276e-06, 6771.04693833095 
212765, 478, 8.24810293632465e-06, 6404.70482413036 
2319844, 119, 8.31483283028595e-06, 11369.9768210856 
2319843, 98, 8.71436912324732e-06, 22559.1524781628 
2969247, 193, 8.32521624749203e-06, 24442.0927668563 
45398, 499, 8.2418488115254e-06, 5824.8822057924 
2813779, 10, 8.23770728130947e-06, 36.6178141342561 
2282738, 255, 8.28720124639507e-06, 1422.73520930441 
3028735, 67, 8.43718096909461e-06, 37132.3626815287 
65496, 279, 8.32092129240549e-06, 11058.2828547014 
1038928, 290, 8.35407929692069e-06, 15364.5659695081 
1404864, 183, 8.17768473389814e-06, 3760.99358839606 
1795630, 22, 8.07304491034884e-06, 162730.896853562 
2600159, 809, 9.251036116045e-06, 6876.91027852236 
3018339, 74, 8.39926758386669e-06, 848.060039404206 
1892, 613, 8.52543991269949e-06, 15667.667197604 
2596916, 43, 8.1827034015498e-06, 28759.4367647592 
435897, 470, 8.09716599190283e-06, 25887.5463020264 
2763006, 460, 8.3016487074333e-06, 8284.77533504729 
1552759, 358, 8.22787934637726e-06, 3991.95913550625 
2063, 148, 8.34244049754315e-06, 2512.51606905297 
332158, 116, 8.09775611178143e-06, 75598.8499365288 
3030210, 310, 8.35631319461853e-06, 16935.9534056144 
110937, 127, 8.30137304710199e-06, 35892.6910316529 
2071607, 87, 8.02284907416322e-06, 34022.5417252058 
2662028, 177, 8.31504024479479e-06, 17118.7133582998 
1592106, 170, 8.70344743552921e-06, 680.879090913317 
2579971, 40, 8.31310477837263e-06, 7382.48142271863 
1988, 477, 8.17955764952231e-06, 10057.876162806 
1663, 507, 8.24449885813691e-06, 5993.24008701076 
68895, 389, 8.10497564454819e-06, 29055.1445424076 
1482074, 337, 8.38159736482579e-06, 11107.2775107962 
2985506, 21, 8.15820388983162e-06, 13472.3103264396 
2585135, 307, 8.3609942894409e-06, 8331.63668868131 
372663, 315, 8.32632534283645e-06, 16070.0548750794 
940615, 9, 8.18712492733927e-06, 3668.16148853498 
1005039, 58, 7.78519100966142e-06, 10908.4984315209 
709883, 57, 8.43668269636379e-06, 817.143028060731 
1045317, 14, 8.05405884295391e-06, 11072.4119854908 
3062449, 579, 8.34056182024421e-06, 6843.82648454403 
2764186, 50, 8.05405884295391e-06, 25980.2065894965 
2976824, 223, 8.42020174803388e-06, 3069.56515190653 
2589797, 491, 8.28768201821633e-06, 16986.8164655487 
332055, 128, 8.17193756639699e-06, 11291.068433596 
2025349, 154, 8.32486971578895e-06, 38507.0247392234 
655015, 173, 8.7088290108512e-06, 30793.4047456372 
296544, 122, 8.1799591002045e-06, 14831.0130599364 
43767, 422, 8.02774388285916e-06, 14470.7460574478 
2528010, 560, 8.57529970672475e-06, 8251.71670371488 
2714952, 304, 8.16453164164238e-06, 10544.5745378629 
356302, 537, 8.22815014728389e-06, 22239.6705538776 
1333528, 575, 8.41127784132965e-06, 12876.6067358113 
1357916, 126, 8.23126563940472e-06, 31631.4529277325 
569860, 120, 8.78387280952172e-06, 35175.4425884585 
1470176, 292, 8.47838435907653e-06, 8437.04999614337 
3075432, 529, 8.28075056723141e-06, 11171.4887045358 
2575374, 788, 9.36566360409467e-06, 1609.43101843606 
219314, 175, 8.34564315698989e-06, 17235.7802521779 
2697032, 288, 8.36064477292489e-06, 14332.9602231435 
2508722, 158, 8.41283462049703e-06, 5977.08057615263 
3062779, 464, 8.33152816889674e-06, 6597.33424497509 
595671, 11, 8.88494002665482e-06, 2924.94415709598 
1871086, 72, 8.11945339839722e-06, 2725.36557387363 
1508451, 129, 8.17046865808223e-06, 12038.9064139878 
2566013, 348, 8.34466817427005e-06, 9927.10898891367 
51201, 404, 8.40230223081124e-06, 3109.70096646226 
2548456, 530, 8.25177825821465e-06, 7693.27810308541 
3039154, 256, 8.53737663490762e-06, 11403.2520921475 
76862, 510, 8.36953155731874e-06, 9853.08699630863 
29404, 3, 7.38939916795365e-06, 2721.78340437552 
3015161, 146, 8.52456780441232e-06, 1454.30564144463 
2578107, 811, 9.34649319575295e-06, 1660.37969280264 
2714943, 125, 8.17293939765437e-06, 11411.3959931136 
632569, 519, 8.36022539167656e-06, 12896.425173 
2692234, 462, 8.49444463320988e-06, 5308.0973277386 
2998080, 151, 8.41559578210339e-06, 3013.15042855273 
2733867, 135, 8.38244046371661e-06, 27049.9302035672 
1288636, 188, 8.41736671099813e-06, 7761.55726785776 
1772, 492, 8.16293212521938e-06, 12315.7938879364 
2704467, 535, 8.28967438159029e-06, 19921.2554143069 
3024246, 252, 8.38272153437335e-06, 12876.8576678172 
1675686, 633, 8.4852907484875e-06, 8187.82471576832 
1226757, 598, 8.39081038446693e-06, 6751.18953750786 
2305220, 522, 8.46553679968847e-06, 6517.05784684544 
280236, 510, 8.41149009547041e-06, 12333.4456820257 
85025, 308, 8.35736074547658e-06, 11469.7501859342 
2718876, 127, 8.75043752187609e-06, 51531.4211454219 
1642299, 621, 8.35561497326203e-06, 10908.081762083 
292, 437, 8.03994243401217e-06, 12757.9427852908 
3075198, 223, 8.51375396953779e-06, 7306.33624718403 
121719, 254, 8.5295121119072e-06, 5868.14853803188 
309887, 89, 9.14402757838718e-06, 11137.5894933234 
1325095, 219, 8.31842948051408e-06, 8779.31150522467 
2653851, 484, 8.35798940206944e-06, 14111.6733815995 
1312364, 137, 8.24885134744987e-06, 23696.2785870783 
1325090, 222, 8.32937687931566e-06, 8082.68447159364 
227605, 38, 8.42957093483942e-06, 5653.43759010791 
1901, 591, 8.37401709974292e-06, 11154.1502265947 
1670831, 532, 8.26931505263419e-06, 13211.6982845741 
1286180, 505, 8.27629586102444e-06, 10438.9136040349 
2419771, 152, 8.43340979624882e-06, 3038.18371535903 
1828, 519, 8.27650135734622e-06, 15932.3783058781 
2528026, 626, 8.61801509876245e-06, 11915.8747164671 
2698673, 113, 8.24762674540401e-06, 10416.4452708264 
1379270, 507, 8.47507903011196e-06, 1536.76707653928 
413882, 350, 8.2738307008762e-06, 16211.056433636 
39691, 703, 8.59453559426916e-06, 11996.9236608092 
2483799, 317, 8.47335553352483e-06, 17470.2148664984 
60920, 262, 8.46560846560847e-06, 20684.0833554864 
57704, 518, 8.32563212361899e-06, 10522.6481513477 
2904790, 351, 8.35840855901036e-06, 12984.7153520169 
2136401, 549, 8.33340277835649e-06, 9610.61323286969 
305, 468, 8.14000814000814e-06, 10435.7111598341 
506, 244, 8.29393713195654e-06, 7071.55996454298 
767452, 186, 8.41715416017844e-06, 7173.25152064506 
2914710, 280, 8.24422698005721e-06, 19416.1296971186 
68212, 586, 8.34021400989149e-06, 9724.39379219258 
2488560, 443, 8.24429494789606e-06, 13271.6688465862 
661488, 95, 8.20647490870297e-06, 10475.5604769363 
1885, 591, 8.48219587086705e-06, 3840.61735493155 
66425, 617, 8.50614994641126e-06, 6005.75893837918 
913, 399, 8.74141156313922e-06, 11181.3947968452 
2968084, 260, 8.48010990222433e-06, 42930.2905008583 
1911, 358, 8.49040584139922e-06, 2411.61969910553 
340268, 270, 8.42424497704393e-06, 18649.9808041906 
1404411, 218, 8.3799818992391e-06, 3691.24538295111 
1617967, 30, 8.69172200396343e-06, 1123.22568671037 
106370, 535, 8.46474855464418e-06, 8426.0923814862 
1608957, 523, 8.23397668137804e-06, 17774.2908036094 
2964669, 414, 8.49386742771719e-06, 4952.96253337857 
1446794, 21, 8.10944507067381e-06, 1539.95208129592 
1896961, 546, 8.28164208399241e-06, 18261.1769624582 
1843368, 124, 8.33458352086146e-06, 53688.0078596325 
2486273, 109, 8.22605190638753e-06, 22776.0404366418 
139208, 505, 8.34418076833217e-06, 8870.34561289738 
2049881, 598, 8.42758178968127e-06, 6124.30783790383 
2184053, 604, 8.41092410823177e-06, 6581.47369029188 
1752063, 31, 9.08042532712232e-06, 131394.543155523 
66871, 652, 8.44451950684006e-06, 4686.29960625448 
480035, 509, 8.39701066420354e-06, 10521.59192587 
1889240, 26, 8.77539379579659e-06, 5660.51813597734 
1938605, 117, 8.25845665961945e-06, 5762.57997587113 
43668, 240, 8.46761560412204e-06, 41400.2721177622 
2653852, 518, 8.22754087030927e-06, 16533.3252009692 
1002689, 392, 8.48694707539804e-06, 3715.37124122859 
2045208, 537, 8.25722920416825e-06, 10685.5488849603 
2736875, 246, 8.44772967265047e-06, 4102.99832913263 
99653, 829, 8.88999519940259e-06, 8312.62193158033 
2833628, 634, 8.539490875554e-06, 7921.09604231288 
1170562, 24, 8.65149194978674e-06, 7534.81962680988 
80865, 261, 8.25784288628125e-06, 2668.44680311623 
3072793, 207, 8.59372314461517e-06, 5359.85077669361 
940133, 10, 7.94136099044654e-06, 369.906767710097 
1155739, 12, 9.00957718054292e-06, 36649.7720904649 
1827580, 384, 8.56883343901561e-06, 12344.943701686 
588932, 76, 8.10707829005505e-06, 1189.80886505447 
53458, 248, 8.40067877484501e-06, 17428.5610421509 
2714944, 117, 8.21274289187103e-06, 50113.9002022994 
1858, 481, 8.51165245220707e-06, 6450.00249402238 
2721173, 471, 8.49913733756024e-06, 9604.30029855778 
2202254, 8, 8.78171296093016e-06, 28374.3353560851 
1758689, 182, 8.43099232779698e-06, 6987.06002918237 
2861765, 20, 8.60096674866255e-06, 137.564999442459 
3016086, 188, 8.61422898343484e-06, 8824.57442819418 
83453, 556, 8.42183275924507e-06, 21872.1347795943 
2509458, 534, 8.29551958986951e-06, 16741.1544953659 
1549949, 241, 8.4458746125455e-06, 4703.16364035078 
1890, 614, 8.4850027576259e-06, 4852.13138905711 
3043847, 727, 9.61131828841644e-06, 542.769863457462 
42253, 284, 8.55841977337304e-06, 404.704600112624 
273677, 418, 8.42353535778966e-06, 3988.72397434784 
1817965, 16, 8.51614661398011e-06, 29369.3419440674 
2942449, 156, 8.510348583878e-06, 3701.2429605293 
37927, 366, 8.45287101764114e-06, 7542.97259591476 
940614, 30, 8.69172200396343e-06, 1123.22568671037 
162426, 534, 8.33041768714283e-06, 19479.442339524 
2981134, 607, 8.47270940301289e-06, 5817.92179010734 
31958, 629, 8.437536914224e-06, 4828.17288032564 
1764, 557, 8.25375339435608e-06, 8381.23576566192 
2930091, 118, 8.27184594514112e-06, 5650.07419881931 
68223, 324, 8.50680118754945e-06, 13593.766300813 
1914, 603, 8.52231568361755e-06, 5026.02719573166 
202862, 559, 8.55395406526667e-06, 23536.3485977201 
2729175, 177, 8.5535882302626e-06, 5128.99535657627 
1842727, 274, 8.44780103738997e-06, 9101.58419623759 
137722, 161, 8.60488929809918e-06, 5448.39588730349 
659012, 500, 8.43931709046104e-06, 8693.8185108455 
1670830, 536, 8.24994018793364e-06, 8396.5747493943 
2035, 466, 8.54525567404977e-06, 9749.70179287585 
3043734, 609, 8.47615657156419e-06, 5403.51255676408 
3075825, 592, 8.43931709046104e-06, 6839.1695704332 
1911175, 618, 8.40788323131768e-06, 7221.92683202082 
2742204, 367, 8.59778692964431e-06, 11953.5575693614 
149698, 222, 8.40357319932435e-06, 7873.20219169963 
3053466, 640, 8.52434980521861e-06, 7817.69136096532 
2760308, 257, 8.32743473373028e-06, 14465.5305349672 
116188, 587, 8.34028356964137e-06, 10551.5763340487 
2609253, 34, 8.22125028774376e-06, 16783.6194505079 
1714373, 540, 8.37429760578832e-06, 7076.55326685642 
3028709, 364, 8.49285750683675e-06, 6752.70229990204 
2508882, 191, 8.53985550564484e-06, 16778.8411869084 
283, 462, 8.39778634351985e-06, 10123.2739408789 
2911495, 110, 8.5260214173658e-06, 55014.8824814908 
432329, 20, 9.5565749235474e-06, 5210.45952021292 
2724914, 174, 8.51433388108881e-06, 14323.9933861144 
2583243, 136, 8.65755891468841e-06, 4550.8944743205 
2822761, 25, 8.92124326446134e-06, 12808.512172293 
40567, 155, 8.60859309763005e-06, 8168.55315403367 
2482763, 98, 8.24089792823826e-06, 18736.9877304643 
1858653, 492, 8.41864224137931e-06, 6401.70949802007 
2135430, 626, 8.34752412434472e-06, 9413.19676402748 
173860, 532, 8.54335753951303e-06, 6800.48865795224 
1597781, 426, 8.27253023609801e-06, 13420.5765488677 
1286181, 599, 8.43696741643184e-06, 13744.1972346537 
163604, 478, 8.5437224998932e-06, 11578.5943836745 
2509457, 555, 8.49228051701004e-06, 10267.6957833997 
1219, 81, 8.50622230161363e-06, 22670.2796209607 
2171623, 554, 8.47034110063612e-06, 11388.039094108 
2665642, 205, 8.59978328546121e-06, 5179.33057849865 
184914, 617, 8.39207787848271e-06, 15965.9353732679 
1427356, 561, 8.72965989245059e-06, 13494.1336582451 
1891644, 450, 8.68296749096971e-06, 27519.6697948903 
1756993, 163, 1.24577992051924e-05, 167676.086933806 
1825069, 236, 1.23219478535167e-05, 63906.6792733736 
1835721, 112, 1.16750143018925e-05, 231277.665656224 
191291, 153, 1.2100238374696e-05, 7623.89561498 
2201427, 77, 1.14597419266118e-05, 6957.59556724179 
2280, 131, 1.22562537534777e-05, 14828.5988747852 
2364272, 125, 1.26433439115977e-05, 28380.8386191514 
2483366, 266, 1.26403074122763e-05, 211941.863531507 
2483368, 172, 1.24214344272477e-05, 34783.5559518487 
2594496, 4, 9.92063492063492e-06, 148.034072430992 
2601695, 76, 1.20263135741001e-05, 54255.6483898976 
2666127, 61, 1.24038700074423e-05, 19890.6554426449 
2732530, 65, 1.16339945320226e-05, 89043.8842194208 
2734245, 59, 1.22514487338128e-05, 8991.02283597829 
2742625, 49, 1.1426351451718e-05, 6624.45257295171 
2748316, 95, 1.25838398328866e-05, 24601.6421481194 
2749962, 100, 1.18588793359028e-05, 165460.61029724 
2813673, 2, 8.95110904241035e-06, 6.45000979685592 
2827482, 181, 1.24672734073058e-05, 89392.8057807729 
2834276, 100, 1.1761800025876e-05, 111376.293536153 
2843318, 152, 1.18480604725007e-05, 260337.994980856 
2866199, 225, 1.23342584027135e-05, 34894.750589672 
2883238, 28, 1.09175073147299e-05, 85655.0484525311 
2895488, 175, 1.24859533025346e-05, 90396.7675844136 
2949614, 128, 1.25985839191675e-05, 37511.7276785139 
2955509, 20, 1.18189339321593e-05, 33205.1983172855 
2956123, 233, 1.25424876770059e-05, 119211.153881435 
2956353, 73, 1.28458751894767e-05, 10468.887518514 
2956529, 275, 1.29748806310982e-05, 76385.4959489182 
2967301, 36, 1.18780363230351e-05, 3314.53471613151 
2983208, 92, 1.20876597082039e-05, 43895.7740531552 
3027470, 176, 1.19757610596153e-05, 56360.8886364301 
324078, 128, 1.18322191326983e-05, 371450.804280342 
447032, 56, 1.13995189403007e-05, 2492.05375942344 
548914, 245, 1.26302494474266e-05, 31720.3942167214 
56811, 56, 1.12672247698669e-05, 216930.850956915 
57037, 273, 1.28356523078503e-05, 116354.367432111 
62088, 7, 1.01821588213133e-05, 17272.6180209776 
649777, 206, 1.21752258504395e-05, 7552.68861864963 
770, 248, 1.26375917805103e-05, 135468.777295201 
813, 84, 1.27223225872115e-05, 63246.7835792554 
104955, 40, 1.23835942143848e-05, 28806.5300681651 
1232667, 70, 1.204572557428e-05, 32959.321413797 
1327989, 283, 1.26467017401862e-05, 285229.994061437 
1346287, 58, 1.2798689414204e-05, 31958.0964479158 
1353246, 331, 1.28610746713995e-05, 128387.792818598 
1377, 151, 1.21556900785258e-05, 389232.32756565 
141, 136, 1.15791667631597e-05, 231861.018690189 
1623281, 221, 1.24714715089233e-05, 103091.066221743 
1840303, 38, 1.10471603274378e-05, 11706.8884783904 
1963360, 78, 1.23166360803537e-05, 71132.7722842615 
1967783, 128, 1.22830506184516e-05, 27064.3222275262 
1971485, 56, 1.11992115755051e-05, 10737.4375499962 
212, 34, 1.14780253205239e-05, 33380.4501430481 
2128, 134, 1.19190931953897e-05, 51372.1957263584 
2217832, 37, 1.0954462300218e-05, 12268.1675390958 
2259, 119, 1.26824690230694e-05, 44174.1469746154 
2675793, 96, 1.12012186925938e-05, 111347.227714078 
2675796, 99, 1.19445771619685e-05, 5318.73260810689 
2676755, 2, 9.79096294120527e-06, 0 
2738852, 128, 1.23386718653604e-05, 82034.5700634011 
2742598, 135, 1.28275844375746e-05, 72751.4855481493 
2745563, 137, 1.15876197870195e-05, 312301.113773224 
28109, 3, 8.24579052393753e-06, 15514.7798252165 
2841264, 137, 1.24396676120814e-05, 292331.087234686 
2864103, 251, 1.26881010987896e-05, 155713.084376479 
2866384, 147, 1.25933481934842e-05, 40546.8405106956 
2933293, 192, 1.27772666871103e-05, 356598.243573396 
2933778, 36, 1.23464411383419e-05, 447.816374838579 
29389, 51, 1.22771693758287e-05, 42687.6060664991 
2948800, 357, 1.26940604491159e-05, 139052.397907685 
2951085, 22, 1.15739401164338e-05, 13682.7063564054 
2956382, 17, 1.04553296042658e-05, 28444.6405798377 
2985648, 27, 1.1078122922852e-05, 29175.2216304338 
3048378, 20, 9.49279971141889e-06, 3120.74531267085 
3050252, 164, 1.27586822832938e-05, 325978.651078894 
322019, 132, 1.16506664181191e-05, 324823.065655298 
380087, 3, 8.67340300967085e-06, 92.5529019918488 
411486, 173, 1.25234815278647e-05, 94643.7819411117 
415095, 41, 1.18535376883231e-05, 4720.59308720267 
489, 321, 1.26012828105901e-05, 171594.696831693 
507763, 295, 1.27479475804395e-05, 202819.600470469 
596095, 30, 1.19378752969546e-05, 30216.4419229557 
68892, 381, 1.27585195013971e-05, 220650.413118076 
10683, 77, 1.08828138603517e-05, 386612.344054316 
108080, 120, 1.16490377894786e-05, 380962.95762276 
1128151, 10, 9.95807649794366e-06, 61961.8764599979 
1145276, 41, 1.09557824619834e-05, 75028.14088128 
1148157, 122, 1.21008240661189e-05, 103234.425847698 
1157948, 39, 1.20737950352555e-05, 43207.1823655435 
142651, 86, 1.18278806803397e-05, 143764.567125183 
1471398, 20, 1.09266928178848e-05, 28798.3566377473 
1522127, 195, 1.21881360683511e-05, 46906.7032167044 
1579506, 75, 1.17428779445266e-05, 863.273668124057 
1703250, 20, 1.14640773137374e-05, 136261.823181532 
171632, 32, 1.11875594339095e-05, 25489.6123790514 
1740, 82, 1.15848007414272e-05, 505.160132278335 
1758395, 207, 1.24020240103185e-05, 60696.8301520464 
1840265, 161, 1.196301037193e-05, 5043.8729184467 
1840267, 3, 8.90908280992472e-06, 5589.73044732177 
1926881, 12, 9.72838353179236e-06, 21096.3226685654 
1930764, 14, 1.17721846820333e-05, 38296.4049304897 
1945657, 16, 1.07888831348179e-05, 2782.59166970246 
1982900, 58, 1.2295434705094e-05, 145647.346983059 
2014742, 178, 1.26465418031439e-05, 172841.051717241 
2053287, 31, 1.23989485691613e-05, 12685.5131059049 
2083300, 10, 1.02243216162608e-05, 5654.00862238058 
2169882, 22, 1.08332972223426e-05, 7634.06534603396 
2275, 335, 1.26749138105861e-05, 161304.355017487 
2283483, 43, 1.18427285646613e-05, 11640.6551615311 
2382163, 4, 9.71345313258863e-06, 1161.72856554983 
255248, 16, 9.88650294617788e-06, 11842.5694248848 
255474, 15, 1.14001687224971e-05, 25013.5192418432 
2560400, 25, 1.04570789195746e-05, 7526.79787397183 
256818, 194, 1.23192155123562e-05, 118260.122568826 
2587529, 355, 1.26192519307455e-05, 331934.796532946 
2598861, 66, 1.15444113504652e-05, 31528.6956194343 
265570, 171, 1.2073066196622e-05, 11926.1845837471 
2675784, 34, 1.0608278700698e-05, 198631.585611186 
2675794, 88, 1.11170401992174e-05, 26589.4044320532 
2704652, 39, 1.11413164579527e-05, 74523.5977893847 
2734266, 38, 1.20003360094083e-05, 50121.1786242458 
2734274, 106, 1.24568680942238e-05, 81271.2657645717 
2778052, 238, 1.24671179763374e-05, 172580.150348324 
279303, 126, 1.16662972339209e-05, 29123.0538696747 
2793708, 65, 1.25226973890176e-05, 28892.1320212503 
2821140, 328, 1.2717468715027e-05, 175094.70882801 
2846075, 22, 1.05077336919973e-05, 33453.2217550687 
2871688, 63, 1.16786957232616e-05, 22701.8668572334 
290425, 90, 1.20608348509884e-05, 15249.9842485406 
2908637, 71, 1.25363554307492e-05, 16019.629952173 
2925318, 180, 1.19868145040455e-05, 87925.4915239202 
2928154, 44, 1.20434044295641e-05, 32017.6618168058 
2948772, 357, 1.27296103466273e-05, 459308.689164224 
2948789, 73, 1.23835942143848e-05, 13869.3466187506 
2956376, 206, 1.25470514429109e-05, 47112.2495394611 
2972784, 101, 1.21823453451258e-05, 23181.3609377392 
2992805, 75, 1.16448326055313e-05, 273683.903737327 
3015165, 133, 1.24392033934147e-05, 8089.96636643262 
3015169, 106, 1.20140323898313e-05, 88214.0329417131 
3050271, 117, 1.28257746767905e-05, 67931.0305608919 
3050281, 5, 1.01218672820762e-05, 17483.4837925356 
3050336, 61, 1.23260486385879e-05, 14795.2100332957 
3052000, 57, 1.150880423524e-05, 40569.6726596306 
3059081, 49, 1.25733972061911e-05, 5493.4879880538 
3060303, 5, 9.38746773057968e-06, 16736.0367285834 
333965, 57, 1.19199456450479e-05, 42523.2680112154 
401619, 53, 1.15636346816531e-05, 8009.45060686679 
478807, 33, 1.06830758712048e-05, 6062.64449826412 
664662, 95, 1.12449257272656e-05, 200362.563839844 
83555, 178, 1.26527823468381e-05, 284566.458246709 
1006005, 133, 1.22850122850123e-05, 123625.172356425 
10279, 313, 1.27875602613777e-05, 261871.714856091 
111770, 279, 1.24889160869728e-05, 282999.01585003 
1316444, 88, 1.13220791866218e-05, 55878.1820323401 
1623295, 306, 1.25520911783903e-05, 129038.46549025 
1699624, 27, 1.2293620840146e-05, 9473.45111770311 
1706371, 167, 1.22384041121038e-05, 121743.858323076 
173566, 333, 1.26947050385284e-05, 306156.482324985 
1785128, 31, 1.16231766141687e-05, 14837.2987778855 
1844999, 138, 1.27842906636325e-05, 31375.0285844896 
1855331, 197, 1.24336354706753e-05, 88674.7775014243 
1868734, 102, 1.22828997469723e-05, 68844.1813991177 
1930546, 29, 1.16946754142839e-05, 14358.7688909407 
2026189, 85, 1.15235252768527e-05, 155233.024063541 
2129, 39, 1.16639839503581e-05, 45003.2645467453 
213121, 307, 1.24478745254248e-05, 164200.469979278 
2216012, 107, 1.23537623383201e-05, 36998.349165633 
2319, 283, 1.2605412764241e-05, 264253.897517026 
2500132, 120, 1.22333137600313e-05, 23759.3286924124 
2594494, 4, 8.83212774789575e-06, 28277.4733068758 
2596745, 69, 1.1239870067102e-05, 24968.9961059919 
2686210, 18, 1.17377780386173e-05, 2136.340424111 
2734292, 221, 1.25860571658716e-05, 56952.5578515293 
2745512, 103, 1.19494300121884e-05, 71717.5085746198 
2745562, 84, 1.18562079104619e-05, 65683.1568168158 
2766470, 121, 1.20679667889554e-05, 71372.5460326644 
2778051, 78, 1.24708493895519e-05, 42093.5547637837 
2893572, 73, 1.23667482872054e-05, 95606.395749732 
2926671, 219, 1.24225145653983e-05, 74438.977782826 
2942997, 41, 1.17297924999707e-05, 20093.2700178044 
2955349, 126, 1.24422988391335e-05, 162874.627881231 
2955603, 1, 9.081414884439e-06, 0 
2991054, 119, 1.21203306426199e-05, 61434.7288037052 
2993654, 2, 7.82968861328385e-06, 14202.187464998 
3019889, 81, 1.21235633577421e-05, 97194.7670262141 
323273, 95, 1.18381021154688e-05, 42998.7993312784 
391290, 58, 1.24418344240675e-05, 109995.301057572 
58050, 1, 8.83579557503358e-06, 0 
59754, 132, 1.26328023345419e-05, 93094.2998345366 
624186, 59, 1.15947406256522e-05, 20701.3551868233 
646, 7, 9.65297552970703e-06, 22580.0740435886 
64897, 42, 1.07625248883388e-05, 91090.8340148524 
649161, 70, 1.23473558137525e-05, 130616.278922587 
658641, 202, 1.28297239043416e-05, 121096.352905413 
680118, 186, 1.2257155114298e-05, 36668.9158132493 
69328, 239, 1.2272347945609e-05, 51651.1990385561 
79206, 168, 1.24886041487143e-05, 56984.64376896 
85034, 46, 1.18241046196777e-05, 4940.40948498078 
92944, 14, 1.20354323127287e-05, 6644.05263004821 
94694, 56, 1.25327417879209e-05, 19766.4993913107 
1129771, 47, 1.14617121505611e-05, 11571.6608332323 
1170711, 198, 1.21237103403125e-05, 249868.379257282 
1240404, 325, 1.26980902072328e-05, 332050.652445312 
1364, 93, 1.20987743941539e-05, 232930.016992077 
141391, 39, 1.16044282498201e-05, 26678.3068587309 
143, 57, 1.17540580885551e-05, 21484.5413583166 
1702250, 181, 1.21263566361487e-05, 74595.5170282235 
1703960, 1, 8.58184938854323e-06, 0 
182709, 81, 1.19773388748488e-05, 74967.7506445026 
2026187, 45, 1.22204570450935e-05, 11536.3265894573 
2099789, 19, 1.22134421143911e-05, 19692.0639794814 
213419, 163, 1.23101164537017e-05, 28636.6197411277 
2191, 268, 1.24060243654319e-05, 98563.7552413739 
2215, 118, 1.20911674022127e-05, 198261.930518175 
2272, 24, 1.00393542687334e-05, 9984.86042621445 
2490633, 3, 8.98997617656313e-06, 14289.8366004892 
2565914, 232, 1.23566627125346e-05, 179599.41024892 
2582830, 18, 9.72705873198062e-06, 23535.4069938718 
2675710, 115, 1.23143610078073e-05, 31607.0591965407 
2683193, 46, 1.17503290092123e-05, 31544.5905151784 
2703794, 324, 1.26254655640427e-05, 159606.501899825 
2734194, 268, 1.26116127730414e-05, 142459.179809259 
2734264, 99, 1.1947145826862e-05, 85251.6450473868 
2770788, 76, 1.14796064790899e-05, 56328.9220723265 
2805750, 103, 1.22838050314465e-05, 98820.1007761914 
2815361, 178, 1.2090875016625e-05, 109940.709419081 
2820817, 248, 1.23875826871144e-05, 212118.5872209 
2846389, 34, 1.08101096145115e-05, 2282.28927518978 
2866570, 49, 1.20957011877979e-05, 31091.6268551543 
2874884, 27, 1.07585880429052e-05, 2366.12209625298 
2878390, 115, 1.22648220374322e-05, 10525.9890453692 
2892396, 84, 1.19892576251679e-05, 82887.3878813892 
2929488, 77, 1.23318247401068e-05, 23050.1475489463 
2948936, 303, 1.27121337316469e-05, 444073.329681396 
2955329, 277, 1.24503542125773e-05, 190360.386940155 
2956386, 148, 1.24495792042229e-05, 56720.3508929505 
2969431, 58, 1.21094696052313e-05, 27980.5270806826 
2972775, 79, 1.21598287896106e-05, 10988.305474136 
3050292, 99, 1.19232144986288e-05, 144372.030821737 
33045, 29, 1.22777723209901e-05, 30971.8043200587 
347202, 4, 9.9027549464261e-06, 739.470486638244 
35792, 2, 1.02620938776348e-05, 18908.7622661732 
362830, 30, 1.01631180446161e-05, 38085.3363228178 
43990, 264, 1.24587304553666e-05, 181643.137300163 
447199, 25, 1.11187707087104e-05, 35183.9415313546 
563177, 148, 1.23517786561265e-05, 56687.8530754934 
841, 205, 1.2462301537848e-05, 137116.927441579 
93929, 167, 1.22568546459608e-05, 177825.522906613 
114627, 192, 1.19617224880383e-05, 87556.0766854923 
1193503, 55, 1.16582727103152e-05, 26322.0550755307 
1329402, 49, 1.0924186148132e-05, 6269.3900194985 
1476901, 25, 1.09266928178848e-05, 64176.9779805619 
157673, 38, 1.08111614430738e-05, 27655.7966421354 
1623288, 42, 1.20187973991322e-05, 6623.44718372854 
1636606, 45, 1.09767074268402e-05, 49075.7580917542 
1636607, 213, 1.24809665260478e-05, 157794.277929797 
1674146, 59, 1.16603117967374e-05, 245502.819336574 
1922547, 21, 9.74791881933207e-06, 5370.62012420224 
1923543, 28, 1.05503038487508e-05, 11143.9154997012 
1940621, 182, 1.21422587029639e-05, 30636.8595665024 
194195, 39, 1.16325058744155e-05, 3553.56564799541 
196118, 103, 1.14058900015968e-05, 91122.0982747096 
1982358, 233, 1.21960143425129e-05, 108774.143541804 
2105, 29, 1.07349120810701e-05, 13317.1822604877 
2560485, 64, 1.23539149556494e-05, 99536.6016955617 
2565781, 71, 1.21758188238159e-05, 11736.2937735217 
2588449, 49, 1.215864601318e-05, 30087.2975341647 
2601122, 32, 1.10591331851409e-05, 38085.9080975605 
2675789, 16, 1.05193398062338e-05, 16368.2171809099 
2705458, 244, 1.24277636239359e-05, 66872.7490936097 
2733866, 31, 1.14831656791144e-05, 14515.4898718244 
2733962, 2, 6.82291133626719e-06, 0 
2821559, 228, 1.24399771104421e-05, 219337.455418151 
2843352, 5, 9.1639709318842e-06, 5103.05769015846 
2861801, 2, 7.36729657052345e-06, 15052 
2911526, 133, 1.23007282031096e-05, 125961.534868519 
2935450, 25, 9.85231381589966e-06, 14458.7822683685 
2948708, 357, 1.26299304090834e-05, 391871.293894083 
2948917, 248, 1.21112295320221e-05, 111711.590159073 
2954089, 219, 1.24819012431974e-05, 276507.646647368 
2955990, 119, 1.2382214187541e-05, 45541.5593297627 
2956325, 10, 1.12672247698669e-05, 137.579808687456 
2956682, 10, 1.00583383625025e-05, 94845.9460047259 
2963940, 173, 1.21484541092146e-05, 243408.244164496 
3033930, 31, 1.09700845793521e-05, 25122.9875793365 
33991, 4, 9.99170688328687e-06, 632.162075107609 
520056, 143, 1.23834408628782e-05, 206109.634878653 
52604, 12, 1.02720026296327e-05, 29163.0700080427 
54297, 27, 1.06392033364542e-05, 43821.1565082693 
550542, 64, 1.18961230534969e-05, 242386.91262939 
56146, 57, 1.10502121640736e-05, 38484.4214798479 
67575, 44, 1.21119629858411e-05, 5932.04343442518 
74700, 72, 1.21099095389757e-05, 426802.19585779 
83558, 102, 1.24724048043703e-05, 182312.101441369 
84107, 195, 1.2586532410321e-05, 95632.589581226 
860, 24, 1.06995356401532e-05, 12310.4092625113 
10288, 58, 1.06430532791247e-05, 206283.841142157 
1111760, 43, 1.18037276171815e-05, 23997.275647574 
1136535, 1, 9.81652907165084e-06, 0 
1161927, 104, 1.14457072874818e-05, 134452.14847318 
1195070, 238, 1.23832875151695e-05, 127006.23240697 
126738, 28, 1.16285830571545e-05, 67062.1064529557 
129727, 252, 1.27836369447108e-05, 137268.103158018 
1538, 86, 1.13173381620643e-05, 3485.50689760103 
160, 24, 1.18526947101424e-05, 799.019021174882 
1778601, 75, 1.14933281230246e-05, 15208.225537562 
1913654, 3, 7.64490925492714e-06, 16994.9252748995 
1917232, 78, 1.1353830782506e-05, 109454.596940574 
1920749, 78, 1.21135768969861e-05, 66527.0540863561 
1932881, 27, 1.06725863945869e-05, 1074.80470194954 
195950, 9, 8.91885624587503e-06, 134194.857867095 
1982369, 22, 1.05399622669351e-05, 113.308256913007 
2003370, 19, 1.16325058744155e-05, 6482.37096416181 
201500, 54, 1.16017356196487e-05, 97697.3248252943 
2045200, 174, 1.19807828243497e-05, 66860.1551371426 
2500559, 2, 7.37555593252841e-06, 0 
2560500, 21, 1.07826011947122e-05, 3194.00556746578 
2563669, 4, 1.05679200219813e-05, 997.441754418716 
2608254, 7, 9.0471537654254e-06, 904.913423174535 
2675780, 69, 1.08101096145115e-05, 222333.591031864 
269258, 47, 1.24072557631703e-05, 6656.85254801616 
269259, 231, 1.22331641078965e-05, 343279.45440559 
2704034, 126, 1.18638035354135e-05, 80518.4901687007 
2709304, 145, 1.25236383674185e-05, 67209.7902501176 
2733170, 72, 1.21574634668223e-05, 7383.98263130382 
2733591, 6, 9.99890012098669e-06, 14.3078004820773 
2734229, 239, 1.21488968801633e-05, 450128.832738736 
2790996, 21, 9.60790153822504e-06, 4887.50345172481 
2831896, 146, 1.21839780688395e-05, 128134.692794914 
2843722, 60, 1.15064205826851e-05, 32104.0861536069 
2843732, 13, 9.89237100348211e-06, 3297.6934238227 
285530, 44, 1.17397072117021e-05, 22447.6688083694 
2856556, 120, 1.26108175593024e-05, 101854.721343282 
2884832, 100, 1.26590290524717e-05, 85828.6839942425 
2894790, 3, 7.06723769947278e-06, 681.547276320938 
2948610, 60, 1.22905989208854e-05, 70786.7486259887 
2955342, 2, 8.96282221345857e-06, 0 
2955947, 8, 9.18636376163223e-06, 2719.69768820444 
2956579, 166, 1.21687069531992e-05, 71526.1327882193 
2991499, 75, 1.12189375666124e-05, 99364.4300814228 
3047794, 5, 1.01277104285034e-05, 665.304557660509 
3056835, 236, 1.21193024129531e-05, 176081.092724421 
417127, 1, 7.33535789211156e-06, 0 
498846, 186, 1.26422250316056e-05, 71719.8515511294 
51367, 201, 1.21232694032927e-05, 73353.6608277093 
529881, 173, 1.2177153225119e-05, 266898.945931499 
570156, 25, 1.11700642278693e-05, 24510.2481611941 
671211, 50, 1.13529284879035e-05, 45170.1909598742 
68288, 1, 8.83579557503358e-06, 0 
783, 12, 9.62843855611935e-06, 18109.5863143541 
84023, 63, 1.15908432338453e-05, 73817.9475452873 
86331, 218, 1.20793370859807e-05, 82197.2437081339 
883811, 61, 1.25128256462874e-05, 16211.4590995855 
981330, 136, 1.24898519952539e-05, 174158.255588225 
10702, 169, 1.26337599332937e-05, 127882.72534917 
1071080, 128, 1.23424791103541e-05, 276270.785353269 
150055, 64, 1.14216531700798e-05, 368535.209733199 
1583100, 75, 1.14888385933066e-05, 32911.9733855455 
1921582, 91, 1.13349126644979e-05, 1869.35618521172 
1993630, 27, 1.03377337620047e-05, 13864.7499613227 
2419842, 63, 1.09411584498567e-05, 121221.136423174 
2497436, 54, 1.2202562538133e-05, 35807.571958516 
254245, 204, 1.17284167810187e-05, 41571.4166213265 
2560484, 62, 1.21732990857852e-05, 12168.9699034428 
257758, 47, 1.08524607954854e-05, 5190.56826326656 
2582914, 14, 1.09957776213934e-05, 95927.2815698188 
2675707, 267, 1.2200329408894e-05, 203846.675711726 
2775245, 47, 1.1676377520638e-05, 29333.8457486917 
2778916, 67, 1.19087314819225e-05, 92641.022716498 
2831895, 161, 1.21853142592547e-05, 130686.623486236 
2843385, 1, 7.47579710686652e-06, 0 
2883107, 68, 1.0737102056155e-05, 223619.02645823 
2886375, 50, 1.1047770559901e-05, 24024.4593651663 
2843822, 33, 6.59308780674341e-06, 172.952922538782 
2843837, 32, 6.92962275133742e-06, 249.193135479149 
2843846, 28, 7.20476667363127e-06, 1272.87481852099 
2843867, 50, 7.40285602185323e-06, 761.357505876677 
2843874, 25, 6.9756897213212e-06, 364.129527527534 
2843955, 40, 7.81567511801669e-06, 8899.06284366153 
2843992, 42, 7.02760443020183e-06, 365.82307860114 
2843996, 108, 7.75013562737348e-06, 9101.93339840651 
2844017, 65, 7.89951812939411e-06, 8773.96396202887 
2844149, 43, 6.40725814202328e-06, 15.4147869073165 
2844151, 22, 6.83069440839356e-06, 350.813657946169 
2844164, 54, 8.14922867550586e-06, 7230.91810186511 
2844181, 42, 7.02760443020183e-06, 365.82307860114 
2844232, 46, 7.62346196654825e-06, 1411.10588270718 
2844233, 114, 7.74371404012793e-06, 9263.59422576883 
2844245, 25, 6.56043141396978e-06, 168.600821289062 
2844287, 94, 7.1791116567236e-06, 39265.5748408152 
2844300, 108, 7.1107571534217e-06, 16623.5659948466 
2844445, 43, 6.40725814202328e-06, 15.4147869073165 
2844575, 29, 6.77763921270943e-06, 161.091206113634 
2844658, 48, 6.77616956686724e-06, 10107.7879261108 
2844660, 17, 6.53253200940685e-06, 262.553735599072 
2844676, 47, 7.26211138626444e-06, 293.754933697046 
2844718, 5, 5.99732519296394e-06, 0.0645161290322581 
2844736, 33, 6.59308780674341e-06, 172.952922538782 
2844772, 42, 7.24097231776283e-06, 256.778023779211 
2844822, 9, 6.23756385705999e-06, 452.270440624362 
2844861, 22, 6.83069440839356e-06, 350.813657946169 
2845001, 65, 7.70659453294184e-06, 6832.19319433788 
2845076, 33, 6.59308780674341e-06, 172.952922538782 
2845082, 57, 6.48899790405368e-06, 5773.09667625985 
2845106, 63, 7.52224704563747e-06, 6273.34854386496 
2845118, 47, 7.26211138626444e-06, 293.754933697046 
2845136, 104, 7.22579899272362e-06, 44894.2036254367 
2845142, 38, 7.51783606606674e-06, 2546.90198555423 
2845151, 108, 7.1107571534217e-06, 16623.5659948466 
2845155, 108, 7.1107571534217e-06, 16623.5659948466 
2845186, 43, 6.40725814202328e-06, 15.4147869073165 
2845421, 63, 6.72775467915338e-06, 49698.5955692407 
2845430, 22, 6.83069440839356e-06, 350.813657946169 
2845445, 25, 6.56043141396978e-06, 168.600821289062 
2845460, 82, 7.5644681800646e-06, 26120.3640643854 
2845462, 93, 6.58518596565167e-06, 20145.9602397533 
2845498, 42, 7.02760443020183e-06, 365.82307860114 
2845503, 76, 7.07689041435193e-06, 9429.68280210531 
2845504, 15, 6.7708474392655e-06, 424.453693119502 
2845621, 8, 6.66164822500383e-06, 16.6147653534316 
2845625, 114, 7.74371404012793e-06, 9263.59422576883 
2845631, 42, 7.02760443020183e-06, 365.82307860114 
2845649, 40, 7.81567511801669e-06, 8899.06284366153 
2845653, 24, 7.08315625442697e-06, 2373.33151775759 
2845657, 25, 7.51919273946749e-06, 41038.3822793437 
2845689, 43, 6.40725814202328e-06, 15.4147869073165 
2845690, 43, 6.40725814202328e-06, 15.4147869073165 
2845697, 42, 7.02760443020183e-06, 365.82307860114 
2845709, 43, 6.40725814202328e-06, 15.4147869073165 
2845757, 59, 7.1215433808815e-06, 1105.80872407878 
2845950, 65, 7.26332456892169e-06, 5957.30948774341 
2845951, 75, 7.33487365680126e-06, 2302.89749793687 
2845952, 50, 6.89793131040001e-06, 22580.7989134837 
2845963, 16, 7.15860607622484e-06, 191.586522477916 
2845969, 74, 7.87693083267036e-06, 18333.3528393309 
2845990, 47, 7.26211138626444e-06, 293.754933697046 
2846040, 50, 7.40285602185323e-06, 761.357505876677 
2846051, 32, 6.92962275133742e-06, 249.193135479149 
2846089, 32, 6.92962275133742e-06, 249.193135479149 
2846093, 27, 6.98436201345188e-06, 879.250291131888 
2846096, 1, 5.34296491809235e-06, 0 
2846107, 8, 6.46713402488553e-06, 82.7757061885847 
2846126, 25, 6.56043141396978e-06, 168.600821289062 
2846186, 19, 6.40972226673418e-06, 63.6660890659985 
2846401, 34, 7.24207355049898e-06, 651.43148314899 
2846426, 25, 6.9756897213212e-06, 364.129527527534 
2846447, 47, 7.26211138626444e-06, 293.754933697046 
2846455, 42, 7.24097231776283e-06, 256.778023779211 
2846576, 29, 6.77763921270943e-06, 161.091206113634 
2846588, 5, 5.99732519296394e-06, 0.0645161290322581 
2846592, 42, 7.02760443020183e-06, 365.82307860114 
2846599, 71, 8.26391643527701e-06, 15092.0388257616 
2846603, 16, 7.15860607622484e-06, 191.586522477916 
2846604, 75, 7.33487365680126e-06, 2302.89749793687 
2846608, 46, 7.45550924855922e-06, 52764.5759442914 
2846609, 42, 7.02760443020183e-06, 365.82307860114 
2846629, 27, 7.10292853743598e-06, 238.902394324233 
2846671, 37, 6.97481394683797e-06, 227.490934717774 
2846689, 66, 7.84910873370329e-06, 16954.1926811298 
2851015, 25, 6.9756897213212e-06, 364.129527527534 
2851980, 7, 6.14329858274102e-06, 433.073506480008 
2851981, 3, 5.7947163776069e-06, 104.447739864754 
2859653, 66, 7.84910873370329e-06, 16954.1926811298 
2860377, 63, 6.72775467915338e-06, 49698.5955692407 
2862773, 99, 7.61313112857056e-06, 47927.3552751349 
2865672, 34, 7.24207355049898e-06, 651.43148314899 
2865793, 42, 7.02760443020183e-06, 365.82307860114 
2867265, 43, 6.40725814202328e-06, 15.4147869073165 
2869544, 67, 7.41850769299248e-06, 2743.16896884876 
2871539, 37, 6.97481394683797e-06, 227.490934717774 
2873349, 76, 7.10136488233038e-06, 50853.4249576882 
2879113, 27, 7.10292853743598e-06, 238.902394324233 
2885687, 21, 7.08968450903935e-06, 126.246855260765 
2885975, 94, 7.1791116567236e-06, 39265.5748408152 
2886042, 42, 7.24097231776283e-06, 256.778023779211 
2894779, 43, 6.40725814202328e-06, 15.4147869073165 
2894787, 15, 6.62528074627162e-06, 75.3203960837174 
2894809, 43, 6.40725814202328e-06, 15.4147869073165 
2894929, 43, 6.40725814202328e-06, 15.4147869073165 
2897413, 50, 7.40285602185323e-06, 761.357505876677 
2900297, 50, 7.40285602185323e-06, 761.357505876677 
2907287, 8, 6.66164822500383e-06, 16.6147653534316 
2914024, 34, 7.13271849299924e-06, 73068.5334951625 
2914443, 37, 6.97481394683797e-06, 227.490934717774 
2914486, 32, 6.92962275133742e-06, 249.193135479149 
2922858, 94, 7.1791116567236e-06, 39265.5748408152 
2922859, 32, 6.92962275133742e-06, 249.193135479149 
2926097, 75, 6.90946527648225e-06, 78476.2027843419 
2926108, 47, 7.26211138626444e-06, 293.754933697046 
2927243, 69, 7.28454147453689e-06, 9874.15710504783 
29323, 43, 6.40725814202328e-06, 15.4147869073165 
2935866, 42, 7.24097231776283e-06, 256.778023779211 
2936919, 47, 7.26211138626444e-06, 293.754933697046 
2942966, 8, 6.46713402488553e-06, 82.7757061885847 
2942993, 8, 6.66164822500383e-06, 16.6147653534316 
2942994, 40, 8.07656584420304e-06, 4410.10896901904 
2943011, 25, 6.56043141396978e-06, 168.600821289062 
2943013, 69, 7.87240407475635e-06, 14509.6298733008 
2943019, 32, 6.92962275133742e-06, 249.193135479149 
2946811, 65, 7.26332456892169e-06, 5957.30948774341 
2948639, 37, 7.7598181098635e-06, 22484.7744024017 
2948713, 104, 7.67801477250042e-06, 3509.62885815603 
2948787, 30, 7.65321741260026e-06, 15620.3354554746 
2948861, 32, 6.92962275133742e-06, 249.193135479149 
2951390, 42, 7.24097231776283e-06, 256.778023779211 
2953989, 28, 7.20476667363127e-06, 1272.87481852099 
2953999, 19, 6.40972226673418e-06, 63.6660890659985 
2954003, 68, 7.24842527960801e-06, 6873.51802508555 
2954009, 53, 6.32947446373528e-06, 22670.9747868903 
2954051, 42, 7.24097231776283e-06, 256.778023779211 
2954055, 1, 5.34296491809235e-06, 0 
2954062, 37, 6.97481394683797e-06, 227.490934717774 
2954068, 8, 6.46713402488553e-06, 82.7757061885847 
2954098, 22, 6.83069440839356e-06, 350.813657946169 
2955236, 34, 7.24207355049898e-06, 651.43148314899 
2955331, 28, 7.20476667363127e-06, 1272.87481852099 
2955355, 47, 7.26211138626444e-06, 293.754933697046 
2955385, 19, 6.40972226673418e-06, 63.6660890659985 
2955397, 54, 7.62764870101143e-06, 1969.28500505019 
2955415, 25, 6.56043141396978e-06, 168.600821289062 
2955416, 42, 7.24097231776283e-06, 256.778023779211 
2955417, 21, 7.08968450903935e-06, 126.246855260765 
2955423, 50, 7.40285602185323e-06, 761.357505876677 
2955476, 25, 6.56043141396978e-06, 168.600821289062 
2955510, 29, 6.67164816396243e-06, 11705.3485563605 
2955535, 25, 6.56043141396978e-06, 168.600821289062 
2955550, 15, 6.62528074627162e-06, 75.3203960837174 
2955551, 5, 5.99732519296394e-06, 0.0645161290322581 
2955553, 76, 7.07689041435193e-06, 9429.68280210531 
2955554, 42, 7.02760443020183e-06, 365.82307860114 
2955556, 15, 6.62528074627162e-06, 75.3203960837174 
2955561, 28, 7.20476667363127e-06, 1272.87481852099 
2955569, 78, 7.92330243245385e-06, 5078.63289163244 
2955584, 42, 7.02760443020183e-06, 365.82307860114 
2955587, 42, 7.02760443020183e-06, 365.82307860114 
2955593, 19, 6.40972226673418e-06, 63.6660890659985 
2955605, 47, 7.26211138626444e-06, 293.754933697046 
2955631, 1, 5.34296491809235e-06, 0 
2955635, 25, 6.56043141396978e-06, 168.600821289062 
2955636, 49, 7.38743397480885e-06, 4554.02461008612 
2955645, 43, 6.40725814202328e-06, 15.4147869073165 
2955646, 19, 7.12539991307012e-06, 256.485159525411 
2955659, 37, 6.97481394683797e-06, 227.490934717774 
2955664, 99, 7.36241487207804e-06, 8629.47278953474 
2955685, 29, 6.77763921270943e-06, 161.091206113634 
2955719, 78, 7.92330243245385e-06, 5078.63289163244 
2955730, 22, 6.83069440839356e-06, 350.813657946169 
2955741, 99, 7.61313112857056e-06, 47927.3552751349 
2955750, 50, 6.89793131040001e-06, 22580.7989134837 
2955757, 22, 6.83069440839356e-06, 350.813657946169 
2955767, 42, 7.24097231776283e-06, 256.778023779211 
2955844, 64, 6.95115423916141e-06, 19960.8766368183 
2955856, 27, 7.10292853743598e-06, 238.902394324233 
2955860, 29, 6.77763921270943e-06, 161.091206113634 
2955891, 32, 7.32348568624723e-06, 2109.2133734042 
2955895, 37, 6.97481394683797e-06, 227.490934717774 
2955900, 47, 7.26211138626444e-06, 293.754933697046 
2955903, 15, 6.7708474392655e-06, 424.453693119502 
2955906, 42, 7.02760443020183e-06, 365.82307860114 
2955907, 42, 7.02760443020183e-06, 365.82307860114 
2955923, 52, 7.51162423850909e-06, 3244.04911774405 
2955973, 43, 6.40725814202328e-06, 15.4147869073165 
2955995, 28, 7.06544010626422e-06, 8608.93839194808 
2955997, 94, 7.1791116567236e-06, 39265.5748408152 
2956008, 25, 6.56043141396978e-06, 168.600821289062 
2956035, 61, 6.87890377789396e-06, 1492.71754249539 
2956039, 25, 6.56043141396978e-06, 168.600821289062 
2956050, 10, 6.72490433823579e-06, 38.9191929998012 
2956062, 53, 7.41059121696729e-06, 21878.3875391755 
2956063, 5, 5.99732519296394e-06, 0.0645161290322581 
2956070, 7, 6.31783778319708e-06, 163.911659329478 
2956071, 34, 7.47071479799187e-06, 61730.9266802678 
2956076, 36, 7.25663074634447e-06, 4775.71490439967 
2956079, 31, 7.8576816696002e-06, 4648.98214134256 
2956093, 94, 7.1791116567236e-06, 39265.5748408152 
2956096, 108, 7.1107571534217e-06, 16623.5659948466 
2956097, 27, 7.10292853743598e-06, 238.902394324233 
2956108, 25, 6.56043141396978e-06, 168.600821289062 
2956124, 7, 6.31783778319708e-06, 163.911659329478 
2956154, 43, 6.40725814202328e-06, 15.4147869073165 
2956184, 13, 6.37962602632234e-06, 95.9287173379429 
2956201, 43, 6.40725814202328e-06, 15.4147869073165 
2956214, 25, 6.56043141396978e-06, 168.600821289062 
2956224, 46, 7.62346196654825e-06, 1411.10588270718 
2956234, 91, 8.02233417835253e-06, 14936.085326524 
2956255, 61, 6.99036727389657e-06, 45855.9972276263 
2956256, 33, 6.59308780674341e-06, 172.952922538782 
2956258, 19, 6.40972226673418e-06, 63.6660890659985 
2956362, 28, 7.27468482427999e-06, 2121.32347870464 
2956392, 16, 6.70717802191906e-06, 421.504405697426 
2956489, 43, 6.40725814202328e-06, 15.4147869073165 
2956527, 43, 6.40725814202328e-06, 15.4147869073165 
2956562, 7, 6.31783778319708e-06, 163.911659329478 
2956567, 20, 7.16984649358657e-06, 5845.21532541784 
2956568, 93, 7.48514199314361e-06, 4140.80479535222 
2956570, 51, 7.48122213244756e-06, 5432.37174172353 
2956573, 47, 7.26211138626444e-06, 293.754933697046 
2956634, 50, 7.40285602185323e-06, 761.357505876677 
2956636, 37, 7.91170536809209e-06, 7304.25257054305 
2956645, 43, 6.40725814202328e-06, 15.4147869073165 
2956666, 108, 7.75013562737348e-06, 9101.93339840651 
2956668, 27, 6.5603883749918e-06, 1460.25909244075 
2956669, 108, 7.1107571534217e-06, 16623.5659948466 
2956680, 27, 7.10292853743598e-06, 238.902394324233 
2956685, 16, 7.15860607622484e-06, 191.586522477916 
2956696, 42, 7.02760443020183e-06, 365.82307860114 
2956699, 22, 6.83069440839356e-06, 350.813657946169 
2976354, 32, 6.92962275133742e-06, 249.193135479149 
2981351, 27, 7.10292853743598e-06, 238.902394324233 
2992801, 37, 6.97481394683797e-06, 227.490934717774 
2993456, 33, 6.59308780674341e-06, 172.952922538782 
3003729, 70, 7.73096250483185e-06, 44500.920026547 
3015952, 49, 7.57466728273961e-06, 5027.63314762909 
3044455, 29, 6.77763921270943e-06, 161.091206113634 
3047349, 42, 7.02760443020183e-06, 365.82307860114 
3047368, 25, 6.56043141396978e-06, 168.600821289062 
3047391, 19, 6.40972226673418e-06, 63.6660890659985 
3047686, 16, 6.70717802191906e-06, 421.504405697426 
3047697, 19, 6.40972226673418e-06, 63.6660890659985 
3047719, 75, 7.33487365680126e-06, 2302.89749793687 
3047748, 33, 6.59308780674341e-06, 172.952922538782 
3047757, 42, 7.24097231776283e-06, 256.778023779211 
3047853, 25, 6.56043141396978e-06, 168.600821289062 
3047855, 50, 7.40285602185323e-06, 761.357505876677 
3048162, 32, 6.92962275133742e-06, 249.193135479149 
3048163, 33, 6.59308780674341e-06, 172.952922538782 
3048222, 10, 6.72490433823579e-06, 38.9191929998012 
3048230, 42, 7.02760443020183e-06, 365.82307860114 
3048290, 99, 7.36241487207804e-06, 8629.47278953474 
3048321, 42, 7.24097231776283e-06, 256.778023779211 
3048375, 34, 7.24207355049898e-06, 651.43148314899 
3048435, 29, 6.77763921270943e-06, 161.091206113634 
3048446, 19, 6.40972226673418e-06, 63.6660890659985 
3049953, 49, 7.52677650742516e-06, 8443.61766077315 
3050257, 51, 7.48122213244756e-06, 5432.37174172353 
3050268, 33, 6.59308780674341e-06, 172.952922538782 
3050297, 35, 7.2112611053421e-06, 1396.56847187261 
3050300, 58, 7.67442038940009e-06, 30120.529280277 
3050309, 44, 8.46166864105602e-06, 17382.0203297259 
3050320, 62, 7.19295090811005e-06, 2499.10516965533 
3050327, 64, 7.77441750176868e-06, 45586.0019441941 
3051368, 25, 6.56043141396978e-06, 168.600821289062 
3051405, 43, 6.40725814202328e-06, 15.4147869073165 
3051615, 13, 6.37962602632234e-06, 95.9287173379429 
3052028, 47, 7.26211138626444e-06, 293.754933697046 
3052037, 37, 6.97481394683797e-06, 227.490934717774 
3052132, 16, 6.70717802191906e-06, 421.504405697426 
3052145, 27, 7.10292853743598e-06, 238.902394324233 
3052148, 25, 6.9756897213212e-06, 364.129527527534 
3052181, 8, 6.66164822500383e-06, 16.6147653534316 
3052242, 27, 6.98436201345188e-06, 879.250291131888 
3052250, 25, 6.56043141396978e-06, 168.600821289062 
3052261, 34, 7.24207355049898e-06, 651.43148314899 
3052264, 27, 6.98436201345188e-06, 879.250291131888 
3052330, 19, 6.40972226673418e-06, 63.6660890659985 
3052376, 47, 7.26211138626444e-06, 293.754933697046 
3052381, 65, 7.26332456892169e-06, 5957.30948774341 
3052418, 15, 6.62528074627162e-06, 75.3203960837174 
3052437, 13, 6.37962602632234e-06, 95.9287173379429 
3052442, 8, 6.46713402488553e-06, 82.7757061885847 
3052456, 42, 7.02760443020183e-06, 365.82307860114 
3052495, 7, 6.31783778319708e-06, 163.911659329478 
3052508, 17, 6.53253200940685e-06, 262.553735599072 
3052513, 34, 7.24207355049898e-06, 651.43148314899 
3052514, 32, 6.7145638890754e-06, 4113.19877837505 
3052521, 13, 6.37962602632234e-06, 95.9287173379429 
3052547, 33, 6.59308780674341e-06, 172.952922538782 
3052568, 82, 7.5644681800646e-06, 26120.3640643854 
3052574, 29, 6.77763921270943e-06, 161.091206113634 
3052597, 37, 7.006579177848e-06, 15437.6095126719 
3052617, 43, 6.40725814202328e-06, 15.4147869073165 
3052655, 17, 6.53253200940685e-06, 262.553735599072 
3052699, 32, 6.92962275133742e-06, 249.193135479149 
3052718, 19, 7.12539991307012e-06, 256.485159525411 
3052749, 13, 6.37962602632234e-06, 95.9287173379429 
3059970, 15, 6.62528074627162e-06, 75.3203960837174 
3060068, 25, 6.56043141396978e-06, 168.600821289062 
3060827, 25, 6.56043141396978e-06, 168.600821289062 
3067276, 47, 7.26211138626444e-06, 293.754933697046 
3068307, 10, 6.74463464314138e-06, 181.198196359672 
3074089, 33, 6.59308780674341e-06, 172.952922538782 
307461, 28, 7.27468482427999e-06, 2121.32347870464 
307677, 33, 6.59308780674341e-06, 172.952922538782 
311229, 43, 6.40725814202328e-06, 15.4147869073165 
321961, 34, 7.24207355049898e-06, 651.43148314899 
329862, 30, 6.51164607901231e-06, 10099.2739168515 
331680, 10, 6.72490433823579e-06, 38.9191929998012 
337052, 19, 6.40972226673418e-06, 63.6660890659985 
346884, 76, 7.07689041435193e-06, 9429.68280210531 
347326, 42, 7.24097231776283e-06, 256.778023779211 
358008, 16, 7.15860607622484e-06, 191.586522477916 
367488, 44, 8.33527823158737e-06, 17617.797132829 
3708, 42, 7.02760443020183e-06, 365.82307860114 
37105, 104, 7.22579899272362e-06, 44894.2036254367 
375919, 30, 7.25299911513411e-06, 685.905050372895 
38312, 65, 7.49282561946936e-06, 2939.80291407765 
391912, 32, 6.92962275133742e-06, 249.193135479149 
40051, 61, 7.62671791821108e-06, 63960.9824135045 
400567, 19, 6.40972226673418e-06, 63.6660890659985 
40065, 16, 6.70717802191906e-06, 421.504405697426 
40067, 29, 6.77763921270943e-06, 161.091206113634 
418827, 19, 7.12539991307012e-06, 256.485159525411 
426756, 25, 6.9756897213212e-06, 364.129527527534 
43764, 8, 6.66164822500383e-06, 16.6147653534316 
445435, 34, 7.24207355049898e-06, 651.43148314899 
452803, 54, 6.42834643644615e-06, 18704.049259358 
466051, 44, 7.52864649993224e-06, 7824.05754889953 
469812, 75, 7.33487365680126e-06, 2302.89749793687 
48221, 42, 7.02760443020183e-06, 365.82307860114 
498803, 25, 6.56043141396978e-06, 168.600821289062 
509923, 43, 6.40725814202328e-06, 15.4147869073165 
518693, 7, 6.31783778319708e-06, 163.911659329478 
540066, 54, 7.38661545279953e-06, 7144.17324495964 
540067, 19, 6.40972226673418e-06, 63.6660890659985 
563122, 34, 7.24207355049898e-06, 651.43148314899 
563123, 27, 7.10292853743598e-06, 238.902394324233 
573173, 25, 6.56043141396978e-06, 168.600821289062 
578234, 43, 6.40725814202328e-06, 15.4147869073165 
580459, 53, 6.32947446373528e-06, 22670.9747868903 
59241, 70, 7.97868096446295e-06, 12980.6295431021 
59302, 9, 6.23756385705999e-06, 452.270440624362 
61644, 15, 6.7708474392655e-06, 424.453693119502 
64186, 13, 6.37962602632234e-06, 95.9287173379429 
647, 94, 7.1791116567236e-06, 39265.5748408152 
665097, 29, 6.77763921270943e-06, 161.091206113634 
665883, 15, 6.62528074627162e-06, 75.3203960837174 
669041, 42, 7.02760443020183e-06, 365.82307860114 
671267, 65, 7.03883324300164e-06, 76282.8194522326 
685506, 42, 7.02760443020183e-06, 365.82307860114 
687355, 19, 6.40972226673418e-06, 63.6660890659985 
694007, 8, 6.66164822500383e-06, 16.6147653534316 
694015, 27, 7.10292853743598e-06, 238.902394324233 
706422, 8, 6.66164822500383e-06, 16.6147653534316 
715480, 104, 7.67801477250042e-06, 3509.62885815603 
74385, 8, 6.66164822500383e-06, 16.6147653534316 
754053, 94, 7.1791116567236e-06, 39265.5748408152 
754064, 29, 6.77763921270943e-06, 161.091206113634 
754075, 33, 6.59308780674341e-06, 172.952922538782 
77698, 27, 7.10292853743598e-06, 238.902394324233 
78526, 53, 8.15055709057714e-06, 7764.6263842322 
79264, 32, 6.92962275133742e-06, 249.193135479149 
83612, 42, 7.24097231776283e-06, 256.778023779211 
864178, 19, 6.40972226673418e-06, 63.6660890659985 
880162, 93, 7.42831674342594e-06, 3846.07164358114 
882697, 48, 7.81445361340335e-06, 26530.6535361527 
888436, 47, 7.26211138626444e-06, 293.754933697046 
909297, 104, 7.22579899272362e-06, 44894.2036254367 
929835, 33, 6.59308780674341e-06, 172.952922538782 
937809, 28, 7.20476667363127e-06, 1272.87481852099 
941058, 15, 6.7708474392655e-06, 424.453693119502 
944645, 19, 7.21844456956415e-06, 1817.78339800025 
1935446, 534, 1.32261136387684e-05, 36348.86372952 
206662, 571, 1.30580692338831e-05, 24132.9482513179 
2086584, 1079, 1.30960332115402e-05, 72347.4594200269 
2758037, 434, 1.24303898170247e-05, 29870.568802428 
2855394, 521, 1.28960705672981e-05, 38194.977436755 
2857064, 43, 1.28832775057975e-05, 4021.74251989733 
2864102, 653, 1.3179397965101e-05, 36674.3993194915 
2996785, 995, 1.31511461223846e-05, 39852.3574985903 
3047874, 885, 1.31025536877137e-05, 34481.3002390142 
485870, 1036, 1.31658635489902e-05, 71578.671784546 
649756, 587, 1.29636111435201e-05, 62200.8049514068 
882104, 1160, 1.31540869748231e-05, 128874.637888232 
1852970, 435, 1.26633573092898e-05, 15250.8236288429 
187493, 505, 1.32659423462146e-05, 117074.546145794 
1903276, 626, 1.27313930690296e-05, 7551.63991135485 
260364, 1028, 1.31566829370979e-05, 111895.831637534 
29378, 477, 1.28145983904864e-05, 29945.4191329055 
349971, 826, 1.31095962244363e-05, 31917.9742226825 
384636, 258, 1.30802736393245e-05, 14384.4825486307 
44009, 326, 1.2758356723654e-05, 5624.157390342 
55206, 518, 1.29767327182362e-05, 20344.4373850361 
595468, 459, 1.3047505969234e-05, 33959.1311320144 
637, 134, 1.23835942143848e-05, 747.120176147774 
78543, 819, 1.29612587974544e-05, 30606.752182737 
135577, 1087, 1.3226638449838e-05, 92859.3354232849 
2653681, 334, 1.30250732660371e-05, 23681.9671400449 
2653858, 1175, 1.31913939345971e-05, 108545.109989247 
2740837, 263, 1.28463702580836e-05, 8742.0058814951 
2829596, 138, 1.32869177008318e-05, 84901.4058047838 
2834768, 717, 1.30626747132743e-05, 27874.9389235381 
2929799, 441, 1.288394145537e-05, 31835.3011233075 
300181, 507, 1.29720193542529e-05, 6747.22644855223 
3036126, 544, 1.30667712008363e-05, 21617.9027238229 
34098, 485, 1.24708493895519e-05, 18921.0365875751 
38875, 141, 1.31738420192865e-05, 77330.5978594202 
77095, 532, 1.2899563994737e-05, 36691.2074237468 
916, 1040, 1.32056784417299e-05, 57128.0182489383 
1232428, 1140, 1.31056446011297e-05, 123168.382328848 
138, 553, 1.27838003681735e-05, 33524.9770622474 
1486991, 931, 1.31449227735787e-05, 67894.0467294387 
1504981, 956, 1.32194696348782e-05, 73139.9453579364 
159, 314, 1.27978704343597e-05, 13444.8108361109 
1763998, 720, 1.30662589993859e-05, 88334.725630131 
2592653, 390, 1.28577673772726e-05, 12681.6053538107 
2683272, 176, 1.33111480865225e-05, 43350.6666271803 
28173, 401, 1.330707404056e-05, 106171.391425025 
2867015, 260, 1.29575639779721e-05, 5820.91334114543 
2918453, 517, 1.29770695181614e-05, 25273.9253482133 
2949629, 558, 1.31116588870824e-05, 16623.3195022058 
3073092, 382, 1.31412952060555e-05, 14045.5884055902 
38027, 440, 1.27140732076335e-05, 20953.6909429936 
54736, 664, 1.30101609356908e-05, 31602.8293347867 
63363, 171, 1.30367898208745e-05, 1793.83805988573 
66228, 1007, 1.31846109221317e-05, 61507.9512193204 
84999, 1090, 1.32145783228057e-05, 63196.1862442935 
86170, 940, 1.30836964059086e-05, 22956.2540790701 
1336796, 504, 1.28521488792926e-05, 33925.5566115875 
1649468, 145, 1.26916438217078e-05, 2281.98290736147 
1862358, 662, 1.29480008286721e-05, 18609.7914591816 
2293, 1035, 1.32395969866677e-05, 75597.7120732957 
258255, 1103, 1.31670770405678e-05, 99818.0704244474 
2907534, 1159, 1.31811351593599e-05, 93097.5782854485 
2911367, 699, 1.31300796995838e-05, 121266.643434599 
2982533, 529, 1.28781342159148e-05, 13371.1947533563 
2983222, 1023, 1.30243946912567e-05, 71327.5295734441 
3009078, 1141, 1.31425041727451e-05, 87060.633608652 
3050072, 562, 1.30633572828217e-05, 43871.3679483548 
444051, 425, 1.27954141235781e-05, 18523.7402150693 
554344, 955, 1.31724537646873e-05, 54680.8940693374 
69710, 262, 1.32145783228057e-05, 13423.5386001427 
1309, 471, 1.28405968309407e-05, 15044.2452270634 
131111, 1151, 1.31254265763637e-05, 85778.3157962744 
1566379, 9, 1.08384635394087e-05, 10269.1755131529 
2024616, 11, 1.02839395715711e-05, 467.238202675082 
220697, 588, 1.29098889749548e-05, 18211.213185934 
2751, 517, 1.28405968309407e-05, 26925.5043770598 
2810535, 12, 1.23747061007301e-05, 22.6065078513869 
283734, 555, 1.29102223140282e-05, 47194.0819580766 
2859001, 753, 1.33320890050262e-05, 101711.000958949 
2980107, 496, 1.26359948950581e-05, 27967.1033524917 
357794, 456, 1.27066417616488e-05, 22900.7517637446 
396015, 861, 1.31181949363768e-05, 48236.6306945691 
71452, 181, 1.30123617436565e-05, 13272.1482935135 
885581, 507, 1.35065777033415e-05, 170841.796157342 
931099, 89, 1.20332599304478e-05, 2256.24929952533 
933262, 1091, 1.32187706543291e-05, 57536.024040617 
1388755, 284, 1.25849484017116e-05, 17077.2704873211 
1548, 530, 1.2899563994737e-05, 44030.4887855884 
155322, 410, 1.28571061225539e-05, 14539.5450878925 
158849, 290, 1.2718277436504e-05, 18587.8865198598 
1648, 47, 1.22414004162076e-05, 1820.60137595748 
1712410, 1000, 1.32812707519855e-05, 82091.0137620983 
1718, 1039, 1.31513190773035e-05, 98416.2902878958 
1888915, 533, 1.29207313133923e-05, 38161.8856555927 
2033033, 840, 1.30876348026385e-05, 39271.6657620658 
258224, 1063, 1.30900332486845e-05, 50660.1510735414 
2729421, 76, 1.28026219769809e-05, 2001.75607120925 
2777983, 947, 1.32721046903618e-05, 113870.640363894 
2897181, 206, 1.29329298259228e-05, 10276.3468496435 
2898187, 529, 1.2727828123409e-05, 20848.5648642441 
2924032, 8, 1.12697643492275e-05, 5026.64037438512 
2929798, 16, 1.24948458760761e-05, 1160.47803144679 
47251, 52, 1.18529756895469e-05, 47.2778817853476 
108007, 1161, 1.31037555363367e-05, 80988.5823144957 
1117707, 422, 1.33972830310013e-05, 235497.887953746 
1359, 548, 1.29220670138395e-05, 40186.8637924544 
171284, 479, 1.3051422605064e-05, 26177.276279555 
1740721, 1092, 1.32855055134848e-05, 76699.5568344415 
1981510, 497, 1.30866071662261e-05, 26904.1563168954 
2686363, 554, 1.27764504465369e-05, 33688.1630278668 
2811789, 23, 1.19780562010397e-05, 6185.26112829611 
3018314, 611, 1.304495290772e-05, 53094.3496070601 
525917, 1081, 1.32016686909225e-05, 81678.5246443843 
537, 301, 1.29122227100173e-05, 18947.0989895179 
580165, 580, 1.29110557370276e-05, 34588.8626868205 
95641, 861, 1.31049576054621e-05, 58924.5195303624 
1408191, 589, 1.30424008451476e-05, 44108.9340199416 
1705566, 970, 1.31695046949284e-05, 53834.0589938994 
1761794, 1000, 1.32079459002536e-05, 62444.1411556125 
2108365, 293, 1.26792529384169e-05, 8869.94452394739 
2493639, 454, 1.27313930690296e-05, 23709.6702477371 
2562892, 376, 1.30354302995542e-05, 33338.3338537675 
2593652, 257, 1.31856540084388e-05, 12433.5102309444 
2654325, 172, 1.25084431991594e-05, 2475.69411361805 
2697010, 601, 1.29210652126161e-05, 51887.1397155597 
2834406, 837, 1.30898619019569e-05, 39874.6188617029 
2867408, 264, 1.28781342159148e-05, 14033.1172122396 
2870839, 129, 1.22250883262632e-05, 1024.02540196972 
2983214, 1028, 1.30408700868522e-05, 89509.8859096132 
2986924, 482, 1.30074532707241e-05, 16920.9147002829 
433296, 142, 1.3288859948705e-05, 107141.231893417 
104609, 5, 1.21500777604977e-05, 11006.5075274146 
1234143, 838, 1.31851324446554e-05, 107120.862343921 
1408204, 82, 1.30451230807363e-05, 8232.19067134186 
1481665, 1073, 1.31809614193259e-05, 79772.3725672477 
1563479, 112, 1.21593852214832e-05, 1199.5727971617 
2331, 325, 1.26454223571067e-05, 23512.1120827002 
2614693, 326, 1.31948751105071e-05, 33926.855437387 
266748, 290, 1.25516185312096e-05, 8547.9621538078 
2697030, 44, 1.15892312862888e-05, 10777.1294433182 
2705548, 115, 1.27103563983934e-05, 1618.05159903127 
271065, 967, 1.31224985237189e-05, 43737.3370316322 
2845253, 2, 9.59785008158173e-06, 24.8453582374396 
3031125, 21, 1.2727828123409e-05, 8274.32532131788 
329854, 296, 1.29944383803732e-05, 36064.3052998966 
338565, 1047, 1.3172974325873e-05, 67304.6783460365 
341027, 2, 1.05788761002031e-05, 15052 
35787, 1065, 1.3236617779425e-05, 69364.7539077965 
622681, 117, 1.30521039991647e-05, 17182.7573163407 
712036, 28, 1.28902523911418e-05, 6969.88126054314 
930, 1005, 1.3075484773598e-05, 74437.4684666377 
1286, 479, 1.28753154452284e-05, 27702.1671704298 
1336, 512, 1.27991808524254e-05, 26115.0141264769 
1712516, 1114, 1.31316314738943e-05, 71320.2530647924 
1855823, 501, 1.29915684720616e-05, 34743.5249972576 
2487063, 132, 1.2267229323585e-05, 15758.4803672593 
2528593, 450, 1.31677705647657e-05, 31598.2922382086 
263, 211, 1.32608407373027e-05, 89274.9980335288 
2872754, 494, 1.3288859948705e-05, 181934.453573808 
34038, 1043, 1.32331145458395e-05, 60056.6053423919 
497, 86, 1.30452932581924e-05, 9774.65410357494 
762954, 317, 1.23452217819093e-05, 19339.0480432593 
89152, 633, 1.3064039923706e-05, 57015.8261338797 
1689272, 885, 1.3159626266614e-05, 73383.9581053459 
1890302, 773, 1.32758048456688e-05, 59738.1708256789 
2080757, 731, 1.29267441409532e-05, 29739.8336473315 
2133944, 134, 1.31988807349137e-05, 27366.4254294037 
286130, 20, 1.16288535113323e-05, 50.384135862414 
2878915, 1006, 1.3172974325873e-05, 46709.8067895748 
2986838, 263, 1.28967358361599e-05, 16132.9860835891 
86663, 211, 1.33134519118117e-05, 56678.0206273107 
103810, 433, 1.27570546512221e-05, 15264.3541501616 
104264, 169, 1.22200090428067e-05, 13957.8935012559 
1075398, 1136, 1.3011515190944e-05, 73918.520821018 
112234, 217, 1.25137651416558e-05, 7734.67579457314 
1467, 247, 1.28929114772698e-05, 26070.4871427021 
1660078, 20, 1.14489833302803e-05, 5937.87239304801 
1660079, 384, 1.25075045027016e-05, 30098.3385394894 
1727145, 538, 1.29152244666012e-05, 38470.6716833752 
1855380, 1132, 1.3137324452502e-05, 116902.735590832 
2093856, 140, 1.3284623048821e-05, 141657.981866597 
213, 600, 1.31509731720147e-05, 38691.492236379 
2697033, 337, 1.32927461484268e-05, 25865.5217483478 
2835869, 964, 1.30819847987337e-05, 49035.1945805293 
2840180, 53, 1.14865951434676e-05, 12219.6580371848 
2986834, 257, 1.25973142526013e-05, 5114.86409166839 
59753, 1162, 1.31525298891242e-05, 84052.420725684 
712471, 692, 1.3291332721932e-05, 69137.3172564593 
82977, 850, 1.31371518654756e-05, 67559.6769770198 
1173586, 1047, 1.31722802534347e-05, 88776.377314504 
1471, 127, 1.32992871582083e-05, 24487.0478740813 
178899, 1075, 1.32692869085215e-05, 78329.5606191434 
2547600, 89, 1.29235700069787e-05, 10991.0889065829 
2587848, 228, 1.34338182941738e-05, 28680.7705548084 
2594269, 464, 1.26848821574448e-05, 23824.6753229027 
2689109, 487, 1.29659643435981e-05, 23117.8689552774 
2707005, 1013, 1.31717597471022e-05, 64136.9826215775 
2779518, 110, 1.28129564615739e-05, 6679.65088690427 
3028315, 735, 1.34175958351783e-05, 100796.195306136 
3073816, 164, 1.33538091740669e-05, 230061.001696619 
32052, 235, 1.34152558289287e-05, 52988.0598187205 
88058, 1150, 1.31390505722057e-05, 87430.6135575561 
1563, 313, 1.33509565960401e-05, 63865.5517246838 
158892, 946, 1.31003222679278e-05, 54311.1227321853 
1737446, 951, 1.31773139363272e-05, 63817.6704036247 
1868325, 1017, 1.32084692704962e-05, 55155.8826781661 
2662033, 1047, 1.32231404958678e-05, 95474.2741632042 
2785918, 955, 1.33249830106467e-05, 118991.266490629 
2932268, 123, 1.27045431446285e-05, 12776.8330961656 
3038772, 600, 1.30286369440029e-05, 57177.9986869106 
486398, 969, 1.32515272385142e-05, 67879.8828980679 
687, 118, 1.32611924464248e-05, 13831.4959128552 
750, 110, 1.33342222814854e-05, 72958.1998881522 
84980, 417, 1.29929188592217e-05, 14801.846997285 
1017, 33, 1.31632639629322e-05, 5009.49188130429 
111500, 551, 1.25508308650033e-05, 27483.8845295061 
1278232, 639, 1.30228681564828e-05, 49874.4409390272 
1328770, 159, 1.33194810730174e-05, 27548.8816308009 
186807, 2, 9.82800982800983e-06, 0 
198119, 682, 1.32334647857502e-05, 86512.9112406089 
2507538, 311, 1.28354875559948e-05, 20595.8411631566 
2594457, 970, 1.31566829370979e-05, 81444.8354895717 
2651167, 142, 1.32657663633228e-05, 51397.2759534379 
2746225, 32, 1.17670592942118e-05, 25.2359634104413 
28183, 268, 1.31594530931294e-05, 32910.2648624468 
2901381, 286, 1.25846316478317e-05, 7959.90637401182 
3021011, 301, 1.28615709122712e-05, 14452.1552607259 
3074378, 961, 1.304495290772e-05, 61463.5684968898 
343874, 141, 1.23508633253464e-05, 2181.4880146762 
367743, 582, 1.31936564899596e-05, 12817.6002738921 
473531, 204, 1.29275796985288e-05, 3505.85866505628 
863643, 493, 1.32710478819408e-05, 43967.3022337046 
1069494, 932, 1.31468237273875e-05, 67040.0737651886 
1304, 268, 1.33564845732603e-05, 86838.2023820773 
1379, 256, 1.22118014849551e-05, 7339.99887263958 
1508419, 1022, 1.32304883373245e-05, 54155.5005971404 
1591409, 824, 1.29597470257381e-05, 30637.6696682222 
1653434, 171, 1.25128256462874e-05, 3832.13078303148 
172713, 1050, 1.32034117615992e-05, 82709.7018825991 
2161677, 336, 1.32548645352844e-05, 58551.1366922523 
2211106, 115, 1.27669896715054e-05, 21271.5281005855 
2733484, 940, 1.32126577261016e-05, 47534.8580789402 
2838877, 524, 1.27346356620737e-05, 26928.0503423737 
284581, 248, 1.32998177924962e-05, 35762.2833092964 
376490, 1164, 1.31565098410694e-05, 108292.279591623 
39152, 583, 1.30717245526202e-05, 56875.08427425 
72361, 39, 1.26540632196998e-05, 8356.14857027541 
101564, 893, 1.31482065846219e-05, 54929.9795972318 
1376, 445, 1.26672071341711e-05, 26948.5004593741 
1564, 386, 1.30486977399656e-05, 29925.0511959806 
2094, 130, 1.20547284672413e-05, 794.05408997131 
2355, 1099, 1.31107993654373e-05, 81612.3716484407 
2487118, 114, 1.25535093335342e-05, 4802.01627081753 
2719912, 415, 1.29880250409123e-05, 25067.5214984172 
2734079, 4, 9.43405126463457e-06, 49.1466715557471 
2806205, 33, 1.18931519231227e-05, 106.024758712049 
2809708, 292, 1.30171044752805e-05, 17940.3932043202 
29438, 8, 1.22164262066775e-05, 1582.13089826266 
29466, 174, 1.30142245474303e-05, 4549.37589569466 
2983229, 445, 1.30683080461573e-05, 49822.2961574112 
3042315, 404, 1.27194098193844e-05, 21471.3333119085 
3044166, 1037, 1.31416406024128e-05, 61925.0756694552 
379899, 504, 1.26395085759066e-05, 22093.2515538811 
69541, 903, 1.31570291428196e-05, 8298.77565404623 
972, 88, 1.33349335253564e-05, 21720.1650382113 
1173101, 417, 1.3076168682576e-05, 56024.6752944936 
1286698, 525, 1.29130563913173e-05, 30043.4074252494 
1340, 342, 1.29339334678462e-05, 20011.3502798807 
1630406, 533, 1.29110557370276e-05, 33685.2832267877 
1671721, 1013, 1.32231404958678e-05, 58922.3229201818 
1920191, 764, 1.31494168233639e-05, 41567.9963619434 
2056231, 1013, 1.31962680953826e-05, 65030.6715024429 
2291, 896, 1.30907186804556e-05, 45996.8527185567 
2496866, 58, 1.32322390271658e-05, 12568.0362813729 
252967, 495, 1.30081300813008e-05, 47127.62780456 
255507, 612, 1.30074532707241e-05, 59584.5609714423 
2675053, 15, 1.15326951908661e-05, 6860.67277611886 
2689569, 514, 1.29058902483093e-05, 45439.5792203179 
2715735, 456, 1.27383666866234e-05, 18056.39565316 
2758724, 901, 1.31010087776759e-05, 62081.7486311207 
2779360, 470, 1.24327079681225e-05, 19571.9271145122 
28119, 247, 1.32636549327533e-05, 54876.5720807915 
2816908, 483, 1.28993975981322e-05, 25911.111159652 
2917790, 112, 1.30210028776416e-05, 11794.9598363962 
3023936, 338, 1.29033923018362e-05, 27076.0069520043 
3028807, 962, 1.3089519221959e-05, 65675.7851742817 
3072790, 405, 1.29669731194647e-05, 23276.3846612065 
322095, 391, 1.30401898651644e-05, 32407.1864900336 
483937, 1028, 1.32897429763708e-05, 100189.845242315 
58138, 249, 1.33297787256732e-05, 43620.9034692126 
114529, 1003, 1.31385326886693e-05, 63037.7499576124 
1338368, 1147, 1.31800927878532e-05, 99942.1048355767 
1383885, 253, 1.32044578249617e-05, 53034.3948571356 
1389223, 937, 1.30601157126252e-05, 54584.7464143428 
1476025, 9, 1.19380178115226e-05, 166.637468824815 
1581680, 307, 1.27851079063107e-05, 11544.3724853478 
1970738, 414, 1.33945912640476e-05, 80155.4905530635 
2026193, 464, 1.29743756081739e-05, 2860.95684232496 
2665646, 1059, 1.32378443494261e-05, 70434.4772329745 
29394, 118, 1.3137324452502e-05, 32420.5205604899 
3062782, 921, 1.30040702739958e-05, 57416.1432177273 
40216, 195, 1.35032948039322e-05, 122246.912425513 
480, 379, 1.26627158993061e-05, 11497.8659224124 
754429, 112, 1.23348669684597e-05, 1262.82474702399 
1227, 75, 1.26159086608213e-05, 23432.5505402028 
153493, 681, 1.34273246055723e-05, 80224.052988428 
1638, 191, 1.32453839836817e-05, 20490.2984337247 
166309, 1042, 1.32742188122229e-05, 110611.447116216 
180, 1063, 1.32408241088925e-05, 37807.3630980227 
1826170, 8, 1.08675570818436e-05, 154.945385346663 
1913577, 523, 1.29067231120691e-05, 34390.5776906021 
231049, 151, 1.32610165895318e-05, 26008.478341901 
2547598, 1113, 1.32459103251871e-05, 97125.9626398904 
269673, 739, 1.32077714527228e-05, 35419.8135934733 
2780922, 991, 1.30773656954543e-05, 55356.2205079294 
3058398, 367, 1.32034117615992e-05, 16274.2082488248 
754397, 419, 1.27414504867234e-05, 10316.0384728612 
76594, 243, 1.23983336639556e-05, 7885.07440103804 
887061, 851, 1.32079459002536e-05, 47436.5605382665 
1094892, 447, 1.27970515593207e-05, 18080.8600961483 
1892254, 17, 1.04931794333683e-05, 1399.84945841047 
1967666, 104, 1.23725626051668e-05, 14201.0006161823 
2054914, 862, 1.3081300281248e-05, 47822.1201207659 
218144, 458, 1.31204324494535e-05, 30053.7681261788 
2183582, 1070, 1.32264635081872e-05, 81989.525468687 
252356, 450, 1.25754527162978e-05, 16443.939846769 
2563896, 395, 1.26425446913955e-05, 9945.3700819532 
2591606, 965, 1.31578947368421e-05, 68764.4322993829 
2609256, 4, 1.11273075253981e-05, 14925.2200644037 
29320, 48, 1.31295625229767e-05, 59958.7596343075 
2977320, 416, 1.30067765305724e-05, 18404.2122680518 
331648, 158, 1.26329619242528e-05, 2937.65147590357 
33940, 22, 1.23113288848398e-05, 60.0777269624847 
502, 1147, 1.31559905803107e-05, 91992.6885270388 
1260, 616, 1.29567245400363e-05, 37198.996962326 
1444770, 959, 1.31426769004311e-05, 62307.3063841858 
1472, 331, 1.33564845732603e-05, 40643.4887671987 
1531, 335, 1.32620718008567e-05, 43851.9953551335 
1637, 173, 1.33677329661663e-05, 48134.6470826685 
2067958, 994, 1.3331555792561e-05, 83725.8619304673 
28110, 232, 1.23424791103541e-05, 7859.99657741498 
283686, 1062, 1.32655903851001e-05, 105770.84156899 
2912187, 820, 1.3200274565711e-05, 50216.4965323226 
2913621, 113, 1.33684477895272e-05, 28788.8639301558 
2968831, 971, 1.32689347699167e-05, 105422.404989879 
299566, 162, 1.23941846485629e-05, 1246.82333631505 
3070660, 369, 1.25508308650033e-05, 11535.3932050879 
33025, 1038, 1.32701673368101e-05, 99607.5723663841 
40520, 143, 1.32939831432294e-05, 111745.140980827 
454, 40, 1.21731508983785e-05, 3553.60793685643 
664683, 567, 1.30468250551228e-05, 15576.0220286601 
69221, 892, 1.32219166490374e-05, 68915.1367743872 
1129264, 1113, 1.31613582521716e-05, 72225.6500493455 
1196083, 229, 1.30686496164351e-05, 21799.7422597537 
2041044, 363, 1.31181949363768e-05, 29567.568503884 
2068654, 363, 1.30912328013929e-05, 38062.0756079012 
208199, 158, 1.27963965347358e-05, 5507.73154827233 
2138, 485, 1.29418007221525e-05, 26547.0774249923 
2605730, 501, 1.32304883373245e-05, 57238.8872823389 
2686366, 215, 1.30299950486019e-05, 22242.7262118213 
2829795, 218, 1.29157248950597e-05, 26048.0719104682 
2912314, 156, 1.33559494076636e-05, 77864.2038452483 
2984846, 351, 1.31271495707422e-05, 57940.9003604538 
3029174, 510, 1.29295854774896e-05, 21837.7030176323 
433286, 508, 1.27740023504164e-05, 23378.3251772375 
81947, 457, 1.32998177924962e-05, 55362.9408637376 
1314, 490, 1.30439319628509e-05, 25676.324410583 
1751095, 349, 1.2721675190189e-05, 12616.8180979106 
1813611, 372, 1.25071916351902e-05, 12194.8779083764 
1850252, 536, 1.29934253267846e-05, 29239.9199958812 
2212991, 208, 1.23268083427839e-05, 17694.5183628335 
2572577, 294, 1.33060116560662e-05, 48872.4214814364 
263377, 52, 1.26641591631524e-05, 6816.20898515814 
2654676, 385, 1.25965208409437e-05, 17575.9179784736 
2913620, 135, 1.29404609392187e-05, 20314.2128777311 
298657, 494, 1.29996750081248e-05, 39414.1958552874 
31909, 615, 1.29017275413178e-05, 50888.5042496468 
47770, 301, 1.24920363268416e-05, 2510.46125708429 
1983118, 73, 1.0807422537799e-05, 536912.134938791 
1983119, 40, 1.11838058491305e-05, 74235.9191820667 
2079596, 21, 1.06724724917022e-05, 1176.43949320649 
2233998, 25, 9.81556552380765e-06, 54045.7940673221 
2419, 73, 1.12903772115026e-05, 33100.361057029 
2560388, 13, 1.05525304968131e-05, 6673.50812491195 
2560487, 54, 1.11382140987514e-05, 70389.588925267 
2560489, 43, 1.12261164372797e-05, 2641.6168362225 
2563664, 89, 1.1449638763897e-05, 125216.455902762 
2575361, 79, 1.24092573059502e-05, 82684.4020301059 
2662034, 7, 9.91925724601742e-06, 4246.33985526397 
2699396, 56, 1.06668942270768e-05, 37862.8356495295 
2720029, 29, 1.09663552221784e-05, 27021.549785603 
2733930, 18, 9.19337341644143e-06, 159829.620794445 
2734088, 12, 9.74079738167366e-06, 2507.29769348664 
2734247, 55, 1.11070385303167e-05, 47653.8134224771 
2734258, 50, 1.02819305352773e-05, 195558.7107019 
2770776, 55, 1.12173015659353e-05, 30996.5396711232 
2778053, 62, 1.12925446620141e-05, 98558.4211023826 
2823905, 9, 9.70854934855634e-06, 14899.6285539725 
2836007, 36, 1.03117233983316e-05, 19151.4482848433 
2843366, 16, 1.08975197245107e-05, 10842.4623799021 
2844696, 118, 1.11243367114236e-05, 71418.5938376961 
2845090, 6, 7.73742281920738e-06, 9795.70724025964 
2849865, 31, 1.08721650829546e-05, 60496.1781489114 
2859633, 60, 1.06793109708562e-05, 28298.5832416295 
2885974, 10, 9.5984949559909e-06, 761.657840185969 
2910589, 105, 1.13660904058831e-05, 34406.8315117261 
2911527, 37, 1.18793062485151e-05, 7579.57221241683 
2937792, 16, 9.32983775412146e-06, 6588.29419792737 
2944252, 15, 1.05391846886725e-05, 2840.07554225634 
2954031, 6, 8.28603388987861e-06, 46718.1993836744 
2955572, 29, 1.1048747072082e-05, 5508.17912377307 
2955576, 9, 9.83613007298408e-06, 9987.51371175573 
2955754, 132, 1.13379970294448e-05, 177836.167017293 
2955924, 29, 1.04153647460734e-05, 2386.85285642264 
2983299, 14, 1.10175840641664e-05, 1159.78693601941 
2989727, 8, 9.3820071866175e-06, 95513.5934682282 
3004096, 32, 1.19019281123542e-05, 16537.6449021422 
3039426, 88, 1.12329259525521e-05, 51402.0267024739 
3047355, 4, 8.5664844860966e-06, 1947.94399937401 
3048337, 54, 1.03016317784737e-05, 247946.33189285 
3049084, 118, 1.16554191871511e-05, 79752.7955253499 
3050249, 163, 1.19810699095429e-05, 258816.428116287 
3050262, 7, 9.89002294485323e-06, 3730.46130227108 
3050277, 148, 1.21872448295614e-05, 63548.3825818425 
3050313, 4, 9.16749938119379e-06, 545.642829856963 
3074101, 19, 1.05534214192241e-05, 24038.1667550152 
310769, 34, 1.07765588292346e-05, 18278.02915734 
351745, 16, 1.03361309794518e-05, 3618.84020776861 
415001, 181, 1.16226362463534e-05, 81808.6613195079 
447897, 28, 1.14237408181683e-05, 54425.1198873141 
47589, 32, 9.81614362981359e-06, 81986.758851813 
483537, 4, 7.34510999302215e-06, 466.16286801572 
60919, 84, 1.17928700307794e-05, 122483.646374171 
61, 6, 1.0215130651521e-05, 3704.10119098867 
620, 226, 1.18880620081314e-05, 175334.033583246 
904, 82, 1.09601052170101e-05, 273015.188725335 
929509, 9, 1.07391775937799e-05, 9645.59188117334 
10286, 32, 9.68823267259587e-06, 59963.4529662632 
1116375, 128, 1.16502592182676e-05, 80967.3076556388 
114185, 26, 9.95302173739947e-06, 25925.59472587 
1324864, 53, 1.12558108123319e-05, 25405.9715379401 
1328881, 1, 7.19264049025038e-06, 0 
1329899, 15, 1.05385182843292e-05, 21498.6954785025 
1434103, 80, 1.09775509083923e-05, 117075.802252966 
1449788, 137, 1.17332332097433e-05, 22210.1634918534 
1458846, 8, 1.00050025012506e-05, 131900.179626302 
1542963, 175, 1.19759044801859e-05, 167492.540508169 
161213, 159, 1.14897626215042e-05, 70631.1017612117 
1755682, 55, 1.11941969283124e-05, 17071.894585608 
1779134, 211, 1.16737876771497e-05, 44880.9156782089 
1936988, 1, 7.47579710686652e-06, 0 
1940789, 33, 1.01650809140441e-05, 47859.6352788984 
1963026, 5, 9.6616490502599e-06, 422.978876828153 
1982357, 146, 1.13717775225445e-05, 44375.9626111859 
1982590, 28, 1.02605144621951e-05, 70050.0905679216 
1983736, 79, 1.1482374555058e-05, 2265.75820896278 
1984776, 56, 1.07494517779593e-05, 67922.3262697361 
2005520, 55, 1.08189981607703e-05, 59206.0996887401 
2024979, 18, 1.07827174604544e-05, 17552.5111271683 
2100760, 40, 9.97486334437218e-06, 53060.514727094 
2206, 179, 1.19281922824596e-05, 139666.851924909 
2303507, 3, 8.10773559052692e-06, 10374.5715090161 
238800, 29, 1.03825987644707e-05, 84581.4470570714 
2560498, 6, 8.91456282983882e-06, 325.357575737576 
2560509, 96, 1.20127334975074e-05, 205216.684643338 
2576376, 31, 1.10170985369293e-05, 1402.11843383756 
2606911, 1, 7.18241171020405e-06, 0 
2606912, 49, 1.12837525247396e-05, 65725.5134211499 
261524, 42, 1.1076895810718e-05, 244823.326678932 
2675778, 30, 1.08634250206405e-05, 22402.3724014437 
2681309, 45, 1.14347135032532e-05, 14468.5517721294 
271881, 117, 1.10684361406577e-05, 40216.0716257784 
2725619, 180, 1.16337238386635e-05, 215825.398134055 
2733169, 167, 1.20467413564631e-05, 78058.991884742 
2733220, 4, 9.84271343924093e-06, 3134.7336140675 
2733931, 11, 9.86212745813527e-06, 13890.1700510435 
2734217, 188, 1.16754232340922e-05, 101654.429361462 
2785123, 95, 1.18013595166163e-05, 34190.0312059047 
2799564, 18, 1.10397209158552e-05, 14818.2197772448 
2810070, 63, 1.10318046929297e-05, 295892.207995595 
2822847, 30, 1.10470382890347e-05, 18441.9497314163 
28250, 11, 9.94678470184513e-06, 90508.0690267091 
2839759, 35, 1.15825196613271e-05, 18650.7104530902 
2841303, 13, 8.88470320648939e-06, 186.494567746887 
2842796, 94, 1.09244248290328e-05, 6462.53956286386 
2843729, 101, 1.17038458837574e-05, 205759.186233122 
288, 103, 1.0872637919412e-05, 20730.8710913115 
2886031, 36, 1.05477443648676e-05, 11419.1949680224 
2942452, 25, 1.11406958478627e-05, 10557.562056906 
2948710, 54, 1.12208258527828e-05, 52077.9092547505 
2948776, 222, 1.17540580885551e-05, 185754.666300576 
2955378, 31, 1.10900400350445e-05, 29688.4767863747 
2955979, 72, 1.12146598032949e-05, 242090.17831266 
2956033, 81, 1.18190736210096e-05, 22726.4794495883 
2956056, 47, 1.08441051444435e-05, 10752.9431677543 
2956122, 33, 1.15077447121913e-05, 57307.8148966427 
2956319, 25, 1.06405618216642e-05, 61894.7809610854 
2956389, 175, 1.13269524834343e-05, 108104.179455137 
2956707, 184, 1.14941207572327e-05, 66035.3410942214 
2993937, 5, 9.79441522443902e-06, 29.9151203863044 
299568, 11, 1.08411660758231e-05, 31566.7056126228 
3035452, 82, 1.176678237336e-05, 12720.155019118 
3048172, 22, 1.06172891937231e-05, 20090.1312027318 
3050137, 175, 1.17481203007519e-05, 111715.518787517 
3050244, 177, 1.15272446427131e-05, 96697.231846369 
3050245, 92, 1.1566309653242e-05, 4282.7445985086 
3050267, 48, 1.17541962480606e-05, 31257.171336952 
3050282, 93, 1.14860674002435e-05, 344923.080387175 
3050295, 177, 1.22478474408123e-05, 76468.7259169052 
33932, 34, 1.17784242823995e-05, 12375.1170712177 
35829, 35, 9.87040162664219e-06, 3304.73258796273 
364102, 103, 1.13586024375561e-05, 289807.497441129 
365348, 81, 1.13671240039558e-05, 42091.8181405738 
370623, 135, 1.2121799844841e-05, 33359.3263788757 
447467, 101, 1.09795999033795e-05, 17951.9060270771 
448181, 16, 1.12322950948567e-05, 2050.53450362767 
558017, 44, 1.08915851613044e-05, 241088.537885568 
648800, 25, 1.00903082589173e-05, 3093.40182371338 
65959, 18, 1.0404311546705e-05, 21154.9809542804 
69896, 87, 1.15350897429982e-05, 103813.430920485 
74349, 217, 1.20216871235709e-05, 341912.692209722 
1089121, 132, 1.18171182775368e-05, 21120.5020927227 
1188795, 61, 1.12768812657172e-05, 25487.875732898 
1195073, 266, 1.19271963932158e-05, 404379.693591845 
1233873, 111, 1.09745390693591e-05, 22826.686414206 
1414737, 77, 1.15510788707665e-05, 12473.3678712526 
1462, 31, 1.14147432824236e-05, 9379.87948594883 
1473, 15, 1.10166130524831e-05, 71117.741165177 
1503929, 39, 1.12112650791515e-05, 47264.8887906299 
159183, 56, 1.00273747330211e-05, 211234.645596931 
1598147, 99, 1.19445771619685e-05, 101214.763299617 
1643512, 30, 1.12048584266138e-05, 84747.1374822646 
1656823, 100, 1.11213674833458e-05, 8851.53513601948 
1703972, 27, 1.0129659643436e-05, 4533.07329437052 
1777061, 12, 9.31237428294718e-06, 3203.36602911378 
190061, 9, 8.9483857112177e-06, 10629.9680217791 
190063, 51, 1.01490901340695e-05, 446180.658865977 
1902136, 25, 1.04625493047636e-05, 49163.0070242323 
1982084, 1, 7.64047004171697e-06, 0 
1982367, 2, 9.0351376503221e-06, 1.35562810138213 
2024974, 185, 1.14609239796912e-05, 170207.938896689 
2069255, 73, 1.13849832071498e-05, 114516.32808056 
2079134, 24, 1.10070334944029e-05, 20554.4950376756 
212790, 40, 1.10310745369706e-05, 26520.0613701789 
2147, 83, 1.10838939936378e-05, 2860.83756635367 
2161821, 44, 1.07972704500302e-05, 264539.852596004 
2170173, 4, 8.41665825000842e-06, 4287.32097165574 
2250414, 5, 8.00929077730167e-06, 23897.0084721677 
2279, 2, 7.74167576313569e-06, 0 
2479393, 147, 1.1270272402484e-05, 26474.2372905853 
2483794, 17, 1.09461885371514e-05, 6559.78899930983 
2528203, 35, 1.1222462881704e-05, 17972.6182267898 
2560094, 3, 7.36935967633772e-06, 191.660748942507 
2560220, 56, 1.06664391159655e-05, 30596.1656005717 
2560329, 17, 9.21591034762414e-06, 19970.8950640434 
2560387, 21, 1.05625620550521e-05, 4562.703238451 
2560502, 131, 1.16075263200659e-05, 84572.429333259 
2560700, 86, 1.08695652173913e-05, 27534.7347158067 
2589790, 16, 9.65241648246639e-06, 17954.5793247109 
2675776, 59, 1.10598670603979e-05, 78950.1796453318 
2733194, 69, 1.16811512942716e-05, 67256.1440540283 
2733941, 52, 1.09537423460725e-05, 52274.1329466195 
2733951, 19, 9.67679504548094e-06, 4651.61109199834 
2734276, 258, 1.18508686686734e-05, 381204.808877238 
2734281, 21, 1.14002986878256e-05, 14391.1643019959 
2742656, 4, 8.05302109086224e-06, 15184.459509325 
2742677, 35, 1.01129617831174e-05, 10428.2554619108 
2767877, 14, 9.71354748467688e-06, 142.81276587344 
2785531, 6, 8.9394264463992e-06, 3513.7757708096 
2831893, 76, 1.15793008418152e-05, 28156.3289108694 
2837506, 179, 1.16032164115893e-05, 198976.371753585 
2842653, 19, 9.74972457028089e-06, 2912.78529775766 
2843109, 25, 9.99960001599936e-06, 18393.0612858913 
2844167, 25, 9.18611060077163e-06, 20786.2856888258 
2844659, 17, 9.70110883674004e-06, 438.67706285284 
2931039, 68, 1.02722136620442e-05, 1127.68680941913 
2933796, 28, 1.09253796569431e-05, 27376.9284097871 
293388, 22, 1.07574306952527e-05, 7483.90114373692 
2940489, 3, 8.3831431757023e-06, 1370.53351831852 
2948873, 27, 1.03736592045478e-05, 2975.00677101915 
2948939, 44, 1.13048000180877e-05, 81332.901154401 
2953980, 10, 9.52244917392753e-06, 120766.909358866 
2955229, 74, 1.14879147137212e-05, 17498.5189165461 
2955291, 1, 7.00883814490072e-06, 0 
2955341, 139, 1.18252232010879e-05, 86564.6400500391 
2955353, 51, 1.07899308365433e-05, 23472.0726045544 
2955428, 102, 1.14514743773261e-05, 128845.662037375 
2955429, 32, 9.86952488107222e-06, 194307.02907737 
2955862, 36, 1.06423736750245e-05, 19886.7308408215 
2956136, 35, 1.04071268004329e-05, 9981.08623615001 
2956475, 8, 8.67694016382063e-06, 13142.5630553959 
2956533, 173, 1.13790239073292e-05, 141291.113829942 
2969250, 7, 8.40894375257524e-06, 4263.96311806256 
3019934, 1, 8.86910093923779e-06, 0 
3047866, 214, 1.18549429184498e-05, 416098.880615816 
3048237, 25, 1.00371374084111e-05, 47589.7749595666 
3050254, 64, 1.17115217951421e-05, 156198.916764951 
3050285, 28, 9.3532245241547e-06, 7279.98638416767 
3050319, 29, 1.0250102501025e-05, 13421.3009933121 
3050344, 28, 1.06893566076258e-05, 24288.9976807779 
312278, 9, 9.79355192541231e-06, 90.1410956720897 
33992, 26, 1.05309715874387e-05, 81688.4669839246 
35793, 11, 9.64069143038939e-06, 10807.4741389315 
470150, 115, 1.17019284778131e-05, 35971.4137869001 
47874, 61, 1.0886605121059e-05, 61328.2484275679 
524386, 7, 8.16806612866338e-06, 31678.0787793231 
571800, 105, 1.19361653875076e-05, 76083.4801328355 
653940, 84, 1.13654445025345e-05, 131053.065607975 
657445, 24, 1.09934808658466e-05, 74581.8116628992 
67082, 15, 9.69377368915945e-06, 4288.44727761704 
72293, 77, 1.1251378293841e-05, 2418.38509837263 
766894, 9, 1.06282349690187e-05, 872.483938416543 
77551, 14, 1.01297622544799e-05, 14569.8355836703 
88773, 43, 1.05155788300367e-05, 74246.5173153146 
90426, 100, 1.12799341251847e-05, 122716.254733781 
10663, 39, 1.09380469023451e-05, 59271.9941414266 
108015, 71, 1.16864752422022e-05, 28083.860188991 
128827, 74, 1.03773193308704e-05, 30363.8764577464 
1340830, 12, 1.06550739462132e-05, 3081.98652121292 
135735, 4, 9.01290648208234e-06, 4.89218650856582 
1394, 129, 1.07742366453337e-05, 70377.9264879853 
1406197, 209, 1.17409477293007e-05, 341961.197571524 
1449781, 37, 1.06749789169166e-05, 30847.2764756539 
1524882, 56, 1.00973383416132e-05, 4270.46266405399 
1658781, 24, 1.07337598213902e-05, 14741.3683075197 
1805951, 14, 9.01989789475583e-06, 4311.56985804582 
1815972, 1, 8.82900859062536e-06, 0 
1859492, 51, 1.02979187906124e-05, 50510.6762391545 
1903416, 60, 1.10820515093754e-05, 42881.2055191829 
1915310, 146, 1.18774719988598e-05, 103077.949866766 
1922930, 19, 9.02176952987559e-06, 6811.25331429315 
1937004, 63, 1.10936078631493e-05, 22833.7497448551 
1962299, 44, 1.03496098197098e-05, 131271.040505039 
1980923, 164, 1.13866684885336e-05, 215551.169550737 
1982086, 102, 1.12210776722996e-05, 113922.108739194 
1982151, 85, 1.17152262795956e-05, 25722.948541393 
1982571, 103, 1.15101289134438e-05, 108862.110158978 
1982879, 99, 1.11718112857638e-05, 6246.88831333753 
1982897, 84, 1.15803735828518e-05, 56965.5064392931 
1983750, 28, 1.10565653885277e-05, 6110.73160644108 
2035399, 16, 1.15139722052711e-05, 4485.96279992595 
2054641, 73, 1.18633813009384e-05, 14591.8964108529 
213119, 195, 1.14487211778444e-05, 23594.1324349677 
2159, 40, 1.03064095561029e-05, 570497.896698461 
233067, 8, 9.54034612375737e-06, 20.9459365717186 
2419967, 2, 7.74167576313569e-06, 0 
2420, 53, 1.06232670795576e-05, 2516.59677590498 
2483367, 20, 1.00833896322588e-05, 9065.51270284749 
2517899, 14, 1.06717891254469e-05, 15733.9196355685 
2545800, 57, 1.07480653482373e-05, 27835.4164462241 
2560506, 92, 1.14113565820705e-05, 168475.293191958 
2560847, 4, 9.1355904332097e-06, 31.7089686824401 
2590021, 180, 1.13365831538374e-05, 958142.322630121 
2599870, 180, 1.11201307727379e-05, 174572.734903957 
2663241, 35, 1.00326059694006e-05, 2651.75998520373 
267, 36, 1.10419151097566e-05, 66335.3600047536 
2733152, 52, 1.15008625646924e-05, 125819.924632339 
2733196, 149, 1.13042888471886e-05, 331306.744188176 
2734053, 21, 9.8159509202454e-06, 49446.9825939264 
2734096, 18, 1.00747546797235e-05, 29288.9779437702 
2734249, 23, 1.08927715567949e-05, 19157.190045448 
2734280, 93, 1.10505784977844e-05, 33236.360416927 
2734291, 194, 1.14514743773261e-05, 191859.337233909 
2747, 52, 1.16041589305607e-05, 166889.768832506 
2765402, 104, 1.17286918989925e-05, 54832.726736252 
2767353, 49, 1.02960102960103e-05, 2575.74109772355 
2768133, 57, 1.12430293218205e-05, 36046.0382751258 
2789208, 50, 1.02720026296327e-05, 35219.342993208 
2796140, 17, 1.06008565492092e-05, 25989.5266104654 
2806008, 13, 1.05166847203088e-05, 28834.1154784966 
2819099, 24, 1.02192018803331e-05, 4089.55418916608 
2834348, 12, 1.00469191122542e-05, 1489.46426151683 
2843447, 6, 8.5404389785635e-06, 8747.77116237028 
2843897, 104, 1.08389334489486e-05, 16189.4469806641 
2844675, 86, 1.06268796293344e-05, 4873.26492874118 
2856338, 39, 9.86913526636796e-06, 443863.142586663 
2886822, 83, 1.0997712475805e-05, 16776.0715555684 
2895470, 114, 1.10543653688842e-05, 15460.3569379179 
292486, 69, 1.08134995728668e-05, 117231.146908401 
293389, 7, 8.99790348848718e-06, 3317.30970888894 
2955324, 41, 1.09788766413421e-05, 23956.9813084399 
2955344, 102, 1.21562811504704e-05, 27843.4355239311 
2955362, 40, 9.11253064088428e-06, 87543.4191316041 
2955392, 167, 1.15924556298761e-05, 399266.68857871 
2955413, 114, 1.14642087403127e-05, 36084.2804673614 
2955514, 46, 1.07605561055395e-05, 10077.731636931 
2956087, 29, 1.00713048382548e-05, 31676.7620430586 
2956314, 49, 1.11619600401831e-05, 152603.61409311 
2956466, 39, 1.02728468113084e-05, 325426.403886592 
2956577, 108, 1.0452051215051e-05, 65283.9812280664 
2956578, 19, 1.046605335594e-05, 5943.77653220885 
2956689, 23, 1.04202486271322e-05, 16244.0907898682 
2956702, 56, 1.11290412330978e-05, 305880.555509294 
2983211, 9, 1.092967844886e-05, 1688.09568488948 
3035288, 43, 1.02104371088126e-05, 185645.512727934 
3035514, 22, 1.04116777377507e-05, 8210.10309853067 
3040676, 227, 1.13540886073075e-05, 249651.634768848 
3047868, 28, 1.1141688857197e-05, 45196.7995757582 
3050258, 15, 1.11255743577762e-05, 722.985650016904 
305899, 154, 1.16918040453642e-05, 33247.488981414 
342409, 28, 1.03336743445867e-05, 44756.1810277493 
362534, 11, 9.42622564498949e-06, 45770.2575729488 
373996, 44, 1.04114609361986e-05, 288863.395634382 
405041, 89, 1.130237236796e-05, 78539.1594242923 
52258, 63, 1.06865008121741e-05, 251606.038973709 
624, 126, 1.0948345704964e-05, 138662.051363327 
691963, 174, 1.17789792336596e-05, 95161.3058606027 
712623, 71, 1.11529968102429e-05, 54362.9991654406 
716, 10, 1.04892170848368e-05, 498.439833513599 
72273, 155, 1.14832975437227e-05, 135634.45441754 
756828, 102, 1.13385112534724e-05, 22859.2392455965 
81852, 78, 1.09979543804852e-05, 36971.7442098641 
846, 106, 1.09338610743612e-05, 157059.082159621 
950, 61, 1.14600045840018e-05, 35699.5078104326 
10242, 18, 9.94104957601423e-06, 6120.81162653026 
1146875, 69, 1.15401481755026e-05, 101261.272420826 
1198980, 14, 1.10217127741651e-05, 36734.5465220003 
1299429, 31, 1.09566227306095e-05, 25359.124885468 
143495, 15, 1.01668378084364e-05, 49565.2691987842 
1474867, 52, 1.0626540848423e-05, 647486.272745925 
1498228, 197, 1.11327581408294e-05, 361068.847072336 
1513458, 30, 1.00927523945055e-05, 37276.447232154 
1570339, 1, 8.75043752187609e-06, 0 
1608357, 194, 1.15548160473285e-05, 289962.501881554 
1636617, 25, 9.48118932038835e-06, 221264.39726859 
1653839, 20, 9.3207937587965e-06, 49322.9867680741 
1701853, 7, 8.54518265327921e-06, 16129.9769339859 
1761895, 14, 9.70148529739903e-06, 7885.33054900859 
181084, 14, 9.11884591886051e-06, 7474.25505747324 
189779, 46, 1.024779160091e-05, 52217.9025198986 
1898060, 25, 9.44884865779105e-06, 35784.4645171028 
1903266, 56, 1.065393876116e-05, 58836.2366762579 
1911685, 6, 9.10970821604584e-06, 1464.41791011357 
1982091, 13, 9.99900009999e-06, 4613.44328963749 
1982102, 235, 1.19142649494239e-05, 492735.233281814 
1982107, 15, 9.69537142967947e-06, 2168.17527244469 
1982889, 86, 1.11082723304045e-05, 39038.6937488339 
2005060, 19, 9.87430015897623e-06, 695.737579385804 
2005525, 8, 8.54306559365763e-06, 33578.0010130288 
2006671, 44, 1.01917059896656e-05, 140637.414482544 
2052899, 18, 1.05225498242734e-05, 19362.2465844267 
2053669, 22, 1.0178324240697e-05, 13477.0324345305 
207244, 185, 1.1116669445834e-05, 179232.451588093 
213421, 151, 1.12141567514831e-05, 58500.5733349164 
2169636, 102, 1.11643277400051e-05, 74307.5366089889 
2169812, 75, 1.13394112577675e-05, 5339.09035993399 
2301, 16, 9.83023189517041e-06, 14956.6029329045 
2419957, 16, 9.94925878022087e-06, 3079.94038056625 
2518495, 2, 8.85959316748175e-06, 107.667728955117 
2560261, 189, 1.1061335103147e-05, 59888.8820163014 
2560283, 44, 9.85853009316311e-06, 182018.213823739 
2560359, 142, 1.08837614279495e-05, 38209.902031181 
33943, 1162, 1.30337312965956e-05, 60595.2807221464 
485880, 417, 1.27921405088714e-05, 20379.3572221675 
61648, 1125, 1.2905390581646e-05, 56379.0114352005 
682956, 902, 1.30147326773908e-05, 40477.8457638567 
1890438, 97, 1.25873245641639e-05, 6930.57302150746 
2107, 153, 1.24591961326655e-05, 573.390312216377 
2207, 506, 1.3366124893071e-05, 143658.126248741 
2774461, 895, 1.29900496219896e-05, 52948.2338930229 
2879119, 211, 1.26006476732904e-05, 7448.45968150993 
44250, 1186, 1.29720193542529e-05, 76286.1021646074 
69539, 189, 1.30164267305339e-05, 49946.9979442952 
1400865, 348, 1.32929228478758e-05, 87029.8768112542 
1751056, 107, 1.23846677812868e-05, 1361.05996808717 
2025658, 993, 1.2824952227053e-05, 56189.0705996454 
246, 260, 1.22221000012222e-05, 5665.82733284394 
2530390, 580, 1.31140661473496e-05, 88919.3188612707 
2587861, 342, 1.28533052274392e-05, 15497.1318934243 
2681983, 14, 1.20205310670625e-05, 2526.5077972544 
2983220, 1059, 1.28930777065793e-05, 62156.5856287557 
61434, 821, 1.29532000880818e-05, 31908.1145625445 
1442555, 1189, 1.29002296240873e-05, 76658.6139804625 
1573712, 1147, 1.30323724130741e-05, 85446.5121599075 
160825, 406, 1.28705098008932e-05, 12324.826643028 
1809, 1072, 1.28977338681594e-05, 62880.8198420447 
2107708, 695, 1.30883199832469e-05, 51240.3582474458 
2825975, 941, 1.30171044752805e-05, 57723.9733690499 
2829812, 457, 1.23023928154026e-05, 27711.0883361793 
2905121, 292, 1.23007282031096e-05, 13687.0206768336 
2954008, 12, 1.12354500921307e-05, 76.4476629037424 
2996794, 476, 1.27408011415758e-05, 21008.0048941638 
3040348, 295, 1.28407617139849e-05, 47932.7830899571 
36845, 215, 1.22047964850186e-05, 17339.2361571687 
878220, 531, 1.27307447485678e-05, 34329.4140285465 
935222, 123, 1.26355159081145e-05, 12014.7242013544 
1232427, 26, 1.27704135059893e-05, 16334.0294928862 
1592897, 151, 1.27967240386461e-05, 5471.70798609413 
1675036, 606, 1.29922436305526e-05, 15350.8816437224 
1702043, 67, 1.28443902125747e-05, 19725.5238889287 
2594004, 542, 1.27520116298346e-05, 34624.0846026951 
2759528, 579, 1.27027679331326e-05, 29083.3302610212 
3048535, 1135, 1.31085651364602e-05, 86637.4595333006 
33035, 171, 1.33184167066219e-05, 130062.311583406 
54291, 88, 1.32341653211932e-05, 39936.5530609424 
585423, 1096, 1.31180228515958e-05, 84711.1153715706 
1102, 1170, 1.30613097881456e-05, 73314.9548041119 
1525371, 1, 1.05807789569468e-05, 0 
158823, 1153, 1.28816179312122e-05, 69825.0725955786 
1605721, 497, 1.30753138075314e-05, 21845.9681887973 
1815583, 1037, 1.29567245400363e-05, 42596.1787076868 
1849015, 494, 1.28359818242497e-05, 12890.1452841702 
1945512, 1130, 1.3136288998358e-05, 85694.0858958472 
2572594, 516, 1.29028928285722e-05, 22645.2498121796 
2713414, 330, 1.21866507427764e-05, 11279.9247944533 
2775246, 484, 1.2833840270024e-05, 54822.1130781695 
2813780, 1126, 1.30691620053322e-05, 94071.7739178998 
2925782, 242, 1.28147626065227e-05, 22768.2639271706 
398041, 285, 1.25200320512821e-05, 3620.40924735872 
487, 1179, 1.30584102691338e-05, 99702.3605730295 
55079, 1065, 1.30328819611881e-05, 34573.1007022877 
85336, 776, 1.28289009480558e-05, 47171.526031015 
1858656, 170, 1.31121746541664e-05, 38203.9919879489 
2057808, 611, 1.28392779190098e-05, 44412.2451302819 
505, 1022, 1.29780800228414e-05, 52984.3111803291 
2872157, 482, 1.30298252700431e-05, 11133.4142414494 
3022697, 415, 1.30486977399656e-05, 64947.1760758939 
585, 486, 1.2970168612192e-05, 38890.5678837513 
712, 130, 1.27599846880184e-05, 26921.4887515063 
86304, 420, 1.30860934085348e-05, 86676.7223503463 
1250205, 546, 1.27695981407465e-05, 30813.2689506483 
1442551, 1134, 1.29866756707618e-05, 67482.8940268 
1855336, 229, 1.21303282466824e-05, 5104.50574574468 
1968775, 181, 1.34050054290272e-05, 33054.6642542563 
2494701, 246, 1.29252404094716e-05, 41352.6173443741 
2829502, 218, 1.30582397492818e-05, 40359.1930215864 
3073561, 1082, 1.29562209294793e-05, 48307.0709067972 
452, 261, 1.29966338718272e-05, 20407.0470324808 
1731, 140, 1.29716828164118e-05, 7578.42536017763 
1904463, 566, 1.30681372677139e-05, 45745.9236848069 
1930, 966, 1.29349372655543e-05, 94807.2755297948 
2141, 434, 1.26452624524222e-05, 8378.63282084976 
2590776, 1165, 1.30534670008354e-05, 76832.0570036573 
2592815, 130, 1.31584141479269e-05, 6593.67114258512 
2599305, 824, 1.3111315064901e-05, 50063.8646848341 
2715212, 118, 1.32362673726009e-05, 138021.489774857 
2736252, 525, 1.29654600145213e-05, 36010.9729642449 
2743772, 1202, 1.30008580566317e-05, 99247.7322682416 
279359, 117, 1.29585714470837e-05, 77053.5477721959 
2809020, 1179, 1.29689911421791e-05, 73695.484914897 
2822410, 1074, 1.31144101138331e-05, 81414.6157274005 
2966552, 947, 1.31922640563574e-05, 33069.6082691517 
33007, 1106, 1.2956388795315e-05, 66564.3216468308 
45243, 327, 1.28165692607403e-05, 20126.036913257 
102134, 1115, 1.30527854644181e-05, 87286.2180760389 
1287055, 398, 1.30660882744924e-05, 25075.0689168283 
158841, 1117, 1.3027109414692e-05, 74164.813394272 
1742359, 429, 1.33488179621694e-05, 34933.8716406647 
201, 299, 1.26280165174456e-05, 16318.2614793504 
2047, 881, 1.29780800228414e-05, 62187.7233490894 
2478663, 537, 1.24964072829062e-05, 24938.7195710064 
2506430, 19, 1.14994077804993e-05, 10670.8021882906 
2806551, 458, 1.24618356283881e-05, 11281.0796373334 
2862509, 468, 1.27038975557701e-05, 32714.6769460983 
2895352, 212, 1.28354875559948e-05, 46782.0759072379 
2942204, 877, 1.31276665572694e-05, 45983.3645860416 
32207, 323, 1.2911555842479e-05, 17125.4585546806 
68298, 3, 1.00067044920096e-05, 0.600584815183775 
1462615, 337, 1.24710049135759e-05, 22413.0349916854 
2483360, 1157, 1.31004938886196e-05, 90938.7511287338 
2487064, 308, 1.22112050017096e-05, 9096.69751995449 
2494548, 579, 1.28892555166014e-05, 22014.4287251947 
2754694, 392, 1.25547701849318e-05, 24933.0225027208 
2983212, 455, 1.29285825102136e-05, 71337.4838208682 
2986922, 33, 1.23421744442936e-05, 12959.0719916518 
35703, 1210, 1.29740389480649e-05, 90358.1015183799 
421058, 385, 1.23969503502138e-05, 44433.2689011522 
89153, 1152, 1.30191381330556e-05, 122086.331167939 
1424294, 349, 1.29486714663076e-05, 37533.9186026411 
1517, 607, 1.3075484773598e-05, 41272.4873681534 
1526571, 562, 1.30563643247901e-05, 160884.880483723 
1705, 1199, 1.30345807427104e-05, 80412.6757313359 
1913578, 466, 1.25388704985455e-05, 56814.1546966409 
2487742, 249, 1.30650640188137e-05, 17526.0254642853 
278132, 270, 1.24178867240373e-05, 7470.4554916368 
2782213, 2, 1.05719420657575e-05, 0.767102307723833 
2976982, 537, 1.30577282164449e-05, 57224.7226132247 
1193713, 1122, 1.30563643247901e-05, 95182.6965834601 
1333845, 1142, 1.29831349077548e-05, 71645.3025828015 
1737490, 415, 1.26016004032512e-05, 30662.842135265 
1784713, 202, 1.29269112438274e-05, 14881.5902601111 
1796646, 926, 1.31992291650168e-05, 45182.7130372429 
2058137, 364, 1.2688906089406e-05, 7459.14359740586 
2879939, 313, 1.22785260857287e-05, 23108.3224084044 
3031408, 544, 1.2779226090068e-05, 24414.89020129 
3039851, 1118, 1.30237161871768e-05, 62812.0602234009 
3070678, 1056, 1.31326661938907e-05, 59654.0468353839 
308354, 574, 1.29674775662638e-05, 24095.6322607118 
37637, 1082, 1.29173932700381e-05, 59080.6933877876 
649196, 69, 1.29015610888918e-05, 79169.9866345237 
666686, 669, 1.32395969866677e-05, 107448.283424042 
944, 307, 1.26023944549464e-05, 5312.11188169812 
1163398, 624, 1.31318039159039e-05, 45935.8471445363 
1288, 216, 1.24890720619458e-05, 6573.49971028946 
153265, 252, 1.261797809519e-05, 23659.8883070552 
1871021, 1067, 1.31302521008403e-05, 90314.4922909952 
2529032, 380, 1.24781632143748e-05, 11539.7322685102 
2559597, 1195, 1.31202603059645e-05, 109125.390540537 
2592817, 15, 1.19756176424799e-05, 20067.6486245389 
266749, 296, 1.29407958589453e-05, 79453.7247516219 
28116, 405, 1.23743998416077e-05, 23251.9059206339 
28118, 201, 1.26872962103046e-05, 25270.4596159543 
32067, 422, 1.31307693317751e-05, 30511.9305593004 
821, 376, 1.25557159897043e-05, 30707.8539934082 
84022, 13, 1.11263170777841e-05, 1021.62780521858 
996801, 559, 1.27318793527113e-05, 27969.6025144886 
1076550, 906, 1.29790906849066e-05, 44844.4877313975 
137545, 584, 1.28781342159148e-05, 28039.3279014041 
173, 605, 1.29409633253099e-05, 40673.1088498555 
2004710, 349, 1.25029694552456e-05, 6839.23878324127 
2038776, 280, 1.29192289804144e-05, 24191.2169431132 
2709403, 1188, 1.29907246226195e-05, 65727.2239333019 
2812000, 982, 1.30519336439694e-05, 67189.8049800144 
312277, 74, 1.24228232108029e-05, 3441.42545301098 
40576, 729, 1.33456112957254e-05, 217345.865740717 
544645, 196, 1.278331011032e-05, 17746.1979833628 
767892, 990, 1.3243805210113e-05, 66464.0960308418 
971, 1108, 1.31195717771772e-05, 130198.450157456 
1536771, 59, 1.27105179536066e-05, 1247.42580665627 
192389, 283, 1.26157495016779e-05, 11731.6194225243 
2420135, 676, 1.30172739224952e-05, 45332.6710306131 
2820270, 586, 1.2831534779875e-05, 50036.3976609125 
2830994, 663, 1.31326661938907e-05, 42779.7847189715 
46124, 513, 1.29030593153637e-05, 24601.7811465448 
580, 1026, 1.29726924823247e-05, 55905.5286866388 
871694, 232, 1.25825731362064e-05, 10091.0294928904 
107637, 1199, 1.30529558418504e-05, 90824.4178465685 
1158459, 973, 1.30315232547532e-05, 51995.9464104018 
1400864, 1123, 1.30488680107001e-05, 66711.3438541587 
2093, 304, 1.23620090737147e-05, 8049.57189260763 
2512235, 794, 1.29490068111776e-05, 58934.1984600313 
254247, 1134, 1.30638692567965e-05, 94649.2156304295 
3060215, 250, 1.27111642155305e-05, 19955.0007728567 
3070997, 175, 1.3242402171754e-05, 78362.2453134084 
674, 281, 1.29900496219896e-05, 19725.7069119293 
1178825, 104, 1.18137677649533e-05, 14571.6168154925 
132604, 552, 1.30748009361557e-05, 19849.2165020699 
1442554, 1043, 1.32060272308281e-05, 99686.5158811869 
2785025, 584, 1.30502303365654e-05, 47026.1566941814 
28199, 588, 1.30504006472999e-05, 20084.7272904499 
2832500, 914, 1.3051422605064e-05, 64072.3242914705 
2871169, 446, 1.31554713605388e-05, 29391.1742349992 
2906077, 542, 1.28460402081059e-05, 35906.0391895829 
2912824, 243, 1.30905473157833e-05, 27386.2073103422 
301301, 1185, 1.31157861602224e-05, 105573.898477349 
3020906, 94, 1.28914156063477e-05, 8342.17924456204 
38290, 989, 1.30521039991647e-05, 66533.7420647404 
387661, 82, 1.26984126984127e-05, 7180.13174167289 
585425, 1159, 1.31509731720147e-05, 136188.024108051 
877500, 543, 1.27998361620971e-05, 11278.1901328055 
1115758, 334, 1.30613097881456e-05, 12210.6328102614 
1493, 545, 1.29480008286721e-05, 58017.0262179437 
1498, 585, 1.3088148681369e-05, 31621.8304853501 
1639108, 587, 1.31445772046742e-05, 41792.1878259586 
1658616, 879, 1.33356448451065e-05, 92063.0190819499 
1750598, 1041, 1.30787339785509e-05, 22106.5960713954 
1909699, 1111, 1.31454411610054e-05, 91282.0814181682 
1970093, 263, 1.24702273322443e-05, 9774.95880314464 
2745511, 954, 1.30647226359384e-05, 53504.909975691 
2815358, 636, 1.29173932700381e-05, 27285.972021967 
2834378, 151, 1.20689863258385e-05, 80.4599666625316 
291990, 451, 1.27952504030504e-05, 13337.1870894665 
3047873, 279, 1.31627441689043e-05, 13270.7906763177 
663, 91, 1.32655903851001e-05, 35434.8142205449 
827, 447, 1.26473415288106e-05, 11322.6014347623 
92172, 54, 1.27826564916721e-05, 6600.43443045978 
1249553, 1134, 1.30766816612616e-05, 79837.1077071019 
1381597, 50, 1.13522840795568e-05, 5991.49575288667 
1451, 1068, 1.31766194065251e-05, 121259.373907302 
2675331, 436, 1.25955688788684e-05, 19162.2619291082 
2767188, 197, 1.24242123049399e-05, 3222.31784672555 
2866807, 1022, 1.28595861785168e-05, 57712.5742462228 
2879938, 228, 1.21857597211898e-05, 2037.97738876764 
2962597, 987, 1.30836964059086e-05, 84109.3830948286 
411153, 374, 1.27642193403451e-05, 52192.4178623996 
678932, 1024, 1.30459740124198e-05, 102678.921764396 
881260, 977, 1.30323724130741e-05, 68444.3741866036 
1018, 576, 1.31120027272966e-05, 60401.7390879561 
1312072, 283, 1.27713920817369e-05, 8832.84058459714 
1313, 562, 1.28055729853632e-05, 39078.3554163771 
1336804, 361, 1.23696547629356e-05, 10459.9297872191 
1636423, 818, 1.2978753780062e-05, 31139.3252918283 
186490, 175, 1.21632305540352e-05, 3619.94588470816 
1874277, 1112, 1.30722371826714e-05, 74758.0651894815 
1921086, 1141, 1.31499355653157e-05, 127840.114985764 
2109593, 955, 1.29973095569217e-05, 82384.411160361 
2209, 259, 1.28640526911598e-05, 11752.6566934563 
2739434, 1067, 1.31118308049353e-05, 106974.533792152 
340146, 1050, 1.31154421215539e-05, 37118.6386807478 
40215, 448, 1.32680545051679e-05, 37681.7217597541 
935293, 43, 1.25181513194131e-05, 13499.8543333176 
1070314, 948, 1.29429732598172e-05, 52579.4059064648 
1394889, 315, 1.30247339698087e-05, 34885.8126465074 
184755, 5, 1.05471881196473e-05, 278.121489824386 
1930071, 1125, 1.30529558418504e-05, 106113.004774338 
1936081, 448, 1.26583880808618e-05, 28115.8989666517 
196, 585, 1.29711780423898e-05, 30802.9812444485 
2507935, 1016, 1.33045954072537e-05, 81749.5994752427 
2855841, 292, 1.23771567195584e-05, 10535.9635462552 
2916754, 545, 1.29533678756477e-05, 40415.3779812029 
3003259, 99, 1.27591706539075e-05, 9567.52040838016 
423605, 72, 1.3033051819414e-05, 7217.77802738323 
79883, 185, 1.32367929897944e-05, 49846.1734304129 
826, 369, 1.31976613744045e-05, 45858.5949796939 
84996, 680, 1.29684865776164e-05, 18448.7441096172 
1580, 118, 1.33224977018691e-05, 91201.4334222697 
1915309, 622, 1.29607548343616e-05, 34948.8221275631 
2211212, 81, 1.24686724604431e-05, 2381.39544458048 
2291597, 935, 1.31283559359861e-05, 56926.2068497935 
28127, 4, 1.1331829977223e-05, 52.5035318007954 
2852117, 1073, 1.30529558418504e-05, 66747.8774758015 
2854186, 31, 1.2666565334144e-05, 4093.90353954418 
3039116, 122, 1.30521039991647e-05, 44478.0550103356 
367188, 972, 1.30298252700431e-05, 65700.8449248737 
39488, 374, 1.30091454292368e-05, 51903.8843477977 
59739, 391, 1.25866908331131e-05, 19547.1246233461 
1017270, 873, 1.32037604309707e-05, 85447.0163856991 
1442556, 981, 1.30488680107001e-05, 78727.6952656816 
1509244, 200, 1.28211703164265e-05, 12717.3337567725 
2083054, 10, 1.19361653875076e-05, 39352.4411830811 
2496865, 580, 1.268520397808e-05, 44624.3714972495 
2871174, 1042, 1.29290839744004e-05, 56748.8785961301 
2949997, 24, 1.14026385705652e-05, 2772.5852354495 
2992143, 1181, 1.30468250551228e-05, 76666.4784428475 
301953, 433, 1.28223210965649e-05, 18079.0373026994 
53419, 988, 1.30614803881872e-05, 66969.3943903855 
75612, 791, 1.2986507019207e-05, 57602.6404924871 
75787, 328, 1.27008319044897e-05, 1421.11782165408 
1307761, 1055, 1.30456336264252e-05, 84487.1220184337 
1874361, 23, 1.21582025313378e-05, 6628.66985925919 
1942464, 397, 1.24269914253759e-05, 19946.3193441641 
2201181, 265, 1.27746550843127e-05, 10089.2631458023 
2246, 1068, 1.30064381869025e-05, 92972.3210728768 
2594913, 659, 1.30742881050127e-05, 59914.140648273 
2681984, 964, 1.29964649615305e-05, 55259.5923714247 
2870860, 1132, 1.31107993654373e-05, 79894.1548393928 
484770, 829, 1.3265238442661e-05, 56220.1216428019 
82976, 994, 1.32299632207022e-05, 84677.112041135 
84642, 937, 1.3098949464253e-05, 54984.118427885 
85683, 1052, 1.31199160325374e-05, 98219.3436477782 
949, 13, 1.11201307727379e-05, 2393.60292815031 
1179675, 790, 1.29483361388062e-05, 36629.7470456876 
1507512, 511, 1.28485159964024e-05, 40501.6588637297 
1974213, 832, 1.30429111777749e-05, 33356.3083965441 
213115, 676, 1.29027263460769e-05, 39727.4579475506 
2816248, 974, 1.31345636041243e-05, 108988.446602903 
2839024, 176, 1.30187991459668e-05, 32094.0895156676 
2852098, 508, 1.25062531265633e-05, 29326.1978041875 
2893883, 60, 1.30512522676551e-05, 26354.8008029004 
2898076, 541, 1.29000632103097e-05, 43740.9677590363 
294671, 312, 1.26052538698129e-05, 12525.5158684037 
3003351, 1084, 1.32273382627214e-05, 80361.175822297 
363408, 241, 1.21732990857852e-05, 2551.92518064902 
42817, 1042, 1.3038829634652e-05, 83934.0563457388 
588067, 74, 1.28405968309407e-05, 10445.1822401118 
1032, 495, 1.32126577261016e-05, 32016.2606549956 
1536769, 581, 1.30826693878619e-05, 48981.3196911016 
1785145, 1100, 1.31468237273875e-05, 91791.723300125 
1833852, 774, 1.33212553951084e-05, 71868.6817060909 
1888890, 380, 1.26190926872358e-05, 8149.03613242471 
188913, 412, 1.27042203419976e-05, 13507.6732975897 
2082587, 1059, 1.31221541328224e-05, 74744.5871943812 
254246, 377, 1.308386759126e-05, 57657.3662575446 
2594454, 166, 1.33795373355989e-05, 54630.3372599958 
2730851, 21, 1.2075398790045e-05, 241.070506791941 
2770780, 509, 1.30526150914336e-05, 41528.0974828328 
1033997, 3, 1.14121379499235e-05, 0.0191218932438166 
1486034, 471, 1.28817838694302e-05, 33826.6504504666 
182773, 405, 1.27408011415758e-05, 19239.999596751 
2213202, 471, 1.29543746923336e-05, 26329.1093648044 
2502784, 118, 1.27821663215482e-05, 43936.9683245276 
2724150, 569, 1.28939089174274e-05, 22396.3384665866 
2767887, 16, 1.16954960644656e-05, 131.854366202781 
279826, 714, 1.32376691112229e-05, 49421.1789255417 
28113, 52, 1.23597172096702e-05, 757.95688275583 
2895476, 1087, 1.31292177612058e-05, 67109.9754039271 
2932256, 10, 1.13542175240993e-05, 5017.37283233606 
29486, 158, 1.32364425736939e-05, 51984.8173185905 
3042615, 110, 1.33441866051055e-05, 27239.3280539787 
1174501, 1179, 1.31337010769635e-05, 93052.2290405272 
1243, 191, 1.30337312965956e-05, 34159.0163805443 
1836467, 573, 1.26087504728281e-05, 38649.6820680402 
2047966, 906, 1.30291462000495e-05, 93312.9686193471 
206, 146, 1.19714600392664e-05, 4512.82415493818 
2092, 44, 1.20260243166212e-05, 12437.0470631504 
2564099, 572, 1.30920897593674e-05, 29818.8253012776 
266009, 977, 1.31252543018021e-05, 51144.1031124277 
2698686, 44, 1.2780206016921e-05, 2766.74610232776 
2795973, 730, 1.30071148918458e-05, 3448.41126567184 
2813371, 441, 1.27221607317787e-05, 15452.6437951928 
43662, 120, 1.31042706818152e-05, 57243.607932868 
54006, 1196, 1.30845523774632e-05, 97872.1909775765 
1225337, 26, 1.26513416747846e-05, 3923.59728766372 
150829, 676, 1.31656902113093e-05, 46752.5523323422 
281120, 517, 1.26958332275347e-05, 21819.6299853626 
2906078, 177, 1.3075484773598e-05, 42911.082989268 
2937774, 232, 1.22446980457462e-05, 11090.547247256 
3036302, 1179, 1.31625709133508e-05, 130332.415620216 
33923, 290, 1.25258345337258e-05, 3526.29551976914 
391613, 916, 1.30459740124198e-05, 58756.070086877 
996, 112, 1.32275132275132e-05, 20938.9481647336 
1170699, 497, 1.28073770491803e-05, 48884.3749198308 
1218177, 549, 1.32858585321783e-05, 133801.882151267 
1236179, 1049, 1.31406044678055e-05, 94944.7974817018 
1348613, 334, 1.32536348093465e-05, 44379.9939666169 
1522, 105, 1.31149260973914e-05, 21884.9371751783 
1777867, 54, 1.29339334678462e-05, 57346.0303616594 
2305987, 55, 1.27124569365521e-05, 3894.23188037558 
2569541, 894, 1.32851525135509e-05, 114026.669083435 
2782176, 369, 1.29402934858563e-05, 19773.9381988045 
2818493, 295, 1.29025598678778e-05, 19217.5757286509 
2893886, 143, 1.24117216299073e-05, 2681.39343580999 
2935040, 325, 1.3286211569633e-05, 102643.680372386 
2961531, 683, 1.30546598608373e-05, 35329.1559760314 
324079, 190, 1.24497341981749e-05, 1961.9288266942 
326544, 27, 1.1560025432056e-05, 380.678306778088 
34105, 297, 1.25173678478889e-05, 16137.1798929909 
485448, 1078, 1.31825252445358e-05, 80337.5756218161 
591197, 172, 1.33875977294634e-05, 76976.5085272096 
67313, 66, 1.25190916147124e-05, 1340.3366031606 
727, 329, 1.30025484995059e-05, 112098.817867063 
79880, 1091, 1.31566829370979e-05, 81972.6671025514 
1038856, 968, 1.3081300281248e-05, 42840.7023568788 
1096, 405, 1.3064381270903e-05, 25860.0929244065 
141451, 1078, 1.30946613065853e-05, 71948.4782300888 
1482, 103, 1.18695770869684e-05, 10617.8497059072 
1616788, 1132, 1.31274942239025e-05, 117207.950018164 
1646340, 311, 1.28244588078383e-05, 8373.09042256474 
189425, 1038, 1.31207767499836e-05, 88617.6812482233 
146474, 64, 1.12856626941134e-05, 37595.3117740854 
2507162, 1269, 1.24453958258142e-05, 53712.2038494168 
48073, 959, 1.25147047781143e-05, 46967.4324287181 
132132, 1207, 1.22544514294818e-05, 50464.2142687483 
2591634, 200, 1.17120704598159e-05, 24072.1565841651 
2994951, 1200, 1.24646316078128e-05, 53582.0211658688 
46506, 186, 1.17141284102756e-05, 51141.5068033654 
712435, 1285, 1.22324159021407e-05, 65514.380570753 
129817, 910, 1.23249852100177e-05, 22086.6213665554 
371036, 987, 1.27516864105278e-05, 17631.9115781396 
714067, 1224, 1.24719381391868e-05, 56723.4595395897 
1803177, 1254, 1.23205815314483e-05, 64582.0367846797 
2714594, 505, 1.24705383531407e-05, 758.732336745998 
2853257, 977, 1.24968757810547e-05, 42414.7097236056 
2961994, 1197, 1.23548307388189e-05, 49545.7239177848 
2973088, 1225, 1.23737873688379e-05, 71516.1753993658 
3003256, 66, 1.18769077283039e-05, 2193.86821509402 
539813, 1249, 1.22534003185884e-05, 84939.7320988031 
655307, 1204, 1.24831477505368e-05, 51079.4686124596 
104, 320, 1.20409391932571e-05, 25082.0670014493 
262, 272, 1.22179187997117e-05, 19177.5503562646 
2795687, 1229, 1.25053147587725e-05, 85325.4066591039 
2861281, 37, 1.23017874497164e-05, 37756.3759480549 
395922, 705, 1.22983077528532e-05, 12097.937897062 
146826, 1264, 1.23239219649261e-05, 50212.0396494833 
1573719, 1217, 1.23609394313968e-05, 64227.4828311193 
1873524, 1240, 1.22737035900583e-05, 65874.5514666212 
2744520, 1040, 1.22345111089361e-05, 35138.9575821293 
2785056, 1190, 1.24579544038869e-05, 51064.515187559 
3076685, 1286, 1.22960394456945e-05, 60075.484829863 
38301, 1035, 1.25103210148372e-05, 48518.8823735674 
641107, 362, 1.26286544168719e-05, 37046.0092484767 
1536772, 1263, 1.24981252812078e-05, 58289.6290934707 
241368, 1236, 1.24390486615584e-05, 42862.4749851781 
3027225, 1261, 1.24306988538896e-05, 78004.0352783535 
472569, 1256, 1.23386718653604e-05, 56106.9515833739 
556325, 869, 1.24511293174291e-05, 37303.1558543099 
1510225, 1234, 1.22330144594231e-05, 54644.3439839719 
1642646, 76, 1.17485343703373e-05, 1839.81842535157 
278153, 629, 1.23029982406713e-05, 10128.1901589715 
28108, 44, 1.25904941768964e-05, 196559.3870831 
2831149, 105, 1.21416689938199e-05, 14866.0725618614 
570267, 1197, 1.24540755962389e-05, 38731.9885449439 
1168034, 135, 1.21066841002918e-05, 83342.5490373209 
1525, 1282, 1.23727156873662e-05, 66377.192476618 
1932004, 1278, 1.22292744371476e-05, 46325.100913292 
2976983, 1224, 1.24806549847736e-05, 57583.0118725515 
936456, 1292, 1.23578843302027e-05, 73928.1025760996 
1906272, 1101, 1.27349600122256e-05, 55272.5399146448 
2099584, 48, 1.21163655749821e-05, 67483.0436145698 
2175091, 135, 1.15629661320722e-05, 29062.0641786621 
403, 1068, 1.24466350522136e-05, 44325.0656459992 
911045, 1127, 1.26192519307455e-05, 48171.0794770721 
120652, 8, 1.10680686220255e-05, 5243.8217287313 
2081702, 48, 1.2237954792995e-05, 221710.415474663 
2742624, 7, 1.09176265079972e-05, 6196.04472562789 
2952228, 1172, 1.22921096947869e-05, 51147.3864809981 
1076588, 1210, 1.2508130284685e-05, 63282.3553331311 
2781961, 268, 1.18942836072983e-05, 68658.0859883776 
301375, 1255, 1.23443074226321e-05, 58059.3976674713 
1758466, 271, 1.22998204226218e-05, 31534.7300187541 
256319, 1200, 1.25051583778309e-05, 70020.6310781867 
2724191, 84, 1.26869742835031e-05, 45604.7421987754 
38313, 1250, 1.24419892252373e-05, 42933.5389966505 
472693, 1237, 1.25587119784995e-05, 75615.8088538511 
73029, 1167, 1.24598170898851e-05, 43817.9458487566 
1821625, 1263, 1.23756249690609e-05, 87097.4485167916 
2801033, 18, 1.20902902878698e-05, 8062.48638194328 
79604, 1242, 1.25483109973398e-05, 61298.5474535557 
85874, 1215, 1.25012501250125e-05, 46191.4278848166 
86173, 1213, 1.22872765251582e-05, 63690.2014737763 
1003114, 1111, 1.24376562480566e-05, 60572.4924987897 
1397108, 1158, 1.26826298701299e-05, 67225.1480161775 
199592, 309, 1.233136853528e-05, 14164.0993862258 
2371, 1199, 1.24602828484207e-05, 53191.1169041979 
2754044, 1051, 1.25167411412765e-05, 50715.2099694886 
2979862, 111, 1.24571784490813e-05, 33046.4692877912 
302406, 1267, 1.24429181131559e-05, 51383.2920209303 
36746, 1064, 1.2446789972866e-05, 43706.9325583219 
1096868, 50, 1.21939322992879e-05, 42332.7125489204 
1628392, 1288, 1.23708789509495e-05, 54498.1937027026 
1689, 1253, 1.24014088000397e-05, 61349.9265792817 
2742683, 268, 1.2842080930794e-05, 48089.9664080016 
2979868, 1220, 1.24978128827455e-05, 49848.868412311 
332411, 1203, 1.22708420251798e-05, 56020.7800767493 
1408, 1024, 1.27066417616488e-05, 65011.970612772 
2172098, 107, 1.2131505519835e-05, 123625.373434091 
2807626, 963, 1.23975651182108e-05, 47258.9705930621 
2815936, 1261, 1.25078173858662e-05, 60758.94446301 
2866626, 1202, 1.24440019910403e-05, 41782.9659867034 
365617, 1229, 1.24554716887129e-05, 48246.6202512078 
1985254, 1271, 1.24636994752783e-05, 64398.7104833166 
2794344, 1208, 1.24528348878622e-05, 54841.1911633428 
3056445, 1219, 1.24987501249875e-05, 58596.1879900161 
421, 1215, 1.24755167982834e-05, 56238.3404394896 
516051, 303, 1.20784616871195e-05, 136234.427478114 
1172565, 410, 1.23555939951813e-05, 35816.6555160633 
161879, 1263, 1.23394331264422e-05, 60352.141168394 
186826, 7, 1.12698913582473e-05, 47.3969042674663 
1987723, 718, 1.24198916985444e-05, 20364.8789108678 
2814275, 32, 1.23321288954112e-05, 3951.72192417928 
2961520, 44, 1.20370258916427e-05, 501.634719909147 
371142, 404, 1.22919586006834e-05, 100851.240124849 
1402861, 242, 1.25871661254185e-05, 51793.5157657101 
156976, 1256, 1.23627732172881e-05, 72682.7041144338 
2055160, 1041, 1.23546780988621e-05, 16540.1728236714 
2683591, 1121, 1.27343113284434e-05, 68048.164934435 
2927876, 1262, 1.24689834037831e-05, 55714.780605033 
911, 817, 1.24800319488818e-05, 7230.96705316763 
3057114, 1117, 1.25115732052148e-05, 46935.7234797742 
539, 1249, 1.23647604327666e-05, 62794.4448686577 
698828, 1268, 1.23312164745052e-05, 59948.0585606418 
742013, 541, 1.24398223593367e-05, 12321.8179349366 
773, 190, 1.15358881480285e-05, 111795.542378056 
1769012, 95, 1.1299818072929e-05, 11199.7375434906 
1807691, 242, 1.17880045265937e-05, 177456.022129036 
1916, 375, 1.24293083089926e-05, 11559.569223264 
2083206, 832, 1.27443733591619e-05, 35001.9628947213 
2505979, 452, 1.22470974379072e-05, 140196.324210061 
2963092, 53, 1.17921747128605e-05, 11183.6739991776 
3039400, 35, 1.23169394868763e-05, 23665.4892606675 
2922394, 52, 1.2297702789119e-05, 1010.84348171238 
34062, 29, 1.23932630222211e-05, 29384.9687864765 
60893, 1209, 1.25291302277796e-05, 41135.5580049549 
181487, 1238, 1.24037161533595e-05, 73436.9887662202 
2201356, 1232, 1.24356455343597e-05, 48878.9433887877 
2923366, 1112, 1.24285359184688e-05, 43917.0533020738 
292833, 21, 1.19206561129125e-05, 27.82615650819 
1477518, 1026, 1.29000632103097e-05, 35266.1290389406 
162209, 1078, 1.25176812247299e-05, 59377.7421190498 
1678028, 979, 1.25070352073041e-05, 50337.958381949 
1911573, 1247, 1.24906320259805e-05, 64886.5329123509 
221352, 1205, 1.23394331264422e-05, 56814.7872143802 
2292447, 1284, 1.24057165541882e-05, 72879.4135418376 
2920387, 1014, 1.25316423970526e-05, 32775.3292727651 
33986, 1257, 1.24396676120814e-05, 56566.0230349092 
838, 258, 1.24166532152924e-05, 8593.30217832177 
1306526, 1066, 1.23989485691613e-05, 39117.7560332886 
1434072, 1203, 1.2455161418892e-05, 65123.0802071164 
1624, 149, 1.18536781963443e-05, 38819.8080090109 
2686360, 1145, 1.2515018021626e-05, 57223.5513050188 
312285, 1273, 1.23667482872054e-05, 65881.5714954465 
2026, 1013, 1.29740389480649e-05, 24990.1331194839 
2563602, 45, 1.23160293121498e-05, 5368.96994688378 
55779, 1183, 1.25004687675788e-05, 58902.8492568912 
1584, 934, 1.26382306477093e-05, 37132.0150467873 
2842350, 1048, 1.26587085585529e-05, 15213.1057520337 
561, 1014, 1.27000254000508e-05, 65659.6101767122 
616991, 314, 1.20542925335712e-05, 61124.9628887993 
2496867, 1194, 1.24040238653419e-05, 46137.764935135 
683042, 1177, 1.23949527752299e-05, 55992.3935839285 
90627, 143, 1.2134449702706e-05, 71.7490671925318 
1778675, 1180, 1.2455161418892e-05, 43081.3631762723 
2714936, 956, 1.27087410721094e-05, 31260.7154501273 
2804761, 1207, 1.24276091765466e-05, 50387.9264685208 
29341, 419, 1.2576717979676e-05, 90092.7151821589 
100716, 162, 1.25708682698714e-05, 26231.1065672758 
1748242, 1225, 1.24762950394251e-05, 52959.1980604411 
1903411, 1252, 1.25090690750794e-05, 69119.6677285148 
2126553, 292, 1.19451478809308e-05, 73849.1408920484 
2500547, 392, 1.23786888492771e-05, 22981.5456735383 
336810, 81, 1.14792111486099e-05, 7625.53644331386 
948519, 37, 1.22325655359699e-05, 22429.0831508232 
986106, 1020, 1.26147946311434e-05, 23319.284074284 
1434010, 110, 1.21100561906607e-05, 7540.22846657451 
2144175, 1269, 1.2506096722152e-05, 53440.2748798386 
37448, 1131, 1.25930310166354e-05, 52201.7942681824 
398743, 370, 1.22129946262824e-05, 25197.9688583144 
515393, 1059, 1.24117216299073e-05, 39320.9576896211 
565, 1267, 1.25596583772921e-05, 75108.1095136569 
618, 1235, 1.23620090737147e-05, 74173.6904260732 
721785, 1066, 1.23937238182584e-05, 38861.3755989441 
756892, 193, 1.17717689437192e-05, 20244.7160304255 
271098, 6, 1.03056660551971e-05, 2.70909272106846 
2751176, 10, 1.054118440748e-05, 381.501427157887 
2842354, 903, 1.23331935571397e-05, 21617.7179948774 
2919578, 478, 1.22848613653395e-05, 33722.8955052686 
592316, 1155, 1.26014416049196e-05, 89948.2520014065 
1008152, 1257, 1.24736494156095e-05, 55104.0169500678 
121871, 1254, 1.24317806039359e-05, 55467.1598315534 
1898042, 861, 1.26328023345419e-05, 45451.500533409 
196013, 28, 1.22385538924721e-05, 1193.14577225731 
2153354, 1194, 1.24973443143332e-05, 58032.5328737412 
2678259, 1166, 1.23714911358266e-05, 55052.7337085485 
28196, 305, 1.22421497214911e-05, 8606.87748295562 
2954091, 1111, 1.23998710413412e-05, 35484.0317603861 
46680, 1204, 1.24829919235042e-05, 63027.0487666829 
715179, 1193, 1.24285359184688e-05, 43397.0609906049 
1590041, 1271, 1.24146492861577e-05, 66240.6415546895 
1646377, 1171, 1.24619909276706e-05, 56736.0952687986 
173559, 954, 1.25e-05, 29126.5855333434 
2070348, 697, 1.23803746301363e-05, 23098.8652089043 
2692235, 73, 1.26132035014253e-05, 77336.977551428 
2724122, 1235, 1.24452409398646e-05, 69410.1502899657 
3059080, 1233, 1.2234062075631e-05, 55343.7423812737 
321662, 1195, 1.23957209971118e-05, 75208.360604632 
517398, 382, 1.22863707289504e-05, 4546.61174551769 
729, 50, 1.27161749745676e-05, 25031.8110596749 
1179672, 191, 1.18048423463305e-05, 7010.59877870039 
2252, 1214, 1.24331717021012e-05, 44447.2952114672 
2570586, 138, 1.18217283366828e-05, 994.218374352059 
2751170, 1271, 1.24405961533677e-05, 75042.6187403282 
2956836, 468, 1.2488136270543e-05, 9930.8346274746 
33905, 1228, 1.23739404813463e-05, 60161.1222734668 
907, 1259, 1.24853297375584e-05, 64494.5782053716 
1118963, 1032, 1.29063899536661e-05, 55488.0513942596 
1380432, 1218, 1.25020315801318e-05, 61321.5691901425 
1613, 778, 1.26497413127902e-05, 58734.5720494665 
169679, 431, 1.27455103939637e-05, 30219.7781555968 
2126281, 103, 1.23054205377469e-05, 2411.63687697217 
320787, 294, 1.19667324836953e-05, 178616.655986519 
34085, 334, 1.21096162462612e-05, 51929.5379292895 
2718620, 1229, 1.25272467617067e-05, 66939.469475857 
2745519, 758, 1.26058894715611e-05, 28307.4399103531 
41202, 1260, 1.25439036628199e-05, 63121.0656118614 
446692, 6, 1.06964455711367e-05, 30.2084242096448 
590, 1210, 1.23258967089856e-05, 56544.0531560031 
1642647, 130, 1.22636187486203e-05, 55770.556645412 
1844006, 626, 1.24636994752783e-05, 17577.3597724886 
1852381, 1169, 1.25654976565347e-05, 59168.9003112198 
1891279, 1142, 1.25593428951797e-05, 40632.6680611315 
2614538, 1211, 1.27328520315265e-05, 64190.0833878218 
2651284, 88, 1.26887450831113e-05, 4124.10697631034 
2817025, 1259, 1.24117216299073e-05, 64774.6680587972 
2871095, 1182, 1.24602828484207e-05, 47311.1092919756 
2878678, 998, 1.25760853161628e-05, 48418.8067961302 
2901380, 1084, 1.24797204542618e-05, 45390.1690634442 
2954086, 1171, 1.24861092035111e-05, 57874.9401288184 
553611, 45, 1.26132035014253e-05, 14730.9151893871 
1811807, 1254, 1.25285023428299e-05, 73375.2299006845 
3003261, 45, 1.25270898317612e-05, 222453.080956454 
397865, 670, 1.27459977567044e-05, 48894.6880215299 
658644, 1167, 1.25201888044472e-05, 62212.9112600345 
1691904, 1252, 1.24585752373359e-05, 55648.1703765932 
2961941, 307, 1.20445648900933e-05, 46282.0192640312 
3004095, 600, 1.25451625853071e-05, 109104.846958786 
669357, 122, 1.15281748593563e-05, 982.371762475804 
999, 378, 1.21297396957861e-05, 70545.1474167625 
129985, 181, 1.26000126000126e-05, 260447.763347815 
1456591, 51, 1.2446789972866e-05, 5076.475892622 
1513468, 1168, 1.25136085492974e-05, 59309.6534315676 
1842532, 1223, 1.25286593081674e-05, 76231.8362048755 
204039, 1240, 1.24325533978168e-05, 64912.7942759006 
2153485, 1038, 1.26119308866187e-05, 33086.9187218471 
2875962, 202, 1.22543012597422e-05, 34849.2395243928 
1004301, 150, 1.15873512473784e-05, 4484.15537212351 
137584, 1157, 1.26943827356395e-05, 63333.7506854282 
2072412, 1145, 1.2666244458518e-05, 61085.4316295847 
2692233, 1020, 1.24585752373359e-05, 38588.7150911965 
428712, 1205, 1.25062531265633e-05, 58630.0170263332 
135079, 1179, 1.25357268214411e-05, 60772.5750521119 
1664033, 353, 1.24461703133946e-05, 8899.8871869025 
169134, 389, 1.23551360300477e-05, 19086.1972158411 
45663, 1246, 1.25336842764931e-05, 64015.7056699514 
1125966, 1209, 1.25650239991958e-05, 56104.171069216 
152053, 236, 1.25745039358197e-05, 4781.60982937274 
1935, 856, 1.26749138105861e-05, 53458.4607563437 
2041036, 1129, 1.25087561292905e-05, 64922.0681345892 
28251, 332, 1.21235633577421e-05, 32609.0607417271 
66269, 1046, 1.25079738333187e-05, 43841.6567159225 
1422, 1177, 1.25998538416954e-05, 53182.4387597584 
174633, 1206, 1.26853648945212e-05, 32436.7109541608 
1920883, 1155, 1.26444629896568e-05, 57922.8338556902 
495, 1210, 1.25420157527718e-05, 58650.5285195114 
1073996, 1204, 1.25245794872437e-05, 57993.6285138452 
2579935, 1215, 1.24912561207155e-05, 59221.7909591274 
2724468, 1059, 1.24131082423039e-05, 54315.1070814146 
2879622, 403, 1.27505482735758e-05, 18189.2684152453 
703, 1200, 1.24494242141301e-05, 64849.6042908735 
981384, 1181, 1.25797240008554e-05, 71188.0209013131 
2785909, 365, 1.23287840120329e-05, 6674.40461875135 
3075620, 1226, 1.24197374467504e-05, 58133.6912831535 
1389005, 891, 1.24418344240675e-05, 32812.7432486535 
2742134, 1012, 1.25582388325861e-05, 74811.741897961 
2895522, 1213, 1.25120428412347e-05, 59596.4149373851 
2020313, 636, 1.25811484072266e-05, 20236.30805023 
2162713, 74, 1.23231626164539e-05, 187139.344427177 
218673, 830, 1.26411063496277e-05, 39057.6370520271 
2714355, 1248, 1.2535883967858e-05, 72306.4036599557 
2775159, 1202, 1.23126931553739e-05, 44827.2486019818 
418719, 1227, 1.251486139791e-05, 72832.2907461203 
2908210, 366, 1.233136853528e-05, 36699.9889227477 
518898, 1243, 1.25505158262005e-05, 67384.8004655021 
65551, 1229, 1.25371412810451e-05, 67296.5004273479 
84406, 70, 1.23304562268804e-05, 2039.74620274453 
851, 421, 1.27645451992546e-05, 10810.7421734067 
1458307, 681, 1.30022103757639e-05, 90585.8997305249 
1501268, 207, 1.23073893565697e-05, 3688.2455431354 
2282170, 170, 1.17128935532234e-05, 6606.91935646254 
2713573, 45, 1.14352365378678e-05, 10043.7154629938 
2735563, 1204, 1.26395085759066e-05, 66483.1892500791 
2895480, 1251, 1.25068787833308e-05, 60766.3929847346 
55211, 696, 1.24350269840086e-05, 28545.7779585636 
1809410, 1160, 1.26171820785546e-05, 51808.5195861849 
2502979, 1129, 1.26063662149385e-05, 64681.7284617329 
2823875, 1241, 1.25697621800996e-05, 87098.6623417658 
2986829, 112, 1.18378218407813e-05, 114.53951136768 
47917, 1222, 1.24764506993051e-05, 54835.9207698955 
238, 270, 1.18193530086163e-05, 45930.0170652793 
3038539, 8, 1.10570544007077e-05, 7266.07308376061 
3051120, 1048, 1.25557159897043e-05, 52196.3917279504 
784, 258, 1.22663264805456e-05, 14545.7822488863 
1465, 326, 1.28506624516494e-05, 252890.364691353 
1499308, 947, 1.26503814089995e-05, 43295.8618459449 
497726, 90, 1.15704583058535e-05, 3.8962115171799 
1397, 291, 1.2351626091575e-05, 28658.7498886438 
2072642, 1233, 1.26084325196692e-05, 61657.1519972108 
2213015, 1224, 1.25310142602942e-05, 65233.9762826704 
246787, 346, 1.20850302730008e-05, 100492.476440032 
2810563, 1208, 1.26712198583358e-05, 41400.5872662343 
54911, 1241, 1.25407574617507e-05, 63137.6681633378 
585455, 1160, 1.27315551594627e-05, 75749.1950451544 
89586, 46, 1.2159237372632e-05, 48.0579821550679 
2756133, 1109, 1.24794089751909e-05, 53072.5110168354 
2798577, 1153, 1.26842385651589e-05, 57342.3883255869 
3003257, 40, 1.27557528445329e-05, 26672.5662319665 
3070681, 128, 1.28796270060019e-05, 35485.9630367641 
78258, 613, 1.27723708074693e-05, 121065.654125892 
120961, 1097, 1.2887594401629e-05, 75520.2318089091 
1493872, 307, 1.19997600047999e-05, 113893.416059447 
1683, 1229, 1.25294441938556e-05, 69951.1956813331 
1778678, 271, 1.25357268214411e-05, 8100.0162129965 
1784714, 360, 1.22188145306142e-05, 63450.7360168587 
2529408, 1169, 1.25656555502501e-05, 49391.8894884895 
2725288, 1237, 1.25255207485251e-05, 57088.6175310712 
2894156, 1103, 1.258542356243e-05, 52272.446121914 
43769, 1212, 1.25112601341207e-05, 59808.6547909882 
1471761, 1167, 1.26548638969388e-05, 49391.667634271 
1528099, 634, 1.27630789651696e-05, 73637.9476471149 
407217, 751, 1.24632334612892e-05, 19699.4535204516 
58169, 1078, 1.26826298701299e-05, 59852.4054717824 
59932, 1252, 1.26417455722286e-05, 76699.9218183736 
1536648, 1152, 1.27456728440694e-05, 51567.8756320648 
1925548, 79, 1.16299354538582e-05, 2424.41862795637 
2895493, 1161, 1.24904760120408e-05, 46808.1296613796 
416213, 1189, 1.2661593588169e-05, 37665.1148451332 
126734, 1204, 1.26125671619201e-05, 59059.2878779508 
1751150, 853, 1.26270597891281e-05, 34191.6047219961 
252130, 1152, 1.26128853236466e-05, 56069.6177778074 
2714951, 1012, 1.25492558291293e-05, 13556.3819973815 
2983230, 1205, 1.24940653189735e-05, 63065.7710847494 
3020832, 1210, 1.25808318446016e-05, 60855.3284934706 
50741, 1114, 1.24696053369911e-05, 45210.801833986 
81462, 1204, 1.26136807981937e-05, 57664.6575149808 
96345, 302, 1.2201669188345e-05, 29485.9154317042 
1349409, 1128, 1.26778062324095e-05, 72957.7379679431 
2675216, 1146, 1.26403074122763e-05, 47891.1778063833 
2722756, 1256, 1.2571026298587e-05, 84135.7894203006 
2908645, 187, 1.19744704290453e-05, 9296.65287926333 
2986280, 858, 1.27373931651148e-05, 68314.8320343349 
3020899, 1064, 1.26139990161081e-05, 14386.7082234255 
33033, 176, 1.203021991242e-05, 23742.6810756188 
40545, 1208, 1.26574267451427e-05, 62311.3626684069 
48296, 297, 1.23598699741679e-05, 51999.309769968 
542, 296, 1.26604714759578e-05, 80236.8627679187 
93681, 585, 1.26569461320373e-05, 11378.7970076388 
1678129, 579, 1.24912561207155e-05, 24582.620553891 
1714860, 462, 1.27477850723437e-05, 61967.9909444457 
43657, 67, 1.29010617573826e-05, 222024.325815191 
59610, 297, 1.24722492454289e-05, 42112.984954583 
1506334, 1234, 1.25201888044472e-05, 74759.5525629793 
2576756, 1203, 1.26257843768544e-05, 69011.5916659929 
28197, 386, 1.28703441530027e-05, 27780.7856430644 
447237, 19, 1.1320925598877e-05, 2474.8222676286 
63612, 1117, 1.26848821574448e-05, 54769.0274955705 
927, 1003, 1.26604714759578e-05, 53959.0119739697 
1033, 906, 1.24845503689185e-05, 36361.9290250979 
2995658, 1249, 1.25431169645657e-05, 91378.2737381919 
3003263, 209, 1.2318608489985e-05, 41424.5275627266 
676, 734, 1.26481413556278e-05, 28177.7604158031 
716816, 4, 1.02247397803726e-05, 14.4449958228176 
1428684, 1232, 1.26417455722286e-05, 61899.8690053259 
1450, 1251, 1.26388695795048e-05, 76509.5704880387 
1597, 85, 1.25684983158212e-05, 115865.388452315 
208962, 795, 1.27213515163851e-05, 39558.1943466652 
3048235, 53, 7.95121136705177e-06, 9933.88242041425 
3048239, 20, 9.1471223153196e-06, 88383.0792256394 
3048266, 72, 8.20566683351523e-06, 57015.1962745755 
3048335, 19, 9.48568609967559e-06, 61092.6300876846 
3048442, 42, 8.73965443406368e-06, 191655.052337951 
3050251, 22, 9.17002136614978e-06, 16483.9764899949 
3050298, 11, 8.37086270110998e-06, 22907.1045008055 
3050311, 18, 9.61593938111814e-06, 13108.9838463922 
3050316, 44, 8.1394118461e-06, 332242.337342299 
3050331, 39, 7.5148982858517e-06, 12854.6784547935 
3050337, 20, 9.4222289224739e-06, 19025.3082398596 
3050383, 15, 9.56654006945308e-06, 80227.2745720348 
3052348, 13, 8.2919427192597e-06, 1712.27923492234 
3052493, 31, 7.43207087222784e-06, 24119.0563361539 
3058433, 80, 9.86426767676768e-06, 56380.8516378284 
3059715, 44, 7.45423102152782e-06, 15597.9549205394 
307466, 40, 9.60642477689078e-06, 212989.435778761 
340187, 43, 8.29600132736021e-06, 55144.0749978248 
352889, 52, 7.86763491026962e-06, 20015.0300585192 
35794, 75, 7.61881542657748e-06, 23095.5717309719 
358023, 35, 8.39313441604767e-06, 33228.9060026022 
36344, 14, 8.84900935340289e-06, 119049.806798988 
367806, 13, 9.28651690610403e-06, 1655.49270433175 
373407, 9, 6.63631657884608e-06, 659.558480703547 
389483, 31, 7.43207087222784e-06, 24119.0563361539 
401618, 22, 8.44031431730518e-06, 69001.7019622892 
404583, 5, 8.7610169788509e-06, 1705.5127822133 
438780, 15, 8.18953868328597e-06, 1458.45546433762 
459532, 23, 9.10522913309113e-06, 98631.861444269 
485256, 45, 8.74607519875456e-06, 39817.3696019251 
49982, 10, 7.85842265740421e-06, 795.839721768068 
540065, 8, 7.90438851650436e-06, 1031.30142891272 
546184, 31, 7.43207087222784e-06, 24119.0563361539 
55510, 29, 8.77523978342708e-06, 62960.8657992075 
627445, 14, 9.07918868369922e-06, 8016.44261089781 
632112, 13, 8.57397626723369e-06, 200907.756330428 
638660, 17, 9.01705124390222e-06, 1125.06737725897 
680115, 21, 9.22100914724107e-06, 55508.6587122403 
70793, 65, 7.75061617398583e-06, 32462.3680195915 
762660, 39, 8.7463811847848e-06, 44431.0667852445 
80852, 31, 8.48442683454519e-06, 36594.1394772254 
82986, 23, 8.12143164597055e-06, 39482.6423939207 
861044, 96, 9.66370313103981e-06, 118931.484658486 
90322, 26, 8.97472716829408e-06, 12014.178509792 
929833, 21, 8.52471314340272e-06, 3826.7511560479 
10266, 33, 8.0642559917422e-06, 54975.7682391679 
10276, 17, 8.07213257670544e-06, 9615.1785392438 
1028381, 21, 7.7003041620144e-06, 7108.22395378112 
1032892, 8, 7.76132377138245e-06, 5147.76092803406 
10379, 28, 8.23282427036595e-06, 97474.07949006 
10442, 5, 7.57116898849182e-06, 2428.81327504987 
10486, 21, 8.76754605153564e-06, 83954.0602068043 
10707, 66, 8.19678849826638e-06, 9147.84060009114 
108098, 17, 8.75948213941592e-06, 30249.6554736943 
10815, 16, 7.38923536192475e-06, 778.403993442871 
1089115, 57, 8.17193756639699e-06, 31969.0943999295 
110456, 2, 6.57198625140476e-06, 4.53199287969372 
1105106, 11, 8.45458619027892e-06, 49363.4216441427 
1110389, 10, 8.0901567063354e-06, 78.9490051336468 
1146877, 29, 8.51926632078445e-06, 39055.3492986742 
1170710, 16, 8.21537425137402e-06, 18467.7113869056 
1173754, 17, 7.38170812726065e-06, 2292.48479460991 
1183239, 14, 8.87721042539592e-06, 1302.55548293386 
1183410, 8, 7.865963973885e-06, 10916.4797043457 
11983, 40, 8.22605190638753e-06, 50761.6626413094 
1211644, 44, 8.73217544686908e-06, 200182.828254847 
1234144, 25, 7.68769507526254e-06, 10628.4721196264 
12348, 31, 7.5965329423651e-06, 1873.44666417498 
1235689, 74, 9.81450583963097e-06, 138827.867174283 
1240483, 48, 8.43796408802484e-06, 24719.7317307833 
12417, 18, 7.28969237498178e-06, 2762.73173415834 
1258, 32, 7.24574674665971e-06, 8504.24636256161 
1327776, 18, 7.73658476202265e-06, 116497.32779404 
1340709, 52, 8.67257558149619e-06, 10001.70689685 
134375, 29, 9.58506263838434e-06, 158310.667312988 
1354510, 45, 8.74821755067405e-06, 105587.320962563 
1357714, 51, 9.34841544358231e-06, 52183.4877755886 
137, 84, 8.87571338546336e-06, 29455.5255882311 
1385658, 18, 6.38243553740107e-06, 604.904531416594 
1390116, 60, 8.95607938668768e-06, 46063.0046080227 
1390132, 69, 7.60543027721793e-06, 332028.798452895 
1391432, 60, 7.07598904636896e-06, 4650.22706587063 
1434042, 80, 8.67084601444563e-06, 80012.0902522028 
1441800, 51, 7.73365299099029e-06, 109205.712893168 
1443109, 51, 7.73365299099029e-06, 109205.712893168 
145261, 7, 9.10796582691222e-06, 4125.13435270574 
1458863, 24, 7.27346784399866e-06, 30413.1423897291 
1465751, 9, 8.00134422582994e-06, 3223.6338063761 
1486473, 74, 8.73850886084798e-06, 18313.5312970857 
1504569, 85, 7.44890054227996e-06, 62920.1615710133 
1506553, 25, 8.70519003429845e-06, 18526.9534164894 
1511772, 17, 8.27116176738185e-06, 2867.79295003456 
1527536, 23, 9.10365420679861e-06, 14065.2185998882 
155493, 58, 7.83300043081502e-06, 14540.2329665992 
155537, 14, 7.86379900129753e-06, 40748.5720297111 
1586712, 90, 9.09868433024585e-06, 57801.6166718146 
1610509, 88, 9.37084168900051e-06, 51579.9046622385 
1623278, 54, 9.52762057203834e-06, 24259.7966226172 
1623293, 45, 8.55227148330597e-06, 82792.1452431333 
1623305, 23, 9.30457599047211e-06, 16760.9213160969 
1649, 24, 8.31794513483389e-06, 5148.17628333302 
1652133, 55, 9.38323965732409e-06, 102542.934680934 
1653174, 26, 8.2492596289483e-06, 19585.4389431111 
1675689, 47, 8.16453164164238e-06, 21511.6507968925 
1678143, 43, 8.5628168242225e-06, 30383.701666418 
1685740, 17, 7.04170803670138e-06, 3785.21612290604 
1691958, 16, 8.05535640924433e-06, 36547.3191030914 
1697349, 19, 7.8324482666792e-06, 142148.840282845 
1698417, 9, 7.01001731474277e-06, 7257.97026115896 
1714268, 25, 7.74317439177365e-06, 81663.1299250205 
1737406, 123, 8.83072385443435e-06, 76171.9736201364 
1784982, 16, 7.96876245119133e-06, 4167.98736618544 
1785960, 31, 8.64304235090752e-06, 116513.136232598 
1798217, 25, 7.45306432739821e-06, 16652.7942200263 
1798222, 70, 7.86633523174224e-06, 13221.116055013 
1805953, 31, 7.76120329695916e-06, 88269.7998596585 
1805958, 25, 8.2815734989648e-06, 350.471065170856 
1857845, 5, 5.95177868906123e-06, 1683.42213838248 
1857889, 23, 7.65667470617511e-06, 2147.33799741342 
186171, 21, 8.6779190350154e-06, 65614.2385974076 
1871054, 19, 8.29655195300833e-06, 16037.4600744794 
1887649, 42, 8.0416881111683e-06, 31975.8111723773 
190064, 15, 8.19168543927913e-06, 15825.4209984823 
1904, 85, 9.01762043032085e-06, 32882.2215420818 
1910937, 26, 8.67829558274755e-06, 25539.6251690568 
191289, 94, 7.07954577634299e-06, 60430.9095767594 
1913656, 5, 8.17280580596124e-06, 6493.23582664492 
1914897, 62, 8.61141011840689e-06, 23222.9409971582 
1918008, 33, 7.36914245289276e-06, 4838.87069696168 
1918194, 60, 7.07598904636896e-06, 4650.22706587063 
1918721, 16, 8.53380667514358e-06, 94583.5749205415 
1918722, 22, 7.2882047694012e-06, 12259.3004035587 
1920774, 92, 9.21158079938098e-06, 74890.4628714879 
1920865, 60, 8.1789555473766e-06, 82514.1545906715 
1921125, 15, 7.99884816586411e-06, 873.618598119432 
1921526, 114, 9.22253988748501e-06, 143490.710662263 
1921544, 29, 8.683193678635e-06, 57460.7468615404 
1923639, 13, 6.44703758622913e-06, 207.17812001024 
1923716, 44, 8.12763640205792e-06, 111396.74210207 
1923743, 15, 8.10293974654005e-06, 43427.7948769441 
1927127, 23, 7.89334512072871e-06, 12626.9610551053 
1932923, 57, 7.4485121596961e-06, 26103.2998911358 
1933176, 60, 7.07598904636896e-06, 4650.22706587063 
1980931, 98, 7.7435341489856e-06, 189369.153348808 
1980961, 106, 9.0203860725239e-06, 41130.6729860985 
198110, 22, 8.42346440243944e-06, 52489.1699692128 
1982087, 6, 7.01769160052492e-06, 14526.1689619924 
1982106, 36, 9.27781488903733e-06, 22058.6637067825 
1982153, 42, 7.7452134580829e-06, 104345.439243911 
1982225, 28, 9.54745083062822e-06, 42178.1090147563 
1982229, 7, 7.83024038837992e-06, 12.7394224843337 
1982375, 40, 7.9767080126032e-06, 186806.274336245 
1982558, 31, 7.41136013281157e-06, 10246.4419623245 
1982559, 23, 7.98250235483819e-06, 44638.6370195601 
1982573, 23, 8.07415302134806e-06, 10835.0634908649 
1982575, 16, 7.69692584781638e-06, 1109.54418498831 
1982578, 47, 8.51999216160721e-06, 3678.45124178213 
1982595, 53, 8.17013488892702e-06, 24648.7353990287 
1982887, 85, 7.44890054227996e-06, 62920.1615710133 
1982892, 7, 6.32623108456906e-06, 1082.18660550615 
1982893, 45, 8.35135834843537e-06, 89422.1362458364 
1982917, 19, 8.0071103139588e-06, 7146.69226978091 
1983108, 17, 8.61682693964774e-06, 91749.9040192091 
1983116, 80, 9.56873702240041e-06, 21010.2511946262 
1983120, 44, 9.74687369026385e-06, 219743.242962461 
1984784, 17, 8.71080139372822e-06, 26510.503328756 
1984796, 16, 8.69126875141233e-06, 11172.5923784069 
1985183, 8, 8.4110655979006e-06, 4626.73612087461 
1985307, 70, 7.86633523174224e-06, 13221.116055013 
1985329, 28, 8.50463077145506e-06, 63503.1649126603 
1985340, 102, 7.6272996308387e-06, 565405.376825707 
1985342, 30, 7.6884634605774e-06, 6804.42510831622 
1985730, 23, 8.42999730240086e-06, 59526.7254084986 
1985731, 89, 9.38183114580304e-06, 135470.482967626 
1993859, 42, 8.96933384757514e-06, 376688.396993474 
1993863, 27, 8.91440389381162e-06, 56850.4040147497 
1993879, 79, 8.7543443433804e-06, 24073.3169298913 
2003505, 61, 7.77012851792569e-06, 33281.5586627548 
2004457, 39, 8.08355158922624e-06, 11056.0391411761 
2005463, 94, 7.07954577634299e-06, 60430.9095767594 
2006137, 17, 8.45780401576535e-06, 7630.12147016655 
2006394, 15, 7.30513551026372e-06, 46.2788776531692 
2011078, 44, 8.56839291222538e-06, 3444.80385333 
2014347, 18, 7.44551742623354e-06, 3598.73562629143 
2015375, 27, 7.95469008527428e-06, 3580.07694092404 
2016517, 52, 8.04531119263693e-06, 39058.8558024464 
2024265, 41, 9.27488916507448e-06, 21713.8748482835 
2025876, 57, 8.09769053865837e-06, 80942.2128216983 
2029304, 31, 7.5965329423651e-06, 1873.44666417498 
2044610, 24, 8.5802294353351e-06, 59626.9275793858 
2050971, 51, 7.73365299099029e-06, 109205.712893168 
2058174, 128, 9.38905424056635e-06, 89915.5898938033 
2059380, 23, 7.43715603153354e-06, 13840.7912984565 
2065797, 67, 7.76451770698263e-06, 43916.3127874828 
2169532, 29, 8.82347750895583e-06, 15785.8901998194 
2169622, 24, 7.54051139748298e-06, 27062.3723979115 
2169707, 65, 7.61342093843026e-06, 143260.775673006 
2169862, 34, 8.37205408346938e-06, 7893.39853221817 
2169873, 37, 8.72242623008016e-06, 68265.1811702823 
2169975, 16, 7.38923536192475e-06, 778.403993442871 
2170002, 20, 8.12829704048705e-06, 29850.9222828399 
2171499, 80, 8.84517407302576e-06, 77394.6911837768 
2195, 38, 9.36697952378276e-06, 123270.738752896 
2233, 33, 8.02291344078689e-06, 227832.580262993 
2234092, 18, 7.44551742623354e-06, 3598.73562629143 
223901, 33, 7.36914245289276e-06, 4838.87069696168 
2250389, 22, 7.37969256200787e-06, 857.583270335693 
2259792, 51, 7.73365299099029e-06, 109205.712893168 
2260, 30, 9.30587479876046e-06, 22129.636894136 
2282409, 96, 9.18906501263496e-06, 46274.9098238329 
2301693, 26, 7.30284153564152e-06, 13327.5454567297 
2303527, 6, 7.46965452847806e-06, 7.13732616858671 
2316020, 63, 8.52994864970913e-06, 361480.909545932 
231992, 26, 8.84697389258004e-06, 29952.2047579155 
2358449, 18, 7.97836268041073e-06, 3012.11464390237 
2375, 33, 8.90368879826912e-06, 48722.5092748252 
2419619, 42, 7.45006593308351e-06, 12129.4780922385 
2493107, 30, 7.2547355286163e-06, 20759.5504395736 
2500542, 17, 7.96819098160145e-06, 8727.20148709819 
2501964, 50, 8.48010990222433e-06, 10716.6529913122 
2507290, 26, 8.34752412434472e-06, 12116.2418360494 
2509750, 22, 8.67746722086757e-06, 30409.9975751071 
255527, 23, 8.26057146633404e-06, 41878.8716039819 
2559074, 27, 8.81608759664636e-06, 14770.9950579538 
2560111, 61, 9.0525591584741e-06, 29769.3676009689 
2560255, 70, 7.86633523174224e-06, 13221.116055013 
2560256, 45, 8.32771212764717e-06, 454015.526190482 
2560269, 17, 8.93088388957855e-06, 2876.84736189291 
2560289, 6, 7.00746294803966e-06, 5332.56222142006 
2560297, 9, 7.67212410427951e-06, 56919.3915553173 
2560333, 3, 7.8571877553586e-06, 16.1310784927948 
2560336, 51, 7.06758733771053e-06, 11424.7547257804 
2560337, 3, 7.02558013727984e-06, 144.362706194473 
2560392, 7, 7.18633446637873e-06, 933.367436464248 
2560435, 13, 8.58221764503948e-06, 2712.11421183897 
2560443, 12, 7.24071016885336e-06, 2135.1655438772 
2560503, 29, 8.90971782923635e-06, 4429.06794844342 
2560504, 27, 8.52020993797287e-06, 591565.716744299 
2560511, 31, 8.75334815566954e-06, 23060.4990907275 
2560593, 59, 8.34376303712975e-06, 136168.226128289 
2560631, 25, 8.79716379439269e-06, 33288.1765096626 
2560651, 26, 8.6302871296528e-06, 6220.5240334877 
2560668, 11, 7.20450713966658e-06, 6341.36961310573 
2560676, 19, 7.87972389447474e-06, 6241.58100657515 
2560706, 24, 7.54051139748298e-06, 27062.3723979115 
2560786, 34, 7.94337959028048e-06, 20981.4916265326 
2560802, 18, 7.44873408764181e-06, 18856.1617055233 
2560831, 36, 8.14551141593425e-06, 15845.7282770952 
2575328, 11, 7.53931754097619e-06, 21097.8238392699 
2588096, 46, 8.02394344724658e-06, 27763.8426990225 
2589992, 34, 9.37523438085952e-06, 29892.9730116154 
2590932, 15, 8.77346902965433e-06, 63046.2002505485 
2591406, 42, 7.93203829588089e-06, 9052.64217464923 
2596714, 29, 7.93543728227144e-06, 40000.6666517628 
2604840, 28, 7.96292462295552e-06, 6790.34008206461 
2607407, 51, 8.55015091016356e-06, 11681.7539120445 
2652405, 24, 9.03489275582299e-06, 37606.3589966025 
2652880, 51, 9.34570704946683e-06, 35828.3683065546 
2654281, 18, 7.44551742623354e-06, 3598.73562629143 
2660750, 21, 7.5374422443488e-06, 3009.17105695419 
2675059, 58, 7.83300043081502e-06, 14540.2329665992 
267893, 33, 8.83759157954274e-06, 10922.5399271203 
2683822, 7, 7.87674469895082e-06, 90312.9309723797 
2686208, 16, 7.69692584781638e-06, 1109.54418498831 
2686228, 39, 9.01022660719917e-06, 38943.9127791066 
2692113, 64, 8.31075578013064e-06, 83980.4025068252 
2713263, 45, 8.31711495916297e-06, 54786.3814305397 
272136, 91, 7.48038269637875e-06, 10144.7350106373 
2731623, 19, 7.8823946715012e-06, 39369.3598887844 
2731625, 35, 8.21206845580265e-06, 10776.4178169662 
2731935, 46, 7.91784444602801e-06, 48427.0657035589 
2732027, 24, 7.38007380073801e-06, 4621.04888737176 
2732677, 28, 8.70435653044349e-06, 11784.1208897713 
2732686, 85, 8.74882984400836e-06, 89328.881990065 
2732968, 36, 8.0006400512041e-06, 31845.333325159 
2732970, 24, 8.92195961921076e-06, 72304.7108425366 
2732982, 21, 7.83514847606362e-06, 8090.38530280288 
2733124, 15, 8.66671288913541e-06, 7921.28993854147 
2733128, 13, 7.78828330659356e-06, 2542.22197087981 
2733156, 46, 8.46396045637675e-06, 5221.97744471553 
2733216, 20, 8.63930885529158e-06, 20843.220174927 
2733333, 33, 8.32556280804582e-06, 8476.78991835413 
2733363, 20, 8.45851942076059e-06, 38735.1149934376 
2733367, 10, 7.39754401538689e-06, 4296.49854370438 
2733368, 43, 8.8262811347067e-06, 39638.8488581895 
2733611, 58, 8.00096011521383e-06, 9381.40048777383 
2733615, 32, 7.24574674665971e-06, 8504.24636256161 
2733624, 20, 8.53847007693162e-06, 38616.4650203079 
2733888, 14, 7.9183460158842e-06, 8171.77548467572 
2733892, 29, 8.95495656846064e-06, 1863.47157677367 
2733927, 66, 9.76448072491505e-06, 69796.7425973081 
2733942, 94, 7.07954577634299e-06, 60430.9095767594 
2733943, 19, 7.58483639507896e-06, 5664.79924604636 
2733957, 18, 7.28969237498178e-06, 2762.73173415834 
2733960, 94, 7.07954577634299e-06, 60430.9095767594 
2734051, 58, 8.00096011521383e-06, 9381.40048777383 
2734101, 95, 8.61118765500138e-06, 19675.2376954491 
2734105, 66, 9.03252612658182e-06, 36448.3956985054 
2734111, 22, 8.93519304484573e-06, 2574.35168786248 
2734116, 17, 7.34295260124096e-06, 14678.1006140331 
2734118, 38, 8.23018172241243e-06, 64638.4586024169 
2734124, 24, 7.58696559311104e-06, 13141.4372885288 
2734156, 98, 7.7435341489856e-06, 189369.153348808 
2734160, 63, 8.18759415733281e-06, 57432.2827461326 
2734223, 28, 9.50660709192889e-06, 41208.4459786563 
2734224, 16, 7.87178437608237e-06, 5038.20955711655 
2734255, 21, 8.99620360207992e-06, 145657.649235844 
2734256, 79, 9.13943116180449e-06, 35576.8396582286 
2734271, 29, 8.43369429544918e-06, 1712.92555145471 
2734283, 92, 9.36768149882904e-06, 39708.0321765869 
2734285, 23, 8.83743537625381e-06, 64512.2417810424 
2734288, 47, 9.31081357889052e-06, 177803.932249167 
2734289, 30, 8.95191033766606e-06, 6958.12464768664 
2739681, 92, 8.54350351992345e-06, 27228.1307052168 
2742627, 110, 9.44295980132013e-06, 138652.422987272 
2747323, 50, 7.40450045537678e-06, 7943.43380378035 
2750648, 93, 8.87067443737747e-06, 78556.5934156644 
2755560, 45, 9.27230917587716e-06, 25345.4284954239 
2759392, 48, 9.70722994486293e-06, 80694.2046921146 
2762329, 105, 9.20700100356311e-06, 612033.430824812 
2762559, 55, 9.04617166015342e-06, 32873.9928476877 
2767577, 85, 9.42533719143802e-06, 45262.6965752168 
2770772, 36, 9.25857343900452e-06, 46079.5554060322 
2776839, 112, 8.92060660124889e-06, 29282.4813659151 
2776867, 25, 9.20166366078987e-06, 8034.98436723214 
2782653, 14, 8.64483557522736e-06, 27721.1605924915 
2785518, 42, 7.7452134580829e-06, 104345.439243911 
2787014, 32, 8.00435436877662e-06, 33138.0959087173 
2790987, 49, 8.20775468662793e-06, 81782.5040804594 
2791015, 30, 8.49617672047579e-06, 13547.1785457188 
2791982, 40, 8.45716025472967e-06, 21118.898020826 
2801834, 15, 8.71634401666565e-06, 36736.4654252479 
2805939, 15, 7.30513551026372e-06, 46.2788776531692 
2807095, 17, 7.4150971377725e-06, 21367.9339744462 
2809160, 14, 7.96603283598735e-06, 1742.04536268257 
2816910, 29, 8.05191877224343e-06, 115435.380042846 
2821409, 22, 8.62701117197947e-06, 5878.47703632454 
2822114, 13, 8.7372109075341e-06, 20399.0009513153 
2832322, 30, 8.68379690335802e-06, 13717.3873956996 
2836086, 53, 8.15634073929073e-06, 24070.7233698211 
28369, 24, 8.93271876228249e-06, 13313.1550526458 
2841278, 35, 8.33791918888722e-06, 1295.00619637804 
2842586, 17, 7.56721579429281e-06, 9523.48491388466 
2842888, 36, 9.31575760398714e-06, 35382.585512008 
2842934, 26, 7.30284153564152e-06, 13327.5454567297 
2843105, 31, 7.5965329423651e-06, 1873.44666417498 
2843351, 19, 8.80871005249991e-06, 6460.98513479702 
2843380, 60, 7.07598904636896e-06, 4650.22706587063 
2843381, 28, 7.88867501814395e-06, 136936.993895336 
2843400, 79, 8.54321156409117e-06, 275374.530392033 
2843403, 21, 8.9021035670729e-06, 7890.52838578886 
2843412, 31, 8.72524212546898e-06, 9082.93925297336 
2843444, 77, 7.47920780230958e-06, 39733.2697511107 
2843467, 20, 8.60326063578096e-06, 125578.854898382 
2843638, 60, 7.07598904636896e-06, 4650.22706587063 
2843639, 31, 7.85286865291891e-06, 13004.7800363443 
2843788, 51, 7.06758733771053e-06, 11424.7547257804 
2843857, 16, 7.03749577750253e-06, 31199.7582130555 
2843882, 41, 8.83587364700685e-06, 37811.4548425021 
2843907, 51, 7.73365299099029e-06, 109205.712893168 
2844018, 5, 7.76216719708143e-06, 9680.83017279234 
2844087, 22, 8.36239264778438e-06, 29376.8537613081 
2844121, 44, 8.85245611394881e-06, 108549.644693451 
2844134, 33, 8.21004581205563e-06, 67692.7101832606 
2844166, 20, 7.41328312069566e-06, 5931.92414770765 
2844228, 31, 7.5965329423651e-06, 1873.44666417498 
2844662, 42, 8.05036307137452e-06, 51028.0045719785 
2844663, 36, 8.22909809084924e-06, 11394.7077358172 
2844672, 74, 8.5499316005472e-06, 55261.3962531271 
2844673, 59, 8.91662951404369e-06, 12316.6484087179 
2844677, 61, 8.17113627821085e-06, 49702.7084792127 
2844816, 14, 6.42834643644615e-06, 1152.93452339866 
2844857, 18, 7.80743736483374e-06, 5516.64522768136 
2844982, 34, 8.71330608972963e-06, 55571.0382555043 
2845092, 25, 7.40121231857778e-06, 20141.2689880853 
2845095, 60, 7.07598904636896e-06, 4650.22706587063 
2845127, 94, 7.07954577634299e-06, 60430.9095767594 
2845524, 40, 8.19336337566571e-06, 38162.5433478244 
1641402, 133, 7.61957010385474e-06, 5672.64259442593 
37326, 128, 7.19026150981111e-06, 685.048724084254 
2528964, 64, 7.55383999456124e-06, 2506.28649698995 
2843330, 71, 7.19160595752638e-06, 5850.75591618456 
110319, 21, 6.95840958590505e-06, 198.725883923652 
2736757, 46, 7.34106592277199e-06, 55706.126808812 
404386, 127, 7.2386136607117e-06, 886.830736377993 
363835, 75, 7.43881574053411e-06, 11562.3122975141 
3036374, 80, 7.38345220691386e-06, 13538.8212122251 
1716, 117, 7.12976892418917e-06, 13282.790386038 
255045, 60, 7.24994925035525e-06, 1567.38672198971 
768507, 86, 7.46759065655057e-06, 103888.640919814 
1076124, 140, 7.35018485714916e-06, 852.43602450648 
40323, 93, 7.00437072733386e-06, 9934.09130892772 
2781735, 85, 7.37310879759342e-06, 538.184254805694 
83637, 68, 7.28783296286849e-06, 9357.86723440838 
2872154, 45, 7.25410400934329e-06, 4558.90807572968 
449461, 70, 7.30182837782581e-06, 9219.27710904788 
1235591, 97, 7.36355335630762e-06, 23770.9092726268 
715475, 117, 7.2748435908628e-06, 881.087057606098 
715472, 118, 7.3489424871761e-06, 533.01289523657 
33886, 22, 7.19445163889608e-06, 37203.8937725532 
467094, 134, 7.73323434793368e-06, 1380.22668821558 
1993, 139, 7.24050046339203e-06, 1012.68091343484 
93944, 135, 7.21677756448191e-06, 840.601126482312 
2745947, 50, 7.42434591512488e-06, 10790.2679720451 
1702325, 55, 7.29900368599686e-06, 26284.5971080136 
659352, 108, 7.52790972530657e-06, 2705.44940496355 
384, 89, 7.17499085188666e-06, 6247.45761568944 
200618, 42, 7.29160590328414e-06, 4087.85913045293 
419479, 128, 7.32144818245049e-06, 1720.77617093067 
1954172, 13, 7.70802019501291e-06, 33377.8111671987 
2969621, 9, 7.50120019203072e-06, 1298.93362968084 
47989, 23, 7.67006450524249e-06, 6074.62403133884 
338584, 91, 7.49142232144195e-06, 644.139496164775 
1034889, 85, 7.41658199402223e-06, 2020.63827059674 
34072, 61, 7.1739613897398e-06, 3700.57802440849 
1798224, 104, 7.28974551498407e-06, 10003.0127530581 
80816, 131, 7.28188921333751e-06, 8106.51056935561 
2589074, 85, 7.40115754103942e-06, 18799.3163499769 
1707, 86, 7.32450486347123e-06, 32024.6499515183 
69666, 39, 7.4463490550583e-06, 2517.49955379597 
2951806, 78, 7.13872687944832e-06, 11236.8261553808 
2879617, 250, 8.33937938338629e-06, 14123.6959072232 
332249, 4, 8.05834239896853e-06, 28.2983018602701 
1178516, 61, 7.3971062520342e-06, 11235.5841826345 
1708, 132, 7.28597449908925e-06, 14829.3110034846 
1391654, 121, 7.23688495523987e-06, 3110.85151945898 
2592334, 30, 7.32000117120019e-06, 955.079044183986 
1855352, 97, 7.51540658349617e-06, 1282.41711035518 
2807512, 7, 7.0400720903382e-06, 65.73263732364 
2987751, 70, 7.64461704290924e-06, 24474.3984650368 
304895, 162, 7.39716096961986e-06, 1540.63150053803 
2599640, 27, 7.58777154737425e-06, 50973.9257374027 
2778070, 163, 7.3947541613979e-06, 1532.46435986696 
2742131, 156, 7.45434215430488e-06, 16237.0697468718 
1792307, 61, 7.50976269149895e-06, 18489.1745109237 
1707785, 138, 8.12657960391051e-06, 1818.94667808131 
164546, 92, 7.17679312176147e-06, 9038.3735785716 
450367, 20, 7.33594982210322e-06, 10650.7725005398 
85413, 70, 7.51885352521448e-06, 25287.7088909283 
43357, 143, 7.52711643696416e-06, 4395.96229216002 
2045452, 27, 7.29815137825589e-06, 3818.663216572 
1544730, 140, 7.33740314627847e-06, 3207.25207881133 
1521768, 76, 7.24600926039984e-06, 28684.1037831305 
3044187, 42, 7.381653638048e-06, 7151.51266105287 
2024580, 121, 7.64181294370276e-06, 1748.54913967311 
227318, 126, 7.56280912982318e-06, 9132.43964363069 
3075605, 104, 7.60658730460579e-06, 61325.4570465113 
2607656, 107, 8.11879419668591e-06, 3477.74939738752 
2576904, 13, 7.86509784181715e-06, 71998.8421135802 
2795690, 77, 7.62398505698929e-06, 1597.50557643797 
630515, 103, 7.40461011025464e-06, 20712.2074672474 
390989, 118, 7.57868570432516e-06, 5725.19042603506 
1679497, 54, 7.51529362252183e-06, 5012.05430793539 
33996, 77, 7.71998085444748e-06, 39279.4552070842 
1411117, 162, 7.52927003726989e-06, 7350.68474782294 
2709380, 109, 7.53307017808178e-06, 5469.34938121872 
1586287, 82, 7.23756586184934e-06, 1266.95001828927 
204447, 5, 7.10136488233038e-06, 412.589419773499 
2711156, 111, 7.72522905304142e-06, 21265.4663856624 
2789216, 19, 7.74383397219964e-06, 1952.45099199783 
2895565, 39, 7.35002278507063e-06, 13651.8104557398 
33050, 59, 7.49316248922858e-06, 3254.61822874221 
3039153, 82, 7.61289929656811e-06, 4049.03439274464 
2898149, 81, 7.37359809466225e-06, 4298.43949514276 
192, 28, 7.57547062611265e-06, 914.499275827287 
2826993, 49, 7.41229403087962e-06, 1355.00932079407 
211114, 81, 7.5352839671763e-06, 1442.23967518728 
2918170, 148, 7.38634265243565e-06, 2749.41491097534 
1850238, 80, 7.51230139353191e-06, 13966.4225693579 
218821, 174, 7.53482975052179e-06, 8358.28698319269 
2518371, 53, 7.57822624036618e-06, 10458.9581722899 
2782654, 81, 7.55224263845149e-06, 2391.60376603081 
1867715, 22, 7.7008971545185e-06, 121361.966000015 
1219491, 163, 7.38727025589504e-06, 3119.0154389004 
2202148, 9, 7.5375558721329e-06, 5185.14138033181 
2932248, 109, 8.27656985838789e-06, 6546.86260207502 
1030157, 101, 7.6256710590532e-06, 51213.7174893879 
82633, 80, 7.26585773450556e-06, 2802.14042735961 
2813578, 226, 7.60560380888639e-06, 23176.3576137821 
564064, 63, 7.39541040830061e-06, 11260.3427509694 
2932249, 92, 8.20337815112263e-06, 3604.63286654665 
2015316, 60, 7.50931154631743e-06, 17302.5063297249 
1971, 184, 7.46842722391092e-06, 3331.73719345219 
3043848, 95, 7.48284557651584e-06, 29540.7466352143 
2001, 155, 7.40598107031238e-06, 3537.75667921628 
860235, 191, 7.46976612162273e-06, 5253.4863397136 
2878388, 153, 7.60716595032521e-06, 2426.33709405722 
3016000, 15, 7.43616056157885e-06, 776.016675118302 
2591108, 177, 7.44668175860836e-06, 3052.64956278021 
117157, 187, 7.45334207858804e-06, 19908.6227118847 
1817, 200, 7.51772303204805e-06, 8819.15998858737 
2742128, 151, 7.39431672816273e-06, 3075.87114476352 
1573, 14, 7.4473472549078e-06, 20931.6085354893 
1473598, 162, 7.50728206360169e-06, 5363.64844455005 
2906072, 23, 7.50953711213241e-06, 6010.74671239837 
2928472, 107, 7.6579060221773e-06, 3985.03335744203 
288000, 84, 7.38934456513707e-06, 7658.588498184 
28095, 152, 7.39962409909577e-06, 4400.93855804959 
588673, 136, 7.41520710673449e-06, 2981.79969571777 
2804617, 102, 7.71509690161708e-06, 49954.8952007455 
2202249, 166, 7.42137057871848e-06, 2286.56283329061 
2745196, 197, 7.49333093546743e-06, 9678.07339186815 
3002436, 147, 7.40132187608707e-06, 6605.58498824658 
28447, 116, 7.58748368691007e-06, 4125.09765924916 
31989, 15, 7.58351344177758e-06, 28028.1499685675 
2803858, 88, 7.60745530620008e-06, 25585.6715434782 
627624, 104, 7.63218952253022e-06, 44067.5761735906 
2811421, 368, 8.58863037111472e-06, 3728.97039238013 
2584940, 80, 8.37002192945746e-06, 8325.34940708925 
675281, 13, 7.56532659514911e-06, 27486.6275655481 
29448, 135, 7.55423943917326e-06, 7436.39399791883 
7, 28, 7.76723160331195e-06, 3210.36796926614 
2753607, 83, 7.39989788140924e-06, 1297.48589791854 
2596828, 93, 7.50745114526167e-06, 19006.8673304471 
2903901, 9, 7.57380674674705e-06, 4451.02392551562 
151416, 20, 7.72361805164011e-06, 177411.767800479 
1162966, 23, 7.59757181604759e-06, 34290.272907994 
2714938, 71, 7.60346413826139e-06, 30261.1869331107 
1954171, 21, 8.13067622834191e-06, 75622.1775190995 
2653857, 149, 7.65368601518491e-06, 2348.15456004748 
1849032, 274, 8.7411059247216e-06, 3083.54694462625 
319947, 384, 7.89185008641576e-06, 47346.408813745 
28105, 145, 7.56292352371733e-06, 8860.93684295539 
186650, 105, 7.62677608548091e-06, 32661.9322255185 
921, 105, 7.81127948758007e-06, 3669.53496834542 
904039, 131, 7.67012333558324e-06, 36891.3200888638 
439387, 108, 7.7639751552795e-06, 2212.1697828044 
115808, 82, 7.44136206691273e-06, 1171.13170403863 
2499145, 165, 7.98939008996053e-06, 8571.5301305293 
1892855, 56, 7.44357768117668e-06, 2196.59264934008 
2704468, 158, 7.71004078611576e-06, 7512.30917623321 
2750812, 198, 7.52995037762701e-06, 9355.98895424189 
2835648, 84, 8.34571280733087e-06, 1145.68903745293 
114615, 80, 7.39694210413415e-06, 11311.5346826986 
2697363, 62, 7.8315894994048e-06, 16848.8484276831 
442121, 79, 7.79769656043605e-06, 26201.2237942153 
524884, 160, 7.72755724188027e-06, 7999.8049555692 
1804986, 109, 7.65532657623174e-06, 919.459365862093 
944492, 177, 7.71807418612908e-06, 7044.06844137742 
358, 95, 7.61365280220491e-06, 7679.00252954904 
303, 151, 7.36051818047991e-06, 2597.6686838302 
33914, 131, 7.78537284150538e-06, 4364.37872370219 
380, 161, 7.50998828441828e-06, 8583.58398627142 
43, 378, 7.96444670988706e-06, 30700.094429347 
3056647, 13, 7.77931635367884e-06, 278.423872595326 
2662361, 30, 7.30214829202751e-06, 2091.89623551959 
1446467, 88, 8.39743374424776e-06, 8838.79484254139 
2896849, 104, 7.83478015606882e-06, 25317.7504282249 
2762748, 101, 7.63621091214539e-06, 51569.2048264192 
1814, 189, 7.72087492954702e-06, 6365.63402202949 
443156, 119, 7.65327598478529e-06, 23890.03307334 
69277, 19, 7.8571877553586e-06, 646.58221935971 
3028804, 127, 7.94129792573298e-06, 2792.94921260919 
2942996, 115, 7.85582981130297e-06, 19558.3482252493 
47857, 151, 7.86819204683148e-06, 4137.69307341809 
2712222, 182, 7.70706969503125e-06, 29332.4700805318 
155892, 26, 7.63352951504187e-06, 11636.7298820886 
1710, 213, 7.57868570432516e-06, 20329.4589832054 
2650471, 280, 8.21915556395736e-06, 3471.81623536253 
3015177, 53, 7.90176525435782e-06, 16821.6309102179 
135487, 236, 7.60207688740564e-06, 11443.7195533912 
2010972, 1, 7.06184766182224e-06, 0 
2057741, 107, 7.60410013079052e-06, 9368.9601356811 
2078691, 158, 7.7724838526648e-06, 4897.62224524123 
2136173, 248, 7.74089670547436e-06, 10993.7562001537 
938406, 12, 8.00826452899392e-06, 22804.9783268066 
2666025, 48, 7.39245821412994e-06, 2034.6005910459 
2005456, 15, 8.00839279564984e-06, 40755.3545690096 
307121, 122, 7.85027946994913e-06, 2509.36981131779 
2995223, 228, 7.74647341797647e-06, 14491.7261171435 
2914041, 18, 8.13014739957235e-06, 50217.5943408741 
2714941, 134, 7.69674812391765e-06, 50422.0877681883 
335406, 26, 7.67559850479341e-06, 9196.7023170337 
106592, 144, 7.54574608564422e-06, 13287.1098420976 
3015151, 134, 7.91928663066031e-06, 1787.69906554488 
52, 237, 7.67665911795187e-06, 45747.9188306681 
2932254, 89, 8.37864785380935e-06, 4421.23924614512 
3015152, 183, 7.83649927904207e-06, 6391.93860243139 
2991972, 134, 7.72164996216391e-06, 3161.97937747427 
1333996, 181, 7.55897893312571e-06, 15948.8127993747 
3068632, 51, 7.82938210516426e-06, 95087.3214894863 
28077, 6, 7.74539342725914e-06, 754.558796361474 
2842453, 162, 7.83815771940963e-06, 5621.07973336899 
2973977, 177, 7.80932746071908e-06, 39242.9672339543 
2038343, 133, 7.99904011518618e-06, 2395.64097902094 
31957, 10, 7.40828542642091e-06, 6317.70032666797 
249586, 416, 8.00691797713224e-06, 11984.478725415 
946333, 94, 7.5158019736496e-06, 6312.27141523106 
28068, 111, 7.53080097599181e-06, 11930.5303904495 
2938948, 111, 7.79915613130659e-06, 70967.0988751242 
1653480, 197, 7.80719354813525e-06, 1538.77987755638 
563835, 79, 7.6870450230227e-06, 43959.4911050451 
2020412, 76, 7.70208341356337e-06, 22572.3114639816 
642, 187, 7.45584277118764e-06, 21699.5964822394 
1535208, 162, 7.89490305059054e-06, 21767.3685689277 
2745, 184, 7.43162901307967e-06, 10009.909285094 
135621, 212, 7.5412506410063e-06, 18951.2696425544 
47760, 226, 7.5721435981312e-06, 16316.639880174 
2710756, 401, 7.94394750639488e-06, 26196.3690205439 
2018025, 284, 7.7632518709437e-06, 21391.7447170882 
113, 20, 7.87866850502265e-06, 10107.608667918 
2570229, 126, 7.92920803070189e-06, 10558.050575075 
299152, 141, 8.00717442828775e-06, 1904.30815345006 
477697, 9, 7.78992139969308e-06, 131.722893488532 
83656, 285, 7.74689349570822e-06, 13447.98640633 
47858, 143, 7.95741193134345e-06, 29996.5187163427 
1835, 156, 7.83643786880236e-06, 4530.67296274805 
2692134, 56, 7.69153853845385e-06, 14994.361165401 
3015996, 109, 7.90582580303426e-06, 54464.7870067046 
44255, 102, 7.58915358170103e-06, 7828.48609494752 
3075199, 170, 7.90851430650238e-06, 6305.87188719679 
133, 28, 8.18873393984556e-06, 3988.29640839867 
2865832, 240, 7.57707782416633e-06, 13089.1558479846 
2732249, 259, 7.7582528414601e-06, 5412.52720800193 
48, 312, 7.76855908766042e-06, 51579.554330684 
53360, 66, 8.37913929481164e-06, 2875.80444693553 
2685869, 29, 7.65655745863545e-06, 19933.8311103686 
455432, 277, 7.68893638942925e-06, 14747.0170574952 
335929, 35, 7.45612072950685e-06, 27626.9410227407 
497967, 82, 8.29249280626249e-06, 5242.28375213022 
73044, 212, 7.85385545764416e-06, 21022.5671690365 
261654, 122, 7.95969211910883e-06, 1560.50067447026 
193462, 344, 7.7659648823068e-06, 14395.2672415935 
2099693, 363, 8.20687900598281e-06, 2404.7561068227 
2867410, 208, 7.90532581800359e-06, 3061.84104485203 
68246, 343, 7.83478015606882e-06, 7387.18373442936 
47872, 143, 8.01436173623133e-06, 2556.36211759042 
1385664, 78, 8.67069564991199e-06, 115630.882492507 
2528024, 276, 8.26897315891313e-06, 8761.38407528461 
2854170, 14, 7.82417513633625e-06, 137.317452409383 
364410, 71, 8.01751024236933e-06, 4490.28369770921 
212767, 227, 7.92223533792295e-06, 15502.4413476914 
1797, 646, 8.54605898489911e-06, 12198.4980990899 
2672569, 136, 7.66782962082582e-06, 3309.5163834791 
2675222, 175, 7.95215980660347e-06, 21798.4384727117 
36814, 371, 8.32002129925453e-06, 2783.86943017252 
2082188, 129, 8.00768737988469e-06, 88039.1916767609 
2705012, 163, 7.93228997279225e-06, 29785.5825141441 
2175864, 167, 7.87966180491533e-06, 12404.3151509977 
53358, 346, 7.85681736042364e-06, 16921.1754347223 
2999067, 86, 8.55161326184185e-06, 4471.55804677826 
2898431, 51, 7.60438925347711e-06, 4132.72462887693 
2004797, 76, 7.94382129579613e-06, 9.96476655849486 
2884264, 103, 7.79380704092528e-06, 15385.3650462806 
1914233, 154, 7.94413682981276e-06, 12057.6476357359 
2602016, 219, 7.64794958471634e-06, 17036.1286746746 
2896848, 285, 7.67088821214608e-06, 11235.7306289303 
2987688, 94, 8.40639895088141e-06, 4753.68479350954 
2764711, 22, 8.20095623149659e-06, 13039.9531553008 
2502781, 103, 8.30006391049211e-06, 18253.0313502931 
161492, 249, 7.75283947745862e-06, 29109.716121368 
200252, 74, 8.27478919974514e-06, 1543.034028123 
404589, 306, 7.75879459367193e-06, 31685.1837966499 
2565366, 494, 8.99911808642753e-06, 1079.41002892275 
658062, 134, 8.11609258838425e-06, 506.625240375721 
28072, 22, 8.20095623149659e-06, 13039.9531553008 
426, 67, 8.14484797641252e-06, 453.345685031523 
223390, 72, 8.12374082017287e-06, 31779.8140579807 
2502779, 76, 7.68911375274886e-06, 14654.0225307977 
357, 156, 8.06315059546367e-06, 6671.79282388283 
2486272, 137, 7.83073092042411e-06, 21272.6506332556 
2820278, 50, 8.08714709711855e-06, 30321.9738304378 
49319, 290, 7.69520819385769e-06, 30059.720458752 
40566, 135, 8.00070406195745e-06, 766.398793882035 
2782662, 206, 8.05036307137452e-06, 8555.73225584194 
391953, 148, 7.79071035697035e-06, 11118.6630176659 
356852, 141, 8.0092266290767e-06, 1089.25286314464 
1632864, 241, 7.96571556022878e-06, 17663.7275833758 
1063, 15, 7.96654052977495e-06, 1132.26548495903 
1356852, 87, 8.70284147774248e-06, 4466.16107148146 
2986949, 28, 7.48318154946757e-06, 1916.47500796412 
3061627, 381, 7.92248639312962e-06, 17365.0574138937 
2591145, 231, 7.90613832579615e-06, 28375.9556768165 
2708539, 50, 8.19974580787996e-06, 299.08337472656 
3052846, 253, 7.91809522301315e-06, 4135.35907311855 
941907, 69, 7.59099707746612e-06, 3867.25374398183 
3015154, 364, 8.02394344724658e-06, 7675.12787145549 
2918171, 330, 7.77139659768257e-06, 50138.3019119545 
2769491, 370, 8.56714499892911e-06, 3063.74340132598 
157920, 318, 7.804999882925e-06, 9264.12625357339 
1701758, 69, 7.75217836211976e-06, 9466.49283849573 
2584466, 31, 8.13947809666444e-06, 2210.98135183945 
715471, 357, 7.86287152067935e-06, 5125.96186376745 
758802, 332, 7.79727095516569e-06, 9829.76679191633 
2892442, 6, 7.39191177014111e-06, 6165.86090974264 
1357915, 687, 8.86022115111993e-06, 11667.7138147592 
3073064, 175, 7.94912559618442e-06, 15690.5053441 
450378, 137, 7.96057921174345e-06, 42116.68063795 
83291, 305, 7.73616580150546e-06, 13325.5127227473 
67304, 335, 7.76699029126214e-06, 24126.1963601966 
2233851, 163, 7.85040272565983e-06, 13738.99401554 
68270, 363, 7.83570102099184e-06, 9877.65749820035 
3019544, 269, 8.22713473578557e-06, 19874.0073060986 
2917691, 28, 8.41935103642211e-06, 52045.6526019294 
2033, 271, 7.84689145395052e-06, 20896.7761446601 
2509455, 295, 7.71861034139414e-06, 26623.8210276951 
3075627, 350, 7.97295573414976e-06, 8430.66549753379 
1914461, 157, 8.09388911371914e-06, 8049.16726827038 
2571749, 120, 7.86206788109409e-06, 26152.8427316031 
2819238, 263, 7.98645497236687e-06, 16794.1301662534 
1609758, 116, 8.21314760668879e-06, 40355.98842593 
1325120, 137, 7.91552551173873e-06, 16500.0388048542 
627192, 131, 7.86293334591403e-06, 28172.1526017505 
29303, 188, 8.06978752249453e-06, 10414.2784851997 
2602015, 276, 7.85231368422706e-06, 47967.4018401978 
1197460, 126, 7.9465357077582e-06, 3845.6181485643 
204434, 113, 8.45930650605263e-06, 1811.86192454047 
47865, 430, 8.03587213320262e-06, 14788.9240789938 
2315862, 58, 7.90363883531978e-06, 56666.2487058864 
2749844, 142, 8.17167045287398e-06, 1019.17701131787 
84757, 407, 7.98958158561236e-06, 15208.0736402149 
1436133, 405, 7.98664632734069e-06, 14261.1260526481 
1690220, 191, 8.02677732917011e-06, 37923.5084801427 
33910, 372, 7.88494291301331e-06, 9195.08759750098 
402297, 104, 7.98262979756051e-06, 88415.5646664582 
1658671, 168, 8.0555510802494e-06, 19092.015916766 
2917725, 168, 8.02066122331125e-06, 12172.4390284647 
87883, 244, 7.660369842656e-06, 11085.5763461407 
48736, 204, 7.68645416183061e-06, 22461.8865294415 
294, 325, 7.78682780208998e-06, 12790.719203191 
2904523, 173, 8.16299875922419e-06, 37934.4741125306 
1725411, 312, 7.85657044986722e-06, 3613.61706230498 
709879, 312, 8.080873380795e-06, 10622.2316049534 
517, 257, 7.7555452148286e-06, 13642.2841612754 
120107, 132, 8.14597588791137e-06, 36615.6495262947 
412690, 231, 7.97479963315922e-06, 5066.5650801669 
85698, 287, 7.76029985798651e-06, 12637.3314277042 
2041, 139, 7.98154666411257e-06, 10025.8843243403 
2675754, 274, 8.00198449215405e-06, 22763.5473623883 
2684469, 221, 8.09749382566096e-06, 10715.1255821921 
1877, 118, 8.09880542619963e-06, 556.561122957836 
2527983, 375, 8.43433448883716e-06, 5098.53149026299 
2006, 372, 7.9126444057604e-06, 16033.2447443198 
613, 314, 7.75211826631627e-06, 11504.3885433896 
1813880, 369, 7.92204705695952e-06, 16620.8982484994 
2528009, 502, 8.20937181886842e-06, 9744.54819339895 
1736306, 94, 7.97232010459684e-06, 40569.6643823311 
1907575, 139, 8.11820100665692e-06, 4590.69213266878 
2020, 421, 7.99264676497622e-06, 7951.35203328602 
2904252, 160, 8.32909937448464e-06, 300.824927646007 
67385, 446, 7.98600851308507e-06, 9296.16132116163 
106590, 434, 7.96914347645915e-06, 35669.7732643322 
2908642, 310, 7.97371862341722e-06, 4417.6496685356 
1670800, 21, 8.0976249665973e-06, 575.251089729186 
53457, 208, 8.04459925828795e-06, 20418.0326890158 
285665, 163, 8.18424369404023e-06, 4212.74348620907 
262209, 204, 8.08773575749733e-06, 40401.635483205 
1616117, 372, 7.89689809842694e-06, 6698.5665939692 
399, 208, 7.96730219180483e-06, 15071.7074497467 
34018, 13, 7.74977525651756e-06, 24036.1663851581 
354356, 11, 7.85508931236548e-06, 105.021484748043 
2126346, 195, 8.16986789323617e-06, 5032.29626062668 
1850374, 182, 8.20977620150075e-06, 8739.49978448605 
1396, 4, 6.97924372914951e-06, 3148.41925833297 
2992140, 152, 8.09048397275125e-06, 2227.69404821977 
2689110, 142, 1.30534670008354e-05, 87852.0394329183 
2715209, 129, 1.29962960556241e-05, 28888.7830629491 
2734129, 139, 1.2747622568391e-05, 38896.4785342463 
2745561, 120, 1.19171046202615e-05, 102874.332261861 
2782231, 58, 1.25699201810069e-05, 10310.2562988922 
2799184, 8, 1.16864752422022e-05, 18.3687371894978 
2825845, 174, 1.20758362516604e-05, 188915.411780745 
2829816, 256, 1.25509883903357e-05, 68063.0485599192 
28321, 23, 1.07550010755001e-05, 72535.708292779 
2836091, 63, 1.1721680420105e-05, 12100.9538209936 
2864210, 160, 1.29040583263436e-05, 41098.4123477824 
2867247, 9, 1.05940059114553e-05, 726.974350786412 
2940301, 62, 1.26879401129227e-05, 8303.29156934594 
2955888, 148, 1.25946170606683e-05, 287912.644163933 
29561, 112, 1.19585754944871e-05, 19433.1363949322 
317658, 153, 1.30821559392988e-05, 36122.3127517523 
32011, 185, 1.23271122506842e-05, 4868.36738645292 
37692, 169, 1.20930682532772e-05, 78912.3154598933 
543886, 1, 8.02432976785614e-06, 0 
589873, 33, 1.22899947153023e-05, 10178.490169874 
62099, 24, 1.12496062637808e-05, 15112.1048891415 
759620, 148, 1.23411082315192e-05, 98260.1221248525 
85991, 170, 1.25696041831643e-05, 63472.473882901 
88916, 106, 1.15951439537122e-05, 44428.8223820319 
1081631, 93, 1.2321492379157e-05, 43628.9869248036 
1084719, 277, 1.25782999169832e-05, 16419.8288125437 
114883, 32, 1.16586804705443e-05, 21060.5457102716 
143222, 113, 1.251486139791e-05, 12130.8432651253 
1435347, 51, 1.17219552221311e-05, 11447.1494520666 
1813182, 334, 1.26550240445457e-05, 134725.562863297 
1855910, 177, 1.26893891328071e-05, 52987.5734438439 
1903686, 73, 1.17175599353191e-05, 14762.2045133201 
1987580, 94, 1.24738050094801e-05, 25237.2094513303 
198832, 123, 1.27019611828066e-05, 70749.6260201441 
2002831, 59, 1.23947991422799e-05, 11330.1455011071 
2060617, 186, 1.22485975355822e-05, 9237.02798920528 
2083055, 251, 1.25678664789865e-05, 79575.4037472267 
2162, 119, 1.27529873872955e-05, 33631.4084113011 
2424, 56, 1.2744860634949e-05, 332664.751747331 
2601269, 25, 1.08721650829546e-05, 7916.34696739962 
2675773, 80, 1.14746009707512e-05, 63261.2522938862 
2709685, 76, 1.27249128343471e-05, 31484.2315956314 
2714948, 138, 1.27258844489692e-05, 38025.5839692084 
2724469, 226, 1.25939825951161e-05, 110701.480103719 
2734149, 12, 1.0001300169022e-05, 1990.02279072886 
2735723, 28, 1.20522585932604e-05, 12652.9536306092 
2745558, 36, 1.1431576300056e-05, 33128.1099115669 
2774055, 290, 1.30679664937339e-05, 43671.987322353 
2781599, 21, 1.27793894007744e-05, 3753.40000136829 
2812025, 66, 1.23310644174805e-05, 356.326365256739 
28258, 104, 1.24388939335514e-05, 23530.4470714473 
2843308, 87, 1.24957826733477e-05, 14412.684348021 
2864211, 419, 1.29573960816834e-05, 224800.538669136 
2873269, 383, 1.28754812211106e-05, 59529.9817506027 
2878098, 73, 1.23385196244155e-05, 10346.5701323746 
2880989, 280, 1.2389270891408e-05, 17309.8720855679 
2886360, 71, 1.25346269068301e-05, 18343.5447913272 
29461, 236, 1.28019663820363e-05, 76741.692406201 
2970966, 348, 1.27479475804395e-05, 306437.703592822 
2979330, 70, 1.22786768497827e-05, 157980.448533787 
2983210, 233, 1.28797928929303e-05, 89801.1600318227 
3002962, 138, 1.24351816158275e-05, 7234.1686943996 
3047867, 377, 1.28826136246522e-05, 335357.556809519 
3052090, 50, 1.20515323523386e-05, 3938.25037233823 
31899, 318, 1.2515331280819e-05, 39344.448229312 
334543, 158, 1.2880622391674e-05, 47446.6717948004 
54261, 219, 1.3042570951586e-05, 33394.4340771894 
648802, 120, 1.272361757895e-05, 112756.661764554 
762833, 105, 1.29838091899401e-05, 19814.0983177323 
76634, 113, 1.27388535031847e-05, 14454.7150724646 
768, 29, 1.23341062706596e-05, 5863.35556838816 
76936, 91, 1.26675280585746e-05, 59209.1171885591 
92401, 120, 1.17907843229732e-05, 70082.4903332811 
985052, 160, 1.26582278481013e-05, 36854.4480032347 
10294, 166, 1.25550854373564e-05, 27878.3953654356 
1060, 308, 1.28442252363337e-05, 26621.4795983397 
1173284, 435, 1.30035629762555e-05, 221801.055591755 
1222016, 43, 1.20576354976789e-05, 11111.7820883102 
1244, 255, 1.26548638969388e-05, 106857.614951189 
1300, 19, 1.19347408371027e-05, 105.81132034838 
1316593, 1, 8.78364134635654e-06, 0 
137583, 123, 1.28865979381443e-05, 33210.7129065245 
1471399, 73, 1.20271814300319e-05, 75823.7346484432 
1508644, 1, 8.89648055229351e-06, 0 
1674923, 180, 1.30142245474303e-05, 95625.7786305168 
171282, 30, 1.13932847979401e-05, 22236.7945299896 
1741, 79, 1.2687457179832e-05, 12650.1280144027 
1750535, 158, 1.29647876367785e-05, 28554.4824262616 
1868794, 50, 1.19283345659279e-05, 7912.63765580249 
188710, 77, 1.18867902100396e-05, 92.7217080055315 
1983117, 10, 1.07979699816435e-05, 5758.03381686115 
2039240, 118, 1.22180680790753e-05, 1639.67739512133 
2177, 187, 1.2374093597644e-05, 205384.416506285 
2303505, 90, 1.26649611185694e-05, 39910.2506592703 
2518322, 81, 1.162398726011e-05, 19079.9210206448 
2570911, 244, 1.24669625492445e-05, 101598.623973261 
2576930, 259, 1.2803113717256e-05, 142172.922516671 
2714949, 262, 1.24599723388614e-05, 308415.808149226 
2733897, 5, 9.41087897609637e-06, 60605.1550617711 
2762896, 93, 1.26781276941021e-05, 23009.1633724426 
2815775, 298, 1.2709871757394e-05, 35315.9592717572 
2895484, 306, 1.27718814258528e-05, 78737.8264462292 
2895487, 161, 1.2827090815803e-05, 54252.0289462426 
2937985, 173, 1.28904185518904e-05, 356964.589978124 
2953752, 186, 1.28965695125097e-05, 77372.9924220028 
2956211, 320, 1.27611245102918e-05, 128045.437890848 
2993714, 282, 1.26702565726956e-05, 57287.1178166257 
3024411, 197, 1.22892395418572e-05, 8534.91348146584 
3050355, 315, 1.31459595893202e-05, 153042.061802709 
347209, 4, 9.67623323592592e-06, 143.54561781936 
408956, 7, 1.08091748275937e-05, 48864.2349483911 
50339, 179, 1.22261345852895e-05, 674035.39387644 
684066, 100, 1.27645451992546e-05, 10385.0099367962 
84599, 210, 1.21188617965001e-05, 241048.037440845 
1048758, 200, 1.28872622300119e-05, 48569.2818985843 
1232575, 307, 1.27148814973044e-05, 67473.7739410806 
133925, 272, 1.256186719594e-05, 4712.56549875009 
1345117, 90, 1.14749959837514e-05, 21303.5708663569 
134813, 244, 1.27955778482956e-05, 65213.6976104863 
147709, 99, 1.25093820365274e-05, 15580.6926206614 
1577791, 377, 1.30181212247448e-05, 207300.195972341 
1982880, 348, 1.28280780973395e-05, 165013.75039012 
213116, 180, 1.22321166454643e-05, 3180.49317064718 
2146, 54, 1.18357202035744e-05, 8370.21997032022 
222136, 72, 1.25808318446016e-05, 23654.9300254358 
2223, 248, 1.27346356620737e-05, 67492.526216813 
2591003, 145, 1.25858987590304e-05, 16211.9383618135 
267375, 225, 1.23421744442936e-05, 168139.143177256 
272774, 259, 1.26631969507022e-05, 125163.19073329 
2734215, 13, 1.17728776444826e-05, 12073.5790346152 
2738979, 363, 1.29242381161631e-05, 308846.172615413 
2929489, 220, 1.27474600685813e-05, 57077.1526989599 
2945587, 148, 1.220792538516e-05, 71895.1080241043 
2979331, 110, 1.25909697564906e-05, 193923.881313794 
2983836, 111, 1.29900496219896e-05, 68529.4680364626 
33046, 112, 1.29755540561582e-05, 12775.3668111117 
379547, 106, 1.27346356620737e-05, 25054.855155873 
51049, 86, 1.23513209737781e-05, 3682.29885154457 
582419, 124, 1.28077051153974e-05, 25725.0891372123 
657323, 87, 1.21616033857904e-05, 124112.593752672 
658643, 62, 1.26361545654426e-05, 4497.66452754837 
682410, 143, 1.19487161104539e-05, 4094.88135655621 
70258, 81, 1.27058345192112e-05, 26394.9965210277 
712633, 90, 1.26519819329698e-05, 29693.0941358632 
83556, 178, 1.19929960902833e-05, 113411.7740239 
85701, 67, 1.23728687733538e-05, 11104.2646872182 
92402, 91, 1.16028125217553e-05, 47637.3848250248 
110163, 57, 1.23868154736099e-05, 32576.8423932058 
120576, 16, 1.06752068321324e-05, 20695.997803683 
1296540, 176, 1.27048659636641e-05, 147435.341626551 
1326, 24, 1.2046596234234e-05, 2300.90389573805 
1345, 75, 1.28045891647566e-05, 44431.5391080957 
135727, 116, 1.15948750652212e-05, 13359.1179682591 
142649, 96, 1.19557160278329e-05, 12031.2473767792 
160795, 37, 1.12127735916756e-05, 742.858115040351 
1612150, 48, 1.16945386504502e-05, 10512.3783744724 
1623280, 265, 1.26452624524222e-05, 336862.138520375 
1660074, 104, 1.17318566836388e-05, 85714.3407099265 
1679002, 217, 1.26659235991488e-05, 238914.073449797 
1853231, 2, 8.47536634771038e-06, 29925.4427937948 
194424, 314, 1.29769011160135e-05, 144015.474933817 
2003316, 44, 1.25310142602942e-05, 6058.68112249744 
2018044, 173, 1.2168262737129e-05, 8797.23012174138 
2033438, 354, 1.28849375080531e-05, 185591.889771739 
2058133, 108, 1.18711270448016e-05, 38377.9246189681 
2134, 112, 1.14492454947219e-05, 173767.147531345 
2234087, 112, 1.28109867021958e-05, 18706.8177902091 
2479367, 212, 1.28047531243598e-05, 93740.3803558136 
2510522, 64, 1.14110961498962e-05, 2736.96783261356 
2560214, 51, 1.1648223645894e-05, 8812.27622679422 
2588487, 23, 1.0715701717727e-05, 6830.6133615208 
2597770, 270, 1.30210028776416e-05, 107665.063037998 
2609668, 69, 1.22306205816883e-05, 13714.7363125905 
2675782, 38, 1.09515830513301e-05, 25705.4120284971 
2719987, 116, 1.23522363723952e-05, 50248.8292341811 
2726434, 168, 1.27784095991413e-05, 61263.6660033728 
2732587, 51, 1.15917837436825e-05, 6595.74479847367 
2751177, 139, 1.2636952977898e-05, 19143.4528138493 
2763062, 199, 1.27482726090615e-05, 33930.5829676389 
2796146, 282, 1.2640946554078e-05, 195722.422435506 
2819098, 176, 1.21278272997393e-05, 50989.6568951845 
2866211, 145, 1.28551227664224e-05, 70690.636513858 
2948647, 6, 9.83767830791933e-06, 505.039691308378 
2954090, 372, 1.29050574920311e-05, 186640.043495008 
2956352, 15, 1.1778701751493e-05, 780.569694746284 
2995171, 154, 1.25779834976857e-05, 67980.9351512892 
3003229, 94, 1.27705765915331e-05, 23513.5292788518 
3003392, 27, 1.127586401308e-05, 27604.4829281541 
3034648, 13, 1.08410485462154e-05, 2289.45402124934 
3050324, 341, 1.28070489997695e-05, 288635.559243667 
3074082, 1, 8.55234462527902e-06, 0 
39664, 100, 1.26050949793907e-05, 28140.5654020491 
59748, 60, 1.14475416404327e-05, 2328.56891652963 
69655, 125, 1.14364135407136e-05, 114995.578020333 
754515, 17, 1.0889568881968e-05, 1899.97412203094 
81466, 107, 1.19230723372799e-05, 7100.86689129556 
93682, 25, 1.22907499815639e-05, 2777.84789107916 
104204, 136, 1.26569461320373e-05, 52938.9802895485 
1085644, 128, 1.21135768969861e-05, 62714.6893961902 
114528, 134, 1.23537623383201e-05, 32286.8622122801 
1173280, 242, 1.27757975291608e-05, 206481.235692536 
1294, 7, 1.14443973952552e-05, 2502.85435697425 
136094, 199, 1.28191980309712e-05, 138261.10396113 
1390185, 34, 1.23412605363512e-05, 29170.3599401445 
1532350, 181, 1.28157479911315e-05, 125579.388997548 
155615, 65, 1.17892552727444e-05, 6441.10562660727 
1609559, 118, 1.27502231289048e-05, 73140.6639692778 
1636720, 39, 1.24711604414791e-05, 13240.3355815616 
164393, 156, 1.27411258058762e-05, 18018.861058737 
1869285, 72, 1.17726004497133e-05, 87593.4260509074 
2557993, 91, 1.26176596764832e-05, 117018.961212332 
2678256, 16, 1.07522257107221e-05, 12194.7371278898 
2689102, 104, 1.25751364402304e-05, 12241.8135881834 
2734095, 7, 9.89452437021352e-06, 228.992162958593 
2752475, 8, 1.00380441874705e-05, 103.157768011407 
2767879, 216, 1.2592079581943e-05, 39013.4955325929 
2777577, 138, 1.2867363219929e-05, 61021.4232958207 
2843733, 133, 1.21284156650617e-05, 18266.3173558477 
2861280, 110, 1.29013946407607e-05, 48527.6870248862 
2862870, 250, 1.29875189942465e-05, 73150.6549763101 
2866200, 147, 1.2175967076185e-05, 6705.36716511144 
2880990, 117, 1.26090684420235e-05, 37931.6432966554 
2885981, 91, 1.24680506202855e-05, 69188.3510009072 
29292, 225, 1.23108741951766e-05, 255771.760572518 
2946794, 3, 1.05659101475001e-05, 2818.94723549324 
2948773, 91, 1.20238553289727e-05, 25567.7775728314 
2954099, 228, 1.24593513661679e-05, 76990.7463137448 
2955497, 379, 1.28562796497949e-05, 208977.758708272 
3035289, 188, 1.25184647354848e-05, 37383.4783382593 
3050362, 380, 1.3117162495409e-05, 171622.925609445 
33941, 70, 1.27203805937874e-05, 141428.250750641 
347213, 170, 1.2175522329908e-05, 7915.93663327346 
35773, 78, 1.15901715345387e-05, 288970.189586229 
413889, 154, 1.23055719629848e-05, 51256.2547697983 
41675, 238, 1.24539204941716e-05, 112978.796431261 
46354, 40, 1.17280041282575e-05, 5137.60502247539 
57705, 123, 1.23342584027135e-05, 12815.7709287037 
622, 302, 1.2825116708562e-05, 190127.362359876 
683292, 88, 1.16181801282647e-05, 27347.0613185189 
691437, 33, 1.21345969493623e-05, 20423.3770287929 
100177, 45, 1.13363261234299e-05, 3978.58596169062 
109262, 19, 1.06368268218225e-05, 35.5916050217957 
1138822, 67, 1.26537429771726e-05, 83057.5161314278 
115778, 180, 1.21166591947268e-05, 38304.5607965223 
1220717, 13, 1.14040689718091e-05, 4945.4698199249 
1269201, 344, 1.28950727926859e-05, 178941.089069499 
1325083, 290, 1.27148814973044e-05, 55464.3687123828 
1399115, 321, 1.273268990807e-05, 148841.253579848 
1415657, 18, 1.17461883618766e-05, 23176.9384378355 
143361, 137, 1.29959582569821e-05, 22430.7768667834 
1476, 32, 1.21710766534408e-05, 6457.13430890754 
162289, 159, 1.22449979183504e-05, 24549.1980409602 
1702238, 180, 1.17424642735524e-05, 289771.387525942 
1750719, 5, 9.90834778300718e-06, 1144.66653177316 
1835254, 155, 1.27875602613777e-05, 46148.2973283671 
1869339, 46, 1.23290880173594e-05, 12624.0075342542 
2024614, 43, 1.17784242823995e-05, 10066.3614884795 
206042, 163, 1.27231319261549e-05, 59200.16560277 
2083051, 169, 1.2272347945609e-05, 30946.0560615034 
2162846, 299, 1.28247877497627e-05, 141933.807109739 
2194, 267, 1.26016004032512e-05, 77934.788048042 
2261, 105, 1.20229879529661e-05, 27938.2195208223 
2487929, 39, 1.2362620381016e-05, 149051.68457259 
2560028, 128, 1.26672071341711e-05, 20548.0940392192 
2560286, 5, 1.06481530778486e-05, 36.0203420564719 
2588937, 75, 1.17689981051913e-05, 18020.9045420653 
2607662, 181, 1.21964605871376e-05, 135434.095025417 
2675790, 108, 1.17478442705763e-05, 44120.0752144135 
2761623, 26, 1.14972923876427e-05, 4010.48705276121 
2778055, 32, 1.20573447315432e-05, 37611.5034071335 
2782229, 3, 9.68842039993799e-06, 45920.5502530542 
2817385, 372, 1.282084156004e-05, 416138.91397914 
2841299, 33, 1.11202544314214e-05, 879.351747261151 
2871094, 214, 1.2455161418892e-05, 242723.517003904 
2905879, 133, 1.22085215480405e-05, 113455.873531494 
29487, 265, 1.28774708647222e-05, 79583.6924074548 
2954101, 40, 1.22883334562167e-05, 29231.3640481351 
2956116, 3, 8.60363073216897e-06, 20.9143890185396 
3034029, 8, 1.05566522744307e-05, 752.00574975389 
3037654, 109, 1.19691674247139e-05, 13467.5006777182 
3050322, 268, 1.30286369440029e-05, 151825.754160945 
3050334, 389, 1.29197297192543e-05, 224414.105589554 
3051618, 20, 1.03651647542938e-05, 4507.53006871671 
381899, 96, 1.18312392039942e-05, 55309.7265500209 
39640, 112, 1.15382840263996e-05, 53697.2493210318 
39778, 109, 1.24730270789418e-05, 69754.0312755767 
51161, 134, 1.28957379586047e-05, 76553.7563004496 
53953, 167, 1.24968757810547e-05, 30570.1578318828 
621, 83, 1.19350257199804e-05, 37501.4563196171 
766224, 242, 1.2465719272002e-05, 86165.7785259225 
92713, 165, 1.25132953763374e-05, 8148.90450171424 
108150, 70, 1.13966607783919e-05, 70414.2519042585 
1149952, 153, 1.29107223549158e-05, 27347.6788603676 
1287640, 132, 1.20508061989347e-05, 126127.655083083 
1457141, 24, 1.16588163969594e-05, 9898.3124337561 
158684, 3, 9.55639227078993e-06, 17274.6204789687 
1866938, 204, 1.2757542897238e-05, 167881.88908753 
1930557, 21, 1.16540608575058e-05, 30792.5357850675 
1933220, 36, 1.13567964748504e-05, 585.966940578249 
2018305, 88, 1.27388535031847e-05, 69072.5460989176 
2057791, 8, 1.05997328867313e-05, 8426.32679347386 
2120, 198, 1.22514487338128e-05, 148718.13718688 
2277, 419, 1.29426382273763e-05, 251202.872415248 
235888, 65, 1.24847062348623e-05, 4489.9374626054 
2485784, 93, 1.18069330310758e-05, 11968.2118539675 
2560300, 1, 9.3993796409437e-06, 0 
2576928, 212, 1.30260912607954e-05, 80438.6929725766 
2609251, 9, 1.06432798331134e-05, 351.421814390015 
2743575, 7, 1.05067400737573e-05, 2268.05562080924 
2777367, 352, 1.28949065119278e-05, 209643.012393845 
2778068, 225, 1.26264220507835e-05, 40490.3664581991 
2785913, 88, 1.18514304676574e-05, 50655.6168525067 
2831891, 304, 1.28776366961135e-05, 222458.019647697 
2864101, 9, 1.09455894747212e-05, 255.874303161373 
291183, 1, 6.63187144780386e-06, 0 
29501, 104, 1.20716087833026e-05, 143675.763499638 
2955573, 90, 1.17397072117021e-05, 14115.8143582029 
2991940, 181, 1.21774497984632e-05, 33069.0048608239 
342949, 118, 1.24174241295386e-05, 9131.46179484526 
787, 98, 1.17474302496329e-05, 17761.9198255023 
836, 36, 1.1922361581382e-05, 9906.20050291836 
86332, 213, 1.29448162483334e-05, 160667.37195026 
94122, 302, 1.27268562119785e-05, 303545.394009637 
1186051, 75, 1.15841297422531e-05, 158161.073199143 
1195085, 59, 1.12985413583106e-05, 7873.98049261397 
1227948, 9, 1.09652729804708e-05, 6488.94795279239 
142650, 173, 1.24243666679091e-05, 71063.3970357066 
165694, 53, 1.22479974524165e-05, 21932.3907667202 
1705617, 77, 1.19377327857893e-05, 24221.8369787503 
1748967, 161, 1.28513230437074e-05, 64179.0917375669 
1884634, 101, 1.28711724350971e-05, 21616.3707669518 
191411, 160, 1.22458976242959e-05, 13207.4220539016 
1980936, 251, 1.22270315212873e-05, 101666.262559202 
1980966, 11, 9.87976328087179e-06, 79297.8418518255 
1982368, 14, 1.10071546505228e-05, 1760.32774847175 
2005473, 167, 1.2598742645484e-05, 38288.1259284391 
216944, 25, 1.17284167810187e-05, 56834.3278851095 
2176, 155, 1.27163366777299e-05, 165151.756875137 
2490939, 143, 1.19088733014969e-05, 46264.4032246805 
2560029, 303, 1.28083612982555e-05, 150612.689140956 
2560849, 76, 1.11890615734058e-05, 199723.187582579 
2565531, 38, 1.22996691389002e-05, 6894.89678201521 
2589990, 72, 1.27806960367062e-05, 23398.9050224612 
2656761, 49, 1.12930547713156e-05, 10267.8734932591 
2675779, 30, 1.14588227205537e-05, 3163.90840838462 
2675781, 73, 1.12497328188456e-05, 48367.8862376515 
2704413, 39, 1.063773203553e-05, 20892.6652179806 
2734278, 21, 1.12238484331508e-05, 36290.2208428496 
2749994, 79, 1.18287201324817e-05, 107492.740678288 
2778057, 68, 1.2443692292377e-05, 47185.0798632578 
2795384, 201, 1.25583965439293e-05, 137101.680800032 
2845650, 44, 1.21873933603081e-05, 4801.34622021031 
2932492, 28, 1.17408098810656e-05, 1469.04008345675 
2956635, 14, 1.06858156483084e-05, 13617.1154345406 
3048156, 14, 1.01596074327688e-05, 7213.55958063994 
3050256, 33, 1.22319670226169e-05, 22404.7104621155 
3074822, 216, 1.24872006193652e-05, 89921.2708404468 
395631, 234, 1.26017592055851e-05, 69500.1779605268 
455364, 133, 1.17186584479809e-05, 128275.378446432 
59277, 115, 1.18797296173539e-05, 145921.720051055 
72275, 9, 1.13975700380679e-05, 5612.98273663152 
754517, 179, 1.20540019286403e-05, 205696.527911149 
83560, 61, 1.19793476047294e-05, 108937.738557181 
994695, 46, 1.16493091959647e-05, 11719.0187538239 
995019, 253, 1.24015625968872e-05, 9386.22530175096 
1071078, 27, 1.19665892827226e-05, 38330.4838008612 
111844, 8, 1.06354692900824e-05, 9880.77861370188 
129726, 230, 1.27247509130009e-05, 129770.888315133 
129728, 193, 1.2780859384985e-05, 38995.6855405155 
1329841, 345, 1.2655184196206e-05, 114686.662348412 
1432056, 6, 1.00123151476316e-05, 10608.8963553575 
158898, 48, 1.18154427837183e-05, 16441.1592936338 
1623306, 297, 1.25393421861089e-05, 187745.201383941 
1647476, 12, 1.18317991433777e-05, 276.476694133268 
2995140, 497, 9.86699293523306e-06, 19555.9614926839 
2917832, 12, 1.0375166002656e-05, 5028.82933243991 
118323, 40, 1.06602989147816e-05, 73988.8045249422 
157592, 1188, 1.03053474447891e-05, 48944.2720178067 
240521, 180, 1.03822753794722e-05, 69171.4409442454 
2606451, 1016, 1.00495442531681e-05, 41745.9871295755 
2981137, 1204, 1.00475247922674e-05, 33050.6455097886 
2875729, 992, 9.92782471432684e-06, 29160.0222625291 
2878391, 1163, 9.89129467155956e-06, 36833.0447478509 
2775404, 552, 9.88816485548447e-06, 11464.1814995513 
2006110, 1093, 9.98482306893522e-06, 30542.7888700401 
2991496, 764, 1.02158611460153e-05, 22608.2645851125 
56730, 895, 9.95807649794366e-06, 18025.6762662372 
96773, 1159, 1.00893920132373e-05, 26248.304358138 
2746961, 1148, 9.85386715016308e-06, 36331.4707462897 
1735038, 1178, 1.00229525613655e-05, 47657.9102048757 
2782004, 59, 9.93591335883551e-06, 37821.0191662595 
2919917, 262, 1.02287140460701e-05, 12372.4512915238 
286802, 683, 1.01455892050931e-05, 67099.1955042015 
3030011, 33, 9.65288235066991e-06, 534.381255156793 
1401995, 42, 9.83255164547752e-06, 40418.2246424535 
2861288, 64, 9.91198160336214e-06, 8536.31325472449 
914, 639, 1.13159294338641e-05, 1388.95085772598 
512402, 1206, 1.01362309438858e-05, 38296.0653910988 
863372, 1099, 9.85328459241888e-06, 32907.2909538475 
1353889, 781, 9.92211142531131e-06, 12839.132011975 
1389922, 1117, 9.91414351714155e-06, 22064.046832499 
52774, 188, 1.01136777377726e-05, 32238.8640596774 
2755559, 526, 1.01411650170372e-05, 30950.6390936485 
2867011, 67, 1.01735609498037e-05, 18169.5902125841 
2071, 51, 1.01680783348755e-05, 20095.2233751256 
2813744, 923, 1.00658305316772e-05, 35940.0888007089 
123899, 1207, 9.85347877067999e-06, 33325.3083457484 
1400387, 801, 1.06507615294494e-05, 4226.50007570827 
2694929, 21, 9.48208833513493e-06, 83957.3876700506 
380021, 988, 9.87517775319956e-06, 15597.9282322327 
1915078, 1074, 1.01089747477811e-05, 26968.3149402917 
219687, 13, 9.84775372737479e-06, 3508.71042526256 
47, 1102, 1.02518889105318e-05, 15504.1742752325 
160699, 311, 1.01647709368869e-05, 33762.7815349374 
488446, 1123, 9.89060985500366e-06, 19167.4504492825 
2735528, 351, 1.02254716498799e-05, 16118.9289879722 
499555, 1135, 1.0137361244868e-05, 33186.7610887318 
2744574, 717, 1.02109584005555e-05, 36535.8304920912 
1149133, 1113, 9.81990297935856e-06, 30540.0909429629 
2004, 783, 1.01432222988599e-05, 32315.8406119199 
2738409, 1142, 9.98402555910543e-06, 37146.4662920239 
89184, 1161, 1.03027992705618e-05, 33265.7791220132 
2876939, 57, 9.62445381224616e-06, 11684.7309305498 
2986920, 622, 9.95084283638824e-06, 24879.0485183218 
2982692, 1183, 9.98033873269659e-06, 28564.4394790633 
2211108, 1130, 1.03459692103956e-05, 23570.6843297774 
2597701, 1065, 1.00087075755908e-05, 22299.3265285722 
2305508, 105, 9.28634443051493e-06, 41556.706975385 
2872309, 1124, 1.0205435414902e-05, 50875.0032379932 
2840474, 554, 1.04038785659294e-05, 24558.1556091519 
134034, 851, 1.00814581821115e-05, 25225.2343566014 
3049801, 169, 1.03262048099462e-05, 23671.3880525279 
2846775, 378, 1.0110098977869e-05, 13214.2112375329 
3039156, 797, 1.00417737789203e-05, 22472.5608806978 
73919, 1124, 9.83564634949986e-06, 32518.6164132849 
55395, 375, 1.01179755954429e-05, 5438.15459521729 
2508168, 1125, 1.00040016006403e-05, 34915.595806474 
2587844, 1182, 1.01013162015011e-05, 40365.7104864347 
2866627, 1153, 1.01163378856854e-05, 31038.7164098129 
341045, 439, 9.92063492063492e-06, 20329.4290736124 
2782674, 888, 1.02624098190737e-05, 27035.3923918796 
3026161, 25, 9.55365331702843e-06, 140.454034409361 
2527990, 976, 1.03633386531805e-05, 40403.6340908902 
162496, 150, 1.004782765966e-05, 16368.7349034345 
2502843, 13, 9.74734872114785e-06, 6936.09225192617 
2565782, 1187, 1.010682918448e-05, 37894.0553682373 
1416614, 1152, 1.00681614530371e-05, 35054.5205518532 
255475, 65, 9.85221674876847e-06, 35545.8776163008 
3041765, 203, 1.02424385197628e-05, 2302.57450344817 
670052, 257, 1.01180779699088e-05, 15286.7358321984 
33887, 155, 1.00651213350377e-05, 18607.8098246676 
392593, 810, 9.96383129240856e-06, 51091.2680827016 
2804758, 68, 9.89805008413343e-06, 21790.5529349184 
1896196, 67, 9.37576178064468e-06, 45971.988071376 
33069, 1170, 1.01107122996815e-05, 31472.1093706296 
1649453, 788, 1.03149143346365e-05, 18148.0249804035 
2487344, 1144, 1.0211166932157e-05, 43866.9893549358 
46352, 242, 1.01404451655428e-05, 157498.86847349 
1267766, 28, 9.60190501795556e-06, 20647.1777822579 
2020312, 348, 1.02467415361915e-05, 5613.76347224493 
2714925, 917, 1.00735368187771e-05, 19811.0254764473 
408015, 180, 1.01813294780032e-05, 21973.6954666563 
531813, 1115, 1.03913377808259e-05, 34313.0743999387 
2812648, 1229, 1.02155480641536e-05, 38477.132795561 
2546359, 37, 1.05913130050732e-05, 7665.20673103827 
150123, 174, 1.01515628330982e-05, 12663.1802381468 
1503055, 1152, 9.99490259967417e-06, 27745.1917451294 
386911, 1104, 9.94609218038233e-06, 36500.0594342574 
3002901, 1157, 1.07462173314993e-05, 31935.9137634693 
159346, 1125, 1.03450059483784e-05, 28712.3405106419 
34002, 197, 1.02456916866458e-05, 19324.6129163563 
85016, 81, 9.99830028895088e-06, 11811.1757088029 
2828862, 168, 1.02209775342914e-05, 33399.5757040618 
2880219, 1199, 9.99020959459729e-06, 36876.2561476932 
3026424, 1039, 1.0580667005248e-05, 25285.1184175655 
2483403, 925, 1.04468100665462e-05, 32076.4602176585 
279058, 1196, 1.01538305325684e-05, 45675.3472468213 
199683, 1119, 1.00368351851294e-05, 35860.0321065854 
72557, 1042, 1.00897992129957e-05, 26839.3006190485 
108010, 1168, 1.02187841690596e-05, 30752.110848277 
3039385, 513, 1.01765633745484e-05, 18175.9101724581 
1550733, 100, 9.35856402193647e-06, 93887.0050195111 
2766784, 236, 1.02417042195821e-05, 11431.4342564439 
2930199, 866, 1.03502525461621e-05, 16881.1356033934 
2799325, 1163, 1.01243267322723e-05, 32828.3302684274 
553814, 883, 1.00533834662056e-05, 46884.4947547952 
1938334, 1129, 1.0054798652657e-05, 43175.6099795235 
1982042, 45, 9.467097104015e-06, 70394.7382004438 
308754, 914, 1.03553972330379e-05, 25674.7348551529 
376489, 1228, 9.98502246630055e-06, 37089.4886191971 
1896164, 1131, 1.00396566437428e-05, 27452.8189343316 
1033854, 1239, 1.02360431551579e-05, 44567.3243418118 
1267217, 764, 9.90736612671521e-06, 16378.5720788363 
2571029, 671, 1.01367446858116e-05, 67206.1759286103 
2744523, 842, 1.02311210239306e-05, 18948.5445886843 
73141, 1222, 1.01401366890426e-05, 40508.2603609506 
1335061, 77, 1.0371292263016e-05, 50683.4986629521 
187304, 692, 1.02424385197628e-05, 14516.4646023232 
728066, 1152, 1.0536741618022e-05, 38390.4843042893 
38501, 5, 8.72859312536006e-06, 0.0460865551733339 
118163, 42, 1.06852447455309e-05, 133790.90506867 
1609966, 1142, 1.03440428657136e-05, 36819.7108484114 
80842, 1017, 9.8694274745122e-06, 41259.6748865315 
191028, 743, 1.03899342317163e-05, 16731.8559266675 
270, 1150, 1.00502512562814e-05, 32683.2901646073 
1138190, 446, 1.04791046652974e-05, 6295.31162857754 
1223514, 197, 1.02195151861996e-05, 18074.0168446427 
1223565, 629, 1.00539899259021e-05, 18834.7724140842 
2979468, 810, 1.02226493017931e-05, 25118.2739723711 
2558360, 40, 9.67885557211715e-06, 6302.94571908825 
2927975, 1142, 1.01173613921489e-05, 32525.9427922164 
3026162, 1188, 9.95430971839258e-06, 33194.6423591478 
1302308, 1105, 1.00803403122889e-05, 39611.2026275745 
263913, 72, 9.55292319449752e-06, 139653.774323273 
2963432, 843, 1.0945230068736e-05, 25503.0574001774 
47960, 1226, 1.02329008227252e-05, 40192.4262438442 
1064539, 1168, 1.0365057318767e-05, 39644.9694328585 
2761107, 1145, 1.01955506616912e-05, 53050.7645382803 
1288495, 453, 1.01003979556795e-05, 10009.5248598966 
3025671, 97, 9.26741114869561e-06, 61605.9542226523 
31963, 58, 1.00236558277535e-05, 77594.3423060123 
59814, 1058, 1.00528781390112e-05, 28925.0568044544 
1649486, 110, 9.52489808359051e-06, 125883.130131329 
310783, 17, 1.02576727392089e-05, 2856.47287797713 
133453, 1179, 1.01587817588915e-05, 39464.534490312 
361575, 711, 1.04548923668831e-05, 29856.3050081296 
1463158, 1141, 1.0214608933697e-05, 41866.505763794 
544, 1050, 9.89462227279474e-06, 20146.9788653712 
2795216, 809, 1.02962223160322e-05, 29972.4402898369 
3057176, 1115, 1.01977340634911e-05, 25253.0729401972 
2856823, 959, 1.02747467274932e-05, 25225.3636097603 
2587852, 1138, 1.02655703037582e-05, 31819.3301953939 
1761016, 779, 9.9772518657461e-06, 14348.4264007966 
2744517, 449, 1.02485267742762e-05, 13017.747706758 
47671, 1114, 1.01930564899191e-05, 34813.2675142685 
670516, 854, 1.02139829426485e-05, 42128.6134916092 
93219, 748, 9.90314722018658e-06, 13026.4141736696 
129337, 1073, 1.03236463118774e-05, 29231.2854651261 
223392, 1150, 1.00275758335422e-05, 46355.6642560041 
2613965, 888, 1.0388207307065e-05, 18855.0275386754 
279113, 1165, 1.01460009537241e-05, 38932.9977443448 
59405, 1100, 1.02077272495279e-05, 30937.1601201124 
74712, 49, 1.02425434283841e-05, 129907.27132745 
28104, 901, 1.01892136983789e-05, 26999.8188733551 
2894082, 51, 9.18113460461444e-06, 231.920675904156 
2952527, 1151, 1.02184709080133e-05, 36780.991193281 
2571115, 1146, 1.00965227575623e-05, 30148.2637589103 
2698682, 1080, 1.02209775342914e-05, 34401.3966189977 
555316, 837, 1.0027978058784e-05, 17242.2321822397 
222819, 26, 1.07111106350617e-05, 28308.321381442 
2860285, 48, 1.01852700624357e-05, 45589.7339592026 
221822, 1147, 1.02329008227252e-05, 40898.4750654438 
98668, 1125, 1.01864113272894e-05, 42319.0746723501 
244596, 700, 1.03678513664828e-05, 27447.878392689 
453230, 1180, 9.95133795738837e-06, 33192.9520722023 
2735433, 1173, 1.02184709080133e-05, 39983.1434549087 
2995142, 1188, 1.02435926328082e-05, 44061.9379558298 
91915, 27, 9.73207594912071e-06, 11826.4261785211 
75692, 1134, 1.01261721044211e-05, 35020.0997067742 
57480, 1096, 1.01131663312466e-05, 25479.1745894924 
2724527, 8, 9.02347909259894e-06, 1322.04961043522 
1682490, 1022, 1.05326353706961e-05, 16918.5377965923 
1751286, 14, 1.00281791835057e-05, 385.90370966978 
1823759, 1189, 1.0224635236138e-05, 31455.0473343738 
1332080, 89, 9.94292759560125e-06, 26581.4160118088 
2707525, 41, 1.06122189088517e-05, 97.0341581964287 
2911538, 1232, 1.02041857569975e-05, 52739.7887844087 
2851598, 1153, 1.06943865165175e-05, 43108.8673163212 
3068640, 1185, 1.02363574945491e-05, 45102.115188014 
1620421, 712, 1.02839395715711e-05, 24741.0328753366 
3074437, 790, 1.0034518744481e-05, 36754.7267402233 
470, 42, 1.02761193262976e-05, 6323.56887051167 
1550579, 88, 9.36654084280135e-06, 57892.1354858992 
231455, 1186, 1.01898366569184e-05, 44570.2655911546 
2740807, 1067, 1.02152350014812e-05, 34462.6919896831 
2831968, 95, 1.0097236386401e-05, 7975.00581952327 
373, 1001, 1.05145837276302e-05, 24112.0546082901 
1503054, 1140, 1.00550008546751e-05, 37329.9400775966 
524, 33, 9.92624797752698e-06, 11427.0043377942 
363952, 1250, 1.05778689825148e-05, 56066.4301307388 
2830992, 1185, 1.09758640748993e-05, 37582.5514079654 
2480810, 1089, 1.00620830524335e-05, 29245.9866856539 
2604537, 34, 9.34081844251193e-06, 11244.6049697941 
28901, 1069, 1.00751606988131e-05, 21725.9916757319 
497727, 240, 1.0161672204778e-05, 471.732490125769 
2929803, 101, 9.44126588492985e-06, 52860.7317155217 
862126, 96, 9.35060077609986e-06, 26519.6181972682 
1125, 73, 1.04171007125297e-05, 98820.21003923 
146922, 1034, 1.03851865698767e-05, 34020.5154839322 
3061629, 163, 1.02609355921073e-05, 48219.090906422 
2509675, 1198, 1.06426002000809e-05, 24961.4943663803 
186931, 1164, 1.02482116870606e-05, 38025.2962421673 
2744522, 855, 1.03312188772031e-05, 32100.6943459562 
2779671, 1044, 1.04523789614516e-05, 49802.1799651135 
36873, 1202, 1.00253641713535e-05, 32308.5814330278 
345370, 1205, 1.00583383625025e-05, 42791.7294854104 
2762611, 1154, 1.02613567565904e-05, 49897.6471870987 
2795779, 1006, 1.07132909087013e-05, 12848.3823370733 
1908, 1160, 1.04497575656245e-05, 48195.3130696919 
656178, 960, 1.01884870096791e-05, 33104.3183600221 
1138194, 456, 1.03666690855561e-05, 28476.2334540456 
1458426, 814, 1.03217282701816e-05, 33331.6417225761 
3041766, 397, 1.00194377091558e-05, 22813.2143831838 
2743089, 1106, 1.00302914802704e-05, 28831.2773408762 
1173025, 162, 1.06606398516039e-05, 170926.015001622 
2894192, 740, 1.02828820861911e-05, 37306.7123289341 
2259595, 102, 9.5493654446662e-06, 81083.9043595731 
1940612, 466, 1.01671479116678e-05, 10584.5967888489 
2094119, 1108, 1.02088735528922e-05, 34539.4611854022 
1053, 1241, 1.02760137287543e-05, 45624.4581241112 
656179, 1189, 1.02308070060566e-05, 44117.938709566 
1364945, 1146, 1.01404451655428e-05, 35130.9396954487 
1710540, 1120, 1.00400598387566e-05, 38856.2544539737 
3032592, 14, 9.75153099036549e-06, 17430.7070044835 
451876, 26, 1.02345764932247e-05, 32314.6956489612 
488731, 1175, 1.02186797465767e-05, 35003.3678941501 
84112, 1168, 1.01454862731571e-05, 44420.1689315635 
1548548, 1231, 1.02357288350717e-05, 52056.4487918283 
2293838, 1130, 1.02158611460153e-05, 36571.2949058691 
2682091, 94, 9.70459221303521e-06, 15561.7192252235 
106, 103, 9.5521019400319e-06, 141449.406427675 
1664560, 1222, 1.03506810748147e-05, 56916.4802637683 
2175619, 59, 9.93591335883551e-06, 7678.88830159605 
37930, 508, 1.03064095561029e-05, 26958.1399996326 
1432792, 1040, 1.03492884864166e-05, 36831.9506705507 
2560010, 494, 1.03531458033523e-05, 24448.8218826506 
2851959, 1125, 1.03436148865305e-05, 27343.0404335795 
2979461, 12, 9.27729845069116e-06, 63.3419458330109 
1870985, 1125, 1.00671478763352e-05, 42191.5245082972 
1325111, 430, 1.04581725389305e-05, 7400.61154609189 
2940488, 713, 1.01435309631283e-05, 18837.4499671922 
38305, 1154, 1.03455410717981e-05, 33640.8530682679 
119, 1051, 1.06029921643888e-05, 22715.7789408235 
1368430, 628, 1.05149154075055e-05, 12895.1930665088 
2740185, 1156, 1.02188885936766e-05, 34232.0663695803 
2853163, 980, 1.02104371088126e-05, 29890.5007686893 
1842533, 926, 1.02065812035601e-05, 21671.828691454 
2830995, 1179, 1.11609634143619e-05, 34795.6837305019 
2782678, 395, 1.0349502706395e-05, 7677.38488701085 
654, 1107, 1.00444971222516e-05, 34709.6510206887 
169176, 17, 9.92881042922248e-06, 11425.5384820048 
2021234, 1169, 1.05258725948381e-05, 40411.331700635 
289435, 52, 1.05371857284356e-05, 68028.8147623163 
2771436, 1141, 1.02511532547412e-05, 29549.6046651948 
56464, 936, 1.02415993281511e-05, 30869.9848020749 
56688, 1137, 1.01198186528497e-05, 29486.841609501 
1184, 22, 1.07089312486614e-05, 14394.9774386992 
1245526, 1125, 1.02130440999244e-05, 30584.3376381959 
1855416, 19, 9.72459934650692e-06, 1902.08829344154 
2812658, 207, 1.06321900185e-05, 2829.02422161986 
2962065, 1074, 1.03654870742376e-05, 38515.6261799816 
1972068, 1253, 1.04623303794687e-05, 53335.6375634982 
886343, 1122, 1.02222313086501e-05, 33566.3906179115 
1643826, 1110, 1.03823831722334e-05, 17960.0373908265 
2763498, 1234, 1.02365670648691e-05, 57711.1359245002 
204286, 1057, 1.01931603893787e-05, 28867.7338945593 
2597659, 1160, 1.02289233035331e-05, 36867.1843902468 
1176721, 75, 9.25471759229267e-06, 4907.42364545101 
2023229, 51, 9.5425310609386e-06, 33776.7929144428 
2806210, 1168, 1.03117233983316e-05, 29828.8762650132 
342113, 1107, 1.01214574898785e-05, 34237.8716545424 
99, 34, 1.04618925563634e-05, 95.7250253931946 
2780091, 1040, 1.02192018803331e-05, 33890.0193305132 
500, 1050, 1.0303860856663e-05, 13179.4281795427 
1768242, 988, 1.02090819993466e-05, 29192.726304636 
2875777, 81, 1.03209825575395e-05, 3767.13262996326 
2690837, 1184, 1.02300743726407e-05, 38572.1247617883 
2984530, 944, 1.05661334291329e-05, 27203.4546056688 
518, 1199, 1.02377198550339e-05, 42351.7720507059 
1727, 660, 1.03327133705311e-05, 30782.4082226448 
1577075, 694, 1.0492628928178e-05, 34067.2661474401 
2886938, 80, 1.02896537531512e-05, 3485.6875067359 
2974552, 1147, 1.02583040971667e-05, 31353.3794860084 
517719, 345, 1.05575438929887e-05, 23226.2803964696 
2728022, 97, 9.70289728512934e-06, 136467.533371957 
1930273, 1165, 1.05439630539535e-05, 36548.8447466195 
575200, 1219, 1.03945781880171e-05, 37584.8155220908 
2777556, 678, 1.02566206486287e-05, 69955.4647570317 
1411902, 969, 1.04507404349598e-05, 28105.3070197624 
2830996, 1097, 1.13205411218656e-05, 17669.8999980658 
2874213, 44, 1.10516776446665e-05, 118567.417080588 
2893890, 494, 1.04510680991597e-05, 11298.0281720458 
56454, 945, 1.01807075591754e-05, 28699.576852291 
3003272, 1210, 1.02610408799869e-05, 41083.0782622085 
67308, 1040, 1.03855101362579e-05, 33357.1196352577 
33010, 669, 1.01458980134332e-05, 31934.2110051249 
1295382, 1116, 1.02557791315406e-05, 28134.3779701381 
300, 1242, 1.02181576661728e-05, 51464.8452077483 
1775881, 967, 1.05424068314796e-05, 20958.915492486 
3032579, 1128, 1.0242858167143e-05, 37107.782227796 
388459, 1191, 1.02610408799869e-05, 45538.0557520932 
582702, 1157, 1.03408338848445e-05, 47130.0901751206 
1964449, 1219, 1.04049610854455e-05, 41204.3143548526 
2961596, 1118, 1.01179755954429e-05, 37179.5416290844 
1494608, 127, 1.04471374843293e-05, 30731.1646134514 
3032001, 1120, 1.01285310591405e-05, 32079.3154371623 
347, 1072, 1.01824698598892e-05, 30853.7258017677 
2527996, 1060, 1.06341121048098e-05, 23022.6134320212 
156980, 494, 1.02791825993997e-05, 18074.1359289092 
58346, 1132, 1.0417317749026e-05, 36229.789558975 
370038, 1168, 1.02358336062889e-05, 43621.9119598428 
1176649, 84, 1.0680793796595e-05, 261.066539599767 
1331258, 1209, 1.02812962658332e-05, 36420.9377932155 
2109915, 849, 1.04347100194086e-05, 30319.6753444647 
926, 994, 1.02914539766178e-05, 23440.971311034 
1502, 63, 1.08390509327003e-05, 56220.120692028 
2211211, 1058, 1.03511096389533e-05, 33504.1388414991 
1538644, 1, 9.31810134367021e-06, 0 
186192, 1183, 1.02580936358787e-05, 47804.6158480235 
2704462, 1172, 1.0286160998992e-05, 36965.8483026985 
2962671, 1128, 1.02061645233721e-05, 44442.7722161569 
2782568, 20, 9.90923144000951e-06, 228197.376965783 
33052, 37, 9.80680592331078e-06, 32507.0299829709 
2497863, 622, 1.05225498242734e-05, 15742.6254949363 
53412, 1230, 1.02395019506251e-05, 44533.1930757831 
55080, 1061, 1.01953427674238e-05, 29248.8348090887 
2518343, 1180, 1.05010028457718e-05, 52935.455936317 
2986919, 528, 1.01473393676178e-05, 20283.8669869015 
358220, 824, 1.04675871164938e-05, 44458.5106351146 
2879427, 283, 1.03918777083831e-05, 7846.35565315777 
1538159, 573, 1.04175347945662e-05, 23563.8954014354 
1871049, 860, 1.02240080156223e-05, 29805.4471054366 
2778902, 104, 9.78033370498601e-06, 70486.4101305153 
1126, 38, 1.06254117347047e-05, 51620.5081015992 
291594, 41, 1.03182137108424e-05, 81409.6592345744 
1192162, 1174, 1.02284001759285e-05, 42089.2928334667 
2875539, 98, 9.82260377580889e-06, 30802.7535600619 
138118, 1192, 1.04942806170637e-05, 62416.993491599 
410837, 855, 1.07756298355639e-05, 49439.0074139598 
2815343, 1254, 1.04894371368032e-05, 53234.5876453867 
66428, 880, 1.04508496540769e-05, 38218.5690783784 
69823, 1146, 1.04865771812081e-05, 32403.8751167695 
1972846, 962, 1.05863795640529e-05, 35471.424063028 
74031, 1235, 1.05445189590451e-05, 51819.3811666941 
2079792, 654, 1.04342745048937e-05, 47780.8689888482 
159191, 13, 1.00194377091558e-05, 350.97500366991 
1125847, 348, 1.06037791869022e-05, 46968.186913575 
370524, 1179, 1.03459692103956e-05, 46072.6634994486 
415229, 1191, 1.02732689541812e-05, 37533.4775827973 
679318, 1164, 1.05001207513886e-05, 61839.4958823386 
1603606, 1217, 1.04371059992485e-05, 36548.8228623676 
2883126, 59, 9.92329294553104e-06, 83122.6036478845 
1742989, 715, 1.03741972964842e-05, 26682.2559837109 
347534, 1236, 1.05311933948355e-05, 49744.6203798555 
2792603, 1255, 1.04883369692902e-05, 51054.1217304786 
2705399, 483, 1.05114890575399e-05, 9688.8907771036 
1118379, 1196, 1.03893945060882e-05, 39152.8518772074 
2961599, 1148, 1.01816404659119e-05, 39332.2130641777 
80869, 979, 1.01719051978436e-05, 16850.0894657786 
1301, 37, 1.03099160772831e-05, 90256.1185454091 
2734143, 33, 9.53234324061541e-06, 3220.1233455498 
2734219, 26, 9.40680676537543e-06, 66375.0676944808 
2734222, 38, 9.70958627452884e-06, 1355.43974003137 
2734254, 22, 9.45671190127193e-06, 417974.304987988 
2734260, 36, 9.44394076760351e-06, 22739.9503508012 
2734273, 27, 9.52616838455236e-06, 93003.9917683773 
2734277, 26, 9.5084149472283e-06, 12018.4885875746 
2734282, 189, 1.0842694192653e-05, 79149.4759094176 
2734284, 86, 1.05086170659941e-05, 30052.1072094145 
2734333, 65, 9.96849954144902e-06, 7236.02036219072 
2734338, 4, 8.58899920981207e-06, 12136.4769497337 
2734572, 3, 7.85749644448286e-06, 10301.3626320926 
2734575, 107, 1.02285047971687e-05, 12273.2050592176 
2742655, 50, 9.79192166462668e-06, 204838.681931014 
2748871, 14, 8.99523252676082e-06, 5112.01843566144 
2767565, 75, 9.64152798935575e-06, 167076.265604321 
2772433, 83, 1.00845081785361e-05, 163429.832653388 
2776856, 51, 1.0338054378166e-05, 24305.5691834121 
2782652, 27, 8.50405218086418e-06, 32642.8836551693 
2783669, 5, 8.98941047446109e-06, 2458.79786959682 
2785295, 33, 8.65635982756531e-06, 58418.8421641729 
2787706, 111, 1.0487786972071e-05, 114928.688849204 
2795692, 72, 9.35751314730597e-06, 7345.18028329384 
2797313, 27, 1.01746995919945e-05, 83269.8904774231 
2798807, 27, 8.22422527797881e-06, 606.638039880016 
2813777, 38, 8.0555510802494e-06, 23049.6804529004 
2818469, 126, 1.06853589212062e-05, 48796.325136709 
2843362, 49, 9.64338752917125e-06, 4284.88782799552 
2844071, 18, 9.9601593625498e-06, 24482.1804475784 
2844163, 13, 8.68387231234152e-06, 22857.6669196919 
2844261, 53, 8.20371464198989e-06, 53521.9765488823 
2844289, 37, 8.45887716864463e-06, 4480.49541054439 
2844664, 7, 8.21334997905596e-06, 641.157344690692 
2844670, 5, 8.96274188199654e-06, 1710.94414533082 
2844962, 35, 8.2936619835122e-06, 39435.8204209668 
2845079, 5, 7.38225306363502e-06, 1831.54535880246 
2845126, 9, 8.63036161215155e-06, 11121.9291405881 
2845137, 13, 8.78904533389583e-06, 9328.36110095484 
2845184, 57, 9.00827860804079e-06, 879580.006927654 
2845886, 10, 7.81591946476584e-06, 3579.20949153971 
2846047, 80, 1.00488373495187e-05, 144419.125107499 
2846074, 4, 7.58978718236741e-06, 2270.27583934628 
2846127, 66, 8.17835353386656e-06, 41680.2497840867 
2846399, 20, 8.99563711599874e-06, 6210.84745347946 
2846403, 129, 9.84484523903284e-06, 111662.352031692 
2846672, 15, 8.67596151343473e-06, 38720.4019320749 
2846779, 45, 1.00256657042028e-05, 289493.284325471 
2861802, 114, 9.88806708064707e-06, 109388.905816251 
2863583, 45, 1.01550678866288e-05, 11711.1852944184 
2866192, 4, 7.65673333129154e-06, 657.635252781126 
2866695, 20, 1.07733080519704e-05, 21188.7783272238 
2869543, 14, 9.56818768956972e-06, 2228.78808197189 
2869547, 11, 9.58892287629331e-06, 8051.93947264404 
28884, 2, 5.82143335332025e-06, 217.877897577173 
289201, 135, 1.00427822523952e-05, 265381.81591016 
2898581, 12, 8.61964935266433e-06, 1316.3586340047 
2909581, 67, 1.00580348611488e-05, 17291.7000834464 
2930315, 25, 9.46422994293069e-06, 9601.83752956228 
2939131, 69, 1.06027673222711e-05, 11485.0205651683 
2946834, 119, 1.02629364313717e-05, 107069.972082659 
2948771, 90, 1.07339902535368e-05, 61220.1425377781 
2948807, 22, 9.51339009656091e-06, 54729.2804915305 
2948823, 135, 1.01450745662981e-05, 30691.6877470404 
2948833, 26, 9.70779535967382e-06, 55680.5313978444 
2948931, 3, 8.8010350017162e-06, 29.2842901413483 
2951084, 22, 9.82086737900691e-06, 35810.5384444432 
2954019, 25, 9.60024576629162e-06, 14208.1277078834 
2954095, 14, 7.37289135307302e-06, 1549.74922681088 
2954102, 20, 9.65717044905843e-06, 30124.4075020621 
2955317, 33, 9.73946919892866e-06, 12179.0468754399 
2955406, 13, 8.64139921536095e-06, 4525.46091484088 
2955710, 35, 1.04539087164691e-05, 11055.743382369 
2955724, 40, 1.0417751849151e-05, 54453.4712380445 
2955893, 89, 1.07610192837466e-05, 38585.0652776663 
2955917, 126, 1.06966744039278e-05, 270773.284848823 
2955961, 153, 1.08142012090277e-05, 154672.672702242 
2956030, 134, 1.06361480126357e-05, 107999.922857227 
2956032, 53, 1.01881756033947e-05, 53588.5717551872 
2956042, 163, 1.0530749789385e-05, 210127.599362587 
2956053, 22, 7.61678434598481e-06, 4342.86029749277 
2956057, 4, 8.39588265914396e-06, 2434.07153992405 
2956092, 30, 1.01793603289969e-05, 120319.727831115 
2956109, 122, 1.02881716890091e-05, 209442.444199553 
2956113, 2, 8.83384422399095e-06, 3.79580126049889 
2956119, 25, 9.82714059690052e-06, 27928.566653635 
2956120, 102, 1.06646190598072e-05, 55162.2344485033 
2956185, 108, 1.06688288826536e-05, 26277.3413518982 
2956200, 125, 1.01565118475711e-05, 101394.925119403 
2956236, 44, 1.02529400305538e-05, 291718.961455199 
2956240, 7, 8.46281439355472e-06, 4155.04311137217 
2956315, 107, 1.05142520686791e-05, 13391.4378322671 
2956321, 54, 8.33924029520911e-06, 44481.0244439961 
2956326, 76, 1.0452051215051e-05, 95409.0650399737 
2956341, 134, 9.85697528856295e-06, 47407.3093276263 
2956342, 47, 9.32975070906105e-06, 5016.56690323997 
2956366, 39, 9.94114840146334e-06, 1440.468702394 
2956441, 27, 1.04942806170637e-05, 7781.74796541901 
2956449, 21, 8.11424862057773e-06, 213.085225610313 
2956534, 163, 1.03303650751018e-05, 88918.3557184691 
2956637, 17, 9.72668028401906e-06, 949.49599910499 
2956700, 25, 9.49947277926075e-06, 94970.3128727457 
2976237, 120, 1.07301893878427e-05, 48282.7039496341 
2981578, 19, 9.73965891714472e-06, 3083.49799108715 
2983213, 101, 1.07786496507718e-05, 171474.403415738 
2999281, 52, 8.9807721667909e-06, 105969.23660422 
3020829, 18, 9.15524549790803e-06, 8038.65038121697 
3038367, 80, 1.03004645509512e-05, 59754.7889592248 
3040674, 17, 9.67183465031482e-06, 6100.89914791347 
3040677, 15, 1.03602250240875e-05, 16505.4178883373 
3047754, 18, 9.43227157396316e-06, 243115.415868355 
3048338, 18, 9.81864954294186e-06, 10504.5538019518 
3048363, 31, 9.1287519170379e-06, 28892.3211938014 
3048426, 2, 7.11095941064368e-06, 2281.52935032897 
3050250, 23, 7.94944155173099e-06, 6436.90405068757 
3050314, 22, 1.02462165845262e-05, 19224.4168243208 
3050315, 2, 6.63055225869763e-06, 424.575916250302 
3050321, 57, 1.088565705826e-05, 56648.4380283397 
3050328, 3, 7.87190830801203e-06, 1547.11051758225 
3051421, 44, 9.02160674816185e-06, 57091.1678463024 
3052819, 36, 8.43739453256834e-06, 3300.63957815838 
3060030, 14, 9.18088173188153e-06, 5083.04342440269 
3060695, 16, 8.94758504679587e-06, 19190.3445602943 
3078438, 107, 1.02408651482877e-05, 157329.354341366 
33040, 13, 9.65577173755612e-06, 10179.4525579868 
338644, 143, 9.96442699562562e-06, 112697.036270751 
357441, 28, 9.30293135366954e-06, 126784.994533903 
444163, 50, 9.47966138649527e-06, 120610.689668142 
45654, 27, 8.8850189695155e-06, 5569.9902015299 
46254, 52, 9.87196067010869e-06, 63536.7337127347 
543314, 115, 1.03814131179536e-05, 41123.4768750069 
552509, 24, 8.4093680359921e-06, 94080.846326301 
561996, 42, 1.03901501376695e-05, 95838.0416930841 
598467, 10, 8.93255917820456e-06, 12240.254176411 
701045, 16, 9.55410970028758e-06, 52644.5358036764 
722417, 8, 8.12275101331319e-06, 307.072365330738 
754070, 31, 9.70223830637728e-06, 391019.456661244 
75687, 17, 7.80652313072804e-06, 2110.24877941419 
776, 28, 9.46127500141919e-06, 698.340793147215 
830, 138, 1.0137361244868e-05, 136619.26983002 
868, 64, 9.38464859183348e-06, 4965.24254700087 
86840, 27, 1.04558762024258e-05, 107550.098009216 
880161, 21, 1.00238567791343e-05, 46417.0642131228 
906669, 9, 7.20892176157212e-06, 80960.1789205914 
998086, 38, 1.0411894548332e-05, 6038.41605649699 
10260, 6, 8.08211428109594e-06, 269.330568137872 
1026955, 15, 9.46217024336702e-06, 44595.821786008 
1034111, 126, 9.75362347111952e-06, 84683.3853164623 
10501, 56, 8.08610080133259e-06, 75162.8309880185 
1131462, 36, 9.15558078426705e-06, 38247.0259047773 
114378, 15, 8.61638146444019e-06, 5607.02049527276 
1146872, 23, 8.75587738269313e-06, 112322.649962207 
1146873, 116, 1.00361300682457e-05, 36305.0409299447 
1147129, 25, 9.38367990391112e-06, 24060.5891237394 
1150991, 12, 8.6976185920295e-06, 28525.1976924123 
1198451, 12, 9.02380479705463e-06, 371.215525073692 
1211282, 121, 9.85542097430692e-06, 73218.7174083194 
12402, 12, 8.50788681107386e-06, 16064.2634988329 
1255301, 16, 9.20640765973117e-06, 13219.4085148932 
1301280, 12, 9.25420372204074e-06, 7890.67209335551 
1381133, 18, 8.15029137291658e-06, 128834.439686201 
1390119, 11, 8.86100625587042e-06, 22658.1706618937 
1463809, 135, 1.00447998071398e-05, 88255.868874776 
1539298, 82, 1.02326914024927e-05, 414895.029044976 
1564681, 20, 1.00394550583794e-05, 20725.1326874824 
1592576, 9, 8.67995278105687e-06, 2262.16284373229 
160796, 25, 9.0039797590535e-06, 16222.0437673359 
1636270, 60, 8.92267608901262e-06, 53020.8702060206 
1675029, 17, 9.09835319807115e-06, 9632.026798022 
167957, 6, 9.38279945204451e-06, 59340.1527487732 
1756615, 26, 8.09710042833661e-06, 431.951574958196 
1774743, 20, 7.77139659768257e-06, 2809.13374804642 
1806216, 44, 7.62311327946333e-06, 60408.346697291 
1840239, 49, 9.66865518675007e-06, 14696.6834981978 
1840257, 29, 7.76005897644822e-06, 31504.3816216321 
1884874, 32, 7.7435341489856e-06, 10441.5096271321 
1892251, 38, 8.36162349281737e-06, 48886.7028633193 
1892252, 20, 9.00081907453578e-06, 9821.97123821496 
1908808, 61, 7.77236303153248e-06, 21499.8801186524 
1910936, 10, 7.82319577547428e-06, 15341.3131282635 
1914852, 13, 7.95001033501344e-06, 4221.04972838192 
1917990, 14, 9.46566330635619e-06, 24198.0292572662 
1920752, 33, 9.44795593473352e-06, 28922.6401869889 
1921018, 14, 8.28795677001749e-06, 23869.3939517743 
1922714, 54, 8.45866251628293e-06, 65385.009158722 
1923542, 2, 7.97429088618295e-06, 250.909152137991 
1924733, 52, 8.15474443030955e-06, 13999.5878202536 
1925779, 13, 8.499932000544e-06, 3722.69149198824 
1963270, 17, 9.55383586509984e-06, 12441.286525161 
1970189, 36, 8.00518736141019e-06, 35526.5304791999 
1980928, 25, 9.10721929273335e-06, 27589.762771606 
1980947, 8, 8.42105263157895e-06, 2370.1552056363 
1982228, 27, 9.13659205116491e-06, 99288.3691702463 
1982240, 6, 8.19443761574643e-06, 7899.74238868753 
1982245, 10, 7.84873910006357e-06, 1418.38331147421 
1982288, 32, 7.7435341489856e-06, 10441.5096271321 
1982363, 40, 9.8542555602637e-06, 16680.7173570442 
1982563, 20, 8.43212978734169e-06, 548.896868439644 
1982592, 19, 8.76939131654872e-06, 15523.1345631506 
1982751, 23, 9.57863581068784e-06, 1483.76554363524 
1982886, 11, 8.39412075782122e-06, 10020.7800580362 
1985711, 19, 8.48795559101635e-06, 7497.3304326119 
1985720, 21, 9.19354245577906e-06, 28481.7791479138 
1986350, 8, 8.64087653051526e-06, 1580.95400217174 
1986540, 19, 8.20492623771312e-06, 1731.37976265289 
1987148, 32, 7.7435341489856e-06, 10441.5096271321 
2006133, 21, 9.1351731572072e-06, 77233.0061160159 
2025492, 17, 9.30986007280311e-06, 11141.5383031765 
204619, 12, 8.06172053239602e-06, 6660.2774395982 
205870, 31, 9.25857343900452e-06, 70444.4126448189 
207809, 20, 8.03987779385753e-06, 310.230377026066 
2109686, 89, 9.37760814726596e-06, 25429.5623545127 
215173, 22, 8.90162810778091e-06, 12433.393273858 
2169651, 26, 9.192697321248e-06, 36065.3410316742 
2170099, 141, 9.70977483032169e-06, 345759.729456742 
2171498, 67, 9.18273645546373e-06, 64880.2673581049 
2184, 9, 8.51679938679044e-06, 3165.63369404149 
2218619, 20, 9.83438889107431e-06, 54496.5979520018 
2225, 53, 1.00551019587339e-05, 4777.88256106235 
223785, 37, 9.97546036749596e-06, 84121.1730287043 
224027, 99, 9.33820164912641e-06, 47633.2845328902 
2283289, 29, 9.32975070906105e-06, 63369.3249085388 
2294149, 43, 8.17908934019286e-06, 75123.8085287227 
2321115, 30, 7.4736739833935e-06, 8587.3487264939 
2336, 123, 1.01610526850582e-05, 63182.8439325036 
2419963, 15, 8.99442345745638e-06, 6287.16066381244 
2423, 143, 1.01661143077893e-05, 91694.6720311102 
246861, 35, 9.24727205474385e-06, 5274.79751285299 
2490813, 15, 7.8598432747251e-06, 20252.6780148559 
2497644, 42, 8.89078558981472e-06, 10908.3875873486 
2501948, 48, 8.26993053258353e-06, 12472.5170427127 
2509666, 35, 9.80959574655928e-06, 113298.696043142 
2560145, 9, 8.46202665538396e-06, 368.757186600649 
2560158, 78, 1.00565176290754e-05, 17462.8922318246 
2560244, 51, 9.69142502713599e-06, 289470.139470022 
2560302, 22, 9.34876502813978e-06, 46922.9759339926 
2560332, 58, 8.65980809865253e-06, 58136.4642325712 
2560360, 127, 1.06471327271566e-05, 30849.5945748611 
2560490, 68, 9.91394694055597e-06, 166005.481495655 
2560491, 55, 9.06815626246872e-06, 46804.3762420642 
2560497, 63, 9.08017797148824e-06, 5468.3135398065 
2560590, 117, 9.89589518267822e-06, 131521.674532991 
2560591, 84, 9.56571647216377e-06, 115969.625510941 
2560657, 26, 8.0232352893981e-06, 53859.4021212934 
2560682, 57, 8.09978940547546e-06, 40800.3269334837 
2560689, 84, 1.02561998728231e-05, 27110.7775144598 
2571247, 18, 9.53670678441321e-06, 3409.75437579751 
2576356, 34, 8.3947549571028e-06, 34741.3059455004 
2578113, 60, 8.9541547277937e-06, 17021.7858070964 
2591214, 23, 8.64020460004493e-06, 45883.3895484697 
2591215, 50, 9.620102165485e-06, 93506.0965544789 
2594453, 24, 8.917663215531e-06, 185811.693323564 
2594456, 110, 9.52616838455236e-06, 52435.5365753003 
2686313, 4, 7.55852185546595e-06, 18580.3217485837 
2698923, 46, 1.00201404823696e-05, 40317.1157363961 
2713258, 15, 9.63623223319682e-06, 11922.8583832473 
2713269, 2, 7.4848058441364e-06, 21.1144778550297 
2714177, 52, 8.15474443030955e-06, 13999.5878202536 
2731207, 14, 9.22773117773533e-06, 2767.14659544301 
2732683, 95, 9.7570494682408e-06, 44521.0728087024 
2733088, 10, 9.26878551103449e-06, 9209.04653251349 
2733178, 24, 9.12250613488538e-06, 20891.1456570232 
2733215, 21, 9.83139163348572e-06, 6746.72794409594 
2733329, 37, 9.2471010338259e-06, 150881.261775168 
2733334, 62, 9.63483957992099e-06, 37335.2984816204 
2733595, 49, 9.51320909082261e-06, 93443.9710253721 
2733925, 56, 8.1740082884444e-06, 20455.6564374112 
2733937, 3, 6.35328051639464e-06, 944.311255449493 
2733991, 30, 8.25300409349003e-06, 12908.79485306 
2734065, 155, 1.03336743445867e-05, 438487.595163498 
2734117, 15, 8.88186234889732e-06, 31888.9664903472 
2734134, 8, 9.06125407756433e-06, 16742.9442522538 
2734152, 52, 8.15474443030955e-06, 13999.5878202536 
2734203, 11, 8.9419844051792e-06, 5534.56328664867 
2734211, 36, 8.06412592939051e-06, 57402.2193757743 
2734213, 21, 9.38271141594498e-06, 28030.0681549982 
2734218, 162, 9.90785693054592e-06, 111738.285828646 
2734225, 45, 9.04118258668234e-06, 23554.732150301 
2734226, 12, 8.86980894431534e-06, 3239.196952061 
2734241, 56, 1.05813387509788e-05, 45645.6343402815 
2734253, 21, 8.59350159409455e-06, 1881.18546486719 
2734571, 31, 9.40901948607935e-06, 6614.6776142967 
2742641, 12, 8.28802546081422e-06, 3024.05486625954 
2742657, 12, 8.82301041115229e-06, 54179.5754395866 
2743404, 78, 9.47005568392742e-06, 84450.2006256503 
2759662, 27, 9.95203120956987e-06, 59048.0704043062 
2762410, 142, 1.07235155973534e-05, 88708.6110823413 
2763068, 8, 8.18746008613208e-06, 46600.4886345808 
2763529, 109, 9.47337507933952e-06, 114639.341855765 
2766781, 23, 8.75848478213269e-06, 432238.090849825 
279006, 23, 9.20818792069909e-06, 13376.2233246907 
2794998, 107, 9.18357975939021e-06, 35554.879204438 
2812864, 3, 7.5946867571447e-06, 886.877604167576 
28228, 18, 8.70238706477187e-06, 14006.9045181617 
2839744, 16, 9.23258734027624e-06, 27812.434414352 
2841300, 43, 8.17908934019286e-06, 75123.8085287227 
2841302, 6, 8.20519552980947e-06, 1057.6987925311 
2842457, 24, 9.52263053145801e-06, 10063.0914192921 
2842820, 11, 9.01892169772182e-06, 3923.75596457042 
2843069, 33, 9.46100646186741e-06, 25304.1648063954 
2843436, 16, 8.73354817861853e-06, 37347.8380475068 
2843847, 11, 6.68976866779947e-06, 6750.46705504246 
2844485, 61, 8.49668204566117e-06, 485003.394534737 
2844661, 118, 1.02000224400494e-05, 160942.695793572 
2844669, 118, 9.75019987909752e-06, 286245.121320138 
2845164, 30, 7.4736739833935e-06, 8587.3487264939 
2845594, 67, 9.87976328087179e-06, 253706.989595702 
2845688, 28, 8.3089603828769e-06, 10753.2652264782 
2846044, 100, 1.02655703037582e-05, 220780.544210159 
2846050, 49, 9.74250557758444e-06, 185028.400754713 
2846061, 89, 9.44518956495457e-06, 53019.8284308718 
2846072, 6, 6.58913451718117e-06, 28861.4634086225 
2846390, 33, 9.41141039396164e-06, 13103.1268682468 
2846398, 60, 1.00652226427249e-05, 680425.727369677 
2846414, 10, 8.26337013287499e-06, 6979.49095229785 
2853534, 19, 8.42232927938551e-06, 2222.19793925767 
2863847, 2, 7.29900368599686e-06, 0 
2867473, 18, 8.74699322108025e-06, 20580.4331060049 
2874886, 61, 7.63335470672651e-06, 12636.7375991012 
288021, 124, 9.66585151318905e-06, 975179.665612004 
2884834, 24, 1.02476865847535e-05, 9376.72046524798 
2886505, 53, 1.01782206434671e-05, 17467.599933414 
288793, 25, 8.21085474997947e-06, 156078.98466751 
2894203, 2, 8.32189073357467e-06, 15052 
2894367, 36, 9.21956391462684e-06, 3750.6398114551 
2902422, 23, 7.93090594738637e-06, 78938.6752804583 
2907493, 28, 8.46625351349521e-06, 6650.0821701669 
2912630, 8, 8.1383519837233e-06, 37058.4875270094 
2914029, 9, 7.99552250739586e-06, 4132.6934280987 
2920934, 15, 7.74803393638864e-06, 7005.96418507365 
2926099, 146, 1.08977572415597e-05, 38408.0804123053 
2944951, 47, 9.24761411555819e-06, 5191.56941660623 
2945589, 25, 7.71307365985345e-06, 24146.5386526703 
2946170, 79, 9.48047023132347e-06, 132580.668174445 
2948847, 114, 1.02545171147891e-05, 55486.1740758672 
2951104, 43, 8.73644758568271e-06, 8216.91502101961 
2953978, 15, 9.73093952221087e-06, 2096.08540440571 
2953987, 8, 8.41765012879005e-06, 1900.72448770876 
2954054, 41, 7.69355049661869e-06, 61060.8060984693 
2954056, 36, 9.33916096977847e-06, 22108.1908920608 
2954064, 6, 8.01429750675205e-06, 4141.60276648616 
2955235, 12, 8.96772515715938e-06, 1348.06458511704 
2955237, 54, 7.54386759003606e-06, 65050.8104510357 
2955325, 35, 9.94708152628019e-06, 6494.26756288207 
2955337, 30, 9.91149039081007e-06, 2548.27260810204 
2955348, 5, 9.18855840707151e-06, 1206.22735499509 
2955404, 103, 1.01075442710439e-05, 13652.918442586 
2955426, 10, 8.04084750532706e-06, 12698.3478759118 
2955496, 80, 1.04968142168852e-05, 20893.1197902614 
2955559, 9, 8.18819753207726e-06, 35982.6929059882 
2955578, 21, 8.35456785997744e-06, 28405.3884655027 
2955609, 83, 1.01686987116259e-05, 37689.4760871391 
2955740, 29, 8.09631374835038e-06, 28709.4233075677 
2955966, 84, 9.31593117390049e-06, 41998.0619081355 
2955994, 18, 9.62593612228789e-06, 39497.2513611678 
2956061, 65, 9.75752549153535e-06, 9753.93869224051 
2956080, 9, 9.13200310488106e-06, 4220.01708032265 
2956131, 20, 9.07811719849303e-06, 7870.03099039654 
2956134, 7, 8.81406725133313e-06, 874.116468571521 
2956195, 37, 9.89334969033816e-06, 30833.2573866259 
2956206, 11, 7.94066733368272e-06, 21123.2259108409 
2956263, 17, 8.61393217389806e-06, 9208.86402867899 
2956309, 70, 1.0072420704868e-05, 81274.5112313062 
2956358, 38, 9.28530971150543e-06, 2855.9856646475 
2956367, 24, 9.45626477541371e-06, 70623.5383651123 
2956437, 33, 9.54799778486451e-06, 28599.2450847028 
2956440, 32, 1.00371374084111e-05, 85621.7770413147 
2956469, 17, 9.08298212469118e-06, 80188.8341143401 
2956517, 7, 7.06050143681204e-06, 305.943822972818 
2956531, 20, 9.27153545898736e-06, 3216.32871529787 
2956532, 72, 1.024779160091e-05, 36914.4214795628 
2956543, 101, 9.62612144314813e-06, 222733.876123897 
2956563, 22, 8.61200341035335e-06, 46473.0062851628 
2956655, 49, 9.35497450769447e-06, 6533.66983081592 
2956657, 76, 9.16371900372047e-06, 15633.9288895913 
2956829, 10, 8.46933676623784e-06, 35739.074109235 
29574, 17, 8.85198594304632e-06, 5243.2680321671 
2959429, 23, 8.62663906142167e-06, 22286.5086818051 
2967300, 29, 8.69021134593993e-06, 184934.563009614 
1882831, 435, 8.78433577245057e-06, 9652.38534384922 
652764, 36, 8.64296764937209e-06, 13811.6951760167 
662548, 384, 8.52514919011083e-06, 7095.97923281869 
2304600, 454, 8.4881717326905e-06, 18356.6291204996 
2294034, 139, 8.73621861513463e-06, 42259.0140109119 
85012, 404, 8.52464047328804e-06, 4307.99204265974 
1653478, 174, 8.54496359845507e-06, 4490.36803773565 
475937, 281, 8.46424702058505e-06, 9028.46399007159 
434008, 254, 8.43824889458939e-06, 8960.30444659894 
1385663, 84, 9.06758067879909e-06, 33405.4483543208 
68214, 584, 8.47946274124071e-06, 5616.6471376287 
991904, 481, 8.49668204566117e-06, 19995.2013565304 
317577, 26, 9.0026017519063e-06, 4281.91071256695 
2026624, 111, 8.21807483378944e-06, 11494.6806509091 
2931983, 640, 8.38265126494208e-06, 7354.91074937354 
2994664, 20, 8.13292451832754e-06, 44198.7845505128 
1805827, 627, 8.46991064244272e-06, 5094.21512976326 
1141883, 364, 8.42971305256769e-06, 14472.0394438333 
2866715, 647, 8.67513359705739e-06, 14559.7597013345 
2981136, 598, 8.37429760578832e-06, 8066.49662794942 
3075824, 641, 8.46897813309846e-06, 4557.284475468 
34071, 196, 8.36386142754387e-06, 2854.37691546353 
43057, 27, 8.62782992821646e-06, 2244.91839625036 
1960, 671, 8.57404978093303e-06, 9137.41623284652 
69665, 48, 8.42353535778966e-06, 44708.5059316521 
2871170, 199, 8.60985311590584e-06, 4725.63855148944 
639200, 319, 8.29675845647106e-06, 12376.9994219273 
2203204, 693, 8.64588196641939e-06, 11299.335493528 
2763107, 451, 8.74852368662788e-06, 3288.84001351384 
1736691, 375, 8.52442247037763e-06, 33851.5476074993 
2585716, 482, 8.58420677637283e-06, 27485.2656639093 
217203, 252, 8.4850027576259e-06, 3252.42747306623 
2599600, 472, 8.61230008698423e-06, 7159.99921188098 
446860, 176, 8.54810445783647e-06, 3838.42067770192 
879274, 151, 8.64618098186031e-06, 13575.8515404897 
53522, 306, 8.66596183510408e-06, 13187.9416921048 
1841249, 575, 8.36750062756255e-06, 12446.0066046387 
179636, 405, 8.36127392369501e-06, 18256.3926599174 
75682, 303, 8.50253375505901e-06, 7580.98175628558 
3057122, 670, 8.56245023075803e-06, 9470.76565355003 
2970925, 115, 8.437536914224e-06, 11380.5407216089 
75385, 196, 8.3216829771653e-06, 5515.40028895409 
2500546, 134, 8.54474455486153e-06, 11482.1923146355 
2816956, 358, 8.57905167162822e-06, 11002.5321872793 
1711, 455, 8.51215962001719e-06, 12210.9357883809 
3061626, 120, 8.81709811666784e-06, 15942.7763904631 
1882757, 614, 8.35442826470171e-06, 7046.14998502267 
1545044, 31, 8.61474844934528e-06, 10662.1565528928 
1077946, 657, 8.55029712282502e-06, 12243.5102530786 
1977088, 569, 8.55739444453953e-06, 17602.6830339087 
2040, 165, 8.5628168242225e-06, 26138.5507112598 
633392, 287, 8.8274498380163e-06, 3789.57143028048 
1907, 160, 8.64984560025604e-06, 1295.80361759786 
2968500, 115, 8.27088812796718e-06, 11260.1951696798 
237, 10, 7.83846491503104e-06, 285.07705747271 
434009, 267, 8.49163149715955e-06, 3461.42655007184 
53462, 581, 8.32445391582312e-06, 13258.4471908639 
3009077, 398, 8.43675387457922e-06, 11061.1229770669 
2907545, 670, 8.4742890071523e-06, 11115.8422269985 
33877, 195, 8.65283942925871e-06, 413.196527113401 
2976533, 95, 8.18712492733927e-06, 10194.0835113014 
535, 615, 8.39137366786943e-06, 14924.1019401572 
1078471, 196, 8.64805029706053e-06, 5618.25294034325 
1138587, 373, 8.60703711354403e-06, 12975.4953241299 
1795, 590, 8.35743059153894e-06, 9091.00834734326 
1838286, 708, 8.7404947120007e-06, 21926.5498454889 
2233999, 29, 8.59136052785319e-06, 6554.72248530247 
2865112, 845, 9.16825583101071e-06, 12318.9811656466 
241425, 27, 9.20191767964444e-06, 66015.5993045189 
1391653, 590, 8.54788525318836e-06, 11704.8065712077 
593909, 485, 8.65418732853891e-06, 10378.7074424438 
2774190, 108, 8.23004625285994e-06, 4357.89591634454 
1871048, 117, 8.77100656071291e-06, 11521.514253259 
3015997, 115, 8.54700854700855e-06, 14342.3277458363 
553510, 538, 8.58229130013131e-06, 16711.7359087808 
83461, 666, 8.52398649800539e-06, 17347.6584073154 
2968085, 564, 8.56582407510515e-06, 22159.2518433381 
150203, 143, 8.39235959582396e-06, 12735.5756565473 
2108445, 79, 8.69814816425583e-06, 4896.83551666674 
2742136, 692, 8.56883343901561e-06, 12019.6474618598 
409, 18, 8.68968273968317e-06, 132.324456830372 
49546, 91, 8.53650208290651e-06, 63124.7517731694 
2932244, 610, 8.37696335078534e-06, 12148.4974879095 
1950, 770, 8.60444505631609e-06, 16901.1031641827 
2819979, 398, 8.61460002412088e-06, 16144.3437342721 
207745, 258, 8.5507357908148e-06, 4494.60958136085 
530584, 615, 8.50629465804695e-06, 9468.05218121728 
46351, 691, 8.55124762702878e-06, 8969.90601334038 
323415, 646, 8.51788756388416e-06, 17171.8452112489 
2968083, 324, 8.58251227299255e-06, 10832.1711400746 
2715959, 46, 8.73255671795588e-06, 2866.59982764985 
1045776, 612, 8.47400176259237e-06, 6188.53712200247 
314722, 670, 8.49177571521981e-06, 8836.44369586012 
228602, 606, 8.4110655979006e-06, 6612.72437516235 
362257, 651, 8.53336974237757e-06, 7262.43032217879 
2949637, 564, 8.70890485521446e-06, 11320.1551713306 
3039386, 559, 8.33347222453708e-06, 10876.4155141016 
1921510, 139, 8.35198610229513e-06, 14882.3619462118 
11, 598, 8.60296458159482e-06, 10854.0077464483 
2825844, 295, 8.67603678639597e-06, 6006.9636424865 
2861279, 859, 9.68335431393435e-06, 1564.77786302066 
2561924, 127, 8.46991064244272e-06, 12013.0849234451 
2759707, 123, 8.10379338568384e-06, 14664.9756009153 
96344, 490, 8.41708331229063e-06, 9903.12551872082 
2903629, 695, 8.5954959601169e-06, 12245.8356844884 
2976822, 283, 8.67784372939012e-06, 6901.22486081212 
1404443, 276, 8.60207654127707e-06, 4432.54923757273 
1016987, 152, 8.56120404773727e-06, 25520.4036632028 
9, 79, 8.85034073811842e-06, 55503.1844186639 
587753, 571, 8.33639000967021e-06, 15175.4789409807 
2781978, 459, 8.69036238811158e-06, 13119.4588356267 
2932247, 670, 8.54642417612471e-06, 8224.39650313537 
42197, 282, 8.68477732230946e-06, 25614.9048723546 
1973475, 20, 8.89268310034504e-06, 3694.40634688533 
1268041, 168, 8.59956142236746e-06, 12241.3366367849 
2812896, 59, 8.6299147364424e-06, 2057.12071605036 
82380, 609, 8.51796011891072e-06, 8122.32747003137 
151783, 314, 8.42985517508809e-06, 18110.4863252277 
2885079, 58, 8.93048510395085e-06, 4342.32191777541 
186189, 395, 8.62173020881831e-06, 19430.6967065438 
2908837, 787, 8.6549363429432e-06, 26252.607733132 
3015999, 97, 8.49733183780293e-06, 9528.49474573176 
310581, 100, 8.40074934684174e-06, 14736.6953220238 
682998, 10, 8.25695648583932e-06, 8271.12360239716 
2981135, 682, 8.5603978872938e-06, 10708.756905843 
129921, 658, 8.51440637558749e-06, 10445.6691243199 
54298, 12, 8.87185492742823e-06, 69696.4572378834 
67267, 782, 8.64214601769911e-06, 16110.9803428531 
2789739, 955, 9.23369560199079e-06, 19964.7780163255 
1522432, 235, 8.47120214829686e-06, 1616.70066749931 
247333, 170, 8.65051903114187e-06, 6858.79180383649 
1165, 24, 8.77816694317893e-06, 5958.01402658722 
28448, 64, 8.60659264996988e-06, 14147.0740721278 
2782169, 731, 8.60881542699724e-06, 18639.181935537 
1315974, 31, 8.05392910931598e-06, 79.6257242822024 
2496836, 664, 8.5598849551462e-06, 8907.36235740937 
1179673, 617, 8.51223207749536e-06, 20031.9087685266 
2082387, 573, 8.82168723590074e-06, 18074.898214587 
589382, 655, 8.49408387058414e-06, 12249.5449795682 
318424, 659, 8.4997152595388e-06, 6990.48561090188 
3039801, 135, 8.96877074028234e-06, 9592.20539126443 
1072463, 254, 8.62842548491751e-06, 11344.1298448402 
57493, 203, 8.6755851682196e-06, 4848.36046514409 
2055889, 657, 8.59431400185637e-06, 11494.853099501 
35621, 425, 8.74959533121593e-06, 47910.8169323521 
209247, 703, 8.6087413159322e-06, 17177.6511914285 
70799, 23, 8.98674455178612e-06, 36921.1120486173 
3019553, 512, 8.55307611382434e-06, 19047.1800612177 
709810, 8, 8.14053825238925e-06, 8223.73845950318 
2080419, 24, 9.03611736109229e-06, 2182.7628347294 
40988, 669, 8.75656742556918e-06, 24615.8527356712 
399736, 725, 8.56670464572393e-06, 11888.1342316414 
2527989, 663, 8.5028952358278e-06, 12081.8530611395 
2995166, 160, 8.93152202066754e-06, 11436.7408017013 
3033811, 672, 8.67927475980107e-06, 9498.28157708383 
2292766, 682, 8.56384345294168e-06, 14133.2984571202 
29580, 474, 8.38468955686916e-06, 18144.9600563356 
292913, 130, 8.52115376421967e-06, 13132.9249563423 
2303331, 762, 8.60303859323113e-06, 21062.1032284387 
2725666, 344, 8.76623945859705e-06, 5887.48735481953 
3039384, 599, 8.70367469145473e-06, 16468.7188743119 
2175648, 27, 8.21321506303643e-06, 55088.1977552407 
2662261, 269, 8.48759537935307e-06, 18178.0833336226 
2674997, 149, 8.32972378635924e-06, 75276.9376414318 
2976823, 286, 8.65216563705896e-06, 8959.94756933141 
1325115, 300, 8.64244477477789e-06, 8522.97492743405 
1269, 313, 8.71892792062288e-06, 8405.04036464931 
1276, 195, 8.69678653737444e-06, 9867.87522718678 
3064278, 311, 8.74446912327953e-06, 4120.99264010542 
56458, 616, 8.42523864488462e-06, 8415.48380591942 
2509459, 402, 8.66235858699607e-06, 20160.558782549 
1771, 684, 8.5340979885131e-06, 9848.31948272207 
2608402, 588, 8.62024378049411e-06, 14144.8498640745 
871742, 334, 8.4826995342998e-06, 25698.3848118584 
39689, 934, 9.1760797951899e-06, 16727.0658449161 
482564, 14, 9.34500836378249e-06, 43315.8666720375 
2675523, 5, 7.85669390320553e-06, 0.226032671465987 
168695, 129, 8.82511274081526e-06, 8006.17554592568 
710705, 697, 8.72440477748406e-06, 7451.55104758442 
2003551, 461, 8.70314444608837e-06, 17290.5325605041 
39695, 619, 8.74967188730423e-06, 10786.6178274484 
423349, 89, 8.12796670784836e-06, 4608.17023429132 
3064139, 3, 7.77073231381325e-06, 0 
1904616, 574, 8.73774531219964e-06, 10770.9663959133 
2498704, 534, 8.49458894684086e-06, 17977.3338713042 
31988, 530, 8.76900682228731e-06, 12847.7376516063 
388357, 171, 8.65081836741756e-06, 7223.83419999648 
48935, 144, 8.39912649084495e-06, 14814.0851843551 
37330, 688, 8.48608282416836e-06, 9358.82297084632 
1794, 959, 9.22560289314907e-06, 17354.8960613353 
40137, 287, 8.48795559101635e-06, 16551.6774439773 
2721244, 705, 8.55329558478882e-06, 9505.91067969225 
2909587, 466, 8.77016040623383e-06, 8734.46509201047 
2714844, 763, 8.78464444151623e-06, 11889.9064065714 
1223566, 270, 8.63550401119161e-06, 2553.83006734747 
1889, 586, 8.78171296093016e-06, 19808.0724135088 
2782168, 658, 8.7060236977965e-06, 11763.9863401348 
46429, 111, 8.50578818886252e-06, 13567.7783608573 
62140, 70, 8.67701545376452e-06, 54368.4957188183 
2984338, 646, 8.59239401281985e-06, 12307.8259194786 
3050069, 21, 8.10753838919427e-06, 220.535323517113 
2070347, 527, 8.67656373369891e-06, 7635.85426603725 
68200, 794, 8.72981230903536e-06, 12155.7622632596 
37332, 708, 8.70579631918932e-06, 8967.53263096329 
492670, 8, 8.2706829102879e-06, 29626.4566273327 
2684468, 800, 8.71080139372822e-06, 11989.8239407283 
3004093, 722, 8.62686232390417e-06, 17641.2576630157 
1852022, 588, 8.79484270423823e-06, 7515.21549439444 
1763828, 52, 8.72326319829722e-06, 64097.7525391262 
95486, 603, 8.4011728037234e-06, 13919.4268782737 
280, 34, 8.95920872268561e-06, 4469.27050849569 
40989, 299, 8.7926774582128e-06, 31380.6688196605 
2935861, 532, 8.82160941442157e-06, 29768.5108803121 
343, 649, 8.50311213904289e-06, 12831.8180481018 
370526, 655, 8.49271325202976e-06, 8336.02018006169 
1413221, 704, 8.60881542699724e-06, 15926.4056293407 
216778, 676, 8.55168639255661e-06, 10523.9381967966 
2107713, 286, 8.75518744856327e-06, 16800.2114319466 
1798223, 295, 8.7038262019984e-06, 12472.393072439 
2321403, 667, 9.00698040981761e-06, 14727.2391890408 
483545, 629, 8.72722195070865e-06, 27964.8826059094 
2725414, 89, 8.5450366154819e-06, 17385.6086639975 
33903, 711, 8.56135063867676e-06, 10266.7494552736 
290399, 699, 9.74079738167366e-06, 2745.54259251293 
533, 9, 8.14179754606222e-06, 45209.5922993179 
435, 57, 8.36631054071465e-06, 6325.74556236415 
2419844, 64, 8.93112317805087e-06, 2324.97999771411 
2995141, 802, 8.78912258189265e-06, 18946.6995830676 
1357545, 25, 9.41823558774499e-06, 15689.7873383843 
2014920, 654, 8.53395232934229e-06, 14942.7988043564 
2714942, 21, 8.67641317079519e-06, 85342.7745875718 
28894, 537, 8.86406949430484e-06, 9466.9709148403 
2789327, 24, 8.0330963569908e-06, 2.86980348167852 
1823, 673, 8.67897345102021e-06, 8589.2283701604 
82541, 584, 8.5494199218583e-06, 20745.1229489751 
376175, 289, 8.6094083614574e-06, 3663.72471118985 
2603206, 458, 8.79360529023294e-06, 3922.22186099652 
340345, 635, 8.92729610055706e-06, 19044.9692161598 
1834519, 130, 8.4374657227955e-06, 28771.5645776168 
1047172, 739, 8.65179135339972e-06, 24240.6637435623 
2382165, 738, 8.68598429574039e-06, 8743.4159399926 
1793, 477, 8.85308308618476e-06, 12128.4422194964 
1442032, 545, 8.825346394846e-06, 36362.1906240184 
67367, 762, 8.71854783867199e-06, 9135.12168872747 
1736046, 546, 8.77940001580292e-06, 9205.89861843996 
547188, 506, 8.48572277143706e-06, 6628.10536463074 
192812, 20, 8.44109801803018e-06, 27887.5555746439 
2681552, 300, 8.65591025552247e-06, 7342.6658176896 
84595, 648, 8.6397567044512e-06, 12886.5317321097 
356851, 602, 8.91575503071478e-06, 8509.47070928627 
2587808, 604, 8.71611609866643e-06, 9500.86837069524 
1535768, 690, 8.53023969973556e-06, 16618.3953493993 
2755382, 717, 8.62976578815651e-06, 18879.5037079025 
3023370, 659, 8.60659264996988e-06, 9892.4403070419 
339, 730, 8.57111021590627e-06, 12801.8049963966 
2686094, 432, 9.19878576027964e-06, 4064.42802499661 
3051092, 747, 8.73217544686908e-06, 12709.1988813994 
2750011, 689, 8.59475719810915e-06, 13857.0819874872 
2419774, 529, 8.70428076528037e-06, 6996.26863684968 
2567881, 305, 8.83806022254236e-06, 24691.987626679 
2558931, 637, 8.61534220139224e-06, 20778.1684950856 
2567934, 781, 8.72379589807117e-06, 12058.6173074798 
1894, 705, 8.88651915044877e-06, 26966.2656477082 
32002, 630, 8.5228241230014e-06, 7549.10952566302 
1144307, 127, 8.69988864142539e-06, 63191.4079532328 
290, 323, 8.54649721811516e-06, 14390.6939937186 
2730915, 709, 8.62976578815651e-06, 16779.8589617374 
665007, 811, 8.81639850121225e-06, 14381.1234688292 
748247, 839, 8.81235845149237e-06, 18010.0658187492 
3075197, 869, 8.85245611394881e-06, 19712.8845283739 
216929, 754, 8.71581222654139e-06, 19027.3201110951 
1793722, 87, 8.60340867051526e-06, 5119.31764865749 
386874, 81, 8.79964097464823e-06, 124587.408246367 
2933290, 304, 8.79809257353006e-06, 18640.7714570316 
1792, 837, 8.77031424035923e-06, 19662.9290745235 
2695266, 729, 8.76462596958675e-06, 13143.8741448258 
47312, 470, 8.86595561702618e-06, 36398.7279717543 
258505, 784, 8.73980719985317e-06, 13371.1284423185 
2599293, 558, 8.83158173628897e-06, 9586.18465946799 
374606, 353, 8.88509791377901e-06, 10563.3948100379 
2676868, 83, 8.4777374614263e-06, 8270.27372944772 
2838157, 42, 8.61118765500138e-06, 9259.03900582974 
3028710, 825, 8.88241459558366e-06, 8683.64899623068 
2992573, 962, 9.21667480806275e-06, 22757.2293913894 
2567884, 815, 8.85865135891712e-06, 17328.3391698287 
463025, 492, 8.75771773875728e-06, 11435.0336709516 
2293571, 596, 8.71520454585069e-06, 8552.29545149116 
35, 782, 8.65965811669755e-06, 26073.6682977903 
1612173, 26, 9.00965835375523e-06, 36951.6859694706 
2775403, 403, 8.8011899208773e-06, 11929.8008577726 
1652028, 587, 8.82643694393447e-06, 10581.0063082306 
2934158, 384, 8.94766510679038e-06, 5564.50895062343 
2054227, 83, 8.37394697616775e-06, 1716.67552513554 
2777475, 632, 8.91098813947479e-06, 10384.4443094154 
1932, 506, 8.98222417835104e-06, 17560.8556964371 
1379903, 70, 8.8862822460967e-06, 2851.2946445244 
2879846, 724, 8.64812508648125e-06, 21635.021169481 
57497, 17, 9.42960329658931e-06, 14191.0187527244 
2175645, 41, 8.46747220552249e-06, 23819.1527488358 
477680, 84, 8.54284664735983e-06, 13504.0967590681 
2599401, 617, 8.9021035670729e-06, 6441.37625033806 
53451, 456, 8.90971782923635e-06, 9700.37125551963 
76885, 6, 8.20997840775679e-06, 1.28737413931192 
2059884, 541, 8.89299943084804e-06, 5133.26293851998 
1906274, 613, 8.80653797379174e-06, 6784.15413656824 
2897774, 289, 8.90598838659114e-06, 36877.5844904421 
862751, 663, 8.87216977784087e-06, 9194.92219240515 
1229727, 583, 8.93694981902677e-06, 21943.1798130044 
137816, 8, 8.97609665460878e-06, 142.36206709027 
57043, 686, 8.71171202564728e-06, 12164.8503120658 
85968, 178, 8.78896808725687e-06, 3218.08090464603 
2060312, 78, 8.36904124263524e-06, 3421.82279911238 
323620, 140, 8.98553329140084e-06, 10494.0629114175 
1385, 578, 8.56633771929825e-06, 12245.8010828091 
1678, 663, 8.55556411111967e-06, 10258.9317454502 
2974023, 379, 8.92172082151205e-06, 4259.69692042259 
2282397, 134, 8.40604562801567e-06, 25971.2934102929 
1804624, 288, 8.8447829048036e-06, 20563.0757584986 
2201999, 187, 8.92825256240849e-06, 4553.35017423644 
2749991, 750, 8.7211330496058e-06, 8153.31102573866 
2483401, 558, 8.7861109158642e-06, 9870.06913068348 
2962047, 536, 8.83845079634442e-06, 20256.1965393918 
1766, 757, 8.65126741067566e-06, 20349.6879501698 
2707174, 12, 8.73705823249312e-06, 3136.49775297481 
66880, 684, 8.67965142519876e-06, 8249.15323479994 
2493676, 647, 8.97819197170074e-06, 10606.7180537073 
80867, 552, 8.61393217389806e-06, 8564.35579982379 
1515612, 125, 8.58531224780645e-06, 20382.935337913 
2033869, 39, 8.80855486848828e-06, 884.885819827061 
2591463, 109, 8.51897601908251e-06, 8675.52175557811 
2654547, 675, 8.78325560152126e-06, 16397.805967534 
67282, 698, 8.83946644980509e-06, 22632.554209728 
2018065, 41, 8.76931441499903e-06, 418.625480147404 
1447062, 279, 9.00503381390197e-06, 8511.69837459544 
2975441, 118, 8.68417396137279e-06, 23324.1113708475 
2005884, 853, 8.85810206305197e-06, 19800.5715656372 
1297742, 869, 8.84916596610769e-06, 24127.3772467192 
1285901, 414, 8.77624096047181e-06, 25301.965860414 
1915, 742, 8.6530640499801e-06, 20737.2449852423 
1967, 775, 8.74393389585975e-06, 17529.8050864806 
34007, 54, 9.00876552885958e-06, 35615.6041269014 
1795631, 300, 8.70776732845698e-06, 2720.0403200227 
39694, 817, 8.82893063992089e-06, 14807.3341527 
79328, 89, 8.54321156409117e-06, 20336.7241619715 
337, 703, 8.70094840337597e-06, 14942.5808601113 
2721246, 861, 9.027633586408e-06, 17295.8432208352 
1061, 666, 8.95888766450758e-06, 18008.1643927937 
2547399, 463, 8.61571333798582e-06, 15725.8183893925 
29549, 638, 8.62135855368089e-06, 22173.1473776287 
2593973, 124, 8.80413442152435e-06, 4518.78217594259 
743009, 346, 8.94774516821761e-06, 977.403646983572 
69395, 87, 8.58649173120846e-06, 11625.5293189346 
147645, 49, 8.18243558377587e-06, 8916.16560430139 
1274, 676, 8.84220206200152e-06, 13780.0062476202 
488447, 706, 8.55614973262032e-06, 12933.9082344089 
2686304, 765, 8.83852891524735e-06, 17831.9793635307 
2711231, 438, 8.95014767743668e-06, 5146.02749757032 
582680, 555, 8.81562128090977e-06, 8015.62638389336 
320497, 85, 8.85323984312059e-06, 39097.0835303917 
42881, 869, 8.94078517975449e-06, 14820.9196784363 
2651974, 488, 8.82487909915634e-06, 13470.6688339713 
465721, 759, 9.56004665302767e-06, 4863.57849948839 
2963431, 362, 8.91321205422798e-06, 30777.8479604859 
684552, 853, 8.8673707359031e-06, 14805.2615917919 
1810, 734, 8.64947151729029e-06, 17748.7121551882 
34, 827, 8.80250695398049e-06, 17742.9585179387 
1874061, 150, 8.49668204566117e-06, 19916.2883165264 
3038773, 29, 8.87539828349797e-06, 1228.16223506062 
319939, 803, 8.79847962272119e-06, 14980.970101041 
2838850, 814, 8.8281512085739e-06, 14796.153286798 
3068634, 587, 8.83876328024183e-06, 10657.6639883603 
2820884, 715, 8.76163106523911e-06, 19751.284701128 
3015149, 128, 9.08917388498559e-06, 6893.12176447377 
1494466, 771, 8.72326319829722e-06, 10564.1424018644 
2589903, 621, 8.92705701711317e-06, 10406.4645478726 
80860, 589, 9.02176952987559e-06, 27694.662377428 
1176646, 82, 8.73667656823344e-06, 124561.634162898 
39692, 776, 8.72341539159412e-06, 8014.48652639346 
2845626, 50, 7.67341927562922e-06, 54416.2676994924 
2845656, 32, 8.93399564021013e-06, 57243.5469935939 
2845758, 52, 8.32861378552154e-06, 56392.7188099958 
2845760, 11, 7.4055423078632e-06, 1366.87317952977 
2845873, 94, 7.07954577634299e-06, 60430.9095767594 
2845939, 34, 8.71923201004456e-06, 20289.70796653 
2845967, 75, 7.40422633239053e-06, 29077.4596409211 
2845970, 42, 8.78966335589347e-06, 151355.346981471 
2846049, 15, 8.35052149006705e-06, 46753.2527161649 
2846052, 32, 8.89592655523036e-06, 37674.9748997632 
2846073, 2, 6.9439622248455e-06, 15.7933572243063 
2846117, 52, 7.79411076990226e-06, 57572.1146097073 
2846179, 46, 8.48018181509812e-06, 63564.196967253 
2846180, 57, 8.30178654446437e-06, 6209.52961450221 
2846232, 13, 7.74593338497289e-06, 4313.60123977871 
2846388, 48, 8.48990126244832e-06, 8552.39010524306 
2846394, 21, 8.34111837715201e-06, 93242.7041664142 
2846402, 123, 9.18974057362361e-06, 75939.2790416588 
2846408, 47, 8.9720699462573e-06, 60985.8021051181 
2846673, 41, 8.57228580000857e-06, 29805.0057742617 
2847108, 106, 8.74553977471489e-06, 155240.293870749 
2848887, 21, 8.81142665809021e-06, 15605.8701775185 
285013, 31, 7.85305365991566e-06, 3922.86578485486 
2857501, 84, 8.81927540833245e-06, 156974.933100007 
2859072, 13, 8.0862315734998e-06, 3487.9537826029 
2859488, 32, 8.9613764674254e-06, 70481.9225887987 
2859632, 26, 8.12077212301346e-06, 105371.819816181 
2859634, 123, 9.09529136765896e-06, 84991.0333357965 
2859656, 45, 8.86886496266208e-06, 38940.0992283049 
2866193, 145, 9.43182675620614e-06, 135614.301948333 
2867004, 104, 9.6169566179087e-06, 99133.6017835058 
2869549, 17, 8.12552308054831e-06, 20280.7301155431 
2869556, 17, 7.83846491503104e-06, 1790.88322027059 
2871538, 28, 8.13848445142546e-06, 9655.78155972963 
2873234, 50, 7.40450045537678e-06, 7943.43380378035 
2876713, 43, 8.57802139358536e-06, 152146.47848006 
2888526, 27, 8.97633837205127e-06, 47241.3263343242 
2908630, 42, 7.9416132593175e-06, 20848.9168195337 
2912654, 21, 8.72257839417332e-06, 45733.0041496386 
2917812, 17, 8.81632077301501e-06, 29181.0555179877 
2930131, 33, 8.1564737932497e-06, 21838.9791547497 
2942480, 132, 9.40928508251943e-06, 172905.09702918 
2942989, 30, 7.84455235062011e-06, 34728.2112590126 
2942992, 4, 6.78817499915148e-06, 209.77029709908 
2943014, 11, 7.34268301637418e-06, 18946.26357709 
2945588, 26, 8.0735663364578e-06, 336357.5165397 
294631, 19, 7.32182342690624e-06, 2957.82904512726 
2948712, 20, 9.41646185862124e-06, 55663.7693853173 
2948791, 51, 7.66606615815094e-06, 88794.1880455467 
2948826, 72, 7.86608772261028e-06, 39773.7255923982 
2954007, 48, 7.52417140062451e-06, 88873.5601158638 
2954016, 17, 7.89185008641576e-06, 62213.4218534193 
2954023, 13, 7.97696253220699e-06, 11255.3988043112 
2954030, 21, 7.69822940723634e-06, 143934.703809716 
2954053, 15, 8.38391629497971e-06, 13342.8747996637 
2955326, 45, 9.07284587956704e-06, 48095.2139357516 
2955333, 7, 7.37376120811704e-06, 169.847169151743 
2955374, 37, 8.72227407129587e-06, 17230.1101435595 
2955400, 22, 7.37969256200787e-06, 857.583270335693 
2955405, 43, 8.31822189688732e-06, 35366.5568587419 
2955427, 18, 7.44551742623354e-06, 3598.73562629143 
2955502, 58, 8.81795335302676e-06, 33528.9792136146 
2955512, 94, 7.07954577634299e-06, 60430.9095767594 
2955515, 75, 9.40397600105325e-06, 26083.3775002696 
2955539, 109, 9.071529006214e-06, 109089.864540214 
2955544, 46, 8.62842548491751e-06, 7830.1512847648 
2955546, 29, 8.13927934820651e-06, 14055.256047784 
2955583, 52, 7.55435357396468e-06, 28376.6953708986 
2955627, 35, 8.50137722311014e-06, 9416.7917753991 
2955657, 55, 6.98865740902515e-06, 48616.154550161 
2955700, 26, 8.60585197934596e-06, 42831.6425160765 
2955704, 17, 8.20566683351523e-06, 15636.5567856568 
2955718, 18, 7.51495475997234e-06, 16731.9524967342 
2955726, 38, 8.2749946212535e-06, 174481.991373637 
2955739, 24, 7.453508739239e-06, 8573.84672183924 
2955752, 9, 6.00031201622484e-06, 218.25500960819 
2955846, 41, 8.58501742758538e-06, 42580.7430704101 
2955880, 29, 8.17367423003989e-06, 17948.3099813727 
2955904, 70, 7.86633523174224e-06, 13221.116055013 
2955949, 25, 8.01179335982566e-06, 77147.5933135705 
2955958, 12, 8.56252354693975e-06, 11412.1669474318 
2955965, 20, 8.27951647623779e-06, 39907.524560362 
2955983, 144, 9.44099847999924e-06, 113727.452821407 
2955996, 17, 8.07656584420304e-06, 10803.6482191771 
2955998, 7, 7.96692134258558e-06, 1655.52741371325 
2956010, 24, 9.42382720470438e-06, 91979.7768641081 
2956014, 50, 7.40450045537678e-06, 7943.43380378035 
2956051, 94, 7.07954577634299e-06, 60430.9095767594 
2956052, 12, 7.31630585084979e-06, 17694.2753789221 
2956065, 37, 8.61675269058103e-06, 45198.4147486956 
2956075, 82, 8.77493177490545e-06, 142618.958090386 
2956179, 19, 8.19954410534774e-06, 78887.2461617636 
2956180, 34, 6.89051658202815e-06, 10445.7077117027 
2956181, 9, 8.1907460950618e-06, 7111.80539685307 
2956192, 50, 8.54854290086255e-06, 13991.7770750392 
2956199, 34, 6.89051658202815e-06, 10445.7077117027 
2956223, 56, 8.18544954488901e-06, 17024.5177673997 
2956229, 11, 8.03445172901401e-06, 14664.4073003069 
2956257, 64, 8.73484504384892e-06, 5616.54343910667 
2956259, 30, 7.77484061576738e-06, 5148.14112122875 
2956262, 54, 8.34216212157867e-06, 123941.266014073 
2956305, 73, 7.45990302126072e-06, 48938.4339649682 
2956354, 31, 7.76120329695916e-06, 88269.7998596585 
2956365, 51, 7.66606615815094e-06, 88794.1880455467 
2956377, 17, 8.62686232390417e-06, 20677.278096595 
2956387, 32, 8.68455105213336e-06, 42794.3349402845 
2956426, 21, 8.24483873095442e-06, 21315.8380866762 
2956442, 80, 9.39064128689348e-06, 58680.7296122162 
2956456, 22, 7.37969256200787e-06, 857.583270335693 
2956560, 27, 9.01176937079826e-06, 9552.0376775472 
2956569, 11, 7.20450713966658e-06, 6341.36961310573 
2956662, 35, 9.24188793286693e-06, 50511.9436995869 
2956667, 121, 9.40079342696524e-06, 58465.3228016755 
2956683, 17, 7.56463984749686e-06, 10974.9946228191 
2956690, 106, 9.00300700433945e-06, 31274.3221403201 
2956697, 55, 9.27273907439519e-06, 64343.5095115376 
2956710, 16, 7.93266751810631e-06, 7090.43706942616 
2968248, 47, 7.26876249318553e-06, 720.453962289942 
2969106, 29, 7.60867084129073e-06, 5470.08058822597 
2975529, 17, 9.04289951530059e-06, 8663.38535846315 
2976943, 4, 7.11758969942419e-06, 189.474916524529 
2985323, 18, 8.72090488109046e-06, 15653.8800187958 
2989766, 55, 6.98865740902515e-06, 48616.154550161 
2992719, 13, 8.05529152100014e-06, 17470.5454475851 
3018589, 31, 8.8116595879668e-06, 20123.4862644004 
3030529, 64, 8.39912649084495e-06, 721057.918386469 
3031799, 29, 8.67716603757213e-06, 55802.8568460924 
3039167, 52, 8.56839291222538e-06, 29695.7399047149 
3047691, 16, 7.38923536192475e-06, 778.403993442871 
3047709, 72, 7.86608772261028e-06, 39773.7255923982 
3047763, 32, 8.5819230373142e-06, 41817.0903314469 
3047765, 7, 7.38830726492253e-06, 1666.79114833383 
3047776, 15, 7.26327181342107e-06, 19079.7657410968 
3047795, 21, 8.60777798819013e-06, 48686.6631625021 
3047804, 51, 7.73365299099029e-06, 109205.712893168 
3047824, 20, 8.56318344907903e-06, 22151.5418749661 
3047846, 13, 6.58236846782209e-06, 16009.0058763465 
3047860, 17, 8.77046807988142e-06, 14376.167205262 
3047953, 18, 6.6929476410706e-06, 2499.68664818102 
3048196, 18, 7.44551742623354e-06, 3598.73562629143 
3048197, 9, 7.97225654721569e-06, 8594.210683873 
3048204, 24, 7.87042138236081e-06, 51369.3484485979 
3048221, 13, 7.82068728199834e-06, 2443.78797910289 
3048240, 8, 7.95544948289578e-06, 825.335568661032 
3048276, 70, 8.94486385917206e-06, 22027.1700924305 
3048302, 24, 7.84461388810443e-06, 3178.00572540194 
3048318, 20, 8.1147753830174e-06, 7367.49705077226 
3048326, 4, 6.75479421519423e-06, 160.306160883858 
3048334, 8, 8.16913374505767e-06, 29.6940657465576 
3048345, 19, 8.39137366786943e-06, 190906.034932836 
3050247, 40, 8.34640937468701e-06, 44665.5958280964 
3050272, 8, 7.9025145801394e-06, 26600.7684846743 
3050278, 15, 8.0160963214134e-06, 11639.8428187736 
3050279, 15, 8.60022704599401e-06, 66039.1959103875 
3050286, 43, 9.48640598023033e-06, 43862.5269735422 
3050290, 19, 8.84274938763961e-06, 8703.86575768936 
3050296, 15, 7.89939332659252e-06, 27981.8411362449 
3050301, 40, 9.03146562624183e-06, 33060.6379113433 
3050317, 13, 8.69996433014625e-06, 2536.92676842035 
3050332, 44, 8.13934559661403e-06, 33501.2831546053 
3050360, 23, 9.24308386249988e-06, 64554.8748423847 
3051996, 100, 1.02482116870606e-05, 182925.945196362 
3052175, 31, 8.09887101738018e-06, 43868.8592693191 
3052510, 30, 8.22348132858564e-06, 2071.69593800236 
3052548, 94, 7.07954577634299e-06, 60430.9095767594 
3052609, 91, 7.48038269637875e-06, 10144.7350106373 
3073964, 10, 8.09271008675385e-06, 20445.3056104119 
330398, 8, 7.03383273545755e-06, 768.573392290864 
338473, 8, 7.46524926467295e-06, 64.6538462077757 
345195, 45, 7.38110879016246e-06, 47236.7284393913 
35790, 27, 8.38468955686916e-06, 13823.2362008716 
373068, 58, 7.83300043081502e-06, 14540.2329665992 
373408, 9, 6.50118971771834e-06, 16116.1735823749 
373540, 37, 9.50145847387574e-06, 18113.0062755126 
389480, 94, 7.07954577634299e-06, 60430.9095767594 
405554, 77, 7.47920780230958e-06, 39733.2697511107 
406340, 50, 8.98787535614456e-06, 65675.3017531817 
419435, 23, 8.85112409275978e-06, 51379.2299818467 
437329, 20, 8.74630468627005e-06, 127130.996736312 
446041, 42, 8.30226901012047e-06, 96621.8663006398 
462590, 11, 8.28692654468311e-06, 10118.8828395766 
466052, 48, 9.27833138488374e-06, 39595.4296103008 
511678, 24, 8.58656545968178e-06, 58609.5213035608 
53434, 125, 9.4272031373732e-06, 92781.9499302407 
5763, 8, 7.61539223077685e-06, 58.3332862615035 
624134, 60, 7.07598904636896e-06, 4650.22706587063 
644609, 13, 7.29559564890676e-06, 1201.0631642518 
658401, 39, 8.50629465804695e-06, 71782.0907765473 
672794, 18, 6.38243553740107e-06, 604.904531416594 
680277, 87, 7.49484729248642e-06, 49851.432624891 
68295, 56, 8.93192089890852e-06, 21452.9113050453 
691966, 42, 9.35339949304575e-06, 75738.5455824969 
694003, 77, 7.47920780230958e-06, 39733.2697511107 
699370, 21, 7.56629970113116e-06, 3610.12399117387 
70177, 24, 6.96180060010721e-06, 4546.9808652837 
722418, 33, 7.48884162597729e-06, 15081.0318795199 
745410, 63, 8.69799685132514e-06, 7292.80365033449 
747457, 34, 8.43540169382866e-06, 7795.40724028731 
754067, 24, 8.10031429219454e-06, 58994.2510711348 
754069, 46, 9.78148169884774e-06, 9755.90971524339 
756285, 14, 7.01277025463369e-06, 4274.64279363456 
84589, 94, 7.07954577634299e-06, 60430.9095767594 
85011, 7, 8.22294035901358e-06, 9059.19087022877 
862944, 11, 7.20450713966658e-06, 6341.36961310573 
871584, 84, 7.39677796351909e-06, 98589.2858965234 
89374, 34, 8.85684678540746e-06, 81350.0373442751 
90060, 7, 7.36431254142426e-06, 44.3595298680108 
929834, 40, 7.74887447598236e-06, 79336.5671694151 
948071, 31, 8.03871444878535e-06, 20283.0979474967 
979525, 20, 8.1147753830174e-06, 7367.49705077226 
100379, 84, 6.92271481184061e-06, 8597.95428311601 
10244, 20, 7.41482222963704e-06, 10415.4195998724 
10273, 35, 7.14260204992679e-06, 27413.064835513 
103371, 20, 6.4224425833633e-06, 1413.28254970962 
1034108, 64, 7.74383397219964e-06, 10268.0012811071 
1034136, 21, 7.88649752758302e-06, 5110.67604763476 
104388, 33, 8.89655970036387e-06, 35017.6033670801 
10493, 38, 7.37278263562234e-06, 83330.9408715714 
10537, 64, 7.06379311562723e-06, 10818.4761606946 
105850, 66, 8.52456780441232e-06, 29842.9870618255 
1074306, 84, 6.92271481184061e-06, 8597.95428311601 
1112008, 11, 5.81023763871942e-06, 150475 
11137, 59, 7.31673410256598e-06, 5381.6334591587 
1124849, 22, 8.38222967309304e-06, 76981.9935564186 
114380, 9, 6.948739151281e-06, 2504.76812229954 
114424, 18, 7.00962421404589e-06, 5130.98353944277 
1146874, 16, 7.78646401096334e-06, 855.964716873945 
1157947, 29, 8.12182741116751e-06, 32938.300428434 
11642, 76, 7.81243896532058e-06, 4157.23207333979 
1177214, 22, 7.46057088288396e-06, 11892.9088945037 
1179155, 8, 6.43691182718179e-06, 216.032968499623 
119164, 23, 7.63796066450258e-06, 46456.4153968965 
1195075, 21, 8.02124024416655e-06, 32451.4029424185 
1206110, 66, 7.38208957427489e-06, 18185.0464161903 
122866, 74, 8.51331908771273e-06, 33411.7393630344 
1235850, 25, 7.17452755736035e-06, 4727.24718415294 
1245814, 70, 8.4401718418987e-06, 43490.0233975829 
12643, 19, 7.32144818245049e-06, 14875.3497317121 
1273748, 114, 8.37009198731094e-06, 27336.8888887501 
1281454, 96, 7.44208199685944e-06, 8027.86070392007 
1281455, 30, 7.11247670663879e-06, 7991.93956916699 
1283076, 56, 7.67848641675753e-06, 29520.4047440334 
1298633, 84, 6.92271481184061e-06, 8597.95428311601 
129875, 65, 7.78101122021818e-06, 32985.1154114254 
129950, 24, 7.45400876591431e-06, 16407.6286813221 
129955, 62, 8.19443761574643e-06, 4354.60033172822 
1300004, 23, 7.83981686187811e-06, 26287.6896332412 
130370, 46, 8.18076211979908e-06, 3716.63848062271 
1312524, 26, 8.17394147457904e-06, 38181.9125781185 
1327935, 84, 6.92271481184061e-06, 8597.95428311601 
1335626, 24, 7.62311327946333e-06, 780.148456364103 
1348394, 31, 7.10984713828653e-06, 62635.6342419188 
1351702, 24, 7.62311327946333e-06, 780.148456364103 
1366055, 19, 7.03482237073514e-06, 531.048314130809 
1383054, 27, 8.09913339272698e-06, 744.396308129494 
1414739, 117, 7.89403053411011e-06, 49180.3182493441 
1415630, 70, 7.34090425258583e-06, 26888.9230402259 
1445727, 34, 7.49327478587967e-06, 12780.8655201247 
1449783, 14, 7.17962709016894e-06, 11104.5093926737 
1458724, 12, 7.16270807666963e-06, 378.590805810553 
1460070, 14, 6.65876493228036e-06, 978.987600649341 
1472912, 5, 7.58834733383416e-06, 74.5933704942102 
1487956, 51, 7.21152112615114e-06, 1137.56346287089 
1489714, 19, 7.03482237073514e-06, 531.048314130809 
1495316, 21, 7.84307574058243e-06, 35054.2387096312 
1511761, 77, 7.42368452310251e-06, 10205.8370962587 
1511783, 13, 7.51207566162606e-06, 460.185220208792 
1513250, 22, 7.36068071575259e-06, 4993.17139732523 
1516075, 29, 7.29548919902824e-06, 2615.2217219107 
1526048, 102, 7.76674899420601e-06, 23576.9392624847 
1527513, 50, 7.48867338151047e-06, 40138.3153498552 
155862, 29, 6.81644672265242e-06, 3069.70676078699 
1560514, 33, 8.50817635747954e-06, 19904.2442309323 
1567012, 84, 6.92271481184061e-06, 8597.95428311601 
1577776, 84, 6.92271481184061e-06, 8597.95428311601 
1582879, 52, 7.37001142351771e-06, 5725.8025711319 
1608049, 19, 7.03482237073514e-06, 531.048314130809 
1615583, 24, 7.70267668014635e-06, 5051.93900254426 
1636200, 60, 7.25157903133407e-06, 22753.791547865 
1636271, 57, 7.75741026615675e-06, 12495.4720693247 
1644057, 54, 7.9278879313762e-06, 63826.0049254046 
1647415, 24, 7.62311327946333e-06, 780.148456364103 
1663208, 52, 6.89151378991909e-06, 19287.3244617262 
1678144, 17, 7.39382467762924e-06, 3556.45368466829 
1682187, 34, 7.38803433958361e-06, 6909.49061961012 
1701257, 74, 8.51331908771273e-06, 33411.7393630344 
1718171, 73, 8.54649721811516e-06, 11869.5311753074 
1718278, 23, 7.48189381696295e-06, 14330.0880666259 
1755681, 36, 7.22867180384276e-06, 4721.49765007621 
1780507, 26, 7.40137665605803e-06, 22334.5085192226 
1797140, 19, 7.27034788614635e-06, 3631.62453760565 
1805956, 31, 7.38252556199476e-06, 27287.8339106664 
1815608, 15, 6.97286856840035e-06, 145233.92413484 
1821553, 31, 7.8425836607612e-06, 31691.9210549334 
1837217, 28, 7.37376120811704e-06, 763.448835774337 
1853230, 29, 7.29548919902824e-06, 2615.2217219107 
1862978, 26, 7.92273746424865e-06, 760.152174399183 
1864622, 54, 7.9278879313762e-06, 63826.0049254046 
186827, 38, 7.87345778645608e-06, 34195.164198359 
1871631, 25, 7.09733282232537e-06, 2189.85286215483 
1887645, 59, 7.31673410256598e-06, 5381.6334591587 
1892896, 61, 7.28040479050635e-06, 2245.17334595569 
190062, 20, 7.82827887460663e-06, 23790.3826542403 
1909732, 57, 7.75741026615675e-06, 12495.4720693247 
1910935, 48, 6.89793131040001e-06, 4601.3691415769 
1910992, 25, 8.77916878829912e-06, 3294.92617823276 
1913642, 10, 6.69621931457499e-06, 815.746318322849 
1913652, 61, 7.28040479050635e-06, 2245.17334595569 
1913684, 14, 7.45339763131023e-06, 912.667588620495 
1913686, 21, 7.81463681475403e-06, 9606.18933230799 
1913995, 68, 7.37740595651757e-06, 129385.754096612 
1914019, 21, 8.14484797641252e-06, 588.633025738874 
1914021, 96, 7.44208199685944e-06, 8027.86070392007 
1914192, 20, 6.92098997840651e-06, 971.154463449541 
1914851, 30, 7.81262207221988e-06, 9694.08589819091 
1914855, 29, 7.40006216052215e-06, 1586.86631992991 
1916647, 84, 6.92271481184061e-06, 8597.95428311601 
1918011, 14, 7.13048066570167e-06, 9146.23911291621 
1918725, 68, 8.27157226045527e-06, 33313.2057948168 
1919083, 41, 8.45809016324114e-06, 8112.27525582924 
1920750, 33, 7.59261087110025e-06, 42937.865593859 
1920751, 35, 8.03038698434878e-06, 14523.2886969504 
1921123, 94, 7.5041272699985e-06, 9179.33024475728 
1921698, 34, 8.50701829008932e-06, 2838.11422577219 
1921699, 34, 7.99603396715229e-06, 60275.731820072 
1921704, 24, 7.62311327946333e-06, 780.148456364103 
1921706, 62, 6.70465973851827e-06, 19854.6144414872 
1922210, 64, 7.66236552548503e-06, 20794.1297754464 
1922361, 38, 7.29368002625725e-06, 37366.4194637298 
1922586, 57, 7.75741026615675e-06, 12495.4720693247 
1922601, 26, 7.92273746424865e-06, 760.152174399183 
1922705, 84, 6.92271481184061e-06, 8597.95428311601 
1922792, 84, 6.92271481184061e-06, 8597.95428311601 
1922836, 19, 7.03482237073514e-06, 531.048314130809 
1923100, 19, 7.03482237073514e-06, 531.048314130809 
1923148, 48, 6.89793131040001e-06, 4601.3691415769 
1923159, 37, 7.58886561636767e-06, 3786.11783163171 
1923250, 57, 7.1489337365332e-06, 2360.0229294403 
1923327, 20, 7.07899449962127e-06, 5501.42142018214 
1925782, 9, 6.948739151281e-06, 2504.76812229954 
1930825, 45, 7.60786044140806e-06, 37838.3150154435 
1932713, 30, 8.19141703323258e-06, 57405.3684003228 
1933181, 25, 7.09733282232537e-06, 2189.85286215483 
1941347, 57, 7.75741026615675e-06, 12495.4720693247 
1945565, 48, 8.14956073867619e-06, 25837.5911220361 
194966, 32, 7.32514870051862e-06, 2451.40117638039 
1954378, 31, 8.6613832229007e-06, 18787.4156441382 
1965384, 20, 7.1376059042276e-06, 26526.4821325542 
1966265, 42, 7.11855237118979e-06, 15593.3267081871 
197575, 53, 7.63860244129734e-06, 2820.5006632125 
1978533, 23, 7.60814985011945e-06, 24536.7692575423 
1980942, 20, 7.47104968248039e-06, 84562.1551672401 
1980960, 24, 7.24181132184782e-06, 11921.0536701743 
1981047, 68, 7.89191236820506e-06, 21314.8926029882 
1982083, 59, 7.90951514672151e-06, 18162.6227525859 
1982092, 41, 8.15787112195202e-06, 32204.4830462344 
1982097, 27, 7.88152491744103e-06, 28472.7897612019 
1982100, 75, 7.85799039753573e-06, 49281.3171826424 
1982105, 17, 7.68550897283173e-06, 2343.3844244155 
1982154, 37, 7.58886561636767e-06, 3786.11783163171 
1982238, 83, 8.56487032786324e-06, 8400.24136456229 
1982278, 34, 7.38803433958361e-06, 6909.49061961012 
1982360, 34, 7.38247106071344e-06, 2548.55376882182 
1982372, 23, 6.81547111944113e-06, 1229.88544714497 
1982374, 98, 7.76940408670655e-06, 94322.6266365654 
1982574, 36, 7.22867180384276e-06, 4721.49765007621 
1982576, 44, 7.84960163271714e-06, 27504.3087628883 
1982596, 117, 7.89403053411011e-06, 49180.3182493441 
1982905, 50, 8.2006199668695e-06, 38444.710353571 
1982918, 36, 8.16839972880913e-06, 12852.9040324035 
1982926, 5, 7.24495931955342e-06, 114.027200957228 
1983109, 48, 8.15122146053586e-06, 2386.09979262077 
1983744, 40, 7.34770053711691e-06, 3360.81683706174 
1984780, 51, 7.21152112615114e-06, 1137.56346287089 
1984781, 41, 7.63871913957468e-06, 43536.2070707588 
1984787, 78, 7.9283907745245e-06, 808612.146233874 
1985177, 68, 7.80810793928415e-06, 12271.1817706464 
1985179, 98, 8.04913190112446e-06, 44340.2998884023 
2955534, 37, 7.53812406244582e-06, 29463.4132980228 
2955549, 46, 7.77992157839049e-06, 36560.8140955235 
2955552, 52, 6.89151378991909e-06, 19287.3244617262 
2955579, 20, 7.07899449962127e-06, 5501.42142018214 
2955599, 23, 6.81547111944113e-06, 1229.88544714497 
2955620, 98, 8.04913190112446e-06, 44340.2998884023 
2955628, 36, 7.22867180384276e-06, 4721.49765007621 
2955647, 65, 8.05470757384153e-06, 58181.613555951 
2955656, 13, 7.51207566162606e-06, 460.185220208792 
2955687, 10, 7.92914515886042e-06, 5485.9927844958 
2955712, 6, 7.60826561976932e-06, 116.80179865791 
2955725, 48, 6.89793131040001e-06, 4601.3691415769 
2955738, 86, 7.33229214784834e-06, 62629.1445438918 
2955756, 15, 7.19429636184433e-06, 2317.63354884329 
2955761, 34, 8.45937806652455e-06, 34349.2420708558 
2955847, 28, 7.10600741867175e-06, 15252.9427099603 
2955885, 25, 7.86404636641738e-06, 16170.5161392334 
2955892, 30, 8.43113449345744e-06, 25721.9463419451 
2955894, 23, 8.03006456171908e-06, 14470.5351706925 
2955905, 9, 6.948739151281e-06, 2504.76812229954 
2955915, 91, 8.48039756103766e-06, 31547.8516991079 
2955918, 23, 7.87997226249764e-06, 37809.765043741 
2955957, 52, 6.89151378991909e-06, 19287.3244617262 
2955964, 42, 8.09723155653082e-06, 11802.8408313046 
2955974, 95, 9.02983457343061e-06, 166832.079784964 
2955975, 25, 7.87922720539569e-06, 44236.4070571 
2955976, 53, 7.63860244129734e-06, 2820.5006632125 
2955984, 75, 7.84264516736205e-06, 28070.6113415848 
2955989, 40, 8.68440021189937e-06, 18098.5527060386 
2956038, 50, 8.23343433012778e-06, 12577.5517955899 
2956045, 24, 7.51766651631334e-06, 11597.562586113 
2956069, 106, 8.21571172710692e-06, 8338.07102500288 
2956081, 59, 7.31673410256598e-06, 5381.6334591587 
2956083, 9, 7.53278645303684e-06, 6825.20069570447 
2956086, 34, 7.38803433958361e-06, 6909.49061961012 
2956099, 76, 7.81243896532058e-06, 4157.23207333979 
2956102, 39, 8.91130577363501e-06, 71781.5999596708 
2956106, 70, 7.24207355049898e-06, 4008.00146920234 
2956118, 17, 7.51704489930918e-06, 2739.20989715278 
2956135, 54, 7.60652944487548e-06, 16686.8005189955 
2956138, 78, 8.31414152331701e-06, 53099.8573466126 
2956144, 21, 6.6005729297303e-06, 1116.01564960395 
2956186, 70, 7.34090425258583e-06, 26888.9230402259 
2956198, 67, 7.4563431110846e-06, 24022.0192149344 
2956260, 37, 7.95310847244646e-06, 7654.52529735345 
2956283, 45, 8.11161583387411e-06, 3941.15968325476 
2956340, 117, 8.3988443190217e-06, 66713.9056891581 
2956355, 13, 6.83620453923981e-06, 1931.05838773703 
2956406, 60, 7.86695407272212e-06, 14066.935123062 
2956462, 50, 7.27119371187168e-06, 2294.72646486958 
2956491, 32, 7.32514870051862e-06, 2451.40117638039 
2956639, 84, 8.51259438339023e-06, 28106.6318815763 
2956650, 40, 7.84110779170881e-06, 8583.96590947016 
2956656, 45, 8.56435685962163e-06, 6135.11855990602 
2956658, 31, 6.9358228313416e-06, 7908.91735136539 
2956659, 13, 6.83620453923981e-06, 1931.05838773703 
2956663, 61, 7.40960284528749e-06, 6458.77216925371 
2956664, 59, 8.38729157580434e-06, 28843.0202496031 
2956665, 19, 6.87951898403264e-06, 7333.85340886892 
2956670, 75, 7.85799039753573e-06, 49281.3171826424 
2956681, 81, 8.28946823061301e-06, 35547.0618262068 
2956686, 44, 7.73706362961129e-06, 169393.69842016 
2956692, 27, 8.12994910651859e-06, 5232.07344570132 
2956830, 72, 7.64771562734211e-06, 125361.164926251 
2962679, 11, 7.92901941816856e-06, 2161.08289853877 
2964607, 59, 7.16717434151586e-06, 36571.1724847863 
2969597, 9, 7.96539830974248e-06, 2745.98887564548 
2969598, 22, 7.85570638511815e-06, 21955.0067185381 
2978980, 88, 7.29070216752575e-06, 5996.81421742859 
2980498, 3, 7.09768544477646e-06, 241.779285028454 
2980499, 49, 8.54474455486153e-06, 3727.97201689224 
2982871, 31, 8.67234994666505e-06, 147977.023316627 
298334, 37, 6.9442515485681e-06, 298.688955157206 
2985325, 27, 6.99286028964427e-06, 3113.45092704779 
2986825, 25, 7.40488426165899e-06, 31093.4343863295 
2989768, 24, 8.0480306469007e-06, 10663.9077659097 
300186, 49, 7.62322950494748e-06, 10151.450199788 
304399, 12, 7.6749504965693e-06, 9362.04097385528 
3047353, 26, 7.91345841873274e-06, 15909.1528911921 
3047383, 13, 6.64951092847121e-06, 17474.2962819751 
3047431, 39, 7.54523367588694e-06, 16319.7302874465 
3047552, 19, 7.03482237073514e-06, 531.048314130809 
3047764, 12, 7.49467877806757e-06, 3580.1255903042 
3047810, 26, 7.48929031484976e-06, 11828.296647357 
3047815, 45, 8.18538254385319e-06, 11267.3267214674 
3047828, 64, 7.31566356726387e-06, 50177.4193229377 
3047854, 26, 7.19305438668422e-06, 23166.7851592074 
3048194, 20, 6.92098997840651e-06, 971.154463449541 
3048195, 24, 8.29717149423761e-06, 29184.5169293513 
3048376, 13, 6.6639122496035e-06, 1658.78926117644 
3048377, 8, 6.43691182718179e-06, 216.032968499623 
3048390, 8, 6.43691182718179e-06, 216.032968499623 
3048436, 34, 9.29895200810869e-06, 14148.3597639491 
3050140, 18, 8.07715296512285e-06, 12613.9788147872 
3050246, 29, 7.29548919902824e-06, 2615.2217219107 
3050253, 18, 7.00962421404589e-06, 5130.98353944277 
3050280, 27, 8.09913339272698e-06, 744.396308129494 
3050284, 40, 7.84110779170881e-06, 8583.96590947016 
3050287, 39, 8.02748611244903e-06, 5561.28252995074 
3050294, 47, 7.11141453146445e-06, 8037.50497467054 
3050302, 18, 7.77351098397102e-06, 60826.7639927836 
3050312, 16, 7.2169338135e-06, 40217.2029582382 
3050340, 19, 7.85941085856204e-06, 20589.8234896023 
3050349, 26, 7.88618655562916e-06, 16619.4709308394 
3051418, 17, 9.18687012521704e-06, 12403.2587692458 
3051980, 88, 7.29070216752575e-06, 5996.81421742859 
3051998, 84, 6.92271481184061e-06, 8597.95428311601 
3052186, 23, 7.42241718438027e-06, 4618.64734372677 
3052187, 4, 6.21573575664151e-06, 112.221987496097 
3052206, 60, 8.69867780097425e-06, 25381.7731666521 
3052207, 11, 7.10681543600313e-06, 150.623507238833 
3052223, 84, 6.92271481184061e-06, 8597.95428311601 
3052230, 95, 8.04919669017032e-06, 15486.6222204253 
3052232, 59, 7.68757687576876e-06, 17358.4860957293 
3052304, 28, 7.37376120811704e-06, 763.448835774337 
3052316, 19, 7.03482237073514e-06, 531.048314130809 
3052345, 84, 6.92271481184061e-06, 8597.95428311601 
3052373, 31, 7.10984713828653e-06, 62635.6342419188 
3052378, 84, 6.92271481184061e-06, 8597.95428311601 
3052410, 24, 7.62311327946333e-06, 780.148456364103 
3052435, 61, 7.28040479050635e-06, 2245.17334595569 
3052552, 38, 7.29368002625725e-06, 37366.4194637298 
3052567, 57, 7.1489337365332e-06, 2360.0229294403 
3052571, 70, 7.24207355049898e-06, 4008.00146920234 
3052573, 52, 6.89151378991909e-06, 19287.3244617262 
3052575, 20, 6.92098997840651e-06, 971.154463449541 
3052605, 39, 8.22760856329499e-06, 12300.7440860881 
3052612, 22, 7.65274886739317e-06, 847.810334258021 
3052613, 133, 8.01526105705263e-06, 159807.610392491 
3052625, 52, 6.89151378991909e-06, 19287.3244617262 
3052731, 40, 7.84110779170881e-06, 8583.96590947016 
3052757, 27, 7.82950470553233e-06, 5118.78726830689 
3052779, 47, 7.12088412897345e-06, 17173.2572959374 
3052811, 40, 7.61869933564942e-06, 3435.71332273279 
3060014, 12, 7.16270807666963e-06, 378.590805810553 
31507, 17, 7.49451027122633e-06, 19952.9979200254 
31757, 30, 8.15354760856449e-06, 34909.404032875 
318279, 118, 6.78168402777778e-06, 42556.0511920123 
319017, 84, 8.51259438339023e-06, 28106.6318815763 
329254, 34, 8.11010275500191e-06, 22712.1601692204 
34084, 17, 8.12440082543912e-06, 14217.6538181884 
347328, 10, 7.03759483159036e-06, 7640.80588031866 
359987, 22, 7.65274886739317e-06, 847.810334258021 
36363, 70, 7.24207355049898e-06, 4008.00146920234 
38170, 84, 6.92271481184061e-06, 8597.95428311601 
38804, 51, 8.0806121871793e-06, 17069.228765146 
388452, 28, 8.1039247307471e-06, 75119.2150651956 
393065, 68, 7.80810793928415e-06, 12271.1817706464 
393598, 105, 8.61363538481416e-06, 21976.8844250308 
395331, 50, 7.70380413848358e-06, 13751.5969938324 
40050, 29, 7.29548919902824e-06, 2615.2217219107 
40052, 20, 7.07899449962127e-06, 5501.42142018214 
40272, 33, 8.03774525170199e-06, 7115.15040438737 
407392, 19, 8.2232108349026e-06, 24311.1605896264 
431894, 32, 8.52384118379106e-06, 6458.69271444323 
447909, 61, 7.33508886460159e-06, 9593.51759371445 
458639, 29, 8.79553890266857e-06, 2247.58799171152 
469660, 26, 7.92273746424865e-06, 760.152174399183 
470314, 22, 6.38891905878444e-06, 1369.70959584755 
504346, 36, 7.22867180384276e-06, 4721.49765007621 
52996, 64, 7.69372807287499e-06, 28773.928172739 
54258, 62, 8.53169524784575e-06, 31185.652681524 
545123, 32, 8.48737926702993e-06, 22576.1894795079 
545932, 80, 7.33804925298659e-06, 13638.7483005503 
548908, 31, 7.25058004640371e-06, 2830.73677594646 
56094, 11, 6.96713601939651e-06, 6540.97035551739 
573174, 22, 7.51439005695908e-06, 5357.06386125623 
573591, 45, 7.75133710565073e-06, 7935.38767745615 
58172, 20, 6.92098997840651e-06, 971.154463449541 
631345, 26, 7.48929031484976e-06, 11828.296647357 
642926, 19, 8.2749946212535e-06, 13318.113609604 
648691, 29, 7.1831340013648e-06, 5054.07024802304 
661, 22, 7.89895654784003e-06, 49799.8822529383 
663557, 23, 6.61629461036641e-06, 1994.98941886698 
678, 67, 8.26418961356649e-06, 31065.5604180186 
680287, 31, 6.98553296123728e-06, 23166.9870800186 
682314, 48, 7.94243324384859e-06, 119237.513049552 
688436, 40, 7.84110779170881e-06, 8583.96590947016 
694000, 42, 7.22167658443584e-06, 1173.55140619639 
694014, 11, 6.96713601939651e-06, 6540.97035551739 
71188, 32, 9.2464170134073e-06, 73550.8264589659 
71253, 48, 8.96290254636061e-06, 14342.2766126667 
712624, 29, 8.45337120443633e-06, 21025.0295295789 
73497, 53, 7.63860244129734e-06, 2820.5006632125 
745774, 49, 8.19531064324993e-06, 9738.19712092097 
749413, 85, 7.54859407435365e-06, 9960.75400577517 
753084, 32, 8.62872329410141e-06, 1763.98459552878 
754056, 29, 7.47211034812562e-06, 13606.6307786902 
756275, 38, 7.770188893292e-06, 61184.0464888569 
764348, 67, 8.45594452900389e-06, 15928.1002035532 
768738, 109, 8.99272488556758e-06, 25208.7781056639 
77038, 54, 6.82752311116573e-06, 1030.03190154651 
83442, 39, 8.32798954004514e-06, 270968.434505629 
864596, 18, 7.08180189367383e-06, 6198.26483915216 
907197, 23, 6.59835173173741e-06, 3289.19624462726 
925984, 20, 7.97410012280114e-06, 9847.36884721265 
926474, 47, 7.11141453146445e-06, 8037.50497467054 
979982, 13, 7.82938210516426e-06, 24638.8280331856 
990144, 51, 7.21152112615114e-06, 1137.56346287089 
10243, 76, 7.10136488233038e-06, 50853.4249576882 
1034109, 37, 6.97481394683797e-06, 227.490934717774 
1034110, 42, 7.24097231776283e-06, 256.778023779211 
1034112, 108, 7.75013562737348e-06, 9101.93339840651 
1034135, 93, 7.42831674342594e-06, 3846.07164358114 
1034149, 47, 8.01166498421702e-06, 5963.98315854736 
1034150, 7, 6.31783778319708e-06, 163.911659329478 
1041406, 32, 6.92962275133742e-06, 249.193135479149 
1043184, 42, 7.02760443020183e-06, 365.82307860114 
10708, 47, 7.26211138626444e-06, 293.754933697046 
1071177, 19, 7.12539991307012e-06, 256.485159525411 
10814, 34, 8.07363151945745e-06, 4816.2572706971 
10879, 13, 6.37962602632234e-06, 95.9287173379429 
1089129, 42, 7.24097231776283e-06, 256.778023779211 
1093773, 43, 6.40725814202328e-06, 15.4147869073165 
1099, 19, 6.40972226673418e-06, 63.6660890659985 
1115696, 72, 7.50976269149895e-06, 46909.9757183969 
1123964, 99, 7.36241487207804e-06, 8629.47278953474 
1126885, 50, 7.40285602185323e-06, 761.357505876677 
1127518, 99, 7.66941743105194e-06, 11628.2073502759 
1141137, 34, 6.76631188638009e-06, 6081.39944707385 
1146876, 25, 6.56043141396978e-06, 168.600821289062 
115714, 50, 7.40285602185323e-06, 761.357505876677 
1157337, 34, 7.14908706158224e-06, 17144.3133860841 
1159902, 1, 5.34296491809235e-06, 0 
1159906, 34, 7.24207355049898e-06, 651.43148314899 
115991, 9, 6.23756385705999e-06, 452.270440624362 
1160795, 29, 6.77763921270943e-06, 161.091206113634 
1173757, 68, 7.24842527960801e-06, 6873.51802508555 
1176145, 108, 7.1107571534217e-06, 16623.5659948466 
1176423, 28, 7.20476667363127e-06, 1272.87481852099 
1177752, 82, 7.5644681800646e-06, 26120.3640643854 
1177764, 19, 6.40972226673418e-06, 63.6660890659985 
1177767, 34, 7.24207355049898e-06, 651.43148314899 
1187849, 99, 7.36241487207804e-06, 8629.47278953474 
1197732, 43, 6.40725814202328e-06, 15.4147869073165 
1197952, 33, 6.59308780674341e-06, 172.952922538782 
1198137, 16, 7.15860607622484e-06, 191.586522477916 
119858, 43, 6.40725814202328e-06, 15.4147869073165 
1204543, 43, 7.19191628609443e-06, 5086.74600047001 
1211283, 27, 7.10292853743598e-06, 238.902394324233 
1221880, 93, 7.42831674342594e-06, 3846.07164358114 
1224515, 21, 7.08968450903935e-06, 126.246855260765 
1225862, 13, 6.37962602632234e-06, 95.9287173379429 
1229760, 33, 6.59308780674341e-06, 172.952922538782 
1236047, 22, 6.83069440839356e-06, 350.813657946169 
1236392, 7, 6.14329858274102e-06, 433.073506480008 
1239578, 8, 6.66164822500383e-06, 16.6147653534316 
1244563, 25, 6.56043141396978e-06, 168.600821289062 
12466, 43, 6.40725814202328e-06, 15.4147869073165 
1247116, 46, 7.62346196654825e-06, 1411.10588270718 
1273739, 34, 6.83573723426071e-06, 22511.2807710806 
1283077, 43, 7.19191628609443e-06, 5086.74600047001 
1296654, 16, 6.70717802191906e-06, 421.504405697426 
129953, 22, 6.83069440839356e-06, 350.813657946169 
130328, 7, 6.14329858274102e-06, 433.073506480008 
130371, 42, 7.24097231776283e-06, 256.778023779211 
1308863, 70, 7.97868096446295e-06, 12980.6295431021 
1327772, 42, 7.24097231776283e-06, 256.778023779211 
1327939, 25, 6.56043141396978e-06, 168.600821289062 
1327974, 67, 7.41850769299248e-06, 2743.16896884876 
1340825, 37, 6.97481394683797e-06, 227.490934717774 
1340827, 66, 7.44973292707456e-06, 107143.607074082 
1354512, 43, 6.40725814202328e-06, 15.4147869073165 
1391181, 25, 6.9756897213212e-06, 364.129527527534 
1401087, 50, 7.40285602185323e-06, 761.357505876677 
1408895, 9, 6.23756385705999e-06, 452.270440624362 
1427159, 25, 6.9756897213212e-06, 364.129527527534 
1430411, 54, 6.42834643644615e-06, 18704.049259358 
1430884, 7, 6.14329858274102e-06, 433.073506480008 
1446792, 50, 7.40285602185323e-06, 761.357505876677 
1458716, 65, 7.03883324300164e-06, 76282.8194522326 
1458860, 44, 7.52864649993224e-06, 7824.05754889953 
1468409, 23, 7.46368915227419e-06, 5456.63780876021 
148603, 33, 6.59308780674341e-06, 172.952922538782 
1490057, 42, 7.24097231776283e-06, 256.778023779211 
1497019, 34, 7.24207355049898e-06, 651.43148314899 
1498204, 30, 7.25299911513411e-06, 685.905050372895 
1500757, 43, 6.40725814202328e-06, 15.4147869073165 
1506716, 16, 7.77961895426362e-06, 5882.9882909166 
1507401, 34, 7.04299749973589e-06, 15500.5426424935 
1513188, 46, 7.62346196654825e-06, 1411.10588270718 
1513265, 25, 6.9756897213212e-06, 364.129527527534 
1513276, 99, 7.36241487207804e-06, 8629.47278953474 
151528, 67, 7.8874305906108e-06, 8493.34934568775 
1527515, 1, 5.34296491809235e-06, 0 
1527770, 76, 7.47965533748205e-06, 51211.1704438083 
1536596, 43, 6.40725814202328e-06, 15.4147869073165 
1541743, 7, 6.14329858274102e-06, 433.073506480008 
1541823, 47, 7.26211138626444e-06, 293.754933697046 
1548722, 15, 6.62528074627162e-06, 75.3203960837174 
1551710, 43, 6.40725814202328e-06, 15.4147869073165 
1555201, 28, 7.20476667363127e-06, 1272.87481852099 
1557, 42, 7.02760443020183e-06, 365.82307860114 
1557033, 43, 6.40725814202328e-06, 15.4147869073165 
1557035, 43, 6.40725814202328e-06, 15.4147869073165 
1558469, 70, 7.73096250483185e-06, 44500.920026547 
1567005, 42, 7.24097231776283e-06, 256.778023779211 
1567466, 76, 7.07689041435193e-06, 9429.68280210531 
1577788, 108, 7.75013562737348e-06, 9101.93339840651 
1589270, 47, 7.26211138626444e-06, 293.754933697046 
1592572, 47, 7.26211138626444e-06, 293.754933697046 
160358, 1, 5.34296491809235e-06, 0 
1623275, 7, 6.31783778319708e-06, 163.911659329478 
1623304, 19, 7.12539991307012e-06, 256.485159525411 
1639814, 63, 7.52224704563747e-06, 6273.34854386496 
1662286, 82, 7.5644681800646e-06, 26120.3640643854 
1663209, 27, 7.10292853743598e-06, 238.902394324233 
1675317, 43, 6.40725814202328e-06, 15.4147869073165 
1676267, 47, 7.26211138626444e-06, 293.754933697046 
1678162, 42, 7.02760443020183e-06, 365.82307860114 
1685953, 27, 7.10292853743598e-06, 238.902394324233 
1698441, 8, 6.66164822500383e-06, 16.6147653534316 
1701845, 49, 7.38743397480885e-06, 4554.02461008612 
1732177, 43, 6.40725814202328e-06, 15.4147869073165 
1735466, 37, 7.39409803095169e-06, 4882.33898744067 
1746058, 65, 7.49282561946936e-06, 2939.80291407765 
1746059, 37, 6.97481394683797e-06, 227.490934717774 
1746065, 47, 7.26211138626444e-06, 293.754933697046 
1746069, 27, 6.7473651539074e-06, 4062.33121136954 
1747384, 38, 7.63026774609521e-06, 5852.57723966302 
1766559, 7, 6.31783778319708e-06, 163.911659329478 
1785753, 50, 7.40285602185323e-06, 761.357505876677 
1793721, 108, 7.75013562737348e-06, 9101.93339840651 
1805948, 48, 6.77616956686724e-06, 10107.7879261108 
1806636, 108, 7.1107571534217e-06, 16623.5659948466 
1821227, 3, 5.7947163776069e-06, 104.447739864754 
1837862, 43, 6.40725814202328e-06, 15.4147869073165 
1840301, 33, 6.59308780674341e-06, 172.952922538782 
1840315, 27, 6.98436201345188e-06, 879.250291131888 
1840323, 114, 7.74371404012793e-06, 9263.59422576883 
185782, 129, 8.15600812338409e-06, 78950.0943865473 
1857890, 42, 7.02760443020183e-06, 365.82307860114 
185954, 13, 6.37962602632234e-06, 95.9287173379429 
186805, 27, 7.10292853743598e-06, 238.902394324233 
1873895, 50, 7.40285602185323e-06, 761.357505876677 
188350, 25, 6.9756897213212e-06, 364.129527527534 
190065, 31, 8.07037365830038e-06, 4740.14767181325 
1906245, 43, 6.40725814202328e-06, 15.4147869073165 
1908807, 10, 6.72490433823579e-06, 38.9191929998012 
1910991, 15, 6.7708474392655e-06, 424.453693119502 
1911605, 29, 6.67164816396243e-06, 11705.3485563605 
1912590, 17, 6.53253200940685e-06, 262.553735599072 
1913655, 27, 7.10292853743598e-06, 238.902394324233 
1914193, 51, 7.48122213244756e-06, 5432.37174172353 
1914194, 27, 6.5603883749918e-06, 1460.25909244075 
1914568, 50, 7.40285602185323e-06, 761.357505876677 
1914788, 27, 6.98436201345188e-06, 879.250291131888 
1914853, 27, 7.10292853743598e-06, 238.902394324233 
1915209, 27, 6.98436201345188e-06, 879.250291131888 
1918007, 25, 6.9756897213212e-06, 364.129527527534 
1918010, 22, 6.83069440839356e-06, 350.813657946169 
1918720, 108, 7.1107571534217e-06, 16623.5659948466 
1920753, 22, 6.83069440839356e-06, 350.813657946169 
1920763, 1, 5.34296491809235e-06, 0 
1920765, 74, 7.87693083267036e-06, 18333.3528393309 
1921000, 15, 6.62528074627162e-06, 75.3203960837174 
1921009, 34, 7.24207355049898e-06, 651.43148314899 
1921016, 33, 6.59308780674341e-06, 172.952922538782 
1921411, 16, 6.70717802191906e-06, 421.504405697426 
1921705, 19, 6.40972226673418e-06, 63.6660890659985 
1922328, 50, 7.40285602185323e-06, 761.357505876677 
1922368, 37, 6.97481394683797e-06, 227.490934717774 
1922530, 16, 6.70717802191906e-06, 421.504405697426 
1922535, 15, 6.62528074627162e-06, 75.3203960837174 
1922550, 29, 6.77763921270943e-06, 161.091206113634 
1922582, 19, 6.40972226673418e-06, 63.6660890659985 
1922590, 37, 6.97481394683797e-06, 227.490934717774 
1922684, 43, 6.40725814202328e-06, 15.4147869073165 
1922742, 29, 6.77763921270943e-06, 161.091206113634 
1922770, 65, 7.49282561946936e-06, 2939.80291407765 
1922936, 42, 7.02760443020183e-06, 365.82307860114 
1922955, 32, 6.92962275133742e-06, 249.193135479149 
1923081, 7, 6.14329858274102e-06, 433.073506480008 
1923091, 25, 6.56043141396978e-06, 168.600821289062 
1923127, 43, 6.40725814202328e-06, 15.4147869073165 
1923137, 22, 6.83069440839356e-06, 350.813657946169 
1923151, 57, 7.21526750604279e-06, 12554.2204748636 
1923253, 42, 7.24097231776283e-06, 256.778023779211 
1272, 26, 1.21801196087746e-05, 2826.77016797341 
1336806, 1116, 1.28216634826202e-05, 65879.5195989258 
185300, 312, 1.24063321919508e-05, 39047.6436921787 
1965282, 1221, 1.27923041498235e-05, 89725.2440751495 
563, 1230, 1.28387833968853e-05, 108516.095097902 
1178515, 927, 1.27163366777299e-05, 42733.5003640841 
135619, 1008, 1.27622645362193e-05, 49048.4455066857 
160799, 1250, 1.28206771881691e-05, 79668.2437254626 
1639, 125, 1.19790606020676e-05, 71535.4373074929 
171404, 1256, 1.27811860940695e-05, 71178.7157440925 
1850246, 443, 1.23072378866011e-05, 13518.0515921113 
2012495, 359, 1.23528467135251e-05, 25565.6252009115 
2045451, 1134, 1.26497413127902e-05, 56389.0465534609 
2058175, 369, 1.24103353272605e-05, 25878.1156659294 
2078786, 1163, 1.2736906460159e-05, 57369.1966547344 
252966, 70, 1.2478318920875e-05, 193.547993924935 
1085622, 51, 1.24508192639076e-05, 27797.7714967702 
1305, 100, 1.28716694555284e-05, 112037.509448907 
1355330, 319, 1.24811223025174e-05, 39779.6424262325 
2079234, 1130, 1.29130563913173e-05, 56508.3972428395 
2758440, 1152, 1.27357709598951e-05, 69019.2685727882 
2762277, 49, 1.13513820307622e-05, 10336.044890836 
2934937, 1196, 1.28718351375356e-05, 66068.2426378237 
3049799, 1191, 1.2815912236633e-05, 79273.7472986413 
668, 456, 1.29213991290977e-05, 35764.7951526891 
82987, 362, 1.31309417511424e-05, 119904.767683873 
1217282, 266, 1.21234163787355e-05, 11382.277629454 
1354726, 543, 1.2766826677561e-05, 38390.2186094369 
161895, 1123, 1.29307558026767e-05, 89573.6241016136 
2008793, 231, 1.23432408413153e-05, 181.27479629593 
2580515, 1184, 1.29684865776164e-05, 57926.7168252335 
2856519, 43, 1.14626318202659e-05, 1192.16921793136 
1427364, 80, 1.1677604689726e-05, 1971.01068014192 
254250, 62, 1.27906679286792e-05, 32258.4430104739 
2583587, 124, 1.24450860577701e-05, 18981.9972518616 
2714353, 1179, 1.28185407373225e-05, 72910.7811534142 
2782006, 266, 1.2599377590747e-05, 45130.3396670484 
2918526, 68, 1.14370675358838e-05, 873.123613581511 
2931921, 1200, 1.28359818242497e-05, 76665.1606777761 
2933959, 40, 1.29320935766291e-05, 6769.73440913217 
2956784, 413, 1.25297581756672e-05, 34197.8241570984 
2986835, 66, 1.21954194004732e-05, 1784.55407453118 
3003262, 46, 1.22961906401397e-05, 29306.7906338415 
388413, 349, 1.23290880173594e-05, 20695.0472623688 
1124597, 1234, 1.28488461736136e-05, 100356.615745342 
1579316, 1070, 1.28313701337029e-05, 50216.1143219349 
1761453, 400, 1.23630789011695e-05, 45446.3269589562 
1965231, 304, 1.24444665679406e-05, 30924.0532041294 
2748320, 171, 1.22331641078965e-05, 12500.448699152 
2781024, 1062, 1.2779552715655e-05, 50509.9932371453 
28188, 415, 1.22537006175865e-05, 21870.0022646068 
2883512, 840, 1.27030906619581e-05, 7021.68651063827 
2895490, 1023, 1.27497354429896e-05, 35298.1649793092 
2966453, 1159, 1.27552647355196e-05, 75161.7699058687 
2478552, 204, 1.25385560598841e-05, 18853.0048058501 
2494373, 516, 1.28506624516494e-05, 31158.6427443272 
2908843, 317, 1.20202420876756e-05, 16881.1313593096 
3041497, 533, 1.27228081782211e-05, 24948.9887594503 
2740515, 1211, 1.29045578898467e-05, 75861.8364932662 
2870346, 1142, 1.28326874213998e-05, 68141.6412041548 
2871826, 1183, 1.29651238169325e-05, 88806.6092700496 
2929800, 216, 1.23368452219398e-05, 29042.8778394803 
3046382, 1049, 1.27601475073052e-05, 55789.7311838817 
47715, 131, 1.31380148459568e-05, 135633.983762531 
1686, 1222, 1.29060568124621e-05, 72421.9495007918 
1879049, 1168, 1.30446125750065e-05, 133030.482415937 
1981174, 891, 1.27198951880637e-05, 34219.4617359932 
2779359, 457, 1.23157259504662e-05, 25789.8991020095 
2841662, 924, 1.30553415930128e-05, 79051.0687524079 
2855434, 625, 1.28642181771403e-05, 74432.6926947951 
2908842, 93, 1.26033474490825e-05, 29062.1862078741 
3031919, 496, 1.25776670943073e-05, 8625.47595535207 
43765, 1199, 1.27754710954966e-05, 75287.2694416806 
131110, 1007, 1.27603103307472e-05, 52960.5320776124 
1400866, 1090, 1.30171044752805e-05, 82725.94485732 
1727163, 157, 1.22734023098543e-05, 38880.9816139487 
2015076, 344, 1.2718277436504e-05, 59681.3399956214 
2685834, 175, 1.18597231940607e-05, 2655.52483899012 
371601, 422, 1.25042201743088e-05, 66937.7662509159 
45668, 53, 1.25189348890196e-05, 58233.3621245651 
61646, 1223, 1.28060649523614e-05, 76538.6118449901 
1532905, 1070, 1.30264306277437e-05, 68805.1544290397 
2267264, 63, 1.26230749810654e-05, 43045.5169312554 
2705471, 197, 1.28e-05, 65972.3165347032 
2774460, 1093, 1.28223210965649e-05, 73417.130520502 
2782686, 701, 1.27968877968878e-05, 21125.0845346571 
2971912, 1173, 1.27746550843127e-05, 67698.7599227598 
3034146, 153, 1.26868133262287e-05, 10730.1460705378 
3059078, 341, 1.26555045116874e-05, 27550.8176592192 
1420916, 1185, 1.29526967514637e-05, 106395.142920552 
1453352, 461, 1.28427406408528e-05, 27818.0640689289 
1769, 1154, 1.28539660912375e-05, 49925.9037032142 
2058624, 1130, 1.27591706539075e-05, 70473.7127327687 
2567941, 148, 1.32585550826671e-05, 88833.966387902 
2774873, 338, 1.27710658731578e-05, 33126.6184109643 
2893202, 362, 1.26657631755601e-05, 23885.5733776601 
2937442, 172, 1.26000126000126e-05, 6240.04494193337 
519, 367, 1.27666636877785e-05, 7558.20268810355 
1196095, 382, 1.26415857605178e-05, 8008.79539025427 
1977865, 3, 1.0779462967155e-05, 97.0187389557719 
2749995, 533, 1.25093820365274e-05, 21217.7923666387 
2782629, 540, 1.26927714666497e-05, 16203.9342266882 
2968968, 1254, 1.2831534779875e-05, 96633.2188052154 
1008, 177, 1.22550521452469e-05, 19134.5945491853 
1307839, 254, 1.21403423576545e-05, 8434.93265644467 
1736674, 346, 1.25860571658716e-05, 6995.33749648883 
1908341, 568, 1.25938239887159e-05, 33982.4379589279 
2557994, 300, 1.20904364647564e-05, 22771.028971719 
301, 1061, 1.29846521411691e-05, 77381.9977173272 
57029, 342, 1.26473415288106e-05, 40268.8814080905 
603050, 443, 1.28526444315918e-05, 16255.4066089253 
81682, 1026, 1.2877802531776e-05, 35203.8196650875 
1519, 366, 1.23722564521317e-05, 9834.81086318596 
1908198, 1143, 1.29651238169325e-05, 77928.4611690903 
2703885, 1190, 1.28127922918242e-05, 82160.6920131045 
700220, 294, 1.25361982725119e-05, 2180.07790684014 
104102, 8, 1.06219130065325e-05, 16078.6158799329 
1259973, 1237, 1.28582633629502e-05, 86703.0526510682 
1389192, 1122, 1.27578684153452e-05, 67254.3279595463 
1488, 496, 1.28006553935562e-05, 13281.42092846 
1986204, 1183, 1.29037253054957e-05, 69159.8753945435 
200, 45, 1.29282482223659e-05, 17985.9804712296 
2052056, 1201, 1.28185407373225e-05, 81131.8943532701 
2785911, 1031, 1.3053807795734e-05, 106319.573813553 
307249, 1123, 1.29745439447803e-05, 61316.0097051357 
168384, 972, 1.28857676696089e-05, 97517.5698382061 
2569540, 675, 1.27573801444135e-05, 21723.3350618561 
2666183, 664, 1.28434004186949e-05, 23050.5840865252 
2684113, 1241, 1.28935764202274e-05, 86432.7018228247 
2931922, 419, 1.30298252700431e-05, 28383.8475247132 
485447, 820, 1.30137164571458e-05, 47259.8951243092 
52694, 211, 1.31245652487761e-05, 12830.1737464557 
126385, 128, 1.25569772844281e-05, 10272.4139840103 
1530123, 469, 1.29481684815683e-05, 70333.2139717086 
1685010, 553, 1.25778252940067e-05, 39135.4787645012 
2488810, 581, 1.28203484570711e-05, 44945.2572421446 
253245, 154, 1.25566619369907e-05, 12521.0223354291 
2565926, 1159, 1.29285825102136e-05, 77989.2683463049 
2774459, 1118, 1.29325953132275e-05, 72412.6967167066 
28065, 495, 1.28852695598392e-05, 31204.0618498574 
3023076, 886, 1.28600823045267e-05, 48930.5460500164 
3035454, 1080, 1.29208982608471e-05, 82711.247586835 
915099, 1095, 1.27945955628343e-05, 56257.6271496047 
1019, 206, 1.25154879162964e-05, 28135.5704255058 
1159327, 947, 1.29821236157811e-05, 66459.7577213009 
143223, 348, 1.23180015274322e-05, 14931.7701924152 
1470434, 966, 1.30476762088672e-05, 78304.0164031971 
1678728, 219, 1.21285627653123e-05, 7191.88506285194 
2662364, 412, 1.2243348800764e-05, 41707.4766880332 
2716226, 1236, 1.29364432542917e-05, 92927.2279545883 
2744519, 581, 1.28514882023338e-05, 14975.6930264225 
2956798, 1203, 1.29767327182362e-05, 98878.8166402529 
3025668, 100, 1.21521448535667e-05, 561.370763546669 
456327, 1150, 1.28625635089073e-05, 66963.0214240546 
573658, 301, 1.22995178588999e-05, 7428.06118463857 
1156568, 19, 1.10652517898045e-05, 2739.65746483866 
1639133, 1175, 1.29964649615305e-05, 83992.9651650445 
2771471, 27, 1.11403235149949e-05, 92.8272317306959 
3016339, 191, 1.22249388753056e-05, 5659.89157017556 
45972, 173, 1.21982458922407e-05, 4194.46546655856 
50340, 922, 1.31314590364135e-05, 116350.493184692 
1573711, 438, 1.26680094756711e-05, 8170.35633642939 
1576550, 22, 1.12178048999372e-05, 15269.3183919318 
1774273, 340, 1.24539204941716e-05, 6170.89778746205 
1917421, 770, 1.28580980301394e-05, 27147.9400075808 
2072406, 974, 1.27744918945849e-05, 63238.7034261411 
2732163, 771, 1.28381240933075e-05, 43254.6966316777 
28087, 396, 1.29279139518047e-05, 26796.0894852762 
2906062, 1177, 1.28929114772698e-05, 73085.6400812343 
2952525, 1132, 1.29983232163051e-05, 76599.3776034631 
3032586, 237, 1.23658307365089e-05, 6617.00773770676 
367298, 56, 1.28811201422076e-05, 13346.2581193694 
571256, 799, 1.29824606956002e-05, 53958.8439081793 
92490, 1169, 1.30587513221986e-05, 111562.075019665 
1426, 931, 1.32517028438154e-05, 94435.2011366068 
2678257, 1169, 1.29372800662389e-05, 85187.2686347128 
2698900, 1082, 1.27179539355708e-05, 55321.7992547837 
2949996, 509, 1.27349600122256e-05, 37420.8135949039 
521520, 361, 1.30218506654166e-05, 127732.653366783 
905, 1167, 1.29127229058792e-05, 85182.4630546555 
1216932, 591, 1.30434215503411e-05, 40560.0153705289 
1290, 588, 1.30526150914336e-05, 50877.9450830123 
1415568, 1008, 1.28872622300119e-05, 46903.5766608571 
2545798, 1054, 1.2887760493859e-05, 53958.4077150682 
2735317, 39, 1.27707396812423e-05, 21083.2974390583 
2828656, 10, 1.10472823685373e-05, 881.406301125703 
3045146, 299, 1.28162407402661e-05, 44025.2908012708 
3069118, 318, 1.29018939980389e-05, 50232.7219267688 
3070677, 1024, 1.30890052356021e-05, 85106.2110977524 
1050638, 1011, 1.28577673772726e-05, 91514.1628449695 
146825, 1180, 1.29453189726595e-05, 76446.7173193371 
1612551, 39, 1.25626562480371e-05, 62426.7968570438 
179, 1079, 1.29391214336547e-05, 50784.8048855295 
2296, 1137, 1.28402670775552e-05, 66469.8405298207 
2696560, 290, 1.20897056156683e-05, 4120.61255073106 
3047871, 477, 1.31013520595325e-05, 23571.0566675547 
3070659, 494, 1.24543858119637e-05, 24486.9500772953 
184117, 1125, 1.29290839744004e-05, 63239.7106901298 
233100, 1069, 1.28521488792926e-05, 56727.9443909561 
2487074, 337, 1.23949527752299e-05, 48106.6962671551 
48461, 96, 1.27275041364388e-05, 34966.8569938799 
186803, 125, 1.28027858862088e-05, 2097.13456463634 
2837969, 700, 1.28637217319715e-05, 24234.008664214 
2879620, 53, 1.26641591631524e-05, 20859.8192909613 
53407, 1009, 1.29735339906591e-05, 61189.8060744717 
631220, 1190, 1.28137773734319e-05, 83874.2034113522 
1092, 1233, 1.29421357112351e-05, 108158.3557962 
1130723, 345, 1.26827907212703e-05, 24413.7340067899 
1445505, 1202, 1.30123617436565e-05, 116061.153290609 
1452, 957, 1.3026939711323e-05, 72126.2418116539 
1729720, 461, 1.23249852100177e-05, 26753.9365816025 
1942, 796, 1.28114790852604e-05, 26369.7341974784 
2293862, 1160, 1.28476906276097e-05, 60897.3973209801 
2567937, 158, 1.18480604725007e-05, 33737.5702949707 
28031, 73, 1.31144101138331e-05, 25386.0181924329 
2883106, 1141, 1.29423032122797e-05, 87482.0737112534 
2998079, 684, 1.27181156839803e-05, 22782.3508804038 
320324, 517, 1.26205260235247e-05, 31349.0809059023 
387090, 272, 1.21506682867558e-05, 12683.5490647738 
569, 757, 1.29292511377741e-05, 46450.0137067292 
76759, 298, 1.28106584678452e-05, 14518.1172901486 
99807, 1011, 1.28836094720297e-05, 52540.6216025963 
1556, 469, 1.24680506202855e-05, 25016.3832306571 
1851148, 1178, 1.29762275511263e-05, 86545.6425553041 
2303332, 1094, 1.29883624272652e-05, 64989.7647451508 
2650157, 241, 1.27265322744858e-05, 31676.0708252897 
2731219, 330, 1.31030687386986e-05, 36658.697819388 
2745510, 1114, 1.28539660912375e-05, 75199.9331318689 
2984951, 523, 1.26729862624829e-05, 31168.9240793176 
61592, 1140, 1.28323580741197e-05, 65801.983026121 
1114861, 261, 1.25849484017116e-05, 9437.72534075324 
164759, 1001, 1.29284153641288e-05, 70831.6815181071 
2725560, 768, 1.29075560833312e-05, 43939.4280853144 
2864040, 126, 1.18952740076368e-05, 4159.64816638812 
2986827, 44, 1.26656027560352e-05, 7416.4373583745 
33926, 76, 1.20554550934298e-05, 9464.73638049187 
365349, 48, 1.28491763677948e-05, 3355.40984040899 
37482, 986, 1.3026600317849e-05, 47254.8421573594 
44000, 335, 1.2958907304936e-05, 171357.176120213 
641, 359, 1.29826292420741e-05, 16245.7602061924 
856, 178, 1.21737436696533e-05, 7136.87617728809 
863, 5, 1.11599669664978e-05, 566.282635932844 
1615494, 1195, 1.2899563994737e-05, 81321.9050148376 
165179, 80, 1.33003484691299e-05, 57381.4371079089 
1905730, 182, 1.27055116509542e-05, 6435.95423893108 
2864201, 177, 1.2868356710848e-05, 82031.9369815484 
29495, 419, 1.32236650710111e-05, 64549.2449588754 
2970818, 1138, 1.29540390693818e-05, 90159.6274088096 
2980557, 1104, 1.29733656802584e-05, 74720.3852222688 
3031997, 175, 1.27803693526743e-05, 26777.3892737018 
3036945, 1191, 1.30054232615e-05, 75022.2292129536 
3070996, 441, 1.28234720833013e-05, 32520.3748893072 
33074, 1137, 1.28509927391891e-05, 66166.1956288382 
42239, 125, 1.29654600145213e-05, 18819.1005584521 
49338, 1156, 1.31226707259461e-05, 107128.983125838 
889453, 396, 1.23016361176036e-05, 45872.0307297944 
97138, 332, 1.25098515080626e-05, 36475.4814864925 
1004303, 318, 1.22788276175391e-05, 5597.79693400995 
118968, 178, 1.25289732506421e-05, 5291.43523872702 
182337, 1114, 1.29235700069787e-05, 64740.718263568 
191579, 115, 1.26721832904591e-05, 7932.46620444458 
197, 624, 1.29158917131639e-05, 51804.0489665231 
1977864, 228, 1.22388534642075e-05, 4643.15752228735 
2912855, 463, 1.31120027272966e-05, 36225.7806610881 
2918516, 718, 1.29802699896158e-05, 41428.7138736904 
2920939, 429, 1.23040578782883e-05, 20461.313017621 
2994319, 145, 1.26139990161081e-05, 10383.4792457784 
3059026, 39, 1.22295735547701e-05, 2107.91570846 
108981, 348, 1.23782291705349e-05, 39182.7821933705 
111501, 132, 1.25057839250653e-05, 22916.2075107111 
2487065, 535, 1.25018752812922e-05, 23756.3845917023 
2490452, 292, 1.27823297074125e-05, 8938.23837842528 
2494702, 1043, 1.29098889749548e-05, 68641.8224742969 
2516559, 163, 1.18497452304775e-05, 7077.13792098972 
2986824, 162, 1.23095103276792e-05, 2985.58312936946 
3047030, 559, 1.29294183054704e-05, 122841.237865901 
313603, 280, 1.28382889128537e-05, 15473.7361699358 
535744, 1165, 1.29219000361813e-05, 78728.9708339625 
68043, 889, 1.28890893858349e-05, 66900.3612383014 
1416779, 324, 1.20312330810785e-05, 21829.2532941856 
1612552, 117, 1.29674775662638e-05, 24098.9566989605 
1714849, 443, 1.27429117553361e-05, 29066.6150981692 
2490851, 1192, 1.2978922230298e-05, 90593.4347520978 
2518971, 123, 1.29898808827923e-05, 20676.6984582696 
2594455, 1027, 1.30194771377981e-05, 46250.0408380896 
267363, 1173, 1.29459893325048e-05, 82947.108049072 
2971798, 478, 1.26850430657212e-05, 22137.7794776565 
84565, 1114, 1.29088890610074e-05, 83874.6357781813 
107401, 388, 1.25292872088507e-05, 16637.6671179228 
1349410, 481, 1.26887450831113e-05, 28951.5535038744 
1475485, 1128, 1.28939089174274e-05, 87324.6000441592 
1717, 450, 1.26966391996039e-05, 37148.916184386 
1721091, 508, 1.2622437645158e-05, 42743.1986579761 
1814290, 1076, 1.28988984340737e-05, 65024.2576060884 
192421, 699, 1.29806069731821e-05, 47283.6715599758 
2094025, 351, 1.276731567188e-05, 18651.2296035585 
2609808, 1087, 1.28715037777864e-05, 39393.165347669 
2885633, 146, 1.29668049792531e-05, 119622.481038147 
2891570, 1145, 1.29902183655707e-05, 63845.5762354243 
290053, 361, 1.23057233919496e-05, 38498.1347655834 
2997336, 301, 1.24577992051924e-05, 9273.31289405157 
3070682, 258, 1.3153913947095e-05, 16016.5828634414 
47886, 454, 1.27432365272132e-05, 9371.9712039928 
1006, 194, 1.24072557631703e-05, 6329.84158077612 
1611770, 1000, 1.28455451649368e-05, 65626.9519751648 
1622118, 489, 1.3026939711323e-05, 45721.1246806444 
256, 528, 1.26766812448501e-05, 31947.5134799584 
33987, 1167, 1.30186296590421e-05, 72672.8414742047 
158, 146, 1.2389424387343e-05, 4211.75331412951 
1921087, 1096, 1.29418007221525e-05, 59206.2084437581 
2005262, 202, 1.23239219649261e-05, 6485.14819060973 
2508306, 842, 1.31525298891242e-05, 63030.0597646947 
2782609, 873, 1.29573960816834e-05, 28705.1933421874 
2820280, 50, 1.13037777225149e-05, 17221.9488760905 
2950541, 68, 1.31073624054631e-05, 57079.5358702684 
316279, 22, 1.22291248838233e-05, 3317.13052194662 
394935, 1168, 1.29620988230414e-05, 98647.2050631069 
651666, 1025, 1.29730290725582e-05, 53080.6486877814 
1541, 501, 1.28690191233624e-05, 18779.4458022075 
197162, 634, 1.29249062944294e-05, 62600.3385256643 
2705547, 577, 1.2911555842479e-05, 17310.5593479792 
3019932, 53, 1.30047467325574e-05, 91145.629016494 
55197, 483, 1.24006398730174e-05, 41075.9856245109 
55213, 1092, 1.29048909536714e-05, 55006.1678916937 
57495, 399, 1.2923737027799e-05, 19521.7213749744 
59600, 476, 1.24497341981749e-05, 12724.5349619002 
2072407, 978, 1.28935764202274e-05, 45087.9798415615 
2306165, 972, 1.30077916672087e-05, 88629.1283944289 
2483402, 847, 1.3038829634652e-05, 46669.0390817568 
2494375, 196, 1.24812780828757e-05, 21217.7543426712 
2895491, 1089, 1.28907508862391e-05, 55720.8087680549 
2913616, 30, 1.25851067846311e-05, 26909.8639489678 
390846, 303, 1.21970556307707e-05, 5139.68704412925 
62322, 1000, 1.30123617436565e-05, 49303.4437593182 
1706369, 44, 1.2978753780062e-05, 56996.9967031747 
1736, 924, 1.32182464674236e-05, 54495.2372333132 
1763534, 353, 1.25669188428381e-05, 18075.1936520508 
2676309, 107, 1.31399138021655e-05, 83948.2901553711 
270918, 458, 1.24960949703218e-05, 27956.0916124907 
2837504, 1096, 1.31669036709327e-05, 86294.9361623637 
471, 439, 1.28957379586047e-05, 53519.2004697371 
47678, 359, 1.24034084566439e-05, 26260.5774875118 
47877, 877, 1.28302177287949e-05, 40327.0500680051 
76761, 676, 1.28572714298572e-05, 19298.0085457986 
1308, 296, 1.29419682145261e-05, 37404.3399513235 
2508307, 212, 1.28341696933917e-05, 4562.37549172243 
2993563, 1113, 1.29737023054269e-05, 56246.0610592877 
3041264, 979, 1.30706994131256e-05, 53938.5736859269 
3059030, 1176, 1.29757224233459e-05, 71445.8990178067 
626937, 1179, 1.30127003955861e-05, 85360.6382397952 
64104, 201, 1.29443135630518e-05, 25231.7402253997 
67824, 1044, 1.29354392228388e-05, 59128.8917333862 
69965, 452, 1.26138399051439e-05, 20969.3501288299 
847, 159, 1.28539660912375e-05, 51951.4972465519 
1118202, 227, 1.22168739462946e-05, 12268.4035695167 
1241979, 438, 1.26117718278241e-05, 44124.895763858 
163011, 623, 1.2765522875817e-05, 24376.8226141596 
2169540, 817, 1.31175066243408e-05, 18036.0246397722 
2560057, 1094, 1.31387053119786e-05, 106040.421141438 
2562285, 372, 1.28236365268463e-05, 21558.5428500548 
2686078, 447, 1.27066417616488e-05, 25867.2889261323 
2724, 153, 1.28935764202274e-05, 41344.3398180485 
2812647, 919, 1.2955885210857e-05, 72583.8674531248 
2829597, 5, 1.05830184885333e-05, 206.24781737936 
2864218, 347, 1.26486213002783e-05, 11052.6464019166 
2954079, 973, 1.28269262836546e-05, 58734.8661448513 
2976127, 227, 1.22354092744402e-05, 3824.33886891791 
3039392, 328, 1.29247392433858e-05, 70053.6278627176 
46867, 118, 1.18615519654592e-05, 11101.4389297104 
669, 262, 1.29552138258042e-05, 103512.711213088 
933080, 1009, 1.30466548376996e-05, 32079.1557594728 
1089444, 1064, 1.28802905793555e-05, 50121.5982111285 
1265601, 448, 1.2872166514346e-05, 52428.9815095612 
1501392, 453, 1.27032520325203e-05, 27868.376460881 
1761012, 1162, 1.29580676929456e-05, 47833.2279044529 
232259, 378, 1.22582068694991e-05, 36893.1598003367 
2696063, 543, 1.28909170598396e-05, 39447.005158228 
1933044, 221, 9.23309881262349e-06, 5538.43998820252 
2716225, 530, 8.70049418806988e-06, 7055.13847473093 
2768071, 23, 8.72508986842564e-06, 5443.2979946371 
1800, 733, 8.60926012018527e-06, 19202.8146505824 
2654282, 218, 9.24949590247332e-06, 35462.7050563237 
156977, 519, 8.833219973677e-06, 7196.28976046986 
2588711, 27, 9.06708737952108e-06, 609.083522805747 
3016092, 177, 9.06478602572586e-06, 23390.5154805827 
2174846, 183, 8.81911985183879e-06, 4050.99205808522 
37923, 117, 8.82129814223461e-06, 966.777528109283 
33075, 461, 8.9698165672512e-06, 11164.1367268106 
1270, 478, 8.92641952386478e-06, 17845.2073157658 
1575, 138, 8.8094084482227e-06, 7576.73658069643 
3049047, 20, 8.437536914224e-06, 898.106460331352 
1905847, 30, 8.21018062397373e-06, 2615.73554190588 
40318, 750, 8.81406725133313e-06, 13402.8366015384 
2781962, 519, 8.86037816093991e-06, 12033.4546301138 
206389, 798, 9.14252278773805e-06, 15693.6852387479 
3061628, 803, 8.77185287848352e-06, 21210.1920818904 
85693, 815, 8.81709811666784e-06, 13973.4501224302 
1332264, 354, 8.80801176750372e-06, 19235.5769791943 
2219043, 499, 8.72364369149706e-06, 12476.6035704358 
38300, 850, 8.92060660124889e-06, 16223.2998895478 
3016090, 177, 9.06478602572586e-06, 23390.5154805827 
2929802, 748, 8.84533055000265e-06, 17308.3351711577 
2934161, 488, 9.01315018612155e-06, 14902.7474637309 
47420, 634, 8.94022565129544e-06, 15891.0278243494 
83618, 781, 8.79956354164833e-06, 12043.044596693 
3034022, 869, 8.94062530733399e-06, 14403.6312728883 
390988, 111, 9.20403504896547e-06, 28351.9185601943 
1874630, 141, 8.85574870927463e-06, 7344.79842666225 
2594265, 287, 8.90360952330075e-06, 13061.3246234493 
2760083, 310, 8.90678162352815e-06, 17324.4730282628 
2972479, 1019, 9.62352760027716e-06, 13602.3334757376 
2759943, 656, 8.80987410689901e-06, 8177.15306379519 
2662397, 784, 8.8339222614841e-06, 14870.2318905985 
2003315, 124, 8.46582347064899e-06, 24904.2059462396 
2609257, 22, 8.14750238314445e-06, 721.465466724303 
3002640, 319, 9.07737554918122e-06, 36956.673536934 
2653200, 784, 8.78696015113571e-06, 27910.9300211409 
2565556, 115, 8.67671430182818e-06, 45585.1773689508 
114686, 861, 8.8954517555174e-06, 11234.8054277074 
887464, 869, 9.02225791026462e-06, 14519.2762911967 
444597, 678, 9.05214943288284e-06, 15431.2293343188 
2589976, 601, 8.93958627594715e-06, 13197.2542403297 
2594003, 348, 8.71991628880363e-06, 5463.94334582014 
2613770, 419, 9.13767738516224e-06, 8280.06093150427 
39960, 19, 8.64207133165677e-06, 90544.2620378821 
60550, 789, 8.72136123006079e-06, 14358.5173934604 
53437, 687, 9.04920050313555e-06, 25997.5984178669 
39688, 851, 8.89141800334317e-06, 14291.9457525461 
2875706, 382, 9.15574843665595e-06, 28590.2022777675 
2838156, 72, 8.61942646336313e-06, 17708.2718901142 
2797167, 838, 9.01128212522078e-06, 15187.4129089616 
359, 391, 9.16665902778414e-06, 16914.1292836417 
85643, 851, 8.9278540117312e-06, 14075.8211725179 
234, 612, 8.92235764378379e-06, 11803.8865797957 
414996, 445, 9.05059281382931e-06, 10926.6887094662 
2789856, 420, 9.11004017527717e-06, 20448.7725982216 
1914525, 120, 8.61994655633135e-06, 38682.6369008938 
1226968, 111, 9.10390284314886e-06, 2123.16575380325 
2830667, 114, 8.66708846497196e-06, 44032.4809457491 
244734, 302, 8.82254336280063e-06, 3325.07435663918 
1521117, 761, 8.79909897226524e-06, 13406.5294268724 
664962, 10, 8.21051767313929e-06, 6.96025145190476 
1335043, 779, 9.17599559552211e-06, 13794.3014522076 
66892, 929, 8.93798823760748e-06, 13949.406751692 
2760307, 63, 8.51984698354818e-06, 9242.16325280731 
2726189, 127, 8.9928866266783e-06, 122227.020945007 
570, 817, 8.83134775198043e-06, 17694.4606032359 
67345, 472, 8.99458525967368e-06, 7087.6350855416 
2654248, 641, 9.07235200725788e-06, 12763.6790036559 
2600304, 636, 8.76470278892843e-06, 1981.69024180148 
46913, 40, 9.13458903483932e-06, 691.438604256662 
418699, 846, 8.91806085684729e-06, 11814.5510027026 
1801, 822, 8.83103579218807e-06, 13216.1228869583 
2821832, 521, 8.9175041689332e-06, 11190.7011289064 
1973486, 31, 9.28746563637715e-06, 20557.3249309514 
1903186, 475, 8.93224002715401e-06, 27168.3037668925 
2939437, 19, 9.51673994556425e-06, 133885.602338611 
457921, 348, 8.89956837093401e-06, 4605.85149514132 
2213200, 767, 8.82955428409974e-06, 16602.6334023942 
1806508, 831, 8.84619127234769e-06, 31266.7037509512 
482462, 814, 8.78889084197574e-06, 16278.5986883351 
1534349, 915, 9.05272305909618e-06, 16117.986558116 
83455, 932, 9.02046744062277e-06, 13791.2595013201 
980427, 16, 9.37171989803569e-06, 296.904594049846 
1749, 244, 8.87571338546336e-06, 56175.007622314 
1353891, 552, 8.7862653100673e-06, 6359.88770881815 
2592654, 334, 9.00138621347688e-06, 12642.9534287064 
3016093, 873, 9.18990947939163e-06, 24032.4771899466 
39, 826, 9.09835319807115e-06, 20114.2083127297 
1893, 841, 8.847600088476e-06, 17508.5499514908 
2801030, 858, 8.90146963263635e-06, 11294.3420308242 
280333, 350, 9.03946630990906e-06, 3479.08342727683 
1855519, 48, 8.48838788537281e-06, 18739.5763815941 
2604421, 97, 8.72562279132673e-06, 19254.0578648479 
871203, 569, 9.13166954314257e-06, 17805.1260041331 
2837956, 864, 8.99070361246471e-06, 10778.5777029161 
128, 437, 9.42773640049024e-06, 36962.231998786 
1804, 879, 8.9591284559838e-06, 11470.4267153469 
2801029, 839, 8.847600088476e-06, 17993.0739756712 
1812480, 623, 9.13050226892981e-06, 9398.83233853669 
904291, 703, 8.96595626406534e-06, 13550.0376346338 
1386, 383, 9.02567805406381e-06, 2347.9297994126 
119219, 394, 8.80987410689901e-06, 15220.2488083282 
117207, 112, 8.58922052823706e-06, 12580.4545561934 
2055, 814, 8.99928005759539e-06, 16875.1422912781 
1404768, 323, 8.83602979509247e-06, 4829.54324872282 
33889, 677, 8.84376602932593e-06, 13894.6130599611 
2880934, 702, 9.17035773565527e-06, 9958.2764579823 
2175620, 76, 8.79375994794094e-06, 9633.31624363499 
370622, 53, 8.37899887721415e-06, 270.043143796413 
1748, 313, 8.92777430586555e-06, 21405.8195202726 
2527984, 893, 9.43102618995973e-06, 9887.06570428726 
3004094, 863, 9.05788896839702e-06, 14163.1629405212 
1389020, 679, 8.87161880428322e-06, 12736.9034962332 
1842534, 132, 9.28255158778045e-06, 58520.0258509562 
2714931, 870, 8.94126483132304e-06, 12243.264840381 
2841594, 39, 8.44409166905916e-06, 18095.6429327996 
191493, 125, 9.07013024707035e-06, 65340.350387199 
204891, 824, 8.8309578056836e-06, 16015.154955431 
2742603, 848, 8.89964757395607e-06, 12487.271074831 
3058426, 865, 8.87579216445068e-06, 17456.7684445129 
2763317, 994, 9.20657717873649e-06, 35252.6525961259 
104336, 732, 8.79453331808947e-06, 18189.6577740286 
993502, 325, 8.92211882477851e-06, 11139.3474602024 
3068633, 812, 8.8585728839084e-06, 14855.92938253 
3031124, 882, 8.95583875907898e-06, 13359.3544157636 
1460244, 671, 9.15901888589694e-06, 17384.8927135177 
2493673, 683, 9.08677873693776e-06, 12917.8669231975 
2594473, 23, 8.67626261311677e-06, 102830.576219207 
75105, 572, 8.70375044606721e-06, 7401.28734418667 
2020377, 647, 8.90115269927456e-06, 14520.8618174933 
2026199, 749, 8.75810124365038e-06, 21865.3830515394 
2676871, 957, 9.08512764604343e-06, 15875.5071604694 
67581, 752, 9.03097624853247e-06, 13807.1697348036 
1176536, 116, 8.74294007588872e-06, 24833.0671711662 
2589974, 788, 9.17709031174576e-06, 14940.085549335 
2806262, 468, 8.84955752212389e-06, 9869.4097695312 
284035, 169, 9.12575287461216e-06, 9245.75912521555 
344163, 715, 8.8909436847627e-06, 13709.1973531847 
36809, 855, 8.86752799921966e-06, 16463.3927660105 
717785, 595, 9.14018298646339e-06, 19933.6869134302 
2420509, 690, 8.9515096721062e-06, 13192.7151927636 
3074430, 548, 9.05042899033414e-06, 6673.25962403496 
795665, 517, 8.9411049417487e-06, 10816.7327487354 
2592652, 693, 8.9419844051792e-06, 18527.8752548483 
337004, 257, 9.07465720482409e-06, 79989.0328029589 
382, 455, 9.06856743840176e-06, 20158.8548260237 
356837, 981, 9.10556076595977e-06, 18756.425539316 
36863, 309, 8.82347750895583e-06, 2870.76658831705 
152142, 899, 8.9622599234623e-06, 12957.8041843476 
2816454, 78, 8.52769368524283e-06, 3000.71365973484 
1259258, 385, 9.00625033773439e-06, 26081.3110756645 
3016089, 99, 9.18425451406109e-06, 14906.0941786574 
1069221, 311, 9.09719442523926e-06, 31046.2449175637 
173366, 229, 9.33262405390524e-06, 18272.2714443737 
1331682, 698, 9.1062241041752e-06, 26532.9047576013 
3069708, 693, 9.08818263611825e-06, 23259.6140652011 
1881061, 399, 9.06330720079757e-06, 22668.6910538497 
2762322, 316, 8.90004361021369e-06, 7625.31547122396 
1169025, 954, 9.08843042806507e-06, 13155.4618465229 
2560053, 31, 9.03954802259887e-06, 38518.4174965896 
2590772, 317, 8.9917545610675e-06, 5077.84565575596 
2780074, 157, 8.79948611001117e-06, 82503.5312033048 
285450, 838, 8.88067919434478e-06, 13931.0042699795 
556288, 376, 9.00179135647994e-06, 14158.3638663691 
71433, 765, 9.10647288092376e-06, 17392.4310413574 
36813, 859, 8.89948916932168e-06, 10774.8343791321 
67287, 864, 8.89735125853034e-06, 9372.2212061436 
2203205, 920, 9.05469032959073e-06, 17728.1647196604 
348043, 905, 9.02836712952095e-06, 19116.2143227358 
2973512, 609, 9.22568800568302e-06, 3556.99833588733 
747, 15, 8.51433388108881e-06, 13.8574360612145 
319706, 823, 8.82908654270629e-06, 26928.7690598992 
2810513, 895, 8.98698684305126e-06, 11681.8514515333 
220927, 885, 8.93734918223255e-06, 13919.639824686 
2933777, 38, 9.40088180271309e-06, 1176.4354594978 
700274, 880, 9.03530092069716e-06, 15804.7983627064 
875808, 684, 8.95977062987187e-06, 14875.5028843628 
436515, 664, 9.13717642973968e-06, 20488.1868027935 
53335, 276, 9.32531356366858e-06, 15.5961534965587 
396, 406, 9.06437519261797e-06, 26292.3993482646 
76259, 963, 9.05042899033414e-06, 21101.2490322166 
33057, 943, 9.18459192858061e-06, 31297.0750864895 
373994, 28, 9.51565324959558e-06, 37106.8672361561 
2607753, 853, 9.1639709318842e-06, 16722.1311145024 
1826607, 89, 9.22432639356511e-06, 6481.32305198974 
111782, 19, 9.26792648680711e-06, 8895.1883182973 
370764, 529, 8.97005794657433e-06, 12198.7406722267 
1249101, 946, 9.16271142956624e-06, 20468.8081656368 
2039870, 108, 9.19574053298512e-06, 21746.5769058613 
1791, 869, 8.89299943084804e-06, 21946.4478311604 
2944250, 471, 9.13525660935816e-06, 22943.2927060034 
662, 186, 9.09206626297892e-06, 14015.903986946 
1634516, 151, 8.73850886084798e-06, 22635.4613067206 
3033808, 978, 9.13333759555754e-06, 16366.2065616704 
2571748, 597, 8.85151582208453e-06, 24455.3428874391 
2742145, 349, 9.27996733451498e-06, 20101.5684446912 
671077, 863, 8.96290254636061e-06, 12610.6913815929 
1416806, 400, 8.8425930019719e-06, 13447.1710696403 
2737050, 21, 9.19176785271111e-06, 649.20952870685 
2996261, 911, 1.01817441327699e-05, 4119.70784466177 
322009, 740, 8.92211882477851e-06, 19625.147944046 
436397, 306, 9.18551994635656e-06, 38384.417027973 
2338327, 88, 8.65905824082573e-06, 21745.7777405541 
2571746, 402, 8.83243978484177e-06, 29022.1255230577 
2762323, 310, 8.95535754264989e-06, 2946.19335905852 
43669, 646, 9.20225639326763e-06, 33709.7349258099 
2067415, 151, 8.57463793591316e-06, 38209.7942710833 
2576891, 760, 9.30076824345691e-06, 18700.7480742296 
1798193, 85, 8.59527431817986e-06, 12895.6929245439 
1572644, 588, 9.00698040981761e-06, 24327.0416194366 
1532023, 141, 8.54175208418751e-06, 17713.5747584012 
328692, 21, 9.46548411218492e-06, 8291.62798841228 
370777, 982, 9.42240648261566e-06, 24179.3275444207 
1663591, 326, 9.37549807333515e-06, 15995.3071938056 
2170729, 479, 9.27850356294537e-06, 12013.4926564632 
185642, 947, 9.04200009042e-06, 14702.8321073225 
2999062, 669, 9.15474261441139e-06, 22201.4137976037 
1492898, 98, 8.7639346561032e-06, 14545.7478512492 
2493675, 635, 8.89933077032607e-06, 11364.4231822749 
39122, 739, 9.16237562075095e-06, 28799.1421048644 
2782659, 339, 9.09405067205034e-06, 10473.710755028 
2575923, 701, 9.04780862075205e-06, 20376.5132945813 
2014, 714, 9.20208703333916e-06, 23733.6433501354 
2931930, 29, 9.83864620228257e-06, 173795.349227168 
2182432, 823, 8.97641894742511e-06, 18088.3709114373 
2726118, 851, 9.15482642449099e-06, 26054.5282410117 
215221, 49, 8.86524822695035e-06, 2164.40862502918 
1325102, 323, 9.07301051561919e-06, 2679.49658416692 
40990, 245, 9.1780168141268e-06, 13619.4692207338 
463040, 372, 8.86988761852387e-06, 6881.78458653164 
1136941, 846, 9.10307410812631e-06, 15325.8625343331 
1671680, 104, 9.01209423045727e-06, 169691.446382131 
2865838, 726, 9.23838734710469e-06, 16082.3837843156 
2211140, 730, 9.22917897223863e-06, 10399.482560084 
416169, 934, 9.0260039172857e-06, 13571.5454579685 
708113, 516, 9.07811719849303e-06, 16775.4811636288 
3015156, 765, 9.41548659234709e-06, 43740.2051684625 
1337936, 25, 9.3442224672485e-06, 51158.7987956977 
2509614, 435, 9.15306673500956e-06, 4673.45049293685 
28450, 902, 8.90249982195e-06, 22438.5378757058 
2861782, 775, 9.19717830569581e-06, 16947.3942722298 
2099694, 836, 9.05477231775007e-06, 12660.8463569231 
2499144, 30, 9.02999765220061e-06, 151.475651778632 
1164, 25, 9.59297027138513e-06, 51964.9180776234 
2597660, 735, 9.15977393677924e-06, 38526.941310637 
1897060, 172, 9.06527907461631e-06, 30465.710774985 
1690221, 834, 9.14486378725389e-06, 27242.4092993072 
187303, 219, 9.49234916657174e-06, 27387.7482151108 
2744518, 644, 9.00795402340266e-06, 13665.4691500188 
3016096, 90, 9.19540229885057e-06, 4113.82682466194 
2072505, 845, 9.01339390334036e-06, 15424.8235652138 
2703788, 605, 9.42178505139584e-06, 14597.2962011761 
2978974, 749, 9.20098634573626e-06, 13449.9120469917 
68249, 974, 9.21990392860106e-06, 25292.6194942581 
2929795, 716, 9.01818968860191e-06, 18680.7251981883 
2851650, 679, 9.101499927188e-06, 13522.5273766313 
3064529, 676, 9.22211463088486e-06, 18026.7027272139 
446683, 81, 8.92952816373183e-06, 45045.6135679238 
316612, 328, 9.01266279122167e-06, 3389.41677238564 
36821, 713, 9.15532931719554e-06, 28949.2312371719 
701042, 1070, 9.53952703024984e-06, 37143.9034633242 
93217, 571, 9.11327804611319e-06, 12631.6818771875 
2761578, 882, 8.97682184599364e-06, 11038.6102752542 
574727, 707, 9.4128278017282e-06, 7924.10776079519 
1582356, 19, 8.70731240095432e-06, 35659.4668896415 
2493680, 709, 9.18374843876276e-06, 13756.9615697466 
1920, 609, 9.14168700692026e-06, 24143.3664620657 
1176587, 97, 8.79623521132955e-06, 98581.4276818851 
674079, 166, 9.17860650396057e-06, 38618.3357899583 
84531, 969, 9.12550304335527e-06, 21023.3408250033 
479978, 319, 9.36733049815464e-06, 27203.5818018451 
36861, 920, 9.33244986141312e-06, 27057.1765772812 
2895818, 531, 9.17212408049456e-06, 13657.4935637554 
2175650, 20, 8.49697082989914e-06, 46813.0843320353 
3016006, 521, 9.21259915059836e-06, 11383.1273045958 
2898276, 593, 9.28530971150543e-06, 32622.5409928792 
2938232, 65, 9.06026890878121e-06, 8476.86739703947 
1355015, 888, 9.19793966151582e-06, 24726.5968838207 
3068893, 940, 9.05846332228201e-06, 20616.9266498957 
92647, 456, 8.84885274624145e-06, 15269.951267197 
33899, 856, 9.19514863957776e-06, 22238.447876012 
2762729, 145, 8.64184728127485e-06, 46476.5146494118 
2795488, 105, 9.18889613790695e-06, 10440.724413389 
560555, 983, 9.38588175666163e-06, 22721.1782629095 
152480, 822, 8.87862913966084e-06, 19036.0177456795 
2082386, 149, 8.9591284559838e-06, 18727.6416335173 
3032282, 913, 9.20115566515154e-06, 19509.2492420795 
2614639, 333, 9.21251427939713e-06, 31412.4251052049 
105219, 366, 8.90495738977889e-06, 8176.77163338621 
2662065, 752, 9.25437500578398e-06, 29417.4521277705 
1862145, 578, 8.91686803926989e-06, 13461.0533179522 
1384459, 722, 9.38271141594498e-06, 22062.6639923948 
2560058, 122, 9.0967806493282e-06, 41792.8647799238 
286727, 245, 9.35234977788169e-06, 11838.7831854358 
2909588, 632, 9.14519831362543e-06, 24056.8858739815 
2966192, 959, 9.21455161991818e-06, 20110.6964234531 
2016596, 1051, 9.29601294005001e-06, 34272.3792234028 
2493669, 772, 9.15851558779353e-06, 13954.0100072569 
2978473, 493, 8.9629828807027e-06, 9180.4161594561 
1867719, 496, 9.0351376503221e-06, 17581.1487427536 
2879618, 966, 1.01919137356421e-05, 4529.13681890585 
1166950, 880, 8.93056485822728e-06, 17473.2446502592 
1404, 171, 9.60596338206759e-06, 15294.6562195327 
256618, 423, 9.14478015948497e-06, 5645.99817661735 
2582831, 238, 9.37752020855605e-06, 34357.162943198 
311180, 689, 9.23633945394761e-06, 14704.9385382732 
37928, 808, 9.05575629148668e-06, 14938.2247491285 
2665643, 898, 9.18476064513759e-06, 25533.0258371506 
1335048, 29, 9.0589556835888e-06, 14302.7909958332 
3049070, 733, 9.09744270885454e-06, 14505.2285818046 
2290922, 971, 9.32374851985492e-06, 31374.4386389281 
2760713, 86, 8.72585120678522e-06, 27581.3338711473 
2807096, 68, 9.33340800059734e-06, 9579.24984321071 
125, 700, 9.66006240400313e-06, 1850.88990916401 
1325564, 404, 9.08818263611825e-06, 595.783334651703 
2657486, 42, 9.1226725781585e-06, 353.505524566838 
2867005, 917, 9.06281436637333e-06, 21408.8216607202 
424188, 934, 9.09843597885523e-06, 17000.1675784846 
132473, 1020, 9.18408581609787e-06, 22183.258047183 
556499, 698, 9.15776074434279e-06, 24058.3455747347 
2705439, 867, 9.16531478273621e-06, 24074.6371465188 
2849093, 583, 9.16145227341438e-06, 15482.4894722452 
2904253, 930, 9.31358852565894e-06, 25336.678842709 
2963406, 598, 9.23992386302737e-06, 9082.8549459991 
3073268, 255, 9.29947086010806e-06, 51796.4882288347 
191494, 753, 9.14728965807431e-06, 1993.08224083842 
2493672, 714, 9.19134542914392e-06, 10049.6272005456 
2926709, 189, 9.299211426871e-06, 17762.5190381569 
2862869, 722, 9.23488941219929e-06, 22918.3249020965 
2027405, 973, 9.16665902778414e-06, 19091.4763561224 
3015167, 103, 9.19540229885057e-06, 13625.0908755948 
33995, 60, 9.2776427365335e-06, 16221.8333218369 
44010, 943, 9.11236456748162e-06, 19710.305403029 
2865673, 932, 9.09827041879339e-06, 16959.4157902844 
2663859, 414, 9.18054458990507e-06, 24057.3853904083 
75294, 774, 9.20564490145357e-06, 20747.8991685019 
28047, 919, 9.09827041879339e-06, 13516.8263096454 
321985, 346, 8.97601608502082e-06, 5303.7061276849 
296591, 763, 9.41522064569583e-06, 14857.6686216311 
864828, 650, 8.9974177411083e-06, 11259.590031417 
1758194, 942, 9.06117197198286e-06, 17558.5740152104 
2527995, 772, 9.45966399273498e-06, 7024.78801535151 
3025670, 105, 8.97803075873338e-06, 114619.496007307 
1085, 637, 9.28677563150074e-06, 23584.2653079231 
132919, 1040, 9.59619223092277e-06, 19240.9113553875 
300028, 711, 9.20344208734067e-06, 23483.1652537178 
3028316, 879, 9.22917897223863e-06, 23132.6326214201 
2976241, 1070, 9.28574081640233e-06, 36259.9192832705 
2968086, 387, 9.1622916723931e-06, 14101.7397842996 
3015163, 103, 9.30076824345691e-06, 2931.87646357314 
265959, 59, 8.98521034377415e-06, 8827.14299946649 
41899, 830, 9.07128213501696e-06, 23766.7913780622 
2813577, 1047, 9.23173501227821e-06, 25133.7007815828 
76116, 1054, 9.29022668153103e-06, 28540.6688774854 
2653850, 151, 8.75779443704897e-06, 42912.0243747406 
1431246, 992, 9.18577307466196e-06, 18664.7338794511 
1935379, 991, 9.27291104496434e-06, 27264.6992551444 
1648182, 891, 9.23139412514078e-06, 24847.9835589869 
134601, 912, 9.06667633778809e-06, 16883.2526241102 
1804990, 294, 9.20717054441999e-06, 15709.2638459602 
234612, 1001, 9.29514886180902e-06, 34283.223072687 
1404367, 431, 9.13784438251017e-06, 13558.987303561 
1069, 466, 9.30267172732009e-06, 18481.633704468 
1697043, 801, 9.08975221335466e-06, 19414.893357062 
67296, 996, 9.23156456556257e-06, 28916.1001096098 
237610, 836, 9.16329915422749e-06, 8546.11227526951 
2944810, 1068, 9.30293135366954e-06, 32880.8701527264 
60894, 891, 9.0433084039465e-06, 18960.6950718243 
545619, 664, 9.21353283703103e-06, 17734.1818411907 
2541726, 586, 9.24214417744917e-06, 14368.653178613 
1561023, 28, 8.6721243235743e-06, 14791.4252540285 
1775411, 1002, 9.44572486492613e-06, 21354.320822736 
68909, 33, 9.72980336067408e-06, 46980.9776834615 
1923282, 29, 6.77763921270943e-06, 161.091206113634 
1923294, 37, 6.97481394683797e-06, 227.490934717774 
1923307, 50, 7.40285602185323e-06, 761.357505876677 
1923335, 37, 6.97481394683797e-06, 227.490934717774 
1923345, 43, 6.40725814202328e-06, 15.4147869073165 
1923369, 43, 6.40725814202328e-06, 15.4147869073165 
1923388, 33, 6.59308780674341e-06, 172.952922538782 
1923476, 29, 6.77763921270943e-06, 161.091206113634 
1923664, 32, 6.92962275133742e-06, 249.193135479149 
1923669, 93, 6.58518596565167e-06, 20145.9602397533 
1923684, 47, 7.26211138626444e-06, 293.754933697046 
1923703, 27, 7.10292853743598e-06, 238.902394324233 
1923738, 37, 6.97481394683797e-06, 227.490934717774 
1924730, 15, 6.62528074627162e-06, 75.3203960837174 
1925780, 37, 6.97481394683797e-06, 227.490934717774 
1925781, 22, 6.83069440839356e-06, 350.813657946169 
1933903, 19, 6.40972226673418e-06, 63.6660890659985 
1933912, 25, 6.56043141396978e-06, 168.600821289062 
194802, 79, 7.22287629379772e-06, 4182.0568753383 
1955153, 15, 6.7708474392655e-06, 424.453693119502 
1955196, 42, 7.02760443020183e-06, 365.82307860114 
1955199, 32, 6.92962275133742e-06, 249.193135479149 
1961785, 25, 6.56043141396978e-06, 168.600821289062 
1961786, 75, 7.33487365680126e-06, 2302.89749793687 
1962300, 47, 8.01166498421702e-06, 5963.98315854736 
1963254, 8, 6.66164822500383e-06, 16.6147653534316 
1964806, 10, 6.72490433823579e-06, 38.9191929998012 
1972716, 27, 6.98436201345188e-06, 879.250291131888 
1977412, 49, 7.38743397480885e-06, 4554.02461008612 
1977566, 68, 7.24842527960801e-06, 6873.51802508555 
1978542, 13, 6.37962602632234e-06, 95.9287173379429 
1979848, 69, 7.71093256018383e-06, 15777.219863522 
1980429, 8, 6.46713402488553e-06, 82.7757061885847 
1980916, 33, 6.59308780674341e-06, 172.952922538782 
1980918, 50, 7.40285602185323e-06, 761.357505876677 
1980930, 93, 6.58518596565167e-06, 20145.9602397533 
1980955, 52, 7.934178058824e-06, 61595.3198372706 
1980958, 37, 6.97481394683797e-06, 227.490934717774 
1981041, 37, 6.46797060954155e-06, 4822.86413199241 
1982077, 27, 7.10292853743598e-06, 238.902394324233 
1982078, 42, 7.90451347719548e-06, 5730.32906399198 
1982082, 45, 7.1891242927699e-06, 3889.45075059112 
1982085, 16, 7.15860607622484e-06, 191.586522477916 
1982101, 17, 7.09224888119774e-06, 1251.03147375073 
1982260, 33, 6.59308780674341e-06, 172.952922538782 
1982275, 10, 6.74463464314138e-06, 181.198196359672 
1982300, 54, 7.38661545279953e-06, 7144.17324495964 
1982376, 42, 7.24097231776283e-06, 256.778023779211 
1982377, 17, 6.53253200940685e-06, 262.553735599072 
1982561, 38, 7.63026774609521e-06, 5852.57723966302 
1982588, 25, 6.56043141396978e-06, 168.600821289062 
1982894, 29, 6.77763921270943e-06, 161.091206113634 
1982916, 25, 6.56043141396978e-06, 168.600821289062 
1982928, 46, 7.59509053347916e-06, 3171.90183170374 
1983738, 33, 6.59308780674341e-06, 172.952922538782 
1984778, 41, 7.24123448565511e-06, 2491.83851841801 
1985175, 75, 7.33487365680126e-06, 2302.89749793687 
1985178, 43, 6.40725814202328e-06, 15.4147869073165 
1985180, 48, 6.77616956686724e-06, 10107.7879261108 
1985292, 8, 6.66164822500383e-06, 16.6147653534316 
1985688, 15, 6.7708474392655e-06, 424.453693119502 
1985723, 29, 6.67164816396243e-06, 11705.3485563605 
1986020, 38, 6.99237132288673e-06, 713.839529274251 
1986112, 13, 6.37962602632234e-06, 95.9287173379429 
1986113, 33, 6.59308780674341e-06, 172.952922538782 
1987018, 42, 7.02760443020183e-06, 365.82307860114 
1987727, 16, 6.70717802191906e-06, 421.504405697426 
1987728, 5, 5.99732519296394e-06, 0.0645161290322581 
1987729, 104, 7.22579899272362e-06, 44894.2036254367 
1993861, 74, 7.87693083267036e-06, 18333.3528393309 
1993865, 52, 7.934178058824e-06, 61595.3198372706 
1993876, 10, 6.72490433823579e-06, 38.9191929998012 
1993882, 29, 6.77763921270943e-06, 161.091206113634 
2006138, 3, 5.7947163776069e-06, 104.447739864754 
2006139, 37, 6.97481394683797e-06, 227.490934717774 
2006145, 25, 6.9756897213212e-06, 364.129527527534 
2006169, 114, 7.74371404012793e-06, 9263.59422576883 
200667, 41, 7.04751434169169e-06, 10172.0483122721 
2011080, 33, 6.59308780674341e-06, 172.952922538782 
2015376, 22, 6.83069440839356e-06, 350.813657946169 
2016460, 1, 5.34296491809235e-06, 0 
2018501, 15, 6.7708474392655e-06, 424.453693119502 
2030954, 7, 6.14329858274102e-06, 433.073506480008 
2034996, 9, 6.23756385705999e-06, 452.270440624362 
2040624, 65, 7.03883324300164e-06, 76282.8194522326 
2042206, 15, 6.62528074627162e-06, 75.3203960837174 
204269, 19, 6.40972226673418e-06, 63.6660890659985 
2058097, 47, 7.26211138626444e-06, 293.754933697046 
2058324, 15, 6.7708474392655e-06, 424.453693119502 
205876, 50, 7.40285602185323e-06, 761.357505876677 
2060092, 93, 7.48514199314361e-06, 4140.80479535222 
2060093, 42, 7.02760443020183e-06, 365.82307860114 
2060112, 27, 7.10292853743598e-06, 238.902394324233 
2070199, 33, 6.59308780674341e-06, 172.952922538782 
2077147, 32, 6.92962275133742e-06, 249.193135479149 
2079397, 63, 6.83088104703745e-06, 12282.2781641764 
2079458, 27, 7.10292853743598e-06, 238.902394324233 
2080759, 32, 8.1115500360964e-06, 6806.77540982177 
210827, 47, 7.26211138626444e-06, 293.754933697046 
2116189, 43, 6.40725814202328e-06, 15.4147869073165 
2116197, 19, 6.40972226673418e-06, 63.6660890659985 
2116706, 66, 7.84910873370329e-06, 16954.1926811298 
213633, 43, 6.40725814202328e-06, 15.4147869073165 
213775, 99, 7.66941743105194e-06, 11628.2073502759 
2144178, 76, 7.07689041435193e-06, 9429.68280210531 
2161803, 10, 6.72490433823579e-06, 38.9191929998012 
2163965, 72, 7.17185191560165e-06, 34403.831477018 
2169625, 29, 6.77763921270943e-06, 161.091206113634 
2169643, 19, 7.12539991307012e-06, 256.485159525411 
2169688, 53, 7.44019939734385e-06, 20175.6008768058 
2169690, 61, 7.4548422928113e-06, 11968.7601595035 
2169700, 19, 6.40972226673418e-06, 63.6660890659985 
2169708, 67, 7.41850769299248e-06, 2743.16896884876 
2169799, 54, 7.62764870101143e-06, 1969.28500505019 
2169810, 10, 6.72490433823579e-06, 38.9191929998012 
2169811, 42, 7.24097231776283e-06, 256.778023779211 
2169868, 47, 7.26211138626444e-06, 293.754933697046 
2169870, 29, 7.3210193787383e-06, 1412.77536262989 
2169872, 13, 6.37962602632234e-06, 95.9287173379429 
2169878, 50, 7.40285602185323e-06, 761.357505876677 
2170001, 37, 6.97481394683797e-06, 227.490934717774 
2170042, 72, 7.50976269149895e-06, 46909.9757183969 
2170221, 104, 7.67801477250042e-06, 3509.62885815603 
2170234, 54, 7.38661545279953e-06, 7144.17324495964 
2170236, 9, 6.23756385705999e-06, 452.270440624362 
2182344, 42, 7.02760443020183e-06, 365.82307860114 
2182400, 75, 7.76150449003035e-06, 8491.17781699902 
219584, 67, 7.41850769299248e-06, 2743.16896884876 
2201426, 74, 7.41817750215127e-06, 20511.9837071952 
2202565, 129, 8.15600812338409e-06, 78950.0943865473 
222645, 13, 6.37962602632234e-06, 95.9287173379429 
2250219, 34, 7.24207355049898e-06, 651.43148314899 
2250368, 104, 7.67801477250042e-06, 3509.62885815603 
2259883, 52, 7.51162423850909e-06, 3244.04911774405 
226584, 43, 6.40725814202328e-06, 15.4147869073165 
2268743, 47, 8.01166498421702e-06, 5963.98315854736 
2273, 46, 7.62346196654825e-06, 1411.10588270718 
2284, 88, 7.93210121361149e-06, 6749.61323252086 
228582, 32, 6.92962275133742e-06, 249.193135479149 
2292426, 43, 6.40725814202328e-06, 15.4147869073165 
2292642, 47, 7.26211138626444e-06, 293.754933697046 
2304619, 33, 6.59308780674341e-06, 172.952922538782 
2307, 99, 7.36241487207804e-06, 8629.47278953474 
2316, 25, 6.56043141396978e-06, 168.600821289062 
2320870, 47, 7.26211138626444e-06, 293.754933697046 
2365028, 108, 7.75013562737348e-06, 9101.93339840651 
2382122, 8, 6.66164822500383e-06, 16.6147653534316 
2419630, 34, 7.24207355049898e-06, 651.43148314899 
2419947, 29, 6.81240675518254e-06, 76185.3227273274 
242710, 108, 7.1107571534217e-06, 16623.5659948466 
2483661, 63, 6.83088104703745e-06, 12282.2781641764 
2490815, 42, 7.02760443020183e-06, 365.82307860114 
2491323, 10, 6.72490433823579e-06, 38.9191929998012 
2494563, 49, 7.57466728273961e-06, 5027.63314762909 
2499622, 108, 7.1107571534217e-06, 16623.5659948466 
2499930, 58, 7.67442038940009e-06, 30120.529280277 
2507499, 33, 6.59308780674341e-06, 172.952922538782 
2507505, 42, 7.02760443020183e-06, 365.82307860114 
2508187, 16, 6.70717802191906e-06, 421.504405697426 
2508226, 43, 6.40725814202328e-06, 15.4147869073165 
2508235, 29, 6.77763921270943e-06, 161.091206113634 
2509381, 50, 7.40285602185323e-06, 761.357505876677 
2509576, 19, 6.40972226673418e-06, 63.6660890659985 
2509728, 47, 7.37338062128105e-06, 8325.76024052021 
2509785, 8, 6.66164822500383e-06, 16.6147653534316 
2547964, 29, 6.77763921270943e-06, 161.091206113634 
255066, 47, 7.26211138626444e-06, 293.754933697046 
255431, 32, 6.7145638890754e-06, 4113.19877837505 
2560124, 57, 7.21526750604279e-06, 12554.2204748636 
2560131, 24, 7.61266747868453e-06, 11733.4670099963 
2560133, 29, 6.77763921270943e-06, 161.091206113634 
2560149, 22, 6.83069440839356e-06, 350.813657946169 
2560161, 37, 6.97481394683797e-06, 227.490934717774 
2560202, 75, 7.33487365680126e-06, 2302.89749793687 
2560210, 1, 5.34296491809235e-06, 0 
2560281, 22, 6.83069440839356e-06, 350.813657946169 
2560330, 15, 6.62528074627162e-06, 75.3203960837174 
2560335, 108, 7.1107571534217e-06, 16623.5659948466 
2560358, 51, 7.847999937216e-06, 12336.660528688 
2560395, 46, 7.45550924855922e-06, 52764.5759442914 
2560397, 42, 7.24097231776283e-06, 256.778023779211 
2560399, 53, 7.73156022885418e-06, 3885.98519148021 
2560414, 7, 6.31783778319708e-06, 163.911659329478 
2560415, 21, 7.08968450903935e-06, 126.246855260765 
2560440, 56, 8.14219529869643e-06, 10512.6967412224 
2560447, 29, 6.77763921270943e-06, 161.091206113634 
2560494, 47, 7.26211138626444e-06, 293.754933697046 
2560508, 74, 7.87693083267036e-06, 18333.3528393309 
2560512, 61, 7.62671791821108e-06, 63960.9824135045 
2560539, 63, 6.83088104703745e-06, 12282.2781641764 
2560604, 43, 6.40725814202328e-06, 15.4147869073165 
2560629, 37, 6.97481394683797e-06, 227.490934717774 
2560652, 74, 7.87693083267036e-06, 18333.3528393309 
2560655, 27, 7.10292853743598e-06, 238.902394324233 
2560665, 37, 6.46797060954155e-06, 4822.86413199241 
2560666, 33, 6.59308780674341e-06, 172.952922538782 
2560678, 43, 6.40725814202328e-06, 15.4147869073165 
2560691, 104, 7.67801477250042e-06, 3509.62885815603 
2560692, 58, 7.67442038940009e-06, 30120.529280277 
2560721, 64, 7.77441750176868e-06, 45586.0019441941 
2560722, 49, 7.38743397480885e-06, 4554.02461008612 
2560729, 32, 6.92962275133742e-06, 249.193135479149 
2560758, 43, 6.40725814202328e-06, 15.4147869073165 
2560788, 19, 6.40972226673418e-06, 63.6660890659985 
2560790, 19, 6.40972226673418e-06, 63.6660890659985 
2560835, 45, 6.96141288835982e-06, 75149.7266928058 
2560836, 65, 7.03883324300164e-06, 76282.8194522326 
2560842, 30, 7.76536182703433e-06, 21285.5575127977 
2571156, 49, 7.52677650742516e-06, 8443.61766077315 
2583584, 94, 7.1791116567236e-06, 39265.5748408152 
2583592, 47, 7.26211138626444e-06, 293.754933697046 
2587860, 37, 6.97481394683797e-06, 227.490934717774 
2591121, 19, 6.40972226673418e-06, 63.6660890659985 
2593322, 19, 6.40972226673418e-06, 63.6660890659985 
2603296, 76, 7.07689041435193e-06, 9429.68280210531 
261827, 66, 7.44973292707456e-06, 107143.607074082 
2652411, 63, 7.52224704563747e-06, 6273.34854386496 
265877, 47, 7.26211138626444e-06, 293.754933697046 
2662136, 19, 6.40972226673418e-06, 63.6660890659985 
2664941, 33, 6.59308780674341e-06, 172.952922538782 
267970, 43, 6.40725814202328e-06, 15.4147869073165 
2681674, 70, 7.97868096446295e-06, 12980.6295431021 
2686311, 15, 7.80104221924049e-06, 2912.23538480044 
2696462, 93, 7.42831674342594e-06, 3846.07164358114 
2705123, 47, 7.26211138626444e-06, 293.754933697046 
270673, 32, 6.92962275133742e-06, 249.193135479149 
2711179, 19, 6.40972226673418e-06, 63.6660890659985 
2712941, 33, 6.59308780674341e-06, 172.952922538782 
2725651, 28, 7.06544010626422e-06, 8608.93839194808 
2725997, 47, 7.26211138626444e-06, 293.754933697046 
2731674, 13, 6.37962602632234e-06, 95.9287173379429 
2731690, 69, 7.87240407475635e-06, 14509.6298733008 
2731942, 32, 7.79915613130659e-06, 17213.8067523705 
2731958, 32, 6.92962275133742e-06, 249.193135479149 
2732679, 43, 6.40725814202328e-06, 15.4147869073165 
2732693, 72, 7.17185191560165e-06, 34403.831477018 
2732928, 63, 7.52224704563747e-06, 6273.34854386496 
2732932, 94, 7.1791116567236e-06, 39265.5748408152 
2733150, 37, 6.97481394683797e-06, 227.490934717774 
2733160, 99, 7.36241487207804e-06, 8629.47278953474 
2733161, 22, 6.83069440839356e-06, 350.813657946169 
2733219, 33, 6.59308780674341e-06, 172.952922538782 
2733297, 1, 5.34296491809235e-06, 0 
2733332, 53, 8.15055709057714e-06, 7764.6263842322 
2733352, 26, 6.96378830083565e-06, 13279.2382931694 
2733364, 47, 7.26211138626444e-06, 293.754933697046 
2733365, 47, 7.26211138626444e-06, 293.754933697046 
2733370, 37, 6.97481394683797e-06, 227.490934717774 
2733574, 43, 6.40725814202328e-06, 15.4147869073165 
2733578, 50, 7.40285602185323e-06, 761.357505876677 
2733580, 8, 6.66164822500383e-06, 16.6147653534316 
2733588, 10, 6.72490433823579e-06, 38.9191929998012 
2733598, 74, 7.87693083267036e-06, 18333.3528393309 
2733599, 42, 7.24097231776283e-06, 256.778023779211 
2733601, 25, 6.9756897213212e-06, 364.129527527534 
2733602, 29, 6.77763921270943e-06, 161.091206113634 
2733604, 47, 7.26211138626444e-06, 293.754933697046 
2733608, 79, 7.22287629379772e-06, 4182.0568753383 
2733617, 15, 6.7708474392655e-06, 424.453693119502 
2733635, 37, 6.97481394683797e-06, 227.490934717774 
2733638, 28, 7.20476667363127e-06, 1272.87481852099 
2733642, 25, 6.56043141396978e-06, 168.600821289062 
2733649, 50, 7.40285602185323e-06, 761.357505876677 
2733657, 99, 7.66941743105194e-06, 11628.2073502759 
2733661, 42, 7.24097231776283e-06, 256.778023779211 
2733669, 9, 6.23756385705999e-06, 452.270440624362 
2733671, 15, 6.7708474392655e-06, 424.453693119502 
2733672, 32, 6.92962275133742e-06, 249.193135479149 
2733675, 104, 7.22579899272362e-06, 44894.2036254367 
2733882, 8, 6.66164822500383e-06, 16.6147653534316 
2733899, 25, 6.9756897213212e-06, 364.129527527534 
2733905, 112, 8.01731740559609e-06, 11829.5300158815 
2733918, 112, 8.01731740559609e-06, 11829.5300158815 
2733923, 63, 7.40954794347997e-06, 2896.8817418891 
2733924, 10, 6.72490433823579e-06, 38.9191929998012 
2733929, 17, 6.53253200940685e-06, 262.553735599072 
2733933, 19, 6.40972226673418e-06, 63.6660890659985 
2733940, 19, 6.40972226673418e-06, 63.6660890659985 
2733949, 17, 6.53253200940685e-06, 262.553735599072 
2733968, 13, 6.37962602632234e-06, 95.9287173379429 
2733985, 15, 6.7708474392655e-06, 424.453693119502 
2733987, 25, 6.56043141396978e-06, 168.600821289062 
2733990, 76, 7.10136488233038e-06, 50853.4249576882 
2733995, 24, 7.08315625442697e-06, 2373.33151775759 
2733996, 51, 7.48122213244756e-06, 5432.37174172353 
2733998, 45, 6.96141288835982e-06, 75149.7266928058 
2733999, 10, 6.72490433823579e-06, 38.9191929998012 
2734001, 32, 6.92962275133742e-06, 249.193135479149 
2734002, 29, 6.77763921270943e-06, 161.091206113634 
2734023, 32, 6.92962275133742e-06, 249.193135479149 
2734025, 25, 6.56043141396978e-06, 168.600821289062 
2734044, 31, 7.18194745687241e-06, 5828.03400110727 
2734045, 16, 7.15860607622484e-06, 191.586522477916 
2734048, 8, 6.66164822500383e-06, 16.6147653534316 
2734050, 10, 6.72490433823579e-06, 38.9191929998012 
2734056, 22, 6.83069440839356e-06, 350.813657946169 
2734068, 108, 7.75013562737348e-06, 9101.93339840651 
2734070, 66, 7.84910873370329e-06, 16954.1926811298 
2734074, 16, 6.70717802191906e-06, 421.504405697426 
2734085, 94, 7.1791116567236e-06, 39265.5748408152 
2734086, 25, 6.56043141396978e-06, 168.600821289062 
2734110, 17, 6.53253200940685e-06, 262.553735599072 
2734120, 27, 6.98436201345188e-06, 879.250291131888 
2734138, 50, 6.89793131040001e-06, 22580.7989134837 
2734139, 13, 6.37962602632234e-06, 95.9287173379429 
2734146, 42, 7.24097231776283e-06, 256.778023779211 
2734191, 42, 7.24097231776283e-06, 256.778023779211 
2734198, 29, 6.77763921270943e-06, 161.091206113634 
2734201, 33, 6.59308780674341e-06, 172.952922538782 
2734204, 20, 6.67302828696691e-06, 876.318030510172 
2734207, 61, 6.87890377789396e-06, 1492.71754249539 
2734216, 99, 7.61313112857056e-06, 47927.3552751349 
2734244, 93, 7.48514199314361e-06, 4140.80479535222 
2734248, 37, 7.89720991573677e-06, 5803.5132987831 
2734257, 32, 6.92962275133742e-06, 249.193135479149 
2734339, 43, 6.40725814202328e-06, 15.4147869073165 
2734340, 42, 7.24097231776283e-06, 256.778023779211 
2734349, 8, 6.66164822500383e-06, 16.6147653534316 
2734371, 33, 6.59308780674341e-06, 172.952922538782 
2734410, 42, 7.02760443020183e-06, 365.82307860114 
2734515, 75, 7.33487365680126e-06, 2302.89749793687 
2734593, 19, 6.40972226673418e-06, 63.6660890659985 
2738125, 108, 7.75013562737348e-06, 9101.93339840651 
2738837, 33, 6.59308780674341e-06, 172.952922538782 
2740297, 59, 8.06367074419617e-06, 4066.50600652926 
2740298, 94, 7.1791116567236e-06, 39265.5748408152 
2741717, 29, 6.77763921270943e-06, 161.091206113634 
2742629, 43, 6.40725814202328e-06, 15.4147869073165 
2742647, 8, 6.46713402488553e-06, 82.7757061885847 
2742671, 81, 7.30316153863007e-06, 7419.71058759022 
2743999, 16, 7.15860607622484e-06, 191.586522477916 
2745565, 29, 6.77763921270943e-06, 161.091206113634 
2746248, 17, 6.53253200940685e-06, 262.553735599072 
2747317, 19, 7.12539991307012e-06, 256.485159525411 
2747321, 37, 6.97481394683797e-06, 227.490934717774 
2748762, 79, 7.22287629379772e-06, 4182.0568753383 
2754999, 42, 7.02760443020183e-06, 365.82307860114 
2755588, 68, 7.66483221682277e-06, 10671.9066182411 
2761539, 8, 6.66164822500383e-06, 16.6147653534316 
2767553, 10, 6.72490433823579e-06, 38.9191929998012 
2769078, 38, 6.99237132288673e-06, 713.839529274251 
2770092, 50, 7.40285602185323e-06, 761.357505876677 
2771210, 37, 6.97481394683797e-06, 227.490934717774 
2772023, 41, 7.24123448565511e-06, 2491.83851841801 
2776813, 19, 6.40972226673418e-06, 63.6660890659985 
2776861, 42, 7.24097231776283e-06, 256.778023779211 
2777364, 37, 6.97481394683797e-06, 227.490934717774 
2782564, 25, 6.56043141396978e-06, 168.600821289062 
2783539, 21, 7.08968450903935e-06, 126.246855260765 
2793722, 42, 7.02760443020183e-06, 365.82307860114 
2797303, 27, 7.10292853743598e-06, 238.902394324233 
2810370, 25, 6.56043141396978e-06, 168.600821289062 
2814367, 27, 7.10292853743598e-06, 238.902394324233 
2819996, 8, 6.66164822500383e-06, 16.6147653534316 
2822864, 37, 6.97481394683797e-06, 227.490934717774 
2823683, 104, 7.22579899272362e-06, 44894.2036254367 
2825847, 13, 6.37962602632234e-06, 95.9287173379429 
2835563, 10, 6.72490433823579e-06, 38.9191929998012 
28375, 43, 6.40725814202328e-06, 15.4147869073165 
2842329, 16, 6.70717802191906e-06, 421.504405697426 
2842458, 27, 7.10292853743598e-06, 238.902394324233 
2842716, 93, 6.58518596565167e-06, 20145.9602397533 
2842828, 82, 7.5644681800646e-06, 26120.3640643854 
2842966, 32, 6.92962275133742e-06, 249.193135479149 
2843374, 56, 7.70873322386932e-06, 9801.10144669334 
2843384, 42, 7.24097231776283e-06, 256.778023779211 
2843430, 25, 6.9756897213212e-06, 364.129527527534 
2843629, 47, 7.37338062128105e-06, 8325.76024052021 
2843645, 104, 7.22579899272362e-06, 44894.2036254367 
2843656, 50, 6.89793131040001e-06, 22580.7989134837 
2843678, 15, 6.62528074627162e-06, 75.3203960837174 
2843680, 33, 6.59308780674341e-06, 172.952922538782 
2843723, 42, 7.90451347719548e-06, 5730.32906399198 
2843749, 53, 7.7929567257113e-06, 5005.90679658203 
2843768, 34, 7.24207355049898e-06, 651.43148314899 
2843777, 19, 6.40972226673418e-06, 63.6660890659985 
2843785, 69, 7.28454147453689e-06, 9874.15710504783 
2843793, 38, 7.63026774609521e-06, 5852.57723966302 
2886359, 483, 1.31599726272569e-05, 54342.9128839221 
2890317, 445, 1.34042866908837e-05, 64343.8641861674 
2898483, 143, 1.30578987229375e-05, 41146.5563625854 
2912675, 246, 1.32222662964432e-05, 30955.2022258864 
2942275, 474, 1.31985323232057e-05, 51494.3339904175 
2966554, 162, 1.29900496219896e-05, 5723.11310646926 
2995174, 314, 1.31971388602951e-05, 40322.9609017456 
396811, 66, 1.21832358674464e-05, 105.404726772982 
44674, 314, 1.30254125799435e-05, 23282.1127726211 
498374, 276, 1.32742188122229e-05, 10719.9955160728 
556287, 20, 1.23600227424418e-05, 5225.48603531929 
803, 100, 1.31080496532921e-05, 15727.1708333846 
869806, 381, 1.29526967514637e-05, 28383.7867027916 
1073986, 574, 1.32250641415611e-05, 96686.5921507948 
1151742, 185, 1.27034134071825e-05, 7444.42496950824 
1173283, 340, 1.29631069974852e-05, 65656.2120800638 
1176482, 297, 1.28042612581467e-05, 5481.78025925183 
1402, 245, 1.30730916554456e-05, 50238.4247765744 
1457153, 93, 1.21903647357129e-05, 25868.1614158638 
152331, 152, 1.31285282919785e-05, 8238.06802067218 
155085, 163, 1.27627531811162e-05, 7733.381832496 
1636610, 75, 1.31945269102376e-05, 12646.7122087976 
1673428, 440, 1.27805326926026e-05, 35058.9417599945 
167375, 120, 1.29816180288711e-05, 19396.4187960172 
171279, 222, 1.22180680790753e-05, 21443.9773936765 
1807790, 459, 1.30756557441356e-05, 74972.1931305277 
1855909, 59, 1.29573960816834e-05, 23235.8854277175 
190897, 116, 1.30435916834059e-05, 17501.5455064525 
198467, 608, 1.32952203682776e-05, 78620.5520154375 
2044467, 385, 1.31599726272569e-05, 34868.4056511005 
2115968, 273, 1.30984347370489e-05, 16873.0233779072 
2547970, 201, 1.33431182867436e-05, 22534.3728649167 
2720720, 106, 1.28435653737478e-05, 9749.76749522384 
2732594, 29, 1.15510788707665e-05, 3121.38747940822 
273528, 759, 1.33196584839565e-05, 126077.761529493 
2820002, 101, 1.29833034717353e-05, 10900.3645892637 
2823317, 166, 1.30938040119415e-05, 34202.7818217291 
31953, 318, 1.32119594657084e-05, 24153.3804227659 
387093, 493, 1.32112612791143e-05, 130109.467345004 
39486, 147, 1.30521039991647e-05, 11905.9761150364 
416916, 295, 1.31646502810653e-05, 95416.3226683437 
459529, 167, 1.28612400807686e-05, 9048.85116031744 
536044, 213, 1.34084204880665e-05, 138592.163167107 
75905, 51, 1.16299354538582e-05, 20849.4193313321 
76517, 353, 1.26591893055169e-05, 26278.1578010003 
1082702, 45, 1.2284257723727e-05, 31855.6923381995 
1168287, 429, 1.3251000450534e-05, 89747.4885147532 
1346, 435, 1.26930936877245e-05, 36724.4815607878 
1529069, 265, 1.30905473157833e-05, 34410.6519522395 
1547445, 167, 1.22684333210649e-05, 15906.8125845813 
157691, 547, 1.29391214336547e-05, 113773.483397838 
1581011, 444, 1.28541313178055e-05, 40405.1760514801 
1635327, 14, 1.25078173858662e-05, 1055.79900692684 
171286, 154, 1.21135768969861e-05, 26923.4914022649 
1929246, 110, 1.31830466020697e-05, 31887.3812611388 
2024615, 450, 1.34515274209386e-05, 130894.656020441 
2025351, 274, 1.27818395623498e-05, 84704.9056123487 
202951, 42, 1.29033923018362e-05, 10917.5271002617 
2121, 259, 1.27140732076335e-05, 37383.0859551493 
212663, 188, 1.27640564171294e-05, 37943.3377538869 
2126984, 425, 1.28924128150583e-05, 62591.487534441 
216945, 104, 1.20399243892748e-05, 7415.84326157528 
2226, 322, 1.33689839572193e-05, 239770.991898223 
229545, 17, 1.07517632891794e-05, 8518.3938933417 
2322, 427, 1.30809580493675e-05, 32066.6273087968 
2733092, 74, 1.19192352618656e-05, 79.3520595961742 
2734125, 14, 1.08636610537751e-05, 49.1331497159532 
2734151, 3, 8.16093361080508e-06, 86.0660624596741 
2741553, 654, 1.32860350485605e-05, 87204.9367489883 
2746231, 79, 1.28889232593509e-05, 21169.8528605854 
2764325, 175, 1.31889582041915e-05, 41604.8500254522 
2864209, 551, 1.33906452951968e-05, 64682.0519178716 
2923363, 415, 1.27140732076335e-05, 35587.1626891711 
2929490, 57, 1.28200197428304e-05, 5994.73050768311 
2931400, 406, 1.30555120371821e-05, 78724.7465850884 
2954077, 129, 1.26598303582732e-05, 11675.6346746046 
2954082, 379, 1.30758267191443e-05, 52468.6876205643 
3024248, 2, 1.10508227337525e-05, 1.23710764396659 
3050637, 302, 1.30135471025337e-05, 36753.2804574071 
3059082, 24, 1.18790240193866e-05, 13558.9754725996 
393921, 55, 1.27629160710639e-05, 910.29325382304 
46541, 376, 1.30613097881456e-05, 37924.4648727952 
51229, 176, 1.29190620760933e-05, 53544.5145921975 
56812, 105, 1.31913939345971e-05, 23764.8250605286 
64471, 626, 1.34410408742053e-05, 93798.2520451728 
76258, 429, 1.34419442428153e-05, 93482.3288693495 
109790, 161, 1.3038999647947e-05, 81553.5407460727 
114885, 214, 1.2133860751814e-05, 29048.3729605053 
120212, 3, 9.92664211477184e-06, 1983.19682215875 
1302235, 663, 1.33447208284403e-05, 146314.699730979 
136, 244, 1.25664450783518e-05, 924.075131341432 
14, 436, 1.31381874556586e-05, 38924.7723229541 
1583341, 186, 1.3000182002548e-05, 13704.7673375347 
16, 185, 1.2966468711911e-05, 12578.3984732689 
1703969, 159, 1.27851079063107e-05, 17824.9113658896 
1743159, 202, 1.31238762680945e-05, 8603.74170188803 
1817405, 247, 1.26871352448617e-05, 15673.7722287282 
195522, 753, 1.33479270669265e-05, 106347.085699498 
200415, 241, 1.30794182274772e-05, 33035.7247376678 
2004650, 85, 1.25333700978856e-05, 8375.51740914141 
206403, 287, 1.33470362905917e-05, 50186.8547749117 
2115978, 101, 1.23542202016209e-05, 24795.7399984313 
2285, 263, 1.33459675159151e-05, 112493.240765556 
2485124, 714, 1.33684477895272e-05, 151111.12029443 
2558174, 191, 1.31461324078456e-05, 131308.025015633 
2587862, 252, 1.34264232008593e-05, 59978.5547874284 
2590884, 72, 1.29627709219123e-05, 9730.4836906996 
2682541, 311, 1.33368898372899e-05, 41727.6826132472 
2806552, 189, 1.28369704749679e-05, 13874.2427840263 
28137, 70, 1.29198966408269e-05, 38292.8671400126 
2834819, 73, 1.30587513221986e-05, 14130.6916239068 
2895485, 541, 1.32673503774561e-05, 137348.733491406 
2904119, 108, 1.28488461736136e-05, 7043.2036646998 
2917715, 595, 1.31908719166337e-05, 94168.8506367088 
2956433, 2, 8.13980936566466e-06, 0 
2980099, 388, 1.34041070183904e-05, 122380.61267465 
3020715, 136, 1.30830117092955e-05, 112727.491417613 
361177, 21, 1.20837159843395e-05, 125.966965615979 
381751, 559, 1.31323212691075e-05, 38060.0639786398 
456163, 157, 1.28054090047636e-05, 14844.1737594157 
51665, 203, 1.30926039880072e-05, 13873.4436559038 
54120, 440, 1.34327355766002e-05, 105979.050503503 
666507, 366, 1.30671126907798e-05, 23456.635399017 
726, 171, 1.30345807427104e-05, 9986.72856003729 
86102, 583, 1.32531078537917e-05, 125101.878389475 
90245, 418, 1.34161557347358e-05, 31920.0192155448 
107445, 480, 1.30986063082888e-05, 47893.9352995064 
1155384, 264, 1.29711780423898e-05, 26707.6255961377 
1303590, 506, 1.29506837961044e-05, 92707.6000779027 
1386941, 221, 1.34242603232562e-05, 86924.3628669784 
1470067, 533, 1.31499355653157e-05, 13785.0670006959 
1508420, 342, 1.33138064172547e-05, 148767.103366426 
1603555, 571, 1.32378443494261e-05, 24307.5808282992 
1653476, 418, 1.33005253707521e-05, 75227.6600901123 
1811193, 167, 1.33249830106467e-05, 34494.9294309971 
195248, 62, 1.25513034528636e-05, 1780.25196177979 
2112, 495, 1.27916496111339e-05, 55810.4395492842 
2163644, 182, 1.29844835421671e-05, 8032.45012847904 
216963, 10, 1.13343987668174e-05, 924.722898553273 
2265, 344, 1.28715037777864e-05, 33643.2644712093 
234828, 414, 1.30703577356912e-05, 60456.60795007 
2586643, 495, 1.32199939188028e-05, 68588.2367514171 
2608247, 319, 1.25161144974154e-05, 28768.0948986475 
2672570, 470, 1.2903891813771e-05, 52348.3152594875 
2699836, 283, 1.23629260573393e-05, 31154.164021356 
2714946, 146, 1.23315205998052e-05, 10110.3241711226 
2715232, 87, 1.16377855621632e-05, 7618.85955166659 
2844198, 5, 1.01790494803595e-05, 96.5931317303618 
2883998, 65, 1.23029982406713e-05, 6452.70926417196 
2893057, 31, 1.29421357112351e-05, 2479.91459197629 
29559, 229, 1.25716584531831e-05, 13271.8995179228 
3040675, 14, 1.14103149246919e-05, 18591.6525515496 
3046369, 438, 1.28600823045267e-05, 3541.54270353956 
311808, 19, 1.19944345823538e-05, 422.069274650656 
40542, 199, 1.2359258938834e-05, 12465.8355960408 
432330, 166, 1.25428023128927e-05, 1181.69778207136 
442694, 118, 1.26684909293605e-05, 19585.7419147228 
44746, 2, 8.72379589807117e-06, 0 
461876, 353, 1.28410914927769e-05, 18290.819293489 
46228, 278, 1.32606648897376e-05, 43896.9415950574 
555319, 498, 1.31943528169943e-05, 93519.0197653035 
77608, 200, 1.24517494708006e-05, 12079.0102959626 
79967, 447, 1.32180717476934e-05, 44557.6629069868 
809, 98, 1.23551360300477e-05, 20920.5259157655 
82801, 582, 1.32610165895318e-05, 58194.2628213807 
946435, 306, 1.31442316539387e-05, 82264.9777340537 
1177213, 232, 1.32110867439956e-05, 73177.0637611 
1229909, 370, 1.30592629351999e-05, 3447.58592798741 
1266052, 127, 1.30066073565371e-05, 5122.16440746799 
1400862, 47, 1.28026219769809e-05, 4343.53853659767 
1448857, 252, 1.26289733907531e-05, 14613.5643889747 
1660073, 106, 1.20996527399664e-05, 8037.97250928738 
1660080, 404, 1.26275381351652e-05, 124221.151675944 
1776742, 229, 1.3270695649866e-05, 28227.5367036726 
1796635, 174, 1.33381350619556e-05, 72284.374321403 
2030797, 46, 1.28272553521723e-05, 11732.5676304649 
2202, 300, 1.34147159433899e-05, 223341.128583864 
2204145, 179, 1.2487980318943e-05, 21779.0212056193 
2364271, 445, 1.31551252367923e-05, 44743.47696225 
240411, 185, 1.26507014813971e-05, 5109.73829738298 
2448483, 288, 1.33304894955743e-05, 35848.4410299384 
2570468, 473, 1.27513612078089e-05, 59403.8597517156 
2596949, 475, 1.32976955093682e-05, 92567.0798926946 
2733154, 4, 9.50281283259845e-06, 3345.26785850764 
2737, 112, 1.25442183697534e-05, 51369.011774848 
2854261, 525, 1.31611850331004e-05, 103461.165046792 
2856851, 591, 1.33352891757458e-05, 125075.998337155 
2897333, 168, 1.32892131456896e-05, 67095.8181561336 
2914983, 312, 1.31681173542619e-05, 27704.0124268189 
300825, 214, 1.32436298140594e-05, 86794.612922319 
3059076, 101, 1.27985256098497e-05, 30552.9295397263 
3061989, 202, 1.32187706543291e-05, 80630.4706480894 
320778, 63, 1.296411532877e-05, 46825.7134494809 
386891, 170, 1.34441128229948e-05, 40495.862059469 
392416, 366, 1.29162253623001e-05, 43380.7432532694 
449, 319, 1.34533371002677e-05, 120539.78640986 
491950, 65, 1.28701785093759e-05, 8151.20717082459 
54913, 575, 1.33079594905713e-05, 150928.311942913 
650378, 63, 1.170138076293e-05, 1246.30361226091 
746691, 150, 1.32738664118084e-05, 41444.4281393396 
80850, 61, 1.1871972646975e-05, 5899.91727033988 
84590, 79, 1.27810227374394e-05, 24196.6561486668 
990268, 156, 1.34426670251378e-05, 77404.2916081895 
1028416, 219, 1.32855055134848e-05, 36598.0863886733 
110164, 618, 1.337488464162e-05, 195603.801638565 
119206, 99, 1.31502814160223e-05, 5712.84674643613 
122420, 527, 1.32596099022767e-05, 83357.4902451243 
1273541, 533, 1.33849098526321e-05, 62171.6836222036 
13076, 255, 1.32383700918743e-05, 102996.2405859 
1310, 160, 1.30305044108257e-05, 17923.5653980981 
1526927, 156, 1.32327643244674e-05, 35005.119646652 
1618, 234, 1.30243946912567e-05, 38568.0819800747 
1640, 210, 1.3233639912658e-05, 16819.6011995808 
1687, 181, 1.32758048456688e-05, 28195.222949204 
1737405, 62, 1.1774263814155e-05, 36647.39412726 
1805431, 319, 1.30991210489776e-05, 61225.4956611081 
1808001, 292, 1.32766861391397e-05, 61734.7993816272 
1967782, 28, 1.22064352326547e-05, 2699.6639216076 
2139, 405, 1.25933481934842e-05, 103051.063809514 
2189, 440, 1.28077051153974e-05, 49543.7287251056 
2571116, 687, 1.33005253707521e-05, 84018.022181674 
2583989, 275, 1.26323235896011e-05, 23011.0630121588 
2682810, 205, 1.26792529384169e-05, 48506.9509931831 
2704655, 338, 1.27630789651696e-05, 13590.0236055182 
2709303, 505, 1.31544330439358e-05, 151720.585474163 
2769351, 103, 1.28638872094369e-05, 9436.98741450504 
2775920, 269, 1.30154102457309e-05, 33295.4121293533 
2793103, 213, 1.33349335253564e-05, 36034.4975523188 
28152, 28, 1.28937426666839e-05, 888.178847378959 
2844358, 152, 1.33800743932136e-05, 99660.2191885447 
2866201, 492, 1.32411747570244e-05, 114812.348680085 
2891294, 559, 1.32173729149594e-05, 36098.1524596592 
3024247, 149, 1.33616600526449e-05, 77007.6866053464 
3036714, 371, 1.31333560978172e-05, 44465.3326002687 
33034, 331, 1.2649421288976e-05, 20606.5376441267 
558314, 37, 1.14365443337641e-05, 7539.99886570316 
56636, 116, 1.32060272308281e-05, 10906.9877839384 
78259, 227, 1.3257851962825e-05, 40218.2619472306 
87541, 249, 1.29627709219123e-05, 13869.1624591369 
131112, 545, 1.32807415966108e-05, 77048.9410806786 
1505652, 10, 1.11520017843203e-05, 17797.277662038 
1534743, 226, 1.30539781998564e-05, 26137.63429821 
1579, 293, 1.27022838706399e-05, 10717.4525359293 
1727214, 475, 1.31071906047658e-05, 88332.8526619226 
174587, 388, 1.30393396878382e-05, 22216.6404064486 
1814128, 288, 1.25064095348866e-05, 7865.87848980704 
182141, 383, 1.2701638511368e-05, 30966.8538231033 
1827305, 482, 1.32324141216324e-05, 33242.0902007643 
1884914, 443, 1.33459675159151e-05, 51296.265669551 
1902580, 334, 1.26763598565036e-05, 24174.0347327526 
1940319, 4, 9.06133618463379e-06, 0.892500119304065 
2018052, 563, 1.32164994779483e-05, 252380.499001566 
2036206, 215, 1.32684065970518e-05, 130577.46639174 
203804, 10, 1.0837171498239e-05, 380.727208334918 
2050, 151, 1.271536652044e-05, 6135.21448784691 
2100821, 447, 1.31533948912214e-05, 79220.2392993193 
2728853, 546, 1.31861756134868e-05, 98206.7785305779 
2731220, 280, 1.31071906047658e-05, 141742.784523006 
2811778, 187, 1.26550240445457e-05, 56093.2330991865 
2840467, 448, 1.30963762326964e-05, 42410.9902090393 
2861775, 141, 1.32364425736939e-05, 22303.7639563483 
2923352, 23, 1.12278810742837e-05, 951.138033094472 
2925838, 419, 1.2668972419647e-05, 31494.5132257647 
2939731, 306, 1.33079594905713e-05, 223373.283920255 
29419, 177, 1.32355666146068e-05, 62421.5679435712 
2961948, 67, 1.29573960816834e-05, 2893.78629965709 
3031803, 208, 1.25286593081674e-05, 37869.1706419327 
3051997, 1, 1.00017002890491e-05, 0 
3057057, 578, 1.32191201353638e-05, 123058.998751687 
37636, 509, 1.32098651272771e-05, 146067.166392372 
513050, 273, 1.33409821631068e-05, 128587.343988144 
528191, 501, 1.32289131124987e-05, 148304.242961552 
554406, 182, 1.2219411757518e-05, 16179.5520397584 
55583, 495, 1.31983581242493e-05, 208202.060522153 
66821, 252, 1.31121746541664e-05, 59025.8516944479 
877455, 366, 1.30962047198722e-05, 58466.5279165754 
89059, 83, 1.30970623289196e-05, 16814.2410989771 
938288, 390, 1.2936945328469e-05, 54334.9732046384 
1007676, 274, 1.2862067191439e-05, 24045.4855540988 
1281, 460, 1.301964664679e-05, 26787.7807454718 
157688, 396, 1.28154195127578e-05, 97974.7102720614 
1638161, 19, 1.12135280001794e-05, 4.95349068016607 
2068655, 584, 1.34235395189003e-05, 93823.3653435185 
2130, 30, 1.18588793359028e-05, 6.50853816070441 
2203724, 304, 1.30960332115402e-05, 80461.7715476371 
2234, 59, 1.30879773839751e-05, 10209.6042028166 
2282310, 110, 1.31823514678548e-05, 10724.6908046294 
2283, 201, 1.23940310346537e-05, 6778.02327435737 
2320140, 123, 1.21712247903507e-05, 30009.9802676904 
256839, 53, 1.30143939196752e-05, 4615.38542585775 
2668067, 610, 1.32606648897376e-05, 152551.832908925 
2714928, 375, 1.26699355100283e-05, 35001.0013716765 
2719911, 82, 1.24750499001996e-05, 6556.12795970897 
2734127, 8, 1.01608461952711e-05, 9275.5188966185 
2741499, 457, 1.30628453489739e-05, 107337.29388365 
2778054, 310, 1.29802699896158e-05, 55418.5217626117 
2778911, 222, 1.33281797704887e-05, 193384.517971304 
2806443, 84, 1.2944146009967e-05, 23042.184257503 
2930198, 85, 1.2589860126654e-05, 4022.44254751554 
29329, 190, 1.30561938583664e-05, 13089.3549323541 
29360, 372, 1.2769108971576e-05, 27712.6081837716 
2996112, 528, 1.32729854926269e-05, 217076.550780614 
326319, 382, 1.27803693526743e-05, 17107.6832564966 
35755, 256, 1.32231404958678e-05, 66475.7875633794 
40577, 119, 1.31552982963889e-05, 28280.1718752332 
416344, 467, 1.31520109424731e-05, 42115.8316537069 
56193, 116, 1.20630172018625e-05, 32978.8156704934 
73913, 386, 1.29537034638203e-05, 50571.2424314303 
795750, 425, 1.29599149829577e-05, 35586.0641782755 
1338, 97, 1.30999790400335e-05, 11535.4656103082 
13773, 131, 1.30563643247901e-05, 9573.24725365643 
1871111, 280, 1.29010617573826e-05, 18782.3221291807 
1906744, 240, 1.30232073555075e-05, 15629.3872859592 
191303, 58, 1.31044424059756e-05, 13202.227910239 
2016361, 712, 1.33861640608267e-05, 157372.422866567 
2136182, 48, 1.29157248950597e-05, 4038.71529724983 
2419773, 342, 1.30023794354367e-05, 68228.3011999528 
2506420, 170, 1.32830349078157e-05, 67868.4120282405 
2576917, 446, 1.33675542722703e-05, 52238.7991785282 
261825, 42, 1.28580980301394e-05, 12711.7614537567 
2678343, 392, 1.30245643283232e-05, 96085.0941132537 
2824673, 348, 1.31046141346368e-05, 73463.969740521 
29554, 192, 1.20076849183477e-05, 5682.63944305811 
33039, 169, 1.31731478554115e-05, 78194.6320152455 
413501, 581, 1.32684065970518e-05, 132464.08663197 
47493, 159, 1.33198358996217e-05, 57507.8466824699 
487686, 14, 1.12573313370332e-05, 1526.45993814603 
52133, 100, 1.30777077393874e-05, 343867.532800108 
577469, 462, 1.32334647857502e-05, 114566.201905005 
591154, 261, 1.34480903711673e-05, 201454.754489123 
626940, 454, 1.33618385889898e-05, 101086.079362645 
74968, 204, 1.23166360803537e-05, 61956.0768704897 
83265, 134, 1.28514882023338e-05, 2617.38147161489 
83683, 209, 1.29354392228388e-05, 142733.220384143 
123841, 320, 1.2832193406819e-05, 52380.0592053394 
1442558, 281, 1.32867411609954e-05, 39731.5094726362 
147268, 600, 1.32315386956349e-05, 113998.890557891 
1542390, 399, 1.28063929513613e-05, 38895.0932847005 
1712654, 184, 1.33001715722133e-05, 48222.4994998156 
171552, 190, 1.32821527713212e-05, 105541.388953454 
2026191, 123, 1.28794611233466e-05, 6523.04294285708 
2145, 318, 1.25142349422468e-05, 111127.105330929 
216932, 327, 1.27945955628343e-05, 103971.227548535 
2267891, 94, 1.19891138845928e-05, 30774.018576846 
227, 388, 1.29708415481996e-05, 26650.8254131732 
2287, 289, 1.28599169249367e-05, 122355.830583944 
229980, 241, 1.29506837961044e-05, 26597.3373584477 
2505970, 151, 1.20590895387398e-05, 18090.3458689057 
2509341, 137, 1.28364761305726e-05, 20890.7919425192 
2560546, 1, 7.33342133438935e-06, 0 
2675232, 166, 1.26388695795048e-05, 451.480913838009 
2689107, 225, 1.29782484555884e-05, 10739.0634285754 
2734147, 41, 1.132438706755e-05, 800.606083508395 
274591, 5, 1.02091862257659e-05, 15086.4002502961 
2772254, 215, 1.29772379246801e-05, 71232.3193740558 
2815720, 273, 1.29103889900203e-05, 37562.7117023734 
2864202, 281, 1.31412952060555e-05, 20418.1088577249 
2864208, 429, 1.32352162634337e-05, 52482.9225219813 
2925830, 536, 1.30536373960604e-05, 68094.8835864262 
2968475, 474, 1.31257711390544e-05, 31900.3760810584 
2992242, 402, 1.32698151514749e-05, 96241.1671778501 
336988, 61, 1.29878563543087e-05, 4789.57022115592 
33968, 197, 1.3252405311564e-05, 82751.3788905762 
34061, 70, 1.30558529388725e-05, 11379.6725713516 
349064, 188, 1.3407162105997e-05, 26179.1152809486 
35818, 152, 1.27656858364716e-05, 11784.4197402673 
45610, 208, 1.32178970325821e-05, 56708.8513974525 
46125, 39, 1.2913556651773e-05, 605.660012958282 
556053, 516, 1.31854801492596e-05, 76745.5072719605 
60480, 66, 1.24856415122609e-05, 36292.0991083126 
643214, 473, 1.31540869748231e-05, 27265.1951429612 
693750, 161, 1.31010087776759e-05, 38607.0261377854 
69968, 414, 1.31893061106055e-05, 47958.1981888972 
76832, 377, 1.27446982055465e-05, 53432.0247357671 
92245, 189, 1.31149260973914e-05, 19667.3378389868 
940, 152, 1.3362017130106e-05, 13799.7507819554 
1032242, 241, 1.27014771817962e-05, 25032.2809833801 
1302376, 291, 1.27757975291608e-05, 26318.4912433224 
57706, 804, 1.31781822015471e-05, 41585.8833360984 
831, 243, 1.30619922150526e-05, 20399.8970871486 
983544, 548, 1.28807883042442e-05, 26500.5419936674 
1104324, 701, 1.32807415966108e-05, 188270.924307409 
1229, 764, 1.31027253668763e-05, 30494.6300728181 
1235990, 531, 1.30215115370592e-05, 28043.8863313504 
1336794, 198, 1.31080496532921e-05, 12608.5438337375 
135569, 189, 1.28561143679934e-05, 8187.88170768003 
170679, 140, 1.3309730744147e-05, 36025.4642161605 
208226, 496, 1.3219294882811e-05, 28933.7760260185 
2185111, 46, 1.12682404642515e-05, 958.943806324801 
2217867, 1085, 1.32784490771478e-05, 79065.053973838 
2283160, 339, 1.29691593390916e-05, 32738.5050869747 
28084, 239, 1.28440602643308e-05, 12729.0214729122 
29385, 433, 1.26681699561681e-05, 22537.135201103 
3029399, 776, 1.31476879790689e-05, 58997.0018221369 
3037258, 11, 1.14798700478711e-05, 1132.97547019491 
328515, 321, 1.25968381936134e-05, 13338.4168489671 
33959, 619, 1.30208333333333e-05, 45213.5394072184 
343403, 207, 1.30067765305724e-05, 41955.9358365826 
550984, 1000, 1.32276881969338e-05, 100882.189493873 
712538, 574, 1.31145821038413e-05, 32904.8073539451 
1583098, 643, 1.3012023109353e-05, 41776.5875676037 
1607, 378, 1.30028866408343e-05, 24644.6769944027 
1702221, 1048, 1.31688109880559e-05, 52684.6193813939 
1749259, 1001, 1.32878004703881e-05, 112236.501481929 
1936021, 1031, 1.32634790105445e-05, 57953.399142853 
2596898, 22, 1.15243220817535e-05, 189.452730324684 
2742676, 319, 1.31390505722057e-05, 27900.8284386691 
2766537, 103, 1.31800927878532e-05, 18578.4533445928 
2792013, 825, 1.32448576840042e-05, 107898.729928041 
28223, 396, 1.32304883373245e-05, 19767.6667708829 
2929491, 716, 1.32504737044349e-05, 42341.1367202808 
2942908, 48, 1.21722618496969e-05, 4232.08802228422 
3035694, 559, 1.30524447228966e-05, 39427.2149395787 
3050112, 173, 1.34647492863683e-05, 93374.353868715 
45065, 990, 1.32636549327533e-05, 110587.554819442 
553239, 225, 1.33645172068159e-05, 25785.8573886051 
65700, 191, 1.30418905524545e-05, 22273.5994775838 
81408, 999, 1.32858585321783e-05, 76368.1632204327 
84377, 587, 1.30869496937654e-05, 40624.7317616696 
907046, 33, 1.2836146588794e-05, 22134.7062514172 
1165090, 546, 1.2715689889755e-05, 30553.2460739313 
1175444, 1058, 1.32883301884285e-05, 68679.5048147296 
1382466, 559, 1.28556185480864e-05, 45858.0747267954 
1408281, 6, 1.08446931494073e-05, 1569.77820723611 
1499987, 471, 1.29444811204743e-05, 13104.2377063956 
1599, 17, 1.12987966781538e-05, 1152.10413146787 
218284, 118, 1.3249069252885e-05, 51107.9632004114 
2726954, 142, 1.20387648227292e-05, 4108.86290554152 
2735436, 614, 1.30040702739958e-05, 42056.5240458068 
2758563, 751, 1.31406044678055e-05, 66202.8229524823 
2778058, 1040, 1.31495897328003e-05, 65195.4514555562 
2789425, 293, 1.29941006782921e-05, 9301.99880040125 
2895475, 812, 1.31095962244363e-05, 53738.9667613622 
3034230, 549, 1.32030631106417e-05, 45732.385698456 
3070676, 502, 1.32446822600726e-05, 49564.4203577873 
88431, 234, 1.33340444823724e-05, 13144.5970140705 
1254, 102, 1.29981542620948e-05, 4281.15355434703 
1323375, 408, 1.32324141216324e-05, 13468.405792716 
1508404, 468, 1.29636111435201e-05, 36205.152607629 
151276, 526, 1.33100850514435e-05, 104633.27831449 
2107709, 516, 1.32096906290455e-05, 43430.751277683 
2259638, 957, 1.32844465699559e-05, 83313.4048228405 
2489010, 1017, 1.32446822600726e-05, 88077.4265104285 
2748, 621, 1.30879773839751e-05, 37893.7942657141 
2867026, 36, 1.25640767916373e-05, 30.4348390196146 
2871165, 329, 1.29055571329014e-05, 15446.7130325983 
409322, 232, 1.32650624784443e-05, 14683.0267751061 
628, 340, 1.30902045998979e-05, 19470.0401303892 
712357, 586, 1.28990648178007e-05, 18697.7455021272 
1211807, 815, 1.30529558418504e-05, 33556.8620416587 
1497, 513, 1.28376296600596e-05, 13994.0741405254 
1725232, 524, 1.3195745691589e-05, 43821.4430401891 
1936080, 267, 1.33294233691451e-05, 39022.4387315578 
2338073, 1010, 1.3265238442661e-05, 54676.7062258673 
2479392, 828, 1.30893478886882e-05, 51003.5463562524 
2819999, 14, 1.14366751298063e-05, 9881.90023122024 
2854257, 932, 1.32051552926262e-05, 67218.7722209236 
3058393, 884, 1.33596964676963e-05, 103397.814996728 
34037, 730, 1.30349205521592e-05, 37509.1423216067 
34090, 1124, 1.31537409239188e-05, 67031.2582892509 
41980, 401, 1.31814826531688e-05, 27625.0041325216 
51669, 454, 1.29993370338113e-05, 11464.8282992309 
850, 610, 1.30759976986244e-05, 62390.7676224588 
865, 182, 1.31271495707422e-05, 3382.33766229187 
882626, 451, 1.33148700468683e-05, 34095.5982493777 
1027273, 728, 1.32261136387684e-05, 39056.2008512932 
1050635, 948, 1.31880885184501e-05, 84478.4886318937 
1160784, 76, 1.19618655725547e-05, 10163.5161632747 
1354, 462, 1.29557173580701e-05, 26249.1804984575 
1471400, 1103, 1.32855055134848e-05, 86262.6219731778 
1553431, 1021, 1.32825056118586e-05, 39817.2593499831 
1623, 572, 1.34958230427683e-05, 167420.311130525 
1697, 1037, 1.32816235456622e-05, 101838.572450136 
1705353, 164, 1.22835032551284e-05, 2754.53169257492 
182710, 106, 1.29020604590553e-05, 27270.409727839 
1852377, 393, 1.29802699896158e-05, 13925.5590881509 
2026240, 737, 1.30618216016406e-05, 43550.9463474856 
2033032, 947, 1.3197835554969e-05, 87738.890158538 
2051906, 322, 1.33532742228394e-05, 78199.8894043348 
2268024, 537, 1.30867784277544e-05, 17080.362744341 
2590900, 47, 1.28925790315095e-05, 9070.40507036957 
2715679, 593, 1.30171044752805e-05, 11870.7007884901 
2738844, 106, 1.2267229323585e-05, 4813.54035572688 
2763669, 390, 1.29833034717353e-05, 108846.150308491 
2809031, 258, 1.25162711524982e-05, 7821.78649210915 
2864205, 18, 1.20864909290886e-05, 11899.2446903822 
2867013, 159, 1.31013520595325e-05, 6887.54833974566 
2884482, 147, 1.27343113284434e-05, 785.356485455338 
44935, 454, 1.33441866051055e-05, 34902.1335812825 
487173, 1001, 1.32432790358893e-05, 72717.8353641587 
564, 687, 1.33058346084758e-05, 69974.2408076494 
683124, 274, 1.29257416144251e-05, 14770.2438819254 
96472, 1101, 1.32559187677298e-05, 83061.5808571262 
1032072, 446, 1.28541313178055e-05, 50489.4664681547 
106654, 632, 1.31846109221317e-05, 54437.9093968899 
1294262, 451, 1.30660882744924e-05, 33732.5899681944 
169480, 618, 1.31760985572172e-05, 39886.5269605628 
200254, 855, 1.32145783228057e-05, 18400.5471122383 
2051, 1005, 1.32269883470233e-05, 78543.029061162 
2071710, 639, 1.30413802996909e-05, 39135.1111765993 
2506452, 683, 1.3359517988591e-05, 70936.3993939991 
2691580, 982, 1.32304883373245e-05, 76668.1770816122 
2810347, 1137, 1.32782727622791e-05, 103912.007714242 
2866278, 878, 1.33007022770802e-05, 128203.726196605 
29362, 488, 1.29202304969121e-05, 24311.2147051803 
29384, 361, 1.27288001832947e-05, 11776.8331063088 
33047, 161, 1.31783558683219e-05, 11024.1245579389 
561879, 271, 1.33863432526137e-05, 90200.1489017125 
98228, 880, 1.31696781330664e-05, 28720.5693741115 
1114970, 1086, 1.33203681749764e-05, 134798.908639778 
1637975, 525, 1.34887234272148e-05, 178554.53637131 
1790137, 400, 1.26305685018883e-05, 5153.4790017784 
1879050, 302, 1.33568413741518e-05, 37445.0200718144 
1882918, 966, 1.32215670201232e-05, 24582.0618026786 
1898684, 914, 1.31288730175402e-05, 75535.16085355 
1925020, 381, 1.32171982183217e-05, 26050.0462163349 
2027919, 988, 1.3241350088055e-05, 89818.3297654968 
2587856, 1068, 1.32383700918743e-05, 65408.7720611956 
2675298, 1080, 1.32633030930023e-05, 105075.441994124 
2745198, 831, 1.33100850514435e-05, 78474.2596056593 
2937786, 516, 1.29252404094716e-05, 22277.3437009875 
29388, 595, 1.28847714885776e-05, 28943.1915023527 
29465, 100, 1.27723708074693e-05, 874.394261769274 
29497, 77, 1.32735140301043e-05, 29366.2424302295 
313598, 447, 1.27481100926788e-05, 19544.8519020687 
326329, 435, 1.26684909293605e-05, 21218.9581058692 
713030, 1073, 1.33230301899864e-05, 90309.6530121307 
83561, 69, 1.29647876367785e-05, 16373.9492106872 
1099853, 477, 1.29617627997408e-05, 52168.7951090697 
1191912, 628, 1.28974011736635e-05, 37248.3786466633 
1353138, 633, 1.34005145797599e-05, 69371.1195646518 
1389011, 292, 1.33707714935152e-05, 49500.1745760312 
1464, 861, 1.33344000853402e-05, 68703.0825802395 
1532552, 117, 1.34500800279762e-05, 32287.454430642 
1755811, 227, 1.23793018073781e-05, 16836.0044101643 
178399, 127, 1.31297349106522e-05, 8245.18537347885 
1871025, 640, 1.31425041727451e-05, 27980.553707628 
1926290, 11, 1.12759911596229e-05, 2754.81754717948 
220687, 1085, 1.32474896007207e-05, 50536.5537082989 
232346, 512, 1.30647226359384e-05, 36609.8163065038 
248039, 97, 1.34186761134147e-05, 33883.9105194958 
253703, 141, 1.29944383803732e-05, 4313.90965644406 
2597518, 1028, 1.32923927636214e-05, 115799.86048127 
2686361, 509, 1.31722802534347e-05, 29302.1360709046 
2721545, 330, 1.32338150442009e-05, 17102.8867932764 
28035, 529, 1.32056784417299e-05, 23903.9418058274 
282402, 506, 1.32575004308688e-05, 40525.5623531182 
2866279, 991, 1.32075970098e-05, 67864.4146037079 
29370, 260, 1.32504737044349e-05, 21631.5082305847 
29430, 228, 1.29444811204743e-05, 7604.22063827641 
295596, 112, 1.21617512921861e-05, 8293.02108926947 
41170, 1032, 1.32238399386414e-05, 53481.2207389605 
46126, 622, 1.2990893383738e-05, 30788.8645010446 
554880, 88, 1.30722371826714e-05, 6725.32591417363 
573501, 169, 1.26934159251596e-05, 12326.6632515185 
88190, 830, 1.32135306553911e-05, 49240.9262173152 
1249, 51, 1.15913806493491e-05, 19205.1706231803 
1267021, 590, 1.29951138371972e-05, 30262.2788412433 
131318, 934, 1.31933083540028e-05, 74701.7590354499 
139438, 1027, 1.32671743572054e-05, 105385.225135177 
1416627, 413, 1.32582035134239e-05, 20761.0501592471 
1442557, 207, 1.33570197817463e-05, 55468.1397995394 
1561924, 101, 1.30975769482646e-05, 13199.0021562571 
1594731, 15, 1.20133107483091e-05, 92.8058680914108 
166485, 316, 1.32201686893525e-05, 20188.482149705 
197482, 398, 1.27038975557701e-05, 17469.9149526647 
2779445, 164, 1.29082225377566e-05, 7113.13051158417 
2819290, 310, 1.32159754711495e-05, 20138.3826636027 
2878534, 204, 1.26225969731012e-05, 10208.5861078752 
2940300, 42, 1.24573336323093e-05, 1813.31765143662 
3032582, 281, 1.31297349106522e-05, 13358.1378142647 
3052091, 259, 1.27918132395267e-05, 11598.2737348279 
545501, 203, 1.32166741561154e-05, 21233.1892723005 
84378, 512, 1.29710097931124e-05, 16404.1235945334 
914153, 1012, 1.32480161095876e-05, 79491.203350411 
993689, 346, 1.28417511011802e-05, 19755.0102013412 
1241982, 414, 1.26942215903321e-05, 13898.3152077842 
1249480, 15, 1.18490431897624e-05, 5748.42035107082 
160386, 445, 1.30447827391435e-05, 30264.6386518973 
2321114, 177, 1.23219478535167e-05, 9484.81071859391 
240427, 229, 1.33960267384694e-05, 62136.7154902065 
2594042, 591, 1.31948751105071e-05, 73239.6147700673 
2866628, 471, 1.29689911421791e-05, 12451.9906449497 
2904129, 956, 1.32571489175538e-05, 73481.8576504873 
3070680, 865, 1.33242728278104e-05, 107109.882573131 
324767, 440, 1.31542600071033e-05, 22886.0568360803 
39491, 334, 1.34838126828742e-05, 199086.313603019 
44260, 625, 1.30006890365189e-05, 5947.14263190216 
487316, 101, 1.32074225714852e-05, 52839.5134797679 
545, 248, 1.31013520595325e-05, 19758.8372551027 
60478, 849, 1.32738664118084e-05, 57792.0501022156 
691, 84, 1.32589066705559e-05, 22854.8434154332 
82995, 1115, 1.33076052964269e-05, 74841.6366407048 
857252, 1018, 1.32494203378602e-05, 97118.0087109403 
859143, 217, 1.33146927634645e-05, 49774.6182139241 
958, 29, 1.24579544038869e-05, 17628.4243167551 
960, 917, 1.33310226227454e-05, 101769.976068074 
105841, 106, 1.32429282763005e-05, 67510.4253737074 
118000, 134, 1.29599149829577e-05, 13628.3857314895 
1295392, 1053, 1.33038873958971e-05, 112732.218211414 
1295609, 318, 1.32089926822181e-05, 28804.8515100392 
158481, 1034, 1.32842700957796e-05, 69087.4298551901 
1870884, 569, 1.3080102548004e-05, 54107.8697101647 
234827, 7, 1.11743080309752e-05, 2868.13067259788 
2763667, 281, 1.31917419695271e-05, 76907.8210406666 
2814294, 432, 1.32750998951267e-05, 31146.50637271 
2895471, 439, 1.29344353472249e-05, 11824.221189606 
2895496, 76, 1.30590923930787e-05, 5273.22583914555 
2934315, 261, 1.33541658320313e-05, 80995.9581520506 
36739, 619, 1.29792591438881e-05, 28393.2909651838 
659, 478, 1.33691626893408e-05, 61097.5295899688 
754409, 391, 1.25598161242919e-05, 13254.7648910894 
76859, 500, 1.29885311270148e-05, 23147.032306237 
879567, 967, 1.32840936262919e-05, 72365.8979078058 
1005665, 1005, 1.32661183337755e-05, 112188.122051861 
1336795, 505, 1.2866038803973e-05, 23694.4280846034 
197222, 100, 1.34015921091426e-05, 44414.0009795399 
1987356, 758, 1.31788768961109e-05, 47044.4079549049 
212743, 37, 1.25206590874944e-05, 4753.68806703689 
2507159, 576, 1.30883199832469e-05, 41704.0935896403 
2528037, 827, 1.32495958873254e-05, 65715.7602494336 
2746932, 497, 1.35281385281385e-05, 253379.97774413 
2842348, 179, 1.29605868553728e-05, 4690.45665048439 
290110, 167, 1.33313780645505e-05, 17754.8996574747 
714, 845, 1.33408041836762e-05, 122640.325754626 
161154, 1004, 1.32678784662333e-05, 74392.5756347121 
1890422, 28, 1.08733472512178e-05, 1039.81635597622 
1963025, 950, 1.31540869748231e-05, 53022.7046226565 
208224, 865, 1.33972830310013e-05, 116843.967630624 
2335, 1031, 1.32796834123474e-05, 91051.7667131697 
2421, 400, 1.3008468513002e-05, 20927.5853220513 
2676233, 78, 1.16934446549264e-05, 1859.4060433981 
2748319, 210, 1.27991808524254e-05, 10336.4162342925 
2751178, 510, 1.34394151166541e-05, 87941.0285914414 
2895489, 920, 1.32930995520225e-05, 123057.142577779 
2920386, 232, 1.26387098404995e-05, 4723.56463488989 
29348, 640, 1.30565347956652e-05, 79325.3972182889 
2973072, 1033, 1.32480161095876e-05, 93444.4802565147 
3027472, 993, 1.32552159274675e-05, 102615.8684734 
3043332, 963, 1.33522044489545e-05, 110487.51544755 
37734, 351, 1.32392464220937e-05, 25112.9809222841 
390641, 4, 1.11524992750875e-05, 2697.15287303708 
83771, 166, 1.33867016505803e-05, 50902.0197148841 
1002672, 274, 1.24198916985444e-05, 5101.79292593631 
1094, 562, 1.32402981715148e-05, 22228.9314323064 
1462527, 548, 1.28607438654252e-05, 18485.1121975451 
1674922, 555, 1.33251605681848e-05, 38795.0925326108 
172, 126, 1.33015868793147e-05, 24463.4847235781 
1727196, 751, 1.32278631709834e-05, 73564.0074916251 
1903410, 953, 1.32046321849705e-05, 75290.6782494954 
1933929, 150, 1.25692882012092e-05, 13611.7151393308 
1968541, 57, 1.26315257619968e-05, 7362.16027058917 
203192, 558, 1.32154515059007e-05, 19353.8927684354 
2580412, 60, 1.27749814762769e-05, 9675.63056461533 
2778876, 908, 1.32317137715677e-05, 117439.845948141 
278860, 242, 1.32485426603074e-05, 52950.8005708426 
296745, 977, 1.32238399386414e-05, 81860.6307825875 
2980108, 532, 1.32594340873532e-05, 56819.1494753015 
412384, 135, 1.33290680315632e-05, 31483.1512452597 
413503, 923, 1.31613582521716e-05, 74499.7423317357 
753, 593, 1.29989990770711e-05, 83774.7726784817 
1055101, 845, 1.32878004703881e-05, 92463.2892240323 
1074311, 259, 1.3457139012246e-05, 79189.3473302755 
1161942, 1039, 1.32994640315995e-05, 90588.4608002897 
1191459, 627, 1.30071148918458e-05, 52309.3003344793 
1363, 563, 1.29471626293098e-05, 21121.6182408737 
1401, 922, 1.3235741797149e-05, 77958.0205688551 
1500254, 899, 1.3286211569633e-05, 71093.5704958109 
2518989, 926, 1.32495958873254e-05, 68400.5645291596 
2562449, 84, 1.3150108488395e-05, 13898.5609651584 
2583851, 514, 1.2718277436504e-05, 36705.9340738099 
2743000, 843, 1.33757791391349e-05, 82658.143880518 
28171, 192, 1.35060304425926e-05, 99855.3960256697 
2893469, 964, 1.32576761945166e-05, 74654.1844749298 
29375, 233, 1.34526131701083e-05, 152543.011180964 
3025667, 210, 1.27937771068152e-05, 3523.67035818465 
313588, 592, 1.29592431801983e-05, 54321.4183847995 
408139, 1074, 1.33240952939295e-05, 99025.6086480139 
57863, 1, 9.97645556486691e-06, 0 
70346, 583, 1.31630906936949e-05, 60968.4973998398 
762210, 804, 1.31594530931294e-05, 68023.6958897587 
777, 959, 1.33214328533177e-05, 82432.7806955527 
84030, 928, 1.33677329661663e-05, 61876.3139963465 
909656, 421, 1.27197333943881e-05, 20419.1748042527 
1033922, 874, 1.314025912591e-05, 64434.472164435 
1255, 522, 1.30607980147587e-05, 37681.7772731699 
1273132, 84, 1.28095097800607e-05, 3755.08711781529 
1293, 315, 1.28870961506244e-05, 22164.7318451317 
1306993, 804, 1.32250641415611e-05, 78464.4794672991 
2042961, 344, 1.25494133149275e-05, 37249.6514774656 
2070537, 21, 1.23814476388579e-05, 891.685422369021 
2742796, 1016, 1.32722808414626e-05, 78184.3369950313 
2774188, 2, 1.14101847308908e-05, 0 
2801997, 564, 1.30777077393874e-05, 31183.3657002354 
283735, 501, 1.27570546512221e-05, 27490.6353758786 
2961619, 148, 1.30142245474303e-05, 11600.2945537038 
298, 424, 1.30372997144831e-05, 16160.3323127095 
338645, 350, 1.34698275862069e-05, 57786.2339861675 
511745, 792, 1.32252390461958e-05, 51537.595104652 
566027, 379, 1.3011515190944e-05, 15398.8270616495 
641148, 1020, 1.32067248643009e-05, 91522.85837734 
673, 1056, 1.32338150442009e-05, 83997.3506653121 
785, 485, 1.2932762567412e-05, 53025.9902728592 
82985, 327, 1.34475478396514e-05, 91126.8816644205 
86664, 416, 1.34692832994356e-05, 136583.563084991 
111769, 735, 1.32699912418058e-05, 74881.0616140473 
129958, 798, 1.32450331125828e-05, 57130.3154090617 
1315211, 305, 1.28929114772698e-05, 12441.5926794578 
140, 488, 1.28741551335694e-05, 34060.4870570648 
1514105, 320, 1.2605412764241e-05, 44337.2299909651 
17, 629, 1.31533948912214e-05, 36887.7977246323 
198, 410, 1.28680255301627e-05, 25596.5395924677 
261964, 99, 1.327051954084e-05, 49435.8730228247 
2774154, 9, 1.20790452722617e-05, 3.67040321366662 
2881428, 994, 1.32215670201232e-05, 82173.7101499353 
2980026, 97, 1.32557430506767e-05, 50493.3698714423 
2991053, 554, 1.32587308742807e-05, 31885.1778038422 
3060154, 739, 1.3288859948705e-05, 60342.5354818669 
359370, 875, 1.32961042414573e-05, 99943.62115591 
36835, 539, 1.30582397492818e-05, 21135.1857883563 
389348, 312, 1.31255988554478e-05, 33376.4633012576 
576611, 825, 1.33352891757458e-05, 80028.2699092796 
1042156, 446, 1.32308384382318e-05, 27112.8259165055 
1336802, 128, 1.32035860939831e-05, 59772.7572910268 
1499687, 243, 1.31525298891242e-05, 7800.3322695704 
1574161, 387, 1.30415503795091e-05, 21290.5653314668 
2576307, 587, 1.31423314495992e-05, 57730.7958474572 
264697, 96, 1.288742831368e-05, 430.863206619871 
2675054, 91, 1.30005200208008e-05, 5238.67984363834 
2731377, 306, 1.31011804163555e-05, 27362.7324879474 
2755562, 221, 1.30286369440029e-05, 8467.60333736172 
2772557, 968, 1.33141609415775e-05, 105126.457857276 
291048, 391, 1.26267409119032e-05, 8902.26194466009 
29552, 629, 1.30782208388371e-05, 87223.0120174914 
3030492, 245, 1.28366409078072e-05, 8589.80341647446 
339617, 962, 1.32374938776591e-05, 71465.5570279656 
383750, 129, 1.33084908171413e-05, 29534.336320665 
43948, 689, 1.31540869748231e-05, 33733.5218166207 
47834, 11, 1.06062534470324e-05, 299.009150825727 
519450, 500, 1.30729207519544e-05, 34956.2805130474 
551989, 950, 1.32299632207022e-05, 81680.1271825084 
568, 973, 1.32855055134848e-05, 68259.6869284944 
1449, 168, 1.30749718888104e-05, 7217.68537193197 
1705394, 91, 1.22285267071023e-05, 2935.71032509842 
1743162, 7, 1.1640223957909e-05, 23739.6536517842 
2098, 271, 1.25252069790453e-05, 30658.2764702729 
2220073, 441, 1.34008737369676e-05, 49754.133807398 
28090, 419, 1.33040643916717e-05, 34705.3447012788 
2881052, 106, 1.32173729149594e-05, 20587.9102633159 
3053655, 195, 1.30255822435263e-05, 14138.3939628897 
3058374, 33, 1.10697839178179e-05, 8960.21886103053 
338191, 108, 1.25407574617507e-05, 932.447072358334 
358766, 840, 1.33757791391349e-05, 73947.5136559014 
367791, 485, 1.29137234138719e-05, 38486.4603501283 
41673, 492, 1.32576761945166e-05, 40514.201148111 
718, 208, 1.3067454198573e-05, 12855.2333467962 
2898793, 1130, 9.63446827369597e-06, 32194.9067926237 
2943498, 1083, 9.57359220326651e-06, 23668.7902958132 
3026420, 963, 9.63084953723768e-06, 35787.6831076792 
2493679, 797, 9.76934574691533e-06, 18780.1345678346 
217204, 1091, 9.47059380623165e-06, 24998.931724559 
182639, 735, 9.43449629224296e-06, 32372.901387045 
2752515, 96, 9.06642973063637e-06, 13536.1811803965 
2857059, 1030, 9.4948727687049e-06, 29015.3916532308 
2760310, 683, 9.46620092958093e-06, 20954.9985369849 
563172, 67, 9.54244000190849e-06, 104702.205000802 
1325114, 412, 9.68992248062016e-06, 9821.12095542229 
436, 47, 8.93854748603352e-06, 12407.8406867972 
190721, 578, 9.64320154291225e-06, 17479.1587557937 
216465, 832, 9.59573181848714e-06, 16300.222172635 
3017325, 121, 9.82540259587137e-06, 9183.76925752114 
3031712, 763, 9.87332523720664e-06, 4919.74176582146 
1777866, 551, 9.81065437064652e-06, 16895.3596125187 
453842, 34, 9.39337579139191e-06, 270.960746252954 
376, 342, 9.75115063577502e-06, 1935.18196504985 
65741, 1115, 9.50118764845606e-06, 34368.8664070385 
2925844, 873, 9.57194272149476e-06, 21572.5589415616 
1784, 1055, 9.49586455098804e-06, 34556.3315228741 
2871820, 325, 9.82849280062902e-06, 16408.6358767787 
1850526, 103, 9.24197334614887e-06, 98255.0322604807 
1734031, 74, 9.53925403033483e-06, 25850.2072070764 
39645, 846, 9.68898362561767e-06, 21858.6966165129 
712122, 748, 9.65083286687641e-06, 51311.1855549098 
1267768, 620, 9.84281031920234e-06, 8684.98142846736 
2079227, 724, 1.01746995919945e-05, 26019.253024241 
434010, 470, 9.63437545161135e-06, 8000.67712160565 
67081, 1056, 9.63279774977845e-06, 30053.58098316 
2728835, 772, 9.67548425798711e-06, 13367.083937014 
1799, 1062, 9.54644824393085e-06, 30138.9473532569 
3049774, 33, 9.39346402772951e-06, 62604.4836552186 
1756988, 629, 9.81942085055823e-06, 8413.75330959328 
2925842, 1079, 9.54845362793496e-06, 31955.925838607 
215813, 538, 9.79911807937286e-06, 15002.2200526703 
34004, 273, 9.75257711850356e-06, 29279.0399028355 
2744521, 906, 9.69678163817429e-06, 16959.5153206385 
2862880, 19, 8.79229091932194e-06, 1894.0369016804 
857417, 604, 9.68138559990706e-06, 14932.7048953849 
2829500, 23, 9.49595472328788e-06, 64513.1414108303 
2734618, 1088, 9.60135187034335e-06, 27689.4289485235 
2927875, 1079, 9.58726810795264e-06, 27043.8541926353 
117567, 1065, 9.58745194289714e-06, 33328.4435527754 
1547487, 1081, 9.52199581032184e-06, 35793.0026292183 
2211210, 296, 9.62871668464027e-06, 26983.3238019911 
2831967, 1161, 9.68673111571769e-06, 27386.2407806285 
2609255, 59, 9.41575255402288e-06, 13266.4095460589 
2802975, 1109, 9.67642049852918e-06, 22289.0143637034 
375549, 723, 9.40990486586181e-06, 18183.9025426928 
351604, 1048, 9.62158313528908e-06, 26420.1504475512 
420953, 591, 9.52653138992093e-06, 10908.7143086077 
2493678, 801, 9.78396994364433e-06, 18327.2293838525 
3031126, 243, 9.82849280062902e-06, 23117.2096650486 
2765360, 1087, 9.55237567583058e-06, 29812.8312523442 
2878150, 1022, 9.57359220326651e-06, 27799.4691724393 
2880218, 1074, 9.46978664570687e-06, 27180.3007689437 
41276, 40, 9.3227923627685e-06, 44856.4434506943 
1071679, 533, 9.57011063047889e-06, 13842.0185112321 
1850250, 845, 9.75058015951949e-06, 16964.0113977314 
963, 347, 9.61714159317568e-06, 2651.69154569059 
3041435, 782, 9.49613507302528e-06, 19490.8170675914 
2704465, 95, 9.22526245871695e-06, 76361.8622733537 
2774189, 7, 8.66723870442116e-06, 13746.4837773994 
1084, 791, 9.98851320980872e-06, 17398.7033383037 
1324796, 981, 9.82067448392356e-06, 21213.944325493 
53460, 69, 9.28125928125928e-06, 4180.06535201032 
2747268, 94, 9.31168057210965e-06, 34277.6656923609 
119981, 716, 9.58451142952988e-06, 27112.0291666724 
39687, 812, 9.38095104081652e-06, 26367.3805085804 
57975, 1129, 9.52798368809193e-06, 29858.9936637922 
1263728, 158, 9.80767156069478e-06, 13037.6567664559 
2995143, 64, 9.22083909635777e-06, 39639.6482538249 
22, 947, 9.5229025807066e-06, 17947.7733191516 
1150, 32, 9.71071771914662e-06, 8123.64631298682 
1783515, 1089, 9.62880939771797e-06, 24948.6074806836 
2527982, 941, 9.73311790699033e-06, 26543.0950955327 
434, 61, 9.31601796128263e-06, 4638.6837449964 
104663, 36, 9.3583888597739e-06, 27688.2686163192 
53376, 1076, 9.63112780506597e-06, 30548.699278667 
1715720, 382, 9.53134382416577e-06, 5886.81021041401 
2799326, 1040, 9.6017206283366e-06, 23724.6483889039 
2527978, 1033, 9.93275524697796e-06, 10630.702011091 
2603277, 227, 1.00257662191833e-05, 24926.0623769522 
536018, 902, 9.86465690723277e-06, 20041.4430608187 
680247, 682, 9.69856849129068e-06, 14462.4701375092 
2911537, 675, 9.49820958749276e-06, 10484.2699323665 
126673, 1062, 9.61714159317568e-06, 33300.382577999 
93221, 693, 9.54480810163312e-06, 13532.5434677104 
1659, 718, 9.60015360245764e-06, 31199.6797290807 
2071627, 158, 9.91542145498894e-06, 120328.853099314 
2496028, 75, 9.79105880509918e-06, 36979.3515335397 
110322, 909, 9.69499544335214e-06, 16386.9785885655 
148447, 999, 9.69979145448373e-06, 22095.5311464014 
29314, 1102, 9.73217066334475e-06, 21845.2753914532 
469, 25, 9.95054578743644e-06, 27030.9755994398 
80880, 782, 9.78703413717507e-06, 37824.1375155504 
702113, 30, 9.36697952378276e-06, 13520.8821603936 
1050370, 1069, 9.75314782846164e-06, 28569.0483438837 
2169400, 34, 9.6515780330084e-06, 1329.8489244544 
1123043, 595, 9.82279674668972e-06, 5123.79554557297 
94624, 644, 9.54489920586439e-06, 14197.9011402582 
1930058, 1060, 9.59628431871179e-06, 26793.626729867 
712270, 157, 9.78100333532214e-06, 27218.7176640491 
445709, 445, 9.62102771818086e-06, 9602.5175355498 
279828, 946, 9.77966416633253e-06, 36988.8930761625 
2483404, 979, 1.00444971222516e-05, 18733.540411313 
2507582, 1064, 9.71779522661898e-06, 29267.8094063949 
414371, 19, 9.48370699138879e-06, 50863.5627216313 
1660, 1024, 9.52780212660543e-06, 28115.0128293249 
2660554, 1032, 9.57414215686274e-06, 23256.0806637249 
353, 1105, 9.53098045195909e-06, 29130.4302568741 
2493671, 903, 9.85241088494355e-06, 28336.1029941472 
56448, 871, 9.55082471371403e-06, 15512.4815924099 
3019890, 409, 9.75295758438746e-06, 13894.085666202 
68280, 953, 9.71213239578882e-06, 30614.7867399667 
945844, 916, 9.53670678441321e-06, 16829.8630470206 
1073531, 993, 9.81450583963097e-06, 39567.8771589324 
1729695, 1093, 9.58212359023007e-06, 25822.0789007631 
2759167, 725, 9.69001637612768e-06, 35368.275579297 
1842537, 843, 9.68354185226789e-06, 13589.1375332656 
84566, 114, 9.46646976409557e-06, 77037.2299146021 
1177712, 44, 9.57496720573732e-06, 3935.53400751797 
2589076, 15, 9.43164884085036e-06, 66252.5462550506 
1075, 33, 9.60291928746339e-06, 306.229147242607 
3064287, 961, 9.73833104482554e-06, 25313.8153593835 
80866, 1039, 9.58111370865749e-06, 21260.482546866 
1759059, 1009, 1.0187241498747e-05, 27283.1733838647 
2615214, 811, 9.53716154997949e-06, 21086.2939495346 
95485, 1035, 9.50850535804277e-06, 26756.0731069983 
1561022, 929, 9.87693340971495e-06, 25972.5613212312 
38310, 1039, 9.58598146071185e-06, 22890.501460634 
292462, 1067, 9.71505736741375e-06, 27555.9695111567 
33900, 768, 9.8187459497673e-06, 33410.7131137333 
266062, 1061, 9.84281031920234e-06, 37309.8680346564 
2901869, 926, 9.73529726730206e-06, 24969.2094215078 
748280, 1169, 9.71855076970922e-06, 31426.6504239971 
2592655, 63, 9.79182578383565e-06, 31118.0638270281 
2820808, 1100, 9.63846131603551e-06, 35968.9019736616 
2840468, 28, 9.74354977005223e-06, 323.641695377427 
907364, 674, 1.00605645988853e-05, 40898.5432446013 
2716227, 437, 9.87859210305347e-06, 45929.085229492 
1851, 69, 9.53588831567605e-06, 3382.02792256056 
2811423, 510, 9.80526738964172e-06, 13749.3341409928 
225326, 794, 9.89609104403761e-06, 31276.7748612012 
2048898, 795, 9.58837122338028e-06, 22718.7866131198 
2109913, 796, 9.67623323592592e-06, 23212.2998884085 
2086471, 89, 9.41522064569583e-06, 57833.5896803591 
405212, 1111, 9.7697275222994e-06, 28453.4805032214 
56689, 1069, 9.59241815269211e-06, 20657.5391088522 
2782166, 1125, 9.76896400136766e-06, 32786.7494826658 
249567, 686, 9.85571237089017e-06, 23109.5465350595 
2511995, 885, 1.00646148271906e-05, 16003.1343043924 
74329, 82, 8.96788600023317e-06, 13468.1876654917 
110505, 1110, 9.77135040062537e-06, 33860.6102562596 
2010829, 1133, 9.73681391974918e-06, 22705.0003445961 
1780, 1114, 9.80507510687532e-06, 34006.0707696562 
249058, 1075, 9.75172117878806e-06, 22889.1641694399 
28049, 961, 9.7953746241025e-06, 26627.7479392897 
2603292, 738, 9.8529933393765e-06, 18265.6673108593 
2220095, 488, 9.90265688284167e-06, 48857.0995325165 
43263, 1041, 9.61556953018327e-06, 28848.7166992366 
506591, 856, 9.88689393340188e-06, 16474.1001295344 
2546351, 1053, 9.66772044819552e-06, 21888.0701218762 
190323, 577, 9.74298018277831e-06, 18655.2531097393 
1704044, 646, 9.69480746112382e-06, 25570.7218863348 
2697569, 991, 1.05591045879309e-05, 20782.2250907559 
1715989, 662, 1.00253641713535e-05, 1772.71944384908 
1913979, 1117, 9.83690412953235e-06, 36642.0542927023 
2910158, 68, 9.73292844351008e-06, 37969.2339280931 
549, 967, 9.77144588084699e-06, 21434.0307318267 
1573718, 384, 1.0088781275222e-05, 220.083412201651 
293958, 884, 1.00350222275742e-05, 23938.4582137602 
1564114, 707, 9.85921047442521e-06, 47669.5665660147 
1774, 1059, 9.62658477651883e-06, 27513.7108170289 
2691357, 303, 1.02909244337419e-05, 953.232595244679 
394964, 1081, 9.89599311238879e-06, 17210.2970331614 
467975, 571, 1.03183201774751e-05, 1463.64117065807 
482957, 802, 9.54071021046807e-06, 25556.1077495607 
1182568, 25, 1.02048105476922e-05, 105773.182764354 
575378, 92, 9.23761928075896e-06, 25973.8237500895 
125287, 78, 9.69574744517055e-06, 15763.9318995218 
2907154, 82, 9.01160694975128e-06, 13122.8546474026 
2496847, 1128, 1.02193063134874e-05, 24138.8293150273 
2703787, 66, 9.61131828841644e-06, 24944.1063836752 
1796921, 838, 9.7559072018107e-06, 51660.0932850077 
659350, 859, 1.0048231511254e-05, 12872.8542441174 
1176533, 1146, 9.74725371126685e-06, 28097.3685077526 
1396826, 1075, 9.95351707525854e-06, 25432.8874954566 
536, 1140, 9.75962054595317e-06, 24398.7556519258 
126, 381, 1.02298650680798e-05, 3116.40234760953 
2861283, 830, 9.78751309079876e-06, 58363.689032435 
2017485, 741, 9.81402424063988e-06, 35885.4111623124 
2021, 1172, 9.8430040848467e-06, 30285.8095112509 
3020055, 1113, 9.74279033515199e-06, 24717.5941835153 
2895796, 337, 1.00197388856046e-05, 8095.98061248546 
521689, 1205, 9.90805326569436e-06, 31378.7920475435 
2822368, 1159, 9.86096045754856e-06, 41442.5517635196 
470076, 1068, 9.73681391974918e-06, 17872.3308703606 
2008794, 932, 1.01948230688456e-05, 24605.264923979 
195105, 8, 9.17658502564856e-06, 91.2766639869318 
1719132, 1109, 9.77154136293459e-06, 34398.7959909316 
55508, 1081, 9.55219318355494e-06, 22150.1826252536 
1392877, 1083, 9.66753352217249e-06, 23377.676646338 
1917485, 687, 9.94243331112857e-06, 8830.31652893824 
2897773, 741, 9.79575843659695e-06, 44500.8964425274 
1788, 1105, 9.77096849839756e-06, 32565.6235048311 
2745197, 99, 9.58258269768868e-06, 52666.2673763744 
3025315, 82, 9.05231331866859e-06, 14019.176127326 
304378, 104, 9.49947277926075e-06, 71982.7746203533 
1768, 1116, 9.74070249946426e-06, 26420.5872873017 
114687, 727, 9.78665100802505e-06, 28343.3531730349 
392733, 3, 1.00742472018778e-05, 0.860211637643331 
2108470, 726, 1.01438396461829e-05, 63786.0613770616 
79329, 63, 9.44483273201232e-06, 43749.8950292424 
3065910, 1128, 9.63493241094914e-06, 28336.4902002238 
31993, 22, 9.07564550528656e-06, 6632.58664192757 
447217, 1111, 9.70355635340352e-06, 33132.7127993088 
2066070, 704, 1.00578325370883e-05, 17003.1111808441 
59737, 68, 9.81787835648716e-06, 1169.34485472842 
2976459, 268, 1.00886794927412e-05, 28461.9099249545 
716925, 777, 9.71411363570131e-06, 12908.6053060916 
1461694, 822, 1.00229525613655e-05, 11789.9691358453 
153496, 30, 9.40326857615707e-06, 29523.3670628853 
2493681, 543, 1.01223795689891e-05, 22775.3313394259 
2909673, 119, 8.83314194859111e-06, 24341.8830520242 
3016094, 311, 1.01729399796541e-05, 72335.1128365215 
964, 1030, 9.7056282938476e-06, 15632.2905719468 
82367, 825, 1.00385480244137e-05, 13419.8728354214 
2024551, 1131, 9.79201754729544e-06, 29110.5824964995 
2116510, 82, 9.57414215686274e-06, 2433.88109931583 
2527980, 1038, 1.0183506792399e-05, 21837.3483471784 
238749, 950, 9.80517124731583e-06, 23046.4025404361 
1112, 42, 9.3610169808848e-06, 44567.6032093372 
47880, 876, 9.78531029218937e-06, 18975.9238615474 
2830983, 960, 1.09939643135918e-05, 4653.88825413138 
1542730, 1121, 9.743359900228e-06, 26193.1433803492 
3019602, 899, 1.00374396498941e-05, 23994.0019753 
590652, 1107, 9.7707775584781e-06, 31892.1505892157 
2021862, 1007, 1.00479286195151e-05, 23098.1734513147 
1207504, 899, 9.60015360245764e-06, 25436.5722980326 
2991729, 1091, 9.83274500742372e-06, 32713.2668325174 
648995, 278, 1.01517689457388e-05, 39264.5432211223 
141349, 1092, 9.76371802382347e-06, 31177.7702462797 
2744515, 704, 9.97347056828835e-06, 14202.0539891851 
2744516, 898, 9.91778159061381e-06, 17398.826266118 
94625, 898, 1.00211446151379e-05, 22289.0347653755 
265976, 72, 9.70148529739903e-06, 12806.794996666 
2979467, 106, 9.06462168801385e-06, 25547.5378717501 
1789, 1118, 9.96541999262559e-06, 30676.5002859691 
1962974, 1190, 9.90402994978657e-06, 39689.847209971 
2203219, 98, 9.36724275209592e-06, 70080.7256853581 
273678, 893, 9.78196010916667e-06, 43570.4104699156 
68175, 993, 9.86407307305333e-06, 37819.7858867098 
2831106, 111, 1.0220246307936e-05, 29733.1306528282 
816, 6, 9.14829384319824e-06, 168.207678068194 
683047, 675, 9.93591335883551e-06, 43500.5826158278 
984207, 36, 1.02682055284019e-05, 70598.5356644395 
2877940, 1076, 9.82598186123748e-06, 23908.9949923477 
55148, 20, 1.03119360659964e-05, 11025.9098217963 
2719023, 1111, 9.85046986741268e-06, 36236.6139632558 
3025663, 902, 9.83303506460304e-06, 33685.3638663922 
1309411, 23, 1.00581360262316e-05, 1759.77931648304 
199591, 577, 9.83671060397403e-06, 26602.8554951847 
1138189, 788, 1.00768866451021e-05, 28801.5123638465 
2109914, 980, 9.77622227218958e-06, 28229.8253133861 
2740462, 91, 9.1645588181385e-06, 21745.9831167106 
72000, 311, 9.87781147209024e-06, 29861.4417479244 
311230, 1077, 9.75676387655742e-06, 31417.0331247016 
459858, 1128, 9.82154257147628e-06, 35299.1863044716 
1853232, 112, 9.50633597292595e-06, 87784.8828902338 
2854260, 59, 9.23071242638507e-06, 7987.4067349261 
1740163, 545, 9.68063582416093e-06, 18597.3270007683 
2692330, 38, 9.41885655081473e-06, 637.677183011533 
85021, 139, 1.00217471914053e-05, 37898.0492317841 
169765, 1105, 9.92831754730843e-06, 32362.6703962149 
2059672, 797, 9.68176053133502e-06, 19724.2499934844 
2077182, 31, 9.78693835207532e-06, 83888.3449171684 
2691354, 264, 1.04244850304395e-05, 1679.99770385538 
33888, 104, 9.80161530620246e-06, 20727.1488691625 
60548, 994, 9.77220978979977e-06, 25708.7726060562 
169430, 702, 9.83245496735625e-06, 14204.5229395245 
2995138, 953, 9.70327388460867e-06, 18513.9022491211 
1919, 1071, 1.0048231511254e-05, 28802.3677722327 
186817, 907, 9.68091697645601e-06, 9588.41199967078 
329, 1062, 9.79834995786709e-06, 27633.0620317652 
103816, 1083, 9.76657876745776e-06, 36508.4499894357 
447588, 1087, 9.93038798025839e-06, 29676.3420661599 
3068889, 1115, 9.92624797752698e-06, 20987.3493874205 
2778082, 1074, 9.80420992774297e-06, 27075.4795730193 
2897772, 1206, 9.94045666457917e-06, 34027.0129177759 
1395951, 104, 1.00061037232712e-05, 7901.83663630626 
1653831, 111, 9.62149056131776e-06, 89598.2941690915 
29447, 19, 9.59085416147162e-06, 5135.15903787836 
134536, 485, 9.92260369120857e-06, 14528.8690172691 
1930276, 847, 1.04755918709407e-05, 3709.7758258337 
2906798, 27, 1.10081239955087e-05, 56188.1132625879 
215691, 1160, 9.83835581397637e-06, 39516.396721194 
2070337, 44, 9.74411942392766e-06, 33488.3302438813 
2829499, 495, 9.73548682301858e-06, 15576.6659678765 
52771, 723, 9.82636807609539e-06, 46422.7077783264 
3035531, 1122, 9.94371855299008e-06, 31592.5870972619 
2897342, 1179, 9.93374194125185e-06, 25189.6616433578 
458032, 1032, 9.947378368431e-06, 18355.3601222514 
1546107, 585, 1.00747546797235e-05, 40846.9361532329 
501023, 639, 9.67913662101341e-06, 28699.3534614783 
1608628, 846, 1.04142800608194e-05, 29900.017685812 
312306, 1112, 9.79959821647313e-06, 32619.2049407874 
2940492, 1096, 9.82955550749995e-06, 30488.0456709974 
1229164, 41, 9.30137381291217e-06, 15987.5442761257 
924, 1116, 1.02069979177724e-05, 30588.2731928931 
92645, 1096, 9.77679575295993e-06, 26298.0292184313 
293088, 701, 1.01846476621141e-05, 21470.738961573 
35554, 1139, 9.84736582964057e-06, 25810.2814922946 
311231, 1096, 9.8756653729545e-06, 31166.5087714961 
34003, 840, 1.0082677959266e-05, 15760.4971404016 
423351, 102, 9.36513733973909e-06, 81351.5711149682 
2183911, 1105, 9.92211142531131e-06, 26606.5386578456 
543877, 37, 9.35165009865991e-06, 28973.1555846181 
470934, 1, 8.39250046158753e-06, 0 
2715678, 1089, 1.02317491175116e-05, 28321.1576853014 
2991728, 1108, 9.84949964541801e-06, 33918.4859325764 
85085, 869, 1.02233808720544e-05, 39985.5272964395 
2901164, 1114, 9.79422336705811e-06, 30573.6349724616 
67258, 1192, 1.02138786182665e-05, 55837.7644681474 
1783348, 552, 1.00587430594673e-05, 30647.8967575145 
2653189, 7, 9.5837765830003e-06, 765.069823194243 
74829, 1170, 9.93798696136111e-06, 28488.4323083337 
2083786, 184, 1.01991901842994e-05, 18579.3793031161 
1348774, 120, 9.20403504896547e-06, 166242.714946616 
61624, 938, 9.71930643029313e-06, 16112.3398088873 
645517, 112, 9.14871231874114e-06, 61678.9956830255 
2116657, 879, 9.84688100044311e-06, 85017.6998116787 
1760988, 1109, 9.76810518295661e-06, 39738.4836853175 
2202149, 1166, 1.00320020866564e-05, 38572.064827506 
3016097, 51, 9.96105228556345e-06, 14207.3363700789 
3016091, 65, 9.89530764511469e-06, 2224.62718810861 
1837283, 579, 1.01526965562053e-05, 64943.8559781711 
205844, 28, 9.72753183334792e-06, 81772.2180987195 
1564506, 1006, 1.02471615362545e-05, 23576.6007699885 
2811424, 1096, 9.89550348321723e-06, 30326.0115223162 
2872646, 37, 9.42542602925652e-06, 36062.6810767244 
2591633, 1176, 1.0064007085061e-05, 45177.6647848613 
2099695, 1169, 9.81884235848593e-06, 43392.6300260708 
475662, 1115, 9.96254084641747e-06, 24555.9861482699 
2817475, 104, 1.02576727392089e-05, 92843.5731780865 
2654249, 399, 1.02801336417373e-05, 15259.4886822306 
2028343, 528, 1.01796711966203e-05, 40677.8663766458 
2855503, 1110, 9.98522187162999e-06, 42853.9880580747 
420952, 998, 9.8135426889107e-06, 22480.3707903893 
1890424, 12, 1.01990861618799e-05, 1289.59821212379 
2726185, 1179, 9.8941327792619e-06, 35154.588507814 
3041175, 678, 9.79825395114591e-06, 37830.3394707165 
354, 1070, 9.92940195212042e-06, 23420.9815701945 
1938841, 1086, 9.79959821647313e-06, 28716.1847931692 
2843200, 639, 9.94174139542282e-06, 395.09594786019 
1495650, 1107, 9.97844655544025e-06, 26785.23796233 
398694, 1107, 9.84988771128009e-06, 35974.1748036656 
1108595, 1199, 9.78550180053233e-06, 34846.8760915981 
2494374, 25, 9.42107494465118e-06, 9215.15204460595 
357808, 1159, 1.00557086257869e-05, 40291.6267104962 
2841257, 1090, 9.78741729632385e-06, 25826.8570584788 
682798, 1125, 1.0019236934915e-05, 29338.1995036211 
2587163, 692, 1.02748522989982e-05, 37436.0100387609 
204037, 1030, 9.82540259587137e-06, 23127.3792746124 
2589080, 1210, 9.86475421964862e-06, 33003.8014453545 
2831000, 1136, 1.07592825710382e-05, 30849.0490929583 
2969308, 1143, 9.80190352966546e-06, 32366.6376769126 
3034026, 1166, 9.91207985171528e-06, 25698.1105908034 
120962, 1154, 1.00718120197005e-05, 32885.0592799294 
3026192, 979, 1.01148030142113e-05, 33463.8304210256 
644, 1178, 9.87049905243209e-06, 34385.2584958325 
69362, 786, 9.94668576430333e-06, 38677.7497921648 
1579979, 1201, 1.00935673695154e-05, 35240.664345681 
1891926, 1071, 1.04211173522025e-05, 19225.4578454666 
2714924, 374, 9.82405124225128e-06, 18695.2170809925 
2973976, 713, 1.04565321956626e-05, 32530.2047258293 
2875540, 80, 8.93463421607519e-06, 14741.8521883702 
463014, 629, 9.06790957480572e-06, 15861.1699163953 
2080742, 1001, 9.2077639865935e-06, 22703.9745531613 
2601898, 660, 9.29143515507405e-06, 14104.5852435644 
43356, 88, 9.50416757748273e-06, 18643.8562013848 
2763257, 714, 9.29834675394715e-06, 25750.2547117131 
1767, 987, 9.23105326317733e-06, 22207.8725972364 
540747, 989, 9.39364050537786e-06, 25141.281172193 
2748098, 743, 9.17035773565527e-06, 14940.331903747 
2818388, 1073, 9.32001192961527e-06, 29807.8603200363 
2771430, 19, 8.75089696693911e-06, 64280.188129744 
193, 330, 9.40220763835349e-06, 17258.2595591558 
2734, 897, 9.1925283129872e-06, 28761.0815552932 
333966, 983, 9.23574232278919e-06, 29220.4313917079 
2341112, 301, 9.37374040363326e-06, 13158.7188519981 
2742602, 750, 9.22875310316823e-06, 36047.9412610404 
1746199, 758, 9.02128120235636e-06, 16405.3609174338 
2527972, 875, 9.71751192824589e-06, 8867.31202825577 
2744474, 886, 9.21234454168586e-06, 22102.0494917625 
47885, 590, 9.54362390486916e-06, 11566.774282525 
2857060, 907, 9.04020177730367e-06, 14848.485798908 
2995145, 969, 9.22049901340661e-06, 40771.8221815655 
3064286, 924, 9.12433734500032e-06, 17542.9021450651 
409290, 1065, 1.00486353953133e-05, 15375.8026879269 
1943633, 36, 9.15960613693611e-06, 605.520190527604 
2596912, 19, 8.68266592574584e-06, 1250.87700270854 
2920382, 124, 8.83642018945285e-06, 61911.7263513247 
198107, 1026, 9.3328853548363e-06, 29806.2909684028 
248026, 743, 9.23949700178322e-06, 14006.1372042177 
3016419, 142, 9.43877069450475e-06, 22555.4773648507 
1208324, 820, 9.37189555959588e-06, 17112.0117193386 
69367, 756, 9.21242940975965e-06, 22557.0935151143 
2736649, 726, 9.15650294839395e-06, 21371.4183850798 
2041385, 28, 9.28643066750864e-06, 123701.833893168 
748811, 721, 9.45993245608226e-06, 18659.1827841284 
3034358, 539, 9.11552099760262e-06, 12617.2708268575 
1419277, 385, 9.32427014275458e-06, 8099.73217156907 
3049069, 387, 9.29964382364155e-06, 23408.2141182258 
2698828, 171, 8.86784254258781e-06, 167582.310909459 
2175655, 50, 8.8494792081486e-06, 26269.1583843698 
692370, 68, 8.84713043324398e-06, 119644.708823436 
2652443, 14, 9.77545773580848e-06, 18944.4649845423 
2952477, 26, 9.22432639356511e-06, 308.13625601807 
156213, 20, 9.46405080302471e-06, 11584.3579430528 
1784719, 1018, 9.36592675845275e-06, 36458.3944106688 
2736, 613, 9.40432975341847e-06, 15297.9576504165 
29449, 589, 9.2275608788329e-06, 15362.4705586779 
49, 622, 9.50651671720965e-06, 1373.6901782259 
68232, 979, 9.45304671695688e-06, 25951.2927912887 
2899220, 925, 9.35016362786349e-06, 23535.254781799 
66374, 993, 9.31896969471055e-06, 26737.9148620683 
2175666, 22, 8.79716379439269e-06, 6119.681179632 
105560, 543, 9.1398488269004e-06, 9317.87279069397 
111831, 890, 9.32513964396617e-06, 29222.6494655643 
547, 803, 9.04690821911612e-06, 12814.8539105786 
282217, 328, 9.21692965639286e-06, 3989.47077609854 
2608999, 498, 9.13659205116491e-06, 11400.6479100634 
2029849, 960, 9.17961757713174e-06, 14518.9341408215 
515361, 640, 9.34955168899651e-06, 16512.859001484 
2861750, 991, 9.22236978013871e-06, 28664.9618467139 
442, 64, 8.91098813947479e-06, 17620.2678909776 
1912, 879, 9.18147178992792e-06, 26552.2070221003 
666685, 956, 9.21327817650798e-06, 22468.331547903 
2806347, 355, 9.13675900884438e-06, 3305.69607815105 
55518, 917, 9.22202958427091e-06, 15936.6485619163 
84159, 1022, 9.44322731736798e-06, 32263.99353159 
2824561, 528, 9.4653945176435e-06, 12770.8360476091 
2829815, 13, 8.17000138890024e-06, 13.3696463498852 
71999, 178, 9.37013924026911e-06, 25077.3308942051 
2571747, 506, 9.14628569337992e-06, 14314.7535658973 
3049073, 327, 9.26852778704631e-06, 65220.6827860253 
400770, 446, 9.53725250829741e-06, 15133.1865324607 
2014887, 610, 9.33157899648199e-06, 11687.2414952825 
2917991, 59, 9.5297088673941e-06, 2386.77668883337 
1404741, 403, 9.19328889910366e-06, 6122.34496026388 
2527979, 870, 9.49839002289112e-06, 20047.3536001528 
2865839, 866, 9.22381589263478e-06, 20830.9821872526 
43348, 951, 9.17700609353205e-06, 19611.4561957725 
2175646, 73, 9.1324200913242e-06, 120881.777169004 
2782167, 652, 9.29722291951394e-06, 19136.7085120477 
2585717, 1013, 9.22824211216005e-06, 23763.7972264928 
37914, 120, 9.27402900916274e-06, 5179.63681988742 
93220, 916, 9.18661693644698e-06, 20154.6026560336 
2919322, 1003, 9.24864044985387e-06, 23841.9647303921 
34070, 361, 9.12300548292629e-06, 3803.73654291868 
758793, 585, 9.23318406352431e-06, 12411.1849832875 
1593482, 334, 9.18189330639978e-06, 6206.37600878633 
1906742, 866, 9.31176728031213e-06, 32085.115993119 
2987701, 1028, 1.03152335368873e-05, 9924.74220074482 
3028312, 629, 9.39302286261765e-06, 18103.838681368 
1004901, 630, 9.24077770385156e-06, 19422.2858383898 
1978566, 118, 9.27291104496434e-06, 4828.94750847279 
1926494, 540, 9.19785506019996e-06, 11509.6557807751 
2909339, 73, 9.31810134367021e-06, 13133.8267378328 
69578, 53, 9.11419170790838e-06, 1073.25723551036 
194963, 760, 9.4084883381787e-06, 26180.4763270911 
2877941, 1044, 9.23736328702335e-06, 26273.2605387324 
399497, 467, 9.12467037128284e-06, 11272.5332578238 
65958, 61, 8.93663035415866e-06, 7769.03462531731 
339268, 1054, 9.45850082761882e-06, 27091.7015290694 
1312183, 619, 9.36145514458767e-06, 19465.0483366931 
2601677, 938, 9.42151874882231e-06, 12602.3407877243 
2775496, 1099, 9.60411824590384e-06, 28565.3518032987 
35806, 1003, 9.49099778859752e-06, 28044.2001454448 
1395974, 345, 9.15499404925387e-06, 8264.6673301564 
1682113, 982, 9.23233162535198e-06, 25861.3190104356 
2795974, 916, 9.53561552398207e-06, 18188.3671926146 
36805, 446, 9.26672412035621e-06, 9178.82276348655 
265960, 59, 9.41566389846148e-06, 16947.5712458952 
3016103, 87, 9.52127051833797e-06, 4839.53247802806 
1926868, 772, 9.29247123980151e-06, 19118.7873631723 
931866, 580, 9.46279701354126e-06, 13486.1719755558 
1571470, 324, 9.66043568564942e-06, 40821.4909357369 
2798724, 134, 8.89299943084804e-06, 91519.8371275265 
2806348, 52, 9.47454190589885e-06, 2024.98990770744 
1416803, 440, 9.13659205116491e-06, 11782.3853827742 
2773266, 90, 9.20937514389649e-06, 2859.29952826151 
2547601, 76, 8.96033260754639e-06, 97235.3308412095 
1230998, 960, 9.44019635608421e-06, 21092.2865710855 
2054, 853, 9.26517867897082e-06, 26959.6836311313 
2614638, 644, 9.262947284567e-06, 16403.6301504045 
2762331, 727, 9.43111513505357e-06, 44262.8893080644 
1936029, 1012, 9.27488916507448e-06, 23627.4314439714 
75697, 930, 9.19159887862494e-06, 19639.6052902231 
336203, 83, 9.48082976222079e-06, 94806.4077420854 
2838237, 409, 9.47597839476926e-06, 336.283178090077 
2986923, 536, 9.35156264611817e-06, 11419.1533248786 
1742993, 723, 9.77956852543666e-06, 22635.4572411574 
2651199, 1103, 1.02414944388685e-05, 17076.9821681291 
1288494, 34, 1.06852447455309e-05, 4.82491588736229 
1969821, 747, 9.4876660341556e-06, 19219.8271182741 
2290923, 1027, 9.45483425675548e-06, 30190.7513747685 
2708338, 881, 9.27686812931954e-06, 21810.9570651852 
1810504, 1105, 9.44813446584972e-06, 25844.3980776316 
2083284, 563, 9.50787251844527e-06, 18533.6929228543 
3064901, 1055, 9.47382382477215e-06, 28688.2479971085 
120959, 1005, 9.24009461856889e-06, 26127.463007828 
147322, 45, 8.81422262963518e-06, 336.390474623038 
281362, 1054, 9.44064196365353e-06, 21682.3727694384 
36822, 745, 9.42684766214178e-06, 29700.5020166777 
2743470, 518, 9.20420448060674e-06, 6360.59732594269 
2801335, 63, 9.63066403428516e-06, 4478.42254187415 
551760, 1043, 9.49820958749276e-06, 30622.358260521 
47853, 162, 9.53052627566094e-06, 7487.17779707754 
1752398, 647, 9.48020060104472e-06, 9272.05614916457 
191302, 45, 9.57120980091884e-06, 6376.98095422266 
188770, 883, 9.56635703557728e-06, 27829.4435033138 
2898442, 369, 9.47256744468021e-06, 2307.01009463728 
2795387, 415, 9.67323801969471e-06, 10932.0845704203 
164608, 74, 9.1495493846928e-06, 9102.21159613162 
293, 51, 8.83384422399095e-06, 18628.7003211084 
1829, 998, 9.23872875092387e-06, 23355.2243362087 
2728021, 803, 9.18779860345461e-06, 13557.1794256864 
555315, 716, 9.32975070906105e-06, 27343.8096892408 
364317, 694, 9.23343982567266e-06, 12313.3196316168 
41977, 782, 9.36996364454106e-06, 16776.3020254738 
1250539, 960, 9.43921616748945e-06, 24381.1070355571 
83676, 502, 9.53216151294468e-06, 15639.9384755561 
2051959, 679, 9.55821911261494e-06, 7010.57793811132 
2770551, 487, 9.400528309691e-06, 35742.7714610931 
379684, 324, 9.62075003367263e-06, 70373.2507544542 
1389713, 997, 9.23531584780199e-06, 23646.0176960667 
1620215, 1011, 9.74193611238298e-06, 16258.7330487511 
1610493, 403, 9.2694728450793e-06, 7848.5449896614 
1742992, 868, 9.59794220119206e-06, 25102.8478368085 
2875948, 806, 9.51031393546301e-06, 17596.557712047 
3027808, 1042, 9.28858711301424e-06, 31601.8780034126 
2014534, 383, 9.44108761329305e-06, 6668.84779120027 
2589888, 770, 9.57432548876932e-06, 14864.422540436 
2962064, 542, 9.43939436845732e-06, 30202.3555288217 
2741720, 749, 9.53479724253664e-06, 16019.9761000053 
1545728, 1057, 9.37049045147023e-06, 25991.3654381047 
1842540, 1079, 9.58699236875407e-06, 24326.1723706875 
1082851, 350, 9.26509283623022e-06, 4212.92022754296 
2831662, 854, 9.45563887024027e-06, 22350.1909181025 
3014995, 230, 9.63502524376614e-06, 14143.7630258063 
1906741, 1047, 9.48847624559972e-06, 27047.9218022668 
134537, 885, 9.19785506019996e-06, 20049.2252624696 
285, 1053, 9.81421687456449e-06, 23797.2409326122 
2943192, 863, 9.8936433341578e-06, 10470.6410535736 
1069220, 741, 9.46145403625629e-06, 36011.336720469 
2675524, 811, 9.12233969768566e-06, 18423.5396283552 
2995170, 565, 9.560595051436e-06, 12620.0467608154 
1725, 825, 9.50931913275009e-06, 19033.7198853631 
80679, 1054, 9.44082021846058e-06, 25235.5660726266 
398, 222, 9.82086737900691e-06, 7058.24103719687 
407020, 126, 8.90353024974402e-06, 129173.141303533 
1852, 498, 9.55831047304079e-06, 48808.7637003979 
2857058, 1044, 9.39681823734483e-06, 31844.2124359786 
3056937, 1005, 9.24470740501063e-06, 25214.2898490939 
2056258, 1068, 9.57111819373857e-06, 20948.306336789 
1299, 27, 9.9286132705845e-06, 3825.9694960173 
59732, 77, 9.0523952637868e-06, 46457.0840853797 
293089, 824, 9.526894422956e-06, 13997.2852799085 
2486855, 993, 9.58230722793434e-06, 28493.4152193115 
2895559, 626, 9.4231167901095e-06, 27234.7079037705 
562, 71, 9.12900192621941e-06, 4372.23206587523 
2840373, 563, 9.65717044905843e-06, 29548.273781952 
37487, 1028, 9.40415287390912e-06, 24652.6558213517 
208439, 1081, 9.54271318421254e-06, 24103.9007100822 
2489213, 11, 9.00568258571158e-06, 6535.66499860226 
367477, 893, 9.53543367152338e-06, 25528.7193924226 
2878153, 202, 9.19980128429226e-06, 14441.9459169039 
2714932, 74, 9.65539881624811e-06, 14561.8748354368 
3031131, 1046, 9.4231167901095e-06, 22186.9057754501 
1105204, 517, 9.77115944577984e-06, 7273.99641067485 
128785, 1098, 9.45438730843048e-06, 31766.3689398753 
2952571, 95, 9.04535340195741e-06, 46372.0989121187 
68192, 611, 9.69678163817429e-06, 8319.60043541826 
1945662, 47, 8.68485274832165e-06, 4141.83383946247 
2613773, 649, 9.55511389695765e-06, 12774.8080992746 
2906456, 69, 9.30934006088308e-06, 3557.30288170179 
146919, 915, 9.21871398939848e-06, 14942.1454516368 
1605891, 1049, 9.39408172851104e-06, 32210.6308843766 
1703, 14, 9.83342183412984e-06, 154.611988800495 
2907205, 113, 9.05149394907629e-06, 38878.3409095028 
1851544, 466, 9.27179335026981e-06, 11678.1013513081 
2811415, 879, 9.5594983175283e-06, 17969.9560886915 
377615, 1137, 9.93167010964564e-06, 21494.715308523 
1792508, 995, 9.52426306014572e-06, 22488.8063167814 
2865837, 552, 9.80728681410288e-06, 17125.3671978824 
111015, 761, 9.38235928806658e-06, 44082.6577924286 
2758710, 865, 9.3506882106523e-06, 23554.0640766999 
1750, 497, 9.40645282663907e-06, 19553.6610999114 
2027911, 833, 9.43752359380899e-06, 36683.0380628224 
281472, 497, 9.49595472328788e-06, 26022.2096097141 
3073562, 1037, 9.46154355621576e-06, 23832.637928592 
84292, 645, 9.44840227517527e-06, 27708.4372293932 
261302, 774, 9.20700100356311e-06, 14773.7884888535 
1182, 14, 9.71685096293993e-06, 19700.2636888188 
139021, 279, 9.5535620456087e-06, 19034.644364128 
2861282, 324, 9.351999925184e-06, 1945.35372037169 
912630, 800, 9.51991089363404e-06, 17679.8615624517 
2932245, 1050, 9.4031801555286e-06, 23233.4010098983 
2932253, 61, 9.87244797219919e-06, 44403.9352777159 
3049072, 259, 9.46772452708716e-06, 14483.1509517595 
2703789, 78, 9.05264110804327e-06, 5692.51907509589 
980254, 1041, 9.74801384217966e-06, 24612.3527216478 
1712261, 478, 9.65493270511905e-06, 96066.1657598823 
2060726, 34, 9.25608819200829e-06, 26117.1943058858 
94254, 45, 9.16800366720147e-06, 41501.6702397208 
1485, 22, 9.70506313143567e-06, 17922.4502619658 
2268461, 809, 9.51972963967823e-06, 18573.6097124635 
42256, 1020, 9.39734806837511e-06, 17808.9133020289 
2800818, 73, 8.73774531219964e-06, 22052.2324307417 
103855, 1031, 9.31619154089808e-06, 23568.8184422043 
242606, 1151, 9.80738299792083e-06, 45468.6381414148 
1437453, 884, 9.6142752759297e-06, 36137.3636072183 
2942909, 652, 9.46261792787593e-06, 26394.5100305251 
3003265, 27, 8.78796400449944e-06, 15129.8185540609 
51671, 560, 9.41619585687382e-06, 17047.3828549386 
2839983, 951, 9.39893792001504e-06, 25446.227009871 
1897061, 127, 9.44055283877424e-06, 16876.3208461614 
110321, 797, 9.49207886019117e-06, 16088.3835220504 
1285192, 364, 9.47050411493404e-06, 18689.2869479915 
2067960, 759, 9.55511389695765e-06, 24600.4679570244 
68278, 815, 9.59738951005326e-06, 23930.2575319689 
67305, 1074, 9.54635711012677e-06, 33526.6249349493 
36808, 468, 9.54471699914097e-06, 41967.0630141303 
2017484, 729, 9.56516748608268e-06, 29527.0377838106 
2925843, 1006, 9.76314607619159e-06, 23060.260507246 
943830, 353, 9.21514601398859e-06, 16658.42037263 
2591109, 997, 9.68954691678617e-06, 12669.3166337978 
2605946, 747, 9.70836084035571e-06, 11352.0086663121 
273251, 436, 9.38191916538447e-06, 22169.4421466506 
1042, 22, 9.00746719030076e-06, 11804.2083994535 
1325107, 446, 9.66220916750406e-06, 11964.7074571241 
317, 971, 9.37901539096426e-06, 25588.4065117255 
180282, 754, 9.31992506780246e-06, 21595.1451995292 
3075430, 1034, 9.35707535252781e-06, 28799.7938344565 
337191, 1052, 9.49649579305236e-06, 30692.2609171585 
1481672, 22, 1.0148678134673e-05, 264281.732993591 
76947, 128, 8.98343454669589e-06, 116688.879284553 
1486262, 527, 9.67997986564188e-06, 10045.6906375675 
1296669, 740, 9.42871420624369e-06, 16912.5640765624 
2589967, 855, 9.59324635456638e-06, 23022.5101018648 
33883, 226, 9.54690393905257e-06, 5927.37656258246 
252970, 512, 9.28013957329918e-06, 15266.9542565667 
2779775, 652, 9.49397132820659e-06, 20105.7137940774 
1768108, 26, 9.90854413760986e-06, 3086.68291348861 
3050384, 804, 9.4431381436679e-06, 22279.5942128535 
319707, 1009, 9.37382827146607e-06, 27168.9816737018 
1644061, 1037, 9.45572828019214e-06, 20765.645391746 
2772401, 1110, 1.02031446091685e-05, 30537.6179085854 
1744, 707, 9.37831171632483e-06, 32553.4379778124 
2774875, 627, 9.52172381287908e-06, 8886.04813809929 
1555112, 979, 9.44501114511315e-06, 20324.796676517 
146017, 1031, 9.44465432565168e-06, 30042.4137339535 
2811104, 1115, 9.55228442882115e-06, 32217.0030325802 
2906443, 75, 9.44340566982076e-06, 20619.4017905152 
53635, 925, 9.73700353453228e-06, 11466.5651030004 
2970464, 876, 9.69095543129597e-06, 18691.5429383681 
2259340, 30, 9.04879108151151e-06, 91.654318374369 
50338, 429, 9.58175633593638e-06, 51153.3687569069 
1881016, 565, 9.42702539640642e-06, 7661.55527306498 
321984, 728, 9.34736684675927e-06, 18790.3060474655 
2976680, 193, 9.83980792694927e-06, 7953.66896143053 
307486, 567, 9.44929508258684e-06, 11328.8617232367 
33008, 1130, 1.02074146660134e-05, 32924.1726144973 
2498452, 509, 9.45653304585473e-06, 43649.9920650236 
722731, 1038, 9.43823618242223e-06, 28253.4947928573 
2821406, 407, 9.61575445209431e-06, 4993.2656092476 
3028808, 371, 9.52589614868019e-06, 32164.922178565 
76731, 961, 9.45823244552058e-06, 23395.2362734541 
2057246, 112, 9.45653304585473e-06, 24659.7957042377 
546160, 723, 9.68457344296271e-06, 24925.6684978044 
2873270, 1070, 9.49514323423569e-06, 29705.993910288 
155177, 1105, 9.74630371431635e-06, 22406.507191334 
2860336, 512, 9.74886913118078e-06, 22237.7314382237 
2072590, 924, 9.33785285411472e-06, 20889.7843422851 
2949090, 587, 9.39020038687626e-06, 12395.9434541442 
47759, 1068, 9.58837122338028e-06, 21383.4033584927 
78587, 155, 9.70572249398245e-06, 25884.2457848168 
2203210, 937, 9.55895004492707e-06, 26470.7435108233 
2774137, 40, 9.41105610871652e-06, 26380.5744156962 
2856555, 291, 9.53734346835033e-06, 18448.7534388035 
2996782, 1086, 9.48991696322657e-06, 25425.7995557716 
1385591, 1099, 9.49009708369317e-06, 31373.5766271515 
2915130, 254, 9.46924861512239e-06, 11280.9195700826 
158899, 472, 9.4137138984072e-06, 5637.48185878723 
1775, 1045, 9.47651719040218e-06, 28426.3991099345 
2851648, 1087, 9.52616838455236e-06, 41727.2573597252 
2060, 273, 9.54644824393085e-06, 29854.935127092 
1032851, 114, 9.63548943468584e-06, 62785.545141052 
60136, 1022, 9.72980336067408e-06, 16754.3263620653 
65656, 998, 9.51746454744456e-06, 29196.2620123466 
1522758, 688, 9.63493241094914e-06, 25458.8823247687 
76115, 1033, 9.69367972082202e-06, 23196.2807414027 
1936990, 380, 9.56004665302767e-06, 170.105324078288 
2493668, 783, 9.63214825802599e-06, 19068.8443118359 
152500, 1029, 9.32696612445904e-06, 27718.5671440983 
53408, 1072, 9.52444448677531e-06, 25148.895967453 
1534348, 1128, 9.6240833060651e-06, 26219.9015405613 
128780, 1112, 9.58892287629331e-06, 25272.6124523375 
322509, 296, 9.55082471371403e-06, 18137.2030158488 
381, 870, 9.72895141361664e-06, 19309.8856626242 
1077935, 835, 9.77201880136417e-06, 16700.8504116729 
200644, 102, 9.26363375297594e-06, 87787.8274169295 
561184, 1024, 9.73529726730206e-06, 24097.9975233203 
486698, 1053, 9.66874867054706e-06, 22012.9225600762 
1273, 220, 9.66202245454018e-06, 31865.2343001671 
172043, 45, 8.93535272304874e-06, 14226.3875830569 
2806346, 324, 9.90707166775644e-06, 8622.80970909524 
2654982, 984, 9.47508053818457e-06, 32258.7510135281 
444103, 1167, 9.74497402964421e-06, 29187.836696321 
577492, 1062, 9.5428953144384e-06, 28047.0192529538 
2823043, 682, 9.73586595659751e-06, 12966.2363000909 
47850, 686, 9.78349133671842e-06, 68754.5907948336 
615, 934, 9.42382720470438e-06, 22665.6319747306 
2816950, 750, 9.53134382416577e-06, 16738.2509950044 
2065379, 3, 8.35582442741713e-06, 0.315072577666603 
2996004, 727, 9.69932104752667e-06, 38882.232173394 
266, 609, 9.7160956841103e-06, 8809.616813037 
948107, 991, 9.52571466674287e-06, 19392.859668957 
2070761, 809, 9.40919654870671e-06, 21846.9714919791 
434014, 362, 9.55584435440715e-06, 5594.49179116092 
1778, 1050, 9.49757811758002e-06, 35255.8932782779 
2708084, 949, 9.53961803369393e-06, 25184.6681198399 
445710, 1057, 9.39205244522085e-06, 28556.5143418928 
1402135, 1094, 9.74953445972955e-06, 22229.7950077554 
225991, 852, 9.42995897967844e-06, 16420.6383374976 
2763071, 159, 1.00663371618969e-05, 25386.7434935351 
3049071, 810, 9.57029380801991e-06, 16756.8820646442 
2795215, 727, 9.57946163425616e-06, 27111.0851466705 
54304, 39, 1.00102104146229e-05, 58723.9236985762 
187137, 1035, 9.43414026679749e-06, 22159.2843991112 
1981880, 1163, 9.74383458866402e-06, 24872.1991386509 
2683590, 393, 9.63159162051529e-06, 13287.6225086617 
1639348, 1077, 9.62751157708267e-06, 23999.1062623519 
1491, 42, 1.00406646920026e-05, 63931.7309750912 
2005460, 62, 9.63595367033475e-06, 9061.26348820708 
2005462, 37, 1.032247409059e-05, 21717.6768584887 
169427, 574, 9.42631449955696e-06, 15106.469814359 
680248, 615, 9.52725748366075e-06, 11124.9131848573 
692036, 942, 9.67473539598692e-06, 14490.1151419372 
1914471, 1183, 9.81142442259767e-06, 40150.0931333975 
1985291, 51, 7.21152112615114e-06, 1137.56346287089 
1985293, 52, 8.07721820604984e-06, 59369.5146418999 
1985303, 61, 7.33508886460159e-06, 9593.51759371445 
1985325, 30, 8.95760366186838e-06, 10073.2852285695 
1985326, 9, 6.948739151281e-06, 2504.76812229954 
1985328, 14, 8.28027059924318e-06, 2849.78038225587 
1985341, 29, 8.18410973254329e-06, 13934.1817224428 
1985722, 52, 7.37001142351771e-06, 5725.8025711319 
1985729, 23, 6.91065900044228e-06, 4520.6071257514 
1986015, 52, 6.89151378991909e-06, 19287.3244617262 
1986017, 45, 7.55172934602024e-06, 31512.8485480027 
1986018, 55, 8.49011750322624e-06, 35119.3308467047 
1986023, 59, 7.31673410256598e-06, 5381.6334591587 
1993862, 42, 8.09723155653082e-06, 11802.8408313046 
1993871, 45, 7.90463844183767e-06, 34766.7535201016 
2003502, 42, 8.45008534586199e-06, 40554.1244445518 
2003672, 64, 7.06379311562723e-06, 10818.4761606946 
2003673, 87, 7.60687661646128e-06, 14870.6886128252 
2005055, 84, 6.92271481184061e-06, 8597.95428311601 
2005469, 84, 6.92271481184061e-06, 8597.95428311601 
2006668, 13, 7.51309156204687e-06, 1777.58263416307 
2009331, 81, 8.82854090704429e-06, 60337.5229810294 
2015374, 47, 7.12088412897345e-06, 17173.2572959374 
2022475, 84, 6.92271481184061e-06, 8597.95428311601 
2022656, 80, 8.50087133931228e-06, 7632.71892085401 
2029293, 23, 8.06120063522261e-06, 23781.8254516305 
2033844, 96, 8.52289676215152e-06, 50660.6903099829 
2034343, 12, 7.16270807666963e-06, 378.590805810553 
2041350, 81, 8.28946823061301e-06, 35547.0618262068 
2049444, 35, 7.14260204992679e-06, 27413.064835513 
2049887, 84, 6.92271481184061e-06, 8597.95428311601 
2050019, 20, 7.1376059042276e-06, 26526.4821325542 
205868, 61, 7.28040479050635e-06, 2245.17334595569 
2069324, 36, 7.22867180384276e-06, 4721.49765007621 
2072410, 48, 7.46324352563624e-06, 19468.9593380814 
2072411, 52, 7.24537925937733e-06, 14308.3744736032 
2081631, 39, 7.54523367588694e-06, 16319.7302874465 
209052, 74, 8.11201064295796e-06, 9630.34437988192 
2093276, 53, 8.08551237891945e-06, 61373.821761563 
2094720, 25, 7.33756466228859e-06, 14715.6958391 
2116207, 16, 7.78646401096334e-06, 855.964716873945 
2116384, 95, 7.45689912306866e-06, 14360.1914764291 
2126928, 18, 7.61411657212472e-06, 13340.7122522851 
2169529, 51, 7.33326000073333e-06, 46541.2541525701 
2169534, 32, 7.66959389500326e-06, 64086.826405157 
2169653, 72, 8.08897876643074e-06, 90834.1370211576 
2169686, 29, 7.60086345808884e-06, 9422.36763886206 
2169705, 42, 7.54420906512161e-06, 108096.826384315 
2170000, 47, 8.39912649084495e-06, 10425.6439978941 
2170006, 13, 7.07653985507246e-06, 5580.32821642544 
2170172, 10, 7.6629526889301e-06, 1235.23346684419 
2170174, 21, 7.13200630469357e-06, 60347.6433574282 
2170193, 28, 7.01734688149105e-06, 3795.7972443697 
2170204, 50, 7.70380413848358e-06, 13751.5969938324 
2170215, 29, 7.66965271812492e-06, 194600.324098414 
2170253, 37, 6.8362512732518e-06, 17178.0961669591 
2171497, 73, 8.71004267920913e-06, 117037.773420897 
2182, 45, 9.11518863882888e-06, 31771.161550376 
2182397, 31, 7.06748743754108e-06, 10458.8507548303 
2200830, 40, 7.22532911374113e-06, 14473.0941940797 
2217825, 14, 7.13048066570167e-06, 9146.23911291621 
2220, 24, 7.62311327946333e-06, 780.148456364103 
2248, 41, 8.43369429544918e-06, 23773.539631369 
2250469, 55, 7.90426355976414e-06, 31362.535409139 
225362, 4, 6.21573575664151e-06, 112.221987496097 
225588, 62, 8.50955197208867e-06, 14282.483866728 
2270, 19, 7.90688848124486e-06, 5414.66184751186 
2282206, 48, 6.89793131040001e-06, 4601.3691415769 
2302, 75, 8.25729738656538e-06, 14958.8328756698 
232237, 9, 6.60528158315389e-06, 332.883793142018 
2338395, 126, 8.80204207376111e-06, 58830.4321429836 
2364281, 21, 7.82074844562625e-06, 4940.99626661529 
2364646, 52, 6.89151378991909e-06, 19287.3244617262 
2419945, 31, 7.25058004640371e-06, 2830.73677594646 
2419952, 29, 8.26070794267069e-06, 3673.98731147851 
2419964, 42, 8.42850520460196e-06, 16052.8979097401 
2420310, 96, 7.44208199685944e-06, 8027.86070392007 
2425, 20, 7.07899449962127e-06, 5501.42142018214 
2492447, 72, 7.64771562734211e-06, 125361.164926251 
2499023, 110, 8.5400742986464e-06, 51715.9082779003 
2499159, 20, 6.4224425833633e-06, 1413.28254970962 
2499677, 4, 6.22358864568487e-06, 28.0541912293455 
2500560, 31, 7.61191416805584e-06, 20176.4690646871 
2509662, 41, 8.60807437376259e-06, 43567.2774644392 
2530392, 51, 7.67506830810794e-06, 3196.11514900613 
2544984, 13, 7.07653985507246e-06, 5580.32821642544 
255255, 24, 7.62311327946333e-06, 780.148456364103 
2560065, 57, 7.1489337365332e-06, 2360.0229294403 
2560127, 74, 8.49949852958675e-06, 17979.7768519319 
2560134, 3, 8.03625960333023e-06, 122.360757550815 
2560139, 30, 8.88525580651467e-06, 29441.8497857083 
2560147, 56, 8.42488373660443e-06, 81795.6536855441 
2560156, 3, 6.48109141579442e-06, 142.296703247146 
2560268, 40, 7.61869933564942e-06, 3435.71332273279 
2560307, 51, 7.33326000073333e-06, 46541.2541525701 
2560334, 39, 7.93323390346841e-06, 36244.2464281131 
2560394, 29, 7.29548919902824e-06, 2615.2217219107 
2560419, 72, 7.04811040160133e-06, 32094.1016096004 
2560422, 38, 7.86652087381314e-06, 23797.6817002379 
2560444, 54, 8.16633184706094e-06, 50244.92546957 
2560451, 49, 7.72576620286317e-06, 21968.5425744564 
2560455, 31, 7.8425836607612e-06, 31691.9210549334 
2560463, 40, 8.12737217675409e-06, 25848.0907665674 
2560496, 23, 8.06120063522261e-06, 23781.8254516305 
2560507, 84, 8.51259438339023e-06, 28106.6318815763 
2560530, 73, 7.59191916124477e-06, 55150.6400512772 
2560596, 128, 8.79391461108913e-06, 45051.3340362958 
2560607, 37, 7.48581438174659e-06, 57818.6131251066 
2560658, 18, 7.9611495900008e-06, 8901.33402256143 
2560667, 50, 8.23343433012778e-06, 12577.5517955899 
2560686, 51, 8.54036604008848e-06, 21347.3284447281 
2560703, 23, 7.42241718438027e-06, 4618.64734372677 
2560756, 10, 6.69621931457499e-06, 815.746318322849 
2560789, 9, 6.948739151281e-06, 2504.76812229954 
2560833, 74, 7.68627692118492e-06, 229286.220099185 
2562463, 34, 7.38247106071344e-06, 2548.55376882182 
2562518, 26, 8.08100398393496e-06, 15880.2906597305 
2565372, 21, 8.07187194782342e-06, 39619.6036251902 
2565509, 57, 8.50072681214244e-06, 30379.823655696 
257277, 60, 7.25157903133407e-06, 22753.791547865 
2576760, 50, 8.24361531993471e-06, 7797.43514615623 
2576871, 73, 7.59191916124477e-06, 55150.6400512772 
2583530, 83, 9.03415815197261e-06, 59909.9020288855 
2583589, 30, 8.74561625984975e-06, 26038.4751651655 
2583591, 19, 7.03482237073514e-06, 531.048314130809 
2588133, 51, 7.7659648823068e-06, 112290.767392044 
2591025, 34, 7.38247106071344e-06, 2548.55376882182 
2591209, 81, 7.63137410522139e-06, 191336.690367805 
2591213, 42, 7.80122479229239e-06, 32391.8697146899 
2592193, 41, 8.17989218902095e-06, 3398.74696530161 
2593327, 55, 7.79502209888765e-06, 15992.3375232639 
2593335, 57, 8.66310901656386e-06, 37249.0460356561 
2596709, 44, 7.33062588883839e-06, 101606.319692439 
2597325, 34, 7.38803433958361e-06, 6909.49061961012 
261726, 13, 7.4487895716946e-06, 2330.60983686853 
2653275, 70, 8.4401718418987e-06, 43490.0233975829 
2656538, 66, 8.11998083684523e-06, 69697.4176195617 
2661817, 8, 6.43691182718179e-06, 216.032968499623 
2661921, 18, 6.9223793602337e-06, 8142.34939669889 
2663326, 50, 7.70380413848358e-06, 13751.5969938324 
2665175, 74, 8.83072385443435e-06, 30856.8459078033 
2675101, 57, 7.75741026615675e-06, 12495.4720693247 
2698683, 8, 7.80554818364894e-06, 3889.45063444257 
2716879, 14, 7.53471620491414e-06, 2008.03391105988 
2719194, 84, 6.92271481184061e-06, 8597.95428311601 
2724322, 93, 8.51049343840956e-06, 16769.9700727529 
2730854, 25, 7.71354962126471e-06, 4009.98342563264 
2731624, 22, 7.45245334764204e-06, 5037.40818869874 
2731928, 10, 7.44246970914828e-06, 232.083713587056 
2732068, 26, 7.77133620354684e-06, 34061.6845803837 
2732691, 29, 7.40006216052215e-06, 1586.86631992991 
2732912, 4, 7.00353678607697e-06, 95.3766275006669 
2732960, 57, 7.1489337365332e-06, 2360.0229294403 
2733095, 12, 7.62288083912672e-06, 21997.5027960429 
2733130, 37, 7.22313715292826e-06, 25727.321217254 
2733139, 57, 7.92512343379748e-06, 10837.4219108532 
2733146, 34, 7.2811999417504e-06, 5785.88238187967 
2733192, 31, 8.10845874416191e-06, 2320.71113374495 
2733197, 40, 7.34770053711691e-06, 3360.81683706174 
2733201, 14, 8.63624979488907e-06, 8689.90476516316 
2733205, 29, 7.89608748864937e-06, 3520.82852884026 
2733207, 110, 8.41092410823177e-06, 95436.6235272423 
2733295, 57, 6.9763223619037e-06, 6557.45415338925 
2733348, 47, 7.11141453146445e-06, 8037.50497467054 
2733354, 41, 8.40336134453782e-06, 40122.5318955093 
2733366, 64, 7.66236552548503e-06, 20794.1297754464 
2733371, 101, 8.02291344078689e-06, 186040.60820671 
2733372, 31, 7.06748743754108e-06, 10458.8507548303 
2733597, 84, 6.92271481184061e-06, 8597.95428311601 
2733616, 36, 7.22867180384276e-06, 4721.49765007621 
2733623, 31, 8.07317526056173e-06, 1953.74676126584 
2733629, 20, 6.92098997840651e-06, 971.154463449541 
2733655, 20, 6.4224425833633e-06, 1413.28254970962 
2733660, 99, 8.60829667633665e-06, 22979.8893592118 
2733662, 34, 7.38247106071344e-06, 2548.55376882182 
2733891, 84, 6.92271481184061e-06, 8597.95428311601 
2733895, 9, 6.948739151281e-06, 2504.76812229954 
2733898, 44, 7.84960163271714e-06, 27504.3087628883 
2733906, 57, 7.1489337365332e-06, 2360.0229294403 
2733907, 11, 7.63906925580187e-06, 22729.2206923776 
2733926, 64, 7.31566356726387e-06, 50177.4193229377 
2733928, 68, 7.80810793928415e-06, 12271.1817706464 
2733932, 45, 7.75133710565073e-06, 7935.38767745615 
2733947, 58, 8.44987113946512e-06, 9767.57705301311 
2733950, 36, 7.22867180384276e-06, 4721.49765007621 
2733954, 43, 8.46159704182567e-06, 211482.560726999 
2733959, 82, 8.82371107640451e-06, 170251.478511609 
2733975, 39, 6.9590875244438e-06, 31971.634113205 
2733979, 20, 7.07899449962127e-06, 5501.42142018214 
2733983, 5, 7.58834733383416e-06, 74.5933704942102 
2734009, 52, 6.89151378991909e-06, 19287.3244617262 
2734014, 19, 7.03482237073514e-06, 531.048314130809 
2734027, 57, 7.1489337365332e-06, 2360.0229294403 
2734031, 33, 7.95469008527428e-06, 14985.3994009343 
2734082, 40, 8.00217659203303e-06, 3921.95984826554 
2734084, 54, 7.60652944487548e-06, 16686.8005189955 
2734092, 84, 6.92271481184061e-06, 8597.95428311601 
2734103, 26, 7.27558459322207e-06, 37704.562872064 
2734106, 14, 7.69822940723634e-06, 19873.89714711 
2734113, 20, 6.92098997840651e-06, 971.154463449541 
2734122, 27, 8.45658810496317e-06, 6533.83293965283 
2734128, 28, 8.13543878489086e-06, 11847.1824189327 
2734137, 24, 7.62311327946333e-06, 780.148456364103 
2734141, 19, 8.0383267419054e-06, 5825.55419643058 
2734142, 86, 8.85606241752792e-06, 29099.3791095728 
2734159, 86, 8.44195313027622e-06, 223444.801007473 
2734190, 57, 8.61504531513836e-06, 30523.5598018352 
2734200, 34, 7.77883224170388e-06, 4609.37598700528 
2734227, 32, 8.52762096430338e-06, 37689.819844448 
2734237, 21, 7.5407388415917e-06, 16986.733492941 
2734286, 52, 6.89151378991909e-06, 19287.3244617262 
2734287, 70, 7.34090425258583e-06, 26888.9230402259 
2734290, 48, 8.15122146053586e-06, 2386.09979262077 
2734332, 52, 6.89151378991909e-06, 19287.3244617262 
2734375, 25, 7.09733282232537e-06, 2189.85286215483 
2734518, 12, 7.08973477302214e-06, 5012.7743899147 
2734570, 21, 8.02387906409475e-06, 7932.44114124382 
2734574, 20, 6.92098997840651e-06, 971.154463449541 
2736192, 87, 7.60687661646128e-06, 14870.6886128252 
2736271, 31, 7.25058004640371e-06, 2830.73677594646 
2742113, 16, 7.78646401096334e-06, 855.964716873945 
2742630, 19, 7.03482237073514e-06, 531.048314130809 
2742636, 41, 7.34354575763362e-06, 1065.64949181711 
2742646, 64, 7.74383397219964e-06, 10268.0012811071 
2742654, 57, 7.1489337365332e-06, 2360.0229294403 
2742670, 12, 7.29612794489964e-06, 3814.98004679708 
2742673, 105, 8.55754090504553e-06, 13380.8316961201 
2742678, 111, 8.33819728174769e-06, 11443.5788853243 
2747320, 39, 8.02748611244903e-06, 5561.28252995074 
2747322, 9, 5.86668544006007e-06, 3.01851851851852 
2749668, 13, 6.36626389437095e-06, 166691.264181569 
2759395, 9, 6.948739151281e-06, 2504.76812229954 
2762389, 72, 8.08897876643074e-06, 90834.1370211576 
2762412, 63, 8.6884747382597e-06, 161975.734267086 
2762415, 52, 7.38797975693547e-06, 15201.5181730384 
2762721, 89, 8.81507730822799e-06, 18020.3503868141 
2763531, 10, 6.69621931457499e-06, 815.746318322849 
2771472, 117, 7.89403053411011e-06, 49180.3182493441 
2777363, 11, 6.96713601939651e-06, 6540.97035551739 
2791001, 63, 8.15574205019044e-06, 5957.37979331531 
279530, 33, 7.52258656616491e-06, 12397.3137787611 
28034, 65, 7.78101122021818e-06, 32985.1154114254 
2812759, 12, 7.14878041806068e-06, 9317.91385011347 
2819103, 16, 7.46536072623029e-06, 2140.15500078756 
2819997, 38, 7.87345778645608e-06, 34195.164198359 
282263, 22, 7.65274886739317e-06, 847.810334258021 
2831519, 32, 8.43654034353592e-06, 30200.3420016026 
2834256, 20, 7.1376059042276e-06, 26526.4821325542 
2836011, 45, 7.55172934602024e-06, 31512.8485480027 
2836044, 57, 8.41347165080727e-06, 49999.5129959966 
2838238, 20, 8.50448611642641e-06, 10484.5270373579 
2841283, 39, 7.95671546785487e-06, 12077.2891713654 
2842588, 35, 7.51987125980403e-06, 1556.84942629573 
2842852, 15, 7.84541396326777e-06, 4083.03412846113 
2842976, 52, 7.37001142351771e-06, 5725.8025711319 
2842993, 48, 6.89793131040001e-06, 4601.3691415769 
2843383, 67, 7.4563431110846e-06, 24022.0192149344 
2843386, 34, 8.08211428109594e-06, 20217.2488945155 
2843401, 56, 8.03103190728977e-06, 53722.0871936243 
2843422, 98, 7.76940408670655e-06, 94322.6266365654 
2843440, 118, 6.78168402777778e-06, 42556.0511920123 
2843478, 17, 8.40859021576443e-06, 4425.33750016895 
2843621, 56, 7.67848641675753e-06, 29520.4047440334 
2843622, 53, 7.63860244129734e-06, 2820.5006632125 
2843628, 33, 7.29596824794618e-06, 3978.64167645761 
2843640, 23, 8.56318344907903e-06, 8785.08242831351 
2843641, 9, 5.86668544006007e-06, 3.01851851851852 
2843653, 39, 7.75458295852849e-06, 22116.0800102259 
2843677, 13, 6.6639122496035e-06, 1658.78926117644 
2843695, 77, 7.40773664014697e-06, 7939.97401085149 
2843721, 93, 8.96121585776758e-06, 13936.3516484988 
2843728, 17, 8.04298169417366e-06, 14245.7964999084 
2843731, 59, 7.31673410256598e-06, 5381.6334591587 
2843756, 43, 8.12413681046389e-06, 72489.1752607649 
2843766, 16, 7.43947983157018e-06, 18046.9282565568 
2843794, 27, 7.49973750918718e-06, 38991.6917927157 
2843956, 16, 7.78646401096334e-06, 855.964716873945 
2844050, 60, 7.25157903133407e-06, 22753.791547865 
2844119, 29, 7.60086345808884e-06, 9422.36763886206 
2844767, 19, 7.03482237073514e-06, 531.048314130809 
2844834, 19, 7.03482237073514e-06, 531.048314130809 
2844856, 46, 7.22105080731348e-06, 26336.7757246864 
2845028, 11, 7.10681543600313e-06, 150.623507238833 
2845088, 20, 7.07899449962127e-06, 5501.42142018214 
2845189, 19, 7.03482237073514e-06, 531.048314130809 
2845480, 39, 7.91640278657378e-06, 22108.9205573464 
2845501, 30, 7.64391582519893e-06, 13912.9313786903 
2845579, 59, 7.31673410256598e-06, 5381.6334591587 
2845597, 55, 7.90426355976414e-06, 31362.535409139 
2845598, 33, 7.88637313585855e-06, 27911.5412347292 
2845654, 60, 7.25157903133407e-06, 22753.791547865 
2845857, 57, 7.1489337365332e-06, 2360.0229294403 
2845954, 11, 7.10681543600313e-06, 150.623507238833 
2845962, 19, 7.88022064617809e-06, 18070.5003234761 
2845968, 21, 7.85083415112856e-06, 5966.42096264192 
2846039, 29, 7.29548919902824e-06, 2615.2217219107 
2846046, 35, 8.318844678851e-06, 7948.04136716454 
2846048, 34, 7.95095848804573e-06, 49219.9973221357 
2846069, 17, 8.50369060172115e-06, 32162.0270586889 
2846110, 30, 9.21268402336337e-06, 35682.8667076476 
2846154, 8, 6.43691182718179e-06, 216.032968499623 
2846182, 25, 8.1855165470217e-06, 44533.6484469606 
2846183, 44, 7.73706362961129e-06, 169393.69842016 
2846391, 56, 8.42140721714599e-06, 21173.3548775387 
2846404, 42, 7.54420906512161e-06, 108096.826384315 
2846601, 20, 6.92098997840651e-06, 971.154463449541 
2846605, 45, 8.00858520333798e-06, 90964.3303358462 
2850493, 56, 8.92044744964407e-06, 26676.3946928145 
2851069, 34, 7.77883224170388e-06, 4609.37598700528 
2851101, 26, 7.90351390228095e-06, 5281.27925061907 
2861800, 80, 8.14193012595566e-06, 24892.4488833745 
2863193, 61, 7.33508886460159e-06, 9593.51759371445 
2866191, 54, 8.53417081996313e-06, 6277.80773793811 
2866196, 117, 7.89403053411011e-06, 49180.3182493441 
2869555, 43, 8.09926458677552e-06, 9035.15989469959 
2873372, 9, 6.948739151281e-06, 2504.76812229954 
2873460, 24, 7.62311327946333e-06, 780.148456364103 
2876597, 95, 8.04919669017032e-06, 15486.6222204253 
2886377, 47, 7.11141453146445e-06, 8037.50497467054 
2886823, 72, 8.08897876643074e-06, 90834.1370211576 
28882, 13, 6.83620453923981e-06, 1931.05838773703 
2894356, 48, 6.89793131040001e-06, 4601.3691415769 
2899077, 57, 7.29783181416801e-06, 13358.9686742849 
2908628, 41, 7.60733956120865e-06, 37910.4173010268 
2908744, 9, 7.86169702592001e-06, 4222.35392563337 
2910954, 49, 8.2029743985169e-06, 88618.599679712 
2911664, 31, 7.35764790711705e-06, 61519.8802651479 
2912260, 44, 7.33062588883839e-06, 101606.319692439 
2917160, 40, 8.51042101052739e-06, 14713.4085650838 
2924887, 60, 8.00602052743663e-06, 35289.5558041249 
2926084, 27, 8.10602683094881e-06, 20345.1424541257 
2927268, 51, 7.21152112615114e-06, 1137.56346287089 
2930259, 32, 7.76319160333196e-06, 12596.8978769706 
2932867, 52, 9.17709031174576e-06, 29900.1417821904 
2939132, 23, 7.48189381696295e-06, 14330.0880666259 
2942979, 84, 6.92271481184061e-06, 8597.95428311601 
2943001, 64, 7.74383397219964e-06, 10268.0012811071 
2945019, 31, 8.11596084860487e-06, 462.750665678214 
2945916, 57, 8.0545129436023e-06, 36247.7428293115 
2946836, 84, 6.92271481184061e-06, 8597.95428311601 
2948641, 36, 7.47999102401077e-06, 10754.2933631202 
2948652, 59, 6.59204472043138e-06, 8145.39610529087 
2948688, 19, 7.03482237073514e-06, 531.048314130809 
2948690, 84, 6.92271481184061e-06, 8597.95428311601 
2948694, 92, 8.35987593944106e-06, 11058.471456324 
2948767, 84, 6.92271481184061e-06, 8597.95428311601 
2948856, 61, 7.33508886460159e-06, 9593.51759371445 
2948904, 62, 8.52434980521861e-06, 66067.8645401115 
2948949, 19, 7.03482237073514e-06, 531.048314130809 
2953667, 9, 6.948739151281e-06, 2504.76812229954 
2953971, 32, 7.32514870051862e-06, 2451.40117638039 
2953974, 3, 6.48109141579442e-06, 142.296703247146 
2953986, 17, 7.92832791564259e-06, 9950.24052161881 
2954014, 64, 7.66236552548503e-06, 20794.1297754464 
2954018, 45, 8.01314155214552e-06, 14570.1120767391 
2954021, 29, 7.27013646046136e-06, 97776.448483055 
2954025, 10, 6.68619034246667e-06, 358.805159461324 
2954037, 9, 6.948739151281e-06, 2504.76812229954 
2954046, 32, 8.44344999366741e-06, 11205.8242888872 
2954057, 20, 7.07899449962127e-06, 5501.42142018214 
2954061, 57, 6.9763223619037e-06, 6557.45415338925 
2955232, 12, 7.29612794489964e-06, 3814.98004679708 
2955274, 24, 7.62311327946333e-06, 780.148456364103 
2955332, 62, 8.19249076296666e-06, 19110.5007666836 
2955335, 31, 8.39151450053706e-06, 4026.8279676132 
2955336, 13, 7.15159230202605e-06, 5304.82756752244 
2955380, 35, 7.82509350986744e-06, 8973.20929703814 
2955382, 27, 8.25055278703673e-06, 18602.2053609676 
2955388, 28, 7.33659567287587e-06, 569.491445120178 
2955390, 43, 8.16326530612245e-06, 2625.26422052551 
2955394, 106, 8.21571172710692e-06, 8338.07102500288 
2955399, 40, 8.20176337912651e-06, 74363.5073542549 
2955425, 34, 7.38803433958361e-06, 6909.49061961012 
2955431, 58, 8.26733246250765e-06, 50825.1251530872 
2955455, 18, 7.00962421404589e-06, 5130.98353944277 
2955501, 36, 8.63998064644335e-06, 13785.6443094439 
2955504, 35, 7.44324525493115e-06, 22179.6627383539 
867076, 131, 1.33713078476206e-05, 12157.6834215457 
104267, 265, 1.24283814518835e-05, 5929.79312152752 
1617283, 128, 1.26961556040831e-05, 2820.64498842695 
1620392, 894, 1.33450770010943e-05, 82110.2071976251 
171695, 713, 1.33901073886613e-05, 48549.1899085631 
1755100, 492, 1.28234720833013e-05, 18973.2044762055 
1796616, 655, 1.34834490662712e-05, 112686.464137961 
1891207, 373, 1.33632670515288e-05, 160105.025625176 
219574, 507, 1.33852681738479e-05, 57774.7109541116 
246432, 45, 1.25820981906943e-05, 30269.2709859386 
2518645, 160, 1.32504737044349e-05, 31097.7933300563 
2587854, 433, 1.3064893325146e-05, 9585.14584148158 
2709784, 1042, 1.33529176124983e-05, 101648.078812311 
2744027, 604, 1.30469952769877e-05, 41220.5211287338 
2792224, 733, 1.31483794622313e-05, 60380.234377021 
2954078, 805, 1.32575004308688e-05, 30563.6888212394 
3035472, 156, 1.30413802996909e-05, 12276.9022920819 
43080, 436, 1.26792529384169e-05, 15561.5086993884 
451, 491, 1.33892109737973e-05, 44011.4378584228 
492, 300, 1.31321488135104e-05, 21792.9177099596 
497725, 1096, 1.3291332721932e-05, 95518.4707060906 
702745, 405, 1.27616130678918e-05, 20023.4136962741 
79885, 224, 1.30936325664829e-05, 18799.2586215089 
1293412, 147, 1.31733213895219e-05, 13599.950565549 
1353976, 97, 1.29140569509912e-05, 5625.88747717627 
152161, 3, 1.06690565353306e-05, 3070.02681699413 
1756150, 543, 1.27903407346772e-05, 33153.8668657953 
200991, 679, 1.30259215839521e-05, 31352.6502044854 
2184575, 293, 1.32878004703881e-05, 9716.64228597329 
246167, 618, 1.34856310601055e-05, 98014.462717355 
2746060, 251, 1.35016539526092e-05, 87960.1140687334 
2815577, 940, 1.3331555792561e-05, 90405.5905658297 
2879114, 674, 1.31090806601733e-05, 41603.7989342333 
2906076, 412, 1.28523140591463e-05, 25003.9615266999 
2916802, 355, 1.32552159274675e-05, 12462.7744330532 
2946160, 223, 1.24049470929006e-05, 5859.65167811687 
2978283, 1017, 1.330707404056e-05, 86137.5378409496 
42858, 542, 1.28905847169228e-05, 24664.1886457986 
46257, 461, 1.33577334597865e-05, 42860.4147705183 
474394, 901, 1.34489946876471e-05, 111763.76250286 
75985, 388, 1.29597470257381e-05, 18209.2355617182 
84135, 336, 1.25253638618202e-05, 4838.17004081895 
104268, 423, 1.28518185323223e-05, 13333.7111308564 
116090, 244, 1.35435289018907e-05, 178827.260676713 
1455, 822, 1.32999946800021e-05, 66734.3045184446 
147802, 439, 1.30259215839521e-05, 55422.0651165844 
1566358, 120, 1.3193134292914e-05, 9136.21132670745 
1601, 480, 1.32096906290455e-05, 60038.6979343636 
1630141, 156, 1.32962810301959e-05, 43588.1869240476 
1854492, 261, 1.29285825102136e-05, 8982.96984789391 
213483, 27, 1.22286762457964e-05, 513.783217541711 
2483110, 569, 1.30424008451476e-05, 77991.0207891918 
2496266, 591, 1.30517632932209e-05, 29006.1952066494 
254758, 1018, 1.3257851962825e-05, 63501.9108953087 
257984, 471, 1.29590752403908e-05, 24421.0796070358 
2686362, 319, 1.32978723404255e-05, 24201.012047912 
2745498, 355, 1.32116103631872e-05, 12352.5519461295 
2795724, 660, 1.33207230488471e-05, 61818.7159057896 
323284, 967, 1.32378443494261e-05, 68869.7539486256 
452627, 570, 1.32719285439367e-05, 35981.0291457942 
53346, 188, 1.32878004703881e-05, 35119.1608694791 
556054, 777, 1.3250298131708e-05, 53958.8054280729 
656519, 406, 1.32138798594043e-05, 57555.1540062874 
681157, 31, 1.25809901239228e-05, 422.088996657197 
702967, 304, 1.30245643283232e-05, 14626.3821375119 
810, 414, 1.30618216016406e-05, 29890.7944516589 
83984, 97, 1.33406262089942e-05, 55883.883895746 
890, 569, 1.30505709624796e-05, 6862.87580919145 
90964, 218, 1.29973095569217e-05, 18076.4109153752 
10, 99, 1.20046578072292e-05, 11692.3468262781 
103690, 69, 1.20797748329971e-05, 2392.42468293386 
1355374, 490, 1.27511986126696e-05, 31461.4043271651 
1421, 238, 1.3388493928318e-05, 56034.8702561106 
157687, 313, 1.3379000321096e-05, 37558.8403556418 
1886807, 11, 1.14491144110003e-05, 4329.23285091164 
194196, 201, 1.31866972598043e-05, 5000.18117296796 
2100422, 992, 1.33489961554891e-05, 154203.267321949 
233316, 24, 1.1253150882247e-05, 19553.8852981433 
2420306, 831, 1.32900962202966e-05, 105207.154138428 
2507161, 298, 1.33177072235244e-05, 96112.1909193341 
29330, 352, 1.28571061225539e-05, 1080.11789250407 
2962659, 531, 1.30515929469192e-05, 31968.9334399102 
2980181, 1003, 1.33422281521014e-05, 100764.756078053 
3002643, 904, 1.318391562294e-05, 67822.6224587017 
332101, 646, 1.30296554959087e-05, 67809.7922917122 
33934, 145, 1.32550402290471e-05, 13620.6728609725 
438033, 923, 1.32247143461701e-05, 67948.1065502074 
445, 116, 1.30927754065307e-05, 15866.9915085633 
454154, 181, 1.33557710286615e-05, 40982.7703703175 
490759, 904, 1.33178845872122e-05, 72347.952896279 
59512, 397, 1.30531262237306e-05, 15167.0882689838 
105, 75, 1.15744759656007e-05, 2202.88932621885 
1050624, 805, 1.3112690461829e-05, 55654.4371067178 
116092, 144, 1.31497626467842e-05, 7960.30443308469 
128574, 432, 1.33641599957235e-05, 42956.635782145 
1494, 489, 1.2978753780062e-05, 54698.0667881015 
1524258, 699, 1.32810943621754e-05, 49552.2698929832 
1670455, 273, 1.3444655077374e-05, 121867.917618101 
1749074, 42, 1.13649278327083e-05, 7159.21472276862 
2070463, 768, 1.32840936262919e-05, 58980.0524354772 
2478464, 1016, 1.33228526892178e-05, 138383.496570474 
2518994, 1036, 1.33532742228394e-05, 86247.0051835531 
2684406, 105, 1.2894740235458e-05, 7285.52737351069 
2834459, 801, 1.33564845732603e-05, 88385.4668159474 
288004, 165, 1.32648865188958e-05, 11555.1127358421 
2891210, 555, 1.33716654409307e-05, 181861.043101142 
3016343, 143, 1.3119743902599e-05, 40670.2833483307 
3070656, 552, 1.29098889749548e-05, 43520.048840776 
880, 1036, 1.3290802764487e-05, 79426.1559529135 
1107, 66, 1.27110026438886e-05, 1207.59285514088 
1234545, 49, 1.15196756059349e-05, 3901.2292727015 
1331736, 157, 1.33079594905713e-05, 19963.3754378238 
1542, 668, 1.31254265763637e-05, 87039.9175984092 
167, 89, 1.32018429772796e-05, 12690.7002035044 
1730, 911, 1.33196584839565e-05, 73096.2801812345 
1818004, 120, 1.30526150914336e-05, 7548.37779284134 
2488639, 33, 1.30842099754017e-05, 3062.6297437883 
2564040, 915, 1.33725595078898e-05, 89926.270481042 
2592382, 422, 1.3571098987596e-05, 103113.02046863 
266805, 327, 1.31755777490843e-05, 37274.0578153299 
2734126, 14, 1.07656532598398e-05, 5.99176191053727 
28133, 471, 1.3309199318569e-05, 86296.758775062 
2814293, 912, 1.32703434364881e-05, 101054.599089673 
2892541, 150, 1.32329394328362e-05, 16220.1017996004 
2949635, 199, 1.28819498119235e-05, 6690.02514264657 
298656, 85, 1.24232862076677e-05, 3026.35366355299 
3025672, 801, 1.33867016505803e-05, 105585.005129891 
418240, 217, 1.34938198305176e-05, 64267.6503933516 
568768, 1074, 1.32798597646809e-05, 111096.585159224 
71667, 313, 1.33580903274068e-05, 26454.1487988821 
105751, 1030, 1.33099078954374e-05, 90251.77726709 
1080223, 571, 1.29876876720869e-05, 56370.2224866468 
118883, 323, 1.32182464674236e-05, 35244.790163135 
1499973, 898, 1.34201167550158e-05, 112026.126915735 
1510, 453, 1.34042866908837e-05, 58800.3304906798 
1612624, 8, 1.10104268742499e-05, 350.65238926302 
1697053, 700, 1.34291277781508e-05, 74746.8631171779 
1798225, 526, 1.29829663481512e-05, 23818.6190377483 
2060084, 613, 1.34235395189003e-05, 58742.6981905013 
2320, 923, 1.31893061106055e-05, 85303.3799182263 
2502791, 838, 1.3229613166111e-05, 65582.6932005683 
2583805, 199, 1.33655889546773e-05, 34303.1846554954 
2908648, 284, 1.29190620760933e-05, 29782.6785885262 
3016636, 541, 1.31509731720147e-05, 44479.1410446555 
453816, 115, 1.28223210965649e-05, 45729.9462657585 
57372, 92, 1.2187096302435e-05, 7349.5942414672 
759811, 221, 1.32675264023775e-05, 20235.2132670431 
930802, 393, 1.29523612154496e-05, 34498.9414412207 
1096856, 157, 1.25962035042638e-05, 5835.22255793325 
1230341, 337, 1.33381350619556e-05, 14260.9241216828 
1413, 25, 1.13970504433453e-05, 3553.90164179252 
152268, 453, 1.34201167550158e-05, 98855.629779609 
204, 1019, 1.33557710286615e-05, 93678.6447852494 
2283318, 657, 1.31173345576179e-05, 67254.6178845638 
2495429, 28, 1.27071261563485e-05, 3631.58286003778 
2606450, 137, 1.33189488685553e-05, 13456.6570415074 
2665156, 766, 1.32511760418737e-05, 58478.8652017258 
2731755, 979, 1.3229613166111e-05, 90333.2560413702 
2742639, 710, 1.32027144780967e-05, 50955.5609583277 
2829569, 801, 1.33242728278104e-05, 107174.608619314 
291112, 145, 1.33115024692837e-05, 27003.1098655237 
2912188, 721, 1.31800927878532e-05, 49493.7900247369 
2972483, 131, 1.28738236543636e-05, 5945.45418777101 
2983236, 462, 1.33625527820835e-05, 45194.9918167332 
3028318, 382, 1.26262626262626e-05, 19662.3220620398 
3047542, 210, 1.28917479921103e-05, 5704.53707725517 
40091, 572, 1.28993975981322e-05, 52433.1746015907 
456827, 484, 1.27864157119476e-05, 24398.5445399709 
504, 135, 1.32133560603058e-05, 6216.59132335782 
511435, 227, 1.23095103276792e-05, 9169.01286880329 
680279, 183, 1.34255219171645e-05, 68085.632516526 
69966, 386, 1.28834434867751e-05, 6168.97739617719 
942, 556, 1.2950012950013e-05, 44888.6871929788 
1014, 573, 1.29689911421791e-05, 32919.2951231475 
1302, 178, 1.34383314967614e-05, 32510.5341194551 
1550240, 532, 1.30529558418504e-05, 28468.5089670048 
176292, 493, 1.29165590286748e-05, 35879.5219960205 
1765964, 15, 1.18712679701319e-05, 93735.2695053564 
1816218, 124, 1.31927861845143e-05, 25535.409686236 
1852373, 742, 1.3222615962342e-05, 85000.4463873252 
199441, 150, 1.33014099494546e-05, 32607.0802215641 
2080449, 856, 1.33616600526449e-05, 71338.1877730981 
216934, 177, 1.23222515217981e-05, 2710.90121789188 
2222, 231, 1.34709162917262e-05, 140492.895515626 
2316383, 902, 1.32645346138031e-05, 76327.2466908215 
2588534, 837, 1.32788017209327e-05, 106816.445167895 
2594461, 96, 1.30350904635278e-05, 2785.16293858679 
2773454, 77, 1.32742188122229e-05, 11881.265166249 
282676, 561, 1.30876348026385e-05, 28429.6947610434 
29507, 470, 1.30532966100589e-05, 28402.0119530046 
3070815, 254, 1.32171982183217e-05, 10932.3570583039 
332186, 662, 1.34323747095249e-05, 102646.776100854 
35817, 51, 1.25439036628199e-05, 2768.32058242952 
58049, 322, 1.32252390461958e-05, 21149.8286836768 
66969, 718, 1.33506001094749e-05, 56997.704665332 
728, 52, 1.2999844001872e-05, 4206.66304770507 
75588, 705, 1.31752305665349e-05, 47484.9659043749 
97084, 335, 1.33122112914176e-05, 35569.4018809021 
109328, 316, 1.24851738560459e-05, 33332.44230526 
1295642, 939, 1.32867411609954e-05, 70008.2976884241 
157692, 633, 1.31853062946652e-05, 82021.9752315586 
1583, 146, 1.31521839201399e-05, 22293.809321372 
1734049, 379, 1.28289009480558e-05, 16560.8302276245 
1848904, 219, 1.2991399693403e-05, 7527.80782537204 
2095, 217, 1.23301521540776e-05, 14814.3858813352 
2173, 351, 1.29103889900203e-05, 18823.7684631417 
238836, 122, 1.34691018802866e-05, 17552.8389967707 
2593672, 551, 1.29881937318977e-05, 34612.747758756 
2661553, 346, 1.3156163662676e-05, 26500.6336800253 
2782013, 45, 1.29671412640369e-05, 4167.5710797039 
2819101, 133, 1.34520702736151e-05, 61583.4778510942 
2829809, 482, 1.33377792597533e-05, 42842.6264703085 
2853432, 940, 1.33761369716426e-05, 106354.9636919 
2871493, 697, 1.31959198215912e-05, 41922.2770600997 
332951, 756, 1.31708923279552e-05, 41351.6262140292 
459472, 901, 1.33118568709149e-05, 81073.3717989255 
538, 444, 1.31145821038413e-05, 24270.3458552026 
60961, 164, 1.34084204880665e-05, 43385.505446255 
633404, 704, 1.32978723404255e-05, 75670.408227972 
84032, 688, 1.34352621891416e-05, 62700.4591733684 
1055487, 182, 1.29072228819247e-05, 15139.4482506729 
1302659, 88, 1.27349600122256e-05, 2609.98921827125 
1407071, 332, 1.30604568547808e-05, 19236.343197209 
1436085, 73, 1.31102837065394e-05, 5129.58374668151 
1481923, 244, 1.34575012111751e-05, 19931.9436717884 
1513297, 351, 1.27686198398815e-05, 7665.24471465045 
1604, 626, 1.30060998608347e-05, 47657.3801667494 
1756149, 520, 1.28528096241838e-05, 26570.0843293782 
2023057, 488, 1.29382843834907e-05, 26787.8225806198 
2107707, 130, 1.31966163875582e-05, 23744.9387852264 
230089, 201, 1.3372738335629e-05, 26449.0116283428 
2590012, 551, 1.3412017167382e-05, 70013.7938274236 
2590551, 465, 1.29113891363572e-05, 14974.7438267661 
2662448, 851, 1.32158008114502e-05, 61217.0913456081 
2739063, 732, 1.31747098270161e-05, 43888.0671346716 
2845819, 243, 1.27766136863086e-05, 6798.9383101517 
2963105, 646, 1.327122400499e-05, 32462.2560584943 
3040201, 14, 1.17504670810665e-05, 9519.01330582746 
38303, 693, 1.3196093956189e-05, 57573.1391703075 
39948, 751, 1.32042834695575e-05, 35982.8480572672 
454155, 108, 1.32798597646809e-05, 43198.4245233911 
663364, 477, 1.33313780645505e-05, 58299.3069730061 
697331, 96, 1.28744866298456e-05, 2655.93904504458 
815, 14, 1.22421497214911e-05, 18270.7284674012 
870, 72, 1.28741551335694e-05, 34312.2941116948 
96232, 134, 1.34916351861846e-05, 127560.67083245 
97478, 670, 1.31594530931294e-05, 52586.6390161627 
157268, 352, 1.27730233746328e-05, 30206.5094137366 
1637831, 829, 1.33840141335189e-05, 89667.8193331251 
163877, 446, 1.30138858161658e-05, 21471.4950304807 
1716543, 203, 1.31933083540028e-05, 29564.7623468801 
215578, 16, 1.09531424565708e-05, 13402.8709397225 
216946, 96, 1.21341552201136e-05, 3507.33226909077 
2173034, 464, 1.33400923134388e-05, 46866.5098048533 
2218628, 193, 1.32156261563673e-05, 18140.9994247633 
249402, 42, 1.1972463334331e-05, 218.15097396256 
2497875, 318, 1.30267700123754e-05, 12048.8049156744 
271097, 808, 1.33281797704887e-05, 62326.1923251924 
28107, 198, 1.30677957242172e-05, 22637.5758410911 
28135, 387, 1.27408011415758e-05, 10282.9233133291 
2930219, 587, 1.32525809401381e-05, 104565.394813874 
2956330, 23, 1.12690023552215e-05, 253.86214195507 
2986951, 625, 1.30623334552484e-05, 7205.237316194 
3075222, 487, 1.30836964059086e-05, 32690.6955638373 
326522, 381, 1.330902218614e-05, 35320.3606673 
33028, 582, 1.31288730175402e-05, 50576.6982046882 
42422, 467, 1.29065565307176e-05, 30920.5143634535 
47466, 341, 1.29651238169325e-05, 16633.9433511013 
824, 648, 1.32969882321654e-05, 110660.178840012 
945, 280, 1.26656027560352e-05, 9833.74507766557 
1033846, 960, 1.33525610212039e-05, 146033.720809811 
108980, 630, 1.31395684965706e-05, 57949.9992920363 
1179777, 568, 1.29715145540393e-05, 24334.5065389735 
119864, 260, 1.32182464674236e-05, 11540.4678935662 
160798, 136, 1.32994640315995e-05, 63732.9059520949 
1723645, 194, 1.30509116061757e-05, 27268.2169465021 
1776384, 1044, 1.32796834123474e-05, 84911.8101229393 
1796652, 845, 1.33741691297428e-05, 49061.061690765 
1911586, 304, 1.32717524021872e-05, 83304.0815784034 
1917830, 198, 1.33486397736071e-05, 22403.3206615622 
2020965, 686, 1.32109122134883e-05, 58101.035459963 
217, 39, 1.18222873761615e-05, 7082.15381548483 
2570561, 486, 1.29444811204743e-05, 36401.5651883934 
2599308, 502, 1.30835252250366e-05, 45946.5668878262 
2608253, 77, 1.24384297726255e-05, 1485.44194288988 
265488, 693, 1.32606648897376e-05, 49248.2535533042 
2777186, 291, 1.26524621691381e-05, 6524.09279793901 
2810516, 851, 1.3303356436829e-05, 95925.6418327834 
28184, 282, 1.33175298645607e-05, 14867.1429408984 
2895509, 8, 1.10652517898045e-05, 5.29942116072837 
2903536, 725, 1.31321488135104e-05, 56862.3235673952 
2917990, 921, 1.32961042414573e-05, 92275.1503362016 
2933872, 125, 1.34260626728606e-05, 37152.7331885681 
2937286, 241, 1.33150473349933e-05, 35464.1749600414 
2967302, 115, 1.23076923076923e-05, 1660.33363765035 
3050131, 195, 1.24486493215486e-05, 12209.6363309187 
309868, 51, 1.15168895184788e-05, 31247.8986918917 
352858, 801, 1.33623742266526e-05, 71337.2191071933 
76857, 551, 1.3017782290609e-05, 34580.4001707398 
859, 457, 1.27857617756866e-05, 18253.2085735571 
909929, 1, 1.03974962828951e-05, 0 
1476754, 813, 1.3205852833976e-05, 76005.2068368399 
1481914, 348, 1.35241134943604e-05, 153960.353866701 
1719, 596, 1.32070737086784e-05, 24967.7668318976 
1721, 654, 1.32531078537917e-05, 55438.2584840668 
2052660, 814, 1.33509565960401e-05, 81149.4095404052 
2360, 480, 1.28905847169228e-05, 28332.2134685898 
2497879, 316, 1.31943528169943e-05, 21037.3321160252 
2499157, 604, 1.32618959206408e-05, 51530.6933440075 
2686358, 120, 1.32618959206408e-05, 23362.9066897701 
2831148, 797, 1.33432963279249e-05, 81641.6611988085 
3015168, 645, 1.30361100247686e-05, 51155.4507907032 
318147, 311, 1.30159184682867e-05, 10305.1383907524 
501783, 299, 1.32156261563673e-05, 21594.3245611014 
51197, 644, 1.32276881969338e-05, 51317.7022431024 
1353134, 235, 1.31368067050261e-05, 11191.9331321646 
1569, 641, 1.32013201320132e-05, 40354.5575581402 
1570, 169, 1.34549662280348e-05, 31272.7693110645 
1588, 170, 1.28836094720297e-05, 2912.14572698248 
1702097, 137, 1.22780738157798e-05, 9719.19535540958 
187101, 202, 1.23220996857865e-05, 11339.6762687841 
1878942, 251, 1.3377210584049e-05, 18184.5885736709 
2066133, 143, 1.32631271801265e-05, 14893.5051581931 
2072409, 407, 1.31393958505788e-05, 21507.8269011788 
2109558, 466, 1.28231432088634e-05, 28938.3760930684 
24, 951, 1.34179559085969e-05, 94155.0196167661 
2811425, 359, 1.30049158581944e-05, 9866.2574544282 
2820661, 451, 1.28862658178913e-05, 16915.1124682968 
2879116, 981, 1.33773895362059e-05, 139173.922521872 
2924033, 127, 1.33344000853402e-05, 20779.8909974721 
3015170, 121, 1.26556646755088e-05, 7454.17158295131 
3048493, 76, 1.29371126951887e-05, 1563.59814518837 
339862, 917, 1.34053648270038e-05, 103087.215430954 
513223, 286, 1.3116990437714e-05, 30197.9239477122 
546367, 12, 1.23278720859992e-05, 3771.12247003664 
65555, 850, 1.33654103180968e-05, 83119.1055740152 
696485, 94, 1.32541618068073e-05, 57334.5145644999 
754477, 353, 1.32415254237288e-05, 11829.9628303268 
1387555, 175, 1.25500432976494e-05, 7676.62689761177 
1408194, 13, 1.07716833986815e-05, 41612.1151500331 
1581557, 243, 1.3550319110015e-05, 112043.956813081 
1587, 247, 1.30857509258169e-05, 16364.7600114082 
1667, 3, 1.02511532547412e-05, 6106.57795041172 
1677857, 107, 1.32835642459585e-05, 33077.021461196 
1848766, 139, 1.21934862396508e-05, 5404.25370104543 
191412, 340, 1.30210028776416e-05, 3298.67088514742 
1935204, 376, 1.27549393502634e-05, 27313.8187697275 
195498, 10, 1.17392937640872e-05, 15068.3557125222 
2017483, 183, 1.31199160325374e-05, 14124.2308676304 
2067065, 102, 1.3254337481941e-05, 11666.4904907122 
219181, 79, 1.27637305831749e-05, 7822.22493826282 
2498451, 83, 1.31292177612058e-05, 13090.0228787395 
2714926, 427, 1.32539861363305e-05, 41653.4704224228 
2743001, 740, 1.35107748429372e-05, 99457.6986110387 
2840371, 379, 1.2905390581646e-05, 25203.1269904468 
2877527, 820, 1.33122112914176e-05, 43533.9502685023 
2940302, 42, 1.26023944549464e-05, 1796.81914800479 
2955592, 13, 1.16204752774388e-05, 32.163849949139 
2968490, 380, 1.26111356327637e-05, 21109.1940890032 
2976884, 387, 1.31001506517325e-05, 17047.8533154059 
32025, 48, 1.17135795527755e-05, 6193.64262197598 
333962, 536, 1.32268133961166e-05, 67226.7102469055 
43305, 192, 1.32982260166494e-05, 36702.9049404399 
450, 213, 1.31941787283451e-05, 17156.6961679521 
45658, 174, 1.31898280046428e-05, 7527.90311806624 
52443, 608, 1.34475478396514e-05, 65036.0528337032 
571915, 874, 1.33336888983706e-05, 157228.183905053 
738, 375, 1.34442935695944e-05, 64837.5690050415 
1045808, 717, 1.31906979198269e-05, 61497.1854972771 
171288, 262, 1.25610782429564e-05, 13001.1498420851 
1802984, 293, 1.26063662149385e-05, 40625.8365075716 
1816219, 485, 1.31159581863253e-05, 36825.3541262451 
1847728, 469, 1.29070562876725e-05, 13958.816109671 
1871034, 652, 1.32297881910911e-05, 41664.0936359439 
2213226, 520, 1.29620988230414e-05, 26841.7207856963 
221402, 187, 1.3076852663101e-05, 9825.71082497754 
2738, 534, 1.31080496532921e-05, 43028.5047649847 
2806989, 799, 1.34282261313281e-05, 66436.0822218918 
3033386, 1151, 1.02579884084731e-05, 28324.4173969905 
1807358, 65, 1.05034293696892e-05, 10644.3001851548 
2320867, 1223, 1.02666242312865e-05, 43443.7749187956 
32003, 345, 1.08567023852175e-05, 631.23735054533 
1961713, 1055, 1.0468902126234e-05, 54175.2676445548 
2764705, 1127, 1.08428117579451e-05, 23744.3454160758 
3031998, 1149, 1.03050288540808e-05, 28119.8669308268 
2738142, 1027, 1.04062604062604e-05, 27518.9060172901 
2597769, 1170, 1.04325328103157e-05, 38242.8663900835 
3058420, 1036, 1.05935569986334e-05, 34668.6222238576 
869886, 1142, 1.0229760419011e-05, 36867.5823715952 
2803845, 223, 1.06328683225587e-05, 179.124778812217 
100225, 677, 1.03842159916926e-05, 21608.5293801827 
1644131, 891, 1.01781170483461e-05, 23271.2095170825 
346, 1174, 1.0256831049479e-05, 42248.2567674605 
1273155, 1261, 1.05369636685493e-05, 46921.1126346416 
2847991, 1225, 1.03724755987512e-05, 45259.5357110037 
2953749, 1126, 1.02078314482871e-05, 38805.5508283051 
686597, 1006, 1.0556986613741e-05, 27841.6893271471 
564369, 1159, 1.0334955921413e-05, 39959.9111588566 
60552, 1234, 1.02557791315406e-05, 52691.249193152 
2546356, 48, 1.08503412432321e-05, 13117.4943423515 
1234841, 18, 8.8494792081486e-06, 9.86477952645913 
1981173, 481, 1.07010240880052e-05, 9737.48929162414 
349751, 683, 1.05864916366716e-05, 54993.7433516308 
146937, 1169, 1.04871270515442e-05, 40816.6469337653 
1549850, 1148, 1.05002310050821e-05, 32153.1352959787 
1752064, 35, 1.08595319541728e-05, 27247.5914398331 
106591, 510, 1.05542010997478e-05, 10448.6796900931 
1080068, 38, 1.11811798380965e-05, 20998.1798472349 
2341117, 106, 9.91650304436643e-06, 140120.211505823 
2911539, 1187, 1.03400854091055e-05, 35158.3409817896 
54299, 23, 1.07216760123943e-05, 24498.1112307664 
1183401, 496, 1.05521964396889e-05, 18984.6971685749 
3064531, 1, 7.79708856712903e-06, 0 
345632, 1232, 1.05046430522291e-05, 37080.3831612854 
2587847, 1120, 1.06232670795576e-05, 34932.7902045358 
1694, 1142, 1.02379294811417e-05, 48301.1592953515 
351052, 1155, 1.02632524246934e-05, 28513.2463548987 
1842535, 88, 1.01410621748522e-05, 26559.4118671194 
2051957, 1154, 1.03344218924393e-05, 26044.3676292885 
2079536, 681, 1.04842683553328e-05, 30413.6329140584 
2587855, 747, 1.06797671810755e-05, 13654.1072273874 
2859226, 630, 1.05738424286001e-05, 60217.6912045244 
1617448, 63, 1.06267666999639e-05, 2379.47948942426 
2005885, 944, 1.0529640939244e-05, 29093.1846160956 
2587842, 98, 1.05277564298272e-05, 22625.0891584994 
713887, 69, 1.00075056292219e-05, 3930.57809691217 
1537215, 1033, 1.06333205733486e-05, 31039.3239039818 
2982531, 1126, 1.03605470368835e-05, 27735.7065939604 
192843, 525, 1.04819605459005e-05, 6287.29275435306 
43927, 1111, 1.02497873169132e-05, 28917.380536355 
2587849, 1222, 1.05064089094348e-05, 42301.5898732821 
2714923, 1104, 1.04750432095532e-05, 41041.7079539446 
75309, 1111, 1.05495247439103e-05, 40379.189292413 
430679, 1206, 1.08061378863194e-05, 35078.7834330085 
59779, 137, 1.05971493668203e-05, 44599.8990986011 
2979324, 991, 1.09718900177745e-05, 42427.1741869435 
755307, 1139, 1.02431729252453e-05, 42228.9836046167 
2886935, 181, 1.05500812356255e-05, 66995.6755215022 
2994496, 1245, 1.04465917994254e-05, 52720.5973262266 
1652545, 333, 1.04091850649013e-05, 11275.5530694809 
1833, 1153, 1.0866612333605e-05, 43928.9371983737 
2350, 15, 1.00368351851294e-05, 15223.3710003612 
1121358, 887, 1.06042289665118e-05, 49176.1296526418 
1186, 15, 1.03760272266954e-05, 15087.994376549 
2725477, 1137, 1.04638630489604e-05, 33538.7204649908 
45404, 13, 9.38279945204451e-06, 16.6570745671319 
2182384, 25, 9.73529726730206e-06, 2703.39082921754 
2583822, 613, 1.0450303581319e-05, 20902.5394141152 
1414719, 1177, 1.04121113679432e-05, 47110.9104663749 
1526572, 1155, 1.05692603631598e-05, 39464.2202926882 
39775, 1153, 1.0576190879093e-05, 40290.6360634513 
3015995, 972, 1.07517632891794e-05, 29523.7054655123 
2691359, 216, 1.08466928433521e-05, 119.979062783854 
165301, 138, 1.03289779476321e-05, 12133.6367733176 
3065396, 26, 1.12674786762966e-05, 9248.0368299669 
2604832, 1151, 1.05115995501035e-05, 57309.5692807827 
1310165, 1144, 1.03120424031184e-05, 25784.1470039233 
1830, 905, 1.04254631512005e-05, 37179.1947558045 
405559, 427, 1.06969032465101e-05, 10305.9677770837 
675090, 136, 1.0658140154543e-05, 56912.5049422147 
2978392, 708, 1.03956587728964e-05, 30378.8621820668 
2806442, 1157, 1.07479498285702e-05, 42192.3933215899 
2881377, 12, 1.06991922109881e-05, 45597.826105209 
2847045, 1223, 1.05000105000105e-05, 39537.7581287947 
1397264, 75, 1.02302836857666e-05, 83943.8833929361 
2931399, 864, 1.11954501690513e-05, 44971.6997416137 
1872084, 843, 1.0769711264041e-05, 24493.867548179 
3034023, 1132, 1.02553584247769e-05, 32188.217570045 
2782660, 429, 1.05303062213049e-05, 7475.5957246062 
502682, 44, 9.53125297851656e-06, 16319.246307113 
2925841, 401, 1.07893487549092e-05, 9199.3618055242 
1647413, 37, 1.07465637862294e-05, 4075.92560198067 
2583532, 691, 1.06599579997655e-05, 15817.2990386884 
2743090, 1161, 1.02341575241526e-05, 39669.0939839569 
1903704, 1232, 1.06220258327668e-05, 53787.8294544184 
656366, 716, 1.03978206167987e-05, 31765.8535603923 
93218, 1066, 1.04167751747414e-05, 40330.3138012454 
173479, 946, 1.05173483661299e-05, 2600.49095039077 
1853682, 1151, 1.02524144436015e-05, 31741.2166146522 
206351, 505, 1.08195834460373e-05, 6274.58858540836 
238834, 56, 1.0923470168003e-05, 41837.7365384359 
3052086, 665, 1.03275911926302e-05, 30755.5192847212 
2909249, 30, 9.84377922371957e-06, 56625.3055065444 
2867233, 16, 9.89060985500366e-06, 60428.8843415793 
556533, 1248, 1.05746251295392e-05, 52461.9171657621 
76758, 1144, 1.03490742753061e-05, 36946.9675966773 
179879, 1069, 1.03834612229641e-05, 34084.3520596277 
1963268, 1174, 1.03874519580347e-05, 35676.1061067925 
2605989, 1082, 1.07200668932174e-05, 28141.6170968812 
1805478, 1163, 1.04313357325406e-05, 45778.3180005724 
551759, 1212, 1.08277840939852e-05, 39650.035047041 
1578165, 1150, 1.04509588754768e-05, 48345.5128546501 
2604158, 1144, 1.03635534552087e-05, 32349.4692457694 
2829501, 1163, 1.06657565221101e-05, 39581.7095799523 
2991715, 662, 1.04155817102385e-05, 28557.6520048896 
140098, 971, 1.06687150599582e-05, 40769.9082616473 
2127060, 1194, 1.09213227906164e-05, 28267.8247709036 
2995154, 1154, 1.04199228925706e-05, 35858.7401619334 
256821, 1166, 1.03873440599973e-05, 36626.318638396 
1655, 864, 1.05354095113677e-05, 46701.6095442985 
3036127, 1245, 1.04034456211897e-05, 40301.9600697905 
1248727, 1269, 1.05818986042476e-05, 48099.3189784775 
3017783, 1135, 1.07146683810136e-05, 34683.5648016469 
1184720, 477, 1.05225498242734e-05, 11180.5382118046 
1234, 505, 1.05664683692769e-05, 577.883533737697 
2012, 1000, 1.05417400196076e-05, 9983.32627609199 
2027860, 82, 9.67361232031265e-06, 42185.6800343196 
2596911, 719, 1.10921312420969e-05, 52884.2265351416 
2983246, 1266, 1.05196717862403e-05, 54692.7806992143 
3075121, 1105, 1.02996158243298e-05, 28698.0073380607 
213422, 1164, 1.06478129392223e-05, 31330.8541209885 
2480625, 239, 1.04091850649013e-05, 31953.3251933545 
60890, 1181, 1.06810219601812e-05, 37720.1478194799 
358099, 678, 1.04694501444784e-05, 28749.5302577559 
83262, 1141, 1.03405130962598e-05, 33362.3085144509 
2721243, 1124, 1.07691313618644e-05, 33298.2662219468 
1968839, 107, 9.8599881680142e-06, 74016.9937807468 
2971235, 1112, 1.04793242931696e-05, 32719.7079002466 
3028711, 1170, 1.08328278013693e-05, 56619.5505275778 
2762576, 889, 1.04774577496516e-05, 26516.4760714821 
398049, 101, 9.83622682339055e-06, 60212.7165798511 
59930, 1149, 1.03051350487948e-05, 28231.4756959445 
186802, 1055, 1.03744125488894e-05, 25385.5859763427 
1288970, 507, 1.0680793796595e-05, 15003.0226799208 
2251, 1131, 1.02552532534791e-05, 32176.428733513 
414, 1101, 1.05405177502319e-05, 37960.6136205418 
2962676, 1164, 1.04252457751692e-05, 45522.2870294985 
102116, 81, 1.05115995501035e-05, 12198.838849995 
32013, 996, 1.04787752407499e-05, 27924.3355515369 
2821543, 1082, 1.06310597040313e-05, 27580.7439733395 
321983, 1117, 1.04219862221342e-05, 43497.6214785223 
1632780, 22, 1.05981601593963e-05, 7455.41540035159 
1853690, 1214, 1.0369786589792e-05, 38781.3784348798 
3042299, 645, 1.07826011947122e-05, 26243.6566427035 
32046, 36, 1.10319263949871e-05, 100938.558453755 
2683284, 988, 1.07491051369973e-05, 50343.3092408834 
2842456, 563, 1.05358535094928e-05, 13097.4716387948 
1049, 1257, 1.06132325783787e-05, 64448.17739538 
1853699, 1152, 1.02944204241301e-05, 31399.0426344325 
74426, 1187, 1.05206678519952e-05, 34521.8029653781 
1656, 594, 1.07787658313123e-05, 26672.8611283244 
2584094, 11, 9.08149735728427e-06, 593.259077630558 
2961939, 1136, 1.03354900055812e-05, 34153.9531681828 
2583377, 1136, 1.04567508783671e-05, 41134.8076992527 
106634, 1218, 1.057339522294e-05, 48153.4456609474 
1873716, 1197, 1.06210104829373e-05, 44077.9884543501 
3031114, 602, 1.08705104791721e-05, 18333.4680523033 
80868, 1154, 1.05500812356255e-05, 44243.3429211875 
379064, 91, 1.06236056517582e-05, 28612.1041475109 
2528027, 1085, 1.09572230014025e-05, 32979.9619837969 
168471, 1206, 1.06450926123057e-05, 36491.8712373676 
2023772, 1274, 1.06295906544639e-05, 55149.4172571344 
2651583, 1206, 1.0620672076129e-05, 28692.0475957801 
2953657, 1229, 1.05410732920826e-05, 53012.1428476897 
441, 38, 9.80719063217151e-06, 5001.66667754487 
652787, 89, 9.54991261829954e-06, 71897.1229168802 
1434191, 969, 1.07683196037258e-05, 28614.2425930474 
2594007, 1113, 1.12301507086225e-05, 47590.8383461101 
1198301, 1169, 1.03486458796866e-05, 44607.2952761367 
398053, 78, 9.62936571368044e-06, 56853.4322080458 
1883416, 1139, 1.05008925758689e-05, 42876.478160804 
2494550, 1171, 1.08368191768352e-05, 41108.0197780014 
869889, 1170, 1.04050693497872e-05, 37012.6967352559 
13134, 617, 1.07539601458237e-05, 14640.1095732658 
2805590, 83, 1.05922104884068e-05, 37789.6530080447 
69964, 1244, 1.05333010312102e-05, 54918.4455618394 
84567, 101, 9.96492346938775e-06, 46503.4725570511 
2847989, 1237, 1.05378519642556e-05, 42651.7783417902 
1765967, 1150, 1.06118810620371e-05, 31915.2161399177 
3009083, 25, 1.00736382959433e-05, 35618.5367356423 
2058657, 736, 1.05067400737573e-05, 34919.5278580137 
2678260, 1198, 1.05538669368457e-05, 35131.2268727145 
2963434, 1177, 1.0539629005059e-05, 36175.9856314253 
1897729, 1251, 1.04913079513623e-05, 52750.7217522611 
2587851, 24, 1.05183439919219e-05, 65970.4614038039 
2697563, 1223, 1.06774865196733e-05, 47336.0020698024 
2739433, 30, 1.04827297028146e-05, 289361.463156135 
88723, 1160, 1.04765796062901e-05, 42537.39820344 
130049, 1143, 1.05376298762882e-05, 35155.9878136863 
1661694, 421, 1.07547697403799e-05, 4307.27121742727 
396595, 1246, 1.06440728480346e-05, 56161.0395303942 
1323948, 1215, 1.07844617475142e-05, 45180.2687263837 
2675218, 661, 1.08325931061377e-05, 14054.1807308319 
1453760, 1160, 1.04368881374329e-05, 42963.3132677296 
35760, 1237, 1.05878366932068e-05, 53988.2030660246 
553982, 1182, 1.06865008121741e-05, 41660.1883091271 
2528017, 1203, 1.1064517199792e-05, 36130.9167929814 
496057, 101, 1.00056031377571e-05, 112707.093499345 
311182, 1070, 1.06679183690886e-05, 61340.7213548706 
658446, 1060, 1.09490649498533e-05, 31814.561867529 
2904243, 1179, 1.04720814309052e-05, 48373.9664261594 
2931975, 1161, 1.04564228577404e-05, 43371.6064386909 
1458425, 563, 1.05051948188379e-05, 14575.8984989327 
1225769, 1016, 1.06008565492092e-05, 41121.9219879963 
1173032, 35, 1.08396383896633e-05, 35101.6002890012 
1891094, 1192, 1.05759671721979e-05, 46745.4471077178 
2731096, 446, 1.05224391013837e-05, 7644.73267005678 
2735434, 699, 1.05047534009139e-05, 17791.4627523275 
3048007, 502, 1.08351753131366e-05, 11616.0108926901 
1795032, 1184, 1.06432798331134e-05, 58623.3233951285 
2029983, 98, 1.01902520049321e-05, 178009.832668714 
2590775, 1008, 1.1239870067102e-05, 67214.3249137032 
2847992, 1240, 1.05735070208087e-05, 39843.6296911021 
53246, 16, 1.03253518363638e-05, 23071.8676451733 
2663121, 1155, 1.06475861922102e-05, 41529.0792331841 
299262, 756, 1.0847281128985e-05, 16852.9860298589 
1009682, 1023, 1.07377938128832e-05, 34016.1353318327 
2708079, 1014, 1.06094041758615e-05, 39965.2408475694 
1854057, 481, 1.07824849314773e-05, 8128.75590359794 
225194, 1186, 1.07550010755001e-05, 50895.808867459 
2235, 1188, 1.05328572481857e-05, 33554.7381698952 
2881056, 1152, 1.06017556507358e-05, 68577.5848500391 
158787, 1158, 1.0530749789385e-05, 35672.7240938871 
2714940, 20, 9.31159386552196e-06, 76.6348899081194 
1586233, 1148, 1.05187865527833e-05, 32194.7319763014 
853, 1123, 1.04193800468872e-05, 38960.0470383803 
2758038, 703, 1.0766464616014e-05, 14342.1219005617 
1115757, 38, 1.12447992803328e-05, 14378.1581727286 
157782, 1181, 1.06291387208894e-05, 36884.9215433656 
2803751, 5, 1.01871377199148e-05, 84.503589345015 
2303528, 33, 1.11238417299799e-05, 30381.1751993717 
758826, 1195, 1.07979699816435e-05, 57136.4644773842 
89373, 62, 1.0265359544218e-05, 5915.03270469674 
1872427, 1204, 1.05315261234505e-05, 33546.2565687137 
2930049, 90, 1.0585707178168e-05, 20568.7919932539 
136073, 31, 1.05563179562968e-05, 828.701626330679 
1081866, 1179, 1.04954921861061e-05, 41606.9780876361 
3045175, 946, 1.083834606839e-05, 27649.1672424244 
2750025, 1046, 1.09524226758959e-05, 35292.4323453565 
370111, 100, 1.09694828985762e-05, 72913.8658612675 
2860258, 1277, 1.08166576527853e-05, 49194.0467283173 
564137, 1190, 1.08465751938825e-05, 42155.3740438188 
178339, 860, 1.07462173314993e-05, 42419.1435940444 
2565558, 686, 1.07633357730228e-05, 26741.9425705175 
2961893, 931, 1.05841386098792e-05, 27069.4483689335 
3068275, 1187, 1.05376298762882e-05, 34188.7807200159 
2594795, 1236, 1.07748170974798e-05, 52007.5677565589 
2850561, 991, 1.07354883036855e-05, 27829.2403172266 
171865, 780, 1.09698438991213e-05, 17027.9843071431 
2956797, 1240, 1.07078992172526e-05, 42004.1679742009 
2840183, 1246, 1.06472460897989e-05, 51722.9671520984 
2931976, 1184, 1.04727394591877e-05, 48915.324865659 
2909672, 1155, 1.07748170974798e-05, 42635.8807104825 
522259, 1257, 1.0663368131458e-05, 56242.8121530855 
120831, 58, 1.0563454672216e-05, 25025.8076281481 
42255, 976, 1.07821361568154e-05, 4498.90235396747 
48664, 691, 1.07567364061744e-05, 22319.8953889556 
81, 689, 1.13526707157859e-05, 2506.0421971282 
203135, 1181, 1.04942806170637e-05, 42566.0399571784 
1967501, 241, 1.0917268936003e-05, 12292.7400166539 
318683, 51, 9.77364244106494e-06, 6237.15161063284 
3031996, 1153, 1.05376298762882e-05, 31994.7222988262 
461393, 1178, 1.07085872160886e-05, 36397.6232626571 
29288, 1238, 1.05083962085706e-05, 59189.2621202916 
400061, 1277, 1.07455244890503e-05, 47718.3806466811 
28256, 1244, 1.09105985554368e-05, 36527.3645692949 
1827195, 383, 1.06823911464342e-05, 6991.58847988287 
1649184, 224, 1.08874348114841e-05, 24174.029026726 
441500, 724, 1.07634516236667e-05, 52812.6397117485 
387343, 1187, 1.05484119365829e-05, 36683.6503807914 
412963, 793, 1.07871374173436e-05, 20412.3570175263 
641491, 1232, 1.05355205073907e-05, 42751.2539172229 
980251, 1078, 1.11002575259746e-05, 20309.8573012173 
1703340, 20, 1.01135754523297e-05, 25833.2114792494 
3064288, 1190, 1.0655528087972e-05, 41816.7674271166 
1231, 892, 1.15352228028284e-05, 10265.2146722962 
3051137, 654, 1.06587081645705e-05, 21599.571847915 
1307763, 1210, 1.06891280878219e-05, 34369.7233204726 
392610, 98, 9.78502304372927e-06, 177866.66824623 
2161816, 620, 1.032332658876e-05, 26104.8935239252 
2771012, 1263, 1.08170086644239e-05, 49252.2924827609 
1851395, 1233, 1.08083570216491e-05, 43290.8923727854 
323450, 23, 9.79431929480901e-06, 6050.68670277228 
1353136, 1183, 1.05385182843292e-05, 37892.866982664 
2017482, 1180, 1.09021531752521e-05, 35997.1350953907 
1173263, 83, 1.05340777414937e-05, 11991.6871542776 
1393, 1237, 1.0576638321276e-05, 40612.0272472331 
2884455, 837, 1.06291387208894e-05, 35658.6827691165 
2057800, 408, 1.0741830837648e-05, 11322.3054556741 
210, 50, 1.05275347671836e-05, 21635.5518788366 
482, 1100, 1.06108676506478e-05, 42851.4896228771 
1073, 460, 1.08943142573891e-05, 11660.5486705009 
28453, 31, 9.84697796246332e-06, 10188.5715729074 
2202141, 1111, 1.05626736239477e-05, 38043.2580734015 
61647, 1011, 1.0787719260394e-05, 28418.6244307091 
3047478, 739, 1.07184582569643e-05, 23914.3549278566 
2055955, 34, 9.99680102367242e-06, 40493.6595480469 
2761047, 379, 1.07887667360744e-05, 7892.91415819523 
2878151, 549, 1.06192058957831e-05, 9001.7556067907 
29311, 1157, 1.08348231215125e-05, 43218.2595065229 
3003271, 1239, 1.06590489996483e-05, 34148.1423694528 
121292, 772, 1.12942026857614e-05, 44910.3109403621 
1478, 909, 1.15553501271089e-05, 8476.96532477159 
699433, 1242, 1.0584810796507e-05, 51969.7916933212 
60035, 1232, 1.08212225817273e-05, 45614.5271818028 
186822, 779, 1.06933572864537e-05, 24130.9257217284 
376170, 1152, 1.05446301470976e-05, 30427.753959846 
2949993, 1177, 1.05386293458673e-05, 36790.549059091 
3024245, 30, 1.0602542489689e-05, 22457.0724438016 
1484693, 789, 1.07745849091164e-05, 24302.6213211764 
2565554, 95, 1.02863726135616e-05, 50059.3060543752 
1547898, 1145, 1.05545352838115e-05, 31909.3102630475 
2268026, 96, 9.94193907579734e-06, 37604.5448326445 
3025666, 102, 9.94480632489682e-06, 42177.4868575486 
155978, 42, 1.14800018368003e-05, 331394.950604106 
195913, 664, 1.08818664577348e-05, 19327.5453586746 
2495594, 1187, 1.08640151227091e-05, 26063.9212110157 
2714945, 1155, 1.08969259771818e-05, 35133.3114369317 
2867231, 40, 1.07324926214113e-05, 81938.6409384905 
2080740, 1155, 1.07748170974798e-05, 41711.6269460115 
32012, 1184, 1.08708649947276e-05, 45791.4023638727 
2907343, 1244, 1.07653055731987e-05, 47831.9492195415 
3024400, 898, 1.06939290564746e-05, 30860.5780206749 
488729, 1256, 1.06793109708562e-05, 56400.3356851163 
290400, 1034, 1.09804438295396e-05, 41204.6610145657 
1763535, 1166, 1.08694470712275e-05, 45353.5941109984 
2057798, 581, 1.09245441733944e-05, 20442.4298971608 
2963433, 1164, 1.06167255894937e-05, 43893.3285523087 
83564, 1221, 1.06655290102389e-05, 53323.5957705729 
2493670, 1018, 1.0999285046472e-05, 52565.6125087221 
2908006, 1181, 1.07857412500674e-05, 36997.5471235222 
92945, 1210, 1.08539920982938e-05, 52500.6237041 
158080, 1268, 1.06876429472244e-05, 44202.9630077288 
2878152, 364, 1.06231542269531e-05, 8607.49987960602 
33918, 1205, 1.08969259771818e-05, 51129.5234300636 
56455, 1167, 1.08338840557728e-05, 51122.1898540207 
873, 1173, 1.07787658313123e-05, 47483.7962030069 
82654, 74, 1.10797185751482e-05, 117023.681975951 
1547448, 646, 1.05657985102224e-05, 57890.2492023728 
2605945, 828, 1.08185299781466e-05, 20455.1527052855 
3020843, 1277, 1.06986198780357e-05, 58666.9397893769 
2931382, 1207, 1.08618910552327e-05, 48933.1958955916 
1949083, 1249, 1.07942401934328e-05, 46477.304022132 
2894187, 94, 1.07993693168319e-05, 71345.2539343365 
47421, 1086, 1.07211012715226e-05, 31563.0271026629 
743836, 459, 1.10718674918899e-05, 7938.26948454577 
2493674, 675, 1.08133826423582e-05, 12831.5680071187 
28099, 96, 1.0875120985721e-05, 13307.1595132577 
984, 104, 1.02334244108106e-05, 180371.052996762 
2745495, 1238, 1.07038876519952e-05, 41761.8031486654 
122277, 1163, 1.05709362678252e-05, 37784.390640916 
2770322, 1193, 1.07267363904532e-05, 62161.642918114 
1279, 63, 1.08048535402103e-05, 48558.9627971919 
1333523, 1235, 1.08534030845372e-05, 49103.2395513073 
2184083, 1067, 1.09003706126008e-05, 31684.4360334149 
2009329, 129, 1.07655373617974e-05, 31916.638206968 
216851, 1148, 1.06225899998938e-05, 55539.9590737704 
3031330, 1202, 1.08054372960474e-05, 50915.033379055 
2478662, 1151, 1.07397542744222e-05, 41223.2114844577 
2964616, 377, 1.08568202544839e-05, 27984.4267101234 
3045156, 437, 1.07452935614201e-05, 6779.24677472519 
334542, 1153, 1.07948228029837e-05, 35552.2735851552 
488730, 1142, 1.05618926911703e-05, 34853.944677612 
78331, 1186, 1.08825769942322e-05, 46961.0191242756 
2604047, 1176, 1.06620038169974e-05, 56616.268377029 
2961595, 1202, 1.06403353833713e-05, 44424.2624743132 
131081, 1292, 1.20402143158148e-05, 53829.932764541 
2590774, 25, 1.178995024641e-05, 51786.5700757306 
2728023, 1270, 1.2160863907772e-05, 66763.708892636 
2742129, 1235, 1.18845299074195e-05, 46812.0927871665 
536441, 239, 1.1724978895038e-05, 84962.7237356222 
1336740, 1243, 1.2037750385208e-05, 65534.3526855743 
629, 1264, 1.2092483312373e-05, 50139.3956345419 
899, 1239, 1.20672386537789e-05, 56115.2798231317 
1421430, 1192, 1.21097628908426e-05, 60251.1391217301 
1931241, 1267, 1.19738969047476e-05, 51926.1545458956 
244366, 1242, 1.19239253562273e-05, 60468.4202089431 
2493633, 1249, 1.20190863090588e-05, 50916.4587757447 
2719588, 47, 1.20137437228189e-05, 21194.1487024949 
2975049, 1146, 1.19290460341886e-05, 41915.8998502619 
47884, 1045, 1.23236182143077e-05, 38172.0839119247 
1148509, 1248, 1.19678782148713e-05, 48058.0278733959 
1903409, 1244, 1.19155426338115e-05, 40334.9340733454 
2886046, 1218, 1.19675917615098e-05, 53091.9812134875 
2976343, 175, 1.21750776161198e-05, 6294.55362867027 
43770, 1222, 1.19427227019216e-05, 48494.4227890614 
2867025, 1097, 1.23008795128852e-05, 45522.4662505668 
470931, 1284, 1.22282276406858e-05, 81749.8667826163 
2697043, 1293, 1.20685493603669e-05, 58136.9212085965 
2954096, 1246, 1.21869477789288e-05, 61411.0252699947 
1619313, 1187, 1.21753740883689e-05, 61309.3781309302 
1853130, 788, 1.20266028454942e-05, 27197.9679680625 
2662363, 1178, 1.20723374459763e-05, 70456.1287221602 
349221, 1304, 1.20653459134673e-05, 64245.4507692511 
1166, 18, 1.170864214877e-05, 54.1266306839611 
1775880, 423, 1.19125617964143e-05, 11960.7347296807 
1844971, 640, 1.20633082416522e-05, 33573.9253222306 
2093857, 1254, 1.18788829098512e-05, 54501.796376466 
1007105, 906, 1.20807963660965e-05, 38604.5930307403 
214851, 1223, 1.19495728027723e-05, 53339.1832641651 
2490858, 1232, 1.21967581016966e-05, 28429.2264874851 
3015166, 865, 1.22134421143911e-05, 174585.820527842 
3042026, 414, 1.20091269364717e-05, 6595.91016413932 
1068, 1052, 1.20003360094083e-05, 39363.2982809242 
2911172, 113, 1.11317667226966e-05, 24019.3960215499 
3025669, 168, 1.14556722761275e-05, 59686.7595656914 
53946, 1212, 1.24181951395184e-05, 61668.4790458465 
672, 649, 1.22355589815121e-05, 68691.4943213559 
930972, 168, 1.14978211628896e-05, 69665.998775749 
1282, 214, 1.18337593486699e-05, 92664.295840467 
2043170, 1260, 1.22271810234151e-05, 94112.1123431453 
2711328, 664, 1.19090151244492e-05, 35156.378904179 
38288, 1209, 1.20790452722617e-05, 51793.4365611988 
405, 1295, 1.22082234593222e-05, 85981.2286151927 
60137, 597, 1.23217960249886e-05, 14059.0931703256 
2782643, 802, 1.22989127761106e-05, 2377.20065672456 
2823518, 637, 1.19590045324627e-05, 26313.3081388959 
393662, 1297, 1.22143371889924e-05, 64105.5899384538 
71190, 234, 1.22509984563742e-05, 21358.6221076916 
2587850, 808, 1.20997991433342e-05, 16782.4403414967 
2745199, 1274, 1.22119506148717e-05, 56607.5700013167 
2830990, 1013, 1.2689550155447e-05, 35360.0629591451 
558537, 800, 1.20286281349612e-05, 23534.3204025935 
69525, 1239, 1.20170642312083e-05, 68895.2381602906 
766, 136, 1.14728895619651e-05, 19128.7958709829 
2597515, 435, 1.21574634668223e-05, 4745.04878970073 
441209, 1269, 1.19738969047476e-05, 53448.8629047713 
256701, 998, 1.21447656060238e-05, 54159.4880389806 
2913412, 19, 1.12868091061976e-05, 797.331949073366 
1283291, 1262, 1.21008240661189e-05, 57911.9765041681 
2726956, 1257, 1.20069640391427e-05, 67047.4002840936 
83263, 461, 1.22179187997117e-05, 9316.31536386491 
38284, 1297, 1.20665106064628e-05, 60956.405893651 
44013, 1169, 1.24669625492445e-05, 52023.2762440255 
52584, 126, 1.17427400509635e-05, 29177.379518233 
2259620, 1284, 1.2100238374696e-05, 58522.7185968244 
2488819, 1143, 1.23248333066295e-05, 51098.592829339 
2762318, 174, 1.14672323834643e-05, 121238.110478764 
28903, 185, 1.20652003426517e-05, 18432.0491127449 
447020, 1248, 1.21998828811243e-05, 64123.8772687989 
1710541, 1264, 1.20432593877207e-05, 51765.6078481441 
1736226, 1230, 1.2121799844841e-05, 55414.0518322028 
2201, 1234, 1.20300751879699e-05, 61558.9203375592 
712710, 1181, 1.20386198926155e-05, 51489.4131167797 
1785161, 1227, 1.2172410015459e-05, 77289.2229559085 
2746321, 978, 1.19264851455628e-05, 34686.0877779384 
2749999, 52, 1.18164200973673e-05, 28368.200972903 
2813727, 1074, 1.22222493827764e-05, 39803.9948404451 
2898151, 66, 1.20102808003651e-05, 10276.0080542137 
321846, 1176, 1.21664861971214e-05, 53082.5322795611 
41295, 283, 1.20487734348643e-05, 1615.60188419182 
2599819, 386, 1.21212121212121e-05, 4104.98018930327 
2904245, 104, 1.20148984741079e-05, 79591.9276149891 
69223, 1220, 1.22215025115188e-05, 58264.0862560948 
227319, 1224, 1.21300339640951e-05, 69377.8872102308 
2741953, 1180, 1.22065842315345e-05, 57334.6906166088 
2986803, 1039, 1.20958474955548e-05, 52817.0875131001 
2995161, 69, 1.08213396818526e-05, 24849.8526980417 
400634, 17, 1.19802086952355e-05, 24244.6453521039 
2793010, 1205, 1.23750123750124e-05, 72463.127988334 
2953746, 1270, 1.20007680491551e-05, 60003.4483709421 
3050898, 799, 1.22661760196259e-05, 1984.08231143727 
328812, 18, 1.22517489371608e-05, 8920.66460749641 
61858, 1295, 1.21313583481942e-05, 71822.0484694377 
169435, 1295, 1.21453556160124e-05, 70446.8081984174 
1870820, 1198, 1.21022885427634e-05, 75551.0610832977 
1912216, 71, 1.21033138873424e-05, 174131.813979874 
2608981, 1260, 1.21669302834895e-05, 75387.6235515889 
251699, 1196, 1.21125498128611e-05, 50197.4512276643 
3068341, 778, 1.20679667889554e-05, 20126.5369691606 
459526, 97, 1.17479822840427e-05, 9450.97034712577 
985, 162, 1.14447903314411e-05, 30335.2536681184 
40214, 61, 1.20971644246589e-05, 144816.762717347 
470932, 1171, 1.21891760117016e-05, 33323.782443861 
577, 1293, 1.21480113705386e-05, 73334.217509782 
1203471, 1246, 1.22162769674314e-05, 66697.8093396011 
202907, 451, 1.20659282318589e-05, 6353.84360943921 
3070215, 37, 1.20564725172709e-05, 1514.7331279825 
43658, 874, 1.24943775301115e-05, 48144.2230986301 
1727164, 158, 1.13796713550913e-05, 95956.8583436669 
2708053, 183, 1.21025814806298e-05, 3153.56203451929 
2714933, 1267, 1.21957168642373e-05, 75512.5380179691 
2108523, 1269, 1.20203865756323e-05, 63919.2563307379 
2320270, 1303, 1.22586576769844e-05, 63020.6682495758 
3051119, 1256, 1.22000317200825e-05, 57966.9564451102 
2606626, 1267, 1.20720459703511e-05, 64209.3262121801 
3034020, 1270, 1.19688809096349e-05, 55027.4180442374 
84111, 1270, 1.2215530825892e-05, 54184.181287161 
2781022, 1294, 1.21821969373957e-05, 83165.2534482041 
281093, 1254, 1.22146355763476e-05, 86985.1280417119 
2956832, 1132, 1.24209715683961e-05, 38353.4501559746 
52959, 218, 1.21480113705386e-05, 86883.0787148151 
60847, 1263, 1.20010560929362e-05, 54993.843945853 
712528, 1266, 1.22415502699262e-05, 46621.896141868 
2175673, 33, 1.19390155087811e-05, 3728.41845306904 
29510, 1248, 1.21491920787268e-05, 63296.7260245896 
657387, 1071, 1.20387648227292e-05, 46316.4223461584 
1940, 747, 1.21937836091161e-05, 39575.6612016132 
2594459, 1176, 1.24853297375584e-05, 28645.4156617902 
29489, 1324, 1.22394526516774e-05, 96627.315885777 
2054919, 1194, 1.2068403712241e-05, 45488.9912399109 
2707299, 1175, 1.2174632934817e-05, 46006.6074639129 
435905, 1190, 1.23128447596533e-05, 49979.1717932031 
648999, 64, 1.20499349303514e-05, 20167.6994273348 
86185, 1252, 1.21066841002918e-05, 68962.5975373214 
1097, 1232, 1.22378050272903e-05, 49541.0928663248 
1459637, 875, 1.21927428794382e-05, 7128.36606689022 
204042, 967, 1.21617512921861e-05, 47181.1714357597 
2049589, 995, 1.21046324428359e-05, 38108.8865722005 
33958, 66, 1.24365734752761e-05, 196969.039390503 
1490, 304, 1.24700718276137e-05, 71976.3255561548 
157779, 1275, 1.22253872391408e-05, 57398.7277969499 
1863, 536, 1.21912564308878e-05, 95168.9612589901 
253239, 1299, 1.20761279103468e-05, 68578.3275807819 
2587853, 1217, 1.2487824371238e-05, 63643.6340619553 
2976335, 1219, 1.22430490089252e-05, 59431.4027746494 
1870819, 1216, 1.25505158262005e-05, 72217.7566788602 
2175632, 5, 1.08493994857385e-05, 3500.0461535868 
2483033, 1246, 1.24121837996177e-05, 75835.9958128595 
2895495, 1182, 1.20997991433342e-05, 54484.0760701391 
3020907, 509, 1.22408010380199e-05, 6322.27216175064 
52227, 189, 1.18681683855731e-05, 74960.8026490054 
1207075, 785, 1.23971040364971e-05, 3996.95988872934 
146786, 28, 1.2431007906121e-05, 46999.4108739274 
1765219, 1246, 1.20873674922339e-05, 56176.6518962268 
1796, 1231, 1.21721136875418e-05, 77024.5371411063 
2601894, 1196, 1.22403515428963e-05, 48926.0262106976 
2654218, 1251, 1.23748592359762e-05, 54975.6840619163 
2860286, 1187, 1.24212801371309e-05, 47588.2581119793 
780, 75, 1.12843891760139e-05, 8301.29909330646 
208479, 49, 1.24166532152924e-05, 87531.7991635215 
252307, 137, 1.19769085203727e-05, 18731.4215723696 
308865, 239, 1.17053528578619e-05, 46824.9169251582 
36839, 245, 1.26657631755601e-05, 29485.1585134906 
730, 6, 1.16714714224022e-05, 2.14723583308124 
2495430, 522, 1.23057233919496e-05, 36346.7523929942 
2664893, 19, 1.18012202461735e-05, 10031.7061803477 
454601, 1076, 1.24526798166966e-05, 42620.3397771771 
1132836, 423, 1.22761143642814e-05, 8507.49001866631 
2509456, 342, 1.23154226037266e-05, 22256.4257717978 
2768834, 631, 1.22848613653395e-05, 60538.7460023215 
1111069, 1325, 1.22125471709634e-05, 92258.2833318539 
2678261, 1175, 1.23491855712116e-05, 51758.4539470775 
28454, 96, 1.1549477963596e-05, 2479.04812143432 
418701, 753, 1.22729504172803e-05, 18120.8652293818 
1030, 1217, 1.22000317200825e-05, 47507.2724892745 
2499213, 2, 1.04092934171628e-05, 13.149868128281 
2745504, 1220, 1.21747811583087e-05, 60427.7238842138 
2907159, 1291, 1.21706322643461e-05, 71285.1915305682 
370405, 588, 1.22385538924721e-05, 10449.7435996158 
406552, 1236, 1.20086942946693e-05, 65042.3214941286 
437505, 1298, 1.21721136875418e-05, 76139.1545541264 
437900, 1211, 1.23542202016209e-05, 68367.284452468 
663275, 10, 1.06371662589086e-05, 1.64887662723572 
1217908, 1237, 1.24593513661679e-05, 51003.2788825304 
2726989, 772, 1.20774405487989e-05, 21132.2891082206 
2919913, 9, 1.14908188357502e-05, 11.1583405299721 
3029061, 1300, 1.22726491740507e-05, 65845.4359875876 
76853, 9, 1.18154427837183e-05, 15052.0140355392 
85072, 1063, 1.24132623294728e-05, 42059.3426051541 
2358, 1211, 1.22839559251661e-05, 34363.4730126554 
2778064, 1215, 1.22393028493097e-05, 55120.9115266526 
53413, 1268, 1.23114804555248e-05, 61012.1822318394 
1206777, 315, 1.22859178809249e-05, 5363.97114185034 
2263, 1269, 1.22158292715701e-05, 66932.5374517784 
91604, 83, 1.16701093489246e-05, 21052.7193208639 
2497456, 220, 1.17076825813099e-05, 31415.6575677539 
306, 1248, 1.21882846208225e-05, 82339.6247525739 
650, 1273, 1.22228469455105e-05, 57971.0056706977 
1839801, 1055, 1.24104893455949e-05, 15838.9968177913 
2257, 1269, 1.20477573099767e-05, 52257.2892361057 
644652, 1225, 1.22746075194246e-05, 46367.82964124 
1842536, 76, 1.23432408413153e-05, 141970.902564147 
2488665, 1301, 1.22731010444409e-05, 67035.2278110615 
42353, 942, 1.24872006193652e-05, 26389.3665507201 
56956, 1291, 1.2316180998596e-05, 75406.8337166952 
160808, 974, 1.21853142592547e-05, 88786.8262379522 
1980001, 1103, 1.22381045623654e-05, 44646.3652429822 
2980556, 28, 1.19597196641711e-05, 6300.36924504344 
2175639, 32, 1.2012012012012e-05, 26620.1404506805 
252514, 1260, 1.23023928154026e-05, 62305.2035748405 
2785907, 41, 1.2132977432662e-05, 8964.61214111901 
2964670, 607, 1.23211887482904e-05, 17185.8983932569 
151895, 195, 1.15430787699695e-05, 39785.4481330375 
3003258, 168, 1.2187096302435e-05, 6937.63611779623 
2724123, 602, 1.22732516752989e-05, 9691.39726583512 
2884220, 402, 1.25383988464673e-05, 62988.4317301998 
291644, 174, 1.1914832775322e-05, 23911.7327198939 
2994661, 1303, 1.22152323947963e-05, 73018.863668538 
42838, 1204, 1.21961630870928e-05, 31244.7534189169 
1795355, 223, 1.17856427300263e-05, 63208.0746885435 
2072405, 1211, 1.23117836080913e-05, 64352.1257630617 
29533, 75, 1.18207501448042e-05, 266.149320024286 
321332, 1241, 1.26326427488631e-05, 59827.1724873525 
1034015, 1037, 1.24138787164049e-05, 6011.30956653721 
55209, 1110, 1.24710049135759e-05, 35799.6354787711 
1457365, 612, 1.21298868281559e-05, 13161.5433090568 
146939, 1279, 1.21658941323893e-05, 73649.9578601744 
1637837, 1254, 1.20927757757516e-05, 53975.3629261155 
2148, 22, 1.17687210930788e-05, 22.1168775189492 
2282475, 1109, 1.22517489371608e-05, 39437.5844560386 
2709394, 146, 1.22505482120325e-05, 8087.4472991297 
2830993, 1096, 1.27393403569563e-05, 52045.8344813049 
3074146, 1297, 1.22382543354016e-05, 71291.4295352283 
388463, 286, 1.22171724576064e-05, 678.586725088949 
519081, 1264, 1.22866726461807e-05, 68971.353699911 
69218, 1218, 1.22402017185243e-05, 63169.0984523603 
1152, 153, 1.170864214877e-05, 4650.70538816425 
2893885, 48, 1.21703360229776e-05, 2850.36331902102 
3017361, 1272, 1.20526943798286e-05, 51841.992808838 
43768, 679, 1.21707803904386e-05, 74656.4981002043 
699041, 1235, 1.22740048850539e-05, 63809.7990132365 
12960, 427, 1.22393028493097e-05, 3766.41458255977 
970, 1189, 1.22349601752046e-05, 28108.3457376034 
158327, 1246, 1.23207333300478e-05, 56419.0753211645 
19, 1303, 1.22526496354837e-05, 68535.0990062044 
219572, 1250, 1.24756724387444e-05, 55452.2010089291 
2528020, 271, 1.23497956108826e-05, 307061.279636759 
2795031, 1027, 1.28574367414112e-05, 24972.7962472163 
3058903, 1256, 1.22089687084132e-05, 62850.3581291871 
1188228, 13, 1.19368777902452e-05, 12076.5745507957 
2562282, 1290, 1.22428991185113e-05, 56628.9139758531 
2866592, 1307, 1.22394526516774e-05, 71986.462142458 
679663, 1122, 1.21253273838394e-05, 60131.505048133 
171, 34, 1.21969068644192e-05, 33564.176155308 
2784880, 1266, 1.22657246590129e-05, 53560.4857687951 
648794, 1282, 1.2254151093683e-05, 61739.3081889255 
189381, 1226, 1.2216724696109e-05, 39080.8051713238 
2608982, 1204, 1.25205023225532e-05, 51680.9070662269 
2866588, 1215, 1.22998204226218e-05, 59566.580755042 
375288, 50, 1.22118014849551e-05, 122336.03921167 
2724121, 1259, 1.22890885183046e-05, 54272.7552951208 
102115, 42, 1.18302594375895e-05, 551.052260276073 
1231000, 1155, 1.21550990640574e-05, 56296.1431208685 
157, 1011, 1.23286320149916e-05, 54856.1422788093 
2745482, 460, 1.22382543354016e-05, 7323.56952839957 
280473, 92, 1.14661805006134e-05, 13568.9394335268 
2842349, 1062, 1.23472033584393e-05, 44834.7503761345 
45462, 1285, 1.23139060941521e-05, 56439.9703684978 
794846, 398, 1.22738542357071e-05, 4429.46285112129 
94869, 489, 1.25472088733861e-05, 8698.98157127119 
1492, 417, 1.22835032551284e-05, 38167.6305214986 
1705310, 1221, 1.22206063864889e-05, 55360.9782763027 
1795874, 331, 1.20138880545911e-05, 8098.42511081872 
1930593, 1204, 1.24898519952539e-05, 44577.8303903847 
2600320, 659, 1.22337627384055e-05, 52742.6919038338 
953, 149, 1.18312392039942e-05, 5927.80528123401 
1678309, 111, 1.16653445942793e-05, 3012.38488348098 
2208, 203, 1.23360842801278e-05, 42546.0580276266 
310575, 1199, 1.22080744204217e-05, 56518.8073433165 
414771, 1266, 1.22619646119701e-05, 70949.3356239267 
86265, 1265, 1.22112050017096e-05, 55947.3667510653 
1537274, 677, 1.22595593914355e-05, 17337.0933856672 
271865, 6, 1.09670768353403e-05, 3.17625135586735 
2859768, 216, 1.18093033691943e-05, 54855.7631189808 
2866573, 1206, 1.22810895782674e-05, 54032.1812870236 
183795, 1223, 1.21638223595383e-05, 84431.3643166581 
2883127, 413, 1.23632317487791e-05, 10355.6656006474 
638619, 800, 1.22909010459557e-05, 46145.967129968 
876364, 1129, 1.23845144031903e-05, 34202.6366061015 
1239307, 1187, 1.24761393834292e-05, 46785.0687903242 
1904944, 1171, 1.22928652210257e-05, 52861.3515145767 
2592814, 3, 1.04154732270261e-05, 1442.84417183705 
299308, 1246, 1.22174709835064e-05, 72168.3620713496 
45655, 1137, 1.2283654141434e-05, 32753.7058421338 
1134405, 55, 1.26412661492175e-05, 115120.132964224 
1902, 1197, 1.24424536518601e-05, 51498.8924837266 
2138101, 1222, 1.22824471547711e-05, 53599.3012565245 
2867010, 1223, 1.24839269440595e-05, 49332.6239507402 
2904247, 158, 1.1561629264796e-05, 39523.2176877549 
2954092, 1169, 1.21955681305414e-05, 42510.9333905307 
72276, 568, 1.24806549847736e-05, 4254.1900960082 
1649480, 846, 1.24892280408148e-05, 3900.5703481984 
1984801, 1131, 1.23533045089561e-05, 35511.3975193159 
245876, 35, 1.2157906894749e-05, 4672.41404783747 
2867023, 1164, 1.24556268294202e-05, 60371.6986799136 
664426, 568, 1.23397376571774e-05, 14857.213403612 
68209, 1028, 1.22370562537476e-05, 48177.0254968177 
797277, 1299, 1.22294239941299e-05, 90272.9936821646 
1100, 1292, 1.23073893565697e-05, 79189.424373326 
267212, 1195, 1.22376552652512e-05, 39510.4507619627 
37929, 606, 1.22875784869076e-05, 41942.6205442371 
138074, 34, 1.2237954792995e-05, 7814.96962781045 
1754, 179, 1.27847809967015e-05, 20502.9097013977 
3070658, 1026, 1.25248932252853e-05, 40740.7923004062 
395598, 571, 1.23369974215675e-05, 10541.8910120508 
447471, 1209, 1.2435954832612e-05, 41041.6642580488 
1516059, 1171, 1.23007282031096e-05, 50506.5476863129 
1538553, 1197, 1.23812943405104e-05, 65511.9521034517 
2808963, 379, 1.23669012255599e-05, 20455.8363889937 
43663, 1064, 1.25500432976494e-05, 49891.7638414243 
190893, 226, 1.22654237703913e-05, 56684.1403772394 
2163011, 1142, 1.24129541589603e-05, 35408.0050288678 
2516557, 170, 1.17731548523058e-05, 38272.6399632961 
2795738, 116, 1.12703994229556e-05, 38169.2754659837 
2904246, 254, 1.17974611863527e-05, 101156.513107104 
3015983, 1245, 1.22370562537476e-05, 52743.4532821668 
556, 1284, 1.22702397604849e-05, 55502.1153552252 
1147, 126, 1.29132231404959e-05, 39682.1839726847 
1190508, 1248, 1.22765664898841e-05, 69817.0246518966 
2730848, 1176, 1.2230470995438e-05, 47315.6352691092 
98671, 1232, 1.22948300239749e-05, 55886.015454143 
1085624, 247, 1.17394315767231e-05, 129317.596925861 
1263550, 1289, 1.22200090428067e-05, 96807.7908024935 
1529, 193, 1.25451625853071e-05, 7023.1054126599 
2598458, 1214, 1.22396024577122e-05, 44211.2654529374 
2769486, 1274, 1.23073893565697e-05, 62728.4032449052 
3003260, 178, 1.21147509207211e-05, 21843.1744069497 
38293, 65, 1.24390486615584e-05, 121114.705745101 
316277, 1206, 1.2515331280819e-05, 51720.9777567976 
823, 127, 1.17220926279759e-05, 1847.43192471324 
114707, 1231, 1.230012300123e-05, 56994.9886823403 
1310418, 193, 1.22050944064052e-05, 2472.57472960833 
1598, 325, 1.21193024129531e-05, 55701.8787136885 
2867014, 16, 1.18932933718676e-05, 36679.4733118938 
2961896, 1142, 1.24557819739923e-05, 43283.9496780387 
360422, 156, 1.21641182838862e-05, 20956.5787241295 
704125, 319, 1.23429361376484e-05, 16061.9347032578 
158627, 355, 1.21954194004732e-05, 5822.16909750774 
28231, 1143, 1.24598170898851e-05, 16603.2911457435 
2956834, 533, 1.2352999308232e-05, 7551.0828759443 
1082930, 70, 1.22040517451794e-05, 726.149346424665 
2036, 37, 1.21508159272895e-05, 34864.5183489266 
2732161, 103, 1.20487734348643e-05, 23808.8156026052 
3074898, 606, 1.25156445556946e-05, 69320.1876386262 
44577, 1024, 1.26691329245426e-05, 135224.139833296 
46679, 1153, 1.21972044007513e-05, 36099.6110321108 
118126, 1270, 1.22579063495955e-05, 60114.0462457096 
1561, 377, 1.26893891328071e-05, 54655.2726216235 
2015348, 468, 1.21633785000122e-05, 6883.24567551194 
2559073, 571, 1.23031496062992e-05, 19471.0349337441 
2738883, 1228, 1.24387392093937e-05, 48359.380447716 
465541, 1224, 1.22634683541199e-05, 56494.8851845792 
651740, 1260, 1.22170232001271e-05, 58069.7650525109 
1604004, 1228, 1.22144863808477e-05, 46058.9602494305 
1873425, 1253, 1.24291538232077e-05, 67868.8314222314 
2304594, 1194, 1.23972577265909e-05, 67172.7324503707 
2495645, 1254, 1.23647604327666e-05, 72038.6267115004 
2763056, 1268, 1.22806371194538e-05, 65182.0426042255 
3031113, 1263, 1.22684333210649e-05, 48884.2152733557 
59505, 1144, 1.23998710413412e-05, 31313.7367807086 
712116, 1218, 1.26638384094219e-05, 75282.094662314 
1296, 424, 1.23612450245989e-05, 56448.3418391156 
