degrees , closeness , betweenness
39768, 2, 1.41779617762151e-05, 27648 
786, 1, 1.36866308989379e-05, 0 
2745558, 1, 1.48949163650446e-05, 0 
2972784, 1, 1.50584266955788e-05, 0 
57372, 6, 1.52483188728443e-05, 49.9553064603347 
74969, 21, 1.56865205728717e-05, 568.928250353909 
781, 1, 1.37769511607081e-05, 0 
3003392, 1, 1.26087504728281e-05, 0 
994695, 1, 1.45815106445028e-05, 0 
2083300, 1, 1.12405017759993e-05, 0 
2715232, 3, 1.25398139091616e-05, 18435 
1006005, 4, 1.57718755914453e-05, 0.650223543998853 
1316593, 5, 1.66055030637153e-05, 59.4297249484658 
1500960, 1, 1.5439961708895e-05, 0 
1505596, 1, 1.37936742210022e-05, 0 
216964, 17, 1.58030310213499e-05, 9612.37318263813 
2261, 1, 1.4909573437104e-05, 0 
2719988, 1, 1.63212012404113e-05, 0 
2759660, 1, 1.53730264877246e-05, 0 
2866384, 8, 1.73919092838012e-05, 531.712303256657 
51364, 1, 1.46156094709149e-05, 0 
67760, 1, 1.60851871511525e-05, 0 
739, 1, 1.387424385371e-05, 0 
754517, 1, 1.53730264877246e-05, 0 
84156, 2, 1.75608042848362e-05, 1.79186621818902 
955, 6, 1.68344500185179e-05, 26.2744132791448 
114883, 1, 1.62890325943542e-05, 0 
1850254, 3, 1.62248109809521e-05, 28.6324615872281 
2124, 7, 1.57299482484703e-05, 133.633378291946 
216945, 13, 1.6887327749257e-05, 2234.6022727814 
2675795, 1, 1.28889232593509e-05, 0 
292486, 1, 1.41823854772373e-05, 0 
50339, 1, 1.31175066243408e-05, 0 
51365, 5, 1.47307947263755e-05, 9242.35211765118 
538220, 5, 1.52311324346965e-05, 9240.54464543493 
74968, 2, 1.46267259536625e-05, 9218 
807, 10, 1.66455822624675e-05, 1184.50082194572 
86660, 16, 1.72654914622145e-05, 20534.2249301944 
88916, 2, 1.48931417082434e-05, 20.6902280410571 
92400, 10, 1.65818230056212e-05, 81.1372313239675 
994696, 6, 1.49423226346303e-05, 95.1344151258306 
111844, 1, 1.67036931865635e-05, 0 
2097, 3, 1.66911470156229e-05, 50.2383595303088 
233181, 1, 1.41733399475586e-05, 0 
2601575, 4, 1.5913937426398e-05, 34.8271446704902 
2819098, 1, 1.46089903726753e-05, 0 
2878390, 4, 1.56976014065051e-05, 14.6525662744836 
2984146, 11, 1.54588177096216e-05, 150.761952560228 
3004105, 2, 1.54440154440154e-05, 149.320680082574 
386487, 13, 1.74316244530828e-05, 6476.41756455749 
428411, 2, 1.42669634195058e-05, 9218 
48003, 5, 1.54102200579424e-05, 11.983373285427 
671211, 13, 1.5509165917057e-05, 222.230496072993 
92402, 1, 1.47080453007795e-05, 0 
1501269, 4, 1.62636004358645e-05, 0 
2215, 9, 1.63730434213112e-05, 62.9735664174781 
2704652, 1, 1.12405017759993e-05, 0 
2756107, 3, 1.46280097129984e-05, 0 
2761623, 3, 1.61574380766186e-05, 37.2543885736684 
169402, 12, 1.90632327430086e-05, 18738.5061187767 
2004647, 3, 1.81702552920869e-05, 41.2313643382022 
2025351, 4, 1.85673437558023e-05, 17921.1257399561 
2093, 8, 1.76581730854126e-05, 7275.55320845728 
2099788, 1, 1.41061629826071e-05, 0 
2109, 9, 1.62784262017548e-05, 628.737731714837 
2121, 1, 1.46307919647691e-05, 0 
2130, 14, 1.68696649684537e-05, 183.704938805394 
213116, 1, 1.35418782585145e-05, 0 
2136, 11, 1.54616859422351e-05, 135.076770002288 
216933, 1, 1.56916896811449e-05, 0 
2190, 19, 1.82252273597113e-05, 1556.01758124248 
2191, 1, 1.42553707109153e-05, 0 
227945, 8, 1.89358076121947e-05, 17971.9944439139 
2588449, 55, 1.94802664900456e-05, 11096.4366190185 
2675710, 1, 1.61477845239633e-05, 0 
2714949, 1, 1.61217514670794e-05, 0 
2726117, 1, 1.4266556338631e-05, 0 
2732593, 6, 1.77254679523539e-05, 120.016665390759 
2801918, 27, 1.63615242395982e-05, 889.770001503129 
2894082, 8, 1.87010266863651e-05, 542.773147972978 
2937790, 2, 1.79697748387213e-05, 0 
2967302, 31, 1.64023160070202e-05, 2257.00313421925 
2983836, 3, 1.96637498771016e-05, 9.94500045131259 
42094, 29, 1.7395237184059e-05, 5226.64802613495 
717609, 2, 1.63078930202218e-05, 36860 
1031542, 2, 1.56218268164279e-05, 0.462337662337662 
1287640, 2, 1.65878742639131e-05, 0 
12914, 1, 1.77116542685087e-05, 0 
1443036, 14, 1.89836171384096e-05, 96.8721046029274 
1583100, 7, 1.68457936053367e-05, 9243.01973473452 
1835721, 1, 1.37063282117354e-05, 0 
1963360, 4, 1.51648418306997e-05, 15.2624659895039 
2014742, 2, 1.60477581281895e-05, 0 
2202, 4, 1.88828883265984e-05, 1521.87233226017 
2286, 12, 1.86122692078618e-05, 18997.7568821133 
2419773, 6, 1.77973944614508e-05, 9255.57501317997 
2478954, 23, 1.85161182809636e-05, 106.885242705153 
2586965, 12, 1.66444740346205e-05, 10238.8009155328 
264636, 46, 1.87038249321986e-05, 20727.6251503564 
2720720, 2, 1.80378433954436e-05, 0 
2725994, 14, 1.70149050568298e-05, 9416.25093601596 
2742195, 5, 1.72280127487294e-05, 278.086909687168 
2745562, 9, 1.62311313098523e-05, 159.073249977502 
2883998, 9, 1.65980613464347e-05, 202.424688752284 
2920380, 3, 1.6608536787909e-05, 0.617135183409579 
2967301, 36, 1.72851883221268e-05, 12722.1521083522 
35773, 4, 1.60405505116936e-05, 81.8329510338314 
53953, 1, 1.49546127503028e-05, 0 
83171, 15, 1.75771637488575e-05, 10718.5272422295 
1032242, 33, 1.83425657580982e-05, 13436.2135466515 
165694, 1, 1.65313848341076e-05, 0 
1813019, 16, 1.75817993213425e-05, 19265.653466808 
1933904, 1, 1.67448091091762e-05, 0 
2176, 3, 1.52457616782534e-05, 9220 
2512240, 15, 1.77041286027902e-05, 5362.02702103637 
251538, 5, 1.56626883438273e-05, 9244.4695395741 
2589986, 2, 1.65527287173291e-05, 0 
2609668, 7, 1.72229685508594e-05, 14946.9761545016 
3041619, 10, 1.88118439369427e-05, 10701.658042412 
32025, 1, 1.48949163650446e-05, 0 
33045, 4, 1.76734650595596e-05, 26071.2638666346 
33056, 3, 1.65867737066463e-05, 90.1153878691783 
45363, 9, 1.6579898531021e-05, 3024.66492413051 
508451, 19, 1.67361215711871e-05, 1835.30530914462 
51664, 1, 1.33671968988103e-05, 0 
594679, 6, 1.74855744011191e-05, 18907.9526195532 
100177, 1, 1.40621264747655e-05, 0 
157339, 3, 1.59088739699004e-05, 9231.74326518965 
171282, 6, 1.61595268490539e-05, 15.2666923139679 
1749074, 1, 1.59202712814226e-05, 0 
1750535, 1, 1.74477440066999e-05, 0 
2107, 6, 1.59063434497678e-05, 1966.49080326954 
216938, 9, 1.64268348774558e-05, 27825.0281927474 
2177, 23, 1.74981189522126e-05, 5626.22003458521 
2283, 1, 1.54590566883609e-05, 0 
251535, 1, 1.54099825867197e-05, 0 
2590020, 6, 1.64470979095739e-05, 9367.44652454301 
2591003, 2, 1.62145509380118e-05, 9218 
2607662, 17, 1.72458394412348e-05, 7843.36660640392 
2704651, 2, 1.5904825524064e-05, 5.37505721237387 
2778065, 3, 1.6882481049415e-05, 9247.86694095614 
2856522, 1, 1.49655791679138e-05, 0 
2972775, 5, 1.49387511204063e-05, 1276.38845200506 
3034029, 3, 1.71933564870534e-05, 14.2095453562727 
3047716, 6, 1.63153429485088e-05, 9352.81006697466 
51229, 5, 1.66903112743053e-05, 125.892584941719 
57863, 6, 1.55683215792505e-05, 44.3843555628598 
596095, 2, 1.63033731679084e-05, 9218 
785, 1, 1.52891172063725e-05, 0 
788, 12, 1.85825249934961e-05, 10832.8968299717 
92758, 2, 1.49218097170825e-05, 9218 
114881, 12, 1.62211263950169e-05, 809.49889002133 
1476901, 1, 1.60258978509271e-05, 0 
1964448, 20, 1.7020117779215e-05, 656.861256936579 
2096, 2, 1.50695459545804e-05, 22.6736004165753 
216963, 12, 1.75583375765982e-05, 1832.59260869112 
225999, 5, 1.58162781134343e-05, 99.6965239885537 
2565304, 16, 1.568848935536e-05, 18591.0994177402 
2675791, 1, 1.37063282117354e-05, 0 
2993455, 1, 1.52539011852281e-05, 0 
43660, 2, 1.53515505066012e-05, 11.72932152682 
46239, 3, 1.54040481838627e-05, 19.6522542555436 
644281, 2, 1.60983933803406e-05, 13.0876277369967 
684066, 4, 1.77790420652135e-05, 36.3171878099157 
69656, 2, 1.47747588020626e-05, 2.9768296232548 
1338, 19, 1.93869835792249e-05, 35692.2184554423 
133925, 10, 1.68878981321985e-05, 660.611075945321 
1574269, 5, 1.75583375765982e-05, 9228.17518183138 
1648, 1, 1.66187492729297e-05, 0 
1884915, 1, 1.49864372742668e-05, 0 
1927128, 41, 2.03347093153303e-05, 33051.4089938313 
2094, 57, 1.81745483624732e-05, 6045.810438341 
216932, 68, 1.86723928671459e-05, 12347.5686867828 
2358187, 25, 2.09165638268945e-05, 8691.21298686284 
2570468, 4, 1.64978387831194e-05, 3.71009382019483 
2579250, 36, 2.10433282127901e-05, 24223.5781526077 
2735436, 14, 1.94829232177996e-05, 2809.24494245541 
315405, 4, 1.87684165086992e-05, 3338.6395694097 
336988, 7, 1.95251483911278e-05, 8020.38676052315 
33990, 4, 1.78571428571429e-05, 307.159565676511 
41980, 4, 1.80280877607312e-05, 9233.39618086975 
46632, 16, 1.96059209881384e-05, 5995.92447903452 
497724, 15, 1.70166422761461e-05, 9724.78568186724 
83526, 5, 1.83183733284484e-05, 317.057392466809 
868131, 21, 1.8787810468568e-05, 153.587076574815 
97481, 6, 1.91666347222755e-05, 35.0455972921279 
1050655, 7, 1.8866500641461e-05, 9253.55950930008 
119394, 1, 1.81890938193459e-05, 0 
1273132, 35, 2.02658884565499e-05, 1118.11146224152 
135569, 11, 1.84043434250483e-05, 14590.2412890683 
1522056, 3, 1.76878449129758e-05, 10.0655190991729 
1547445, 22, 1.90320309080182e-05, 9232.92543957785 
1602, 11, 1.79365762663223e-05, 527.250164366908 
1612, 18, 2.04880247495339e-05, 901.662837181499 
164393, 1, 1.5549923027881e-05, 0 
164451, 2, 1.6655562958028e-05, 1579.19234877943 
1660073, 2, 1.64392569455861e-05, 19.2248047040861 
1847728, 18, 1.87448451675789e-05, 331.403533209757 
187101, 34, 1.91923844618455e-05, 4367.03293550814 
188709, 9, 1.67176555159904e-05, 715.69850740907 
1891280, 4, 1.79814072249294e-05, 19.2963157926578 
2030797, 5, 1.96020778202489e-05, 24.0988767399892 
2187, 1, 1.50622825382959e-05, 0 
2189, 55, 1.83452577508714e-05, 41000.7284319366 
224719, 4, 1.85250365869473e-05, 1166.39976003803 
2259, 21, 1.92555793041034e-05, 34864.6419716576 
2283483, 1, 1.38852247323623e-05, 0 
2304606, 9, 1.77610429284408e-05, 7.09244296776938 
2424, 22, 2.09191891722277e-05, 3299.43248468187 
2546128, 35, 1.93483476511106e-05, 32217.7890621003 
2558174, 2, 1.93584606152119e-05, 0 
2703794, 1, 1.65785241797775e-05, 0 
2714929, 15, 1.99036662553242e-05, 1805.43587350593 
2773709, 1, 1.77837847450694e-05, 0 
2925830, 1, 1.88355841856435e-05, 0 
2940301, 2, 1.81517852280772e-05, 9218 
33865, 16, 2.08541875208542e-05, 231.142944791016 
33962, 22, 2.11090705676229e-05, 9923.65455844114 
392416, 22, 1.87097739859303e-05, 1694.74665773757 
489, 1, 1.60663217762925e-05, 0 
68288, 41, 1.85666542888971e-05, 27158.7533334138 
849, 10, 1.92322486345103e-05, 581.031073821134 
995019, 3, 1.67827473357389e-05, 2.43960788624256 
103690, 4, 1.6795995834593e-05, 96.905854032946 
1244531, 9, 1.88853846008574e-05, 9725.67318391625 
138563, 33, 2.0421499754942e-05, 5723.98355572609 
151081, 4, 1.90331176246669e-05, 315.760628196119 
157691, 11, 1.77648291911673e-05, 7407.33883967969 
1656159, 5, 2.00328538803638e-05, 1457.29026790446 
1673428, 5, 1.96970592290571e-05, 14.5467546398068 
176292, 12, 1.90941724585656e-05, 2939.30862520478 
201828, 1, 1.42818377868864e-05, 0 
202, 8, 1.94204925036899e-05, 9232.12955851458 
2027290, 4, 1.86525404760128e-05, 33.341086733498 
2115, 3, 1.57810847917686e-05, 9218 
2133, 3, 1.54526068547764e-05, 2.8993433263794 
2137, 10, 1.80714182449039e-05, 421.492147219362 
2163644, 6, 1.9351717464925e-05, 86.3003822800072 
2180, 13, 1.80838366667872e-05, 4.73371229789937 
228229, 17, 1.95034423575761e-05, 23609.3639880136 
2303, 8, 1.88256556034564e-05, 9972.12692420423 
2322, 35, 2.07271069104174e-05, 9685.90072181615 
260714, 1, 1.64717509471257e-05, 0 
28080, 19, 2.00340578984273e-05, 12420.895102967 
2827233, 8, 1.80420741168405e-05, 70.198306920433 
2866211, 2, 1.61825390403754e-05, 18434 
29520, 5, 1.53101843346194e-05, 13.1548154621641 
3003229, 9, 1.72292000482418e-05, 3460.60778779946 
3035453, 13, 2.07649819344657e-05, 19.3995988281851 
3064001, 3, 1.99298469387755e-05, 17949.5696526006 
315393, 16, 1.66055030637153e-05, 1258.15658966224 
37372, 7, 1.84260470601242e-05, 0.800413850112254 
40542, 9, 1.71535413486114e-05, 3581.35077340821 
47834, 28, 1.64652418744031e-05, 8249.64198015757 
53444, 13, 1.88504967105883e-05, 8450.86964121121 
708126, 10, 1.94510902336076e-05, 7725.59135333769 
712362, 13, 1.85532199113156e-05, 476.284698850303 
715451, 1, 1.61914476773368e-05, 0 
72275, 1, 1.58533878689876e-05, 0 
754, 9, 1.84484826123051e-05, 2.20210084727406 
1007676, 17, 1.89695728052204e-05, 14088.2960131389 
102886, 7, 1.76003660876146e-05, 0.106062249433497 
113267, 2, 1.86237079802589e-05, 0 
1252, 12, 1.93348801237432e-05, 213.348963291744 
171285, 1, 1.47093433749117e-05, 0 
171286, 82, 1.83331500018333e-05, 11291.2675184102 
1741, 1, 1.59063434497678e-05, 0 
1814128, 8, 1.91116887088143e-05, 252.880544890085 
195498, 3, 1.88398424989167e-05, 11.6631130436577 
198252, 8, 1.7863841797817e-05, 9504.26554101059 
2107999, 21, 1.66369973547174e-05, 4487.7608768276 
216931, 44, 1.91670020892032e-05, 36096.6785737232 
2203724, 3, 1.87729969212285e-05, 5.63851978232711 
254785, 1, 1.65311115519408e-05, 0 
2579791, 3, 1.66201303018216e-05, 12.0481960776913 
2675792, 1, 1.33559494076636e-05, 0 
2689110, 3, 1.8857606215467e-05, 1.02095447569628 
2704413, 2, 1.43853844493994e-05, 15.7959410092655 
2724901, 25, 1.96741953254112e-05, 13399.694882234 
2913495, 18, 1.7660667926461e-05, 70.3544399234605 
29553, 19, 1.85656201845423e-05, 1920.73794900814 
2961895, 1, 1.6613227451697e-05, 0 
33993, 2, 1.51911040894452e-05, 0 
353852, 5, 1.60459556168868e-05, 73.779666393009 
50052, 1, 1.56916896811449e-05, 0 
549298, 37, 1.98862506463031e-05, 13713.4171862334 
588, 6, 1.87437911191918e-05, 44.8212861108947 
77022, 1, 1.58538905447397e-05, 0 
1166, 4, 1.97269786159552e-05, 1.43704576769316 
1218494, 4, 1.88373582488792e-05, 5.15526598099955 
1415657, 3, 1.58594220826593e-05, 186.845534578347 
1471399, 3, 1.49754402779442e-05, 14.5770094249586 
1605, 8, 1.90519737844841e-05, 4076.71176339647 
1660063, 1, 1.73331253358293e-05, 0 
1676142, 2, 1.40823252735492e-05, 9218 
1932669, 13, 1.78164196123147e-05, 692.986321622996 
1987580, 6, 1.78100733775023e-05, 52.5712186611618 
198832, 1, 1.59243275952673e-05, 0 
2081052, 3, 1.85828703101481e-05, 16.8254843371234 
2112, 19, 1.78459891139466e-05, 8355.46298015105 
225148, 1, 1.69825419468786e-05, 0 
2277, 4, 1.86157340183923e-05, 229.248381521457 
2321114, 31, 1.86448894358056e-05, 9784.61274252659 
2589990, 10, 1.90106840044105e-05, 293.007939483679 
293371, 8, 1.81386152981081e-05, 11.449990379788 
29555, 12, 1.78926085634025e-05, 12111.7132091637 
2983210, 1, 1.51123603995708e-05, 0 
3058373, 8, 1.69144635577883e-05, 7503.68389625301 
374106, 31, 1.87241372853746e-05, 12866.4092569364 
377315, 6, 1.62106082220205e-05, 29.3945844854226 
554406, 6, 1.84515462395749e-05, 367.473974744623 
634113, 10, 1.69055991344333e-05, 26967.8644404662 
650378, 1, 1.70441955991887e-05, 0 
708186, 81, 1.86968308871646e-05, 6266.15988940602 
782, 7, 1.71833115678053e-05, 51.6143865234897 
83559, 1, 1.62890325943542e-05, 0 
87541, 26, 1.95901735689378e-05, 27639.8150343759 
1085644, 13, 1.60384923817161e-05, 384.260389626239 
1218493, 16, 1.91861245946931e-05, 19031.6228599233 
1231049, 9, 1.87994660951629e-05, 306.014628389465 
123841, 3, 1.78030977390066e-05, 5.31510946666754 
1326, 1, 1.51975683890578e-05, 0 
142650, 11, 1.72503018802829e-05, 18487.313437828 
171279, 13, 1.65664397064427e-05, 863.828843920936 
182141, 20, 1.96174595389897e-05, 12736.0206299531 
1977864, 8, 1.77619893428064e-05, 29.2584702522175 
2005262, 1, 1.48836101684825e-05, 0 
2039240, 13, 1.6412007024339e-05, 10694.104785723 
2053287, 22, 1.950230127155e-05, 2954.88246575162 
2066483, 4, 1.82959181806539e-05, 4.65713240583158 
2110, 2, 1.5633305193384e-05, 7.58185656824879 
2139, 21, 1.80021242506616e-05, 19057.9861772256 
2267891, 59, 1.82962529274005e-05, 20206.8161725806 
229155, 29, 1.68913212391473e-05, 29130.8371258312 
2320140, 13, 1.61569159678801e-05, 249.946042466761 
249402, 25, 1.83455943055275e-05, 12075.5132448809 
2508687, 24, 1.95251483911278e-05, 15612.228962016 
267818, 4, 1.82292141385785e-05, 95.1940736846139 
267889, 22, 1.88037080912356e-05, 9406.39609335492 
2740405, 12, 1.87543369404175e-05, 72.4523990320394 
2806205, 4, 1.73457528924043e-05, 9218 
29559, 3, 1.61883023327344e-05, 27.5083255794083 
45361, 1, 1.48632580261593e-05, 0 
484, 3, 1.67723323605381e-05, 12.4241614704819 
51161, 8, 1.86327302539641e-05, 9328.23254582685 
52133, 1, 1.85549411808365e-05, 0 
59512, 2, 1.63585800752495e-05, 312.103588249738 
693750, 1, 1.59015376786935e-05, 0 
73913, 5, 1.77578889421626e-05, 1537.87352560822 
76517, 60, 1.88497860549283e-05, 10296.8558767683 
76832, 14, 1.87437911191918e-05, 16137.0908239873 
938155, 6, 1.78037316621564e-05, 42.9170528577537 
954, 42, 1.77897957731445e-05, 6937.98464092968 
1835254, 3, 1.91795009493853e-05, 9219.5383097379 
185008, 17, 2.13611312855129e-05, 3664.7368906641 
1852374, 7, 1.94084310224361e-05, 916.70432737006 
1855616, 7, 2.10486434149319e-05, 1741.13798436786 
2008440, 14, 1.97640176295037e-05, 650.497235594404 
2092, 10, 2.06287647495668e-05, 337.182742198374 
213, 53, 2.32926488400261e-05, 6620.02760057604 
2325, 2, 1.93824743666777e-05, 0.233939508817881 
2587862, 36, 2.30483785465693e-05, 161.312386298256 
2652177, 13, 2.07322635485342e-05, 758.227374219224 
2699836, 2, 1.77452841907263e-05, 0 
2719989, 4, 1.96838769364014e-05, 51.7582110806538 
2746230, 41, 2.23488657950609e-05, 8588.50798787582 
2774154, 16, 2.11685012701101e-05, 13379.9565729096 
2841264, 3, 1.55296383147236e-05, 8.5551486234417 
3031993, 12, 1.98763689849138e-05, 679.325954786044 
362837, 24, 1.77496938177816e-05, 13265.2168890474 
367190, 38, 2.20784668712605e-05, 2202.2414298966 
446374, 8, 2.09863588667366e-05, 1.40496712251283 
52764, 1, 1.49213644095616e-05, 0 
56426, 16, 1.78256296903688e-05, 100.674086885989 
573600, 5, 1.98385144920348e-05, 9.97429760133726 
63363, 4, 1.96486815734664e-05, 225.643943620841 
730, 36, 2.08337673701535e-05, 22187.253244268 
753, 102, 2.20735933602631e-05, 26733.4583415481 
768528, 15, 2.11144190367602e-05, 2036.59207526044 
114527, 3, 1.90200852099817e-05, 2.11758361746261 
1199245, 3, 1.9503061980731e-05, 9220.98255384505 
123824, 2, 1.90872478097383e-05, 0 
1294262, 2, 2.03919329513245e-05, 1.19313866677469 
1508420, 32, 2.0703505103414e-05, 2189.76812024987 
1522127, 2, 1.54935469377004e-05, 16.4775959739411 
1587, 35, 2.05262941828482e-05, 19523.4687622384 
1805431, 21, 1.91901746305891e-05, 58326.0327230991 
1812112, 10, 1.67131850316715e-05, 617.823835579362 
188711, 7, 1.51673719494623e-05, 53.4008832991395 
202950, 111, 2.25636860037456e-05, 33854.3024318516 
28227, 59, 1.92218975857297e-05, 6542.14229704194 
29329, 3, 1.97075401048441e-05, 343.262455469721 
294671, 37, 2.06530494227473e-05, 15155.0738977504 
2951137, 5, 1.94170986971127e-05, 1.62468025331738 
29556, 59, 2.00188176886273e-05, 11276.4610728613 
2983215, 44, 2.05465379083624e-05, 837.308669873635 
327575, 32, 2.11041701840284e-05, 286.318847870512 
33034, 30, 1.86393289841566e-05, 9395.72969342237 
34061, 3, 1.86640288172605e-05, 9220.69271398246 
341027, 56, 2.02212201484238e-05, 10343.5784584818 
362787, 67, 2.2383382576775e-05, 47793.9923721298 
41997, 1, 1.85549411808365e-05, 0 
496, 5, 2.02101859337106e-05, 1582.90712166109 
54248, 3, 2.07095077350011e-05, 0.13832910769357 
58231, 10, 2.09511837418814e-05, 1916.97009409495 
60520, 110, 2.3133154436939e-05, 24026.6008301495 
75906, 21, 1.99928025910672e-05, 20185.0751395428 
762833, 4, 1.9083241097668e-05, 1.22232175150629 
803, 2, 1.76208348751564e-05, 2.59752746608239 
83683, 12, 1.88654328673571e-05, 442.32213905795 
971279, 17, 1.8418580664174e-05, 88.1694084176756 
1081631, 8, 1.61563938928831e-05, 10979.4091687593 
1269201, 2, 1.61287721165788e-05, 18434 
1375, 15, 1.93487220169108e-05, 3749.75125651474 
1386941, 31, 2.08541875208542e-05, 656.812295840713 
1424653, 60, 2.01292296543811e-05, 3983.15354497269 
1529069, 59, 2.03351228241419e-05, 5376.16974099794 
159191, 5, 1.96958953754038e-05, 9218 
1670455, 1, 1.8517146878009e-05, 0 
171288, 28, 1.70291027365768e-05, 3676.39559562281 
1855617, 21, 2.17983651226158e-05, 21479.6056017159 
1929246, 8, 1.9614381264343e-05, 176.031877833577 
216942, 53, 1.84392978315386e-05, 27419.6217912872 
2223, 16, 1.94620684286326e-05, 696.264276696399 
2234087, 18, 1.96846518769316e-05, 14896.8961079217 
2590022, 25, 2.01751200419642e-05, 13586.8221006576 
2661583, 19, 1.73445494753274e-05, 3557.41818785511 
2662362, 51, 2.12707123561568e-05, 30183.8658146769 
2672570, 41, 2.02584984400956e-05, 7453.54349063341 
2792084, 5, 1.81343391846801e-05, 8.02358960817806 
2904121, 19, 2.04574280921403e-05, 889.76833113056 
2925411, 22, 2.15016771308162e-05, 21623.4523515983 
292691, 70, 1.97156996116007e-05, 19258.0572014447 
2937909, 5, 1.54734089467251e-05, 9226.06016386394 
2940300, 1, 1.60714859695927e-05, 0 
2991499, 6, 1.59678088972631e-05, 643.875648538159 
3036300, 5, 1.8321058224323e-05, 18.0388542492821 
3074145, 50, 1.86046511627907e-05, 1751.01456697881 
313590, 74, 2.10579514824798e-05, 2779.54841949431 
33047, 5, 2.01503213976263e-05, 34.3409640257324 
33968, 2, 1.84788232685343e-05, 0.334958661569513 
361101, 15, 1.9902873975002e-05, 511.097181110049 
483, 2, 1.88593844296922e-05, 9218 
53558, 1, 1.61004669135405e-05, 0 
56812, 21, 1.95007800312012e-05, 2080.37225384985 
81461, 16, 1.87536335164938e-05, 15632.3768201783 
84135, 102, 1.90345667732602e-05, 33409.8014945863 
84590, 9, 1.93397412342623e-05, 10352.9071302575 
102862, 27, 1.98011959922379e-05, 26363.9340760088 
1056807, 2, 1.88253012048193e-05, 5.21987381918632 
109472, 55, 2.01897839693115e-05, 42921.3777026068 
1118, 18, 1.95756009709498e-05, 5844.98982999281 
1235990, 2, 1.90092384899061e-05, 2.79008243772822 
128944, 8, 1.92815687484334e-05, 11771.6092357748 
1324350, 80, 2.1152381758186e-05, 21085.7970908379 
1345, 3, 1.9121190102872e-05, 1919.08275820933 
134821, 9, 1.69116030508532e-05, 9355.95523166658 
142649, 7, 1.53867458571187e-05, 89.7466071309073 
1603, 4, 1.94586600766671e-05, 2916.60091445012 
1608473, 28, 2.04716672125778e-05, 57763.2468582963 
1678309, 1, 1.94148368182965e-05, 0 
170861, 13, 2.22593210907067e-05, 1210.99190835482 
174587, 4, 1.84318206952483e-05, 9340.31905325454 
1808001, 85, 2.23668612583596e-05, 50897.9965040399 
1906744, 37, 2.19346347883308e-05, 6597.78292053523 
1933929, 1, 1.84362382699434e-05, 0 
2116, 22, 1.81920718950681e-05, 685.09309068007 
2126985, 57, 1.93266591936918e-05, 1760.45256677293 
244582, 14, 2.08012647168948e-05, 9348.19893230126 
2479367, 9, 2.00726630402055e-05, 119.682122860976 
2483368, 3, 1.80297129669696e-05, 184.703726212253 
249188, 3, 1.86804154524397e-05, 4.32991571497364 
2576930, 4, 1.90701399748274e-05, 3.24563163298351 
2592816, 2, 1.64489916768102e-05, 7984.12803634132 
2904123, 124, 2.16132099939483e-05, 57425.1294806374 
2921087, 1, 1.65645188007288e-05, 0 
2929489, 1, 1.81570585565138e-05, 0 
2942908, 7, 2.00726630402055e-05, 5541.57613818927 
29519, 40, 1.81887629822296e-05, 749.169495920483 
2955363, 4, 1.53155774738487e-05, 0.485218253968254 
2991940, 15, 1.730223544882e-05, 8847.88419976391 
2992244, 2, 1.68821960360604e-05, 9218 
2993714, 18, 2.1134499957731e-05, 229.840298831633 
3036714, 1, 1.83688464364438e-05, 0 
34021, 1, 1.64136233073451e-05, 0 
38323, 8, 1.88284912729943e-05, 9370.58230305405 
400065, 4, 1.96051522340071e-05, 14.671526698839 
478, 12, 2.05685137191987e-05, 693.813669036651 
480520, 94, 2.10881484605652e-05, 16408.2579123573 
513223, 12, 2.05393636905129e-05, 1541.50291432198 
55603, 21, 1.79365762663223e-05, 223.74014331785 
58290, 20, 2.01255836419256e-05, 736.964747593209 
712368, 58, 1.86584569456106e-05, 11089.7717277516 
754516, 37, 1.7863841797817e-05, 16962.6699570042 
949, 5, 1.91343614863572e-05, 93.3049982635192 
106648, 58, 2.1126909344432e-05, 3672.504105696 
1070130, 2, 1.56678417547983e-05, 3.17911579256801 
1074467, 23, 1.91182655909456e-05, 3073.50049219947 
1253, 4, 2.02548054525936e-05, 90.0359886164336 
1302376, 7, 1.86483664031031e-05, 20.6489146520826 
1501268, 6, 1.78967714224354e-05, 2.74575732989614 
1579, 16, 1.8311999853504e-05, 36.5855779271196 
1653476, 60, 2.1079258010118e-05, 44172.650765978 
172045, 84, 2.11756733864137e-05, 7033.60053396067 
1780362, 1, 1.77954941808734e-05, 0 
1789762, 39, 2.04825693334972e-05, 18201.1907110197 
200415, 41, 1.93251652301627e-05, 11510.4829635127 
2006115, 38, 2.12161072686384e-05, 13478.5007124141 
2115978, 6, 1.96328654167076e-05, 55.7103727270474 
214888, 134, 1.9530487090348e-05, 73411.3299534083 
2160, 6, 1.9967652403107e-05, 543.039651059865 
2704653, 17, 2.07662755684768e-05, 3409.00956905155 
2714930, 1, 1.60438960997289e-05, 0 
2714946, 1, 1.63057657187582e-05, 0 
2735723, 3, 1.51558782073627e-05, 8.35445670257159 
2779363, 1, 1.60318071052969e-05, 0 
2822137, 13, 2.17235461516738e-05, 30.9960035657986 
2939731, 2, 1.80102298105324e-05, 1.01648755153864 
3050131, 127, 2.04035828691518e-05, 22067.6263513329 
44009, 7, 1.94416362081033e-05, 117.000620299293 
511746, 10, 1.97687061381833e-05, 21.6027706693824 
5761, 9, 1.73605083156835e-05, 21842.6570343013 
617123, 23, 1.96885274950286e-05, 2656.07175171238 
622488, 25, 1.80818747287719e-05, 9961.24180934964 
693153, 29, 2.0791749833666e-05, 15312.439143919 
944547, 1, 1.29696639560069e-05, 0 
1032623, 47, 1.94609321786514e-05, 4783.37898301715 
114090, 1, 1.77942275525819e-05, 0 
1151742, 20, 2.00593757522266e-05, 4341.52668098297 
1177213, 23, 2.0585026451759e-05, 10848.8781574841 
1329, 3, 1.90454424256275e-05, 1.19827613893744 
1353277, 1, 1.76282898795988e-05, 0 
1395624, 28, 1.96440498173103e-05, 3788.41733432073 
1408194, 1, 1.55889505518488e-05, 0 
1408204, 18, 2.07404334750596e-05, 9447.11887176137 
1505652, 6, 1.82049881667577e-05, 9306.46649444318 
157688, 14, 1.77462289263532e-05, 401.062123807968 
1609531, 9, 1.79108754835936e-05, 690.964569338794 
1705394, 1, 1.53593315618904e-05, 0 
1720083, 5, 1.91934895683384e-05, 152.284349383494 
1870984, 8, 1.82232346241458e-05, 306.951819503413 
1871111, 32, 2.03285087006017e-05, 17205.1455165244 
2143, 13, 1.79972644158088e-05, 390.401958559879 
2268451, 89, 1.97409981048642e-05, 1974.34333898065 
2287, 6, 1.79749429295562e-05, 4.33523363148859 
230361, 17, 1.90585096245474e-05, 681.349315668152 
2321111, 144, 2.02835642279061e-05, 35648.7893972935 
244787, 12, 2.00811277561348e-05, 146.328780206952 
2571750, 1, 1.53381290550179e-05, 0 
2682810, 3, 1.80154212005477e-05, 0.360275312467726 
2706014, 3, 2.05689367916572e-05, 0.730542263512207 
2708340, 3, 1.83651356265266e-05, 0 
2714948, 13, 2.10207685192971e-05, 6279.18562998367 
2725268, 30, 1.87308009290477e-05, 170.042305157158 
2762286, 12, 1.80720714208263e-05, 27397.0336527691 
2810348, 1, 1.44304308926665e-05, 0 
2899121, 135, 1.97145335541361e-05, 12928.7960434526 
2904119, 17, 2.00304462783431e-05, 1372.84233964286 
3003601, 76, 2.06611570247934e-05, 23730.9095358424 
3040201, 2, 1.63652728909255e-05, 6.25478816921686 
3072977, 6, 2.05952013180929e-05, 1885.62098018784 
309868, 25, 1.83870849115581e-05, 15590.061308516 
387092, 1, 1.76706543443304e-05, 0 
39766, 66, 1.86018825105101e-05, 2883.11538919441 
446372, 1, 1.82735180176888e-05, 0 
556287, 3, 1.73885826566277e-05, 9484.74941454796 
621, 1, 1.72541711958866e-05, 0 
712357, 61, 2.12856534695615e-05, 18913.0098484306 
86332, 1, 1.79497765252823e-05, 0 
109262, 1, 1.62980589011849e-05, 0 
118062, 6, 1.84097645391115e-05, 7694.91640255939 
1190813, 65, 2.15605528125741e-05, 12909.04483624 
1340, 28, 2.07271069104174e-05, 882.750324826952 
142651, 4, 1.53600393217007e-05, 3.46625698873391 
1448857, 24, 1.82189185249964e-05, 9213.5065582211 
149016, 11, 1.86438465984302e-05, 1140.21471279034 
155863, 60, 1.83150183150183e-05, 17777.207969814 
1596, 6, 1.75830358869762e-05, 94.0742187398753 
1660078, 10, 1.86912394160857e-05, 65.7266561197488 
1712654, 14, 2.0614306328592e-05, 296.691057002994 
1758390, 7, 1.98819015050599e-05, 442.637317027402 
182262, 13, 1.91000076400031e-05, 62.0574976280746 
186823, 8, 1.63036389722186e-05, 15.6619358241942 
1935204, 91, 1.98578180229556e-05, 22450.1960569343 
195248, 2, 1.71570730033456e-05, 0 
2003121, 40, 1.93199381761978e-05, 7072.350379825 
2024608, 49, 1.88536953242836e-05, 2546.27618718009 
2275, 2, 1.83550228520035e-05, 1.46627779790882 
2575699, 15, 1.98558465540178e-05, 736.866195748764 
2584467, 5, 2.0888601090385e-05, 8.84655381849472 
2734194, 2, 1.85058385920758e-05, 0 
2746231, 13, 1.86650739136927e-05, 1108.83087694402 
2862870, 3, 1.84580172397881e-05, 3.78250561082666 
2923364, 2, 1.78724621103803e-05, 0 
2943497, 5, 1.97413878195637e-05, 72.8827467021233 
3031803, 1, 1.54913867889453e-05, 0 
3050243, 2, 1.6128251858781e-05, 9218 
488546, 14, 1.82205783211559e-05, 1320.80077349515 
513050, 3, 1.67835923601088e-05, 11.8974117845362 
556259, 11, 1.90226178926744e-05, 9230.16978618271 
591154, 7, 1.95690886675408e-05, 9363.07436883509 
64160, 3, 1.92115576730961e-05, 9218 
985043, 18, 1.91600245248314e-05, 15014.8989031525 
1002672, 23, 1.93532155367614e-05, 497.472163635062 
1281486, 8, 1.81752090149037e-05, 351.319597367795 
229980, 42, 2.19274202390089e-05, 9608.79688033441 
2487118, 12, 2.15396545039418e-05, 59.4524853925948 
2563897, 64, 2.33475753542995e-05, 16466.6713498317 
2586643, 15, 2.19120450511646e-05, 12.2149899201179 
2598455, 107, 2.23929059274022e-05, 9655.50508433624 
2683967, 85, 1.84141715464221e-05, 5271.02417721073 
2731220, 1, 1.65936545864861e-05, 0 
2763062, 9, 2.07658443392308e-05, 258.906085538848 
2778911, 10, 1.90715947667544e-05, 47.6243100406219 
2800061, 4, 2.01154627562207e-05, 0.519963787206236 
28137, 222, 2.25103547631911e-05, 31096.318373156 
2870563, 4, 1.64465569133102e-05, 10.8956014528694 
2908646, 232, 2.43985751232128e-05, 46546.6445416507 
2908650, 9, 2.05960496776718e-05, 326.872036909175 
2991418, 52, 1.99804191891946e-05, 5107.23643586614 
3032580, 20, 2.19408912390021e-05, 83.0144360950442 
349064, 185, 2.371072910492e-05, 18078.3742808037 
379547, 8, 1.81494791099495e-05, 4.49555103121043 
409322, 52, 2.36401030708494e-05, 3835.75243888194 
41673, 160, 2.14491012826563e-05, 21694.1190373299 
45851, 3, 2.07766304460743e-05, 0 
468911, 33, 2.04248366013072e-05, 4870.20386790402 
480, 14, 2.13360643495701e-05, 8588.84517886082 
573570, 88, 2.00940401077041e-05, 2174.0885905912 
589437, 183, 2.18727443732365e-05, 46280.7213553162 
638, 53, 2.18531468531469e-05, 36139.7792789295 
718192, 122, 2.3515026101679e-05, 17157.0046704452 
877500, 135, 2.15252814430549e-05, 10183.0931559193 
93466, 28, 2.2237046920169e-05, 9556.34181657023 
114186, 197, 2.07688633201105e-05, 72522.9249023559 
1184387, 144, 2.343621833181e-05, 32716.1817653966 
1247, 152, 2.2306491188936e-05, 22517.0877843109 
134287, 9, 1.79111962888001e-05, 18634.3024602719 
137583, 5, 2.00746778014213e-05, 33.8486715344753 
1472345, 15, 2.10234200899802e-05, 3284.21880647547 
1542390, 5, 1.96467514096544e-05, 38.9014712396633 
161398, 12, 2.26567279153545e-05, 1264.9685379794 
1623306, 1, 1.61277316345456e-05, 0 
1714845, 108, 2.40044168126935e-05, 6410.77230287274 
171552, 9, 2.06906540315739e-05, 4.76518464317639 
1743174, 10, 2.14219918167991e-05, 22.6402108840197 
1870884, 153, 2.06266372393309e-05, 28853.5453539559 
195, 40, 2.18035932321647e-05, 9259.46585838889 
202951, 7, 2.16146114773587e-05, 15319.7501456966 
202956, 102, 2.26515958049245e-05, 27949.1209905792 
2118, 6, 1.59233133230363e-05, 27691.6904966533 
2234, 44, 2.32342007434944e-05, 5387.06809465914 
236753, 98, 2.07163721489093e-05, 1389.09858416394 
2486578, 132, 2.243963737546e-05, 82897.8336257822 
251540, 2, 1.724286576429e-05, 0 
2583452, 55, 2.13024306073323e-05, 3228.16852718089 
2701, 2, 1.92241147295167e-05, 0.276675942266319 
2738843, 1, 1.75524819209436e-05, 0 
2778550, 1, 1.88932343327854e-05, 0 
2873269, 1, 1.82049881667577e-05, 0 
2886040, 18, 2.11676050971593e-05, 10321.927197605 
2949997, 4, 2.08133871706281e-05, 3.81741852401297 
3050637, 55, 2.20706702862566e-05, 910.987026871858 
322019, 32, 1.76856551650956e-05, 3283.12214127633 
38986, 23, 2.22108699997779e-05, 311.665603253666 
459529, 126, 2.27531285551763e-05, 2919.8255759763 
58049, 34, 2.28081379436183e-05, 586.958589138927 
626, 9, 2.11162024621492e-05, 34.4748527276058 
70258, 5, 1.92318787622363e-05, 8635.93100313104 
70348, 1, 1.77455990914253e-05, 0 
81468, 10, 2.09784341696736e-05, 348.495291490379 
111955, 71, 1.89501610763691e-05, 1585.28455033664 
1267021, 186, 2.13137814911122e-05, 21975.6334316906 
137591, 2, 1.95828845588955e-05, 0 
139, 70, 1.84287636142491e-05, 3900.84775634626 
1499987, 185, 2.09296971472823e-05, 21503.3182262906 
1514105, 9, 1.98617621355367e-05, 161.587929835399 
157692, 141, 2.13666082646041e-05, 64489.5481723726 
158850, 81, 2.29342017751072e-05, 8973.659724195 
1600, 59, 2.14979791899561e-05, 23124.6191060522 
1630141, 44, 2.16015380295077e-05, 16862.6667930761 
1635327, 113, 2.14141933273374e-05, 26006.9888352163 
1789224, 7, 2.17112833539591e-05, 43.8935132433689 
1884904, 3, 2.06902259372672e-05, 0.985456225902563 
1902580, 51, 1.8737118231216e-05, 4325.68749891564 
2081049, 2, 1.93027834613751e-05, 0 
2138, 74, 1.95748345926477e-05, 10433.314019489 
2161872, 111, 2.2779562176815e-05, 33631.9684415665 
216935, 53, 1.8280533060344e-05, 27683.7985109144 
2317, 175, 2.09270691639636e-05, 26990.5799589035 
2587858, 10, 1.89717321191425e-05, 9331.18219293101 
2697033, 9, 2.07374227531002e-05, 194.928158276381 
2714947, 7, 1.96251594544206e-05, 9220.48554330363 
2755338, 50, 2.14541631803652e-05, 5655.49119992128 
2787628, 45, 2.24114746750336e-05, 24221.5103584238 
282676, 102, 2.11407551477739e-05, 3136.38134341062 
2904122, 1, 1.76469550179117e-05, 0 
29384, 1, 1.72556598564329e-05, 0 
29459, 4, 1.91960686451415e-05, 14.7465949633522 
2948573, 97, 1.95495777291211e-05, 11618.5138788663 
3016343, 13, 2.17736843251247e-05, 304.470662635977 
310769, 45, 1.76553672316384e-05, 22519.84471564 
392332, 1, 1.40032487537109e-05, 0 
39485, 23, 2.11850941677436e-05, 5853.9916150473 
46124, 10, 2.03583061889251e-05, 10549.6898079455 
622, 38, 2.21439801589938e-05, 4364.63823341094 
67826, 5, 2.00236278808995e-05, 514.857147536053 
69499, 2, 1.73292205316605e-05, 1.62784269339485 
82688, 13, 2.0639834881321e-05, 954.351598548447 
1004303, 36, 1.95840350945909e-05, 1038.23090900301 
1160784, 5, 1.78208646683537e-05, 139.907104612902 
1176482, 6, 1.84996762556655e-05, 80.312078582555 
13076, 18, 2.04340185540888e-05, 480.725072844328 
1318743, 31, 1.89436993256043e-05, 253.208845342922 
1353976, 46, 2.25047822662316e-05, 2040.34816654756 
143, 4, 1.62922172078398e-05, 41.1783530954342 
1517, 37, 2.15610176800345e-05, 641.647397667684 
152331, 134, 2.26968383304206e-05, 83217.3542858216 
1914871, 29, 2.20989591390246e-05, 577.037680808742 
200615, 1, 1.4040802572275e-05, 0 
2058135, 50, 2.04649639816634e-05, 28240.1666398479 
216946, 44, 1.86947336935185e-05, 1210.44378645813 
2203, 103, 2.4011909907314e-05, 15921.7017826557 
221027, 8, 1.98471767391089e-05, 149.525904572293 
2213226, 106, 2.25616497078266e-05, 18880.1510957646 
2259672, 76, 2.17879164215526e-05, 28020.3483065863 
2698686, 48, 2.23488657950609e-05, 4547.78846911964 
2770636, 6, 1.83715461493239e-05, 0.272195400916549 
2778054, 108, 2.23079840274834e-05, 23001.5809214727 
2779528, 59, 2.31476123237888e-05, 3342.07337282613 
28200, 97, 2.00795148789205e-05, 12128.7885576705 
285729, 97, 1.95943960027432e-05, 29209.9990903206 
2864217, 4, 1.96811651249754e-05, 1.35701608952662 
2886510, 56, 2.06385569520979e-05, 3151.11937576755 
29291, 18, 1.91219213706593e-05, 8.68411646223848 
2953738, 145, 2.20638527899742e-05, 75472.9603631371 
2965074, 2, 1.91149765841537e-05, 0 
2969672, 123, 2.23284061983656e-05, 13809.1182820781 
2991500, 2, 1.94310586040728e-05, 0.348578000475215 
3030492, 270, 2.43706285185095e-05, 13039.5622329189 
34105, 118, 2.05473822634996e-05, 30946.4847505206 
46228, 24, 2.18789655625082e-05, 10617.3788231615 
53945, 12, 1.75978882534096e-05, 16875.3831945826 
748770, 6, 1.88757597493299e-05, 115.43457684775 
78259, 20, 2.05174500913027e-05, 19936.1214374116 
944, 37, 1.88818186967769e-05, 16514.3587293986 
118883, 15, 2.17381852962915e-05, 30052.2018715402 
1281, 5, 1.87553921752504e-05, 665.821283723631 
1293412, 1, 1.67448091091762e-05, 0 
13, 20, 1.91394885928648e-05, 12853.3752960694 
160798, 69, 2.21469226850929e-05, 20968.8694342193 
1612624, 4, 2.0718088963474e-05, 0 
1647, 1, 1.51841841537854e-05, 0 
1755811, 136, 2.23134594787576e-05, 87667.8470731404 
1840265, 4, 1.75780906677917e-05, 77.2916624235234 
1967665, 186, 2.32769255836689e-05, 38257.9109709625 
2012495, 17, 2.05896886839071e-05, 450.762398451247 
206403, 6, 2.09956119171093e-05, 14.3788947623944 
2145, 65, 1.88338104565316e-05, 25460.3580373155 
2315, 6, 1.88803927121684e-05, 10.5902785679661 
240426, 2, 1.4041591193114e-05, 9218 
2576922, 2, 1.82558373039779e-05, 0.259259259259259 
2576926, 39, 2.15086141999871e-05, 23608.3381733821 
2590551, 19, 1.8982175736983e-05, 15.0318098234057 
2715164, 111, 2.22667557336896e-05, 30087.2261216731 
277988, 2, 2.11617818220294e-05, 0 
2785331, 132, 2.22603120895755e-05, 115113.298595565 
2929490, 3, 1.93745882899988e-05, 5.30367024266007 
375175, 10, 1.98981216173193e-05, 7.46272972088337 
388640, 3, 1.97581601201296e-05, 3.71401344030535 
45056, 109, 2.24582837379567e-05, 30515.5555521501 
45610, 13, 2.15638073058179e-05, 2798.17407461686 
505341, 44, 2.1580094520814e-05, 22265.8886754337 
511435, 70, 2.01991637546206e-05, 30333.7598551172 
51665, 15, 2.10859251449657e-05, 425.227878364946 
62088, 12, 1.67064837863575e-05, 72.4230492307089 
649777, 12, 1.64133539047369e-05, 178.737091841676 
673372, 56, 2.20848056537102e-05, 9886.6451897818 
676208, 4, 2.009565531932e-05, 0.239874449460897 
81466, 5, 1.6116035455278e-05, 45.2812942220541 
82135, 18, 2.10243040955344e-05, 282.753712881819 
84405, 2, 2.01102039174677e-05, 0 
101192, 1, 1.90930787589499e-05, 0 
106649, 129, 2.03111670796604e-05, 11090.8358912792 
108980, 9, 2.14772019501299e-05, 82.9765846560422 
1241978, 123, 2.12341274897014e-05, 37770.8397206011 
1346287, 2, 1.43219283044269e-05, 15.212946947836 
1353, 21, 1.77264105791218e-05, 57.8315850324103 
136094, 8, 1.87984058951801e-05, 1575.98407610817 
1674923, 12, 1.84767746942094e-05, 17.8852123558104 
170673, 28, 2.18035932321647e-05, 9023.7381581625 
1855883, 31, 2.19106047326906e-05, 4246.09174913811 
2081041, 15, 2.06440957886045e-05, 268.533178262663 
215689, 1, 1.76566141676672e-05, 0 
2186, 3, 1.80267878066807e-05, 0 
2382161, 20, 1.97792634202302e-05, 297.020924322468 
242600, 110, 2.16858586515733e-05, 10448.7338059923 
246875, 4, 1.50446072605275e-05, 14.9652845166244 
254839, 2, 1.92477961273434e-05, 4.48119005035588 
2592625, 3, 1.97398290530804e-05, 0 
2704654, 119, 2.13803130077824e-05, 58248.8502718833 
2708110, 5, 1.56924284032954e-05, 0.865364506565781 
2864218, 60, 1.82571705037153e-05, 39416.185390209 
2897176, 27, 1.98282870342831e-05, 53743.4580588749 
2930213, 256, 2.28874851231347e-05, 84561.8834964725 
326319, 87, 2.09489892112706e-05, 12313.696048296 
33970, 107, 2.15703192407248e-05, 34749.6963778813 
42879, 60, 2.06291903042806e-05, 27878.414507893 
449520, 68, 1.94897581321016e-05, 20104.6750149327 
491950, 50, 2.28034570040818e-05, 3272.62579991476 
547987, 16, 1.7533401129151e-05, 609.942774473867 
633807, 3, 1.79565451607111e-05, 9218 
659, 45, 2.2706114756704e-05, 7672.36690910139 
689, 17, 2.23289047672212e-05, 414.57849523159 
715, 92, 2.17893406545518e-05, 26673.9171412304 
1266052, 4, 1.86901913875598e-05, 23.3167056945039 
1311, 3, 1.81629947145685e-05, 3.4926143117717 
1328, 2, 1.72084459052503e-05, 16.7378266505613 
135575, 8, 2.10486434149319e-05, 9230.02617972198 
148814, 34, 2.10207685192971e-05, 6264.98760644993 
1743168, 52, 2.17898154402632e-05, 10364.0086954411 
1855652, 11, 2.13374301199164e-05, 12.8571161996237 
187880, 13, 2.02007959113589e-05, 184.715008496517 
2067065, 82, 2.32228698822601e-05, 2740.01974574899 
2077090, 184, 2.33350445699351e-05, 12341.0066227801 
2126984, 66, 1.99036662553242e-05, 23981.7586685292 
216937, 159, 2.04394481349004e-05, 16765.4017577317 
2360, 23, 2.20911480769656e-05, 6122.7652959895 
2500132, 1, 1.46087769531935e-05, 0 
2505970, 21, 1.76894093506218e-05, 107.351009359783 
2545799, 67, 2.12806707667426e-05, 3310.60590304767 
2576919, 10, 2.10150257434065e-05, 16.8308402836759 
2714036, 5, 1.80008280380898e-05, 2546.10517229656 
2764325, 11, 2.08363719709124e-05, 432.550829070606 
2781390, 25, 2.14850464077002e-05, 258.309638090042 
278860, 103, 2.28775365468646e-05, 38825.9593406729 
2795384, 3, 1.82691780696786e-05, 11.3739180437132 
28110, 69, 2.10282830406897e-05, 19349.9198756666 
28125, 45, 2.18512367800017e-05, 23.4999825598342 
2841528, 68, 2.22608076221005e-05, 9759.21446329642 
2844380, 18, 2.09016993081538e-05, 649.21836884227 
290335, 6, 1.82515057492243e-05, 46.7137609691654 
2912228, 70, 1.94174757281553e-05, 19647.2990569263 
3034674, 49, 2.18842324105482e-05, 36278.3967754271 
320778, 14, 2.11765702426835e-05, 302.42800613067 
404011, 180, 2.36166544647285e-05, 71005.238366433 
413403, 70, 2.27583067819754e-05, 17997.8735866108 
516075, 137, 2.19751241594515e-05, 37191.9726219627 
54005, 227, 2.13798558997712e-05, 78938.5898650891 
637, 50, 2.11055064266267e-05, 24013.8874735609 
652716, 99, 2.11148648648649e-05, 14585.0871584897 
712361, 13, 1.79982361728551e-05, 89.6540103946284 
726, 162, 2.31390425064211e-05, 146923.881998141 
953, 75, 2.32780092646477e-05, 51598.9726867958 
1050714, 24, 2.15940745859336e-05, 617.141379168662 
1155388, 39, 2.18178644674259e-05, 2540.33123738818 
1776741, 2, 1.99640646835696e-05, 1.14487720303094 
1912871, 76, 1.89064508810406e-05, 17666.6247225128 
1967666, 35, 2.20926122304701e-05, 1916.83794581061 
202747, 3, 1.83230724127822e-05, 17.2123206740519 
2151, 135, 1.9889414853415e-05, 70625.1943936312 
2162846, 5, 1.89638170370932e-05, 2054.98175735946 
2226, 73, 2.24325900668491e-05, 14693.7960833501 
2497879, 125, 2.35988200589971e-05, 27435.6523785071 
2588535, 72, 2.06641456408985e-05, 17192.0204480583 
2593672, 141, 2.07305443840955e-05, 20125.7521262424 
2704655, 136, 2.04327659835312e-05, 15986.7889454446 
2778066, 2, 1.84607432295224e-05, 2.02139717584886 
2785746, 115, 2.29463056447912e-05, 28993.4254323084 
2795386, 85, 2.30510349914711e-05, 10394.3533134032 
2817969, 26, 1.97230878466333e-05, 1969.81441195985 
2931400, 163, 2.23463687150838e-05, 16491.4402074669 
2954089, 1, 1.24643208814768e-05, 0 
3002900, 90, 2.09397772007706e-05, 5886.11831383996 
324079, 36, 1.7961383026493e-05, 37009.1670252376 
33043, 10, 2.03177699215734e-05, 231.278758451632 
393921, 58, 2.30760355370947e-05, 9676.53843871076 
544718, 27, 1.82551707771226e-05, 475.921214241755 
553981, 11, 1.9291984180573e-05, 49.0321663057054 
71997, 31, 2.08781343299163e-05, 1527.06287894774 
75658, 3, 1.76647235470765e-05, 11.587946610789 
762, 20, 1.97437264309266e-05, 9645.41096731635 
810, 19, 2.1031821145393e-05, 16271.1669738534 
82348, 3, 2.01344984496436e-05, 9218 
877455, 19, 1.91651653953774e-05, 2358.5209123349 
931099, 22, 2.09656791831771e-05, 22409.0308251383 
1292, 12, 1.80691325009486e-05, 54.3740646037135 
1310, 8, 2.13274185292612e-05, 10.9206341338582 
1348, 10, 1.90927142202535e-05, 770.644521389226 
1628248, 62, 2.05913845646981e-05, 11615.1547766157 
1679002, 1, 1.66613905596561e-05, 0 
171281, 111, 1.90646864812308e-05, 37538.2215302866 
1794699, 1, 1.65313848341076e-05, 0 
680026, 136, 2.41797035568344e-05, 3794.09139111493 
92245, 35, 2.32915637955932e-05, 943.512532625931 
107327, 272, 2.45380708168724e-05, 33749.7685171867 
109328, 85, 2.16980927376484e-05, 6655.0542422085 
1096243, 10, 2.11640211640212e-05, 116.455734453867 
1177216, 23, 1.96854268784819e-05, 458.861322187601 
1302235, 32, 2.26762511621579e-05, 3021.29780119137 
136, 47, 2.08255237619226e-05, 17474.6005706521 
138072, 93, 2.3473627379639e-05, 4818.98041947502 
143222, 111, 2.14086919289231e-05, 22325.8405233056 
147802, 113, 2.00972707906266e-05, 23227.4264653605 
171284, 129, 2.19727098943113e-05, 34737.6933231815 
1789226, 177, 2.5082144021671e-05, 18493.243274784 
1816219, 74, 2.28602779809802e-05, 138.949166714273 
1855880, 13, 2.20259465650536e-05, 180.353607803446 
1918946, 116, 2.40390393999856e-05, 42097.0281327151 
1971364, 48, 2.33748626726818e-05, 1901.89705119336 
2023057, 98, 1.90367409099562e-05, 2844.90339313356 
2054316, 194, 2.34065959787468e-05, 2866.66016178847 
2071621, 51, 2.30568813262318e-05, 1705.30616178156 
2099, 124, 1.96020778202489e-05, 2923.88237028546 
2560029, 4, 1.80779521295828e-05, 67.086515686695 
2576932, 2, 2.00400801603206e-05, 0 
2594042, 142, 2.24749404414078e-05, 17627.5532425316 
2689107, 30, 2.28503530379544e-05, 866.651214858409 
2714110, 91, 2.28817243667483e-05, 13958.8298254192 
28084, 80, 2.33934545114277e-05, 6889.06782929899 
2811091, 117, 2.04758589622835e-05, 18936.9345364965 
2820710, 5, 2.06513433698862e-05, 44.5291052605989 
2884805, 8, 2.08824942051079e-05, 1761.54401916972 
291112, 85, 2.43789463419391e-05, 20757.4476901494 
2929495, 5, 2.17746325530757e-05, 56.1568581873706 
3028070, 2, 2.08628890928816e-05, 0 
400946, 189, 2.44456938910211e-05, 43524.7028103046 
417574, 279, 2.52035184111702e-05, 44895.4651898502 
43080, 22, 2.17235461516738e-05, 6928.96912302684 
477976, 20, 2.30340443175013e-05, 251.817365906462 
728, 161, 2.54310564060831e-05, 61986.2257025992 
74109, 109, 2.4662128834961e-05, 22928.3007243249 
744515, 45, 2.38282460028117e-05, 8152.51739748452 
79967, 50, 2.34807927115619e-05, 17044.3135874678 
936476, 212, 2.44564552813715e-05, 31274.2176497718 
110164, 35, 2.19707788641107e-05, 4531.18007034884 
1144748, 146, 2.36490481258129e-05, 12069.4128976134 
1295609, 57, 2.00871783540566e-05, 2215.68663237982 
131112, 6, 2.09881207236704e-05, 0 
1387555, 1, 1.95137181438551e-05, 0 
147709, 3, 1.86501053730954e-05, 2.33593835564568 
1855909, 29, 2.17803236556095e-05, 2211.22909431947 
1935446, 134, 2.31658442791948e-05, 11156.2172812651 
2095, 119, 1.97550375345713e-05, 4156.94768634578 
2141, 105, 2.07301146375339e-05, 2468.65309968555 
2282309, 4, 2.09244418405139e-05, 9218.15996579144 
2493639, 329, 2.48774784187875e-05, 111842.154391881 
2520507, 135, 2.41155617720115e-05, 52694.3498414906 
2590884, 118, 2.2688598979013e-05, 999.182421947951 
2675053, 14, 2.23528622840155e-05, 1071.91540496887 
2714927, 186, 2.1948596387261e-05, 24607.3167521515 
2744479, 26, 2.33513917429479e-05, 3210.17297325605 
2798861, 27, 2.14850464077002e-05, 1905.23781770683 
2829816, 3, 1.84484826123051e-05, 34.662503810492 
2931922, 69, 2.07434450713575e-05, 2601.1557108039 
2961948, 119, 2.32915637955932e-05, 25079.6691003552 
3018314, 287, 2.35117088309978e-05, 31067.2625763726 
3035472, 103, 2.38310852676231e-05, 23646.4626298508 
3047864, 13, 2.23989248516071e-05, 16.7259138991777 
320912, 139, 2.19106047326906e-05, 2788.10484212252 
326523, 2, 1.92215281114849e-05, 0 
33028, 64, 2.14952065689351e-05, 2433.26121501613 
360911, 4, 1.67695197209552e-05, 9225.62454036122 
43305, 54, 2.11358400439625e-05, 259.274826513373 
528343, 2, 2.01033311219669e-05, 0 
558541, 8, 2.0341327475031e-05, 9121.92325046874 
745, 42, 2.13693478075049e-05, 4168.06315098928 
77021, 1, 1.67123470820242e-05, 0 
83552, 4, 2.18354914077341e-05, 121.002203718911 
97050, 5, 2.11832990869998e-05, 1.33413055038229 
1160721, 14, 2.05554070998376e-05, 14.3970803534386 
1335, 4, 1.96920168563664e-05, 35.2691447308673 
1505597, 105, 1.97013278694984e-05, 2011.27283590701 
1583098, 86, 2.08298616897184e-05, 5466.18316475396 
1755100, 65, 1.98333994446648e-05, 12866.5672992097 
1763363, 22, 2.08185868343257e-05, 15611.7787417367 
1878942, 78, 2.27541640120142e-05, 5009.07549432706 
1903414, 376, 2.48700539680171e-05, 75136.3695671051 
234828, 1, 1.7074461727594e-05, 0 
2576923, 12, 2.10035495998824e-05, 166.064935496657 
2580412, 53, 2.42600679281902e-05, 1190.26045527502 
2702, 15, 2.23909003381026e-05, 429.737736841042 
271098, 46, 2.47023368410652e-05, 1151.10017260219 
2782163, 96, 2.07520544533909e-05, 1728.23070121788 
2803864, 9, 2.30441295080078e-05, 0.328003456005684 
28124, 51, 2.31986266413028e-05, 4088.9348508549 
28152, 16, 2.30276792704831e-05, 156.030242166949 
2895484, 3, 1.99908042300542e-05, 12.885477812992 
29507, 73, 2.36983671825011e-05, 7380.7731702942 
296199, 3, 1.97655802186073e-05, 1.35491555896531 
2969821, 37, 2.00036006481167e-05, 133.209539070433 
301953, 198, 2.17065705789142e-05, 14670.8983257739 
3046369, 154, 2.25973380335796e-05, 86871.9803309621 
311400, 81, 2.30920217065004e-05, 1225.69481405453 
39441, 167, 2.06662808960899e-05, 11780.5587468698 
39496, 19, 2.04290091930541e-05, 258.018840771291 
417368, 28, 1.92071296865396e-05, 46.254415854196 
499229, 50, 2.36563209689629e-05, 2380.98199007999 
626940, 3, 2.17599442945426e-05, 0.856525872287278 
649776, 16, 1.98188556592742e-05, 10633.7740618203 
718217, 25, 2.00324525731685e-05, 2133.57752123038 
86106, 29, 2.19014871109748e-05, 1755.15145728491 
1042877, 20, 2.17065705789142e-05, 2745.91342227758 
1082702, 3, 2.06782464846981e-05, 6.45853667425618 
1084719, 1, 1.77935943060498e-05, 0 
1230533, 119, 2.31712120861042e-05, 6948.79686652253 
1322, 4, 1.93121028948842e-05, 3.66372618838774 
1435069, 108, 2.39618527304531e-05, 26225.6869816821 
154288, 1, 1.93274062620796e-05, 0 
1577791, 185, 2.27686703096539e-05, 59208.0438759793 
1582259, 16, 2.2145451324298e-05, 356.280143238425 
1604, 148, 2.16483016907324e-05, 8818.36810951319 
1632019, 1, 1.74115926383786e-05, 0 
1738770, 74, 2.37580480387731e-05, 2915.55127861987 
1751286, 81, 2.31803430690774e-05, 3776.29457296365 
1758398, 7, 2.10685993595146e-05, 1430.58502550972 
202746, 11, 2.22143237959837e-05, 4982.92196993331 
2042961, 13, 1.98479645912312e-05, 106.92308293023 
231049, 6, 2.09424083769633e-05, 8.80335644009091 
2479546, 50, 2.48163589438158e-05, 1486.2880399267 
254955, 53, 2.03944282422042e-05, 9626.84665990586 
2681308, 1, 1.66032974148666e-05, 0 
2733155, 3, 1.93053919959845e-05, 9218.14188515246 
2741499, 5, 2.14859696618108e-05, 4374.97843799884 
2763022, 245, 2.29110820904071e-05, 32481.5761459044 
2767881, 37, 2.09288210795086e-05, 15135.9023010226 
2864213, 188, 2.42218723507327e-05, 13398.9594656254 
2895568, 10, 2.1308331557639e-05, 47.3510299428753 
2961520, 154, 2.20614189904695e-05, 10444.7857546362 
3045147, 107, 2.38811673114582e-05, 11727.4704939271 
3072790, 54, 2.39911712489804e-05, 587.072545740053 
512649, 32, 2.30547550432277e-05, 281.373725836399 
552386, 200, 2.37242295556452e-05, 2392.9547218408 
61651, 2, 1.93176988757099e-05, 0 
631, 6, 2.22232099204409e-05, 3.44259811221126 
75984, 75, 2.33203516709032e-05, 6958.00385400491 
1200300, 94, 2.27686703096539e-05, 17203.4745004056 
1346, 4, 1.84073924087914e-05, 3.06352549113087 
150120, 38, 2.29747736984791e-05, 321.262733600096 
1756150, 428, 2.45948006591407e-05, 39684.4466398825 
187878, 52, 2.33366782572169e-05, 13319.0406019353 
1896175, 8, 1.87825172329596e-05, 36.8485305625493 
190895, 13, 2.14330111237328e-05, 2464.47296825531 
190897, 8, 2.12368331634387e-05, 159.259919531257 
2008790, 10, 1.97640176295037e-05, 6023.06260545793 
2173169, 189, 2.2317443313694e-05, 26256.2194372078 
2490855, 37, 2.09235662126253e-05, 1156.21135556897 
2719313, 27, 2.09406541860368e-05, 28453.0069797932 
2734192, 53, 2.19086846025765e-05, 4736.93890093181 
2740837, 3, 2.11488029777515e-05, 0.0173018581721653 
2769490, 76, 2.29126569517001e-05, 5992.76084714211 
2781774, 5, 1.84026499815974e-05, 9221.33846179944 
2806443, 2, 1.74907736169171e-05, 9218 
28107, 28, 2.08398457851412e-05, 131.891466998615 
2822842, 193, 2.46950165456611e-05, 45084.4204140612 
28253, 11, 2.14454214025306e-05, 59.7374966828618 
2834819, 1, 1.75410900033328e-05, 0 
293091, 33, 2.35665637593383e-05, 122.753992494641 
2951138, 7, 2.03574773014128e-05, 124.72125946991 
2954080, 1, 1.86476709059039e-05, 0 
3024576, 1, 1.66836283554948e-05, 0 
3070661, 7, 2.15252814430549e-05, 5.77729261007877 
3070814, 3, 1.99560965875075e-05, 0.139068008726342 
342950, 174, 2.41440919407021e-05, 11133.8821562277 
470933, 1, 1.99501246882793e-05, 0 
577469, 1, 1.59895108808622e-05, 0 
633, 130, 2.4662128834961e-05, 46014.4924061942 
94122, 5, 1.86591532476256e-05, 479.328782910916 
1328770, 196, 2.37569192027178e-05, 66552.5313327662 
1644130, 163, 2.17698922390334e-05, 21697.6537323063 
1660079, 173, 2.10243040955344e-05, 65357.5635865648 
1699623, 4, 2.08689845152135e-05, 343.398115831344 
1807141, 130, 2.14850464077002e-05, 12574.7210116014 
1825023, 154, 2.22593210907067e-05, 13593.7841903695 
186814, 26, 1.80397957895117e-05, 20956.5220551022 
1891186, 16, 2.19274202390089e-05, 1955.69138531458 
1987584, 53, 2.36596791747504e-05, 10130.8751791768 
213483, 5, 1.89132449454353e-05, 6311.86490431184 
216936, 7, 1.5939557199101e-05, 136.993643267264 
2547970, 55, 2.26454403405874e-05, 18576.5867781727 
2575375, 11, 2.34208492399934e-05, 21.942070630943 
2607663, 65, 2.35743416865084e-05, 9534.49925271498 
2708117, 132, 2.21131307770554e-05, 18005.6455969833 
2717, 9, 1.9844025955986e-05, 6951.4404404824 
2778059, 30, 2.10890379180902e-05, 13995.689647185 
280145, 18, 2.08073241781107e-05, 1049.93310149317 
2841925, 6, 2.03214859070495e-05, 30.6969765255952 
2864208, 68, 2.48089709238861e-05, 9583.84554984561 
2920269, 1, 1.73019360866481e-05, 0 
351679, 41, 2.42653660430468e-05, 4822.64331835922 
46234, 49, 2.31986266413028e-05, 3824.77108298292 
512749, 31, 1.7609044005001e-05, 6522.62564002634 
651457, 32, 2.09200644337985e-05, 25039.9235761109 
656519, 41, 2.17746325530757e-05, 8138.96297561819 
71998, 131, 2.32466234279471e-05, 10168.5222754166 
731, 108, 2.29499919675028e-05, 9538.44535126278 
76857, 112, 2.10823688149601e-05, 35831.5883311885 
82989, 4, 1.86982292776874e-05, 49.3421801819839 
85404, 169, 2.47218788627936e-05, 21202.2207602598 
938288, 166, 2.07939115427003e-05, 33642.262411978 
985002, 17, 2.00682319887618e-05, 166.920472874627 
1007, 1, 1.74544439014173e-05, 0 
1008460, 7, 2.0393180520434e-05, 14.9482144348034 
119206, 37, 2.20745678903335e-05, 21141.6327816212 
1601, 25, 2.18775295893588e-05, 8094.15961491504 
168169, 1, 1.61846343081878e-05, 0 
1691, 2, 1.89666944844852e-05, 0 
1705353, 1, 1.82405194899951e-05, 0 
170651, 48, 2.42435996896819e-05, 13463.3212388938 
198, 145, 2.26999296302181e-05, 71479.4345581352 
1981510, 4, 2.00477135582687e-05, 3711.88599863248 
2070537, 78, 2.2757788853235e-05, 28199.2905706142 
2123, 65, 1.85863241826664e-05, 14680.8478918332 
221402, 85, 2.29816376715005e-05, 14413.2677403944 
2267253, 2, 1.75882932320248e-05, 0 
238836, 86, 2.35249835325115e-05, 2907.49600118542 
2583805, 8, 2.27277892679379e-05, 1.73362391006974 
261825, 9, 2.12323240901949e-05, 3.95956159492832 
2719119, 52, 2.3057944614817e-05, 340.483764452081 
2767885, 9, 1.73241169031409e-05, 1.02489497429762 
2828763, 75, 2.2824796859308e-05, 19589.8012285866 
29324, 15, 2.02105943935811e-05, 186.032671873112 
2945587, 8, 1.59324464271489e-05, 61.2750307917381 
2946699, 90, 2.35532421037756e-05, 23233.3892117237 
3043330, 5, 2.14989035559186e-05, 34.0005371187543 
326320, 38, 2.06342983306853e-05, 1834.77778976105 
387093, 4, 2.15058388352438e-05, 1.61697435384929 
449, 46, 2.26541615694803e-05, 4896.10994629255 
47735, 63, 2.20521754471079e-05, 11375.9418785138 
491948, 19, 2.22622943520559e-05, 79.1952509367273 
54252, 13, 2.10185593879396e-05, 11.5224811919773 
586733, 4, 1.8028412778539e-05, 36.2051484925643 
72, 12, 2.04691529864494e-05, 201.792886860487 
827, 122, 2.0998698080719e-05, 2732.3571269793 
89059, 31, 2.26937478724611e-05, 1617.45619229276 
1028752, 14, 2.16192844016863e-05, 17.2629127608508 
1255, 19, 2.15076889988171e-05, 421.340899188193 
1278232, 70, 2.13652387565431e-05, 1526.18151460941 
1309, 2, 1.74261566611484e-05, 0 
1406512, 7, 2.12390884183251e-05, 7.07708694226076 
1588, 259, 2.4083038316114e-05, 110235.606565371 
1763536, 58, 2.13265088505012e-05, 970.797305377625 
1812111, 59, 1.8256837185526e-05, 12634.150881563 
1855910, 2, 1.87518751875188e-05, 0 
188913, 119, 2.19799542816951e-05, 17383.7381862698 
191393, 5, 1.61272114438692e-05, 15.7555066332669 
2016373, 3, 2.12273663206606e-05, 4.37902169460872 
2054173, 3, 2.02942668696093e-05, 3.11990680623668 
2136182, 78, 2.18871063056753e-05, 28989.5219085793 
2173, 16, 1.85797629222251e-05, 3137.96391591855 
2552945, 111, 2.41231244270758e-05, 10552.8337554307 
2592817, 1, 1.95190505933791e-05, 0 
2686358, 141, 2.45308475407825e-05, 33345.5765317364 
2764326, 37, 2.12621194080626e-05, 2474.26849920552 
28187, 14, 2.17202432667246e-05, 1078.5613116261 
291048, 52, 2.13474511143369e-05, 17390.5051244235 
2944914, 77, 2.07520544533909e-05, 2741.75150886022 
2976343, 17, 2.06547557575132e-05, 16711.3568257479 
2984846, 412, 2.45742510996977e-05, 90553.07372735 
34087, 255, 2.28937728937729e-05, 14908.0582377486 
411483, 26, 2.21980510111212e-05, 9622.77565490106 
522262, 9, 1.83324778177018e-05, 6.6893854990021 
53952, 134, 2.28513973629487e-05, 23277.5471074011 
61015, 98, 2.12134068731438e-05, 12804.647076166 
724, 28, 2.23613595706619e-05, 549.238111079991 
752201, 61, 2.22108699997779e-05, 16574.2368120701 
914150, 126, 2.37636938285687e-05, 21961.3402683175 
1308, 79, 2.16122757726389e-05, 2282.51347192737 
1349, 5, 1.99107996177126e-05, 14.8632519064163 
1355374, 181, 2.15150928376256e-05, 65206.3212731689 
140, 91, 1.97087053351465e-05, 4723.54454526762 
1408281, 64, 2.36361917367874e-05, 7091.77970005297 
144, 7, 1.72842920353982e-05, 9.28650845450056 
1563703, 41, 2.2271714922049e-05, 5583.69628794245 
1636609, 2, 1.93035286850436e-05, 0.282709159206765 
1646498, 29, 2.22084036599449e-05, 1531.19602558081 
1660083, 71, 2.23089793641941e-05, 2333.82553811539 
173, 22, 2.1505376344086e-05, 212.39016901407 
1758374, 29, 2.12901852246115e-05, 1451.46841760013 
1844051, 28, 2.23954134193317e-05, 9033.17165378685 
1890438, 22, 2.0684234476482e-05, 1907.34124127968 
1965231, 127, 2.19891373661411e-05, 23114.4491929781 
1987921, 6, 1.69975523524612e-05, 82.319273055628 
2039, 1, 1.66694449074846e-05, 0 
2422, 60, 2.25063017644941e-05, 10658.2508069906 
2518973, 71, 2.27780055578334e-05, 2822.52650905856 
2570191, 5, 1.78310331300596e-05, 15.7029418246867 
2594495, 88, 1.90280473417818e-05, 1240.57989029143 
2676247, 109, 2.14256636599319e-05, 5505.3002090213 
2711221, 13, 2.27598607096525e-05, 84.6087897672954 
2714926, 217, 2.26162475122128e-05, 49862.0944892594 
2722751, 13, 2.02638351334374e-05, 9291.92155945836 
2770234, 4, 1.94833028094923e-05, 9.16019986783249 
2776706, 71, 2.18760938046902e-05, 15122.3536232834 
29380, 108, 2.049558320182e-05, 3132.50598980856 
29546, 110, 2.14096086323542e-05, 3201.52905056439 
2968475, 144, 2.32926488400261e-05, 42980.3765553451 
2975055, 57, 2.31026914635555e-05, 2393.8229142813 
3070656, 9, 2.08755192785421e-05, 479.27004586529 
381751, 2, 1.95572244387077e-05, 0 
386891, 19, 2.17164697706741e-05, 149.745606337624 
393005, 10, 1.73262180331277e-05, 5391.12604094043 
40269, 32, 2.19173278393898e-05, 3488.83057013606 
46541, 19, 1.97503555063991e-05, 9052.43253624803 
56636, 7, 2.18069215168895e-05, 9230.15262960086 
623, 21, 2.10637177461822e-05, 14903.9852136352 
66821, 1, 1.94609321786514e-05, 0 
850, 121, 2.12874659400545e-05, 19535.5613560913 
1028416, 21, 2.24381268651693e-05, 19114.0412559016 
1137606, 84, 2.42818638758711e-05, 28132.5022040847 
115778, 120, 1.95978520754125e-05, 12183.4004603347 
120652, 5, 1.96378775381957e-05, 6.99900700853782 
1330330, 52, 2.22910768819242e-05, 24093.863193439 
1334, 39, 2.30627306273063e-05, 7710.59762862595 
1348114, 179, 2.41978415525335e-05, 45112.2096084579 
136468, 49, 2.36099634045567e-05, 1593.64419258323 
1407071, 8, 2.14468012095996e-05, 35.0104538489448 
1609968, 4, 1.73010380622837e-05, 27650 
167375, 4, 1.89440581961468e-05, 55289 
1817405, 2, 1.83516544016443e-05, 18.2994822180916 
1819725, 15, 2.13401621852326e-05, 77.7455836485561 
1859475, 2, 1.64397974616953e-05, 0 
186490, 22, 2.05195551360447e-05, 18531.7217538808 
589436, 77, 2.34725254090088e-05, 2871.09822756993 
71237, 35, 2.08520132618804e-05, 18565.3831799797 
75985, 83, 2.4135351048681e-05, 2901.65817225266 
83771, 131, 2.55689082076195e-05, 36567.1595939496 
915, 96, 2.43557893711335e-05, 2645.67124704333 
102116, 25, 2.45790832001966e-05, 3431.15471523688 
1131703, 191, 2.57572635483206e-05, 8706.90221412127 
1131707, 10, 2.25458808675655e-05, 113.725397158956 
122420, 30, 2.31862551879246e-05, 678.840294610975 
138, 174, 2.25240444174156e-05, 18116.0816714515 
163003, 269, 2.4982512241431e-05, 7145.23857128896 
1653434, 128, 2.50670543704409e-05, 10950.2148589759 
1761789, 86, 2.38072564517665e-05, 12351.7685163695 
1955013, 61, 2.01203195106738e-05, 3664.87935629822 
2066133, 2, 1.85766565733499e-05, 7.77749872998685 
2108399, 29, 2.43664717348928e-05, 112.919822440418 
2173034, 2, 1.8846233580219e-05, 0.463568558009147 
2571116, 94, 2.51445813427206e-05, 30986.1176452786 
2589987, 13, 2.37462006079027e-05, 27.8482217566383 
2590015, 263, 2.47279920870425e-05, 41523.0004526395 
2819994, 1, 1.96267001629016e-05, 0 
2908648, 182, 2.53312055120703e-05, 12006.3997959196 
2982615, 3, 2.00316500070111e-05, 12.582107866295 
2994078, 156, 2.45839172013669e-05, 23611.1752365037 
3015168, 299, 2.4287761397032e-05, 10396.1621484673 
3047542, 244, 2.35754532380885e-05, 2127.0175580236 
312539, 152, 2.15160186759042e-05, 11941.2660965639 
314343, 10, 1.88718413255581e-05, 9739.83916000216 
476, 22, 2.42430119518049e-05, 1798.21377425543 
51101, 47, 2.38191649000786e-05, 1170.59820634446 
54120, 286, 2.5543436613962e-05, 26910.1791711635 
680279, 105, 2.57785110332027e-05, 2569.28343787141 
71667, 68, 2.31975503386842e-05, 20626.3917368931 
114185, 1, 1.23099649166e-05, 0 
116090, 32, 2.07112234119669e-05, 1161.2885360136 
1304, 36, 2.29121319738802e-05, 552.547660172127 
1394889, 145, 2.4147006978485e-05, 5388.82683835219 
1494, 153, 2.14514018491108e-05, 25954.9764964623 
158849, 296, 2.48669617546128e-05, 55617.4623362346 
1931275, 70, 2.54764088454092e-05, 10155.9882561103 
1977865, 26, 2.16778668978972e-05, 127.452358248656 
2108365, 75, 2.3449957790076e-05, 29246.500132593 
248315, 25, 2.19867200211073e-05, 7001.38670181556 
2497989, 313, 2.38920081232828e-05, 35453.3536014761 
2570586, 41, 2.00336565429922e-05, 966.405119171895 
2587865, 88, 2.44696209655712e-05, 24428.1241058142 
2614441, 394, 2.46062992125984e-05, 25702.0835779725 
263, 60, 2.35715632660758e-05, 8190.14384022156 
2715735, 84, 2.16188170183328e-05, 52191.0256083631 
2800681, 1, 1.88419723776685e-05, 0 
28133, 84, 2.40321068948115e-05, 990.161616136034 
2855394, 99, 2.19034059796298e-05, 6158.05767001983 
28885, 14, 2.27174629137418e-05, 28.63503709643 
2912675, 41, 2.41207969511313e-05, 502.194043019735 
29485, 4, 2.15322337539296e-05, 0.414170666471734 
2976982, 133, 2.43178833714314e-05, 27440.5887791752 
3042300, 4, 2.03438103956871e-05, 13.9681146456498 
3047343, 19, 1.80665209300645e-05, 56.1732610642065 
333962, 91, 2.29996090066469e-05, 1614.22703243368 
33951, 6, 1.75845818386439e-05, 324.179427145229 
412593, 200, 2.45766669124333e-05, 6999.69593411823 
45404, 184, 2.41207969511313e-05, 12246.9306427394 
504, 107, 2.42435996896819e-05, 6224.27458753067 
53345, 72, 2.16197518052493e-05, 358.716711597022 
718286, 37, 2.39085736144982e-05, 26.4987842396243 
994692, 4, 1.67117884956048e-05, 8.27430414097025 
106654, 168, 2.36105208480899e-05, 22830.0130281882 
1366, 226, 2.39647239263804e-05, 29790.5847585337 
1581557, 227, 2.44834002546274e-05, 82051.6901673741 
1850252, 455, 2.52264070028506e-05, 26627.6156802616 
1982626, 130, 2.18693959672834e-05, 2824.1335351043 
2007306, 54, 1.84900985522253e-05, 344.434905154837 
2518645, 4, 2.33208955223881e-05, 10.3825990796043 
2563896, 124, 2.01816347124117e-05, 6118.36805834321 
2675054, 10, 2.39228726585488e-05, 3.77364690737743 
2726122, 186, 2.58524857165016e-05, 16046.4367481429 
2785912, 3, 2.15670627817198e-05, 0.06058455778782 
28037, 9, 2.09634816150266e-05, 3.87552287725431 
28128, 258, 2.61910374269925e-05, 51054.9379171618 
2846436, 31, 1.78345312193469e-05, 430.593387620304 
2867021, 41, 2.41744427790939e-05, 73.7443426023283 
2961619, 199, 2.49793920015987e-05, 8400.52376931826 
2963092, 147, 2.60179523871471e-05, 45813.9936472829 
3023090, 99, 2.25402907697509e-05, 8471.39136578268 
326544, 216, 2.54058585909911e-05, 50308.2316035338 
49899, 192, 2.42889412450511e-05, 13758.3929610559 
60217, 186, 2.57758531807403e-05, 52220.3349262433 
859, 96, 2.34725254090088e-05, 6077.88644191328 
96230, 100, 2.48286820935545e-05, 4127.55019857469 
1004301, 168, 2.23114680946006e-05, 778.705058334175 
1191459, 451, 2.50369294709697e-05, 67591.1136820169 
1314, 1, 2.16863289382373e-05, 0 
1442558, 54, 2.24820143884892e-05, 13621.8672692579 
1699621, 10, 2.23089793641941e-05, 7760.81169902456 
1785996, 1, 1.72753342777183e-05, 0 
2067572, 1, 2.10238620834647e-05, 0 
214473, 90, 2.20473135348458e-05, 40279.9518886465 
2211106, 15, 2.30786983614124e-05, 86.9521111461554 
2282310, 1, 1.8079259473532e-05, 0 
246969, 198, 2.406043982484e-05, 8658.67021237929 
2485124, 16, 2.42136613477324e-05, 21.8898541981375 
2608247, 13, 1.76522506619594e-05, 3205.61761824024 
28169, 205, 2.47825332705509e-05, 24237.1556727132 
2864207, 27, 2.39710429800801e-05, 31.7265753670353 
2934315, 12, 2.22722109623822e-05, 143.255390509831 
2980099, 90, 2.36211172788473e-05, 7856.94226650513 
313598, 295, 2.35687855004832e-05, 9699.65311170113 
383750, 208, 2.57155347545452e-05, 25459.9400558785 
420336, 7, 1.98708395429707e-05, 20.6412228134042 
43661, 238, 2.60477716131385e-05, 79151.0176888076 
451, 220, 2.52966026662619e-05, 21767.7896945402 
501783, 328, 2.37642585551331e-05, 17506.1049764811 
69968, 14, 2.20804168782707e-05, 19.8937097796291 
78398, 258, 2.46341823914864e-05, 67525.6734545036 
84377, 170, 2.2052661756274e-05, 15099.7563491758 
911092, 2, 2.04808913283906e-05, 0.111082831500231 
972, 9, 2.20240061667217e-05, 1054.22597151343 
135620, 26, 2.22375414174209e-05, 203.009318266264 
1796613, 226, 2.32866823463661e-05, 12491.2452906974 
1906275, 14, 2.25291188861604e-05, 319.068243747771 
194424, 5, 1.86968308871646e-05, 154.114132100874 
2498113, 126, 2.44176393026322e-05, 3523.84310674096 
2527775, 179, 2.53485424588086e-05, 37335.0305974206 
2583989, 10, 1.81613453924667e-05, 45.3190787514656 
2734088, 7, 1.60372063186593e-05, 13.5221350501298 
28171, 311, 2.56036049875822e-05, 34911.8006232064 
2923279, 63, 2.31229911901404e-05, 6532.80459274244 
29484, 253, 2.62439638883057e-05, 66798.6851223351 
298657, 71, 2.58605084175955e-05, 15748.127583651 
34067, 12, 2.2162629374349e-05, 1710.36149087135 
46127, 1, 1.57549785732291e-05, 0 
463, 92, 2.42854020448309e-05, 9573.1553456247 
713887, 103, 2.13010693136795e-05, 2378.08634735522 
104623, 120, 2.50450811460629e-05, 39582.4031187308 
115561, 108, 2.2729339030821e-05, 9214.25827728812 
1363, 37, 2.3646811227506e-05, 10331.976398073 
1399115, 1, 1.45243282498184e-05, 0 
1462615, 82, 2.05672446062401e-05, 8062.7761727814 
1521, 171, 2.31970122248254e-05, 49774.8669214137 
190146, 78, 2.32801769293447e-05, 734.126533415816 
195522, 173, 2.48638703100525e-05, 2201.84671058664 
2214, 13, 2.32142442602781e-05, 31.0692101213742 
2561898, 82, 1.99139716425044e-05, 2322.87861423486 
256326, 152, 2.47856045208943e-05, 28995.3736061437 
2594005, 112, 2.51889168765743e-05, 2422.28566651769 
2762277, 76, 2.3916006983474e-05, 10613.4001689917 
2773454, 50, 2.32807189085999e-05, 502.397380575903 
2779518, 48, 2.29426205061142e-05, 793.541188639164 
283735, 382, 2.460024600246e-05, 16647.4558964876 
2914983, 66, 2.45290423861852e-05, 843.931254784625 
2976236, 19, 2.09472339177612e-05, 3812.14931136999 
2983235, 79, 2.44516712717314e-05, 880.37863841166 
3035470, 139, 2.42019409956679e-05, 9839.40107191486 
326329, 414, 2.47249350970454e-05, 51512.1791532499 
33945, 209, 2.46457178065311e-05, 41168.4835485104 
461876, 1, 1.57336605934737e-05, 0 
498374, 183, 2.34428112619265e-05, 23012.9201705225 
519450, 235, 2.16534580572517e-05, 23346.6223215883 
64471, 34, 2.23179413930859e-05, 3083.13601896351 
669502, 2, 1.38856103420026e-05, 9218 
826, 163, 2.45531329797682e-05, 19805.1734936211 
115782, 1, 1.40032487537109e-05, 0 
1779135, 42, 2.16947975875385e-05, 21250.6911643318 
1940690, 98, 2.54271765663141e-05, 3868.7602645842 
197162, 110, 2.37936613686114e-05, 26324.32442716 
2005703, 11, 2.07887241959961e-05, 15.5937146844626 
203, 183, 2.4876859545251e-05, 4729.76024154989 
2044467, 11, 2.19490781387182e-05, 10.2083188647914 
218144, 33, 1.9146084625694e-05, 77.5816302681585 
2218628, 93, 2.55316976025736e-05, 12771.3543576751 
232537, 16, 2.28216714592177e-05, 0.675984759588083 
2487742, 44, 2.35194505856343e-05, 1369.6851844258 
2506430, 1, 1.93824743666777e-05, 0 
2738, 125, 2.34923767237531e-05, 49980.2615772864 
2840467, 2, 2.07499014379682e-05, 2.29291176517112 
2929481, 2, 1.72848895495558e-05, 3.23933917428419 
2968490, 270, 2.35194505856343e-05, 11179.0024155125 
446692, 37, 2.43350448981578e-05, 139.368432097957 
450, 86, 2.28639367126232e-05, 6514.1270038662 
47466, 177, 2.14776632302406e-05, 61038.4612693131 
556053, 24, 2.21749157353202e-05, 3282.99523859866 
577309, 103, 2.24064530584808e-05, 12401.2275609827 
637971, 172, 2.54666768533374e-05, 21423.5504724685 
66969, 137, 2.43332684446175e-05, 19723.2604103138 
676210, 2, 1.87606701311371e-05, 4.07917195396415 
85402, 8, 2.30771005930815e-05, 7.31241098848377 
86102, 181, 2.52136859887547e-05, 36293.2588169651 
97138, 178, 2.353771919501e-05, 34190.3766379765 
118968, 21, 2.24265530387979e-05, 8645.99460602992 
1246, 44, 2.26741944992404e-05, 8502.65850654864 
1498, 139, 2.15712498382156e-05, 18251.9361564863 
1509244, 8, 2.22761800806398e-05, 3920.16796341914 
1522312, 43, 2.36395442295873e-05, 5934.06775328995 
1580092, 190, 2.42341993020551e-05, 9996.66139201633 
1583, 83, 2.5197167838335e-05, 4822.36207783503 
1585976, 376, 2.45416840503595e-05, 30705.6424705113 
1702097, 8, 1.94635836350189e-05, 353.624573708923 
1756149, 397, 2.43605359317905e-05, 31917.1531701214 
1915309, 368, 2.47537006782514e-05, 186138.947460917 
201, 197, 2.26275059962891e-05, 6863.95334426598 
2447890, 1, 1.86122692078618e-05, 0 
2791037, 3, 2.14601485042277e-05, 22.8461908746457 
2820661, 324, 2.42983841574535e-05, 28030.7910915113 
2884482, 13, 2.26275059962891e-05, 289.440494161379 
3026967, 118, 2.4823135161971e-05, 22988.0943150042 
36835, 199, 2.14417427848536e-05, 24681.8941008645 
406020, 5, 2.15391905572189e-05, 3.65223817371027 
45634, 2, 2.0701790704896e-05, 426.672516369838 
472834, 27, 1.81593666012929e-05, 2728.45076112562 
543349, 2, 1.90005700171005e-05, 0.636431035578609 
59, 16, 2.25912120185248e-05, 2892.41841436081 
663364, 109, 2.11336066613128e-05, 12863.976627848 
88233, 142, 2.48348482590771e-05, 9140.79915575882 
1050657, 118, 2.44015519387033e-05, 3943.47677276854 
1149953, 1, 1.85545969013823e-05, 0 
1315211, 7, 1.89143181388311e-05, 1456.39596339591 
162, 29, 2.37445090822747e-05, 10088.4173835644 
230089, 91, 2.491777135453e-05, 4316.97388672989 
241244, 1, 1.59910450147917e-05, 0 
2421, 10, 1.95894060492086e-05, 221.124180848324 
2545632, 11, 2.2183278244859e-05, 67.5766649867053 
28038, 85, 2.389486260454e-05, 12550.6239329732 
2819100, 17, 2.25922327903667e-05, 472.038470223864 
2880988, 2, 2.13848851631667e-05, 0 
2893889, 4, 2.20882203520862e-05, 0.0655438171564533 
329857, 154, 2.33073068406946e-05, 15149.0320788298 
40577, 2, 2.1519259737465e-05, 0.915174877606615 
45067, 83, 2.51010316524009e-05, 2704.15792619059 
456, 167, 2.4876240702505e-05, 55787.6371709518 
456827, 10, 2.29037355992762e-05, 7.6233432438358 
489910, 1, 1.79140840528824e-05, 0 
585, 170, 2.56476019492177e-05, 24394.7559760041 
700220, 59, 2.01239636158738e-05, 3341.50824505011 
90245, 237, 2.50431995191706e-05, 17191.2383250451 
1032072, 229, 2.20084952791778e-05, 53744.6454774374 
1173270, 3, 1.93858560794045e-05, 17192.1151543641 
1179777, 112, 2.13634130188639e-05, 20305.7591164242 
1227948, 1, 1.58282946595334e-05, 0 
1313, 14, 2.29357798165138e-05, 380.813441457992 
1427149, 3, 2.03649397197784e-05, 30.2295849321837 
145260, 5, 2.32536508231792e-05, 3.29091531263352 
1525218, 112, 2.37840409085504e-05, 2378.73248177471 
1576550, 41, 1.92596587188475e-05, 8451.34430875145 
1582439, 202, 2.3665838362324e-05, 19038.2135231617 
1643685, 91, 2.00084035294824e-05, 7024.1487559574 
206379, 24, 2.3191094619666e-05, 3599.03329157705 
2098, 102, 2.06936511878156e-05, 30419.1543593315 
2100821, 2, 1.9887041603691e-05, 1.27055232814401 
2172099, 242, 2.5464082911054e-05, 17494.0442517594 
221345, 48, 2.29399889888053e-05, 361.508903365033 
255507, 282, 2.20794418317105e-05, 39320.7131019394 
2668067, 19, 2.31208526970475e-05, 166.567522495403 
2708346, 1, 1.8678670825784e-05, 0 
2777367, 1, 1.80769717456932e-05, 0 
28229, 54, 2.4083038316114e-05, 9544.37164119139 
2886361, 2, 1.96036149065888e-05, 9218 
2892440, 1, 1.59910450147917e-05, 0 
29552, 107, 2.05115582630812e-05, 964.631510375087 
2984951, 142, 2.24774663399942e-05, 7337.73918971241 
3035289, 5, 1.84989918049466e-05, 3439.17382324417 
389348, 231, 2.55128074293295e-05, 44643.4097887235 
673862, 19, 2.27930617919905e-05, 9317.37338551668 
713, 330, 2.60477716131385e-05, 150212.83658088 
84378, 180, 2.15299158180292e-05, 10876.9674078418 
983548, 239, 2.27009602506186e-05, 32544.2377782851 
1073986, 142, 2.29457791239302e-05, 87397.4735751428 
114627, 32, 1.77534752427788e-05, 4790.78089135749 
1239415, 232, 2.29384103681615e-05, 11461.7139092448 
1284, 28, 2.04561726500972e-05, 12302.4936301904 
1336, 40, 2.48780973231167e-05, 919.726618487573 
147268, 11, 2.21376073673957e-05, 5.8097081988739 
1503041, 16, 2.25347034433027e-05, 113.640551593964 
167, 1, 1.72604252968793e-05, 0 
1796635, 46, 2.05140829179232e-05, 893.905238246066 
183417, 83, 2.28138617023704e-05, 21948.293451728 
197482, 224, 2.14725902385605e-05, 93950.6592940416 
212667, 25, 2.3482446870964e-05, 76.6628280838569 
2293317, 9, 2.14141933273374e-05, 1470.32168744005 
2331, 207, 2.19722271049394e-05, 25359.58727865 
2448483, 87, 2.36361917367874e-05, 6318.54630755183 
248039, 68, 2.3201317834853e-05, 7621.69061260077 
2606450, 183, 2.43629099059592e-05, 79150.7088420035 
263819, 6, 2.13615875931899e-05, 4.56512461947754 
2708020, 20, 2.25063017644941e-05, 138.796118406907 
2740404, 210, 2.24406444953099e-05, 45140.0815871406 
2813035, 33, 2.20726189162344e-05, 5208.97294544771 
3003623, 95, 2.16708202405461e-05, 7021.55786379049 
3021011, 114, 2.51667295834906e-05, 2817.98153973654 
3059076, 167, 2.22741953446932e-05, 14005.8983089044 
3067275, 121, 2.39423468288362e-05, 34371.9127646597 
322095, 128, 2.36445747523231e-05, 2701.69425660796 
39152, 95, 2.46858722752968e-05, 49046.0868425867 
39765, 193, 2.37783854476281e-05, 20173.678204193 
40091, 58, 2.23643601556559e-05, 4745.18002890898 
45495, 146, 2.49712830245218e-05, 15830.1239653542 
45497, 112, 2.30366974590523e-05, 13742.9758562997 
50719, 6, 2.12562440216814e-05, 127.958598125352 
675, 29, 2.31830300220239e-05, 411.655338546721 
69539, 1, 2.00284403853472e-05, 0 
70255, 4, 1.84223131056335e-05, 15.5840959307895 
83984, 85, 2.32704256160845e-05, 7479.02914328508 
1080223, 137, 2.15137042295943e-05, 1678.63071743759 
1581, 165, 2.5442055718102e-05, 52196.2597456331 
1743165, 50, 2.32444620069268e-05, 4532.98179700208 
1763883, 21, 2.30319222442305e-05, 412.220584199694 
1769012, 190, 2.27283058320833e-05, 2221.31616900219 
1816218, 144, 2.45905670584764e-05, 13527.7258609923 
1867846, 302, 2.43025177408379e-05, 63960.2700110914 
1912897, 9, 2.15039889899576e-05, 12874.7967774978 
2065312, 68, 2.39767904668281e-05, 455.372973450823 
2194, 15, 1.90182765637778e-05, 44040.2831381266 
2572923, 42, 2.53704079561599e-05, 169.329878872867 
28446, 68, 2.1636591804059e-05, 3398.98732553542 
29521, 21, 2.09608451412761e-05, 6751.13592815822 
3018315, 328, 2.36557613606794e-05, 28563.4415962594 
33923, 158, 2.05735917376456e-05, 13485.5207040461 
416916, 2, 1.97172545694737e-05, 0.588730581688328 
488, 1, 1.82126140564955e-05, 0 
529731, 1, 1.84573358681408e-05, 0 
70346, 145, 2.42753799096956e-05, 7722.27475371306 
84163, 83, 2.28320927896251e-05, 7793.38661986805 
90736, 15, 2.06632916623618e-05, 2.01181090855482 
1118153, 60, 2.38532547766143e-05, 1504.98948512876 
1177211, 103, 2.2826880934989e-05, 64252.3252270028 
1353246, 124, 2.26659715768716e-05, 1011.26798837349 
1452732, 1, 1.79995320121677e-05, 0 
171438, 177, 2.55290903985091e-05, 46680.4837557227 
174, 22, 2.45495163745274e-05, 56.7033561846336 
1743159, 67, 2.30505036535048e-05, 20136.1588046962 
1759089, 63, 2.27365740530217e-05, 261.890784877311 
1879050, 128, 2.44241994968615e-05, 23380.1729097091 
1886807, 5, 1.94817845314631e-05, 33.2392863114997 
1892259, 1, 1.94235102167664e-05, 0 
2066049, 2, 1.88054761546562e-05, 36.2948332581009 
2172103, 12, 2.32644705006514e-05, 9.50924582354317 
246432, 18, 1.99525130190147e-05, 93.8341314947644 
252967, 162, 2.22831294426989e-05, 9053.26854671994 
2715163, 4, 2.09749140028526e-05, 0.234931352849262 
2738983, 18, 2.21695080586162e-05, 495.902196540809 
2770780, 119, 2.09450402144772e-05, 1491.02270648732 
2864205, 47, 2.31712120861042e-05, 902.195017856443 
2879107, 33, 1.86119227977442e-05, 43.0292501294968 
2890317, 129, 2.51730648206419e-05, 9164.42528437811 
290110, 146, 2.49413877388138e-05, 12930.645918387 
3057057, 138, 2.37152275476083e-05, 36168.8797427479 
314282, 6, 2.03429826881217e-05, 58.2574253582739 
351672, 108, 2.42924814769829e-05, 7852.65507354859 
375929, 7, 2.18107265153002e-05, 23.4177614731414 
431057, 1, 1.55250574427125e-05, 0 
470565, 309, 2.38726157225047e-05, 67299.6276074234 
54077, 94, 2.26075554450297e-05, 1129.57915812047 
664643, 37, 2.31224565297817e-05, 12867.4748715105 
2731219, 64, 2.27821570146261e-05, 1155.16355914944 
3025667, 362, 2.45302457930628e-05, 4451.71919872875 
453816, 2, 2.11886852420807e-05, 0 
714, 87, 2.81309778327895e-05, 5089.98259228491 
762210, 185, 2.65688931399118e-05, 3564.42711340183 
94869, 96, 2.29021619640894e-05, 1632.03436750831 
1312072, 463, 2.46968462127386e-05, 41093.433740116 
1336796, 500, 2.67008437466624e-05, 21758.657559621 
1352, 148, 2.42694883991845e-05, 8820.78780360999 
166309, 528, 2.80088507968518e-05, 31461.6914768005 
169669, 12, 2.39601303431091e-05, 0.160981255904719 
1763534, 404, 2.52506123273489e-05, 2286.27334449394 
1850246, 442, 2.59888767607464e-05, 22550.8572575152 
1942464, 432, 2.51376285161258e-05, 19725.8309825788 
2005460, 3, 2.23079840274834e-05, 2501.17793507354 
2316383, 495, 2.78442947040151e-05, 42472.4342491189 
2572577, 220, 2.76686403630126e-05, 40586.1198683112 
2684406, 305, 2.58973429326151e-05, 13285.5362660195 
2686362, 435, 2.53299222371387e-05, 3792.93486833862 
2730851, 13, 2.36916297472103e-05, 25.0643244781981 
28091, 115, 2.6525198938992e-05, 782.965284864709 
3054208, 54, 2.03479499440431e-05, 677.11616360904 
57029, 484, 2.64865580717786e-05, 12831.3614934341 
83561, 19, 1.9258175095328e-05, 9559.12823777205 
1227, 273, 2.6007125952511e-05, 7839.61867110332 
1291540, 386, 2.77238702522872e-05, 8096.30693028168 
1389011, 3, 2.33754090696587e-05, 0.0758895150967305 
146785, 379, 2.59666069434707e-05, 18564.6737071497 
158847, 126, 2.1151039573595e-05, 10084.8921204344 
1802984, 15, 1.76385508166649e-05, 23.54315666125 
191026, 40, 2.19514872132587e-05, 347.100692381819 
1913577, 529, 2.72131058317686e-05, 20559.2538137664 
2666100, 189, 2.66113151311938e-05, 34529.6007677496 
2785918, 269, 2.90892166273962e-05, 36899.8998172524 
2879116, 120, 2.64907679673634e-05, 8451.95190130877 
3020716, 52, 2.26147131323639e-05, 269.472703269976 
329854, 198, 2.50181381501589e-05, 29860.0194237146 
42422, 28, 2.14652156180909e-05, 50.8020053747623 
63743, 39, 2.38163284748023e-05, 3782.54381792387 
716816, 156, 2.70401817100211e-05, 3444.20703585452 
754477, 305, 2.69012455276679e-05, 33715.8814046461 
766, 6, 1.94416362081033e-05, 7.62654222546589 
92172, 211, 2.76602218349791e-05, 17848.5870134775 
1188228, 699, 2.88600288600289e-05, 48867.0917999175 
1238, 370, 2.81254394599916e-05, 125796.919225178 
126385, 202, 2.90562529056253e-05, 116692.402893105 
1353138, 44, 2.4386675120714e-05, 244.651029412255 
2058137, 332, 2.40263328608155e-05, 4753.18127337229 
2132, 89, 2.22513962751163e-05, 648.29449823723 
2259673, 294, 2.69505457485514e-05, 4143.25866565293 
2650157, 574, 2.76732344476422e-05, 58794.4059077604 
2653189, 116, 2.43771634732583e-05, 4209.72370469974 
2689569, 184, 2.29100323031455e-05, 27021.9964032711 
2986924, 116, 2.70723915750717e-05, 1944.91754155773 
379899, 356, 2.43890541924784e-05, 7725.11448730625 
45243, 516, 2.76709372146435e-05, 44854.4833784405 
603050, 179, 2.29615852678469e-05, 9062.57132837818 
84022, 21, 2.23578599056498e-05, 346.205480454026 
1165090, 420, 2.55564926269519e-05, 3712.08564765786 
1170562, 4, 2.55212719801955e-05, 14.5741027401225 
1185412, 299, 2.42224590640442e-05, 17039.4817818699 
1336802, 532, 2.63261813873898e-05, 54580.2439890981 
158, 163, 2.82973485384419e-05, 37487.5926415014 
1855336, 332, 2.41085850671424e-05, 57453.6970262693 
1871034, 1, 2.26362134142201e-05, 0 
2080449, 78, 2.60017161132635e-05, 691.457097785582 
2153385, 27, 2.43747867206162e-05, 72.0951894814133 
2335, 575, 2.8328611898017e-05, 21123.3843780574 
271097, 120, 2.75945804244046e-05, 3420.34243029037 
2813371, 139, 2.37354916807102e-05, 17333.2175391823 
28264, 72, 2.5094732615624e-05, 217.548843523417 
357276, 555, 2.77077387714389e-05, 62634.1969898957 
486, 114, 2.57009946284921e-05, 6507.433885658 
553239, 23, 2.62770653773387e-05, 160.040080006845 
573658, 86, 2.10544045814384e-05, 3923.46483510534 
71452, 84, 2.3477485091797e-05, 720.159570924501 
907046, 515, 2.6195840100592e-05, 16449.0307227787 
996801, 453, 2.52703932073183e-05, 26345.0777755002 
1055487, 350, 2.59168070493715e-05, 65886.3513429793 
107401, 435, 2.52124145929456e-05, 14931.5755267309 
1293, 51, 2.10703750526759e-05, 414.233101581212 
1492, 192, 2.4627508927472e-05, 38523.7440273985 
1510, 182, 2.61903514745168e-05, 38248.6403627835 
1658616, 60, 2.71282079105854e-05, 1651.93180918973 
261964, 34, 2.47243237897444e-05, 4441.32693305607 
272131, 357, 2.74929205729525e-05, 12753.6330092563 
2818493, 423, 2.51180548578318e-05, 12066.1150419455 
2872157, 191, 2.86960514233242e-05, 122689.692534246 
2973072, 604, 2.86590433611326e-05, 39360.1251880512 
2996112, 19, 2.19519690916275e-05, 1736.55618038388 
35742, 175, 2.56561561946789e-05, 3717.80512503221 
54913, 21, 2.27702256529362e-05, 10177.0939590897 
1107, 57, 2.30435984883399e-05, 1785.61196783398 
1553431, 596, 2.75778384490224e-05, 49720.6676402103 
2102, 159, 2.26387756950104e-05, 3149.95227134514 
2751313, 210, 2.50243987888191e-05, 5443.89090718048 
2867026, 197, 2.6529421128031e-05, 2147.29727474844 
2954087, 2, 1.71356112272525e-05, 8.42573737975062 
2955313, 4, 2.47047779040466e-05, 0.0695242639771218 
3042315, 454, 2.54226515825601e-05, 11933.5654533515 
3073902, 354, 2.74280698867221e-05, 29202.9895817352 
398041, 303, 2.41598415114397e-05, 219.801504183716 
66219, 34, 2.30414746543779e-05, 4139.97552360927 
129958, 321, 2.68824430764268e-05, 27022.2534307641 
1570939, 1, 1.99421677136305e-05, 0 
1638, 82, 2.28675966155957e-05, 16345.5887680456 
1709477, 194, 2.82398124876451e-05, 77556.7116685796 
1719, 15, 2.48712910687194e-05, 8.41408124809854 
1968541, 14, 2.33051341210469e-05, 16.7647631208619 
2564040, 203, 2.69316743421939e-05, 13874.9915310465 
2715679, 431, 2.76105803743995e-05, 16110.3147317707 
2918526, 208, 2.40529164161155e-05, 51323.7672493981 
3019933, 24, 2.44726151436543e-05, 24.3413977987828 
316279, 501, 2.77207961412652e-05, 61010.0075825978 
583, 145, 2.72331154684096e-05, 19796.110643749 
59600, 450, 2.53813548567223e-05, 14018.6733467002 
693075, 228, 2.51755998086654e-05, 19803.9377764762 
981385, 124, 2.4904119141306e-05, 10932.4557225086 
1178, 133, 2.74702634398264e-05, 4047.14629408938 
1524258, 290, 2.73935077386659e-05, 11522.8085403191 
1703969, 5, 1.92730216243303e-05, 34.4072599337727 
1973475, 72, 2.44486822160286e-05, 355.7074601632 
2207, 63, 2.71716979594055e-05, 46152.4733269447 
2500547, 256, 2.45428886979998e-05, 19834.1820683245 
257984, 53, 2.4204870019848e-05, 179.681698790601 
2779362, 256, 2.37264811255843e-05, 3883.48700077362 
2806609, 42, 1.91076717301997e-05, 454.092211929233 
2879119, 10, 2.13656952397231e-05, 1247.26206592515 
29394, 29, 2.47457375467076e-05, 1307.82044035892 
29430, 111, 2.31181801368596e-05, 10308.1612789944 
3029174, 1, 2.04336010135066e-05, 0 
407035, 172, 2.49345468146116e-05, 2147.61645012159 
53336, 228, 2.68838884856306e-05, 37009.3862788369 
824, 358, 2.70292185852907e-05, 8740.94894691855 
104264, 435, 2.52385038614911e-05, 6354.51954220861 
1354726, 396, 2.5026277591471e-05, 5751.15614316335 
1388755, 20, 1.99608766817039e-05, 204.971303579899 
1580, 145, 2.66759143169632e-05, 6100.73372496632 
169480, 15, 2.41896468311563e-05, 22.8315731122789 
181486, 57, 2.46135669981294e-05, 1865.23240971848 
182180, 1, 1.96028463332876e-05, 0 
1871025, 530, 2.71532529597046e-05, 33645.0357749698 
2352, 130, 2.51813053988719e-05, 2679.25352688441 
2731377, 28, 1.97773075173546e-05, 154.063914367035 
273528, 226, 2.48478071810163e-05, 15265.1083607822 
2845819, 314, 2.3945213351851e-05, 3464.48925678272 
2854036, 30, 2.52550762703303e-05, 94.0635580276452 
2920386, 430, 2.59201658890617e-05, 14485.3257693526 
3047872, 9, 2.37778200494579e-05, 5.2222183952347 
33070, 642, 2.79197029343608e-05, 48188.518298313 
374981, 502, 2.63907948907421e-05, 57094.2605766231 
44260, 213, 2.42588908835088e-05, 6878.54249056841 
851, 190, 2.31508276420882e-05, 6960.46778461319 
1410606, 200, 2.59558231889324e-05, 2495.87788448886 
1622118, 448, 2.52162291650907e-05, 32109.5083267256 
1774273, 404, 2.48780973231167e-05, 22896.432637923 
1855377, 104, 2.35926957014108e-05, 9648.09516418624 
28035, 1, 1.94212468440474e-05, 0 
29575, 125, 2.11010529425418e-05, 3195.79740185352 
332410, 305, 2.54504733788048e-05, 23359.7659279411 
39488, 109, 2.44810027418723e-05, 752.033734837707 
51366, 129, 2.65547825163312e-05, 2288.52954359121 
53346, 101, 2.42948422049999e-05, 2546.70382597752 
727, 453, 2.77731489196245e-05, 256655.99612481 
985782, 110, 2.29563141342026e-05, 3117.7669845339 
1019, 486, 2.69048643994834e-05, 24581.490196233 
1054034, 26, 2.0493483072383e-05, 1366.27964589128 
1442557, 262, 2.60443796228774e-05, 7916.32207361153 
1513297, 61, 2.29694965086365e-05, 606.520751850698 
1573720, 6, 2.35954791062033e-05, 1.7827799469215 
1776742, 16, 2.17594708096699e-05, 425.455774039742 
182773, 44, 2.07503320053121e-05, 1626.83171572077 
2264, 323, 2.71635790731787e-05, 8432.54166291102 
2778078, 46, 2.3587130861402e-05, 260.347214806959 
281120, 341, 2.43599425105357e-05, 2534.81073709474 
2855841, 321, 2.38589459117696e-05, 28137.9879624152 
2867409, 1, 2.04206657137023e-05, 0 
2881052, 166, 2.65590141293955e-05, 29446.5582058715 
2912314, 162, 2.70548130512418e-05, 4335.63483667688 
2976818, 122, 2.1777477732529e-05, 2671.45953128969 
35817, 96, 2.06833788367668e-05, 3188.95202401819 
39948, 505, 2.70460323470547e-05, 35545.3007225201 
40215, 159, 2.32558139534884e-05, 34326.5891465881 
414778, 1, 1.53626349991551e-05, 0 
475, 45, 2.41645119976802e-05, 1131.16552119979 
584609, 512, 2.63490725126476e-05, 90789.4716009182 
69710, 203, 2.6412403264573e-05, 6026.95009208698 
91604, 3, 2.09240040174088e-05, 23.2892377508057 
930802, 369, 2.47985120892746e-05, 4167.14267025661 
112234, 400, 2.61096605744125e-05, 5577.7676628159 
131318, 132, 2.64347458299188e-05, 772.68975637339 
1531, 360, 2.72747108880646e-05, 22558.2347403027 
1581680, 141, 2.42918913666618e-05, 21371.8761560647 
208226, 48, 2.14573856321346e-05, 10359.3257860053 
2547600, 404, 2.49943762653403e-05, 9988.35884407654 
2608253, 418, 2.50112550647792e-05, 12444.5031824827 
2685905, 10, 1.90316686967113e-05, 17819.2916271737 
2751, 37, 2.47072194495232e-05, 6048.53363770672 
2820270, 472, 2.62950302392848e-05, 10479.3859021922 
2853159, 193, 2.4804663276696e-05, 3524.94181166645 
2913620, 342, 2.62687821792582e-05, 4050.25448737984 
29330, 102, 2.33263354327035e-05, 15749.6909376226 
2950245, 116, 2.74951883420401e-05, 6460.97485406308 
3028318, 370, 2.41785342972509e-05, 24963.5810230969 
338645, 53, 2.50363026388263e-05, 888.894357120591 
379097, 219, 2.69309490466444e-05, 17914.6262053684 
444051, 363, 2.41908171658039e-05, 53018.8501620336 
51515, 49, 2.50714536428822e-05, 301.666933247032 
55208, 12, 1.96371062760192e-05, 7.20719725957618 
754417, 271, 2.36764845155791e-05, 2228.79575597479 
1173273, 8, 2.09100033456005e-05, 74.000008739679 
1241979, 522, 2.67393978287609e-05, 45072.4282930808 
1618022, 341, 2.84794805342751e-05, 16177.0018890691 
1803865, 168, 2.55160623612564e-05, 18398.4210609656 
1853276, 77, 2.53530410972796e-05, 4413.53032294184 
2488810, 269, 2.40107568190549e-05, 29725.3932373953 
2507161, 126, 2.24597969634355e-05, 8397.95042855389 
2528037, 179, 2.55610653852053e-05, 12133.3941504366 
266748, 508, 2.62818996557071e-05, 19777.2032846146 
2834459, 358, 2.61001200605523e-05, 14268.8583977816 
2877527, 408, 2.783654381472e-05, 12972.4618714899 
288965, 252, 2.37902650235524e-05, 11722.6025245272 
2906076, 399, 2.52092366643138e-05, 13193.5305157251 
2912188, 178, 2.69585377689114e-05, 11572.5250150843 
343874, 518, 2.63054057608839e-05, 44987.8132814855 
576611, 253, 2.75065328015404e-05, 32852.117232518 
687, 317, 2.82733467160508e-05, 47163.5954786772 
882626, 254, 2.81658404686796e-05, 83963.2007901722 
1530123, 436, 2.74589488714372e-05, 197516.965157277 
1904463, 183, 2.34929286284828e-05, 50837.9181137039 
2093856, 537, 2.8030833917309e-05, 85749.9968044214 
2236, 17, 2.28634139649732e-05, 17.3156243589237 
2587854, 59, 2.39194393283421e-05, 122.805089620512 
2744027, 456, 2.56706456167373e-05, 9339.7612622142 
2754694, 494, 2.65104318549349e-05, 18162.1016352255 
28262, 152, 2.5441408436371e-05, 20781.1228840869 
2834768, 55, 2.6424966308168e-05, 441.220138900709 
2983219, 101, 2.55258321421278e-05, 958.421499899201 
2986838, 459, 2.6077659269304e-05, 10016.5261963125 
3070215, 140, 2.50381832294249e-05, 16353.6731017564 
447237, 8, 2.15600879651589e-05, 38.3044373603753 
452627, 237, 2.69519984906881e-05, 36300.9557067949 
493, 78, 2.53260731923515e-05, 4748.77941221918 
535712, 5, 2.24906101702539e-05, 0.91688113910831 
702745, 365, 2.42148340073129e-05, 17405.8900147735 
1302, 26, 2.29879772878784e-05, 856.666843787127 
138851, 385, 2.68622236548741e-05, 39086.1973368352 
1621989, 135, 2.50676827434072e-05, 8390.31066671349 
1854498, 138, 2.20051051844028e-05, 2658.53379665031 
200, 2, 2.08916558726445e-05, 2.20354982433114 
225848, 6, 2.07550694257072e-05, 0.317675264105287 
2767188, 507, 2.62439638883057e-05, 14225.2742062357 
2806551, 315, 2.44546610583977e-05, 38784.2342835121 
28082, 31, 2.40142164161183e-05, 1575.3339783023 
2808963, 431, 2.51616636892031e-05, 75800.9883871479 
2814294, 387, 2.81968137600451e-05, 74973.4530964687 
474394, 120, 2.65442093807236e-05, 4685.25129349455 
82985, 203, 2.64389392697565e-05, 47357.5776681265 
84996, 7, 2.21921395441735e-05, 43.3217174630546 
1179670, 3, 2.03886068464942e-05, 0 
1241982, 351, 2.42665437161785e-05, 7253.42984878841 
1336795, 379, 2.40673886883273e-05, 68305.6228799037 
1563222, 14, 2.42312631757494e-05, 542.399020272324 
1564138, 163, 2.09336403600586e-05, 6102.5018191648 
1790137, 451, 2.53665465983461e-05, 16628.9867898917 
197, 242, 2.4329124394813e-05, 95594.9134574354 
215591, 124, 2.65399824836116e-05, 6895.20225283748 
2238, 53, 2.38015899462084e-05, 14087.540316621 
2495429, 7, 2.26510827217541e-05, 0.2357054464663 
2686361, 404, 2.46493628139713e-05, 20834.1545382592 
2713414, 460, 2.57228109887849e-05, 11523.2572973312 
2741553, 171, 2.5545394165432e-05, 21439.6981111298 
2864204, 280, 2.69034167339252e-05, 5458.1685191233 
33959, 187, 2.39572602477181e-05, 14463.9753976328 
65093, 486, 2.76151551971722e-05, 28012.2196638778 
111781, 226, 2.70482269887209e-05, 13219.5705880204 
111782, 204, 2.53742704897234e-05, 21281.3890529883 
1288, 23, 2.14748958467551e-05, 224.315167657653 
1336804, 418, 2.50689395838556e-05, 11582.118870938 
1504, 95, 2.14878164080966e-05, 1172.18288385002 
1577685, 13, 2.29853353560428e-05, 18.878808512308 
1660080, 113, 2.05592105263158e-05, 1489.31520197557 
166485, 89, 2.16197518052493e-05, 4024.37978115036 
209, 452, 2.6411705667952e-05, 56940.0840960143 
233055, 72, 2.50632847941051e-05, 1319.08999488475 
2546350, 154, 2.58631837579206e-05, 19237.4572872484 
2738126, 2, 2.16085396948874e-05, 0 
2829809, 160, 2.63254883378087e-05, 3790.98794969661 
3025672, 282, 2.6567481402763e-05, 16181.835825201 
379064, 381, 2.81270216296796e-05, 101278.952283707 
394958, 142, 2.34181068802398e-05, 3870.35156040179 
418240, 38, 2.38788862887435e-05, 5681.10198436994 
433296, 53, 2.42977937603266e-05, 3471.83040269232 
518738, 14, 2.09362699941378e-05, 10.5118101887094 
591197, 422, 2.61540473388257e-05, 6644.8292874723 
640030, 60, 2.29853353560428e-05, 266.000196159275 
996, 373, 2.42212856658431e-05, 8039.93556959818 
1115758, 124, 2.14027352695674e-05, 2610.16576288782 
1335745, 69, 2.29037355992762e-05, 19839.6480504431 
153493, 224, 2.75254610514726e-05, 28437.5419350013 
158483, 59, 2.42718446601942e-05, 937.500861391177 
165179, 373, 2.71968234110256e-05, 12086.665234838 
178606, 86, 2.42007695844728e-05, 6401.32204710788 
2024615, 12, 2.18012165078811e-05, 200.419588301665 
2224, 304, 2.56983527355896e-05, 13097.8947526618 
228745, 360, 2.61951538965291e-05, 18843.7571042081 
2651167, 95, 2.67372530146253e-05, 15528.2538869809 
2651972, 9, 2.27066303360581e-05, 304.878009017439 
2697030, 24, 2.35882436193801e-05, 7207.64918141903 
2724150, 129, 2.21862312249018e-05, 2268.3087260586 
273376, 302, 2.60321757692508e-05, 15881.005674833 
2763672, 351, 2.60926288323549e-05, 32787.550580341 
28127, 399, 2.75254610514726e-05, 20087.7137874069 
2983236, 14, 2.32045480914259e-05, 18.6836270136404 
3024242, 295, 2.49333034133692e-05, 7125.96880813556 
3053655, 396, 2.60172754709127e-05, 61517.2609512143 
33033, 123, 2.41592578275995e-05, 16135.0979091013 
33060, 58, 2.57042977585852e-05, 1009.1609916337 
357794, 414, 2.66723567694441e-05, 42503.0213871443 
399025, 38, 1.82708470364686e-05, 1608.86870064129 
454, 318, 2.7292576419214e-05, 50986.2915622479 
511745, 23, 2.46706468643608e-05, 151.455554032414 
53344, 87, 2.08107883126613e-05, 2415.7320785154 
69967, 59, 2.42553604346561e-05, 2057.50065387107 
712, 529, 2.77369428341608e-05, 110953.169685566 
77095, 432, 2.6567481402763e-05, 37703.3390984213 
82983, 17, 2.27873484641327e-05, 29.1870124928842 
102106, 12, 2.1284747350049e-05, 9239.61843206769 
104270, 503, 2.55199693760367e-05, 64009.457313318 
108981, 133, 2.62143812095315e-05, 21195.506983758 
1379908, 16, 2.04892841044134e-05, 19.2350827675411 
157687, 239, 2.34400637569734e-05, 36755.2238411721 
1740262, 218, 2.47604427167158e-05, 11365.5955611744 
2576307, 71, 2.23383818076219e-05, 7420.09045829733 
2678343, 35, 2.32104725652214e-05, 96.144252638048 
2709396, 311, 2.67151100662535e-05, 27716.4390270616 
2738867, 49, 2.35726745556551e-05, 7725.55387153186 
28116, 420, 2.60064495995007e-05, 22679.8848938557 
2849039, 142, 2.49469876512411e-05, 8140.76442811165 
2875764, 43, 2.37416904083571e-05, 809.545963593311 
29498, 320, 2.73351010031982e-05, 90050.9506891938 
3048493, 9, 2.40679679414667e-05, 2.30463957590846 
359370, 261, 2.80339771803426e-05, 44839.8544069668 
696485, 267, 2.67279627946758e-05, 46106.5550729128 
697331, 37, 2.17273221075502e-05, 3010.1191822116 
870, 118, 2.36361917367874e-05, 34012.7505077662 
999141, 1, 2.06492112001322e-05, 0 
1054033, 78, 2.16085396948874e-05, 41134.5620592693 
1074311, 162, 2.6536461097548e-05, 35520.6482879037 
119864, 71, 2.57493047687712e-05, 1919.71351015908 
159, 247, 2.33268795633208e-05, 83735.9563500129 
1852373, 382, 2.56173788297981e-05, 31780.6860569938 
187327, 341, 2.64508279109136e-05, 34450.7651279568 
1911586, 110, 2.18536244236107e-05, 12744.5575851234 
2067959, 78, 2.55036980362153e-05, 10944.3039414003 
2738844, 415, 2.42148340073129e-05, 63115.7449403386 
2766701, 348, 2.54265300414452e-05, 65912.8853436418 
2775246, 468, 2.54608412261941e-05, 23502.928382416 
2778056, 2, 2.06769637946364e-05, 0.137907170081166 
2782609, 125, 2.60613484141669e-05, 1259.62664151571 
2857064, 381, 2.70467638547048e-05, 32044.0095922665 
2930219, 9, 2.01328769881216e-05, 3003.93013910344 
2986951, 158, 2.65167585914298e-05, 17500.4903831224 
42858, 83, 2.15076889988171e-05, 3202.7232442126 
1196095, 183, 2.33530277200439e-05, 8054.32687964665 
1290, 108, 2.35915825233557e-05, 3490.32258668823 
1507512, 125, 2.20653133274492e-05, 3023.98960933481 
1721, 29, 2.44277792705865e-05, 60.2014499499416 
1796616, 267, 2.7384505846592e-05, 50806.0085078735 
2058134, 348, 2.43048804199883e-05, 7033.02973573562 
234827, 56, 2.01077776884099e-05, 1105.39243927071 
255519, 1, 2.08681135225376e-05, 0 
256, 557, 2.66780493010351e-05, 31034.473270562 
263377, 2, 2.11859918222072e-05, 0.0578611259105173 
2664899, 1, 2.09051949409428e-05, 0 
2808900, 388, 2.5179403248143e-05, 16079.026268421 
3036126, 158, 2.27262397163765e-05, 8484.58592482181 
330734, 315, 2.63095582625168e-05, 90133.3460458301 
436114, 2, 1.94726798301982e-05, 0 
529884, 44, 2.38965756207136e-05, 543.106703275696 
71190, 58, 2.58524857165016e-05, 165.940206069344 
2282170, 482, 2.712600027126e-05, 20344.3891904106 
2496865, 542, 2.73291246481375e-05, 41223.6017003896 
2507538, 469, 2.73351010031982e-05, 9039.4429341215 
270918, 333, 2.57353887330468e-05, 15997.6043749975 
278132, 10, 2.44971950711644e-05, 0.481953539974311 
2930200, 91, 2.22000222000222e-05, 14993.6355205577 
2983229, 532, 2.88583631536419e-05, 19086.9513372131 
367743, 2, 1.71464823991358e-05, 9218 
43657, 206, 2.85274148456667e-05, 34432.5842294135 
55206, 454, 2.83639664170638e-05, 13526.0938326441 
773, 348, 2.93237933259046e-05, 67927.7723180588 
1096, 622, 2.87952084773094e-05, 35798.7932791817 
1307839, 474, 2.71127619770626e-05, 13918.067072202 
1400864, 516, 2.89410470870836e-05, 22822.3297044675 
1508419, 555, 2.7920482465937e-05, 20231.18746786 
1615909, 88, 2.23299019717303e-05, 10030.7587988206 
1858656, 80, 2.73037542662116e-05, 4312.20144426083 
2597702, 90, 2.74853640436468e-05, 787.870472832 
29471, 343, 2.82781438226395e-05, 29039.9022099481 
2978283, 14, 2.4247714652894e-05, 31.7845470406173 
3038772, 462, 2.63275675960298e-05, 8004.01916638896 
33025, 302, 2.82190930383497e-05, 26286.9667865677 
43948, 267, 2.77993995329701e-05, 11077.7557905123 
1050624, 214, 2.67101151205962e-05, 2757.75042026752 
1481665, 67, 2.79657698976453e-05, 1142.3006802163 
1563479, 457, 2.60098317163888e-05, 4879.7349776248 
258224, 475, 2.80504908835905e-05, 16199.2174484383 
258255, 443, 2.78272484416741e-05, 21609.5922520127 
28251, 428, 2.83527076835838e-05, 68703.0911700624 
2829812, 508, 2.72583546857112e-05, 21361.0957857132 
2872754, 342, 2.94854784018871e-05, 45675.1108044757 
2879938, 508, 2.75542819354128e-05, 30946.4833571186 
29495, 46, 2.75231882861311e-05, 158.842257899477 
2986837, 455, 2.70409129012195e-05, 5440.827029802 
313603, 460, 2.65463233342182e-05, 5622.40037803828 
35787, 444, 2.78636908244866e-05, 19721.4917824459 
992289, 469, 2.6139007240505e-05, 7465.74239526351 
1032, 427, 2.88492052043966e-05, 21746.3323948556 
1055101, 455, 2.78644672313865e-05, 26933.6339462428 
108007, 481, 2.83752340956813e-05, 28615.5224878969 
1236046, 303, 2.63130196821387e-05, 15387.2716463801 
1714860, 483, 2.70599377621431e-05, 37624.1275868558 
2494373, 472, 2.73276309676714e-05, 14022.2398989708 
2736252, 520, 2.70782561603033e-05, 35590.763396453 
3070997, 164, 2.45278390973755e-05, 11575.456960226 
343403, 468, 2.74702634398264e-05, 21141.1636622323 
376490, 707, 2.94126297832289e-05, 57428.4621556844 
387661, 460, 2.7875341472933e-05, 17945.6672196274 
570278, 3, 1.91515847936417e-05, 13335.6209961002 
777, 390, 2.87786347415679e-05, 24956.6653112272 
82976, 432, 2.85062713797035e-05, 34086.8752317633 
948519, 34, 2.63137120753625e-05, 27.1993581920602 
153151, 1, 1.88501413760603e-05, 0 
1731, 93, 2.49034989416013e-05, 4242.80152642074 
1796646, 204, 2.94933050197605e-05, 13137.4687701516 
2420306, 162, 2.78838914758944e-05, 4101.51732917618 
2483110, 62, 2.23969181840579e-05, 2294.90236397494 
2721545, 424, 2.81040975774268e-05, 26564.1145888499 
28123, 138, 2.58953310718078e-05, 10292.4828636719 
2871493, 53, 2.55859175110019e-05, 357.58711120357 
2929491, 512, 2.78629144608526e-05, 25262.8536538567 
2983212, 517, 2.85054587953593e-05, 31594.5957368102 
52584, 192, 2.45374687147274e-05, 21502.5525253315 
563798, 319, 2.4349265869634e-05, 1486.31426942415 
880, 640, 2.85168391935438e-05, 71205.3216389695 
1027273, 159, 2.85812278495484e-05, 17307.6419587163 
105751, 360, 2.76571618220538e-05, 8443.38820774173 
1114861, 500, 2.71591526344378e-05, 21210.4926539708 
1416627, 140, 2.81080473339517e-05, 12135.2334110456 
150829, 651, 2.9271434007552e-05, 27140.6897628489 
1603555, 160, 2.37761240162629e-05, 2370.72295508951 
1852970, 392, 2.46244767298695e-05, 18058.5223470333 
2069256, 5, 2.17391304347826e-05, 21.5142157294275 
2259638, 381, 2.93212138982554e-05, 20328.1616395498 
2528593, 481, 2.77700638711469e-05, 16032.1491488005 
2546359, 240, 2.90663876293454e-05, 36275.7682003475 
2795031, 43, 2.59000259000259e-05, 651.844543404465 
2895496, 1, 2.0854622427061e-05, 0 
34090, 297, 2.83229954399977e-05, 8769.22258764803 
39491, 35, 2.49594409085236e-05, 17614.4035036716 
454154, 202, 2.66432206325101e-05, 8171.37497626125 
712471, 356, 2.77123458500762e-05, 7874.58475854773 
84030, 178, 2.69157268592038e-05, 10434.7078167624 
84032, 3, 2.30861575399391e-05, 0.483977919992869 
1118202, 372, 2.77062034189455e-05, 15931.3732485594 
1734049, 152, 2.16877399206229e-05, 6313.37975395151 
1776384, 523, 2.81571167112488e-05, 39186.9066286834 
2518971, 423, 2.94524784260596e-05, 187345.185694196 
2579248, 189, 2.49469876512411e-05, 511.149042426075 
2803751, 64, 2.28644594841778e-05, 140.696346033601 
2938232, 3, 2.38521168753727e-05, 0.161420067863216 
1250205, 495, 2.71326242674191e-05, 14564.5116464569 
1541, 120, 2.27138509062827e-05, 10675.6781071545 
1704307, 73, 2.57526203291185e-05, 10615.9250316198 
1798225, 342, 2.43730044602598e-05, 1588.9492210984 
1855823, 281, 2.56311674996796e-05, 43517.0324840727 
251701, 123, 2.75938189845475e-05, 2691.65305779523 
2661553, 191, 2.70775229482007e-05, 2168.5273428005 
2686078, 453, 2.54725151561465e-05, 4417.56492115041 
32011, 17, 2.03653544589944e-05, 10792.4142360425 
36739, 185, 2.61786957773764e-05, 16297.4600985802 
442694, 21, 2.2802417056208e-05, 39639.6221927149 
649196, 412, 2.7783951989331e-05, 9198.91845864074 
821, 474, 2.74453836864639e-05, 28704.625354115 
878220, 487, 2.66709340161092e-05, 16318.6500062802 
1042156, 222, 2.7708506511499e-05, 3724.16502840461 
1117707, 345, 2.88300755347979e-05, 70764.3067259154 
1170699, 506, 2.75900124155056e-05, 28143.5061747526 
13373, 9, 2.36160967315322e-05, 33.207907365718 
1380685, 183, 2.63977614698274e-05, 1979.57520973318 
1474, 4, 2.049558320182e-05, 1510.65833583252 
1725232, 463, 2.71252644713286e-05, 37449.5867871325 
1732569, 282, 2.78940027894003e-05, 29699.8203993901 
2654676, 464, 2.6683032259786e-05, 6955.00053164023 
3019932, 31, 2.53903770470991e-05, 38.4120498766586 
3060215, 349, 2.61615738802846e-05, 10321.1475342016 
556054, 96, 2.60620276257493e-05, 5474.60596373066 
60478, 397, 2.91426240018651e-05, 19384.825223625 
750, 93, 2.31669176416078e-05, 11869.4931462169 
885581, 64, 2.53562553882043e-05, 4152.73109990013 
1592728, 15, 2.41109101868596e-05, 9.54696351550433 
1675036, 474, 2.77123458500762e-05, 21262.3574843619 
2497456, 460, 2.66496109156806e-05, 7518.73645715541 
2592814, 347, 2.65554876915315e-05, 18618.8866397152 
2691580, 100, 2.8055212658512e-05, 1573.55080467136 
2743001, 8, 2.44546610583977e-05, 27.9633098788082 
2763667, 494, 2.84632681524493e-05, 21740.9412046823 
390846, 467, 2.70753235501164e-05, 11975.0803871769 
48075, 80, 2.39263069745185e-05, 50568.143900749 
674, 328, 2.96515937731653e-05, 80341.8718726041 
1416779, 534, 2.76319425255595e-05, 51350.6481674867 
1650, 32, 1.96317091365974e-05, 971.116071442216 
1827144, 2, 2.00932325992606e-05, 4.06723555874019 
187493, 356, 2.86303252404947e-05, 116451.02284055 
2005388, 7, 2.29352537785831e-05, 1057.57381379292 
2867015, 370, 2.75854459187333e-05, 8156.73247661223 
2913616, 389, 2.83029548284841e-05, 42847.574329264 
29370, 254, 2.64061262212833e-05, 42191.7867049471 
3034230, 156, 2.82581666101503e-05, 8475.87129496886 
332101, 22, 2.00272370423776e-05, 291.068423946226 
40576, 209, 2.89703922591112e-05, 26356.6407422742 
438, 611, 2.98739320069308e-05, 67500.1526866482 
485, 105, 2.71480928464775e-05, 900.405881220203 
537, 412, 2.942128335638e-05, 109260.467826014 
65058, 292, 2.65844321565291e-05, 12735.1476559708 
89373, 410, 2.61294452718769e-05, 5745.41430249727 
1175444, 542, 2.84811027883e-05, 34003.823388184 
1353134, 43, 2.54712175241977e-05, 556.051617258141 
1578, 115, 2.33907185628743e-05, 11865.1941998467 
2212991, 113, 2.13488183429047e-05, 11871.9394798243 
2249356, 487, 2.67931302414061e-05, 10203.8269278216 
2749808, 2, 2.2670596236681e-05, 10.4768473600093 
2749961, 56, 1.96509982707122e-05, 160.123665185142 
2759528, 516, 2.65449139944787e-05, 18208.1090682331 
2829795, 512, 2.74152867638996e-05, 20878.0809461533 
3025190, 58, 2.73620269789586e-05, 155.726095046642 
331648, 488, 2.68990746718313e-05, 9424.4607621418 
911, 342, 2.82525780477469e-05, 9193.04124166616 
999183, 179, 2.5766555011595e-05, 3483.2048907365 
1245, 106, 2.16454901621247e-05, 1188.8552015046 
1796652, 80, 2.71879503004268e-05, 1222.53098443081 
2320858, 2, 1.79420471875841e-05, 50.4474160183927 
2487064, 398, 2.5099141609357e-05, 23242.2451126713 
2745509, 4, 2.37987577048478e-05, 0.0151272015655577 
2782643, 48, 2.8255771241276e-05, 516.352019340964 
2853432, 393, 2.70848568565315e-05, 13575.2436573966 
2929800, 451, 2.82685512367491e-05, 32170.5149066805 
302167, 1, 1.68177460856696e-05, 0 
392733, 547, 2.77039007092199e-05, 14310.679594605 
430451, 228, 2.47905201051118e-05, 11189.2347668922 
51173, 13, 2.14132762312634e-05, 9586.96438040085 
538, 259, 2.65195714437255e-05, 9355.54036505684 
1263979, 215, 2.76755320621039e-05, 28877.9645546676 
139438, 635, 2.84665091519827e-05, 47099.2266978374 
2099786, 281, 2.63019463440295e-05, 10993.9013529938 
248906, 416, 2.60640654729325e-05, 4482.52559923714 
2499157, 53, 2.43617228610407e-05, 2398.10750971383 
2562449, 382, 2.74959443482086e-05, 39535.573744789 
2654325, 439, 2.50037505625844e-05, 17261.9390591451 
2731756, 302, 2.71879503004268e-05, 11115.8353023304 
2777186, 242, 2.37343649870648e-05, 8045.34844383531 
2893886, 431, 2.54065040650407e-05, 3268.24833925059 
2913621, 316, 2.73950086294277e-05, 14562.9977613785 
2983267, 93, 2.20356536876666e-05, 10865.6805029602 
40520, 29, 2.55336533551221e-05, 11728.8833539125 
47678, 522, 2.77492577073563e-05, 39985.6619119442 
51197, 356, 2.67924123888115e-05, 8665.66156519885 
563843, 392, 2.58384579608289e-05, 44390.5856987287 
566027, 40, 2.41080038572806e-05, 10449.4008358621 
571915, 402, 2.67587166519494e-05, 15948.2407826711 
702967, 17, 2.36099634045567e-05, 16.5289865077883 
90964, 2, 2.00762899016262e-05, 0.218239227704573 
1215089, 4, 2.15160186759042e-05, 1572.37402567206 
1357, 377, 2.74318318977341e-05, 33716.75408384 
1486034, 282, 2.3915435021763e-05, 1719.94709710397 
1519, 183, 2.33247031931519e-05, 33698.8976487136 
2766537, 322, 2.69745360379801e-05, 28995.8709752221 
2823902, 191, 2.70445694504543e-05, 10805.5257185243 
2864102, 88, 2.64739364096047e-05, 4118.8270103572 
2980108, 346, 2.71709596782958e-05, 8132.01170797112 
3070996, 95, 2.28644594841778e-05, 2677.9692246161 
457083, 125, 2.7564155572094e-05, 1429.01248761253 
46257, 531, 2.78024911032028e-05, 32480.2661631479 
909656, 486, 2.63490725126476e-05, 16210.6034097 
1408191, 365, 2.75527635421833e-05, 14874.6726342036 
1697, 147, 2.65540773785815e-05, 799.854733074892 
1697053, 277, 2.64865580717786e-05, 7465.4285339023 
1836467, 516, 2.72561258142768e-05, 18951.3372619521 
213849, 1, 2.00642054574639e-05, 0 
2208, 90, 2.55330014043151e-05, 24269.904301877 
2696063, 128, 2.48774784187875e-05, 5446.07876955915 
2758037, 463, 2.72353405779339e-05, 10373.5371191565 
2829596, 198, 2.78086763070078e-05, 32825.6126361667 
28895, 7, 2.25896810337038e-05, 6.72425403121059 
3003259, 389, 2.51496403601429e-05, 4913.12418871682 
326522, 193, 2.76916260522818e-05, 19250.8383847659 
34037, 159, 2.80583613916947e-05, 4216.39872973814 
671990, 28, 2.57314154851658e-05, 142.129752213167 
680, 223, 2.96612683158332e-05, 49605.4832697268 
914153, 168, 2.8681236734928e-05, 9348.96344238178 
133549, 1, 2.22816399286988e-05, 0 
152053, 469, 2.75679550090974e-05, 15924.832091462 
1908341, 436, 2.52946830576213e-05, 11393.9882649908 
2662364, 460, 2.74025155509276e-05, 11911.8611755677 
2696560, 456, 2.68867797703869e-05, 8319.85001972086 
28113, 443, 2.75542819354128e-05, 19470.1331391589 
2820817, 92, 2.07692946747528e-05, 1630.74744700934 
28223, 200, 2.77993995329701e-05, 24472.0065665923 
3051121, 452, 2.72955562834371e-05, 37454.8421777312 
432330, 37, 2.31658442791948e-05, 1541.75941783926 
863, 7, 2.33508464681845e-05, 1919.79534281685 
1382466, 384, 2.46062992125984e-05, 8462.97418550544 
2060084, 30, 2.38828783645005e-05, 13014.9762422341 
213118, 245, 2.49059799257802e-05, 14657.7661687568 
2518994, 640, 2.88383896643211e-05, 46852.5318734977 
2546356, 5, 2.54718663236455e-05, 20.3042903302658 
2609667, 243, 2.63130196821387e-05, 12394.0924214564 
2705548, 260, 2.60817401737044e-05, 2862.00130519935 
2846389, 51, 1.93543392428582e-05, 131.038052808721 
2854186, 261, 2.63706125893305e-05, 12580.3998703704 
2929510, 445, 2.53968253968254e-05, 12258.5605073798 
2949996, 486, 2.67008437466624e-05, 15213.2468298322 
2982691, 65, 2.54595447833393e-05, 3767.90721496917 
314275, 422, 2.94134949114654e-05, 131469.163088605 
411153, 503, 2.78256998163504e-05, 22666.5884573959 
492, 88, 2.70189943530302e-05, 263.580054361228 
713030, 556, 2.82167042889391e-05, 23535.0414535017 
1303, 15, 2.4196670538134e-05, 12228.8802886375 
1442554, 556, 2.82853425354981e-05, 27363.3396901093 
1500687, 2, 2.23668612583596e-05, 0.0412321316995883 
160386, 308, 2.75573192239859e-05, 6053.45009783479 
1624, 186, 2.52761418497081e-05, 30150.1286325758 
171523, 369, 2.65420957638815e-05, 8269.68038766534 
237258, 81, 2.22414981873179e-05, 21747.1685857778 
2547962, 4, 2.19394471259324e-05, 0.0155842683894367 
2604941, 112, 2.65519621900058e-05, 5369.66737283052 
28131, 363, 2.91562190215173e-05, 53798.5761908655 
28188, 506, 2.76197315362095e-05, 38490.981204506 
2906078, 398, 2.54744618519934e-05, 19646.1738204049 
2950541, 131, 2.65139463357726e-05, 491.471911471598 
373891, 396, 2.6785235977929e-05, 38358.6522002676 
45065, 684, 2.92448967655144e-05, 90072.7380722212 
544645, 483, 2.76609869440142e-05, 30424.9971194855 
663, 12, 2.13995292103574e-05, 19.4507040613581 
669, 357, 2.86590433611326e-05, 121372.895554889 
1033922, 45, 2.41062603958248e-05, 2090.56872035306 
1160, 528, 2.92945863604406e-05, 85528.5978606685 
1261031, 519, 2.87935502447452e-05, 31496.9116849467 
1548, 15, 2.10009030388307e-05, 1.79375099413574 
1816183, 54, 2.45440934639079e-05, 4119.7717455267 
195253, 660, 2.77569600577345e-05, 42869.6773269864 
2058152, 45, 2.51275221750383e-05, 100.410371688736 
2083054, 17, 2.2447192978518e-05, 5885.36275680264 
2587861, 511, 2.77361735175015e-05, 24835.3133036502 
282402, 251, 2.93435840253529e-05, 18982.0203315189 
2898076, 494, 2.63581011623923e-05, 15656.0140712159 
2906077, 416, 2.52162291650907e-05, 9296.29662662725 
2908645, 270, 2.56495754995255e-05, 2801.16932084835 
2929492, 245, 2.5929575273557e-05, 11234.226741317 
2949630, 156, 2.73030087915688e-05, 2005.67233381034 
2997336, 466, 2.6335887914461e-05, 7613.31070529699 
454155, 120, 2.71665308340125e-05, 7103.14322472189 
51589, 4, 1.99004975124378e-05, 0.5944669365722 
66228, 432, 2.73747604708459e-05, 17197.4927027923 
1497681, 7, 2.20210962101693e-05, 118.571328195046 
1692041, 504, 2.65618359541011e-05, 64332.7931280931 
1852377, 457, 2.76349969601503e-05, 14086.1896799599 
1936080, 464, 2.52767807492038e-05, 23267.5996116351 
2051, 285, 2.65076209410205e-05, 12852.6113053563 
2662448, 215, 2.81396853983172e-05, 17673.6428020002 
266749, 527, 2.63914913831781e-05, 24173.9306345015 
2686363, 390, 2.45984306201264e-05, 10147.4332320494 
279359, 527, 2.7698529208099e-05, 39826.406916077 
2815577, 246, 2.55839537442116e-05, 13801.3914485152 
28189, 167, 2.25149161319374e-05, 22575.1938535557 
2829569, 336, 2.77638958298628e-05, 50435.4147393587 
29438, 153, 2.57958004436878e-05, 13373.9712883434 
497, 258, 2.77677505345292e-05, 48362.0592153971 
754476, 166, 2.67258198145228e-05, 10392.2516301981 
767892, 371, 2.73635244219455e-05, 11885.807701136 
91844, 104, 2.12720697723889e-05, 2419.46571516028 
1295392, 212, 2.79095729835334e-05, 3805.06018034192 
1442556, 419, 2.77369428341608e-05, 16798.3776276061 
2038776, 411, 2.61355914484345e-05, 17414.6284112052 
2283318, 207, 2.67472650921443e-05, 14229.8342210188 
2299, 232, 2.44236029699101e-05, 24456.0008510461 
2303538, 151, 2.64991917746509e-05, 2574.1105745533 
2732364, 14, 2.28477426430269e-05, 17.8070745372676 
28173, 251, 2.85314844931382e-05, 45732.6473422282 
2907624, 9, 2.27086928876374e-05, 182.36872028739 
2966625, 439, 2.55891911256685e-05, 7236.1276633201 
2971264, 248, 2.68269127588797e-05, 10657.1793870904 
3042029, 1, 1.94503335732208e-05, 0 
358766, 504, 2.78473962684489e-05, 15067.1481646445 
47715, 501, 2.93040293040293e-05, 45630.6410228915 
649756, 18, 2.13410730291519e-05, 9.88614314744248 
879567, 593, 2.86049372121628e-05, 43123.3770169208 
1218, 93, 2.09209397686144e-05, 9433.01726750703 
1286698, 281, 2.42471267154842e-05, 43499.1626523951 
1323375, 151, 2.61882938326568e-05, 4221.85929071603 
1647413, 328, 2.78450700303511e-05, 7256.12484649593 
2051906, 312, 2.61896655579708e-05, 21314.1958032124 
2057808, 355, 2.42918913666618e-05, 9345.58099880046 
2676309, 5, 2.25296264587933e-05, 2.64422465093483 
670486, 250, 2.5190185903572e-05, 8516.83551991844 
81416, 204, 2.63379688158449e-05, 2969.0493142299 
861, 226, 2.5230225810521e-05, 44798.8462222426 
1033997, 234, 2.59457215505163e-05, 5939.43028448471 
105841, 219, 2.58993551060579e-05, 13269.1360123906 
1286, 34, 2.38743255503032e-05, 408.229604645882 
1305, 254, 2.82374202292879e-05, 38424.744825769 
1515, 33, 2.4893579945732e-05, 104.623512363498 
1617448, 152, 2.322394853573e-05, 27936.3332110491 
2126069, 2, 2.24769611148573e-05, 0.0728280093560612 
2161677, 279, 2.87166527869512e-05, 45823.936359092 
2339259, 99, 2.6494277236117e-05, 2377.9709123087 
2507159, 60, 2.22736992159658e-05, 1350.68062076719 
252356, 451, 2.5654181631606e-05, 4444.31032131137 
2590900, 488, 2.64054289561934e-05, 24718.4895201614 
2599308, 126, 2.21941096832901e-05, 39119.5804070231 
2724191, 312, 2.804026582172e-05, 49242.0555780335 
2816908, 139, 2.22543674196061e-05, 4438.49791955267 
2866279, 218, 2.65639527161642e-05, 2954.96991499623 
2968831, 348, 2.61008012945997e-05, 9737.74725293787 
490759, 577, 2.77507978354378e-05, 39260.5704896535 
712036, 294, 2.7986118885033e-05, 67638.9040291609 
88431, 25, 2.63137120753625e-05, 1469.3678255427 
919, 129, 2.47053882451763e-05, 13253.797906573 
97478, 334, 2.61588364549545e-05, 49354.5423013087 
979, 293, 2.44009565174955e-05, 22049.2296795327 
1094, 456, 2.84948994130051e-05, 37027.1211657314 
135616, 194, 2.68586162440911e-05, 6501.56061129138 
1573676, 200, 2.56713046157006e-05, 16871.1299453094 
1751095, 355, 2.43730044602598e-05, 11366.6179811836 
1913578, 37, 2.57977968681475e-05, 241.249075766258 
2487072, 563, 2.78870018684291e-05, 60959.0250081078 
2594004, 458, 2.55800271148287e-05, 43127.4157750763 
2779360, 412, 2.5209872185948e-05, 7518.05892699478 
2918516, 390, 2.85959393766085e-05, 21685.6844012232 
3070999, 73, 2.36563209689629e-05, 24217.2906027035 
3075221, 48, 2.48286820935545e-05, 75.5245202515144 
3075222, 210, 2.61308108390603e-05, 22273.0798358007 
577489, 17, 2.31712120861042e-05, 10960.2380810574 
76831, 512, 2.74295745672985e-05, 29703.6934070271 
1008, 465, 2.88733614367385e-05, 127758.27959006 
1336794, 414, 2.50966219946795e-05, 12258.5414994364 
1488, 120, 2.20312844238819e-05, 4128.01072681139 
1497, 333, 2.42136613477324e-05, 18796.4837987459 
2059264, 3, 2.01751200419642e-05, 9222.33253084902 
2231053, 325, 2.77031332243677e-05, 53152.9803168879 
2496866, 452, 2.59477412491243e-05, 9921.55979927348 
2763669, 361, 2.7142197975192e-05, 16172.3175366922 
33938, 53, 2.48219028470723e-05, 487.201776236726 
36854, 199, 2.60443796228774e-05, 18361.8604269081 
44000, 94, 2.71525156805778e-05, 6918.41379051866 
44935, 316, 2.73179260230563e-05, 15422.0802321647 
564, 373, 2.82965478211658e-05, 27818.5079814792 
983544, 359, 2.40078745828632e-05, 40256.2009500447 
1216932, 177, 2.20181870224806e-05, 7345.17090950588 
1737490, 483, 2.82127239384963e-05, 76851.8282556123 
1754, 33, 2.5724134382878e-05, 301.929191564478 
2562892, 418, 2.55486574180527e-05, 14109.1616574619 
2564099, 35, 2.11242316060753e-05, 482.932704326446 
28119, 332, 2.73291246481375e-05, 7966.12727342929 
2879939, 497, 2.62611938338717e-05, 14012.1563080503 
292628, 86, 2.31454692743895e-05, 6168.69120425875 
38303, 189, 2.57400257400257e-05, 9110.25990802636 
408139, 553, 2.86254079120627e-05, 102331.555904455 
504090, 196, 2.66873048490833e-05, 6454.52048869951 
76123, 358, 2.64823495140489e-05, 21649.7805033668 
1283, 111, 2.27526108620964e-05, 2180.34152186469 
1400865, 468, 2.75991499461817e-05, 27420.8051875117 
1561924, 80, 2.25565605756434e-05, 965.399060941691 
180, 666, 2.84018290777926e-05, 34902.6968494866 
1874361, 137, 2.75436566958629e-05, 10095.0576551879 
1891207, 420, 2.7831120759233e-05, 115408.298366215 
262, 98, 2.35177912090496e-05, 5184.94458955304 
265488, 198, 2.55721774709116e-05, 6106.61923775965 
2666138, 366, 2.65745415891576e-05, 38154.2502328067 
856, 100, 2.24956695836052e-05, 5200.63638394923 
860353, 219, 2.4805893880386e-05, 5953.80694357983 
958, 363, 2.51477429900666e-05, 54357.5401858074 
151276, 287, 2.35172381355534e-05, 19565.9721127109 
1599, 47, 2.18564902847901e-05, 193.07609619095 
170573, 1, 2.04348536864476e-05, 0 
1903694, 146, 2.48108175164372e-05, 15077.8285697881 
2269, 175, 2.48188225950561e-05, 9760.51866550073 
2516559, 513, 2.72405339144647e-05, 23105.700768029 
2663009, 317, 2.38635007755638e-05, 40071.4281107459 
2683272, 147, 2.39245896932868e-05, 9640.45858201081 
2684405, 5, 2.26203402099168e-05, 4.34470023574909 
2751178, 117, 2.62536098713573e-05, 21846.8471570188 
2812025, 4, 1.60787214200727e-05, 18441.093766218 
2821536, 453, 2.68969041663305e-05, 15924.5140958185 
2918453, 421, 2.46596961925429e-05, 44401.1525993926 
36874, 52, 2.53151739152448e-05, 4980.6626393505 
453161, 39, 2.3975640748999e-05, 4330.71387919487 
52443, 125, 2.65999893600043e-05, 3646.98123803608 
666507, 3, 2.00008000320013e-05, 4.03604608636648 
815, 449, 2.56508913684751e-05, 23192.251774766 
97477, 288, 2.48089709238861e-05, 24346.0703539607 
1099853, 379, 2.5197167838335e-05, 2153.99022020808 
121277, 264, 2.53395499695925e-05, 26775.5559109883 
1376, 105, 2.63067897824428e-05, 14221.8579664928 
1632, 368, 2.61643118785976e-05, 28544.4179407717 
1679721, 14, 2.02392276710721e-05, 52.1865440646171 
1844999, 7, 1.81179113671776e-05, 18525.8059707051 
187492, 7, 2.39263069745185e-05, 0.698239766290285 
221350, 232, 2.45236285160752e-05, 5302.20315047835 
2570561, 191, 2.27780055578334e-05, 4004.69174246741 
2814275, 269, 2.57658911133442e-05, 16604.7849218044 
28183, 389, 2.83736238792419e-05, 107499.181326993 
2819999, 3, 2.26510827217541e-05, 6.27976672977535 
2908211, 20, 1.9223745170034e-05, 19.7050457910966 
29562, 173, 2.29037355992762e-05, 6822.22861017796 
3023936, 487, 2.68427551403876e-05, 71821.5331179148 
3050305, 2, 2.02425052124451e-05, 0 
69966, 7, 1.8637244669748e-05, 1.26050735151689 
1287055, 214, 2.15155557468049e-05, 24449.8585702995 
1381081, 20, 2.34890658398516e-05, 242.888357269597 
1499973, 381, 2.73410799726589e-05, 46825.1989254257 
1623, 4, 2.30186681398614e-05, 8.21173467623248 
1888915, 395, 2.40222926876141e-05, 72519.4811862257 
1917830, 401, 2.55532273726172e-05, 35786.1906554718 
2487063, 358, 2.44027428682984e-05, 5312.68095951696 
265883, 191, 2.56140979995389e-05, 24486.1454234106 
2748865, 163, 2.65837254432836e-05, 16467.21019465 
2811781, 198, 2.4909081851243e-05, 4800.45787656452 
2929799, 453, 2.53517556090759e-05, 13236.4955938535 
29466, 3, 2.10088447236286e-05, 16.4289633768993 
3060017, 119, 2.04674771787629e-05, 3435.71541675029 
32067, 157, 2.51067034898318e-05, 91373.0381110471 
380393, 184, 2.62412091949197e-05, 4397.62822716658 
458033, 411, 2.65879662864587e-05, 17528.8496846311 
607711, 2, 2.21126417973155e-05, 0.306754091974162 
755731, 68, 2.33825145556153e-05, 127.750531930176 
1147, 137, 2.52525252525253e-05, 6921.06040403788 
1278212, 131, 2.18378756114605e-05, 15776.3997126064 
166486, 45, 2.57082626356111e-05, 638.711882858453 
2588536, 60, 2.42977937603266e-05, 1052.83183013095 
2735868, 154, 2.46172025011078e-05, 16694.6273751207 
2795383, 330, 2.60946714680862e-05, 17099.2968369484 
2811789, 3, 2.15438309240149e-05, 1213.78167516865 
2864203, 54, 2.50181381501589e-05, 1495.75995547815 
2867013, 273, 2.66574254258524e-05, 15861.7248491661 
2918899, 243, 2.51344694113507e-05, 10640.7560163084 
29388, 41, 2.2269235051776e-05, 98.5973511609271 
3035694, 21, 2.17084554433952e-05, 65.0201115255577 
351671, 116, 2.64935753079878e-05, 19435.2850970328 
40544, 39, 2.18312011526874e-05, 25814.3635880371 
46126, 13, 2.26839669721441e-05, 136.801599538263 
481146, 102, 2.5209872185948e-05, 1320.83868358967 
54914, 320, 2.51085946719562e-05, 23648.6084250935 
659243, 1, 1.88199868260092e-05, 0 
754397, 342, 2.42641884842161e-05, 20985.8756706905 
104267, 316, 2.38680573788099e-05, 17113.4370608925 
114885, 121, 2.05347242186537e-05, 9076.39606850977 
1243, 105, 2.6335887914461e-05, 24507.6276144493 
129577, 50, 2.45356625855681e-05, 209.605334222751 
142877, 19, 2.3460960960961e-05, 1343.60510215338 
146474, 278, 2.59215096687231e-05, 20856.5530620768 
1592897, 163, 2.61738993875308e-05, 52355.6256725577 
1632866, 100, 2.53087669568739e-05, 4352.06919725625 
1641, 1, 1.6498927569708e-05, 0 
178399, 320, 2.74340895997366e-05, 67599.5456117596 
1846278, 257, 2.46578720256442e-05, 4443.02749397067 
1884913, 200, 2.58712131011823e-05, 6304.68166533493 
1912795, 2, 1.98483585407487e-05, 0 
2271, 7, 2.30914884773472e-05, 0.567580375146926 
2320431, 40, 2.44744120022516e-05, 272.664294138903 
247481, 15, 1.84713140492815e-05, 5050.43952691103 
2583851, 335, 2.40084509747431e-05, 3993.55057043106 
2592815, 37, 2.44456938910211e-05, 85.3034298906644 
2774188, 88, 2.57824988397876e-05, 1481.21892926699 
28087, 428, 2.73800071188019e-05, 174743.788140218 
28090, 351, 2.74476436197952e-05, 69582.0787589422 
28182, 65, 2.44098908877877e-05, 9345.84030058433 
2831148, 249, 2.70709258256632e-05, 9328.13273684212 
2880008, 105, 2.50425723730342e-05, 14985.8180729619 
29483, 113, 2.47966673279111e-05, 5445.51075318323 
33024, 71, 2.20638527899742e-05, 9082.78864945573 
398736, 405, 2.67830838042692e-05, 111566.662116606 
423605, 292, 2.49950009998e-05, 30268.0801055484 
526944, 115, 2.07262477201128e-05, 7339.29608903969 
54299, 451, 2.63040218849462e-05, 54273.5553822006 
60961, 57, 2.56476019492177e-05, 4372.81635717787 
64895, 222, 2.32417607957979e-05, 71572.8785569469 
681157, 37, 2.34631628343501e-05, 221.798795803383 
72803, 259, 2.53916664550694e-05, 13451.5772477872 
76859, 183, 2.15982721382289e-05, 8016.50716290041 
809, 38, 1.84972808997077e-05, 477.331906216737 
1434100, 196, 2.68456375838926e-05, 11643.4724880985 
1470067, 125, 2.47487996832154e-05, 1234.93843184574 
1898749, 295, 2.51477429900666e-05, 8782.1346812225 
2018065, 12, 2.24648425214539e-05, 1636.52684158416 
2594269, 500, 2.59956327337007e-05, 18996.9011481877 
2864212, 236, 2.64040345364772e-05, 38858.6308877085 
2935863, 277, 2.68607805742835e-05, 29973.6972192125 
3022127, 141, 2.46487552378605e-05, 7907.20777290263 
3064892, 7, 2.2285612408629e-05, 261.059375733405 
309805, 100, 2.32331211374936e-05, 1914.48791230616 
37734, 34, 2.46341823914864e-05, 7404.630162442 
437897, 223, 2.35349493998588e-05, 37628.1425060559 
79206, 9, 1.62340297732106e-05, 254.73113434693 
831, 23, 2.35122616444476e-05, 40.7735102562413 
103810, 155, 2.32790930465349e-05, 1012.47448299803 
1260, 142, 2.29848070425449e-05, 5585.33908369031 
1379, 179, 2.25743825906361e-05, 10773.1344235354 
1714848, 427, 2.49451207343844e-05, 20175.1656659038 
1884905, 82, 2.48911014312383e-05, 1905.96657224149 
1941349, 511, 2.7189428750102e-05, 65186.4382045804 
2068655, 84, 2.4510404666781e-05, 6057.69592270117 
2100764, 129, 2.45766669124333e-05, 2463.29903419998 
224372, 41, 2.23828815721736e-05, 34083.353907438 
2292255, 207, 2.48948193880853e-05, 11135.2887624317 
2433, 15, 2.27102400472373e-05, 85.4565255143287 
2596949, 2, 2.20521754471079e-05, 0.0358702883066731 
2719912, 269, 2.41855515515031e-05, 7889.35730955851 
2746932, 254, 2.710027100271e-05, 33909.9557027923 
2781243, 322, 2.3638985414746e-05, 19358.9266382609 
28199, 224, 2.2049744222967e-05, 9729.19476578788 
307643, 1, 1.70114316820904e-05, 0 
328515, 500, 2.64242680477751e-05, 27279.9654791028 
396811, 98, 2.26295541977823e-05, 2100.85009092314 
409, 2, 2.04792135981978e-05, 0 
47951, 127, 2.72814077206384e-05, 17041.893130513 
556548, 38, 2.42506547676787e-05, 228.445128751622 
643674, 36, 2.39326057821176e-05, 2822.24992526174 
668, 392, 2.75694750771945e-05, 356682.406253928 
945, 54, 1.88729098252369e-05, 2451.09616367886 
1229621, 41, 2.35621215334229e-05, 413.617032859519 
136073, 108, 2.58953310718078e-05, 894.544859345512 
1652495, 155, 2.45092032058038e-05, 5491.66475696749 
1666906, 73, 2.41826272006191e-05, 2682.5773742959 
194196, 276, 2.546537981614e-05, 76253.4604341044 
197222, 171, 2.41884766097431e-05, 9699.31458610457 
2083053, 5, 2.16915034381033e-05, 9218.25560108485 
242703, 44, 2.34741784037559e-05, 17541.7530781961 
2917790, 143, 2.65413912997319e-05, 11603.1064892872 
32052, 203, 2.47145469823538e-05, 7330.68895764245 
356322, 143, 2.50771121197683e-05, 15968.6920965027 
43662, 102, 2.7104678267469e-05, 30162.607026848 
45972, 94, 2.18531468531469e-05, 18313.4576075582 
47770, 154, 2.28922006272463e-05, 6426.02815800563 
522485, 109, 2.00585710274e-05, 6993.37390383201 
67827, 160, 2.6077659269304e-05, 20958.1441982078 
685565, 255, 2.64368423835457e-05, 17165.2227246225 
710648, 100, 1.99135750841349e-05, 1414.11597505918 
10319, 2, 1.96182292586271e-05, 0 
1068590, 47, 1.83439116557215e-05, 3571.92173637986 
1264, 26, 2.38566691318558e-05, 16.2900199909506 
1273541, 16, 2.24668613794653e-05, 9251.00720754824 
1444684, 207, 2.52934034803723e-05, 20824.8998714756 
1481663, 247, 2.72598408025297e-05, 18094.5390161573 
1547, 251, 2.3753533338084e-05, 32317.7140041825 
155085, 71, 2.06351499143641e-05, 2291.38366303185 
1849015, 191, 2.29621125143513e-05, 12887.1768898635 
1985183, 41, 1.82428488032691e-05, 100.595320872427 
2726954, 75, 2.12093575685592e-05, 7489.96395556579 
2750995, 220, 2.64648282432647e-05, 31795.3624086634 
2809031, 75, 2.34791387851894e-05, 12109.4181709494 
2819096, 237, 2.53620431661975e-05, 8757.64667395647 
286104, 124, 2.17362952658349e-05, 5312.80609282639 
2871165, 362, 2.4147590070511e-05, 18063.867427852 
29465, 1, 1.73798185546943e-05, 0 
29497, 140, 2.608990581544e-05, 5432.83338961226 
2962659, 1, 1.62778962446893e-05, 0 
32064, 175, 2.36401030708494e-05, 9804.17774504216 
34098, 307, 2.40326844508532e-05, 58584.1601788739 
35786, 116, 2.26126676163987e-05, 23626.692698727 
410072, 4, 2.10752597525765e-05, 9231.40763022131 
413501, 1, 2.08402800933645e-05, 0 
456163, 87, 2.30250282056596e-05, 11048.4767002342 
46507, 240, 2.48979185340106e-05, 31877.4920875206 
568766, 61, 2.40581244286195e-05, 802.456121498405 
661191, 89, 2.51629299715659e-05, 1234.36529738687 
70863, 77, 2.44660289188462e-05, 13020.9333659264 
89152, 169, 2.2393908856791e-05, 7844.37703438872 
105, 102, 2.19669178217604e-05, 10698.1963827282 
110662, 217, 2.50431995191706e-05, 7288.46847203319 
1229909, 198, 2.5206694898165e-05, 4409.15571960976 
1348613, 60, 2.44702197425733e-05, 8520.27949603103 
1359, 172, 2.28576653180644e-05, 25556.9979838791 
1470200, 29, 2.37259181930341e-05, 4165.08387853933 
172, 178, 2.36624784079885e-05, 7653.94682881518 
1918945, 231, 2.63324204760902e-05, 48215.5726638166 
2488639, 140, 2.60498072314265e-05, 20248.0946024081 
2506452, 43, 2.44977951984321e-05, 112.916885651894 
2572594, 381, 2.46378239873854e-05, 25624.9138130435 
2861799, 3, 1.90367409099562e-05, 247.093308116388 
2929494, 233, 2.48114331083763e-05, 6444.38317093725 
3070815, 213, 2.60281103591879e-05, 25914.0029765607 
308354, 218, 2.35183443085607e-05, 28812.1951659514 
326454, 21, 2.27370910165753e-05, 4121.72990260029 
46255, 2, 1.87178287318671e-05, 0.109526766491288 
59734, 401, 2.48089709238861e-05, 6930.50578996453 
1018, 403, 2.52251343238403e-05, 13160.0113184959 
135618, 12, 2.13101478924264e-05, 4122.26487063346 
1441386, 26, 2.31460049995371e-05, 491.404233695475 
1511, 33, 2.06953642384106e-05, 13703.1640317518 
1542, 44, 2.07856994387861e-05, 94.6504941956338 
1888890, 254, 2.37710373680707e-05, 8147.76764157963 
192073, 133, 2.60633861551293e-05, 14426.9977016509 
1959104, 222, 2.55284386806903e-05, 4802.77511858182 
2305987, 231, 2.65618359541011e-05, 21904.1121802516 
2613334, 4, 1.9114611208808e-05, 1.15214107919768 
2708053, 3, 1.90052644582549e-05, 0.099643474860816 
2779445, 198, 2.49893795137067e-05, 34638.9559554428 
2782629, 110, 2.57884828635531e-05, 2373.38887986332 
2847778, 68, 2.41791189129068e-05, 9631.10601801286 
2898187, 341, 2.44965949732987e-05, 21861.3779526148 
2917715, 66, 2.43279406398248e-05, 8819.3594994862 
3042615, 329, 2.68550098020786e-05, 75727.2119121603 
3074147, 1, 1.74715214200853e-05, 0 
33952, 46, 2.40841983574577e-05, 5171.06898163027 
366522, 56, 2.40529164161155e-05, 3859.33395323887 
45658, 94, 2.53910217347146e-05, 9221.51206928233 
53442, 45, 2.51876479774319e-05, 796.043707270458 
691, 30, 2.59733513415236e-05, 8266.81856884273 
76594, 475, 2.53183786110338e-05, 22104.6421939414 
80850, 24, 1.79953212164837e-05, 31.5448450433758 
85020, 8, 2.04310961283073e-05, 135.268858825568 
861445, 4, 1.94582814445828e-05, 9282.80173193619 
869806, 266, 2.37006138458986e-05, 10160.6589628806 
104268, 415, 2.45664029872746e-05, 30410.1909257079 
1050646, 287, 2.57062800442148e-05, 19530.4887942905 
113653, 226, 2.48564539782755e-05, 5461.15422189271 
116085, 106, 2.47096614776378e-05, 18238.172129713 
1196083, 303, 2.62315723204449e-05, 152247.781520888 
1254, 33, 2.38566691318558e-05, 7289.35061829902 
1505907, 89, 2.30664544552857e-05, 7663.82018896307 
160233, 28, 2.29452526272314e-05, 7224.01783695273 
1848904, 369, 2.46069046974581e-05, 19275.4997764216 
2184575, 234, 2.57944696657037e-05, 20448.6279351594 
2681307, 28, 2.2518465141416e-05, 10375.0110273352 
2772226, 14, 1.90074319058752e-05, 4666.96167831397 
2810516, 74, 2.45790832001966e-05, 1926.03722942537 
2820002, 1, 1.83153537610579e-05, 0 
2925782, 107, 2.2465347201941e-05, 4019.1939092575 
309806, 29, 2.27583067819754e-05, 345.337298262592 
336810, 446, 2.49793920015987e-05, 21006.1170753453 
37636, 102, 2.27915033275595e-05, 1829.27949337866 
468, 15, 2.23224251082638e-05, 1.74963928809292 
588067, 2, 2.11416490486258e-05, 0 
718, 53, 2.51130085384229e-05, 6338.14899855445 
754423, 485, 2.55251805906527e-05, 62765.1110876348 
81947, 146, 2.35665637593383e-05, 15360.8364330216 
89586, 133, 2.0897768118365e-05, 7717.17095414691 
97084, 99, 2.39520958083832e-05, 480.637026410665 
1014, 344, 2.40286421414326e-05, 25471.1344596972 
1456591, 80, 2.46165965093666e-05, 5515.44181347286 
1510466, 166, 2.36356330804321e-05, 3156.46827211258 
152161, 5, 2.00597781388538e-05, 137.739229150575 
1550240, 60, 2.3008075834618e-05, 24076.9805526044 
1572645, 256, 2.57095845331139e-05, 18636.1884574953 
1610, 96, 2.54336436237855e-05, 3475.63301656371 
1674922, 18, 2.32153221125943e-05, 51.4176804714846 
167642, 136, 2.13410730291519e-05, 8323.93494940648 
1765964, 58, 2.39652982481367e-05, 2225.67120911984 
2199, 268, 2.53023632407267e-05, 15930.8083030162 
2358479, 251, 2.33247031931519e-05, 6028.96453236109 
246167, 54, 2.55545333742206e-05, 746.849289374159 
2593655, 393, 2.6724391351987e-05, 121048.3584374 
2650158, 413, 2.54252370903359e-05, 11636.2177903586 
265668, 155, 2.44253926381867e-05, 20762.3266345073 
2662262, 50, 2.40958049203634e-05, 1193.11006790284 
2686359, 215, 2.57247961309907e-05, 13360.794732978 
2755562, 96, 2.26834524214585e-05, 9045.00393980849 
2763670, 49, 2.33100233100233e-05, 1402.36083642821 
28184, 180, 2.55774100314602e-05, 35365.4192179604 
2878534, 415, 2.52321356479612e-05, 12034.3006920728 
2933959, 309, 2.53087669568739e-05, 15600.3986376524 
29362, 25, 2.30637944554638e-05, 23.4407033331137 
3038539, 54, 2.23618596122454e-05, 21037.1000039797 
3050072, 131, 2.33508464681845e-05, 9116.68037923338 
314281, 404, 2.51978027516001e-05, 33405.5541266216 
338192, 120, 2.39268794563813e-05, 15992.9787624403 
363408, 367, 2.46141728407217e-05, 3256.38040371578 
38027, 5, 2.24230329394354e-05, 1.8624459414482 
46867, 82, 2.16450216450216e-05, 8765.73309533455 
70864, 61, 2.5442055718102e-05, 1845.75157166469 
780, 78, 2.24794874676857e-05, 18653.518229486 
935293, 66, 2.59632360577422e-05, 746.681460017496 
985762, 1, 2.06919384207913e-05, 0 
1031538, 273, 2.57851580630189e-05, 100282.274850595 
1041504, 93, 1.99517168452345e-05, 19277.3521578327 
1461582, 51, 2.33350445699351e-05, 11735.9766821946 
1470066, 131, 2.34367676010125e-05, 1491.74857082242 
1574161, 44, 2.18541020149482e-05, 3905.54409128696 
1970093, 92, 2.18302479916172e-05, 10447.2443538984 
1970738, 271, 2.51775013847626e-05, 188705.709876177 
2222, 353, 2.53100480890914e-05, 40720.0985346581 
2254, 13, 2.17689444238849e-05, 913.085833309793 
240427, 19, 2.46172025011078e-05, 9758.70355072851 
247523, 90, 2.26326271953648e-05, 382.049460086137 
2507160, 48, 2.37259181930341e-05, 2024.38633051478 
2576903, 216, 2.50657977190124e-05, 11364.195210354 
2724, 19, 2.53177376069674e-05, 89.0536371057029 
2745560, 56, 2.14041095890411e-05, 393.060481626827 
2813779, 1, 1.63888752314929e-05, 0 
28172, 83, 2.47200454848837e-05, 4250.98714002044 
2986929, 5, 2.21896773620912e-05, 0 
300231, 399, 2.56805341551104e-05, 121476.017024498 
3022126, 7, 2.25063017644941e-05, 12.5279641387635 
3059077, 426, 2.49258456093123e-05, 35866.2588431733 
40216, 97, 2.49395216599746e-05, 1688.7313651031 
44008, 181, 2.58785777133689e-05, 48542.9514240141 
521720, 10, 2.44444987655528e-05, 3.56819186877799 
56112, 36, 2.23493652780261e-05, 1575.55135741534 
57487, 227, 2.52238617732375e-05, 7617.30439352511 
57665, 1, 1.55250574427125e-05, 0 
628, 25, 2.46384310247123e-05, 6268.02543824342 
76258, 10, 2.30627306273063e-05, 51.3763800554102 
104609, 235, 2.65132433650608e-05, 23453.1645220055 
118000, 7, 2.21842624841937e-05, 5.09070829229411 
1201031, 114, 2.57984624116403e-05, 2751.926828408 
1316596, 219, 2.3387983254204e-05, 2956.81294758558 
1481914, 120, 2.60912672528505e-05, 16742.7671801682 
1481923, 100, 2.51622968144532e-05, 27831.5845186021 
166314, 186, 2.43155181636921e-05, 14153.506008231 
196, 59, 2.10176758654028e-05, 175.412000201013 
206, 173, 2.17504785105272e-05, 37415.6099226288 
2508726, 168, 2.43350448981578e-05, 1170.5561112935 
28135, 122, 2.45308475407825e-05, 3849.06650945926 
2823317, 7, 2.21842624841937e-05, 74.6432091237134 
2992242, 3, 2.04423729506521e-05, 0 
3064797, 18, 2.1779849283443e-05, 2178.08781063132 
435912, 190, 2.58097819073429e-05, 20744.3281323894 
490, 101, 2.44690222178722e-05, 5707.95468011205 
505249, 183, 2.12093575685592e-05, 22062.9967563179 
51669, 49, 2.26203402099168e-05, 270.365725754138 
643214, 2, 1.93956321036503e-05, 0.249570666050293 
738, 102, 2.5903380391141e-05, 21388.9171454051 
844, 83, 2.39440666602816e-05, 10823.9004526914 
85034, 1, 1.51841841537854e-05, 0 
875932, 13, 2.36105208480899e-05, 812.893898159018 
90244, 94, 2.48243675992354e-05, 4614.65303927629 
104102, 80, 2.57109065665655e-05, 3465.55779286926 
1071983, 422, 2.6892564205997e-05, 110153.276274567 
1177574, 469, 2.56838320277385e-05, 38438.8567483946 
132920, 287, 2.51433169063663e-05, 29926.4817726842 
1354, 145, 2.24482007767077e-05, 3827.6971579358 
1380604, 2, 2.0771883178929e-05, 0.362698158951017 
1507808, 155, 2.49775202317914e-05, 8322.73840588264 
153491, 147, 2.51464782357231e-05, 17400.4796392677 
1640, 16, 2.11662609799979e-05, 773.781195575191 
1824638, 306, 2.57109065665655e-05, 147698.060863844 
185007, 6, 2.0821187640543e-05, 0 
1853224, 64, 2.19524509911532e-05, 34523.5608803914 
207949, 357, 2.51578656066819e-05, 19111.5489543963 
2169583, 44, 2.20240061667217e-05, 3430.50189018639 
227, 8, 2.02482434648794e-05, 20.0794962445237 
240411, 10, 2.04892841044134e-05, 309.981248082406 
2576917, 10, 2.19029262309445e-05, 6523.8680372255 
2819101, 136, 2.58391256039896e-05, 6425.20417418403 
2856851, 1, 1.24323988313545e-05, 0 
2864209, 31, 2.42054559097621e-05, 41.0975409735572 
29378, 4, 1.95694716242661e-05, 44.5187379685902 
29385, 125, 2.37276070708269e-05, 12348.4765133553 
2983228, 152, 2.44337478925892e-05, 14357.4873002281 
3015170, 413, 2.41271985909716e-05, 58070.3807346925 
338190, 192, 2.38276782310332e-05, 5146.95943951213 
367791, 428, 2.5455656246818e-05, 25169.6105658521 
412034, 368, 2.60565949241753e-05, 189506.409315446 
55583, 75, 2.38714759733594e-05, 6211.60515447393 
573501, 341, 2.44684234994739e-05, 12275.1356637307 
2859001, 10, 2.62542991414844e-05, 83.0700925303157 
43765, 564, 2.97459694211434e-05, 19190.3165460847 
1282863, 560, 3.12431655575343e-05, 35823.2009160135 
151895, 279, 2.81040975774268e-05, 15213.8717015338 
1805933, 760, 3.15328098886892e-05, 87482.8781088733 
1855380, 96, 2.73995122886813e-05, 5098.24063232063 
1954171, 586, 3.0543677458766e-05, 17037.6946782666 
2420135, 17, 1.79794674481742e-05, 279.776345126799 
2426, 183, 3.09683812827104e-05, 47138.2242789009 
28026, 816, 3.09530442319002e-05, 24916.530723075 
33943, 780, 3.05166468308462e-05, 32543.5410014757 
1050174, 511, 2.93341155764154e-05, 12337.4433157906 
1178825, 361, 2.47298266439152e-05, 4135.02289481458 
1462527, 20, 2.1386257191129e-05, 8506.21919820392 
161895, 322, 2.8587764436821e-05, 5157.63604872661 
2059875, 28, 2.49407656815064e-05, 380.707906807756 
208962, 24, 2.78373187094619e-05, 9989.11936235245 
219181, 15, 2.28796302651749e-05, 10004.3170906027 
269261, 929, 3.15159155373464e-05, 44573.3721409338 
2812000, 613, 2.94759181748511e-05, 30333.6155465774 
2842348, 9, 2.47702558767432e-05, 55.0604935353707 
2998559, 61, 2.58177781220148e-05, 10397.6765127883 
487, 659, 3.11507071210516e-05, 68053.3111050003 
57320, 832, 3.10732707724815e-05, 32923.9730575317 
1170711, 2, 1.76525622694134e-05, 6945.23072484607 
1280380, 844, 3.07531445090261e-05, 37818.5080382694 
1500254, 299, 2.70306798215975e-05, 28965.4852691724 
227866, 1, 1.73571936889244e-05, 0 
2745511, 288, 2.85640835213802e-05, 12393.6890421453 
2792224, 12, 2.18154846309911e-05, 63.1093144405457 
42239, 8, 1.72577444128052e-05, 0.87859559921385 
48461, 22, 2.35587909628478e-05, 12479.9889153913 
575, 782, 3.10983953228013e-05, 20257.2687400711 
58138, 55, 2.50714536428822e-05, 2016.71553553049 
61434, 374, 2.81872762634947e-05, 11977.1579009003 
1173026, 734, 3.05539429863424e-05, 34793.7565291543 
1532905, 103, 2.90731480404698e-05, 2828.13687465226 
1536769, 447, 2.94637595757219e-05, 14547.225340926 
3041264, 1, 2.108948267499e-05, 0 
10, 1, 1.77550513120983e-05, 0 
1089444, 630, 3.00815209216978e-05, 25565.5632114417 
1249553, 652, 3.09923758755346e-05, 43508.932756111 
1785145, 389, 2.82669531051248e-05, 7996.92116775323 
208479, 372, 3.08899391468199e-05, 16403.1965079364 
218673, 746, 3.06983883346124e-05, 18230.3612151542 
2293862, 760, 3.09645455952934e-05, 25282.3165366553 
1678728, 357, 2.75778384490224e-05, 6496.72441749778 
1973486, 675, 3.1855249745158e-05, 53230.5697040521 
2716226, 855, 3.17017499365965e-05, 103593.054111221 
2908843, 364, 2.77986267478387e-05, 11543.2980899205 
536441, 341, 2.89955926699142e-05, 42809.3907428817 
616991, 343, 2.79563880346659e-05, 37238.6501419582 
1129704, 759, 3.04034538323554e-05, 23395.4378257681 
1295327, 7, 2.24719101123596e-05, 990.611995137562 
1510570, 835, 3.14139415072409e-05, 46156.6052484004 
184117, 427, 2.85575577576606e-05, 44970.2133101293 
2679963, 293, 2.81365183872148e-05, 17624.0731810879 
2950108, 793, 3.10761676870008e-05, 53305.8916706118 
2977321, 427, 2.65435048043744e-05, 21674.1449026285 
520734, 20, 2.57221493427991e-05, 45359.6952369137 
1236179, 340, 2.942388042135e-05, 4753.00908218408 
185300, 387, 2.81491907107671e-05, 18722.7927620422 
2587856, 159, 2.94689691754582e-05, 7221.20524095194 
267363, 797, 3.0598818885591e-05, 31583.8510289727 
2895352, 622, 3.14336906296168e-05, 127684.997842557 
308865, 295, 2.77592715967133e-05, 21694.6149508196 
535744, 592, 3.01568154402895e-05, 13228.5675674744 
933080, 124, 2.83326250177079e-05, 1264.21707574317 
100716, 835, 3.08499151627333e-05, 56600.4527501842 
2072409, 4, 2.3474729453743e-05, 2854.00255394575 
2970818, 775, 3.14495078152027e-05, 55314.0328436672 
3003260, 349, 2.73440704383254e-05, 15270.7609166069 
3003351, 214, 2.87290278096989e-05, 12269.7185105455 
3028315, 34, 2.52876469844481e-05, 13632.9111585491 
360422, 86, 2.32991612301957e-05, 16368.4848252435 
58169, 733, 3.12998841904285e-05, 43361.2967702337 
759811, 11, 2.15331610680448e-05, 943.468181267399 
1038856, 746, 2.99508805558883e-05, 29529.3806928334 
1163398, 148, 2.78528256691641e-05, 4145.26709661857 
1686, 753, 3.07739652254193e-05, 25656.0396570052 
291644, 326, 2.83221932706469e-05, 14721.2677088658 
3046382, 854, 3.10983953228013e-05, 31964.0908358809 
61648, 646, 3.09991010260702e-05, 44419.0744811992 
682956, 234, 2.83969899190686e-05, 5252.63699370232 
81028, 847, 3.09300671182456e-05, 31356.0438130191 
1234143, 308, 3.03260045489007e-05, 34951.5600913007 
1570, 83, 2.56364242315482e-05, 37368.3253246728 
1702043, 4, 2.26937478724611e-05, 6.85865640900904 
2502784, 363, 2.76939267218699e-05, 5957.13264691091 
2547394, 386, 2.81555311540952e-05, 13140.8089427039 
2932257, 45, 2.55545333742206e-05, 1214.90642617261 
373672, 462, 2.83101661806755e-05, 75164.2592654342 
61435, 747, 2.94863478209589e-05, 53294.9800586671 
1536771, 534, 2.98249276745504e-05, 12313.1301082269 
1912216, 122, 2.71820381092174e-05, 2888.88360944041 
2058175, 363, 2.83824823319047e-05, 32704.8667789664 
2530390, 89, 2.95464618111981e-05, 4731.27555471423 
2837969, 464, 2.93375579416769e-05, 10359.9362167091 
2932255, 10, 2.31991648300661e-05, 2866.5492033737 
3058398, 67, 2.69345759151022e-05, 48653.6195147571 
36839, 103, 2.33306891885586e-05, 6602.04161491891 
833, 552, 3.03960606705371e-05, 25884.1558859113 
1092, 774, 3.10375865172724e-05, 38183.8735300514 
2490851, 645, 3.11177495643515e-05, 39748.4595725624 
2934340, 824, 3.10848616723656e-05, 24183.6414068988 
2952525, 790, 3.06767286336585e-05, 25881.044931643 
3028622, 12, 2.62494750104998e-05, 13.2122289906398 
52959, 370, 2.69512721000431e-05, 36184.6751824424 
823, 158, 2.70065896078643e-05, 11981.8816264695 
1075398, 307, 2.83776497630466e-05, 6753.94576871379 
2048654, 17, 2.14629120879121e-05, 13576.0582520774 
2126281, 46, 2.60967144236541e-05, 78.7910534228841 
316068, 364, 2.79275002094563e-05, 8232.6676545536 
33987, 737, 3.04692260816575e-05, 23350.1581653943 
107637, 742, 3.01486327595044e-05, 26136.6149801547 
1112103, 1, 1.73235166738848e-05, 0 
1637, 30, 2.2250901161497e-05, 6959.84074519625 
1642646, 386, 2.99688324142891e-05, 74348.0497511746 
1727164, 294, 2.81428531224496e-05, 10688.5003263331 
1851148, 871, 3.10452950855298e-05, 57999.5448781761 
2010992, 148, 2.53697643148895e-05, 60772.256380934 
2052056, 485, 3.05801045839577e-05, 10229.7335943554 
2559597, 611, 3.01132257287401e-05, 29387.1443362857 
2980554, 389, 2.83744289646171e-05, 23426.4713152611 
626937, 748, 3.04655130392396e-05, 20377.6245466214 
930, 738, 2.95072292711714e-05, 57043.6945178552 
1307, 38, 2.56778964667214e-05, 5413.02244842539 
2183582, 644, 3.06119325313007e-05, 48297.0423792336 
2800686, 10, 2.12734273618823e-05, 39.1546321862732 
3073561, 251, 2.87108814240597e-05, 8297.20261135326 
367298, 3, 1.63781384607825e-05, 0 
566, 693, 3.08775396776385e-05, 27248.92308203 
847, 109, 3.00174100978568e-05, 7112.04267214525 
1306519, 372, 2.74213008665131e-05, 9595.80256487631 
1662285, 89, 2.72227364294659e-05, 35613.5674565578 
254247, 703, 2.99652403212274e-05, 56339.9795739498 
2739062, 448, 2.7350053332604e-05, 10898.3302951347 
3003261, 351, 2.77046682365979e-05, 18309.5602636586 
304207, 708, 3.04349149344128e-05, 15185.2647930435 
516051, 372, 2.80119891313482e-05, 12006.6815234744 
78258, 498, 2.9714149878172e-05, 15416.735179687 
171695, 32, 2.46931871496654e-05, 7033.17916350242 
2217867, 40, 2.81801273741757e-05, 301.71178811075 
226, 133, 2.75292498279422e-05, 6306.17274566381 
2686077, 267, 2.56792152431822e-05, 56033.7227987804 
2707005, 250, 2.91757840991977e-05, 14830.9067773586 
2854257, 301, 2.79259404060432e-05, 5896.9059859482 
2891294, 49, 2.34929286284828e-05, 28130.4154534912 
301301, 532, 2.9440339152707e-05, 11291.8564597596 
147322, 41, 1.98708395429707e-05, 721.511445417083 
2878915, 225, 2.84884052190758e-05, 680.12594161987 
3059078, 360, 2.78629144608526e-05, 12168.6701746426 
651666, 563, 3.12568374331885e-05, 37386.180166574 
1427364, 63, 2.08103552327638e-05, 689.179543406378 
1706369, 368, 2.80088507968518e-05, 11669.4829664685 
2875962, 387, 2.84034424972307e-05, 16612.3446591451 
2913614, 348, 3.11623558741041e-05, 363212.630125704 
1610576, 700, 3.04404736537701e-05, 33023.57561055 
2866278, 10, 2.48323814253787e-05, 3.981974796368 
2867023, 862, 3.14514860827174e-05, 39077.922508542 
2871169, 3, 1.81372993561259e-05, 27650 
2893057, 3, 2.08520132618804e-05, 18.3655276090144 
292566, 436, 2.68391529563327e-05, 8843.74640208857 
320787, 342, 2.83679895605798e-05, 18891.2974431706 
340146, 754, 2.97805175853956e-05, 28965.5640631959 
911045, 697, 3.13952028130102e-05, 62136.0659853756 
92942, 679, 3.1402103940964e-05, 27629.1769129228 
271065, 629, 2.97433151899111e-05, 22312.5975083811 
2872648, 761, 3.08613399993828e-05, 29289.4526662469 
54006, 296, 2.85103349964362e-05, 3437.27963127491 
84980, 32, 2.49781441238916e-05, 88.3240980197957 
169679, 128, 2.30696472650933e-05, 9491.00696617984 
1874277, 358, 2.8484347850856e-05, 7136.05839396694 
2213202, 284, 2.9146021568056e-05, 4814.08432283126 
291645, 410, 2.81381018036523e-05, 21808.6858249063 
2916802, 6, 2.1950523519986e-05, 4.11177075943149 
459472, 127, 2.66418009857466e-05, 16240.4637818855 
674529, 151, 2.52213170571767e-05, 30279.5789620466 
2683591, 159, 2.75535227178795e-05, 4219.24724280059 
2878542, 63, 2.92628683463553e-05, 7718.07518125553 
641107, 53, 2.42447752509334e-05, 4091.37151199307 
76335, 399, 3.00075018754689e-05, 2939.3257595876 
1218177, 12, 1.7032583331914e-05, 7352.9588454139 
1818004, 7, 1.7149717029669e-05, 4906.00600955726 
1903410, 321, 2.90233638078653e-05, 18172.3401893799 
2093823, 139, 2.33345000583363e-05, 178.618049561383 
2246, 219, 2.73343538158758e-05, 13892.5190305116 
2758724, 3, 2.50783699059561e-05, 108.217328260631 
2813780, 717, 3.01177604433334e-05, 37752.9643601014 
28454, 390, 2.83929585462805e-05, 24879.1606861847 
2891570, 614, 3.11274357218452e-05, 39644.9422306823 
29347, 668, 3.10115983377783e-05, 26540.1591426774 
155978, 683, 3.11119407628648e-05, 38742.5016497745 
2068654, 71, 2.20711574114947e-05, 5436.55836447873 
215743, 608, 2.88683602771363e-05, 38591.1170166012 
219574, 5, 2.35288581445142e-05, 0.228992933902924 
2686365, 400, 2.54245906640903e-05, 16743.2801940754 
2779527, 9, 2.05132412972574e-05, 63.7070124263093 
28111, 375, 2.73777583091496e-05, 8894.7964222631 
2926907, 337, 2.72286663399227e-05, 7705.00929564983 
355243, 451, 3.08727733012257e-05, 57870.0252046226 
387090, 456, 2.82366228999012e-05, 42177.5936696904 
85, 628, 2.91180153160761e-05, 26427.3820549249 
1282, 46, 2.41370987207338e-05, 1134.38055352296 
2047966, 795, 3.04905936518584e-05, 46252.2269023225 
2893883, 436, 2.68197178565681e-05, 5948.90905863764 
2895476, 279, 2.80198380453361e-05, 15366.397724158 
525917, 45, 2.79095729835334e-05, 264.135574529438 
1272, 32, 2.5545394165432e-05, 2574.96946116142 
1815583, 701, 3.01313727853441e-05, 29922.1695609777 
1936081, 348, 2.47176014039598e-05, 2643.09498219048 
28108, 271, 3.1077133445211e-05, 328718.904102664 
3040348, 468, 2.72643001254158e-05, 28810.1685633418 
3050112, 6, 2.19674003778393e-05, 0.417281858798977 
1510841, 661, 3.03131346812574e-05, 19612.0359169399 
1528099, 226, 2.75839240890409e-05, 4262.65866098889 
2201181, 461, 2.67651624645362e-05, 6494.83559531194 
2594913, 85, 2.60695012904403e-05, 5941.84652404635 
2842350, 133, 2.66801846268776e-05, 1826.97251474101 
2879114, 47, 2.55905008061008e-05, 31699.3419203721 
3003258, 410, 2.67974381649114e-05, 8313.84861878492 
46503, 449, 2.96885669328741e-05, 99235.2424810295 
1620816, 215, 3.01722837401563e-05, 3397.93533875544 
2175635, 33, 2.49270882668196e-05, 273.967821118968 
2558361, 646, 2.98908982214916e-05, 23913.9549921983 
2986835, 437, 2.68997982515131e-05, 9621.93442288239 
46506, 440, 2.87265519519692e-05, 29173.4099303918 
746691, 6, 2.05566747522921e-05, 18.8588777525174 
885040, 14, 2.493268175925e-05, 335.082739487291 
1033, 512, 2.84713720354184e-05, 12498.1050529736 
2758440, 543, 2.95046174726345e-05, 11728.0255031956 
2986827, 433, 2.63019463440295e-05, 4102.89491452678 
2993563, 833, 3.03526983548837e-05, 39395.3545261218 
485447, 328, 3.0919547337827e-05, 204574.938002789 
1076550, 680, 2.92149931344766e-05, 32745.8222633291 
2980026, 8, 2.21336874723329e-05, 21.2571527109859 
519, 32, 2.61800664973689e-05, 11.1957125662706 
586, 259, 3.05091985233548e-05, 95986.2852465871 
797291, 356, 2.8618035085711e-05, 35773.5940440972 
971, 539, 3.0421027013872e-05, 31778.241784024 
1117645, 240, 2.66858805006271e-05, 121122.375466679 
1389223, 461, 2.9376340295526e-05, 14516.4876025525 
1705, 537, 2.91868542408499e-05, 9750.84401498171 
2492438, 46, 2.68456375838926e-05, 1219.68368139034 
2709403, 556, 2.90680774373583e-05, 24643.4704114781 
2832500, 1, 2.34510576426997e-05, 0 
3003256, 373, 2.75755570262519e-05, 8535.43297376343 
59753, 347, 3.02855931433417e-05, 20825.9010256703 
641, 183, 2.85975749256463e-05, 21717.3631653262 
735, 83, 2.20794418317105e-05, 11779.6570034693 
1050638, 658, 2.99437058330339e-05, 17038.2495508798 
111500, 457, 2.62577460350803e-05, 13868.725572332 
3059026, 442, 2.69723533378287e-05, 10687.6134487795 
580, 734, 3.04034538323554e-05, 29758.6973939063 
65555, 60, 2.51844762888156e-05, 4538.71749726262 
76890, 167, 2.8735632183908e-05, 6221.56989407638 
2293, 775, 3.00878565411e-05, 91873.1216176835 
2742639, 98, 2.56811936618814e-05, 4528.32862829511 
2929798, 2, 1.54952274699393e-05, 0 
2983606, 400, 2.78489473097917e-05, 16215.4781719241 
1179672, 246, 2.55623721881391e-05, 69389.4995965314 
1509, 136, 2.46305418719212e-05, 10101.2854092533 
1743, 28, 2.54200666005745e-05, 3386.697010773 
1777867, 11, 2.47929786284524e-05, 11.4058310878419 
1827300, 4, 2.04762782316686e-05, 21.6531405962235 
2483402, 64, 2.73702649441647e-05, 3381.46424984037 
2494548, 23, 2.56009830777502e-05, 30.0824259506393 
2583587, 314, 2.7356787218909e-05, 21023.2544053959 
2852117, 231, 2.94550810014728e-05, 3791.65724255637 
2908842, 393, 2.81769512538743e-05, 20358.0926189437 
2912187, 12, 2.09424083769633e-05, 2015.31343755157 
2977320, 3, 2.37422540896033e-05, 2444.29543485421 
311181, 122, 2.54336436237855e-05, 9156.44880858489 
38293, 101, 2.96401683561563e-05, 23538.3116961125 
75588, 262, 2.8184892897407e-05, 15940.8432513448 
993689, 445, 2.78512741957945e-05, 12535.2788593319 
114529, 144, 2.69483669289641e-05, 8227.81877272247 
1809, 73, 2.59194940514761e-05, 3147.71355397115 
246787, 394, 2.86344243048993e-05, 20830.4259017167 
2557994, 374, 2.78133170161874e-05, 8210.57714094067 
29391, 91, 2.01077776884099e-05, 1224.54209048156 
3031408, 3, 2.38197322662093e-05, 0 
338565, 309, 2.95307562826684e-05, 7383.24876514147 
502, 566, 2.93979303857008e-05, 17735.6380305929 
666, 425, 3.10549361821061e-05, 127019.167497386 
109266, 18, 2.69679889970605e-05, 8.48022721836496 
1310418, 444, 2.69345759151022e-05, 24351.4727806571 
2518176, 68, 2.58264462809917e-05, 4967.7689209667 
2739434, 618, 2.99949008668526e-05, 48938.1507716764 
28100, 35, 2.805678693676e-05, 1621.92417533123 
2830782, 352, 2.44672261505713e-05, 1875.31918440353 
2835869, 174, 2.85714285714286e-05, 8012.58035733308 
2911514, 7, 2.25063017644941e-05, 41.1408841964827 
2916816, 8, 1.88618744930871e-05, 3.87524662391232 
2983214, 347, 2.81547384424799e-05, 31830.7075640625 
332186, 107, 2.59693042823383e-05, 21832.8368958169 
61592, 706, 2.99958005879177e-05, 19067.4034483988 
1178778, 468, 2.72717355732519e-05, 15195.9103151472 
1324352, 414, 2.75482093663912e-05, 28236.9262920024 
1717, 22, 2.72494413864516e-05, 5.86032997928978 
2183896, 438, 2.73815065304893e-05, 11622.3772011435 
2596890, 592, 3.13942171851945e-05, 238735.555087081 
2782006, 363, 2.82103362672083e-05, 16815.8474747423 
2907534, 591, 3.02901799236687e-05, 18232.3474528473 
2996785, 631, 2.94880868129276e-05, 22179.8050265618 
669359, 3, 1.97827850204752e-05, 57.459782724895 
104, 381, 2.84308987007079e-05, 27632.249882389 
1173101, 284, 2.97062056263553e-05, 15175.4345720246 
1492737, 360, 2.74468902673327e-05, 11553.0260670323 
1716543, 25, 2.35366111987196e-05, 3719.57601283554 
186818, 1, 1.42162577123198e-05, 0 
1974213, 570, 2.92431863375833e-05, 18361.2923767485 
2026186, 13, 1.87557439465836e-05, 18542.0388541064 
2516557, 396, 2.79516994633274e-05, 14943.1131297272 
252966, 2, 1.79911123904791e-05, 4660.30584639459 
2591606, 401, 3.01668225285831e-05, 58316.5084505245 
2778370, 4, 1.95247671671515e-05, 15.8148770385157 
2980027, 4, 1.78970917225951e-05, 19094.2728161334 
587, 38, 2.50475904218014e-05, 4242.76003197852 
85336, 57, 2.71510412424316e-05, 102.741027129741 
1338368, 9, 2.60681421235109e-05, 1.09641935698096 
1449, 15, 2.03645249974544e-05, 21127.4841643737 
1475485, 766, 3.03030303030303e-05, 18896.7457932228 
158841, 725, 3.03757480027946e-05, 43579.3438231524 
1737446, 184, 2.94828704522672e-05, 13470.4168037556 
253245, 419, 2.77847239587675e-05, 12165.9564946269 
257438, 588, 3.01059730250482e-05, 18807.8656853868 
2919914, 7, 2.23493652780261e-05, 19105.6812045368 
3026433, 8, 2.17637329154697e-05, 196.154873011979 
33007, 108, 2.81960187221564e-05, 350.571905537443 
857252, 305, 2.88001843211797e-05, 17366.6713004903 
1150, 234, 2.84074768479064e-05, 2926.12247357394 
1471400, 275, 2.78241513633834e-05, 3849.82970467751 
1752063, 214, 3.0206917384081e-05, 8816.42035522047 
2777984, 1, 1.4578747102474e-05, 0 
317936, 45, 2.80182679106778e-05, 81.5583931789122 
641148, 270, 2.77015983822267e-05, 5145.05936062625 
820, 448, 2.80883096455255e-05, 19010.5672877211 
906, 2, 1.71450125158591e-05, 0.11149538382753 
1769, 178, 2.77523381344878e-05, 1330.23949482256 
2107708, 355, 2.86254079120627e-05, 12261.0921535031 
2811425, 7, 2.09288210795086e-05, 0.768240804887925 
2912855, 64, 2.88700271378255e-05, 235.834042210136 
2974039, 792, 3.05492759821592e-05, 34516.759822224 
3024245, 5, 2.48083554541169e-05, 1.20912119470759 
3039851, 699, 3.00255216934394e-05, 46925.6212944183 
3047030, 321, 2.85298564948218e-05, 4466.09122610706 
54736, 54, 2.86360642593282e-05, 152.094990455637 
633415, 46, 2.55983617048509e-05, 10165.4457878503 
916, 167, 2.97026762111266e-05, 5741.85620351088 
1499687, 147, 2.69971113090899e-05, 41385.055892202 
1579316, 710, 3.05222354485242e-05, 22095.1599162698 
480418, 117, 2.69179004037685e-05, 1429.24433880049 
92490, 591, 3.07626049773895e-05, 47578.8758991406 
1144323, 19, 2.41295273025601e-05, 84.6900697809485 
1501392, 474, 2.62453414518923e-05, 13965.4645538807 
1784714, 392, 2.80371211484005e-05, 11668.2965534602 
2054915, 2, 2.07077923422584e-05, 0 
2812647, 676, 3.00580119630888e-05, 24341.3687686531 
574987, 736, 3.08851689418741e-05, 27248.7578750637 
89153, 8, 2.63761770369003e-05, 1.25191901534891 
1070314, 347, 2.80057131654858e-05, 11157.5564701368 
1442555, 664, 2.96436829311674e-05, 19391.4645898683 
1636423, 112, 2.63365815117198e-05, 3623.69720951577 
1921086, 792, 3.00453685064447e-05, 90108.0357556303 
2483360, 582, 2.91069973221562e-05, 24999.3242053801 
2742796, 374, 3.04053026847882e-05, 136396.925612912 
2829502, 645, 2.99688324142891e-05, 37544.3834329011 
3073092, 196, 2.79353018409364e-05, 9599.76414862853 
446679, 357, 2.9631385563589e-05, 9250.92883412332 
940557, 784, 3.01549966829504e-05, 23979.0150896949 
984207, 4, 2.23040035686406e-05, 27810.372200913 
1504981, 189, 2.93203541898786e-05, 5551.40255155037 
1642647, 387, 2.86139407119148e-05, 33972.4533545381 
254246, 533, 3.06682614162603e-05, 149531.094063878 
2908210, 380, 2.83053582043081e-05, 16984.0932525797 
2983220, 674, 2.99239930576336e-05, 21545.9624364199 
299566, 72, 2.22940586333742e-05, 0.388553075124848 
3025668, 430, 2.54926453718102e-05, 4375.33974849203 
34062, 320, 3.06870838064259e-05, 164494.680102746 
99598, 670, 3.08071472581639e-05, 24994.7440022079 
1225337, 2, 1.49702839862872e-05, 0 
2005456, 229, 2.98623346373219e-05, 14163.4879419864 
2067958, 193, 2.6752989646593e-05, 6618.12406256892 
2086584, 708, 2.96463194094453e-05, 23119.7275733669 
2291597, 601, 3.11847070196776e-05, 143838.900751332 
37482, 471, 2.8872527789808e-05, 14291.3711665002 
42817, 61, 2.68283522026077e-05, 85.6216825459069 
497725, 169, 2.72963013511669e-05, 6055.45086366266 
65700, 211, 2.84163564547754e-05, 5532.59010149973 
1173586, 608, 3.04682977362055e-05, 48119.979741645 
1229, 502, 2.89846671110982e-05, 17182.0997854903 
1442551, 662, 2.96173439165976e-05, 20405.321271216 
1763998, 301, 2.94681007809047e-05, 12688.8288038027 
2789425, 10, 2.27314057101291e-05, 6.93778002808461 
2835041, 378, 2.91112340252103e-05, 54664.2261735512 
2961941, 407, 2.85485896996688e-05, 31893.4155424142 
3058393, 114, 2.70336027682409e-05, 22040.4610426962 
3058394, 44, 2.53228665484933e-05, 2485.39899152097 
505, 498, 3.0000300003e-05, 11931.3727898513 
632773, 323, 2.68622236548741e-05, 21162.6847171147 
867076, 10, 2.26844815461743e-05, 24.6647712294593 
137545, 433, 3.00724746639401e-05, 15142.4099380963 
1605721, 55, 2.60294653547816e-05, 535.378732083907 
1749259, 373, 2.85951216722427e-05, 7312.67845300265 
2233542, 12, 2.43096071567483e-05, 430.750984263915 
2782176, 620, 2.97486241261342e-05, 26713.6946583116 
2795738, 386, 2.83374422624614e-05, 17266.0131375198 
2966586, 147, 2.70328719723183e-05, 12926.689716458 
3049799, 600, 2.98667940983215e-05, 16354.0976782904 
3070660, 442, 2.63414377156705e-05, 5892.67634292 
678932, 37, 2.6529421128031e-05, 44.9230981943725 
84999, 355, 2.70051309748852e-05, 11962.7051151059 
179, 757, 2.97521644699652e-05, 32511.1253143097 
2478552, 443, 2.65632470913244e-05, 7253.04729628978 
250, 399, 2.74536719286205e-05, 10628.7873269061 
2547598, 505, 3.01804792660107e-05, 45078.4955890539 
28129, 57, 2.79119100120021e-05, 3909.30399331312 
2871826, 649, 3.09396367686643e-05, 64008.4563527257 
2934937, 406, 2.9410034703841e-05, 6328.01481848054 
313588, 336, 2.45098039215686e-05, 5601.08309934673 
286, 2, 9.58056295387917e-06, 0 
94132, 5, 1.16283126155564e-05, 9218 
356, 2, 9.58056295387917e-06, 0 
80840, 1, 1.05025468676154e-05, 0 
1827580, 3, 1.08076561436121e-05, 0 
56, 3, 1.16350774314403e-05, 27648 
2781734, 3, 1.08076561436121e-05, 0 
374, 3, 1.05085066361219e-05, 18434 
1839, 1, 1.063773203553e-05, 0 
2695266, 3, 1.08076561436121e-05, 0 
34073, 4, 1.16281773994744e-05, 0 
85006, 2, 1.17942609126399e-05, 9218 
32033, 9, 1.30213419795044e-05, 14055.9145356787 
861299, 2, 1.16346713205352e-05, 0 
477697, 11, 1.36440539213011e-05, 141.755857933993 
80864, 5, 1.27338248589729e-05, 856.993422995895 
2983246, 2, 1.78894076817117e-05, 0 
1873, 2, 1.215864601318e-05, 0 
68, 9, 1.30216810990299e-05, 12796.3609555237 
42684, 6, 1.2003216862119e-05, 27713.6869121656 
2951806, 2, 1.12315381591509e-05, 0 
182640, 5, 1.2284257723727e-05, 766.182352123958 
186817, 5, 1.80043930719095e-05, 58113.1843618818 
2017486, 5, 1.34276852013481e-05, 158.961873241749 
1838286, 56, 1.7957835003412e-05, 8155.44236040115 
3047871, 2, 1.55627490039841e-05, 10849.1448701446 
13687, 3, 1.23906524917602e-05, 2.99678935235329 
2763008, 5, 1.34276852013481e-05, 158.961873241749 
1586287, 2, 1.12315381591509e-05, 0 
3015154, 31, 1.62752469768729e-05, 65.5075089182137 
41297, 3, 1.23906524917602e-05, 2.99678935235329 
2760713, 5, 1.6900170691724e-05, 0 
716925, 10, 1.87698256283199e-05, 293.01653462537 
32008, 10, 1.30316930775646e-05, 46105.9045290899 
1835, 23, 1.68927479433079e-05, 112.303538573688 
662548, 14, 1.45418587403842e-05, 28.1033730293405 
453783, 10, 1.38573249819855e-05, 93.5224249774684 
352858, 2, 1.51830314440581e-05, 6721.01631835349 
382, 2, 1.29093889986187e-05, 0 
2865112, 21, 1.44310556317195e-05, 5818.8302167436 
85023, 7, 1.32325892207328e-05, 27651.3768599194 
1827, 11, 1.36855070480361e-05, 581.941846623124 
67304, 3, 1.12425237217251e-05, 6.1 
2781735, 8, 1.25285023428299e-05, 26861.1501950416 
1658665, 71, 1.78249942068769e-05, 1461.9545783723 
3002436, 11, 1.34949124180184e-05, 38206.2611863496 
1544730, 10, 1.38379575174704e-05, 9199.7002849109 
2802971, 9, 1.30072840790843e-05, 64.4274772484161 
547, 40, 1.99131785415588e-05, 3695.2526973912 
3037797, 16, 1.44237703735757e-05, 13988.7427182262 
1386, 3, 1.56752096559291e-05, 0 
927083, 12, 1.34629365357172e-05, 76.2176211231007 
353, 47, 2.07736092068636e-05, 9226.18431885423 
33882, 1, 1.17939827100213e-05, 0 
2884022, 13, 1.36924404036531e-05, 4630.90718891586 
60894, 7, 1.63129475864994e-05, 2.19884743862262 
189381, 1, 1.3433457368923e-05, 0 
191495, 14, 1.36931903764258e-05, 4683.36794451824 
338, 12, 1.4368435421067e-05, 3303.32893979937 
128785, 103, 1.85625185625186e-05, 1382.63219981415 
2894081, 14, 1.41550830903377e-05, 35405.1269556366 
457921, 10, 1.5901790541615e-05, 46.5531767346218 
2812560, 19, 1.41733399475586e-05, 2301.64224245537 
433659, 12, 1.38226553320893e-05, 156.198866327191 
2203210, 7, 1.59961609213789e-05, 1.84793330263961 
354356, 1, 1.17605550982006e-05, 0 
550, 3, 1.97925738263004e-05, 18434 
207745, 23, 1.50879628232596e-05, 273.169617845807 
1664560, 87, 1.93794693901281e-05, 1575.42170986437 
1855912, 10, 1.32450331125828e-05, 79.2063296844999 
358, 54, 1.75027129205027e-05, 9503.56880153489 
1141883, 8, 1.47970583448011e-05, 13.3525503982216 
40323, 16, 1.47260223541019e-05, 36267.8029810051 
119060, 13, 1.39887530425538e-05, 336.145883435341 
107709, 19, 1.65568396304513e-05, 40.4405514594034 
379, 3, 1.28779683717097e-05, 2559.53122770163 
2878388, 65, 1.61329353875938e-05, 791.681985243848 
54571, 7, 1.37050132938629e-05, 2.35721756586426 
117157, 92, 1.63617919434536e-05, 872.039699150349 
83451, 17, 1.40587656403768e-05, 649.514246965586 
2849501, 22, 1.4485615783527e-05, 558.408312178921 
2710756, 49, 1.6731641206686e-05, 9273.53974786052 
43263, 77, 2.13752858944488e-05, 16409.2518135073 
68287, 5, 1.42383210171857e-05, 8490.67436091831 
83618, 85, 1.77863152090781e-05, 535.401754454379 
407, 16, 1.39547864917667e-05, 2924.3228804619 
1882749, 47, 1.85797629222251e-05, 13685.0397625161 
2997333, 18, 1.46160367154842e-05, 372.40392328548 
1836, 54, 1.60727775366861e-05, 1834.54581097907 
1752398, 68, 1.98385144920348e-05, 5108.15598969974 
28056, 17, 1.41358740210907e-05, 737.678974675927 
85007, 29, 1.4382487882754e-05, 5222.64951976759 
2576891, 56, 1.93562123763622e-05, 1003.41885671081 
2899220, 8, 1.60310360858622e-05, 0.240471453265137 
2904252, 29, 1.58300485982492e-05, 29031.7448640795 
386874, 5, 1.38159712627798e-05, 6931.27977305101 
2219224, 6, 1.2944146009967e-05, 0.41025641025641 
40324, 26, 1.55339805825243e-05, 679.835833523346 
67282, 31, 1.49184705583984e-05, 3293.95831510689 
204457, 10, 1.39877746849254e-05, 14966.7630529074 
2995142, 121, 1.96290116792619e-05, 4155.32933484833 
28105, 8, 1.45110501647004e-05, 5639.28377501814 
2801030, 29, 1.4249886000912e-05, 53.3263172067956 
1762, 21, 1.42116108860939e-05, 911.172293322306 
2722752, 10, 1.59347313404296e-05, 5.89916734256128 
1930532, 6, 2.14238275810356e-05, 281.757589841365 
1993, 7, 1.44320969836917e-05, 30.5313929085557 
496014, 20, 1.46612517776768e-05, 7885.05137223473 
434009, 31, 1.56818466942667e-05, 6666.85806340753 
48, 16, 1.50091555849068e-05, 286.170496744555 
284016, 33, 1.48603866672611e-05, 616.23639130103 
2528023, 7, 1.39460288682798e-05, 827.45617429625 
106589, 18, 1.4699829481978e-05, 23509.0827606356 
2992573, 36, 1.58308004052685e-05, 395.505090566938 
2917724, 42, 1.53132321639128e-05, 51035.3396733896 
333966, 8, 1.63289299652194e-05, 15.4425045722635 
1513, 20, 1.40344967931175e-05, 8.75456893866959 
2070, 9, 1.35554621734828e-05, 62.3226972346113 
35754, 9, 1.42897970848814e-05, 238.700345743516 
129985, 5, 1.53320147800622e-05, 9218 
2789776, 19, 1.58160279627374e-05, 160.870590224349 
2753607, 45, 1.63824314804803e-05, 19998.8179551977 
3039158, 4, 1.31905239276104e-05, 9255.01434807577 
2933797, 19, 1.44965353280566e-05, 439.272583961181 
380, 19, 1.55226475427649e-05, 514.42638585716 
2567941, 6, 1.57925490753463e-05, 9000.74281289093 
2867410, 126, 1.7155895623531e-05, 9004.21977977828 
539813, 2, 1.6739203213927e-05, 9218 
2949664, 20, 1.50156913975104e-05, 26063.4515935121 
1813, 12, 1.43620382604699e-05, 547.407531028409 
2496836, 37, 1.48802880823773e-05, 259.223181648959 
2918170, 64, 1.70096955264501e-05, 829.374403829463 
2849779, 15, 1.61467415875476e-05, 503.325035052532 
1866885, 20, 1.45766220136146e-05, 944.98737826344 
589382, 1, 1.6301247045399e-05, 0 
1798224, 54, 1.6104874945646e-05, 2974.75570570683 
38300, 19, 1.52385596513418e-05, 20529.0444357394 
434008, 40, 1.58473582453805e-05, 852.537744591856 
715472, 23, 1.52264940997335e-05, 16102.376712604 
196162, 34, 1.51705933219048e-05, 442.602303768418 
1045317, 12, 1.52590218966964e-05, 1879.03508778986 
386490, 5, 1.53320147800622e-05, 0.5 
2567896, 12, 1.44314721544745e-05, 73.4321750685995 
1969, 30, 1.44784849713326e-05, 440.5563498021 
419479, 65, 1.63460123902774e-05, 5848.56525176201 
2518370, 32, 1.51039149347511e-05, 341.447126198255 
3068633, 40, 1.74727425216662e-05, 215.948079137171 
1399, 5, 1.53320147800622e-05, 0.5 
2045, 51, 1.55327741534638e-05, 8547.72572559058 
2840457, 40, 1.52102821507339e-05, 2229.06514953242 
149698, 50, 1.71144959780934e-05, 10801.7280410279 
391953, 48, 1.6498927569708e-05, 1906.70200451955 
2720714, 209, 1.79697748387213e-05, 8155.24597052034 
59814, 291, 2.42066277746847e-05, 29516.0103119931 
524884, 188, 1.82972572411396e-05, 9690.44327739062 
1707785, 58, 1.74413534490276e-05, 8579.52366472733 
404589, 87, 1.78794922224209e-05, 665.544120803479 
570, 225, 2.14215329248961e-05, 5303.49932049362 
164546, 11, 1.57121533506167e-05, 13109.6467110468 
2884263, 35, 1.65130948842432e-05, 344.143817874767 
33899, 14, 1.42588262134261e-05, 1.25283842001649 
648995, 3, 1.70096955264501e-05, 0 
34072, 32, 1.56911972383493e-05, 2806.24777272212 
1643322, 45, 1.54633595695001e-05, 5290.08490130283 
2763317, 70, 1.65210064597135e-05, 13728.4974663255 
3047874, 15, 1.67070420182107e-05, 12509.3497028324 
435897, 52, 1.64160483288463e-05, 9849.16411202516 
1909395, 11, 1.45435506624587e-05, 2344.18083386438 
1861, 33, 1.56218268164279e-05, 28080.0240251469 
299767, 1, 1.45015806722933e-05, 0 
28068, 46, 1.66328465453578e-05, 4413.48509056089 
2851598, 4, 1.35431620574772e-05, 11911.8171264723 
2062, 36, 1.52142161635833e-05, 2111.13152408501 
467976, 20, 1.67647403979949e-05, 229.094624575949 
39643, 22, 1.46879544085895e-05, 27785.5531273495 
191, 36, 1.55717155359006e-05, 10909.7508346606 
1881016, 266, 2.27153987688254e-05, 386.706598252775 
2981134, 53, 1.58333069444884e-05, 18372.8876565149 
1176646, 14, 1.54026246072331e-05, 2204.63065145451 
2712223, 46, 1.56961230576048e-05, 2011.85675552809 
303, 72, 1.73855595542343e-05, 4059.91907610313 
1268, 3, 1.26120899494255e-05, 0 
3016000, 84, 1.78084875251545e-05, 2524.1291145555 
1736675, 39, 1.55337392817199e-05, 8610.20842912895 
3018446, 20, 1.56408852741065e-05, 1240.85106789801 
93944, 10, 1.45418587403842e-05, 2286.26675943032 
314722, 84, 1.7567899933242e-05, 4212.53797774637 
2736640, 65, 1.60565189466924e-05, 1745.1735697093 
66880, 35, 1.46310060279745e-05, 114.639787773903 
2749991, 25, 1.42488707769909e-05, 37.1965185143526 
2801029, 34, 1.48787382829936e-05, 107.429278791886 
103733, 13, 1.42787788788303e-05, 1865.24291023885 
69, 44, 1.62306044277089e-05, 3099.95721252927 
1076, 28, 1.5319800842589e-05, 8095.10013490331 
138336, 19, 1.52597204419215e-05, 539.959535975749 
196914, 12, 1.4488973890869e-05, 3042.04291993833 
443156, 20, 1.50947953145755e-05, 3846.09292799502 
2714939, 37, 1.53036238981391e-05, 20.4390111400358 
2565556, 11, 1.75929346774335e-05, 9.89176142797854 
2591633, 139, 1.9020446980504e-05, 2788.30406992457 
2898796, 46, 1.60397786510546e-05, 3249.84179424718 
1894999, 25, 1.45118924959004e-05, 14000.0977080058 
76259, 260, 2.17974148266016e-05, 1899.94613530909 
2898431, 54, 1.66894756166761e-05, 1184.34954315941 
110319, 47, 1.60849284220685e-05, 4947.24548389338 
404386, 12, 1.45710996808929e-05, 3815.69464488942 
2719023, 3, 1.59497264621912e-05, 0 
96344, 54, 1.80907068039148e-05, 26516.1008384818 
2931390, 47, 1.60449257922182e-05, 3531.89466436127 
624315, 10, 1.50242641866615e-05, 27.4101187010996 
68212, 35, 1.43905597927759e-05, 1238.64655054352 
2801335, 14, 1.65595813737829e-05, 115.614664711761 
106592, 27, 1.74669438088418e-05, 2908.20876596709 
215580, 65, 1.67720510541234e-05, 10556.4206040544 
2769491, 47, 1.78262652191739e-05, 1136.33681396842 
2083284, 34, 1.60264115261952e-05, 153.941572389243 
450367, 13, 1.67064837863575e-05, 9909.6017789975 
2861282, 59, 1.83006057500503e-05, 4419.67518588884 
470, 19, 1.42875512565901e-05, 7907.32009734664 
2970464, 28, 1.79992080348465e-05, 862.545532674817 
85015, 38, 1.53348361472758e-05, 26.244726878149 
2895565, 48, 1.63781384607825e-05, 66.0960759296529 
2001, 19, 1.56612165633026e-05, 1485.34153116413 
200618, 35, 1.57074641869817e-05, 12472.3193513146 
2782168, 3, 1.37544014084507e-05, 38.7242083413632 
2045208, 65, 1.74483528754886e-05, 2214.17009437936 
1824, 33, 1.61715477788379e-05, 14173.8818157032 
287, 85, 1.84280844006266e-05, 887.313832060989 
2059884, 152, 1.85092638865752e-05, 11438.4299167813 
316, 106, 1.88640093565486e-05, 4753.52746786739 
404405, 127, 1.94061711624297e-05, 1132.35081141365 
2764186, 18, 1.6417665407979e-05, 99.2039310316538 
1763, 44, 1.5942352453528e-05, 29685.8934183105 
2582905, 63, 1.62369292719361e-05, 30338.0885273313 
2862869, 62, 1.9902873975002e-05, 9393.94995292831 
35753, 22, 1.57619317823592e-05, 2809.0490521358 
2904253, 92, 1.80469581851979e-05, 2219.348502576 
2872154, 45, 1.57433208961098e-05, 109.958725468453 
2996826, 68, 1.62940754741576e-05, 276.065346968156 
56438, 22, 1.62337662337662e-05, 13163.3680405683 
674703, 24, 1.49918294529481e-05, 8318.28539379469 
940133, 15, 1.57532412293829e-05, 8.45001349131605 
2760089, 70, 1.63031073722652e-05, 301.468973238028 
69964, 1, 1.74349675709603e-05, 0 
2760705, 49, 1.61066907193248e-05, 74.9232580954327 
116188, 52, 1.55836060464391e-05, 14009.9171792203 
477641, 56, 1.66212352902068e-05, 21394.6839286876 
399, 40, 1.59729099447337e-05, 629.688507833997 
2728827, 28, 1.60269252343938e-05, 8304.17184971908 
2782641, 6, 1.42265723919136e-05, 1528.84762766686 
135621, 72, 1.77462289263532e-05, 4439.06939497655 
449461, 98, 1.68836211990748e-05, 3981.62897130833 
556533, 116, 2.45591630237242e-05, 5449.31138514269 
104663, 2, 1.46944293418365e-05, 0.719711624225088 
65656, 139, 2.07408636495624e-05, 9010.3050365879 
2836373, 15, 1.61183733337632e-05, 2561.46588386162 
240495, 97, 1.64173958726667e-05, 32526.2895631634 
1034889, 55, 1.65035565164293e-05, 12694.5459646333 
400770, 21, 1.73662365628745e-05, 2324.99663345086 
80816, 37, 1.59398112726345e-05, 8894.52332681562 
444103, 38, 1.81297363936328e-05, 11653.2820892111 
946333, 57, 1.66752822291517e-05, 1229.5712530786 
2604421, 12, 1.68725113045826e-05, 8060.69912624741 
1822464, 56, 1.64260253946353e-05, 9113.10648188131 
222, 40, 1.63575097327183e-05, 13677.5403387837 
2824561, 94, 2.21813100281703e-05, 5422.1403268174 
2714944, 20, 1.67743017696888e-05, 185.223144637834 
2782169, 3, 1.51416501370319e-05, 972.554880585431 
2728020, 91, 1.82272205311412e-05, 14569.3695103692 
2774151, 25, 1.52860789678839e-05, 1287.09055898641 
103731, 8, 1.43141380741759e-05, 199.851546402859 
1605891, 93, 1.83103233603105e-05, 3363.90062359308 
1708, 26, 1.74206922983119e-05, 318.652514069746 
3044187, 50, 1.63829682661905e-05, 129.93293320713 
357, 78, 1.92455735180908e-05, 28907.9662555025 
412384, 4, 1.53315446531238e-05, 0 
2558918, 88, 1.65505370649278e-05, 1718.41271357541 
255247, 7, 1.76725280551383e-05, 54275.8121463665 
2663857, 91, 1.69382431654189e-05, 1964.74381948759 
2813578, 62, 1.64644286020054e-05, 8472.20027422729 
2527974, 42, 1.60787214200727e-05, 5937.70043057472 
2865673, 21, 1.40396198070956e-05, 99.9992490512269 
2728835, 92, 1.99413723652462e-05, 5784.27600634505 
1892855, 51, 1.6923050887614e-05, 5439.77192481479 
363835, 25, 1.69736060426038e-05, 645.354584850301 
84531, 111, 1.82959181806539e-05, 3518.25656123763 
3064278, 103, 1.860361282161e-05, 5394.92376417244 
2071607, 25, 1.67957137338551e-05, 453.179840148075 
2732067, 50, 1.67827473357389e-05, 37057.4404582395 
649831, 18, 1.65931039060167e-05, 19503.2197581624 
2518371, 49, 1.63792115047582e-05, 66.6656588893815 
41294, 55, 1.63494866261199e-05, 18881.1877777089 
447792, 1, 1.7440136730672e-05, 0 
2053, 62, 1.67436876297636e-05, 27833.0684248592 
1391654, 68, 1.65738530893662e-05, 22641.8414101193 
2614442, 51, 2.51483754149482e-05, 13201.9426675358 
2594003, 83, 2.0198347775152e-05, 8601.70821180789 
1076124, 12, 1.50271992306074e-05, 39.4101917591636 
2984338, 23, 1.43905597927759e-05, 41.7825727810217 
1176198, 233, 1.83928341518145e-05, 15102.7064256688 
2714952, 79, 1.7816737042778e-05, 1303.10961896589 
418699, 209, 2.14905871228402e-05, 3559.48922929157 
47760, 71, 1.62045664468247e-05, 25156.0519452335 
2662065, 62, 1.63738476904688e-05, 580.009778899634 
34029, 78, 1.78415315170654e-05, 815.444183882287 
2806347, 132, 1.9392999127315e-05, 1086.49833049356 
748247, 244, 2.13019768234492e-05, 3025.78324638903 
2594473, 27, 1.69909098632232e-05, 672.445841508314 
281362, 374, 2.31980884775095e-05, 1858.02269003128 
39689, 6, 1.87251891244102e-05, 1.84585333578536 
1437360, 58, 1.63650050731516e-05, 24320.4261267632 
2980557, 4, 2.0780948026849e-05, 9218 
419476, 99, 1.71924696982722e-05, 2613.28067175087 
2782665, 9, 1.49956512611343e-05, 16574.6470877947 
160826, 123, 1.73973556019485e-05, 10650.6454308142 
1392877, 276, 2.31085640338309e-05, 2814.92981926271 
82115, 19, 1.69618020218468e-05, 38159.2521559109 
2203204, 40, 1.54877878792572e-05, 360.480839692429 
543, 89, 1.92882630919086e-05, 14454.6361749806 
88688, 45, 1.64823391735755e-05, 5681.55357531759 
370777, 137, 1.91073066340569e-05, 4001.79847667764 
1357915, 3, 1.26120899494255e-05, 0 
1385, 135, 2.14845848103985e-05, 67354.2980005486 
1774216, 106, 1.71844927137751e-05, 2301.89657900874 
450734, 108, 1.7373477649021e-05, 10060.6314896102 
46165, 89, 1.7399474535869e-05, 8544.14349974158 
165697, 24, 1.70085382862197e-05, 3160.10915576162 
47857, 66, 1.67383626533652e-05, 171.267211691641 
946334, 10, 1.4973646382367e-05, 2.61936099852168 
2483798, 130, 1.74267640241883e-05, 11088.9581940345 
3043848, 108, 1.74167479448237e-05, 11659.6334969295 
114, 33, 1.60258978509271e-05, 8802.11958041985 
467094, 60, 1.94125754663871e-05, 7566.40418373948 
2184519, 10, 1.42237394210938e-05, 2510.52844694697 
2843215, 74, 1.76728403789057e-05, 3671.91022371852 
2804617, 27, 1.76637874693092e-05, 16173.4220631416 
447588, 446, 2.44594462381372e-05, 4767.96475169337 
2914710, 87, 1.80626049888915e-05, 1370.37347182385 
406548, 60, 1.64071600846609e-05, 11742.4426695166 
1841249, 224, 1.81326950624671e-05, 23122.9571164128 
1597781, 97, 1.76887835423558e-05, 9665.7265641004 
795665, 128, 1.90461679110163e-05, 1619.3424868099 
41, 77, 1.72034131571704e-05, 25103.5446802626 
2742128, 104, 1.75768547976025e-05, 8876.09055471259 
2807512, 1, 1.55272269925314e-05, 0 
161492, 149, 1.84685849370221e-05, 9964.20272811578 
37331, 154, 1.75808720112518e-05, 2047.58509393158 
2843216, 80, 1.79217893114449e-05, 3162.29428955108 
110321, 5, 1.60523950173366e-05, 0.18280626657179 
1324796, 98, 1.85363683547119e-05, 5761.46017240897 
2592334, 54, 1.70709639973369e-05, 1170.29155008399 
642780, 148, 1.74675540184108e-05, 19824.1190535599 
1413221, 53, 1.55504066431337e-05, 3010.50822116444 
1796921, 106, 2.23353881890467e-05, 11931.6726004605 
2879617, 5, 1.36625087098493e-05, 9673.32494292972 
2202249, 34, 1.71850833476542e-05, 34930.46425689 
28095, 83, 1.78084875251545e-05, 3820.02913833373 
2918171, 147, 1.85312158330708e-05, 6245.64348575316 
165695, 26, 1.7020117779215e-05, 3332.15587223785 
1866, 10, 1.4973646382367e-05, 2.61936099852168 
161493, 122, 1.87297484594782e-05, 4842.85627360087 
587753, 180, 2.04064974287813e-05, 3774.76106379675 
945844, 139, 1.97452858130121e-05, 951.38719772369 
2736757, 125, 1.77198142963462e-05, 34659.049917831 
37326, 67, 1.75817993213425e-05, 6181.19525516966 
41275, 34, 1.68302001110793e-05, 1496.8599329373 
2714938, 48, 1.66298039346116e-05, 152.083604224485 
1971, 140, 1.74088645938512e-05, 3669.52842266055 
2589074, 95, 1.75589541886885e-05, 3013.26620443824 
2711231, 61, 2.05098755050557e-05, 8528.13803250707 
135614, 32, 1.78145152670396e-05, 3842.66639286111 
2732487, 81, 1.77806226774062e-05, 320.801202019706 
2975441, 145, 1.93952559204019e-05, 977.434465559148 
3040509, 11, 1.50154659299078e-05, 15.8280403884183 
2775403, 41, 1.70505890978533e-05, 731.159769510407 
139208, 11, 1.8309652848982e-05, 17.0941047651552 
2925843, 140, 1.88932343327854e-05, 2756.4286118789 
2927875, 67, 1.59946258057293e-05, 10882.8799964698 
2027405, 302, 2.23333928890477e-05, 1199.04867855909 
2591108, 132, 1.77311252172063e-05, 7588.33072647032 
2056258, 30, 1.42959256611866e-05, 65.4113247055616 
53359, 38, 1.71797691039032e-05, 775.879295731987 
2932773, 114, 1.77553665595426e-05, 2792.45297984068 
122358, 22, 1.73364307756319e-05, 67581.1362389799 
56458, 99, 1.833214174412e-05, 4241.54780721626 
2653200, 48, 1.5500031000062e-05, 513.857110601719 
2840469, 58, 1.77352132659395e-05, 1623.40881198788 
2745, 102, 1.76298437995839e-05, 14974.8118988651 
2598579, 42, 1.63904869613676e-05, 5304.33763669555 
2714942, 22, 1.70351947122756e-05, 1006.94068613604 
639200, 95, 1.85315592453949e-05, 11143.8008011286 
3075432, 78, 1.63532297628782e-05, 9155.71695694453 
871742, 113, 1.83658102077173e-05, 11175.983505606 
1219491, 117, 1.78977323573103e-05, 14824.204284168 
413882, 101, 1.76997415837729e-05, 11946.2244255645 
384, 19, 1.62008910490077e-05, 1371.89615343233 
2013, 102, 1.79144049730388e-05, 19196.1981778637 
1867, 11, 1.50154659299078e-05, 15.8280403884183 
343, 107, 1.84566545467968e-05, 4764.8727143242 
2675225, 49, 1.83402109124255e-05, 3810.85876514337 
2795387, 122, 1.87786374220687e-05, 1459.91982181364 
1783515, 47, 1.49396438388909e-05, 153.014669360941 
82633, 77, 1.75466301696759e-05, 7427.55892381106 
2899123, 82, 1.81894246684977e-05, 11271.1257029859 
204455, 129, 1.81709156324387e-05, 4246.01933338171 
2509455, 33, 1.80241884609145e-05, 2474.80184286975 
1814, 123, 1.73559886838954e-05, 4673.49342180785 
515361, 135, 1.9902873975002e-05, 20413.207043021 
2082386, 164, 1.99596814434842e-05, 3165.69324053164 
47420, 125, 1.90418158275573e-05, 1556.93653165919 
2978473, 144, 2.07490403568835e-05, 16256.0845372972 
113562, 7, 1.49492473053982e-05, 0 
1226757, 209, 1.83180377717939e-05, 3630.9856538001 
2609807, 6, 1.46771755243421e-05, 2.03175973896862 
2034, 116, 1.82915675873422e-05, 14680.4667030699 
68270, 197, 1.79781744961617e-05, 3965.52577482509 
157920, 56, 1.85432428423083e-05, 6141.82311882673 
642, 106, 1.7863841797817e-05, 6021.75031606028 
1235591, 26, 1.72407848005241e-05, 22074.3502880831 
2694929, 2, 1.6853175138196e-05, 0 
298654, 123, 1.81620050853614e-05, 14353.7799057921 
2730915, 63, 1.58085271195283e-05, 11190.019392728 
83291, 211, 1.79885233221205e-05, 2356.97526857609 
442121, 198, 2.06773913403085e-05, 2239.6324028847 
2290922, 127, 1.82465103548946e-05, 8154.5957325452 
1379270, 236, 2.08142536008659e-05, 6322.32378678469 
2480810, 166, 2.19240550732263e-05, 4530.9039532283 
1288636, 419, 2.19770559535845e-05, 79473.8208514331 
248903, 6, 2.0329335230738e-05, 51.8079568382342 
1082851, 122, 2.19823701391484e-05, 17201.1787253616 
83637, 139, 2.10176758654028e-05, 9370.66543107959 
530584, 287, 2.16947975875385e-05, 4654.47561996926 
165301, 3, 1.38621272820527e-05, 100.065263465611 
53451, 240, 2.077619878667e-05, 5767.62583211738 
2716812, 525, 2.25718348644561e-05, 12575.969950236 
2070347, 551, 2.2766596849103e-05, 14084.6293315991 
1169025, 179, 1.90425410366759e-05, 206.453342294421 
1491, 5, 1.59446402091937e-05, 30308.9551924568 
446860, 420, 2.26855107642749e-05, 8613.60137896255 
2109913, 151, 2.19794711739236e-05, 4977.41327466162 
94254, 112, 2.27691887338054e-05, 8307.71907850561 
2571749, 209, 2.10207685192971e-05, 5104.67458862244 
1771, 398, 2.2436616558223e-05, 5918.84080717615 
879274, 126, 2.22039656282612e-05, 19358.537717878 
2755382, 493, 2.23289047672212e-05, 12052.5817739096 
2219696, 149, 2.08550573514077e-05, 2215.11166201729 
684552, 479, 2.28822479520388e-05, 6274.64258512821 
237, 66, 2.09226906580186e-05, 1155.19476709201 
117567, 2, 1.88256556034564e-05, 0 
2233851, 415, 2.21528100839591e-05, 16514.1135471027 
1823, 469, 2.25912120185248e-05, 13078.1842032988 
370526, 326, 2.18861482567683e-05, 5397.39923130418 
3015161, 427, 2.24911160091764e-05, 6453.72783271828 
991904, 601, 2.29331498681344e-05, 12249.2435847985 
57043, 455, 2.25871298534095e-05, 12280.0377467541 
3049070, 21, 1.96680040909448e-05, 1016.12912467192 
3004094, 478, 2.23104725358083e-05, 19527.566273993 
2174846, 222, 2.06394088873295e-05, 7750.45748422126 
2231055, 534, 2.95831730911458e-05, 8649.31309853022 
370764, 26, 2.01393644016595e-05, 5073.55689268298 
2107713, 53, 1.83806635419539e-05, 1005.59459862635 
1355015, 188, 1.89638170370932e-05, 11674.1784709796 
2738142, 205, 2.24956695836052e-05, 3210.03715325264 
2813577, 470, 2.20575260278807e-05, 27280.4914203527 
2035, 548, 2.27562352084471e-05, 10533.4756299333 
3039159, 136, 2.11456725381151e-05, 6914.70069021891 
2293571, 211, 2.05680906641436e-05, 3505.20775526166 
2579971, 537, 2.23853868194842e-05, 13533.6289461005 
1523415, 158, 2.08025628757463e-05, 3638.53716408779 
2184083, 644, 2.8261361067149e-05, 7319.49435861569 
1460244, 214, 2.06185567010309e-05, 9474.41379963209 
1619308, 541, 2.27707441479188e-05, 13176.7510340762 
2202826, 581, 2.27852716004375e-05, 18690.2352661166 
2547399, 463, 2.24719101123596e-05, 13048.952203615 
3016093, 163, 1.89329395281911e-05, 382.341280880227 
2714937, 511, 2.26659715768716e-05, 11658.1941725788 
2502779, 29, 1.98661024693565e-05, 8150.5825506206 
364317, 126, 2.22400142336091e-05, 12996.513560001 
2003551, 489, 2.28728270814273e-05, 8494.21278426426 
29405, 117, 2.15940745859336e-05, 6503.71415688925 
53360, 309, 2.19303054891555e-05, 1781.43421986979 
152268, 14, 2.07030764771645e-05, 300.654458847141 
434014, 198, 2.19471512597665e-05, 3464.01358935499 
2055889, 439, 2.25973380335796e-05, 6482.09891505428 
44255, 319, 2.15405824573496e-05, 11360.5796831394 
2994661, 175, 2.9514196328434e-05, 7573.97869093396 
79328, 22, 1.97913986581432e-05, 14.1888428483486 
67296, 212, 2.04432087660479e-05, 10100.566124058 
2781962, 395, 2.28070975687634e-05, 18435.9279304232 
356851, 388, 2.24059510205911e-05, 3742.17596582081 
1858, 528, 2.28086581666401e-05, 10058.4393458348 
2926710, 6, 2.0329335230738e-05, 51.8079568382342 
307486, 189, 2.38441546054985e-05, 141452.619471578 
2984843, 487, 2.22414981873179e-05, 18514.4199590927 
2596916, 542, 2.31320842007865e-05, 11326.2903092608 
666685, 259, 2.26249462657526e-05, 19671.9936173193 
1758689, 479, 2.281490269444e-05, 50178.891952261 
51671, 54, 2.25281038095024e-05, 5595.8945995587 
2116657, 152, 2.23823805899996e-05, 4608.72435281253 
2583243, 433, 2.30755030459664e-05, 6725.78784757811 
1408, 20, 2.42665437161785e-05, 116901.464144054 
2493676, 113, 2.31272693633063e-05, 3178.84306222927 
3018929, 32, 1.77163610594384e-05, 3752.32024432694 
2843330, 541, 2.24356097998744e-05, 13400.2048604751 
3002640, 226, 2.06808123423088e-05, 6576.0285407903 
2294034, 392, 2.2583559168925e-05, 3638.98525631693 
56454, 206, 2.34082397003745e-05, 29114.8947252342 
1047172, 433, 2.22098833981122e-05, 54988.6927550968 
3025663, 44, 2.19110848178093e-05, 87.8904190678241 
2382165, 520, 2.28013772031831e-05, 11052.7916960325 
2898276, 204, 2.06100577081616e-05, 9173.71114826858 
1801, 43, 2.2218765969738e-05, 3505.16724656531 
53408, 410, 2.43048804199883e-05, 10850.9632674449 
2565366, 30, 1.75030192708242e-05, 7765.36981743704 
35554, 513, 2.54304096839e-05, 2740.43037418098 
29448, 271, 2.13574815257785e-05, 8076.91718434655 
37330, 446, 2.26413385559354e-05, 5331.51532201196 
2985506, 584, 2.30728409589073e-05, 12644.3451763292 
1353891, 426, 2.30170786723749e-05, 4946.84653491386 
2419774, 572, 2.34521575984991e-05, 8312.57354624303 
1828, 495, 2.2393908856791e-05, 17689.7053400887 
2487344, 79, 2.64907679673634e-05, 7104.95180255849 
2607753, 227, 2.11702938436786e-05, 13891.6066140857 
2810513, 571, 2.34417121826578e-05, 9445.12990259092 
3033808, 179, 1.90785080606697e-05, 213.887025535216 
410, 532, 2.26880842181686e-05, 12639.5595520642 
2940492, 169, 2.18808804866308e-05, 2116.91529599318 
37927, 505, 2.2915807323892e-05, 12021.8635536952 
36861, 527, 2.36110783179468e-05, 6806.37453087338 
28450, 476, 2.23593596279403e-05, 12105.0974345991 
463014, 5, 2.03202470942047e-05, 13.1047830201826 
165696, 235, 2.10256302432665e-05, 7919.90601986818 
3065910, 107, 2.19683655536028e-05, 1360.56780623657 
37332, 561, 2.29922056422873e-05, 11227.1987284496 
2571746, 508, 2.32790930465349e-05, 9756.01622449066 
2898433, 164, 2.148966347187e-05, 1577.98473943537 
104336, 376, 2.28070975687634e-05, 4324.58438962963 
1183413, 138, 2.67186790285088e-05, 6306.10523017103 
1882831, 520, 2.388002674563e-05, 8942.74791342998 
83614, 170, 2.30505036535048e-05, 15214.8831177543 
2721246, 146, 1.8658805090122e-05, 19764.5821267263 
137722, 618, 2.28493088084085e-05, 20834.6987994604 
2759943, 570, 2.34659157573624e-05, 8776.49130937331 
1894, 440, 2.28901046077781e-05, 20235.4076598869 
700274, 152, 2.14091502708258e-05, 1852.41930314491 
2508882, 481, 2.27066303360581e-05, 62068.8266659171 
1812480, 186, 2.05757083187589e-05, 2188.05002007435 
2963431, 252, 2.18145328417792e-05, 51812.4945641748 
2762748, 171, 2.13752858944488e-05, 1780.96538668572 
1478, 15, 1.93333848890264e-05, 18655.401387126 
709810, 551, 2.38697665536831e-05, 9341.90615913995 
2865839, 137, 2.39429200785328e-05, 12012.0476024591 
1166950, 555, 2.29352537785831e-05, 11326.4416597266 
3016096, 389, 2.40981275754874e-05, 28247.1004993351 
39695, 374, 2.3095755000231e-05, 1751.97367798988 
1437453, 114, 1.84338593127857e-05, 20746.8702217322 
2725414, 35, 2.07047910886579e-05, 357.662904879684 
2986923, 127, 2.1551724137931e-05, 12104.8773059057 
2775404, 150, 2.54019864353392e-05, 9542.30593170662 
3061626, 426, 2.31037589815863e-05, 6852.53184264947 
2986949, 460, 2.28154232261008e-05, 20688.9279792574 
375549, 91, 2.15447592373155e-05, 1609.58317721418 
40988, 419, 2.2655701307234e-05, 24462.9596105594 
887464, 198, 2.03977562468129e-05, 2100.99376391417 
1620215, 557, 2.43196575792213e-05, 7994.03211650008 
2596828, 155, 2.11617818220294e-05, 9983.06020818491 
354, 449, 2.53421186011151e-05, 3782.31203121422 
1269, 578, 2.32460830350086e-05, 12568.0008653096 
39, 310, 2.14100670135098e-05, 9844.74154633934 
269660, 647, 2.29842787533327e-05, 20398.4382615009 
2909587, 379, 2.31577972303275e-05, 3690.9170923202 
1871086, 170, 2.16872695727608e-05, 3081.31018960281 
2937788, 169, 2.13716312966169e-05, 1727.10808116459 
2782662, 70, 2.14859696618108e-05, 31567.6961357289 
152480, 602, 2.30239679506366e-05, 19006.0582236425 
2777475, 105, 2.31021577415331e-05, 5638.49406235473 
41899, 664, 2.36770451047709e-05, 17944.8103174734 
463040, 154, 2.25866196864977e-05, 17160.5081149606 
2714931, 551, 2.3121387283237e-05, 10302.2384399342 
3068634, 576, 2.34912729920834e-05, 8295.82880634464 
3003265, 296, 2.15684582866017e-05, 14000.9992386447 
2338327, 231, 2.15614825675413e-05, 4840.81816778904 
2203219, 23, 2.04691529864494e-05, 25.1403310616412 
2867012, 684, 2.3227185097438e-05, 18263.9183147179 
79329, 23, 2.01191051022051e-05, 9241.43961455734 
2884874, 172, 2.26675129204824e-05, 3968.58259054849 
85413, 143, 2.25901913389206e-05, 18151.1818277328 
2971235, 103, 2.27998176014592e-05, 942.413487024511 
2789216, 378, 2.23119659073161e-05, 18579.9378885114 
132473, 205, 2.0574015019031e-05, 5885.40489223802 
42253, 214, 2.08224882873503e-05, 9131.06277601075 
2599297, 170, 2.1467058798274e-05, 1466.3261039522 
2493673, 99, 2.34890658398516e-05, 4160.51194205281 
1447062, 191, 2.13542890089474e-05, 34894.0289666633 
1648182, 219, 2.14818156430581e-05, 19768.4211733114 
2589976, 114, 2.33192640440268e-05, 3172.21132219149 
483545, 447, 2.29510454201189e-05, 18583.2950027748 
1715720, 139, 2.23728661878873e-05, 3306.23012250834 
74313, 171, 2.1580094520814e-05, 4686.49898744021 
652764, 586, 2.39704683829522e-05, 9713.13537457176 
388357, 194, 2.24688806003685e-05, 3077.03416008039 
2582831, 160, 2.05212394828648e-05, 34714.389764041 
1357916, 178, 2.15717151670729e-05, 3732.69961296359 
1646340, 13, 2.66695114145509e-05, 9319.85760549239 
1758194, 499, 2.36066192960506e-05, 9499.82315241416 
1078471, 488, 2.29953779290363e-05, 83683.0244946907 
2962064, 9, 1.77660916375007e-05, 0 
1805827, 483, 2.28901046077781e-05, 7048.66273687151 
255045, 343, 2.19370406932105e-05, 10216.3106509196 
36814, 38, 2.22751876684561e-05, 6781.78577552459 
692370, 260, 2.19202104340202e-05, 7638.96236775212 
1678, 498, 2.23873914211516e-05, 19986.8531278813 
119219, 466, 2.31401133865556e-05, 12696.3851137947 
2482763, 152, 2.15670627817198e-05, 4040.84973250754 
2744518, 116, 2.34593098271049e-05, 4933.75022742777 
1333996, 367, 2.2000264003168e-05, 14805.4972806242 
39960, 194, 2.14892016761577e-05, 6916.71568286001 
40989, 285, 2.24804981678394e-05, 30508.5312289292 
234612, 215, 2.11233391774572e-05, 14510.3658492003 
1813879, 157, 2.14693632186869e-05, 923.265022256068 
2609253, 599, 2.35128144838937e-05, 8868.74195792765 
317, 521, 2.44606428256935e-05, 6757.67784796606 
2590775, 28, 2.00292426943337e-05, 35712.5835899145 
156977, 404, 2.31395779340985e-05, 3657.53144284565 
55508, 169, 2.20312844238819e-05, 2916.15404841972 
1225128, 565, 2.32088564996403e-05, 13385.6490104575 
563996, 166, 2.14592274678112e-05, 1429.64490105775 
1162966, 530, 2.34131722507082e-05, 10736.0696543851 
1792, 551, 2.34312760672946e-05, 8584.72056769767 
3064286, 681, 2.44863978060188e-05, 12989.8852621569 
53399, 431, 2.28143821865304e-05, 9268.34636564678 
2493675, 110, 2.36826524570752e-05, 4364.58628370805 
46351, 495, 2.30298005619271e-05, 7238.28916242986 
1482074, 503, 2.34686693264492e-05, 21962.7177752236 
2908837, 43, 2.09209397686144e-05, 1486.14008974218 
36813, 479, 2.33901714499567e-05, 7107.12953464169 
2220096, 477, 2.29415678267453e-05, 11180.9766038542 
1804624, 27, 1.90556042532109e-05, 51554.7322389471 
463025, 389, 2.2761414849547e-05, 6647.23597606966 
47312, 607, 2.35837932173011e-05, 10339.4543010021 
582680, 538, 2.35748974491961e-05, 10962.8619500627 
223390, 514, 2.32045480914259e-05, 15697.6298419639 
627192, 183, 2.1805970474716e-05, 7924.59944554185 
904291, 559, 2.35698965281542e-05, 12340.2033814868 
53522, 475, 2.32379801547649e-05, 12535.8630347806 
1079, 566, 2.29215852568364e-05, 12291.342050025 
2826993, 499, 2.31798057532278e-05, 16133.2947329853 
2493672, 125, 2.38106576503643e-05, 6064.94094954026 
2304600, 529, 2.36294896030246e-05, 9915.00188936827 
39692, 498, 2.31347599768652e-05, 7917.7821882852 
39956, 636, 2.29716070936323e-05, 11809.4060634511 
2654547, 613, 2.36333987190698e-05, 14535.0640559863 
2213200, 517, 2.31123026787159e-05, 12944.2693661418 
470932, 484, 3.00084023526587e-05, 12797.3762726086 
1298, 548, 2.28300077622026e-05, 16015.4902336754 
1270, 588, 2.38191649000786e-05, 20210.0395487368 
436397, 194, 2.10868144149463e-05, 11844.7618868817 
2014887, 43, 2.18526693035554e-05, 7376.76661462487 
2654248, 107, 2.36989288084179e-05, 1507.8798132104 
33889, 620, 2.35316265060241e-05, 14668.4349463075 
2478662, 127, 2.35061821258991e-05, 2380.35882338428 
1850374, 626, 2.31712120861042e-05, 13052.616258524 
1912, 198, 2.1111744463445e-05, 34539.4380813498 
671077, 688, 2.33165454206305e-05, 19903.4581743595 
2711156, 138, 2.30675186270213e-05, 83020.9017256219 
2493669, 164, 2.40529164161155e-05, 12984.4650370687 
1652028, 595, 2.36183278223902e-05, 9933.61020908971 
2589903, 112, 2.35349493998588e-05, 3733.24287730724 
392593, 140, 2.35860182084061e-05, 25628.8739566666 
1800, 526, 2.30260885583366e-05, 9643.29662066798 
185951, 169, 2.20147939415287e-05, 4885.45263826868 
2063, 466, 2.29621125143513e-05, 45167.7144178699 
1826872, 6, 1.96668436682597e-05, 0.0624894177904548 
2057741, 294, 2.2061905707415e-05, 14918.4727167696 
2937787, 149, 2.16966804078976e-05, 1075.13456879154 
2760308, 488, 2.3256895669566e-05, 8817.56497620115 
1335043, 185, 2.1822149481724e-05, 45434.7083894971 
3016092, 458, 2.3715789972964e-05, 5715.41658038798 
487698, 63, 2.42441874560574e-05, 756.591442461686 
204891, 265, 2.22791578478334e-05, 4357.13076999998 
2672569, 145, 2.13917470639827e-05, 27582.1624405262 
1920, 198, 2.10877037599376e-05, 10378.7583579095 
3034022, 110, 2.12811236433284e-05, 2713.21083077655 
680247, 100, 2.2130748461913e-05, 16600.9245224008 
1572644, 224, 2.31203181355775e-05, 4085.24484112975 
374432, 676, 2.32650117488309e-05, 21992.0932131839 
43668, 568, 2.31064282083276e-05, 12144.8787982722 
2880934, 120, 2.39171509889742e-05, 3535.43126827108 
216929, 460, 2.28927246920929e-05, 7485.5015887363 
56730, 146, 2.34301780693533e-05, 12979.6620022905 
447217, 796, 2.4883668848135e-05, 17537.2945923331 
2811415, 574, 2.47139361886168e-05, 7659.43360576143 
1755504, 320, 2.82653551541875e-05, 15192.3826277701 
84159, 592, 2.51838420469427e-05, 10170.1781218633 
3015996, 244, 2.18373987290634e-05, 13501.4703451911 
1663591, 601, 2.5218136884047e-05, 8252.61227869182 
2597769, 660, 2.7467999780256e-05, 5932.24172494949 
2567884, 580, 2.36955594521587e-05, 18178.3822681884 
69218, 16, 2.6079699561861e-05, 0.117366437750105 
450378, 182, 2.15317701268221e-05, 6540.16237297454 
2901164, 572, 2.53292806484296e-05, 11659.8344248866 
1428, 9, 2.15833549166882e-05, 12945.2460175434 
653931, 171, 2.17329885032491e-05, 2072.39108624677 
445710, 340, 2.33475753542995e-05, 2859.28339557983 
106370, 567, 2.3209395163162e-05, 12454.1059612025 
2099695, 3, 1.89415463878471e-05, 3.06871123455038 
1981880, 572, 2.50256512925749e-05, 4564.24158702623 
1798223, 495, 2.38988600243768e-05, 15196.7850839375 
2486273, 165, 2.17518978530877e-05, 1523.36186574605 
3034358, 542, 2.39034301422254e-05, 8357.36181163686 
1810504, 586, 2.41318564637178e-05, 12729.9513998331 
682998, 620, 2.45212231186092e-05, 11291.8285440698 
743009, 415, 2.36686390532544e-05, 7096.53464580904 
2567881, 563, 2.38407438312075e-05, 14955.5757743637 
661481, 22, 2.01470736375541e-05, 143.87837572452 
110322, 102, 2.2249911000356e-05, 10361.449702154 
267128, 159, 2.19930062240208e-05, 4585.14489723893 
1198456, 144, 2.86491906603638e-05, 4171.78226528878 
2603276, 697, 2.33535730966838e-05, 18701.6167590388 
121719, 508, 2.3789133123989e-05, 38715.6977186435 
1766, 460, 2.30165488986581e-05, 8817.13352440258 
563835, 39, 1.97125904315086e-05, 622.212592316631 
588932, 170, 2.22202470891476e-05, 8142.58245748578 
2603277, 121, 2.33279679007162e-05, 4386.26773215851 
2735906, 357, 3.00066014523195e-05, 3395.99418533328 
2781978, 590, 2.35765648944949e-05, 9111.0211020391 
2026624, 137, 2.3089355806973e-05, 56066.6712695432 
2729175, 470, 2.36764845155791e-05, 28938.5052450031 
71433, 115, 2.37518407676595e-05, 5010.0372318457 
1416806, 478, 2.35117088309978e-05, 11014.2597813371 
7, 522, 2.29863920559029e-05, 9973.21966480559 
1229164, 130, 2.18154846309911e-05, 2926.08809564399 
68192, 147, 1.92986857594998e-05, 44941.4781450862 
83655, 454, 2.92963028065858e-05, 5411.05768718156 
2962047, 536, 2.38663484486874e-05, 22348.224163907 
2898793, 136, 2.05833316180557e-05, 1133.66950007949 
1797, 580, 2.39566863111494e-05, 7611.82760896659 
1914471, 572, 2.4976272541086e-05, 4458.80819905329 
84595, 741, 2.37129781129212e-05, 29192.5368466629 
1267217, 110, 2.22197533607377e-05, 1289.16071636431 
1862145, 554, 2.4136516135261e-05, 11603.8956947653 
47421, 101, 2.3551023291962e-05, 2607.09133014576 
2919322, 9, 1.90836052747085e-05, 0.284018606625944 
2201350, 291, 2.17287384294468e-05, 11316.004698479 
2020377, 596, 2.38384705237312e-05, 25419.9746596005 
2991972, 434, 2.26577546165175e-05, 13153.6153731516 
1930058, 375, 2.49295739535811e-05, 14379.2572311834 
2782167, 52, 2.28112596377572e-05, 3797.60022285431 
1842540, 581, 2.46062992125984e-05, 7266.5414772512 
190721, 241, 2.48589255972357e-05, 45129.7826894134 
3003272, 136, 2.3099489501282e-05, 5312.15928563926 
93217, 561, 2.42271537939723e-05, 11669.8863335309 
2851650, 57, 2.19997800022e-05, 58.6670465965141 
3075430, 352, 2.32477042892014e-05, 18507.1190298458 
2571748, 482, 2.3235280449835e-05, 8012.60610287021 
258505, 161, 2.242856502041e-05, 689.462634055529 
85025, 167, 2.23708641864835e-05, 5601.02293535174 
2940488, 165, 2.23299019717303e-05, 2499.90584361409 
2890321, 152, 2.2949465277459e-05, 33702.007181338 
56464, 104, 2.24668613794653e-05, 586.175120262406 
2597701, 98, 2.35200037632006e-05, 17843.2957234734 
345632, 639, 2.7268017342459e-05, 4869.61162326548 
2570229, 481, 2.31518996133633e-05, 15148.0062762869 
75697, 552, 2.40749211546332e-05, 7485.9354926732 
2003315, 183, 2.22365524449089e-05, 4677.40019507759 
1682113, 26, 2.27780055578334e-05, 15050.422822803 
2419771, 651, 2.39498012166499e-05, 13099.5381514871 
2603206, 357, 2.308082906338e-05, 46735.5070393095 
36805, 62, 2.19572711503414e-05, 473.336885898891 
912630, 55, 2.2740193291643e-05, 923.444630078829 
2774190, 192, 2.22801506138182e-05, 4500.47808793228 
2929795, 672, 2.41662638956017e-05, 17845.2590964214 
39688, 596, 2.39704683829522e-05, 11186.488144739 
2996782, 639, 2.33083933524462e-05, 16142.4162545931 
84292, 33, 2.05271368749487e-05, 240.889407988188 
247333, 514, 2.38481350758371e-05, 241943.40316862 
321983, 190, 2.28890567419717e-05, 8250.83853937972 
2782004, 53, 2.03753132704415e-05, 4779.94513474936 
3058426, 499, 2.33214393992397e-05, 6894.60535535158 
2055, 740, 2.42183526676515e-05, 18335.9744473329 
2600159, 28, 1.75938632604947e-05, 1075.40672825219 
3068893, 630, 2.3355754857997e-05, 20669.8205915177 
1492898, 23, 2.02868561459031e-05, 96.5143849574574 
2976533, 162, 2.20838302195133e-05, 3196.07583479575 
39691, 87, 2.22677473946736e-05, 303.233422040593 
2601677, 633, 2.37051084508712e-05, 10661.8367752733 
2724914, 486, 2.36921910538287e-05, 24377.2656041412 
1854, 614, 2.36322816967978e-05, 11908.5769009969 
347, 78, 2.33699462491236e-05, 2945.30666380111 
2026199, 525, 2.32190953840438e-05, 9439.42317559895 
482462, 520, 2.37202903363537e-05, 12322.9586442038 
556288, 674, 2.43025177408379e-05, 22989.6334031828 
2997354, 172, 2.20269168924426e-05, 3594.1706222773 
3032282, 447, 2.40234468841589e-05, 39907.275340874 
1795630, 670, 2.4077239785231e-05, 13188.3861327199 
329, 391, 2.51407884151247e-05, 7847.71619397227 
1349819, 516, 2.33464851866551e-05, 21340.5749737228 
2897774, 503, 2.37902650235524e-05, 58994.0385716628 
3069708, 667, 2.42724337969368e-05, 15740.0375704305 
92647, 602, 2.34637133672775e-05, 11315.4297099748 
758826, 110, 2.3445009729679e-05, 2052.71085516406 
85085, 35, 1.89756921383707e-05, 21857.8778894334 
2082949, 2, 1.54106950223455e-05, 0 
74829, 527, 2.57003341043434e-05, 3779.11389958489 
666686, 25, 2.37287331229386e-05, 12393.619286967 
322009, 656, 2.4103355187042e-05, 19807.3961485043 
1331682, 612, 2.4168600154679e-05, 16502.6993042567 
1274, 461, 2.34263358868039e-05, 25367.853865864 
1312364, 191, 2.25336878633557e-05, 5904.17001645565 
340345, 370, 2.34252383518002e-05, 30862.2851918537 
2830667, 264, 2.24673661506662e-05, 15511.8006446983 
2904523, 432, 2.31647710162385e-05, 65754.3655800947 
2820884, 624, 2.36826524570752e-05, 13676.614094905 
551759, 670, 2.82374202292879e-05, 8498.05169809432 
426, 640, 2.34587595007976e-05, 16732.4271033984 
2770322, 155, 2.38726157225047e-05, 21330.0471737642 
1276, 490, 2.38401754636914e-05, 27119.2707965303 
2697569, 33, 1.92489076244923e-05, 30353.3265899504 
1842534, 158, 2.35382732322757e-05, 16635.6983931981 
2040, 47, 2.07030764771645e-05, 1472.79723837322 
2665642, 224, 2.26244343891403e-05, 7646.31986556005 
2972485, 174, 2.20031684562577e-05, 2803.96052737607 
346, 143, 2.43914337284746e-05, 36403.9860168204 
48935, 209, 2.19722271049394e-05, 4507.25284462699 
3023370, 604, 2.38112246112818e-05, 16507.9102134788 
1903186, 596, 2.40315293665289e-05, 13576.7933475203 
545619, 373, 2.38418806475455e-05, 13323.3944436712 
3050384, 39, 2.10730391537067e-05, 2556.93492738 
47853, 383, 2.44510734021224e-05, 8483.85307853364 
2995154, 172, 2.28901046077781e-05, 5758.95130223685 
85693, 590, 2.3719727697526e-05, 10012.7069157083 
2866808, 393, 2.9217553906387e-05, 13280.1815298279 
2201999, 444, 2.38168957058137e-05, 7032.49354282345 
1813871, 59, 2.07662755684768e-05, 1151.01119591923 
2867005, 523, 2.40529164161155e-05, 5630.78685022952 
146919, 692, 2.37699072973615e-05, 9406.80068249942 
188770, 166, 2.15002902539184e-05, 8401.85394816656 
2994664, 637, 2.42577139530371e-05, 16207.450849497 
553, 6, 2.27484701653814e-05, 0.012987012987013 
2742603, 612, 2.40419291243929e-05, 16106.0489545902 
2760083, 671, 2.43712224605186e-05, 21288.1080248676 
2935861, 693, 2.40900002409e-05, 16089.0462827887 
1090615, 504, 2.37518407676595e-05, 24879.3451343928 
2865838, 108, 2.40766600857129e-05, 3938.16307411442 
323620, 162, 2.35499140428137e-05, 13364.5269428493 
3026420, 145, 2.15582287759238e-05, 13667.8582822874 
141948, 104, 2.28864374971392e-05, 1621.82355944599 
1427356, 568, 2.42665437161785e-05, 12435.1638874337 
1791, 708, 2.41732740282344e-05, 16215.0221384407 
80866, 98, 2.3522216733705e-05, 69430.9257611105 
2575923, 606, 2.43208405282487e-05, 17316.2769728638 
2742204, 575, 2.42341993020551e-05, 13347.0720432173 
1229727, 843, 2.45332548269179e-05, 27090.8880302262 
3049073, 37, 2.08947115485071e-05, 1396.69241674157 
36809, 727, 2.37840409085504e-05, 31793.4470512316 
3015149, 431, 2.36607987885671e-05, 4569.62523412897 
3039153, 218, 2.26896285707803e-05, 7202.37965534711 
75105, 555, 2.34384155631079e-05, 12162.8209771918 
1653478, 657, 2.42600679281902e-05, 13470.6505753012 
85030, 62, 2.22796542197665e-05, 1436.62962390159 
2578107, 28, 1.75938632604947e-05, 1075.40672825219 
2211212, 2, 2.09590878604963e-05, 0.25169134228846 
1852022, 666, 2.45404795209698e-05, 15030.1221706855 
2499144, 197, 2.27159147698878e-05, 21064.8559733827 
2811104, 162, 2.16576787299937e-05, 22373.0130738172 
2815343, 653, 2.73815065304893e-05, 16466.9766617616 
433, 487, 2.35061821258991e-05, 5123.98447840209 
80679, 767, 2.45025972753112e-05, 17241.1376704576 
39645, 133, 2.47286035757561e-05, 15260.2822314678 
658062, 353, 2.22945556695055e-05, 6486.7951041754 
1798193, 176, 2.228710245381e-05, 5318.13068762467 
3028316, 99, 2.24860586436409e-05, 1062.77365906542 
2268461, 34, 2.07043624091596e-05, 504.949698719929 
39694, 527, 2.38100907164456e-05, 9717.69819988148 
2934158, 272, 2.32504068821204e-05, 32009.2153965221 
2782654, 125, 2.23239200803661e-05, 7383.00019643916 
168695, 530, 2.40981275754874e-05, 6655.06753408217 
193, 598, 2.50607723730045e-05, 6309.80565773559 
424800, 166, 2.19048453517918e-05, 2219.66804068578 
2565555, 170, 2.23015165031222e-05, 3758.03010828798 
1547283, 21, 2.33241591640621e-05, 4359.6688860737 
2763257, 251, 2.38498413985547e-05, 9428.21084303255 
2820278, 577, 2.38396071232746e-05, 14421.6387437923 
2968500, 173, 2.22207408394996e-05, 5034.12666330952 
1545044, 783, 2.45031976672956e-05, 24263.0591418875 
3049069, 39, 2.098547804919e-05, 1540.18639371899 
3016090, 465, 2.40413511239332e-05, 9134.28113813748 
2282523, 732, 2.38185975609756e-05, 13691.1554802497 
352, 392, 2.82119280031597e-05, 7375.3895749646 
1891644, 655, 2.43920286850257e-05, 16694.3963761535 
66374, 182, 2.2221234611795e-05, 74908.9492782059 
1050370, 395, 2.49737775335897e-05, 73746.2870592023 
57493, 598, 2.41446748919526e-05, 11660.6659345663 
152142, 488, 2.38891543239369e-05, 5879.93903883242 
3017325, 255, 2.26310905922556e-05, 15514.7905546205 
93220, 603, 2.42665437161785e-05, 13550.635430931 
2170729, 607, 2.60281103591879e-05, 6469.11878318864 
1517554, 164, 2.2069209039548e-05, 1910.69703653239 
75692, 364, 2.57148734828225e-05, 3662.27526970251 
2968086, 319, 2.3335589106947e-05, 74313.1116343388 
3015156, 480, 2.41045171865208e-05, 7359.70469460714 
1742992, 28, 1.77151056706053e-05, 2094.93261377993 
2847045, 699, 2.76311790224089e-05, 8969.20910698672 
1639348, 646, 2.58752296426631e-05, 7137.11582014868 
103855, 605, 2.45863349150542e-05, 7617.0100948986 
2565558, 100, 2.52467873463102e-05, 15962.3743284573 
1030157, 180, 2.21719657664849e-05, 4407.3138701852 
37487, 752, 2.43155181636921e-05, 18966.7208968627 
3028312, 69, 2.38208670795617e-05, 48708.3764235255 
43057, 797, 2.43362293446253e-05, 20881.8312206243 
1874630, 641, 2.4633575563493e-05, 13882.8150609947 
1793, 654, 2.43279406398248e-05, 13979.3582819921 
2594265, 195, 2.33934545114277e-05, 14854.395882628 
2067415, 228, 2.22059378677858e-05, 5971.71210322496 
2761578, 567, 2.41557563167303e-05, 10766.9832147389 
2762325, 584, 2.42618337093918e-05, 12594.1050158914 
2909588, 408, 2.41499227202473e-05, 8845.57996382134 
1515612, 246, 2.28169849636069e-05, 12763.2311525631 
3026161, 197, 2.33453951208124e-05, 14111.7241506814 
2934161, 321, 2.34626123272565e-05, 96750.0301094649 
2779671, 54, 1.88725536452337e-05, 6448.37578122463 
3075605, 178, 2.30856245815731e-05, 13126.8526393777 
1249101, 133, 2.34230435902841e-05, 484.683968556838 
2715959, 140, 2.35882436193801e-05, 16775.1824210861 
1002689, 422, 2.2842523642012e-05, 5158.98188680779 
220927, 706, 2.44128704653093e-05, 16087.663100425 
3016089, 394, 2.40309518660034e-05, 3147.64817992028 
2541726, 178, 2.35238767348859e-05, 4994.03561302027 
1851544, 563, 2.44474867983571e-05, 13544.5303509552 
2840373, 131, 2.15577640287149e-05, 13362.7571526033 
2609257, 641, 2.48533651456407e-05, 10315.68205771 
2109915, 121, 2.32959045799748e-05, 2082.42905425807 
2974552, 427, 2.65893802015475e-05, 5773.55754765412 
1906742, 160, 2.3508945153631e-05, 2451.40608538243 
53437, 550, 2.42265668532112e-05, 19882.870351166 
12916, 98, 2.37721675462369e-05, 2157.09235565293 
2961893, 567, 2.74055194716216e-05, 8981.96179012118 
3056937, 537, 2.44959949048331e-05, 8301.29437438893 
69367, 317, 2.37738630150013e-05, 15003.6141187821 
1542730, 111, 2.20682349825661e-05, 14030.4570017049 
2725477, 278, 2.69803582991582e-05, 10913.0843979024 
2083786, 256, 2.33247031931519e-05, 22847.2391414971 
312306, 558, 2.54485303473724e-05, 4178.63344194433 
1061, 782, 2.43143357323478e-05, 19475.9709815073 
2954083, 1, 2.14068587575459e-05, 0 
1906272, 1, 1.79250017925002e-05, 0 
319706, 615, 2.42107301956227e-05, 12343.1347397123 
85012, 148, 2.19567890391709e-05, 16028.6479313268 
1804, 591, 2.42283277608179e-05, 10524.8622207985 
2999062, 683, 2.45627824719984e-05, 14514.3030096325 
1416803, 569, 2.44313600938164e-05, 11825.7636984885 
1768242, 132, 2.38635007755638e-05, 6652.37900326445 
3072793, 710, 2.46317552588797e-05, 17932.9907343491 
728066, 33, 1.89749720119163e-05, 14381.6205475893 
2851648, 122, 2.35599010484156e-05, 3680.4739673086 
3055080, 146, 2.42665437161785e-05, 16140.5145962564 
3068324, 132, 2.43973846003708e-05, 15579.9602920409 
2662261, 608, 2.46968462127386e-05, 41152.3166926487 
2963406, 703, 2.48564539782755e-05, 21350.4935254733 
2029849, 773, 2.43801350659483e-05, 21016.9950794674 
1701758, 697, 2.4563385817101e-05, 17098.3796821143 
2571747, 672, 2.44917952485917e-05, 11395.5717238636 
286727, 773, 2.54601929882629e-05, 6135.48168379317 
2698673, 194, 2.23264121455682e-05, 4061.00485953337 
43669, 806, 2.48299150816904e-05, 54286.4113337524 
3026192, 57, 1.92641109612791e-05, 3286.40284473393 
2597660, 633, 2.47322731432246e-05, 24500.7594481724 
33900, 101, 1.93982657950379e-05, 14915.8066397867 
2714923, 118, 2.32742168226039e-05, 2096.11111137804 
408015, 70, 2.11573045593991e-05, 7974.99241276756 
2614639, 166, 2.37231039309183e-05, 2689.13671440266 
80878, 95, 2.3767082590612e-05, 1408.94797841233 
2905871, 655, 2.46980661414211e-05, 15134.7300703595 
42256, 533, 2.421776615325e-05, 16806.883614451 
1697043, 613, 2.44122744916144e-05, 8326.79642133086 
1637975, 28, 2.27562352084471e-05, 2100.73246761495 
1938605, 188, 2.27541640120142e-05, 10244.0096077544 
2527984, 437, 2.41178882377059e-05, 4879.42137279178 
522, 811, 2.46026669290951e-05, 16233.7028932887 
1810, 677, 2.44977951984321e-05, 15536.7131862163 
2039870, 462, 2.44277792705865e-05, 48512.4527435541 
2831967, 790, 2.44373304660199e-05, 19204.3375976792 
1484109, 747, 2.44295695509845e-05, 18531.1136923623 
2290923, 777, 2.47053882451763e-05, 14310.565341964 
2818388, 595, 2.4152839166244e-05, 13502.72064162 
2930049, 5, 1.49875603249303e-05, 70.6428156559265 
13689, 165, 2.21911546057741e-05, 3663.81987879932 
1609758, 206, 2.23743679241061e-05, 16943.0549155472 
2663859, 265, 2.35932523298337e-05, 75748.8755228464 
1226968, 821, 2.54517688979384e-05, 8604.56553780301 
2861279, 35, 1.92163569630469e-05, 29793.8404669917 
1285901, 614, 2.45116062455573e-05, 12075.1792678254 
2614638, 301, 2.40587032358956e-05, 10934.6796772503 
40990, 201, 2.31492198712903e-05, 16964.3292318726 
75294, 435, 2.39842663212932e-05, 29538.5204826808 
114707, 188, 2.96779937676213e-05, 4578.17234819151 
49, 395, 2.42165932096673e-05, 6467.59648494562 
2599293, 750, 2.48219028470723e-05, 22068.1540981125 
875808, 682, 2.44971950711644e-05, 15880.963341735 
1446794, 611, 2.46178085226853e-05, 24186.6847999151 
192843, 103, 2.48651067956337e-05, 29900.2472695245 
3015997, 201, 2.28133412419583e-05, 8338.30642651387 
748280, 719, 2.54200666005745e-05, 7421.53394636983 
2853163, 99, 2.42394861228942e-05, 36053.320726432 
2857060, 620, 2.43575691146024e-05, 11072.9115948591 
3049071, 35, 2.07874277636885e-05, 24.7576697057345 
248026, 606, 2.46238703799463e-05, 16176.0655507649 
768507, 90, 2.23104725358083e-05, 6552.93818249588 
234, 195, 2.44744120022516e-05, 13199.3770652993 
2099694, 670, 2.46572640299832e-05, 14091.5633714298 
2615214, 856, 2.55741394302082e-05, 15810.8116950495 
111015, 683, 2.48311481922924e-05, 16593.0033086318 
2014534, 48, 2.18564902847901e-05, 239.534276496982 
3043847, 32, 1.89746119691852e-05, 13171.8772225304 
2010829, 596, 2.47622820919176e-05, 8317.01992950339 
1268041, 770, 2.47671884287696e-05, 22831.7341896975 
1384459, 703, 2.62384550797649e-05, 10149.1561502322 
1852, 1, 1.83772856749058e-05, 0 
80869, 132, 2.26515958049245e-05, 2001.67263545289 
1867719, 104, 2.31390425064211e-05, 1755.61446061065 
1906741, 770, 2.50187640730548e-05, 11076.2965136743 
85968, 617, 2.48249838637605e-05, 16117.4259198443 
146939, 317, 2.96973836604995e-05, 2225.72816485704 
2033869, 828, 2.47243237897444e-05, 15792.7532291412 
1379903, 900, 2.48601615910503e-05, 21287.8531086716 
2496847, 685, 2.62418978140499e-05, 8002.6075392596 
479978, 490, 2.46773437307208e-05, 17940.0213897896 
2714924, 92, 2.41896468311563e-05, 30650.6169888445 
2219043, 596, 2.40084509747431e-05, 12931.8774183036 
281472, 96, 2.2521000833277e-05, 19950.2996841387 
367477, 93, 2.33024187910705e-05, 5878.4646464555 
2420509, 810, 2.47310498330654e-05, 29922.7896822176 
561879, 6, 2.01073733738162e-05, 20550.3457139965 
3031712, 592, 2.51528032799255e-05, 4435.71897345855 
2711215, 185, 2.38254074144668e-05, 24902.9464116437 
2748098, 856, 2.49725302167616e-05, 18225.5178148484 
1746199, 599, 2.44337478925892e-05, 8367.66569311267 
1935379, 725, 2.50369294709697e-05, 14941.5161663288 
1332264, 652, 2.47806908856619e-05, 16432.1449170478 
125, 447, 2.43664717348928e-05, 3012.76912746512 
1484693, 115, 2.38452917471445e-05, 4501.34205123162 
1793722, 573, 2.48336147809675e-05, 9275.83692982365 
555315, 127, 2.35676745775494e-05, 6672.19683118045 
158899, 38, 2.18808804866308e-05, 226.317893695042 
1069221, 716, 2.50985116582587e-05, 14820.68345336 
1804990, 731, 2.5113639217459e-05, 14949.2111638904 
2745197, 22, 2.18359682068303e-05, 3613.71206082241 
2911495, 194, 2.26813944521309e-05, 9099.29681836347 
217204, 678, 2.5010629517545e-05, 9108.70843781475 
1136941, 603, 2.46639536317672e-05, 13096.7119013548 
185642, 755, 2.46578720256442e-05, 19273.9779209715 
2715678, 639, 2.63845281127147e-05, 5107.61434128563 
1522758, 121, 2.15959399632869e-05, 8489.44540257863 
48664, 165, 2.51819395129813e-05, 21012.8660940564 
2759707, 487, 2.51142699281732e-05, 171167.511489328 
28047, 793, 2.47151578062826e-05, 23943.5961949923 
396, 186, 2.31943220299671e-05, 38349.5865948211 
2911537, 470, 2.44379276637341e-05, 15252.6504533589 
2950605, 191, 2.28864374971392e-05, 12371.605878869 
2561924, 188, 2.31975503386842e-05, 12759.9489769085 
2839983, 552, 2.48471897828356e-05, 20590.4696048036 
1745854, 664, 2.45676100628931e-05, 12187.909610855 
2795974, 592, 2.46414666600956e-05, 5546.25597209927 
1907575, 628, 2.45170148082769e-05, 16997.3568827398 
32013, 132, 2.33890773009005e-05, 3766.11403472856 
2054227, 179, 2.35117088309978e-05, 11051.2534837513 
2759526, 167, 2.22836259916214e-05, 4097.40662602521 
57975, 820, 2.50570046856599e-05, 17754.2156448487 
61624, 619, 2.51597645046042e-05, 7113.47400555134 
1230998, 725, 2.51679963758085e-05, 18139.3149498671 
2963105, 21, 2.39114320556658e-05, 62609.1904290335 
2592654, 702, 2.51338376856762e-05, 9771.69531218723 
68280, 129, 2.11340533000824e-05, 28864.6534796186 
75385, 633, 2.47023368410652e-05, 27373.9753117712 
2789856, 855, 2.47696423263648e-05, 17426.3635266214 
68175, 105, 2.05461157568162e-05, 6428.06130466665 
1930, 7, 1.71977918035324e-05, 32420.618377601 
2976680, 284, 2.3121387283237e-05, 24898.8555720148 
3015999, 172, 2.27184951268828e-05, 5015.28922579581 
914, 105, 2.37834752414023e-05, 1236.92801640952 
964, 40, 2.31717490036148e-05, 7380.80100667984 
2099693, 288, 2.34984491023592e-05, 9904.96952096041 
252970, 686, 2.47641217404225e-05, 11628.7237792973 
2714925, 91, 2.4275969218071e-05, 17781.5837026627 
963, 100, 2.23628597625064e-05, 2591.50987218498 
2596911, 27, 1.96993873490534e-05, 6595.6185395316 
2774137, 274, 2.31224565297817e-05, 29148.6038403218 
285, 86, 2.41761961173029e-05, 16809.7416475279 
36821, 786, 2.49563264287497e-05, 22103.1966143956 
1353260, 19, 2.15215753793178e-05, 55388.3049822131 
152500, 793, 2.50281566762608e-05, 14877.9528873687 
2991074, 184, 2.29084578026207e-05, 8587.20962999292 
414996, 406, 2.40205616007302e-05, 23875.3668155154 
1325120, 322, 2.33203516709032e-05, 10811.5970448812 
218284, 10, 2.50915842826316e-05, 97.4870459979948 
94624, 526, 2.51641963813886e-05, 4375.17972178013 
444597, 665, 2.49650489314959e-05, 7385.47132660229 
2734618, 84, 2.36512854473641e-05, 7404.48247115504 
3039801, 877, 2.61151154288102e-05, 10478.4039461336 
2021, 5, 2.21253623028077e-05, 26810.6924515034 
2175620, 655, 2.50966219946795e-05, 11504.8674159164 
50338, 164, 2.29658039179661e-05, 19211.2060465132 
1385591, 836, 2.49981251406145e-05, 19070.3709688526 
44010, 750, 2.49146672646187e-05, 18104.8484208007 
548, 456, 3.01232039039672e-05, 3519.0439849914 
2861285, 181, 2.31107002542177e-05, 16660.0626176016 
2027911, 420, 2.45555446419802e-05, 19292.0207754143 
2593973, 319, 2.40419291243929e-05, 113516.206908153 
439387, 214, 2.35200037632006e-05, 34987.7603110309 
2613770, 211, 2.29784691743836e-05, 40510.0495414572 
467975, 12, 2.48034327950988e-05, 2.28553718466014 
1458426, 102, 2.5120578778135e-05, 71072.1015522188 
155177, 127, 2.15340884620354e-05, 20822.9095525912 
2742602, 646, 2.49420098271519e-05, 12093.3038125189 
482957, 783, 2.51939937518895e-05, 13203.0452700869 
2895818, 513, 2.46196267664582e-05, 40328.5133235127 
2748080, 486, 2.93789294318115e-05, 10328.244818789 
1532023, 204, 2.29042601923958e-05, 12618.2044910253 
208439, 110, 2.27009602506186e-05, 7984.01439754294 
2744523, 148, 2.65336446614307e-05, 15024.3794690708 
2493633, 119, 2.89318365929869e-05, 16814.8811309638 
2613773, 179, 2.43001555209953e-05, 18439.8545287969 
3016419, 435, 2.44774073530132e-05, 21329.0418747884 
3049774, 226, 2.35810125686797e-05, 15672.8191863344 
2527995, 505, 2.45043985395378e-05, 3359.3076140385 
3064529, 620, 2.49613099695472e-05, 26312.356290709 
556499, 725, 2.52506123273489e-05, 11782.0457044977 
2875948, 107, 2.41021932995903e-05, 8926.36810926554 
3049047, 674, 2.52397778899546e-05, 14373.6134419901 
2778082, 58, 2.42683104402272e-05, 617.268624460635 
121292, 22, 1.96916290884745e-05, 2217.45748716076 
3049072, 46, 2.1919729948927e-05, 284.644512077449 
2979468, 56, 1.94284160012434e-05, 3935.95546149762 
1784719, 779, 2.52155933229109e-05, 20312.5699853705 
3050069, 634, 2.52105077396259e-05, 15105.2024614986 
1176536, 176, 2.27179790085874e-05, 1750.42392305865 
279, 722, 2.47377795369088e-05, 13150.3542731875 
56453, 124, 2.46178085226853e-05, 11582.7030334872 
2752316, 120, 2.38555309048403e-05, 4148.47065460872 
1829, 765, 2.50068768911451e-05, 17441.5999842511 
2952571, 37, 2.17060994139353e-05, 1353.66030548836 
337004, 827, 2.52959627643428e-05, 15889.5907724926 
261302, 679, 2.4933925098489e-05, 8878.18346134277 
1517551, 180, 2.288381885169e-05, 8171.8054334872 
1926494, 712, 2.4931438544004e-05, 10142.3794526047 
1294143, 333, 2.79649878352303e-05, 7513.46116434554 
2821832, 625, 2.52902051035634e-05, 22144.9951952446 
2918765, 166, 2.26444147551007e-05, 2098.67458269794 
3015163, 511, 2.4751862577659e-05, 13594.9436325466 
380021, 767, 2.62929561170562e-05, 9282.51313531616 
2609809, 7, 1.75125214528388e-05, 14442.4163898339 
34007, 875, 2.54084406839952e-05, 25253.7691048302 
1905847, 655, 2.52365930599369e-05, 16987.2858148272 
2306165, 4, 1.5821533106558e-05, 26.6350315217926 
95485, 785, 2.51616636892031e-05, 14910.7396881302 
2744522, 147, 2.6754421168098e-05, 16730.1518289867 
3057176, 736, 2.57731958762887e-05, 10594.8292146586 
1765049, 365, 3.00733790448695e-05, 2944.37853616485 
300028, 639, 2.50400641025641e-05, 11303.610753525 
37923, 746, 2.52531629586606e-05, 12279.9358413085 
2734, 824, 2.46633453361614e-05, 15628.0954217543 
3038773, 909, 2.52716704574172e-05, 21197.9207642893 
1546107, 76, 2.09867993032383e-05, 2916.86603803905 
662, 9, 2.15461518572783e-05, 419.536690698175 
191493, 686, 2.52576278035967e-05, 15541.2630274046 
2175648, 662, 2.51471105969924e-05, 12891.5819730902 
2589888, 111, 2.50369294709697e-05, 3283.77622249458 
1004901, 745, 2.52314990033558e-05, 10055.6142972474 
3015167, 457, 2.48132800674921e-05, 46060.2907875847 
2841594, 649, 2.54601929882629e-05, 10101.5576839053 
73029, 394, 2.98240381747689e-05, 12095.2327334105 
1555112, 898, 2.50570046856599e-05, 18488.9999507862 
29543, 644, 2.8866693608914e-05, 5059.72183040522 
2527979, 616, 2.46505780560554e-05, 7650.7384701516 
187137, 926, 2.49681655888742e-05, 27653.3295204212 
2038343, 591, 2.46269024282126e-05, 18712.6943172035 
1763535, 92, 2.399404947573e-05, 2096.11725637141 
2699395, 783, 2.47463499133878e-05, 15878.2430409102 
2705472, 468, 2.97982657409339e-05, 21100.6930379366 
1914525, 232, 2.28081379436183e-05, 9647.55705340461 
47, 671, 2.42901212077048e-05, 14217.7122604986 
913, 6, 2.2502756587682e-05, 12.35818340682 
1042, 173, 2.27722997745542e-05, 3012.99852468688 
2976459, 258, 2.35100505466087e-05, 27145.7670225109 
334852, 883, 2.52486996919659e-05, 18808.8539055231 
133453, 782, 2.57971313589929e-05, 6738.09136726527 
311180, 881, 2.51180548578318e-05, 16615.4773788594 
2748629, 576, 2.45471058962148e-05, 18385.5322186024 
22, 216, 2.43807294714258e-05, 15517.1642721337 
2527982, 635, 2.58071176030349e-05, 3803.67964341525 
47759, 120, 2.1953896816685e-05, 14459.691735519 
2931399, 24, 2.00726630402055e-05, 4763.03775611264 
292913, 199, 2.30319222442305e-05, 18045.9670422356 
1085, 874, 2.57685469116397e-05, 11879.0659969984 
2971236, 33, 2.36972440105216e-05, 216.03352577633 
2973512, 329, 2.2607044355021e-05, 4923.75415021947 
1644061, 891, 2.48589255972357e-05, 20011.0405189434 
1644131, 15, 2.28969180748271e-05, 1295.3771193455 
43348, 719, 2.49781441238916e-05, 14394.9111503937 
1575, 798, 2.52576278035967e-05, 12263.8376926343 
1207504, 905, 2.58458039337314e-05, 20673.0370769567 
2665643, 648, 2.50733395180904e-05, 12380.5761008847 
3074897, 17, 1.73304218224672e-05, 52763.8149122326 
1285192, 165, 2.37902650235524e-05, 111137.330907264 
2758710, 796, 2.5306205081486e-05, 18749.417624942 
1936029, 382, 2.45814999631277e-05, 8652.22504333726 
2894310, 882, 2.53929559940073e-05, 16629.9712913965 
359, 201, 2.39882937126682e-05, 38816.0066075055 
80868, 133, 2.31771195475826e-05, 1777.56103619554 
92645, 82, 2.24860586436409e-05, 746.793865926516 
2871820, 167, 2.61519953972488e-05, 41561.7655079416 
392734, 527, 2.41341860745746e-05, 8422.77540529268 
1659, 741, 2.55466993664419e-05, 16644.4557306511 
2782166, 52, 2.31674543601149e-05, 2414.51387129334 
2025349, 211, 2.28117800031936e-05, 7783.08696086371 
69665, 211, 2.34126240869077e-05, 16260.9454697899 
3028808, 125, 2.27634873662645e-05, 7375.34001617887 
1069220, 615, 2.55290903985091e-05, 19038.548330362 
150203, 168, 2.38435860753457e-05, 6022.78085839455 
2857058, 764, 2.55108548687467e-05, 16918.28199682 
111831, 705, 2.5545394165432e-05, 7534.22895635129 
1969806, 826, 2.50513552783206e-05, 13761.309809852 
544, 612, 2.62687821792582e-05, 12316.6145066168 
2054, 815, 2.53742704897234e-05, 17177.4694508439 
2654249, 135, 2.66077747917942e-05, 18998.4646276222 
445709, 767, 2.59174787476674e-05, 7668.32315033118 
1325564, 362, 2.32693426410704e-05, 4952.81929748006 
2726956, 254, 2.97433151899111e-05, 1555.08577613036 
2920382, 59, 2.24170010535991e-05, 4456.49208337313 
1431246, 720, 2.51730648206419e-05, 12845.5611742606 
2919917, 123, 2.43137445597997e-05, 3658.53124339376 
3027808, 707, 2.53691207062763e-05, 11434.3695072328 
712122, 717, 2.56792152431822e-05, 11816.3558964726 
1288495, 112, 2.31991648300661e-05, 1414.17060732233 
2952477, 167, 2.36742424242424e-05, 6811.87351659029 
2602070, 626, 2.44762091247308e-05, 14389.6286381992 
664962, 992, 2.59349551325276e-05, 17675.9237683328 
2942909, 751, 2.52818931081559e-05, 11849.6812643145 
56455, 63, 2.37840409085504e-05, 553.810497683472 
1969821, 209, 2.47047779040466e-05, 49650.618226346 
640205, 186, 2.8866693608914e-05, 757.65518705819 
871203, 721, 2.51762336354481e-05, 10300.3523695809 
1881061, 827, 2.60226917872385e-05, 7354.79682456974 
3035531, 75, 2.39245896932868e-05, 9876.48982528213 
924, 716, 2.65371653000027e-05, 6392.3430472946 
2861782, 744, 2.51022918392449e-05, 9422.00944848452 
3014995, 570, 2.54116690384224e-05, 7253.73954917761 
33051, 178, 2.27329559662643e-05, 8546.96273688983 
334542, 325, 2.87728384405122e-05, 3576.10607026972 
79883, 23, 2.58752296426631e-05, 13119.4553286133 
1033854, 729, 2.59336099585062e-05, 10289.5368104505 
1404864, 212, 2.37467645033364e-05, 14801.4119009549 
120959, 876, 2.5445940100257e-05, 19908.1602563565 
273251, 826, 2.57188416233733e-05, 16773.8341524183 
33069, 712, 2.72020020673522e-05, 19233.8237245506 
2831000, 27, 1.96997754225602e-05, 7884.22339019616 
2995166, 855, 2.59922543082162e-05, 14244.9330609102 
2589967, 136, 2.54291163382072e-05, 7746.62543833801 
2502843, 230, 2.28070975687634e-05, 4229.39406936946 
2495594, 649, 2.88209355275672e-05, 7089.48138228351 
2048898, 29, 2.19163671429824e-05, 25.7904541986241 
2547601, 194, 2.30978888529588e-05, 8746.83119875603 
1404888, 68, 2.24159960547847e-05, 3324.21834969508 
3016341, 327, 2.77970813064628e-05, 6469.96388034513 
3047875, 27, 1.9782393669634e-05, 5650.39845442838 
1259258, 714, 2.54207127967868e-05, 12894.0509673115 
1938841, 91, 2.15745075618649e-05, 15085.4559968956 
1972068, 747, 2.64781422935367e-05, 13190.5513021639 
335928, 662, 2.54362313679605e-05, 10200.2002683066 
912, 191, 2.34126240869077e-05, 8875.822879112 
169427, 673, 2.51180548578318e-05, 7232.16969763394 
2932245, 807, 2.523786689549e-05, 14259.6044627556 
47850, 500, 2.52423263327948e-05, 55177.1617815128 
2211108, 698, 2.7401013837512e-05, 11718.578441442 
2880221, 34, 2.45380708168724e-05, 9279.26583152712 
56460, 124, 2.46317552588797e-05, 9146.69553738563 
2976822, 57, 2.27998176014592e-05, 1659.7928461979 
2878391, 885, 2.57334019557385e-05, 23724.5275165405 
1016987, 233, 2.33633942339143e-05, 21918.7369218224 
2175645, 720, 2.55473520169634e-05, 15944.2987310369 
2768071, 669, 2.56298536535356e-05, 12039.7942051655 
2996004, 664, 2.56147540983607e-05, 29247.5397933676 
540747, 908, 2.55963960274393e-05, 16558.3619215982 
2708338, 671, 2.54757598145365e-05, 27132.2553862948 
2795215, 731, 2.55911556965913e-05, 14855.479258413 
2987533, 8, 1.6441689548018e-05, 3038.21705284198 
1579979, 824, 2.5835787733168e-05, 8739.13555306886 
3016006, 745, 2.60960334029228e-05, 10836.6632147082 
2591109, 770, 2.62729231254269e-05, 13526.6480699905 
157592, 678, 2.66752027315408e-05, 7298.41591567429 
2811422, 622, 2.83994092922867e-05, 16020.7632371165 
1826607, 795, 2.5727443463943e-05, 10028.9113217525 
2653853, 472, 2.80473439165311e-05, 6979.39243692208 
2758041, 738, 2.54245906640903e-05, 15014.4530644687 
2981137, 825, 2.61178437108232e-05, 9174.86155811109 
948107, 742, 2.55911556965913e-05, 8415.84279019652 
650, 894, 3.21068516021319e-05, 40352.9074739325 
1073, 753, 3.20122927204046e-05, 23574.1049887522 
2728853, 5, 2.09332021519332e-05, 47.2099591156769 
2898151, 225, 2.81674271872007e-05, 4400.1551671529 
2964670, 721, 3.14663310258024e-05, 13453.8012072506 
2781599, 28, 2.1580094520814e-05, 10082.5532834022 
3067903, 814, 3.21068516021319e-05, 25632.9399370684 
301375, 842, 3.125e-05, 30627.5524674358 
418223, 815, 3.11032316257659e-05, 18566.8634698745 
704125, 73, 2.3301875801002e-05, 20812.6675070324 
2713573, 242, 2.81547384424799e-05, 22942.8646858371 
2763056, 929, 3.14940791131267e-05, 18862.7350704065 
3038924, 837, 3.12217053295451e-05, 20907.074773984 
502558, 24, 3.00210147102972e-05, 241.139098336567 
698828, 983, 3.22030077609249e-05, 31754.6794925033 
2371, 389, 3.16505776230416e-05, 32707.5694445145 
203263, 799, 3.10636182902584e-05, 35153.87673096 
38284, 795, 3.10279561885259e-05, 18166.9853062237 
454171, 1002, 3.20122927204046e-05, 34524.3188295987 
54911, 442, 3.04590173920989e-05, 2832.01060239714 
2153354, 884, 3.20584746577758e-05, 32246.0166954724 
253237, 14, 2.35321802565008e-05, 433.568266577214 
1421, 58, 2.25458808675655e-05, 1222.20887620416 
2341117, 178, 2.788311398617e-05, 15770.3068149429 
254758, 45, 2.60105082453311e-05, 28151.6679941329 
2924033, 12, 2.23598595800818e-05, 5191.11590340713 
86665, 34, 2.46056937575355e-05, 55438.1956076254 
1239307, 218, 2.95508274231678e-05, 1476.12371060219 
2879622, 9, 1.7022145811701e-05, 208.994157032532 
590, 762, 3.20502547995257e-05, 26098.0327843231 
1118963, 1, 1.63329304543821e-05, 0 
1190508, 564, 3.04312102492316e-05, 7270.99127717263 
2072642, 648, 3.10144837639178e-05, 11020.1949166319 
2175674, 215, 2.84333238555587e-05, 7659.05341884363 
2606626, 857, 3.21719267766947e-05, 33563.8412649848 
2785909, 852, 3.19836243843152e-05, 32781.6289526275 
2897181, 307, 2.46688210770407e-05, 1186.8240507778 
3020832, 939, 3.18582943069228e-05, 21865.7474112757 
577, 894, 3.15258511979823e-05, 26250.5895299015 
2163011, 861, 3.2517152798101e-05, 82883.1661309488 
2661630, 359, 3.1742001015744e-05, 74232.9060282031 
2852098, 35, 2.2648004710785e-05, 65807.1440320424 
32062, 952, 3.16155548529877e-05, 34514.6206585247 
421, 885, 3.24464633354964e-05, 55785.2907545103 
1216297, 32, 2.13615875931899e-05, 3077.92050498585 
2666139, 194, 3.08365968731691e-05, 10469.7027755938 
2686360, 853, 3.18999617200459e-05, 22241.3750214939 
742013, 15, 2.44947948560931e-05, 835.839557421442 
3020899, 812, 3.15218761820704e-05, 35265.2179430924 
1912215, 179, 2.88217661978326e-05, 2285.70172232339 
2043170, 862, 3.19396978504583e-05, 25805.5308317364 
2939415, 3, 2.11519343443958e-05, 9.21773298583479 
3057114, 27, 1.83318056828598e-05, 1906.0403705511 
655307, 891, 3.14534645991256e-05, 19960.9288405444 
1921421, 850, 3.10616885133876e-05, 29668.3185721405 
2682487, 3, 2.13734584393101e-05, 9.31756919417182 
2794344, 609, 3.2100667693888e-05, 37121.7072501607 
79604, 759, 3.10896937665164e-05, 14904.8759625977 
132132, 1028, 3.21957501609788e-05, 42595.9170005485 
2917832, 906, 3.22248002062387e-05, 56219.4451018872 
2932256, 35, 2.24502166445906e-05, 8996.72223657225 
817, 28, 2.45152116888529e-05, 38193.8547763788 
1380432, 734, 3.08994839786176e-05, 19122.2494419704 
1525, 873, 3.1496062992126e-05, 20436.2492646264 
164759, 23, 2.49775202317914e-05, 7219.00038380291 
2684113, 459, 3.10010230337601e-05, 17879.7131089389 
2867025, 591, 3.1499039279302e-05, 32321.2503919467 
302406, 840, 3.23425725282189e-05, 57914.5177483324 
1259844, 1, 1.79539660310963e-05, 0 
2565554, 20, 2.55558395093279e-05, 825.574586256325 
3075620, 239, 2.84932755869615e-05, 11394.348012274 
1231000, 559, 3.0322326328876e-05, 5160.60758006442 
1795874, 945, 3.21481386227737e-05, 38848.9590290083 
2842346, 893, 3.14297388188704e-05, 26375.416779137 
1914861, 836, 3.2183316168898e-05, 40460.4708464112 
225422, 910, 3.17571215345041e-05, 23039.9417624272 
2546360, 36, 2.19408912390021e-05, 8632.58075355877 
2605730, 10, 1.73662365628745e-05, 7905.5572819473 
2813727, 5, 2.58812567938299e-05, 0.663724624221244 
90627, 710, 3.0902348578492e-05, 25584.4082337166 
1349409, 242, 2.85388127853881e-05, 7935.79159599755 
1385663, 198, 2.8513586724074e-05, 25751.7176210083 
1398, 426, 3.00246201885546e-05, 56483.0082006049 
157779, 1027, 3.21347086988656e-05, 30608.6162928422 
1873425, 785, 3.16937119675456e-05, 19899.5663325567 
518898, 813, 3.14613811546327e-05, 15888.3257451279 
1336740, 761, 3.11507071210516e-05, 14424.8901948397 
2579935, 972, 3.21812447705477e-05, 45479.5794190787 
2829187, 24, 2.27852716004375e-05, 12802.2629495427 
2927876, 1010, 3.21657177779922e-05, 35565.0575520861 
145458, 551, 3.00688576840966e-05, 7750.50612951986 
294699, 58, 2.55258321421278e-05, 8012.61461929573 
3059080, 707, 3.07493619507395e-05, 17775.7214209203 
1751046, 615, 3.11342196207852e-05, 35990.4588510712 
2173831, 106, 2.80206231786595e-05, 15272.8854801182 
2916755, 207, 2.86360642593282e-05, 48077.8902862029 
3056445, 947, 3.14396202093879e-05, 27043.0207836534 
52227, 961, 3.2139872726104e-05, 39518.1827887987 
679663, 830, 3.12148832563366e-05, 20305.5514969816 
102134, 379, 2.92517404785585e-05, 27495.3741801515 
2850441, 2, 2.10061968280643e-05, 5564.01774922066 
2856519, 141, 2.41826272006191e-05, 315.37677980113 
1618207, 567, 3.03195682493481e-05, 10328.880665315 
2500533, 949, 3.22383055546601e-05, 52169.0044831047 
278153, 100, 3.0340726356989e-05, 9035.89366243706 
50741, 787, 3.21347086988656e-05, 29204.2152086525 
91915, 874, 3.21068516021319e-05, 31255.3671974556 
2495430, 205, 2.7986118885033e-05, 12196.6211443652 
2979868, 823, 3.20697838496569e-05, 34077.9476883973 
59505, 666, 3.06457050044436e-05, 13995.0548965672 
614, 620, 3.19969282948837e-05, 32302.8076609822 
1520, 32, 2.36451338314575e-05, 7155.99427064035 
2497875, 14, 2.54478827361564e-05, 79.4417821074031 
2741953, 981, 3.20143424254066e-05, 26444.9032568312 
2900738, 202, 2.81175312807536e-05, 37989.8040248313 
476157, 130, 2.95963063809637e-05, 48746.7557142214 
67376, 23, 1.78814104856591e-05, 1291.44127675545 
120, 962, 3.18775900541919e-05, 30802.1633010656 
2011015, 815, 3.1328320802005e-05, 25447.3071827729 
221352, 917, 3.1504001008128e-05, 29557.4775112172 
2614538, 293, 2.93100416202591e-05, 4605.1920703569 
2932492, 1, 1.71464823991358e-05, 0 
3051171, 918, 3.21171634121274e-05, 27558.1965336354 
53407, 421, 3.003003003003e-05, 7793.17717769161 
1457365, 838, 3.26211058554885e-05, 106700.44385535 
1925550, 200, 2.80041446134028e-05, 2573.67787447793 
2735795, 378, 2.966038855109e-05, 2426.5037749335 
2860286, 3, 2.53376238376365e-05, 4871.534247268 
3025666, 187, 2.80025762370138e-05, 21134.6848769383 
1056, 902, 3.12090381374446e-05, 32689.7076981124 
1097, 1035, 3.22351879311456e-05, 39211.6326705113 
2875539, 175, 2.78870018684291e-05, 19345.9744788255 
2929796, 11, 2.12684503807053e-05, 25147.6408315218 
2954093, 366, 3.01440887441973e-05, 3334.5213021452 
1748242, 860, 3.22435029341588e-05, 43595.3786703065 
2138101, 994, 3.16666138889769e-05, 29439.9193301386 
227319, 778, 3.09052137095528e-05, 17098.8129850794 
539, 862, 3.19611352595244e-05, 29172.2171201582 
118323, 217, 2.97814044910358e-05, 1996.97449477375 
1411316, 203, 2.81713947657549e-05, 17651.718880973 
2995155, 204, 3.00102034691795e-05, 72055.8589558543 
2996051, 19, 1.85260661751084e-05, 715.154996418686 
3045157, 220, 2.89561314608368e-05, 72054.8626409026 
155894, 897, 3.20553917168868e-05, 39966.5555502698 
307580, 510, 3.11264668347496e-05, 8540.35635330897 
37448, 63, 2.98187022900763e-05, 16277.1717843842 
42353, 609, 3.21771027736663e-05, 55899.5824209814 
1803177, 761, 3.09099901088032e-05, 15464.0948537275 
2493093, 227, 3.14011178797965e-05, 27358.4235240531 
2741301, 778, 3.11895702077225e-05, 20418.867743667 
3068314, 14, 2.5099141609357e-05, 216.780203153232 
703, 783, 3.26658609087643e-05, 347073.267446111 
137584, 275, 3.17309217832778e-05, 115644.541672387 
1550728, 28, 2.68139647128224e-05, 1092.31202495477 
1826864, 480, 3.05268941937847e-05, 1988.80411024134 
2153485, 31, 1.86556722571498e-05, 1819.01443014263 
1332080, 22, 2.63483782573183e-05, 61.398945625264 
2745519, 209, 2.97203316789015e-05, 1218.34370355426 
712528, 1019, 3.1814711122423e-05, 39402.7749015778 
1422, 960, 3.17561130517625e-05, 30758.7731978727 
222819, 808, 3.17319286666244e-05, 15593.3977785084 
2263, 986, 3.15816068721577e-05, 33062.7492244953 
2714933, 881, 3.14386317907445e-05, 29130.5587476183 
2908839, 57, 2.90048438089161e-05, 142.231300584488 
76761, 107, 2.89620018535681e-05, 497.827439349897 
60893, 976, 3.19162517553938e-05, 39284.2326671467 
1182568, 910, 3.14129547025193e-05, 21569.8138933571 
2886359, 1, 1.35926817001726e-05, 0 
29494, 755, 3.24433053239464e-05, 88108.1736642865 
300019, 3, 2.40217156309304e-05, 0 
1903411, 830, 3.16415643589419e-05, 32180.5323929498 
2252, 761, 3.08765862846204e-05, 14724.8078232002 
260552, 622, 3.20996372740988e-05, 76329.4281443657 
2729423, 64, 2.7382256297919e-05, 1297.10009031031 
280473, 221, 2.83945709580328e-05, 40072.823234775 
2810512, 263, 2.8815122176118e-05, 35019.2603145112 
1389004, 880, 3.18126868995355e-05, 31069.1682274483 
1413, 28, 2.33127404126355e-05, 11243.3469543479 
2507162, 979, 3.18989441449488e-05, 30760.0445502574 
2810563, 953, 3.16445682098668e-05, 27838.8903939923 
2986834, 335, 2.52550762703303e-05, 12560.2830401047 
55779, 900, 3.11779011036977e-05, 18487.6584210601 
1632780, 779, 3.15129360602527e-05, 15198.6608580196 
1796, 348, 2.92980194538849e-05, 4857.88415018066 
1852381, 965, 3.19396978504583e-05, 48427.4192252947 
2580515, 84, 2.92064604690558e-05, 16615.0250408721 
2599819, 9, 2.54032770227359e-05, 2.21411977914241 
2785907, 60, 2.85257873117298e-05, 19713.4920697892 
986106, 952, 3.13735332873188e-05, 31025.6126389402 
1649877, 19, 2.67408278960317e-05, 14.9323464109687 
1891279, 618, 3.11293736770016e-05, 13871.2831862008 
2558360, 927, 3.19713536671143e-05, 32004.9049886985 
2724468, 849, 3.2169856844137e-05, 48413.0108355893 
2866810, 35, 2.81143692541258e-05, 598.913533878359 
116718, 261, 3.01850342600139e-05, 1803.14073298502 
1177712, 852, 3.12734550913185e-05, 19117.0657067535 
2052660, 6, 2.27391591058963e-05, 10630.2676298018 
2976983, 1019, 3.22040448280304e-05, 43649.442011284 
363852, 162, 2.66915788068864e-05, 35547.2851996048 
1389192, 85, 2.8511960767542e-05, 157.225655361417 
1536774, 289, 2.99688324142891e-05, 7419.71185240267 
2857077, 974, 3.20451195282958e-05, 38357.2682652461 
995, 198, 2.8096990812284e-05, 15045.5822247645 
1350, 83, 2.92226767971946e-05, 9451.72290974924 
2904247, 208, 2.77415596304824e-05, 23186.0455261841 
3038925, 8, 2.44349419670128e-05, 168.150789041137 
898, 922, 3.14534645991256e-05, 33645.7207686979 
931531, 226, 2.93435840253529e-05, 53663.8976264787 
985, 216, 2.82238717507268e-05, 19139.4571312389 
2589818, 3, 2.11385207263196e-05, 0.947121596087554 
2698672, 333, 2.84794805342751e-05, 33290.4296821197 
2899122, 948, 3.2126449706043e-05, 39419.2910849241 
2903900, 771, 3.10906603656262e-05, 16128.2584529337 
1055323, 3, 1.84362382699434e-05, 0 
1809410, 202, 2.87802912565475e-05, 25935.2016277305 
206662, 7, 1.7235139001396e-05, 13.2998377693652 
2961994, 850, 3.13518936543767e-05, 25852.4500148723 
472569, 638, 3.04349149344128e-05, 7149.38405580217 
665913, 979, 3.18877551020408e-05, 39718.4231716515 
418719, 919, 3.215123943028e-05, 40400.0541797533 
618, 902, 3.2080071859361e-05, 30187.5933934842 
1472, 28, 2.49277096420381e-05, 7911.4697999757 
2358, 922, 3.18136989787803e-05, 30588.5885767944 
2899133, 201, 2.56003276841944e-05, 1054.12824073749 
318683, 914, 3.18136989787803e-05, 28792.009778425 
1073996, 728, 3.09147679846663e-05, 30249.6640266808 
121871, 539, 2.99186213499282e-05, 14619.6247307639 
1496, 37, 2.35111560435427e-05, 1402.51111115417 
1265399, 23, 1.8550122430808e-05, 1328.18363863787 
2895522, 922, 3.18299010090079e-05, 26540.3478168975 
2909669, 209, 2.98650101541035e-05, 44515.4873928884 
2994555, 199, 2.83101661806755e-05, 42048.5750945374 
3020900, 807, 3.10616885133876e-05, 29994.6003585088 
85874, 884, 3.12636778590633e-05, 26863.5882826396 
1639133, 246, 2.99016236581646e-05, 31164.0067315466 
1851514, 440, 3.00815209216978e-05, 3570.28635640733 
216572, 817, 3.10481867858917e-05, 17897.3359667467 
2719588, 48, 2.68607805742835e-05, 2453.70785493889 
2971912, 510, 3.04543793397491e-05, 11057.3976830971 
2984842, 506, 3.00616263339847e-05, 5906.64685530682 
657, 643, 3.20245948888747e-05, 45463.8292611368 
887061, 84, 2.9108691855388e-05, 46482.9769949941 
2600320, 486, 2.95368620037807e-05, 13624.1417609482 
2789424, 64, 2.63942777205902e-05, 3152.39693347778 
1008152, 830, 3.12754112716582e-05, 18851.2385128573 
1827469, 14, 2.33415806918445e-05, 9.66217503079511 
186826, 81, 2.86713687711451e-05, 18551.3385621712 
2495582, 388, 3.03951367781155e-05, 7743.25182814483 
2610895, 717, 3.07276302851524e-05, 10072.2616500754 
2692425, 8, 2.06632916623618e-05, 13655.2806810303 
42838, 927, 3.15437511828907e-05, 22313.8438202932 
48076, 547, 3.17359568390987e-05, 31228.0783770791 
920, 945, 3.15905860053704e-05, 39850.7401843974 
2609415, 905, 3.13617261494073e-05, 27679.7665175636 
1052, 982, 3.17934696213398e-05, 43465.4908933455 
135622, 291, 2.8855864954552e-05, 37870.8441672144 
1420916, 737, 3.14534645991256e-05, 22200.9504641207 
1628086, 397, 3.09760555090915e-05, 6674.76426199837 
1870862, 89, 2.98650101541035e-05, 8527.4662335726 
188786, 623, 3.03398058252427e-05, 16427.3724771213 
2722756, 968, 3.20020481310804e-05, 35462.7399165412 
2725558, 77, 3.02416306287235e-05, 14166.2928187992 
2878545, 3, 2.3657999952684e-05, 0 
607712, 853, 3.15646602064329e-05, 23207.4588681524 
126734, 558, 3.0336124256765e-05, 6596.84191254311 
1573712, 104, 2.81048874399258e-05, 5830.37700487568 
1930593, 910, 3.15776177845143e-05, 28650.4043056092 
31993, 901, 3.16265536544483e-05, 25775.6343349344 
65551, 853, 3.10106366483704e-05, 21393.2074003545 
67825, 910, 3.21037593502199e-05, 57315.9279731464 
43768, 625, 3.04321363359708e-05, 7914.46347727879 
865757, 718, 3.17208564631245e-05, 18765.554397015 
98671, 562, 3.02828417418691e-05, 9144.70489463312 
2041036, 404, 2.92877225866917e-05, 18592.7332739614 
2175639, 94, 2.6724391351987e-05, 2443.01203294285 
2714355, 931, 3.16355583676052e-05, 31309.2607570664 
2735316, 3, 2.21312382427797e-05, 50.6732628035367 
2778902, 212, 2.86944045911047e-05, 34234.8762613177 
336820, 198, 2.8184892897407e-05, 17183.881210226 
417367, 17, 2.12278169313068e-05, 8953.03925124821 
45655, 898, 3.22341488572994e-05, 53169.3028170194 
1704499, 625, 3.1606561522172e-05, 19170.2552105584 
2509456, 12, 2.7104678267469e-05, 894.154747492335 
266009, 130, 2.9671829565011e-05, 89548.4466741599 
2878678, 110, 2.75231882861311e-05, 3425.0727295759 
2906798, 900, 3.17268948887972e-05, 19015.7138569358 
2933562, 24, 2.6695854133853e-05, 735.850180964011 
416213, 689, 3.14613811546327e-05, 28668.63858804 
570267, 913, 3.16485742317309e-05, 33656.3819157893 
672, 293, 3.16957210776545e-05, 159258.075694577 
741759, 119, 2.7955606496883e-05, 106355.76469353 
1306526, 164, 2.97441998810232e-05, 8872.68607796237 
1501, 50, 2.35888000377421e-05, 7020.53612752153 
198467, 4, 2.19024465032744e-05, 0.262273697820689 
2870750, 492, 2.98195914715968e-05, 21180.842919483 
29404, 2, 1.89168227304542e-05, 4870.37427884669 
312285, 549, 2.98489642409408e-05, 9967.14487857184 
453162, 719, 3.16415643589419e-05, 68771.8908664493 
1534, 64, 2.32872246285688e-05, 12308.0301429681 
156976, 663, 3.06119325313007e-05, 15073.5267593312 
162209, 826, 3.16445682098668e-05, 21853.1458166052 
2866588, 663, 3.05558101873071e-05, 10122.9802117836 
2895491, 134, 2.88492052043966e-05, 2008.38333579223 
160799, 758, 3.15457413249211e-05, 24256.4507584576 
171404, 17, 2.73792574745373e-05, 1347.91101254032 
210, 15, 2.50037505625844e-05, 7347.40916188864 
45663, 951, 3.17712470214456e-05, 31911.7568519081 
59282, 901, 3.13087038196619e-05, 17864.0891970366 
1736674, 361, 2.52710318162291e-05, 9121.72465158445 
195250, 954, 3.20903664719851e-05, 39953.536057447 
2528020, 921, 3.17450239674931e-05, 41353.2325031882 
2714940, 196, 2.82677521483492e-05, 29213.1283791424 
2725288, 969, 3.17823544368167e-05, 33551.6616368622 
2735563, 486, 3.215123943028e-05, 189686.637495118 
2837504, 273, 2.81777452168277e-05, 20582.085451777 
2944933, 472, 3.18187603410971e-05, 41025.0505452425 
66269, 559, 3.19182891797e-05, 70326.8502009269 
2249, 692, 3.05651496164074e-05, 18173.9782787034 
316277, 988, 3.18106629342155e-05, 40343.423682224 
192149, 343, 2.81048874399258e-05, 23791.7774512492 
2055160, 908, 3.16957210776545e-05, 28893.9202009709 
33905, 706, 3.04062271953296e-05, 15563.4675740882 
1287736, 93, 2.87348064710784e-05, 374.672955777666 
1653176, 652, 3.05642154165903e-05, 11415.6867183356 
225971, 82, 2.75915349170874e-05, 37479.3446041514 
2745510, 609, 3.07106443093176e-05, 29595.8309167539 
37929, 28, 2.79087940610086e-05, 5.25577446397415 
40545, 939, 3.20174174751065e-05, 42743.1804743397 
55211, 869, 3.17460317460317e-05, 26501.0840243764 
69223, 938, 3.19539862597859e-05, 31729.8081372626 
1137095, 216, 2.98169240861113e-05, 13786.3527226834 
188932, 226, 2.82765446062491e-05, 18394.4081797906 
2487276, 1, 2.0131255787736e-05, 0 
2495645, 569, 3.02343159486017e-05, 16513.6759526955 
2789740, 234, 2.87579443821356e-05, 23117.1878093518 
2844358, 1, 1.48062600867647e-05, 0 
285107, 830, 3.10954942628813e-05, 15361.6140999522 
42443, 922, 3.17047652262135e-05, 26841.0741333895 
46355, 970, 3.1970331532338e-05, 43539.7453053837 
2923366, 726, 3.10202562273164e-05, 12666.3618997686 
2956798, 237, 2.99850074962519e-05, 99300.7336304301 
34102, 16, 2.16609626131785e-05, 1534.72966243507 
47877, 588, 3.08813538385523e-05, 14350.5389743087 
1482, 135, 2.40205616007302e-05, 682.279771197065 
2496867, 547, 3.03103782735209e-05, 11759.0284374306 
2590776, 47, 2.84308987007079e-05, 79.1912737268307 
2793010, 938, 3.19764653215234e-05, 29898.9375399466 
915099, 633, 3.06692019873643e-05, 13065.6244987111 
135079, 696, 3.07616586686354e-05, 10644.7912667557 
367825, 164, 2.90258910948566e-05, 506.185810442381 
626119, 1, 1.60627088152146e-05, 0 
2562582, 17, 2.33475753542995e-05, 12.9470294703875 
699041, 627, 3.08166409861325e-05, 7729.66552169178 
2026255, 143, 2.77970813064628e-05, 11828.6982680307 
2081702, 18, 2.5082144021671e-05, 91.6080014467671 
2175673, 120, 2.67938481324688e-05, 6647.76867269065 
259, 218, 2.83535115824095e-05, 40921.4662015039 
265175, 675, 3.06447658739887e-05, 10872.1044253986 
2768834, 398, 2.97574765659872e-05, 7380.47370732072 
2867010, 762, 3.16866820875186e-05, 23336.981998985 
2172098, 243, 2.85200924050994e-05, 23863.941047217 
2680004, 9, 2.54401139717106e-05, 1.32738648635658 
2728022, 200, 2.81491907107671e-05, 19420.7777443055 
2807626, 239, 3.05166468308462e-05, 77440.1425943767 
2975157, 285, 2.91664236131366e-05, 46238.6277706669 
401471, 225, 2.82079490000282e-05, 16364.9036808614 
1401, 14, 2.67766293578964e-05, 244.709579909066 
2751170, 898, 3.13401027955372e-05, 33142.2838246472 
332999, 208, 2.76854928017719e-05, 18682.9622113443 
1051, 666, 3.09856536423636e-05, 14281.8666189309 
1265445, 244, 2.87364579441938e-05, 39624.1444213698 
1965282, 687, 3.20194678364446e-05, 67276.4945901198 
2774459, 35, 2.8291744468964e-05, 121.328348140723 
2897177, 804, 3.06410099276872e-05, 39283.7046749933 
2983230, 712, 3.07938658619203e-05, 15418.7909231265 
62322, 59, 2.87786347415679e-05, 17399.3404583251 
1125966, 918, 3.15746266300401e-05, 35556.6225547788 
1803846, 405, 2.69665345306475e-05, 79605.7088569889 
2591634, 237, 2.85755107872553e-05, 32028.9550088684 
2916754, 85, 2.31304790322208e-05, 7769.06277156754 
2994951, 963, 3.17651917029319e-05, 24169.3124842383 
3070658, 636, 3.22237618019528e-05, 46543.4752400043 
418701, 977, 3.20297235834855e-05, 41028.607742073 
446, 27, 2.4588148512417e-05, 8033.90152992547 
592316, 834, 3.17682190736387e-05, 35862.9864463711 
927, 786, 3.19040326697295e-05, 27823.1857702012 
2213194, 13, 2.11819529760644e-05, 3690.1379814728 
2979862, 147, 2.88867063377434e-05, 13862.8233301403 
38313, 750, 3.24685866424235e-05, 93056.078683338 
554880, 18, 2.35460324935248e-05, 357.100327097129 
981384, 772, 3.15586833717297e-05, 46246.6848609244 
169134, 108, 2.77878122655403e-05, 4078.92233456344 
2718875, 16, 1.83573815031024e-05, 2311.65780374007 
2919913, 18, 2.7050421986583e-05, 1610.55943836354 
3041497, 22, 1.80750112968821e-05, 8502.44201431569 
3070995, 7, 2.29816376715005e-05, 1161.2754988104 
818, 216, 2.89586470520097e-05, 61031.3251143328 
1184, 711, 3.14159153026923e-05, 21801.4245477141 
1473112, 562, 3.05903946160905e-05, 14330.3418816092 
1649468, 21, 2.34192037470726e-05, 7843.02791641562 
2956823, 16, 2.80512777357009e-05, 25.9141811586948 
2956833, 66, 2.99868058054456e-05, 836.219022228976 
41202, 831, 3.1922364808785e-05, 40871.9772021514 
47917, 834, 3.20769847634322e-05, 31740.3570479557 
93378, 744, 3.14406086901842e-05, 17575.3507297875 
252130, 891, 3.17037600659438e-05, 31033.9389944893 
2545455, 200, 2.74967003959525e-05, 20275.9870117345 
2932259, 13, 2.26485176545195e-05, 3507.12812069662 
153265, 386, 2.73890060529703e-05, 13984.8830153372 
1689, 831, 3.14485187747657e-05, 20408.5350607013 
173559, 164, 2.75892512277217e-05, 2309.82666258228 
2830994, 5, 1.63339975825684e-05, 0 
339862, 44, 2.57858229545396e-05, 1601.89109469896 
1508404, 23, 2.11389675728237e-05, 341.544799229074 
1807691, 261, 2.83342305839685e-05, 32051.1194305821 
2714932, 248, 3.03942129418559e-05, 91509.7954355316 
3022697, 75, 2.76923928996705e-05, 13248.1329873339 
1068, 938, 3.15756236185665e-05, 34276.587549585 
2861281, 3, 2.36004908902105e-05, 0.0981517368396679 
3060154, 20, 2.26515958049245e-05, 2227.99080361779 
1681, 401, 2.94264779448548e-05, 6835.76310886817 
181487, 649, 3.05651496164074e-05, 19796.5998359531 
2144175, 926, 3.17228690162738e-05, 29535.4344361718 
495, 932, 3.18005469694079e-05, 43872.2522886037 
762954, 347, 2.50350490686962e-05, 12947.0520819089 
1814290, 797, 3.08804002099867e-05, 29726.5213397086 
2932258, 21, 2.45911717693348e-05, 2107.60378707046 
2954078, 7, 2.34175584853523e-05, 47.6958684835423 
1295642, 130, 2.63261813873898e-05, 15889.8829205375 
2026188, 7, 1.98333994446648e-05, 77.3997426267166 
2058625, 209, 2.88875408036514e-05, 6110.9898366316 
2483033, 864, 3.18745418034616e-05, 30820.0960881184 
2895475, 111, 2.78210549744046e-05, 8399.44298022773 
2956834, 152, 3.07163042142769e-05, 17545.7733290705 
83564, 981, 2.9360815056226e-05, 20351.2805129524 
649841, 728, 3.02087424100535e-05, 16006.6097558104 
3074437, 1032, 2.83310196333966e-05, 21535.073274313 
31998, 1068, 2.86935812458753e-05, 21586.2352052698 
2027919, 43, 2.56206605006277e-05, 248.02296637785 
2604158, 1187, 2.84220100045475e-05, 27596.2151575991 
63, 46, 2.65442093807236e-05, 20903.6334189603 
2752515, 98, 2.50012500625031e-05, 2375.54758014346 
1933044, 904, 2.78745644599303e-05, 12784.1780578253 
2744517, 145, 2.83141740755422e-05, 6865.34046879767 
1705399, 662, 2.76632825251044e-05, 24316.1015444432 
555316, 185, 2.81341435966689e-05, 16237.8981642914 
1048396, 1047, 2.8852534695173e-05, 23154.777753883 
1138194, 220, 2.66744911840807e-05, 42543.479791078 
2961598, 869, 2.88800323456362e-05, 15018.409335296 
1903704, 980, 2.87166527869512e-05, 16779.4267771593 
2777556, 927, 2.83237976547896e-05, 22294.0193558682 
1564114, 637, 2.75171294130596e-05, 29083.0521951362 
208223, 369, 3.05567438733729e-05, 7540.06878738732 
286802, 961, 2.84884052190758e-05, 20264.5506517482 
31963, 649, 2.81999943600011e-05, 17695.8686281234 
104087, 596, 3.06927350296185e-05, 20462.614146284 
1118379, 733, 2.81270216296796e-05, 9033.2324617126 
2831968, 514, 2.76548672566372e-05, 12613.8417028686 
1589, 9, 1.96267001629016e-05, 6493.95494373935 
2607656, 138, 2.74461369562234e-05, 4788.33266082848 
42255, 318, 2.75793596072699e-05, 2995.64956485323 
2182384, 109, 2.53196607165464e-05, 5129.96467275385 
1620421, 573, 2.90486564996369e-05, 46287.7518877891 
1125847, 188, 2.69614451334592e-05, 18140.5828339378 
3033389, 1012, 2.89527780190509e-05, 23169.0836462308 
313985, 756, 3.05754295847857e-05, 17938.7302820671 
2116510, 654, 2.78854465854271e-05, 5930.70055162131 
187145, 4, 1.8142893428644e-05, 18228.5930639943 
35746, 946, 2.90579415354216e-05, 20126.9053431055 
894, 814, 3.0235230090101e-05, 22069.2334804183 
46352, 658, 2.82757450658825e-05, 16931.8118178705 
308754, 1121, 2.87141790616206e-05, 24568.3321360246 
256821, 1093, 2.88001843211797e-05, 26108.8835144821 
43306, 1060, 2.89326736683737e-05, 21708.5973413651 
3030011, 1119, 2.90993743634512e-05, 31350.6998274791 
3031330, 432, 2.82366228999012e-05, 16719.9623553826 
89184, 1139, 2.89729103288425e-05, 24512.8214221311 
119, 890, 2.85290425653315e-05, 10254.4231419027 
1401995, 612, 2.81984039703353e-05, 7709.41061794904 
1176649, 160, 2.78109964680034e-05, 34609.9891278831 
1891094, 1018, 2.91894100820222e-05, 27737.4319263252 
191028, 1072, 2.92295101134105e-05, 19150.5356278507 
3029055, 1096, 2.92039016412593e-05, 24660.2067710984 
34003, 1134, 2.87001693309991e-05, 33582.4734270056 
2773299, 1204, 2.92115794701019e-05, 31326.6513496927 
3041766, 660, 2.80583613916947e-05, 11629.7611362373 
158787, 1079, 2.89594856795343e-05, 26118.1313466227 
2795779, 891, 2.85257873117298e-05, 9787.56839207092 
2235, 1167, 2.88167828943577e-05, 29630.4606430998 
2592049, 119, 2.50413181749887e-05, 11748.5871649511 
2856823, 1136, 2.88850375505488e-05, 23386.1188372172 
2851959, 980, 2.82143159439099e-05, 18711.5786266789 
205844, 191, 2.6034208950561e-05, 76782.7301653275 
1397, 15, 2.2158209616663e-05, 1444.3128702545 
486398, 37, 2.5438172521686e-05, 29878.281748923 
2599595, 793, 2.98187022900763e-05, 13048.5546654333 
74426, 1210, 2.87505031338048e-05, 36553.1871806812 
2815309, 685, 3.08071472581639e-05, 9537.18720701748 
3032281, 832, 2.86426259559476e-05, 16552.1849737561 
43617, 152, 2.96823983377857e-05, 5498.88504511588 
1661694, 41, 2.12021626205873e-05, 2543.25872283825 
1796606, 614, 2.89034048210879e-05, 5404.18710554069 
2587163, 1176, 2.91341335508682e-05, 28697.9791512246 
3070677, 36, 2.54439977609282e-05, 21133.6306988552 
886343, 1057, 2.85730613177896e-05, 20127.4143159297 
1484118, 786, 2.81674271872007e-05, 24176.2125710067 
1009682, 1009, 2.93212138982554e-05, 16481.5656510319 
1552990, 1103, 2.87993548944504e-05, 27154.2039936744 
2798804, 44, 2.71576774754223e-05, 8893.90218560658 
37930, 722, 2.81286039773846e-05, 13343.5098033447 
2493677, 159, 2.97212150032693e-05, 27112.582960914 
2840468, 252, 2.67415429870304e-05, 154501.236064537 
2991715, 249, 2.69665345306475e-05, 10790.1780351263 
2708301, 920, 2.92534519073251e-05, 16822.328926028 
57497, 1142, 2.90115756186718e-05, 28716.147410194 
2676868, 87, 2.42830431509677e-05, 9992.63485688092 
2746321, 317, 3.01959718573542e-05, 12737.0227486146 
33887, 683, 2.82047666055563e-05, 12069.967122176 
2058657, 763, 2.82669531051248e-05, 20265.3533662375 
2872158, 930, 2.90124173146107e-05, 21600.8088301642 
41276, 84, 2.50131318942445e-05, 1700.58611211126 
2901381, 33, 2.28995397192516e-05, 3785.80160471366 
416, 831, 2.91307387555348e-05, 14076.0687111376 
2979324, 25, 2.26459531681688e-05, 258591.951070037 
571, 612, 3.06720240468669e-05, 15493.6366222155 
1906, 29, 1.87125748502994e-05, 30807.7374485154 
1484116, 779, 2.82302458854417e-05, 24804.2910180281 
446683, 82, 2.42377235930001e-05, 5615.48142563987 
1451, 8, 2.07757671452018e-05, 20795.566248071 
221822, 960, 2.87819479622381e-05, 15293.2874556733 
2843200, 155, 2.85453299840146e-05, 4718.80152006746 
158080, 1149, 2.90040025523522e-05, 23082.5337531496 
2906062, 327, 3.02233505606432e-05, 15799.1113606888 
3049801, 876, 2.84389841594858e-05, 20288.0574831613 
3028807, 26, 2.73328595637676e-05, 87.9697343991892 
2956797, 1087, 2.89527780190509e-05, 27231.2423570109 
63745, 770, 3.01804792660107e-05, 15118.6654577267 
83262, 1060, 2.85951216722427e-05, 24794.8044129068 
1302308, 739, 2.80591486854289e-05, 11736.6561622042 
1812935, 252, 3.03241653273494e-05, 3460.4895394222 
1830, 555, 2.79688985847737e-05, 88670.2069302326 
2004, 14, 2.41709368655129e-05, 762.109756815626 
1307763, 1094, 2.93453062182704e-05, 22225.0670614033 
2954084, 67, 2.81001489307893e-05, 3847.4513626602 
370524, 534, 2.79790716544025e-05, 7611.0617135723 
2828862, 364, 2.78233772015247e-05, 6067.73124424022 
482, 742, 2.92963028065858e-05, 33408.53475573 
1930276, 824, 2.82039711191336e-05, 9125.57967388311 
2587852, 1107, 2.88043321715586e-05, 20300.6216723393 
1407499, 893, 2.89050757312984e-05, 20255.7303932577 
2751478, 8, 2.44636348068596e-05, 22384.6326645502 
159346, 1156, 2.90816029779561e-05, 26997.4691745598 
2527867, 674, 2.87711827833242e-05, 8140.05890278612 
2602769, 13, 2.27277892679379e-05, 6.12070624920097 
1330547, 702, 3.08899391468199e-05, 16992.1646163693 
1851167, 46, 1.97118132897045e-05, 10035.8247592207 
1526572, 963, 2.92278014847723e-05, 18714.5748494233 
2605989, 892, 2.89159413584709e-05, 9972.97283768114 
1742989, 951, 2.87174774567802e-05, 20275.4327913813 
1538159, 256, 2.68441962847632e-05, 91548.7128336377 
2079536, 794, 2.85282286822811e-05, 12208.7593223703 
2583822, 506, 2.804026582172e-05, 17709.0137812219 
2773308, 1145, 2.94707061181186e-05, 29562.6622570358 
2023772, 981, 2.84478834774693e-05, 15623.6263389755 
3050071, 1042, 2.92628683463553e-05, 33364.6112996823 
451876, 192, 2.66354144470488e-05, 43483.3746931278 
1277350, 696, 3.09348512033657e-05, 11776.2807826575 
1353136, 1163, 2.90250486169564e-05, 26285.2590400251 
1655, 799, 2.83865107301011e-05, 12923.2551007052 
2842357, 710, 2.98009297890094e-05, 10125.526366947 
2984530, 225, 2.77231016606138e-05, 63907.3350174514 
373, 237, 2.76464571065218e-05, 62557.4299674105 
2867231, 129, 2.56206605006277e-05, 5149.71755725141 
1333523, 1071, 2.88492052043966e-05, 25381.2991113849 
1851, 26, 2.14633727543946e-05, 3974.84431243968 
2527996, 920, 2.8883368956155e-05, 13021.4109179695 
2836432, 779, 2.91307387555348e-05, 10810.8140551046 
1325114, 92, 2.53774901662226e-05, 5305.46843515811 
2822761, 982, 2.89452356142179e-05, 18476.6796580273 
634157, 2, 2.12594072877248e-05, 4.18487414619623 
220687, 43, 2.59551495016611e-05, 44138.1027840273 
242605, 163, 2.85266010554842e-05, 11617.6362017971 
2978392, 160, 2.80182679106778e-05, 11038.6353830377 
76760, 681, 3.02617642608564e-05, 16456.4485031983 
1041, 98, 2.55891911256685e-05, 11096.8497972913 
1323948, 1024, 2.92423311986432e-05, 16883.8157858345 
78331, 180, 2.63643553915107e-05, 1711.80783978641 
67294, 47, 2.16230241961641e-05, 18789.2730609179 
2079792, 669, 2.85648994515539e-05, 7485.85518374322 
1727, 842, 2.86303252404947e-05, 14046.2813575838 
3032283, 1027, 2.94143600905962e-05, 30633.3247583381 
2746, 1079, 2.96498354434133e-05, 27265.4057423381 
265976, 47, 2.43807294714258e-05, 73815.5252161326 
2742, 761, 2.93246532359755e-05, 37595.8969586335 
34002, 1057, 2.8996433438687e-05, 22557.0377820338 
2094119, 1058, 2.87670444738508e-05, 24639.4052507647 
349751, 897, 2.88076513121885e-05, 22427.4219382806 
1306787, 1002, 2.90706125178058e-05, 16629.9650260489 
2750025, 39, 2.13042459362151e-05, 7988.99028701211 
178339, 739, 2.86985220261157e-05, 8725.51679659029 
190893, 14, 1.99772259624029e-05, 415.195687047091 
76947, 158, 2.60132147130742e-05, 16028.4280941287 
943830, 833, 2.89922300823379e-05, 73183.4517420968 
853, 1034, 2.84989597879677e-05, 16292.5225049557 
2735434, 992, 2.93530585887049e-05, 17350.2154900462 
2742129, 58, 2.65865525217345e-05, 5073.21858897478 
280333, 728, 2.78971154382637e-05, 14688.2090273106 
194924, 1003, 3.08270908474367e-05, 25035.6489788035 
651143, 195, 2.68665538271406e-05, 31480.3097242883 
2930199, 1151, 2.91723795910032e-05, 26718.7268486242 
461393, 877, 2.89703922591112e-05, 15114.7189732712 
162496, 740, 2.8336639274582e-05, 11949.8187052937 
2528027, 840, 2.92748616762786e-05, 10657.91190487 
3049075, 25, 2.30223777511741e-05, 10831.0943989549 
1851395, 654, 2.84228178381605e-05, 7136.17847416053 
1176587, 75, 2.39268794563813e-05, 4249.59322392675 
1299, 1172, 2.94117647058824e-05, 36470.7895994505 
1411621, 197, 2.804026582172e-05, 43030.2254136679 
2692330, 1110, 2.9167274318215e-05, 22794.9348013893 
400634, 7, 2.40101803164542e-05, 14598.1756119826 
407020, 161, 2.61965263406072e-05, 25692.9644133287 
1138190, 223, 2.74107779178773e-05, 57573.2638745261 
2733488, 1192, 2.9520295202952e-05, 31199.1699219799 
291594, 461, 2.81167407074172e-05, 6273.49489833296 
1644056, 1096, 2.92491737108427e-05, 37736.0479264562 
2587851, 124, 2.54226515825601e-05, 3706.62558888122 
432329, 1186, 2.87802912565475e-05, 36775.2233183641 
2494374, 1008, 2.91281931781772e-05, 17524.3437025592 
2613965, 1078, 2.92628683463553e-05, 21061.1769880772 
413, 1011, 3.00426605780208e-05, 26045.8260553076 
1898684, 34, 2.70255661856116e-05, 298.134488847642 
1949083, 1069, 2.91894100820222e-05, 26502.8182017367 
2259622, 42, 2.58973429326151e-05, 3292.58714704065 
1549850, 1110, 2.91868542408499e-05, 23124.1953557459 
2605945, 996, 2.9385836027035e-05, 20724.1569068092 
3047478, 840, 2.97194484070376e-05, 65689.3195360267 
61647, 1026, 2.92039016412593e-05, 17878.0503589293 
1050, 1103, 2.98035943134742e-05, 23768.055866695 
2497325, 793, 2.89603243556328e-05, 10481.3920916731 
1400387, 837, 2.84446467174878e-05, 5492.12669267455 
283878, 7, 2.07529157846677e-05, 436.683681193898 
2840474, 1039, 2.92329279700655e-05, 19203.3951329324 
2993564, 1017, 2.97565910849253e-05, 22827.2831621422 
1932360, 1068, 2.93315343325609e-05, 30267.5484407873 
2480625, 706, 2.85918513223731e-05, 7242.24028944003 
3070678, 55, 2.61260319782631e-05, 55599.2428731069 
2502979, 233, 2.98187022900763e-05, 10161.8460690802 
1938606, 10, 2.27707441479188e-05, 1433.13560116353 
388459, 867, 2.89050757312984e-05, 33372.3043929422 
2600596, 656, 3.05203723485427e-05, 16924.7341974436 
648, 1010, 3.05847810129679e-05, 26684.681067713 
195105, 1066, 2.92380562540202e-05, 21633.272587742 
1203471, 716, 3.11254980079681e-05, 52688.4696920193 
1419277, 682, 2.85844957694946e-05, 23572.5922880151 
323450, 130, 2.55225747173375e-05, 5193.59265964643 
913107, 867, 3.00201134760289e-05, 7682.00695696548 
404432, 1185, 2.92645810775219e-05, 31603.532721556 
2681310, 1047, 2.97468542701609e-05, 22434.7573593144 
3070679, 35, 2.35843494257211e-05, 4721.80282596301 
1853232, 127, 2.62418978140499e-05, 7734.86453973388 
3064288, 600, 2.83085633404105e-05, 4435.59998113718 
2294119, 80, 2.48003571251426e-05, 85.4381937422069 
1586232, 1099, 2.92868648411188e-05, 30389.8754643411 
173479, 679, 2.79743754720676e-05, 3995.4787542977 
2821543, 870, 2.86295055684388e-05, 12183.4157230094 
122277, 700, 2.87678720405052e-05, 62097.0625888251 
1716143, 1210, 2.91451721022413e-05, 34742.3165246211 
2020312, 238, 2.74476436197952e-05, 72143.1014412712 
33918, 213, 2.73537939712238e-05, 369.179474209718 
1795032, 644, 2.83053582043081e-05, 6938.70860312038 
1309411, 1036, 2.9171528588098e-05, 33423.7458249977 
2761047, 71, 2.50337956240925e-05, 135526.706670952 
507, 787, 2.95980583673711e-05, 41932.2996600413 
2804758, 515, 2.84519304634819e-05, 64351.3283011301 
2675099, 1051, 2.95028765304617e-05, 21369.8206796936 
2020486, 20, 2.14689022950257e-05, 36370.3891605697 
1656, 629, 2.85600045696007e-05, 11099.9295116755 
641491, 1208, 2.90073678714393e-05, 30723.4781356331 
2925841, 156, 2.84228178381605e-05, 42713.7411112232 
1608628, 881, 2.9967934310288e-05, 11148.8076156306 
2493674, 116, 2.87199517504811e-05, 10483.2308216003 
1967501, 155, 2.87678720405052e-05, 33693.8810505451 
2748873, 43, 2.06786740834178e-05, 7003.75933610143 
2817475, 573, 2.8235825615541e-05, 6217.01082869568 
130049, 1005, 2.8705112380515e-05, 18614.3005014182 
1395974, 802, 2.86754795973963e-05, 22486.92170872 
2951804, 1036, 2.94178213161533e-05, 22121.9744223492 
244596, 701, 2.96929746421997e-05, 56566.6164755347 
2764185, 161, 2.62370782389673e-05, 37682.2331776402 
3033809, 40, 1.93098654102381e-05, 15503.2234801378 
62320, 1074, 2.93186349243579e-05, 30681.8960954341 
203192, 48, 2.62701623496033e-05, 9747.7298818426 
651, 1125, 2.95551943254027e-05, 25656.6794177777 
1849581, 327, 2.89109254387233e-05, 75580.4978761189 
1288970, 958, 3.01540873865452e-05, 18072.7601631153 
225992, 35, 2.60525218841184e-05, 6945.50247763047 
2604047, 1081, 2.94941749004572e-05, 23148.650523065 
481743, 1, 1.89919094465758e-05, 0 
2169400, 1082, 2.94169559334e-05, 20286.8282329357 
420402, 934, 3.00896672082807e-05, 17459.5252964421 
1121358, 808, 2.86426259559476e-05, 14497.9498568782 
1637853, 848, 2.9312619082515e-05, 9965.79461346342 
2594461, 5, 1.89984041340527e-05, 4218.02302415315 
2698684, 855, 2.97805175853956e-05, 16889.7512730454 
2724121, 34, 2.5766555011595e-05, 1362.03068590187 
2953890, 1018, 2.95595625184747e-05, 24333.9829399731 
125287, 29, 2.28691655041508e-05, 2848.21305728272 
412963, 1012, 2.96269961188635e-05, 19893.6523608909 
870903, 885, 2.84171639670361e-05, 10687.472820704 
497726, 385, 2.72360823619131e-05, 453.21757938406 
2962597, 43, 2.86090290095554e-05, 2098.0305853942 
2917691, 1146, 2.88433804441881e-05, 21199.13609446 
2127060, 918, 2.91791894021184e-05, 11156.1616202011 
2886938, 161, 2.76717029165975e-05, 193147.033146076 
584, 12, 2.14206152000685e-05, 121507.40219625 
70775, 669, 3.05763644702645e-05, 9786.2301093893 
1578165, 870, 2.88209355275672e-05, 14296.9099573381 
1881022, 25, 1.86254423542559e-05, 8023.64762450873 
2961574, 1038, 2.94256120527307e-05, 20813.9413765249 
361183, 143, 2.62150684213286e-05, 22987.846851251 
430679, 533, 3.00760925140606e-05, 54951.7554059352 
169176, 153, 2.60098317163888e-05, 10369.6169372225 
2861288, 406, 2.77970813064628e-05, 8212.16679872043 
2938695, 996, 2.9419552234415e-05, 18726.6992545735 
2878151, 1073, 2.95700514518895e-05, 22528.3449649238 
2962673, 968, 2.91434733191502e-05, 25983.0648225945 
1411902, 1095, 2.95211666765071e-05, 22338.7252013801 
37931, 14, 2.14380654289757e-05, 19334.2016098652 
53413, 66, 2.67601487864273e-05, 6873.27214024939 
571177, 1047, 3.00237187378029e-05, 22044.9365230491 
686597, 702, 2.97654482676509e-05, 37161.7482854497 
74031, 1106, 2.95298842428538e-05, 22987.5266114832 
187304, 790, 2.97397769516729e-05, 43441.9008604646 
59779, 1024, 3.01077858734269e-05, 25756.5486618423 
2587847, 1159, 3.00978179082017e-05, 35920.0514063023 
2867011, 1076, 2.93358366580615e-05, 21879.2333217051 
3045175, 213, 2.98151460942159e-05, 41571.5153869613 
2049589, 332, 3.09655044280671e-05, 7836.12581735392 
35798, 16, 2.76548672566372e-05, 33.8291233146533 
2722820, 771, 2.94455404728954e-05, 13799.248324192 
1605838, 465, 3.01823010986358e-05, 4639.19419261636 
29542, 783, 3.12441417234269e-05, 22897.8656884343 
1649184, 40, 2.15852184424106e-05, 8963.35318484427 
2881056, 1003, 2.92851495006882e-05, 21217.2152737943 
2895495, 254, 3.07559820385065e-05, 16244.990728826 
38875, 16, 2.11059518784297e-05, 39282.6481578088 
2823875, 60, 2.84584080366544e-05, 321.396981773917 
2175619, 569, 2.86401649673502e-05, 80331.2195323663 
580165, 37, 2.13324231499456e-05, 35025.8761977554 
33010, 676, 2.87538098798091e-05, 24878.7429321729 
393765, 1018, 3.07815433865854e-05, 35092.7821430188 
223182, 749, 2.93556436224864e-05, 9246.24400552691 
2710758, 828, 3.0021915998679e-05, 7964.62868777921 
2962858, 21, 2.30271490086812e-05, 53262.8956031202 
3058420, 1139, 2.9520295202952e-05, 27825.6351046529 
206506, 311, 2.83527076835838e-05, 2384.64216414083 
544580, 773, 2.90723028171061e-05, 10029.4169703138 
100225, 302, 2.79477935217015e-05, 7957.79650173991 
1773489, 1017, 3.03287637995875e-05, 21864.4353438751 
2493670, 167, 2.96024392409935e-05, 31043.6884074076 
441500, 769, 2.90909090909091e-05, 11189.367100374 
1748965, 1030, 2.97194484070376e-05, 18596.1216614823 
119484, 1019, 2.96331417056836e-05, 16745.2206542004 
2675878, 190, 2.83406546691229e-05, 16943.5452122786 
1046, 1011, 3.06391322997733e-05, 24713.5256390907 
1652545, 1021, 2.93109007239792e-05, 21686.8154777728 
2731096, 212, 2.73395849850999e-05, 44545.2133342405 
2859226, 1001, 2.93272332688134e-05, 19716.6107878044 
2961531, 23, 2.58297817383443e-05, 109.999338795792 
2953748, 906, 2.92928701154139e-05, 14613.4808602295 
1850093, 513, 2.86697247706422e-05, 6022.79147508904 
2678261, 208, 3.00951005176357e-05, 5122.69727085625 
1827195, 977, 3.05101293629485e-05, 31733.4611984508 
2991051, 732, 3.07758594158742e-05, 13521.4709382699 
574727, 143, 2.74672453099679e-05, 8952.7672891278 
2175149, 682, 2.94741806177788e-05, 7683.44768544562 
2949995, 989, 2.97115013221618e-05, 24560.5720592792 
2982524, 776, 2.91817439010155e-05, 12741.7053891564 
3029060, 216, 2.99760191846523e-05, 6699.48941508537 
679318, 648, 2.85249736143994e-05, 26753.7205091027 
88724, 1027, 2.95316283739885e-05, 22500.3030203402 
364410, 872, 2.94178213161533e-05, 32275.3795810056 
388950, 123, 2.56397107840624e-05, 16689.3817578709 
274, 1163, 2.93616771389982e-05, 33364.585508367 
1703, 907, 2.97495091330993e-05, 21047.0503339744 
358099, 934, 2.92740046838407e-05, 22057.1454740194 
2161816, 943, 2.91146242757737e-05, 14443.8940805236 
2733487, 1068, 3.00381484485296e-05, 23716.9094969185 
3009083, 133, 2.55480047008329e-05, 23507.3772645785 
879, 1150, 2.9792051480665e-05, 28053.2475806224 
1494608, 459, 2.85306704707561e-05, 11303.1273963281 
2886935, 520, 2.85379983447961e-05, 75567.0991093957 
2987689, 544, 2.86935812458753e-05, 20205.42984905 
1844971, 45, 2.54071495718895e-05, 5190.50656423612 
2080740, 1016, 2.9397066172796e-05, 23620.4785766761 
901, 1187, 2.95543208417071e-05, 33366.5634524659 
216851, 988, 2.92508848392664e-05, 16653.4583463701 
324767, 116, 2.84665091519827e-05, 42256.9502509525 
3041435, 961, 2.98071477540314e-05, 20569.2230553199 
469, 122, 2.59942812581232e-05, 21026.0635838738 
554344, 68, 2.86944045911047e-05, 31802.4725498579 
1928, 26, 1.85240071132187e-05, 290.471276394537 
47716, 41, 1.94223784644668e-05, 24118.0205282258 
1282737, 924, 2.91332847778587e-05, 18439.5653209863 
106633, 986, 3.10674785634398e-05, 36418.25033813 
301, 73, 2.8000224001792e-05, 4510.85690020212 
1188315, 46, 2.03761436110602e-05, 84416.4069031365 
1487865, 939, 2.93151969981238e-05, 16404.6535389198 
2875540, 108, 2.48657250845435e-05, 9505.80957263207 
2077182, 151, 2.73134491423577e-05, 32839.8465404128 
84993, 23, 2.77955360369125e-05, 124.373079152978 
2025949, 134, 2.58551593970577e-05, 11838.8186413374 
2937524, 997, 2.98035943134742e-05, 28275.4982639418 
1382803, 998, 3.01868566426178e-05, 18639.9548196408 
29284, 811, 2.97654482676509e-05, 14601.9754994778 
73010, 1133, 2.9730051135688e-05, 25930.6647716651 
2829501, 1135, 2.97956021691198e-05, 28395.1991462675 
3051119, 60, 2.60091552226384e-05, 3030.38226102725 
3070680, 26, 2.32126276694522e-05, 896.615386156306 
2051959, 944, 2.86631506535198e-05, 11559.3629294165 
292800, 1185, 2.90807572629191e-05, 31886.0885680139 
435, 917, 2.96454405312463e-05, 34861.0056273297 
2708079, 1004, 2.93057468569587e-05, 23616.0309472104 
670516, 838, 2.88442124087802e-05, 13257.5226145127 
1379910, 17, 2.27572709480679e-05, 8109.96015495174 
33008, 756, 2.8825089357777e-05, 11395.6376503662 
1017351, 670, 2.93901542983101e-05, 9521.21813621766 
2846775, 802, 2.89871876630529e-05, 16582.6887063757 
2878152, 1090, 2.97106185750787e-05, 20876.5576988855 
2895490, 94, 2.91587694999271e-05, 4372.08850020321 
2583532, 854, 3.03140535952468e-05, 39598.5110557435 
260554, 3, 1.89236242525168e-05, 0.940683072965682 
1873716, 1038, 2.99204117048651e-05, 34218.0388186589 
1005665, 232, 2.86549372456874e-05, 18870.7616305992 
2904242, 919, 3.07087581378209e-05, 49366.1354260773 
1335613, 958, 2.99670362601139e-05, 26281.3778097128 
219687, 725, 2.85322985619722e-05, 8449.75436513664 
2511069, 1116, 2.95866741619575e-05, 24987.4541282064 
3017783, 1154, 2.99706287837919e-05, 32509.8328676855 
3031727, 1068, 2.96480773221857e-05, 20124.7477713969 
60890, 968, 2.97035584863067e-05, 19055.0541513462 
1695218, 807, 2.90006380140363e-05, 9483.29567398923 
1981173, 206, 2.62632629477886e-05, 43370.9099719652 
28231, 605, 3.09291104787826e-05, 19040.4202947138 
1404741, 843, 2.90697674418605e-05, 19134.8641381487 
1821625, 43, 1.9325912183055e-05, 23229.6596359942 
68909, 1142, 2.96243630761939e-05, 26358.3664826355 
1537215, 1096, 2.97468542701609e-05, 24406.3621699073 
2909249, 127, 2.62130068940208e-05, 26691.0705410429 
488732, 919, 3.00075018754689e-05, 16416.7643305926 
81475, 753, 2.99616490891659e-05, 60267.2750126874 
2528017, 965, 2.96147125892143e-05, 17404.4297020997 
2697563, 924, 2.91409255157944e-05, 16334.4554486885 
63561, 1175, 2.98000417200584e-05, 30023.7668395207 
1775881, 1073, 2.97867270344335e-05, 21701.3098487345 
1851505, 1104, 2.956043631204e-05, 23116.1614495398 
2909672, 709, 2.89670355135855e-05, 21572.4276905586 
2831149, 29, 1.88572506128606e-05, 7096.3671080082 
2665156, 45, 2.40760804141086e-05, 164.335493703211 
2907343, 1173, 2.96261183859691e-05, 28689.2653842532 
196024, 1075, 2.98107020420331e-05, 23290.2709343587 
2866592, 256, 2.98694704142896e-05, 6732.6467277997 
2691359, 798, 2.97681064507487e-05, 13693.7062146498 
1903858, 175, 2.75588381193849e-05, 12091.4190925029 
1904944, 40, 2.6128762541806e-05, 2779.72116041292 
140098, 1057, 3.02599328229491e-05, 25697.5546486511 
1890424, 1045, 3.06626192009321e-05, 27989.6123234816 
2518644, 306, 3.03665239440041e-05, 2164.17548687201 
3033390, 872, 2.98676861503539e-05, 19685.7958236329 
1211807, 33, 2.6651031394915e-05, 26.1437442196549 
2927975, 1003, 2.70416441319632e-05, 10661.5588450475 
453230, 1127, 2.70723915750717e-05, 25910.3914433445 
56459, 100, 2.67179651597734e-05, 16118.9687037368 
654, 799, 2.66332862811942e-05, 13130.2557877636 
3033386, 904, 2.74228048044754e-05, 15893.3096474742 
3075121, 1036, 2.79189234463119e-05, 24674.4255049118 
2792603, 964, 2.80394795872589e-05, 18144.3519481176 
67081, 681, 2.68225953543265e-05, 18831.040427133 
2884455, 454, 2.77138818834354e-05, 73230.5001125043 
859144, 17, 2.4240073689824e-05, 1696.21841614467 
349971, 6, 1.63323969425753e-05, 149.090047562239 
1405, 9, 2.09757939338004e-05, 9908.41756070707 
279828, 915, 2.6996382484747e-05, 19958.6601541485 
2589076, 613, 2.7838093647347e-05, 11378.1723650015 
311231, 864, 2.69672617442425e-05, 8764.1972904967 
1486262, 540, 2.71444082519001e-05, 44456.4096471625 
1780, 841, 2.71554650373388e-05, 12717.3184196578 
227605, 908, 2.69687162891046e-05, 8554.73865647667 
129337, 927, 2.83085633404105e-05, 11085.7197380787 
2527980, 742, 2.6623359335481e-05, 6228.31877702084 
1742359, 28, 2.34049524879465e-05, 16363.1938901315 
2086471, 66, 2.38049895258046e-05, 21575.0738589054 
2251, 1023, 2.79916025192442e-05, 43469.4312594859 
386911, 685, 2.73194186427713e-05, 15000.1920273536 
68203, 4, 1.49483534388687e-05, 0 
1978566, 696, 2.68846112485213e-05, 11887.4965611467 
132919, 644, 2.69084842450825e-05, 22242.3617103972 
1069, 877, 2.70628670401342e-05, 10321.3478261145 
1112, 138, 2.40563881738796e-05, 1869.91930089949 
2979461, 150, 2.48508946322068e-05, 6083.02430844796 
2830995, 23, 1.97784810126582e-05, 841.548432100554 
1548547, 697, 2.86114846499385e-05, 14153.5120580172 
1870985, 1039, 2.73448181569593e-05, 24194.7899297966 
1896196, 140, 2.41237063662461e-05, 1749.96258600893 
60136, 506, 2.59598660470912e-05, 4198.84966590079 
60552, 950, 2.75512453162883e-05, 19260.1996642515 
2976824, 108, 2.43534167843748e-05, 6086.37977371395 
2962676, 1028, 2.78582571874304e-05, 26509.8712078511 
869889, 926, 2.7955606496883e-05, 32774.8862990461 
712270, 717, 2.71569399560058e-05, 15367.9933463784 
2571029, 692, 2.73935077386659e-05, 23755.5968142106 
43927, 1017, 2.78411938303914e-05, 29776.3611534207 
134536, 914, 2.76724686609292e-05, 13554.2553277274 
121428, 160, 2.41949142290291e-05, 5783.19659381296 
1198301, 904, 2.77916736145851e-05, 28658.4093475788 
134034, 933, 2.77623542476402e-05, 17690.1240149101 
518, 898, 2.8055999775552e-05, 18799.3269984414 
1331258, 772, 2.76174431771107e-05, 12737.0291636324 
72000, 806, 2.72486988746287e-05, 21198.7149973226 
2781021, 79, 2.50551212667869e-05, 14753.7168466155 
2060, 694, 2.73395849850999e-05, 27738.2066947723 
488731, 938, 2.76755320621039e-05, 13308.2123153631 
119981, 907, 2.7135569304244e-05, 33185.2729757071 
2678258, 174, 2.9085832291091e-05, 13467.6424140599 
2773266, 940, 2.76479858442312e-05, 29984.5806578092 
2782568, 171, 2.41610089637343e-05, 5974.78861512785 
925818, 984, 2.78256998163504e-05, 18736.2512676702 
2053930, 109, 2.59827993868059e-05, 29966.1114293604 
398, 205, 2.59848248622804e-05, 22224.1036274525 
1566351, 719, 3.09827735778907e-05, 12729.9486153789 
2763107, 692, 2.58004592481746e-05, 7457.63983267344 
2762729, 140, 2.39337513761907e-05, 3837.02205642216 
692036, 796, 2.6567481402763e-05, 7207.91338735312 
204286, 997, 2.74461369562234e-05, 17546.0221733724 
1184720, 153, 2.51111166913593e-05, 9272.63437262203 
2884832, 5, 2.02097774903498e-05, 34.4590384883971 
3039154, 125, 2.45615758707079e-05, 8978.23851676712 
1756988, 521, 2.7818733134893e-05, 44267.9963571005 
562, 59, 2.5551268620487e-05, 1833.45308526739 
3019098, 131, 2.92448967655144e-05, 1242.48896119862 
414, 933, 2.81072572938333e-05, 14057.633267142 
2705399, 788, 2.78862242052426e-05, 19123.4002566905 
3070683, 20, 2.14730513205927e-05, 44686.2678233313 
225326, 740, 2.71333604666938e-05, 16794.7498327156 
1586233, 922, 2.79688985847737e-05, 16285.6057410134 
168934, 601, 3.0909034710846e-05, 12684.9711831244 
1964449, 65, 2.20128555076164e-05, 25322.5100865329 
2850561, 61, 2.18426455812328e-05, 18476.0767989581 
1028989, 734, 3.01486327595044e-05, 22148.1328455434 
2943498, 833, 2.67086883363158e-05, 20613.0553356866 
1138189, 201, 2.53568983441945e-05, 21375.840663456 
1897061, 859, 2.71547276380818e-05, 16448.7141050595 
59732, 89, 2.38823079862438e-05, 8257.0537310222 
2764705, 743, 2.84802916381864e-05, 13708.6341371057 
3016094, 339, 2.59760500818246e-05, 4443.07998653567 
1961713, 59, 2.17807980484405e-05, 14734.0826919967 
2737050, 1098, 2.75877289781505e-05, 24535.645040125 
437900, 171, 3.02700084756024e-05, 28668.6453254447 
656179, 929, 2.79595146228261e-05, 15215.6824510234 
78587, 278, 2.59470679813181e-05, 142212.002342824 
470076, 997, 2.7467999780256e-05, 25349.6843162123 
1712261, 971, 2.80324054607126e-05, 19927.9980466196 
1395951, 179, 2.55069506440505e-05, 28523.8037230976 
2830983, 5, 1.69480035251847e-05, 0 
2080419, 1087, 2.73807568041181e-05, 24795.2207819567 
280, 1090, 2.78280228189787e-05, 27825.7276564045 
93219, 915, 2.76625172890733e-05, 13873.2201626525 
249058, 973, 2.74167900422219e-05, 21867.2731813494 
396595, 1052, 2.81761573356626e-05, 17323.6031376115 
53335, 827, 2.815156804234e-05, 19245.0373130146 
564369, 475, 2.70951310049584e-05, 18621.3000481578 
2066070, 200, 2.76862593095047e-05, 40926.8169589102 
110505, 962, 2.74461369562234e-05, 53129.6337834118 
1441095, 12, 2.38231370306842e-05, 5472.77300334013 
1855416, 170, 2.43819183693373e-05, 10552.5037682592 
1267768, 1166, 2.79986560645089e-05, 27981.4515466134 
1750, 896, 2.69483669289641e-05, 25118.0567505162 
2600304, 76, 2.53466149595722e-05, 45355.8526546757 
2949993, 1026, 2.82765446062491e-05, 23697.5391600037 
2908006, 512, 2.85363696030591e-05, 15092.6087772732 
55080, 795, 2.78986720232117e-05, 11794.3226818064 
223392, 677, 2.71201149892876e-05, 25223.0896729382 
2690837, 1081, 2.75656752212145e-05, 22103.7578477689 
656178, 924, 2.77323275742533e-05, 11423.2368032435 
2785627, 574, 3.0578234412745e-05, 10767.063492446 
370038, 1080, 2.78342193893172e-05, 20726.8295112635 
2005885, 51, 2.16919739696312e-05, 12559.2583877289 
88723, 1072, 2.80662363177098e-05, 22232.9718989139 
1423, 8, 2.06075093764168e-05, 34451.4657652589 
2862880, 620, 2.75035066971039e-05, 24499.6268969069 
2220095, 619, 2.73134491423577e-05, 28993.6655527435 
2675523, 839, 2.69505457485514e-05, 10460.5543739137 
3036127, 1164, 2.79759406910057e-05, 28362.7367469487 
553982, 1086, 2.86500114600046e-05, 19660.4125636257 
940614, 744, 2.62439638883057e-05, 6404.92476917374 
2991728, 928, 2.77638958298628e-05, 28676.4922216644 
1402135, 913, 2.73957591364857e-05, 12934.1075149318 
2697363, 1022, 2.73216578782e-05, 16346.8306444483 
2739433, 171, 2.44092950595587e-05, 9705.41806614955 
1761016, 922, 2.74808321195966e-05, 10302.6163288227 
2744574, 717, 2.74167900422219e-05, 16311.9838341542 
569860, 944, 2.77323275742533e-05, 19406.9621949796 
3024400, 657, 2.92260930558803e-05, 14488.8908846409 
2931976, 969, 2.80426247896803e-05, 16251.6262772847 
2904243, 863, 2.79111309590265e-05, 15885.7743178576 
1075, 1163, 2.85306704707561e-05, 25783.8374062319 
190323, 651, 2.73792574745373e-05, 37883.1795597743 
482564, 497, 3.09405940594059e-05, 63092.0630117742 
58346, 50, 2.1582889085533e-05, 8015.22294633957 
2603292, 945, 2.78164116828929e-05, 40900.9524778054 
31957, 126, 2.60328534610679e-05, 52751.6202841763 
1049, 1028, 2.83832879200727e-05, 18742.708655596 
74329, 118, 2.48811923067353e-05, 4547.81402272804 
2968969, 597, 2.96621481327678e-05, 7556.39346143929 
2930091, 147, 2.58498125888587e-05, 37756.7864168837 
2991729, 862, 2.74408649360628e-05, 17290.0838770598 
169430, 932, 2.78846690089789e-05, 17799.1221278492 
2560010, 608, 2.7753878604535e-05, 4681.77006379611 
2895796, 937, 2.80465572850933e-05, 15565.6828261135 
993502, 118, 2.50469630557295e-05, 11755.214777659 
1678128, 65, 2.46511857220332e-05, 2964.93581238709 
1076926, 3, 1.88725536452337e-05, 0.5 
1084, 1137, 2.85233463589948e-05, 24814.9230165901 
240521, 188, 2.61301280376274e-05, 31727.8908236891 
3031996, 962, 2.83519038303422e-05, 19863.3497426786 
39775, 860, 2.8468129928545e-05, 12779.7853198802 
1134435, 424, 2.99186213499282e-05, 4274.64440593337 
1783348, 899, 2.7733096677575e-05, 30502.6595117849 
512402, 717, 2.73747604708459e-05, 9610.13434247539 
1940612, 650, 2.79134682484299e-05, 30972.6208039695 
2816454, 954, 2.79814203368963e-05, 16889.5689662894 
2781022, 67, 2.47451252103336e-05, 7694.47701317344 
200644, 125, 2.48558361503281e-05, 21509.2284139048 
2709784, 140, 2.74175417432073e-05, 15040.0122355754 
2775496, 821, 2.73493053276447e-05, 13347.0183920986 
2811424, 877, 2.74876305662452e-05, 34685.6543717386 
370622, 898, 2.79290601871247e-05, 24097.2008461673 
486698, 926, 2.71901680352385e-05, 29404.7040278458 
328692, 1117, 2.80284769325635e-05, 25924.7955784054 
3068640, 1028, 2.80788453978772e-05, 20984.8885785836 
75291, 30, 2.02864445977198e-05, 8755.31084695668 
3073816, 14, 2.35865745217822e-05, 2116.72714216076 
215813, 1063, 2.78125434570992e-05, 22190.0047369659 
2293838, 1154, 2.78373187094619e-05, 34025.5059325732 
1335061, 160, 2.60254007911722e-05, 25561.3963009778 
2789739, 793, 2.76121051468964e-05, 17007.7329014628 
3047873, 31, 2.32244879000418e-05, 2908.26143746063 
506591, 1056, 2.78388686283789e-05, 18474.6481496945 
237609, 639, 2.99544692068057e-05, 17483.4211784466 
3039156, 212, 2.62081979243107e-05, 33304.7659969728 
203135, 1077, 2.82167042889391e-05, 23303.6389269059 
2829499, 675, 2.73433227605819e-05, 11882.0442776935 
453842, 1043, 2.80371211484005e-05, 17524.0660911975 
459858, 696, 2.71503040834057e-05, 13045.4084880672 
1972846, 59, 2.25535081982002e-05, 67085.9942349739 
204461, 564, 3.01132257287401e-05, 6756.90559147563 
1453760, 1072, 2.8122275654546e-05, 26635.1703681753 
169765, 1009, 2.78636908244866e-05, 31831.3910134707 
3039385, 561, 2.74936764544155e-05, 31088.7378365566 
2898442, 103, 2.48286820935545e-05, 5699.14727568929 
220684, 26, 2.30366974590523e-05, 3631.66563933414 
2721243, 24, 1.9239649068801e-05, 4595.88531312717 
2840183, 1020, 2.86565795506648e-05, 19024.7384536877 
659350, 1147, 2.83591401508706e-05, 33344.0209665936 
1798806, 18, 2.38146269438689e-05, 461.544273743981 
2604537, 139, 2.45164137389983e-05, 6107.97504791634 
2866627, 1111, 2.7466490881125e-05, 23928.1551394043 
2855503, 704, 2.73905064504643e-05, 6877.08002696087 
2867233, 157, 2.48249838637605e-05, 6634.2901099788 
1843368, 204, 2.48502770805894e-05, 28330.7697495925 
2872646, 171, 2.49981251406145e-05, 19454.0268931374 
2970925, 195, 2.50400641025641e-05, 25629.6647186098 
1548548, 1083, 2.71768670507664e-05, 17647.5500755767 
244734, 403, 2.62363898727535e-05, 32529.5625172356 
2596912, 883, 2.7757730527952e-05, 15315.3942781802 
1161, 638, 2.70102368797774e-05, 4256.31158601632 
1649453, 777, 2.80017921146953e-05, 8803.27944930367 
2609255, 721, 2.76625172890733e-05, 15649.664288394 
293, 116, 2.44983953551042e-05, 692.177845691543 
2587849, 1059, 2.82869427472279e-05, 24601.8930994933 
2874628, 142, 2.87026406429392e-05, 20114.471702198 
347534, 1085, 2.84276658043608e-05, 31058.3384410465 
2259340, 1098, 2.8184892897407e-05, 23053.1088261444 
1534348, 817, 2.76342332881974e-05, 18622.056009844 
1691904, 218, 3.05166468308462e-05, 6640.571275484 
2785911, 51, 2.74461369562234e-05, 81.586663990905 
2911539, 600, 2.74770566576908e-05, 28047.2338125528 
2691354, 785, 2.81033077593233e-05, 4583.56799729233 
2854260, 154, 2.48404004272549e-05, 7087.80981543275 
2527990, 925, 2.81523605754343e-05, 15705.1828178014 
106634, 1045, 2.82693503703285e-05, 17772.1879863437 
1963268, 1112, 2.82063577130285e-05, 25182.2144283548 
2962065, 778, 2.79298402413138e-05, 16489.5035818843 
1073531, 663, 2.73030087915688e-05, 24054.9636730419 
1897729, 1196, 2.83905402719814e-05, 28255.8035940697 
28104, 141, 2.77646666851764e-05, 8239.09188818044 
85016, 2, 1.90371033143597e-05, 473.444959070564 
2931975, 1066, 2.8044984154584e-05, 22470.5384491731 
1404768, 138, 2.54427030327702e-05, 13715.3786960706 
1855519, 187, 2.49987500624969e-05, 16652.0422136137 
220697, 150, 2.88400530656976e-05, 7943.73626319399 
36873, 1043, 2.82797432199316e-05, 29399.9929984718 
199591, 643, 2.70745904968187e-05, 33434.9166937462 
2051957, 636, 2.70899929566018e-05, 35902.8049300007 
2755559, 856, 2.80512777357009e-05, 15487.0113005299 
501023, 831, 2.73440704383254e-05, 34126.897618433 
2995143, 125, 2.50006250156254e-05, 3048.08828502912 
2072936, 205, 2.53678335870117e-05, 23981.4522462603 
2739057, 831, 2.83615530786466e-05, 12865.5646136111 
1223565, 229, 2.6046414711015e-05, 41703.7855263234 
2766784, 322, 2.68983511310757e-05, 13584.6767659706 
171865, 832, 2.90132590593901e-05, 15715.7783399096 
32003, 594, 2.90951411114344e-05, 6262.78808165485 
413496, 696, 2.95377344557672e-05, 11066.571519294 
2872309, 555, 2.7350053332604e-05, 9602.44917765888 
28901, 611, 2.78435194208548e-05, 15080.1841362018 
1040979, 667, 2.84414106939704e-05, 5514.96188302828 
179879, 992, 2.7972027972028e-05, 16005.2829527251 
376170, 1005, 2.82749455707298e-05, 21406.6459386799 
1694, 1137, 2.82438004857934e-05, 28190.2896226535 
2735528, 190, 2.74627193584709e-05, 47364.1986039522 
2883205, 484, 2.9843619434165e-05, 7542.15859154107 
1465, 6, 1.86389815660472e-05, 71414.1299027482 
47883, 824, 2.92808620285781e-05, 19666.9613761209 
2211211, 960, 2.81833042105856e-05, 14208.5058981725 
1715989, 553, 2.55408270119786e-05, 20103.8673868246 
2021862, 872, 2.85844957694946e-05, 14974.6410628203 
2057246, 784, 2.76334696584503e-05, 33571.418836788 
1414719, 734, 2.79197029343608e-05, 10020.4507261217 
3070676, 24, 2.32888516267263e-05, 113965.738608689 
2885079, 1061, 2.7875341472933e-05, 20452.7954988479 
522259, 262, 2.74363476733977e-05, 21908.3999568587 
2065379, 1094, 2.83607487237663e-05, 29627.4075037276 
3016097, 310, 2.66744911840807e-05, 45050.8560047475 
500, 853, 2.74732822330284e-05, 13823.7145539831 
186192, 1180, 2.82597637483751e-05, 31662.0147064553 
3016091, 365, 2.6516055471588e-05, 14872.1701921822 
2830996, 20, 2.00698430538273e-05, 4131.03705192285 
98668, 736, 2.8062298302231e-05, 8846.22969294446 
191494, 19, 2.44325539348628e-05, 1714.53879674569 
28256, 878, 2.88741951318107e-05, 18702.7796172284 
2876939, 567, 2.78109964680034e-05, 8952.4892913914 
477680, 68, 2.32342007434944e-05, 4559.43772029149 
1223514, 660, 2.78932247357117e-05, 23236.2676301365 
82367, 1095, 2.82701495490911e-05, 20460.7704746326 
1144307, 164, 2.59956327337007e-05, 12513.6972368853 
2070337, 650, 2.78582571874304e-05, 19822.2926341224 
33888, 700, 2.78955590270029e-05, 10366.4057694239 
293958, 209, 2.64214753751849e-05, 27583.6316314735 
2202254, 1182, 2.82733467160508e-05, 29789.4244263202 
2963434, 1056, 2.8220685762664e-05, 29526.1909399507 
3061629, 546, 2.75626360905157e-05, 5720.57599377006 
1945662, 1098, 2.83254022207115e-05, 19525.8032569093 
3068275, 1097, 2.85918513223731e-05, 26975.6091949201 
1908, 40, 2.13251444778538e-05, 4580.79054829065 
2731552, 149, 2.92662940091896e-05, 720.89094171929 
135613, 741, 2.91962278473621e-05, 14229.9785484233 
93218, 944, 2.86008465850589e-05, 16212.0308368873 
1917485, 1135, 2.84034424972307e-05, 25863.882351053 
46429, 177, 2.50959921700504e-05, 12171.1129513693 
1547898, 1012, 2.844221963082e-05, 25286.2583318177 
1763524, 867, 2.78543773153951e-05, 10140.5200759406 
1891926, 802, 2.78613618633679e-05, 7707.8905871703 
2771012, 921, 2.86098475095128e-05, 17834.0515640395 
2781952, 1, 2.11488029777515e-05, 0 
3019968, 622, 3.01395460984358e-05, 10176.8406660596 
1416614, 1084, 2.83511000226809e-05, 20587.3809185635 
28049, 744, 2.7818733134893e-05, 22982.540820843 
2738409, 1008, 2.78916687585418e-05, 23165.4708062857 
2883512, 409, 2.96059448737306e-05, 21571.4778356451 
29288, 1117, 2.84325154246396e-05, 26283.2141787213 
458032, 822, 2.72687609075044e-05, 6256.81131926167 
2674997, 145, 2.63428255314665e-05, 29000.9983986602 
172043, 117, 2.53839319710623e-05, 1551.0981872187 
95301, 446, 2.98721472099414e-05, 8900.81726347424 
2813744, 965, 2.79392042914618e-05, 21449.5173649551 
390988, 69, 2.48441032520931e-05, 117242.484578258 
2704462, 871, 2.74408649360628e-05, 10907.3224528767 
67351, 35, 1.93487220169108e-05, 11308.0878031198 
167964, 717, 2.8791063253966e-05, 3682.64131623506 
59930, 1159, 2.83109676688749e-05, 24941.2014986967 
2811108, 2, 1.51715139653786e-05, 0 
2838156, 75, 2.33836080907284e-05, 11590.9608453063 
2961595, 1037, 2.85225328009127e-05, 19212.7408836646 
2583377, 1079, 2.84244336431597e-05, 19933.0776270103 
2594795, 919, 2.87852619458837e-05, 15765.4063163222 
387343, 1084, 2.82127239384963e-05, 21694.6578314395 
173366, 1092, 2.83005518607613e-05, 21088.8548574835 
1789, 768, 2.76311790224089e-05, 15695.6955641063 
1562974, 50, 2.52327723246953e-05, 5068.84344012258 
83676, 54, 2.523786689549e-05, 9781.42513474961 
52774, 765, 2.77015983822267e-05, 14430.8140963885 
1805478, 1106, 2.83053582043081e-05, 29606.6277310391 
293088, 662, 2.89176137185159e-05, 48400.915699719 
1123043, 815, 2.79970883028165e-05, 10708.5264517451 
483547, 770, 3.09348512033657e-05, 15978.1953385674 
2795216, 245, 2.67515582782697e-05, 57856.0693200527 
2023229, 130, 2.52659238485055e-05, 8229.77461073678 
56450, 56, 2.5631824473266e-05, 3377.4850817386 
1765967, 927, 2.83897342720872e-05, 15726.5707092981 
32012, 631, 2.90098923732993e-05, 124928.381900459 
284581, 7, 2.15559052402406e-05, 694.31620727004 
59737, 637, 2.80284769325635e-05, 17371.8015993043 
1404367, 99, 2.53852207244942e-05, 3510.08845516953 
1064539, 1170, 2.87133545812157e-05, 29183.6228065819 
1393, 833, 2.86598647254385e-05, 12513.8505846512 
156980, 545, 2.75322816001762e-05, 22216.662761953 
206351, 799, 2.94654959042961e-05, 18136.2145488025 
2822760, 48, 2.75626360905157e-05, 32002.4640059738 
3048535, 24, 2.28430454348174e-05, 304.791372647531 
1081866, 1105, 2.83816767894647e-05, 20643.8851467366 
1883416, 1106, 2.84066698860893e-05, 24827.3285561314 
2483403, 266, 2.86861732644865e-05, 36947.3040622903 
489632, 195, 3.03748253447543e-05, 11231.8307300888 
150123, 697, 2.79775060851076e-05, 13080.0696694583 
2039234, 952, 2.86385245432155e-05, 18028.1964428432 
2202141, 1046, 2.86919346971566e-05, 20036.256449718 
375489, 3, 2.25326723749437e-05, 0 
296, 265, 2.91103865859339e-05, 83011.8996859177 
940615, 862, 2.72828963522768e-05, 11569.0983036536 
2072413, 48, 2.54239442707142e-05, 2902.55319817673 
1643826, 1091, 2.89234685023428e-05, 28278.4589590574 
1916, 26, 1.88359389715577e-05, 4083.73833564184 
1906273, 1, 2.12539851222104e-05, 0 
2654282, 1068, 2.82302458854417e-05, 20310.2055811877 
2838157, 84, 2.33154581487526e-05, 11046.3766420626 
3046670, 64, 2.61437908496732e-05, 5601.18662227 
186822, 814, 2.89511015894155e-05, 9340.72113001534 
699433, 997, 2.84786694765621e-05, 28596.777859346 
2703788, 854, 2.74401119556568e-05, 8610.50987188429 
2932250, 739, 2.78017181461814e-05, 27601.8392627964 
69823, 1075, 2.8685350391555e-05, 16946.862875341 
2860258, 1067, 2.90393773957486e-05, 22764.4205656573 
980427, 1176, 2.8499772001824e-05, 24691.9083373777 
2886352, 333, 3.00987238141103e-05, 23737.7030233529 
263913, 168, 2.52710318162291e-05, 13623.4920753013 
3026424, 857, 2.81175312807536e-05, 9655.81477755943 
1609966, 1156, 2.90360046457607e-05, 26416.9864970351 
2735433, 1020, 2.83986027887428e-05, 16767.5523654678 
2028343, 266, 2.64865580717786e-05, 43282.0598498799 
2041385, 224, 2.69934675808454e-05, 46654.7937185328 
2211140, 774, 2.65399824836116e-05, 6697.68986981129 
2860285, 562, 2.80512777357009e-05, 8211.89102250398 
1930273, 914, 2.85697960116565e-05, 11818.0664565725 
2963433, 1062, 2.85054587953593e-05, 23756.5643485176 
2497861, 1103, 2.92782901478554e-05, 19386.2839145375 
3025670, 166, 2.59713276542697e-05, 15008.4595546775 
499555, 1016, 2.82079490000282e-05, 18230.9505830199 
702113, 191, 2.56219734043916e-05, 30208.4262472586 
94625, 170, 2.712600027126e-05, 25394.159728673 
2986919, 597, 2.75330396475771e-05, 29305.5865796861 
35760, 1096, 2.86385245432155e-05, 27867.0072860695 
531813, 218, 2.74468902673327e-05, 43518.1310296706 
1872427, 819, 2.8022978842651e-05, 18147.9411547634 
2982694, 1042, 2.90554086643229e-05, 19825.2388358464 
78327, 916, 2.93289535429376e-05, 28850.2801564646 
1564506, 1150, 2.90040025523522e-05, 24319.8715609011 
38305, 791, 2.80151281692114e-05, 15789.1791479655 
488730, 951, 2.86401649673502e-05, 17175.903668934 
816, 121, 2.5046335721084e-05, 12005.2751534278 
106591, 157, 2.74868750171793e-05, 16382.847664394 
157783, 685, 2.957267484844e-05, 14085.7456977492 
1225769, 1060, 2.89511015894155e-05, 19279.5705944821 
2949307, 661, 2.83045570336824e-05, 10721.4293177363 
400061, 1065, 2.89922300823379e-05, 18260.7065109177 
43356, 9, 1.92489076244923e-05, 421.624108720844 
337243, 845, 2.88267512251369e-05, 16498.1107087825 
1981174, 90, 3.00273248656277e-05, 18111.2786087575 
1461694, 1088, 2.83953772325865e-05, 22661.8306404942 
2902623, 1090, 2.88217661978326e-05, 23653.1285395632 
2892442, 8, 2.10730391537067e-05, 32.879332439921 
2962672, 925, 2.88817005545287e-05, 20483.2051357299 
502682, 164, 2.50789988463661e-05, 15320.0328089262 
229731, 1046, 2.87067604420841e-05, 30252.0673147523 
279826, 25, 2.62867357131591e-05, 11890.5133635856 
2816475, 945, 2.85143997718848e-05, 16671.5545125824 
575200, 864, 2.83109676688749e-05, 10750.8256659864 
1348774, 174, 2.53890877700764e-05, 14056.5919237192 
2894192, 200, 2.60987576991335e-05, 3066.5109392029 
670052, 614, 2.81317692069654e-05, 10709.0331774584 
423349, 86, 2.41004506784277e-05, 12291.4240821178 
81479, 56, 2.67436884895165e-05, 9838.77462164944 
2789327, 168, 2.54861482784107e-05, 22180.3158955465 
1193713, 50, 2.6986183074266e-05, 75558.3509458167 
2939414, 37, 1.99768268808183e-05, 1625.29189315895 
2707525, 618, 3.0852770578798e-05, 30415.2925966528 
2740163, 726, 3.03554624654707e-05, 14246.5633456146 
2953750, 988, 2.86935812458753e-05, 17461.9372652181 
1915078, 1051, 2.8328611898017e-05, 18234.5551553192 
2698828, 103, 2.47770069375619e-05, 6530.98937594198 
656366, 425, 2.79649878352303e-05, 4866.75480950198 
488729, 1020, 2.88975581563358e-05, 23752.3168343203 
168471, 1001, 2.91095391959945e-05, 17902.137748911 
931866, 80, 2.61649964677255e-05, 3244.9509204652 
3041175, 937, 2.83093647378553e-05, 16551.1546553125 
1886, 46, 2.05414732344604e-05, 16297.4413133363 
2237, 28, 2.62136940337632e-05, 8787.11829103198 
2716227, 336, 2.64459312934705e-05, 28549.7862433832 
2239, 1007, 2.88858719200439e-05, 24091.8776101439 
2733867, 162, 2.65879662864587e-05, 25322.8546512868 
3028711, 45, 2.14762794493482e-05, 5139.53077030894 
187303, 1122, 2.85608202667581e-05, 24180.33191832 
2597659, 982, 2.83077619883372e-05, 46735.006272398 
2953657, 1147, 2.87075845438365e-05, 23432.8034391971 
518753, 127, 2.85697960116565e-05, 20584.5905131227 
1768108, 1071, 2.89034048210879e-05, 25824.7677835337 
1436290, 111, 2.96463194094453e-05, 24402.4358871382 
198119, 18, 2.56410256410256e-05, 3227.82392761841 
28099, 195, 2.81199032675328e-05, 34926.1616309966 
24, 88, 2.75839240890409e-05, 13694.207953266 
881, 1099, 2.96480773221857e-05, 21043.7476381964 
1281578, 1134, 3.06983883346124e-05, 39653.0113546831 
2745490, 466, 3.01932367149758e-05, 6341.80214043027 
2998079, 52, 2.76037209815883e-05, 1547.11082993498 
573737, 1099, 2.96797554388152e-05, 23378.5775833273 
660522, 992, 2.97265160523187e-05, 26137.8801001299 
2247, 767, 2.91553689611942e-05, 9767.00926381905 
2901189, 882, 3.09808538323316e-05, 72341.4089331513 
33072, 1115, 2.97335870599429e-05, 24980.4627698226 
2572921, 886, 2.98891113967182e-05, 19091.5914062793 
2975482, 20, 2.71495669644069e-05, 13.6451032093222 
745377, 969, 2.9419552234415e-05, 20094.1611447216 
1872084, 603, 3.08670555915671e-05, 159821.101472725 
2057800, 675, 2.87339808057008e-05, 7349.95169647048 
359110, 802, 3.1082929255253e-05, 19456.1321617912 
44750, 909, 2.96568700139387e-05, 18909.6209385572 
2319844, 135, 2.59074069276406e-05, 15875.6228426401 
2884876, 1064, 2.9871254891418e-05, 24162.8522409645 
639313, 842, 2.9549954197571e-05, 18714.3565469182 
74318, 1062, 2.98302657876682e-05, 25391.1539026378 
2079535, 776, 2.94594196494329e-05, 11955.0314712294 
2792015, 140, 2.90006380140363e-05, 44799.8616331785 
158822, 765, 3.00363439762112e-05, 47163.9916748376 
517719, 1009, 3.02233505606432e-05, 21027.2981802285 
266951, 117, 2.647323555885e-05, 19978.5256380828 
2975049, 345, 3.06757876008466e-05, 14298.3413867013 
2663121, 63, 2.67716113832892e-05, 124.3124161869 
2796927, 1191, 3.01105055553883e-05, 41145.6678549293 
3015995, 1070, 3.01032541617749e-05, 31413.4638543938 
332158, 169, 2.60078023407022e-05, 16412.3025304311 
2528642, 1073, 3.01604536132223e-05, 33083.7982736558 
2796366, 38, 2.68593376487336e-05, 6863.85876386285 
2819280, 1026, 3.06588588772726e-05, 30474.7458597221 
2731112, 205, 2.6267402153927e-05, 65525.2619134101 
645, 903, 2.94967848504513e-05, 19698.16255555 
675090, 654, 2.91630212890055e-05, 7451.59010526004 
182210, 1169, 3.02361442868805e-05, 39947.0553812361 
2724122, 46, 2.5953802232027e-05, 2558.60364631164 
2775159, 58, 2.57672189440594e-05, 3437.09943911617 
216142, 685, 3.0834695199038e-05, 15442.9750229426 
1452, 77, 2.82175004938063e-05, 9372.77065150015 
3027225, 34, 2.73306184918965e-05, 13277.9272346302 
2081970, 652, 2.88750288750289e-05, 6120.46630457107 
2875777, 496, 2.87397614599799e-05, 7088.36896051648 
1406, 15, 2.78086763070078e-05, 447.702710494894 
3002903, 358, 3.0633500796471e-05, 6927.60069497645 
1335757, 1062, 3.10607237148626e-05, 29657.443407976 
3033387, 779, 2.96129586306968e-05, 10870.3968881918 
2919578, 19, 2.47176014039598e-05, 5517.75160194867 
2320270, 383, 3.11371279113215e-05, 10026.1736919073 
20, 87, 2.54543603319249e-05, 6297.07760141752 
2806442, 33, 2.44612411633766e-05, 2026.23429229807 
3068341, 42, 2.57645634194729e-05, 5137.85565161412 
2803845, 528, 3.03840544482256e-05, 6021.91350549348 
2698458, 4, 1.95744514259988e-05, 11.0414701412882 
2724123, 31, 2.38418806475455e-05, 166.056195213198 
1637862, 948, 3.02078298695022e-05, 17588.2644475644 
1902, 21, 1.84345389521808e-05, 654.134597419424 
216816, 1076, 2.94646277144288e-05, 21896.0916710398 
2920387, 170, 2.92945863604406e-05, 1320.5056292125 
980251, 954, 3.00498828054571e-05, 14089.0896661466 
2202000, 43, 2.06786740834178e-05, 7003.75933610143 
2683284, 1079, 3.01213891984698e-05, 30499.9507911135 
47879, 231, 3.04164005231621e-05, 2504.02293326172 
3033392, 890, 2.99275752678518e-05, 16457.3678226386 
3052086, 970, 2.9575298710517e-05, 32149.4622938225 
2057798, 682, 2.92158466752366e-05, 7686.34080329214 
405, 234, 3.06447658739887e-05, 52748.1799301178 
2861284, 10, 2.25891707515417e-05, 598.828140937967 
200451, 926, 3.10983953228013e-05, 26646.5616109662 
2494234, 1110, 3.08432545802233e-05, 37164.2086251457 
3022791, 749, 3.13440320962889e-05, 20846.8806976519 
19, 688, 3.1297924947576e-05, 40398.7141544653 
2821406, 777, 2.93797925786644e-05, 12987.0502040757 
3075123, 994, 2.99814115248546e-05, 27903.7771824617 
1678028, 31, 2.52168650393383e-05, 16164.294056907 
2994972, 480, 2.89125972186081e-05, 8802.64800933006 
189691, 924, 3.00751879699248e-05, 15505.6365645358 
2502781, 189, 2.72709918459734e-05, 22909.8363909082 
2675218, 982, 2.99787151122703e-05, 25079.9672001029 
2964616, 446, 2.86295055684388e-05, 30716.7279920074 
2876194, 1003, 2.99311583358276e-05, 34784.8151498044 
2911520, 892, 3.07276302851524e-05, 21671.9691235169 
2987688, 93, 2.83543155268232e-05, 15343.3627035903 
1637869, 959, 3.01750150875075e-05, 19534.6231378272 
28448, 1082, 3.02233505606432e-05, 27557.9085517435 
38302, 846, 2.98418382572366e-05, 12692.0112998084 
1085624, 166, 2.74914089347079e-05, 9622.56373893254 
2584094, 94, 2.71635790731787e-05, 8938.89934231934 
2742134, 23, 1.79814072249294e-05, 1074.79831530629 
563172, 122, 2.55095533277212e-05, 32150.5441513237 
231454, 136, 2.96876855480347e-05, 23904.9353140774 
3042299, 990, 3.06908510572998e-05, 46763.017036886 
1484898, 661, 3.09885342423303e-05, 11420.6477473618 
1821621, 974, 3.11313118734823e-05, 29374.4323796419 
2830842, 1027, 3.10356599733093e-05, 32416.1046705588 
72274, 343, 3.04627288512505e-05, 4407.21807548215 
1938604, 956, 3.04738686576261e-05, 22023.9303760947 
3015150, 17, 2.41592578275995e-05, 7804.79311470017 
1833, 810, 3.02343159486017e-05, 21839.3805857631 
2173174, 120, 2.67773463649752e-05, 9356.00698116611 
2587855, 1135, 3.03103782735209e-05, 40977.8822168628 
3048007, 1153, 3.09818136753726e-05, 42312.4024557926 
2011159, 145, 2.68499624100526e-05, 22086.5128268287 
2682228, 894, 3.06692019873643e-05, 13404.0700913687 
3029084, 1141, 3.02388872089507e-05, 42683.0801300228 
404941, 908, 2.9575298710517e-05, 16707.441409317 
122, 934, 3.04553068372164e-05, 18516.5251335138 
2081791, 195, 2.85388127853881e-05, 61585.3210742972 
2583823, 1114, 3.08880308880309e-05, 32513.9771883981 
2986947, 689, 3.12881324113764e-05, 18038.8247676137 
511, 615, 3.06701426161632e-05, 162988.352579943 
564137, 1047, 3.04293582448346e-05, 24777.0348226414 
1134687, 322, 3.05455434052172e-05, 5040.01601055596 
2070463, 6, 1.98989135193218e-05, 795.078948086998 
2691417, 628, 2.93875631832608e-05, 5097.83615847345 
3040943, 936, 3.04738686576261e-05, 22241.9064661278 
89154, 638, 2.91621708319967e-05, 8539.51384565161 
947919, 1043, 3.06946192332484e-05, 25396.4937479796 
405559, 960, 3.0765444253015e-05, 30327.0947622792 
558537, 44, 2.55473520169634e-05, 12030.9379732942 
199136, 304, 2.87348064710784e-05, 6715.68302630848 
2878680, 793, 2.98489642409408e-05, 12344.2912476205 
2895480, 174, 2.97876143099699e-05, 1504.84146179386 
46677, 480, 3.07059293149507e-05, 5853.15451669002 
2674991, 1014, 2.95639320029564e-05, 25493.2714655533 
1506334, 106, 2.97229818095351e-05, 6746.04066274154 
1670, 465, 2.89410470870836e-05, 13518.0970274446 
1736226, 390, 3.04553068372164e-05, 7161.28770210887 
2886936, 479, 2.92637246868781e-05, 111280.254014841 
2933872, 34, 2.30781657473864e-05, 22970.3085641462 
86265, 81, 2.94083049053053e-05, 9017.06521952675 
3031114, 42, 2.54097319273282e-05, 115672.646786895 
2944234, 213, 2.98142571777824e-05, 871.687826288778 
416273, 852, 2.98926852599169e-05, 11296.019884822 
67824, 192, 2.9709735880448e-05, 16256.193576878 
2894187, 99, 2.78048102321702e-05, 855.338788545844 
507626, 1083, 3.10164076796625e-05, 45444.9915071553 
64104, 39, 2.55349573566212e-05, 17791.3580417029 
1351, 36, 2.48508946322068e-05, 2.18332149559843 
196013, 80, 2.65477328236169e-05, 32665.64491697 
2571030, 117, 2.59215096687231e-05, 2333.27967824558 
1813451, 157, 2.84973354991308e-05, 13651.1958691797 
1771309, 991, 3.01813901548305e-05, 22128.0632797011 
2806263, 1030, 3.08956653381531e-05, 27241.159465037 
2901142, 972, 3.09798940487624e-05, 25769.214981741 
521, 873, 3.04971027752364e-05, 15057.620709307 
555573, 668, 2.97397769516729e-05, 8534.91089737144 
1499392, 819, 3.11623558741041e-05, 21905.1753179965 
239935, 673, 3.12148832563366e-05, 18022.0549950208 
29442, 68, 2.71186440677966e-05, 20.7307009020542 
62140, 1151, 3.0340726356989e-05, 41138.435047023 
2878535, 1048, 3.01713734009172e-05, 31967.8423965098 
2498848, 649, 3.11594428691615e-05, 18525.4865251045 
93681, 45, 2.70007560211686e-05, 19159.9738184473 
652, 1102, 3.06569790612833e-05, 45639.7770976377 
2895486, 393, 3.11983277696315e-05, 9774.97305624392 
2029983, 113, 2.5543436613962e-05, 17451.7028080377 
1547448, 836, 2.9671829565011e-05, 25015.9607725848 
2078786, 370, 2.9930262488402e-05, 6086.25444587565 
2079791, 486, 2.94351396697377e-05, 3382.95109471746 
2902624, 958, 2.9956263854772e-05, 24777.4054897428 
1471761, 160, 2.92937282127896e-05, 143043.163441816 
2587848, 7, 2.08781343299163e-05, 9820.07174882621 
2527691, 34, 2.68976276292431e-05, 5117.81638811989 
2910158, 137, 2.6351849899863e-05, 16221.0230236598 
53246, 174, 2.77723775932458e-05, 23270.4759809973 
1457250, 952, 3.01295570955107e-05, 21857.3833521538 
155925, 18, 2.78442947040151e-05, 282.481506434494 
239759, 996, 3.09607108579213e-05, 28335.4889043529 
274537, 1073, 3.1055900621118e-05, 32443.8985606135 
2759954, 239, 2.81349351489745e-05, 73153.4846501229 
198618, 755, 3.12460942382202e-05, 21372.8244134606 
33052, 90, 2.66602682022981e-05, 11877.6751787769 
35799, 15, 2.80324054607126e-05, 18.3943660576357 
191292, 327, 2.83704039945529e-05, 89165.6380376408 
1930277, 1004, 3.04645849200305e-05, 24120.5475145674 
74033, 1087, 3.08842150776738e-05, 29688.7926436431 
3045156, 201, 2.80528515723623e-05, 65106.8590666044 
239934, 802, 3.14396202093879e-05, 27574.2787986151 
2527968, 951, 3.0188679245283e-05, 15984.4549267046 
2587842, 1062, 3.07749122915e-05, 28695.6082583434 
265606, 941, 3.05913304169598e-05, 16323.4824313658 
2699430, 1022, 3.10385498789497e-05, 25493.0296711651 
1434191, 987, 3.07389647116685e-05, 38828.4173055225 
2737173, 631, 2.95124542556959e-05, 6318.54814693365 
349221, 192, 3.06616790335439e-05, 31499.8336748779 
1279031, 1, 2.04800524289342e-05, 0 
2590869, 9, 2.21763910141264e-05, 225.298379877926 
2730359, 1119, 3.10887272275073e-05, 35000.982826625 
1108, 957, 3.03831312855103e-05, 20762.4231570871 
413810, 1037, 3.03803621339166e-05, 23955.9074486497 
604330, 1090, 3.04275064658451e-05, 33789.1407452542 
2126321, 1075, 3.021787084882e-05, 29808.6787291448 
1072256, 949, 3.01431801055011e-05, 22045.5422092463 
191390, 979, 3.14693016961954e-05, 33653.7855810512 
55968, 793, 3.02562706120844e-05, 14267.5294228032 
1679096, 988, 2.99580587177951e-05, 25398.563101653 
182710, 13, 2.34703217781116e-05, 11724.5128943474 
2723776, 1000, 3.03582270795386e-05, 19926.6071031645 
184917, 1092, 3.01768362604865e-05, 32587.0718884209 
2494550, 1126, 3.0438620521718e-05, 34136.247664805 
2876193, 891, 3.02526092875511e-05, 21460.9854855881 
35814, 920, 3.07531445090261e-05, 18370.827592477 
538949, 1109, 3.02123931236593e-05, 34602.8091403239 
2609252, 488, 2.89905490809996e-05, 11706.8085067936 
2978474, 652, 2.97885016383676e-05, 4842.81819328102 
2217913, 880, 3.06166187006307e-05, 21079.5394092398 
2508289, 1050, 3.09866137828458e-05, 30552.4092918926 
2781024, 38, 2.58071176030349e-05, 6239.7116459332 
3038546, 97, 2.95963063809637e-05, 1600.59309402688 
71254, 845, 3.00066014523195e-05, 14512.234046356 
859143, 26, 2.3039882035804e-05, 19833.9053548867 
890, 137, 2.65097290705689e-05, 12134.199011998 
171549, 157, 2.72323738460282e-05, 27366.8878033329 
869888, 1003, 3.00742834801961e-05, 25639.8358790079 
1883414, 1017, 3.09674222717701e-05, 28485.6510151374 
2072405, 47, 2.65695990647501e-05, 10741.234989048 
3033810, 45, 2.08190202569067e-05, 18996.9019755313 
2814653, 940, 3.01786576533076e-05, 17340.6823740489 
171163, 857, 2.99311583358276e-05, 16646.1500113365 
261284, 1114, 3.06194310909703e-05, 40294.951524663 
2917727, 213, 2.8999797001421e-05, 47991.6197838644 
1860122, 920, 3.10154456919546e-05, 26788.2184441844 
2728024, 204, 2.74891417889933e-05, 35121.7426948208 
2812658, 1021, 3.05530094714329e-05, 25919.5329316924 
3061632, 1062, 3.09559187716691e-05, 29197.453513691 
44252, 949, 3.06983883346124e-05, 18426.2808609912 
101564, 90, 2.83414578845936e-05, 5172.84111465011 
876, 1119, 3.07484164565525e-05, 35922.5250564997 
191610, 647, 2.93910181048672e-05, 10596.7785688007 
2895473, 243, 3.06466441924609e-05, 31350.7044519947 
3033388, 877, 3.008876184745e-05, 18790.6785392797 
2706126, 551, 3.12998841904285e-05, 16251.4006402206 
2842355, 362, 3.01768362604865e-05, 3421.14463427207 
2932248, 159, 2.9129890180314e-05, 54928.0210716915 
319501, 1049, 3.05492759821592e-05, 28979.7412648227 
1889240, 1116, 3.02782571835165e-05, 34945.4147818647 
485898, 703, 3.12207305650952e-05, 17016.2827793112 
658446, 1062, 3.11003296634944e-05, 37899.4543357758 
340320, 966, 3.02535245356084e-05, 24350.4297188337 
1188319, 758, 3.1804592583169e-05, 60969.5410490901 
2961597, 1013, 3.02416306287235e-05, 24237.2194825437 
2675232, 23, 2.19187690419306e-05, 4044.5921417533 
29311, 899, 3.01923251109568e-05, 24570.4297269271 
376, 167, 2.91587694999271e-05, 32253.1159339741 
1785161, 394, 3.05604791883137e-05, 6255.01428855623 
2758038, 1075, 3.10896937665164e-05, 32355.70698763 
95300, 788, 3.14406086901842e-05, 37367.0363593784 
3031916, 964, 3.01150394507017e-05, 19048.8617662856 
1173025, 1064, 3.06184935701163e-05, 25015.4733163123 
2017482, 1001, 3.08880308880309e-05, 27960.0373957947 
1802, 803, 2.95307562826684e-05, 8979.16006192369 
192389, 183, 2.57486417591472e-05, 513.752477453127 
2569540, 489, 3.00138063509214e-05, 54045.0037182416 
2692125, 831, 2.96287517406892e-05, 11636.3141796043 
2726989, 690, 3.17752851831845e-05, 34100.2077578431 
2906514, 909, 3.05548765582987e-05, 17890.0501275421 
3026418, 223, 2.77878122655403e-05, 42126.3200574663 
2795293, 818, 3.13873195229127e-05, 23851.7904788298 
2806989, 120, 2.74055194716216e-05, 42144.115514834 
2867236, 67, 2.65118375354596e-05, 7478.71337516832 
147206, 1049, 3.01077858734269e-05, 24902.9612417598 
2781023, 48, 2.61821228465204e-05, 9369.7970369394 
1495638, 42, 2.0083950914824e-05, 11486.4803589066 
1737425, 784, 2.98623346373219e-05, 14721.9736709367 
59561, 729, 2.97619047619048e-05, 10730.7682894978 
2876190, 966, 3.03840544482256e-05, 29176.3159861221 
481, 737, 3.12022215981778e-05, 22369.0802226316 
92945, 1047, 3.06814346638849e-05, 27432.0920866216 
2877939, 750, 3.06372549019608e-05, 13886.8910399395 
368607, 12, 2.28300077622026e-05, 601.265011840813 
2867020, 1098, 3.12051426075017e-05, 35922.1229543816 
2918528, 988, 3.14742540601788e-05, 32228.0872466346 
296842, 1131, 3.05492759821592e-05, 35172.222728798 
3034025, 984, 3.03942129418559e-05, 25204.5218783761 
200450, 779, 3.12226801548645e-05, 23271.6999331831 
2712698, 801, 3.11730415536644e-05, 33190.1812790916 
29581, 8, 2.2161647053609e-05, 101.522995041912 
471189, 1078, 3.05791694697572e-05, 28960.2274345788 
1679444, 497, 3.11730415536644e-05, 9625.45738731891 
328813, 890, 3.02270048060938e-05, 23516.8566242853 
533, 905, 3.0757874015748e-05, 40038.6953552832 
2817656, 977, 3.10019841269841e-05, 31155.6421055478 
2880932, 1052, 3.1082929255253e-05, 37969.5289758703 
81032, 1008, 3.03241653273494e-05, 20274.1939460534 
2009329, 1099, 3.08584829969759e-05, 37395.6888788529 
2762577, 791, 3.11973544643414e-05, 21222.6457331742 
2931977, 928, 3.0484087306426e-05, 22648.1418074469 
299262, 1035, 3.07948141532966e-05, 32288.908120679 
3064531, 937, 3.1175957101883e-05, 28847.7302903682 
421628, 922, 3.14238129654652e-05, 28781.3900140461 
629680, 758, 2.95490810235802e-05, 12010.0372199629 
2704463, 840, 2.97220983801456e-05, 9309.95285343112 
163359, 1087, 3.1210986267166e-05, 32781.1471764839 
195913, 1061, 3.11788731955227e-05, 45400.7421368884 
2979467, 64, 2.61588364549545e-05, 6036.9554040556 
2724527, 105, 2.70767897758042e-05, 7113.60084975558 
2910984, 1109, 3.08251903455504e-05, 31102.5573494159 
52022, 1072, 3.06203686692388e-05, 34212.6041294179 
1176257, 851, 3.14524753098069e-05, 23600.0195483754 
646637, 27, 1.86950831931202e-05, 5095.41375880911 
183795, 284, 3.08804002099867e-05, 6561.36716037147 
2505979, 193, 3.03812851283609e-05, 4038.80320692943 
2733571, 1056, 3.03711352730365e-05, 29842.1800971775 
285091, 1064, 3.14594016421808e-05, 47994.8474533762 
2867016, 1082, 3.09693403530505e-05, 30395.8421916024 
3053904, 962, 3.02133059399359e-05, 26313.8828540752 
1262452, 45, 2.07198060626153e-05, 16092.3659162945 
2779519, 1123, 3.05483427524057e-05, 31396.9785154635 
1379040, 910, 3.05763644702645e-05, 16976.4869165974 
2518599, 927, 3.08804002099867e-05, 23412.1192211455 
38304, 1049, 3.05064063453325e-05, 35944.7547595727 
1283291, 503, 3.15726328418527e-05, 22224.2791579137 
1455, 12, 2.5117423956999e-05, 1282.6802842449 
317660, 14, 1.96796158538985e-05, 66510.8280872972 
2842356, 787, 3.10115983377783e-05, 15245.9996048371 
427923, 1031, 3.13597591570497e-05, 34624.8301509801 
2666185, 1019, 3.14129547025193e-05, 27034.1170164952 
2911527, 14, 1.97636270208309e-05, 5190.93589208626 
3016087, 285, 2.83527076835838e-05, 14881.1638690664 
361111, 1066, 3.11119407628648e-05, 32318.3554662263 
635, 1059, 3.08270908474367e-05, 29050.2401044344 
1442136, 999, 3.15437511828907e-05, 38971.7869530293 
28097, 285, 2.99589562299649e-05, 2181.7643545518 
3051614, 9, 2.0225309952875e-05, 335.729254173989 
1960083, 576, 2.94594196494329e-05, 9462.13510418124 
3041098, 849, 3.15169088215828e-05, 26574.8348538527 
35701, 1060, 3.14277632860869e-05, 38911.0341131382 
1404244, 981, 3.02379728463004e-05, 30516.6231566636 
3032584, 920, 3.01795684321714e-05, 24928.2686354511 
93222, 1107, 3.12363341038296e-05, 37766.0309751619 
2794089, 888, 3.01059730250482e-05, 25690.4017273225 
1985254, 37, 2.7753878604535e-05, 1970.7563796579 
2796139, 1075, 3.13234142521535e-05, 39363.9492806736 
2806252, 812, 3.03352040042469e-05, 24043.8080701784 
83654, 981, 3.13863343900066e-05, 26706.3343815704 
897, 1033, 3.13136057617035e-05, 26765.0432519015 
2020716, 986, 3.05315543614325e-05, 27099.0688329512 
387341, 959, 3.05231670838166e-05, 19909.0899811205 
88138, 17, 2.39836910900588e-05, 1993.6355179488 
1003114, 38, 2.43563825900577e-05, 1036.00655098086 
1331910, 952, 3.0519440883843e-05, 17804.5035360188 
2734634, 1141, 3.13489451079971e-05, 49958.4589537916 
2909283, 209, 2.89343479644686e-05, 53940.7400276433 
3052091, 33, 2.33437602128951e-05, 41142.8718541993 
487184, 932, 3.13646771006493e-05, 39474.317350131 
758782, 1012, 3.09655044280671e-05, 23071.4559678917 
2718938, 173, 3.01804792660107e-05, 44405.0820523035 
55395, 88, 2.68290719824001e-05, 3756.99937438422 
936337, 881, 3.02535245356084e-05, 16262.6676619645 
231439, 1086, 3.11507071210516e-05, 34004.7574292656 
2961570, 992, 3.07484164565525e-05, 26799.3379517269 
1325107, 315, 2.94412059117941e-05, 19581.1100619999 
2055955, 158, 2.67422581162753e-05, 18943.097348393 
1710539, 997, 3.08156913500354e-05, 24887.3855085865 
38501, 22, 2.5566293398783e-05, 3970.46665568694 
255984, 69, 2.69041405472302e-05, 16630.2227518933 
638849, 1143, 3.11032316257659e-05, 56201.6321649331 
2494702, 315, 2.89536163066767e-05, 1577.5212691547 
184748, 938, 3.1312625250501e-05, 37958.6029111702 
1871022, 1016, 3.07531445090261e-05, 27994.0414817477 
2867264, 438, 3.14040762490971e-05, 21651.5902084059 
446660, 1075, 3.09616694532169e-05, 40503.5087856946 
582, 430, 3.0392365437802e-05, 118568.786251673 
702114, 1042, 3.16967257282323e-05, 59063.4079391669 
290400, 1069, 3.11245292414952e-05, 33817.0573635021 
426114, 458, 3.0543677458766e-05, 22910.3216688353 
1758178, 1034, 3.12139089178138e-05, 61298.2726261499 
2775080, 1004, 3.12812812812813e-05, 23650.9774492703 
2886940, 608, 2.95875495591455e-05, 17733.1300118997 
57494, 441, 2.957267484844e-05, 6213.22102842289 
1529068, 986, 3.09004387862308e-05, 25705.5720217669 
2805590, 13, 2.28874851231347e-05, 27953.7467817852 
445930, 970, 3.03757480027946e-05, 22770.6556626178 
492670, 9, 1.94730590228419e-05, 2017.01560375356 
78448, 1039, 3.06692019873643e-05, 29092.3053191482 
2652443, 1132, 3.07332964533776e-05, 42294.3877884734 
472181, 861, 3.14040762490971e-05, 29040.1900454069 
2599399, 792, 3.03287637995875e-05, 17854.0345007933 
2763071, 968, 3.02407161001573e-05, 13724.6161726021 
1191912, 18, 2.09683168732046e-05, 7675.78075102612 
1234, 706, 2.90267336216656e-05, 1990.94528025475 
2675378, 1017, 3.07730182176268e-05, 28090.5145475681 
1590, 26, 2.08925288316898e-05, 1687.07895528878 
1907662, 1069, 3.09779746600167e-05, 31051.3787255449 
3022676, 202, 3.02764237488268e-05, 169147.120737741 
2305221, 22, 1.78881276496789e-05, 742.803168201872 
2501295, 310, 3.07881773399015e-05, 69458.6820670154 
2697565, 862, 3.00634338454138e-05, 19003.3618794235 
1550733, 93, 2.65027032757341e-05, 4207.73391692033 
172827, 955, 3.10597589762703e-05, 28863.246248225 
2086585, 1057, 3.10289189524637e-05, 26340.3639549975 
135740, 966, 3.11769290724864e-05, 27365.052688684 
2219225, 421, 3.06955614218184e-05, 15334.0118622205 
2489213, 1085, 3.10597589762703e-05, 33500.9548208622 
3038545, 93, 2.95954304655361e-05, 5341.4022947551 
164608, 97, 2.92885803825089e-05, 31208.2523074501 
1842532, 649, 3.10964612227129e-05, 17943.9460571018 
2769067, 966, 3.09252845126175e-05, 26462.3198209755 
2816859, 440, 2.93237933259046e-05, 6242.63241035222 
304378, 61, 2.64816482177851e-05, 4175.57409583173 
3059028, 938, 3.02544398390464e-05, 17812.2965805191 
370324, 865, 3.06532201207737e-05, 18599.4067818575 
1705566, 21, 2.56305105597704e-05, 14731.7019940086 
2044521, 950, 3.02462041013853e-05, 24586.7607728004 
47878, 983, 3.16285542587848e-05, 41051.5010966769 
2028345, 916, 3.14881289753763e-05, 32106.3260390132 
2319843, 137, 2.93521970119463e-05, 43073.5616682568 
271420, 827, 3.16686195648732e-05, 26250.6087908557 
179637, 946, 3.04071517620944e-05, 23001.4677199093 
2994971, 486, 2.92902961248938e-05, 8679.34463010101 
2020313, 22, 2.38237045860631e-05, 65.6760808532212 
1684, 845, 3.05082677405577e-05, 20093.7578877913 
84406, 11, 2.42019409956679e-05, 6100.45731887023 
1632865, 933, 3.09061688713067e-05, 21116.843742976 
3034024, 1010, 3.07389647116685e-05, 31063.3034705906 
2837511, 6, 2.06543291473893e-05, 429.06094097024 
3026423, 230, 2.85836787194512e-05, 57271.6978226903 
2585118, 1057, 3.08632449615753e-05, 30331.8428536979 
199441, 8, 2.00340578984273e-05, 265.26381770284 
2714936, 197, 2.79407655769768e-05, 53443.8314063143 
2932249, 80, 2.79790716544025e-05, 8547.38878165358 
3070681, 55, 2.29953779290363e-05, 12854.536144542 
512763, 145, 2.73485573635991e-05, 9206.61963129103 
2584944, 1020, 3.14920954840335e-05, 24170.271020722 
3015158, 244, 2.82262617138986e-05, 3651.1961602465 
2000, 73, 2.7580880933337e-05, 21157.6275914152 
2763010, 248, 2.81404772624944e-05, 12315.4723366574 
46679, 540, 3.15746266300401e-05, 17198.1522194398 
2951988, 39, 2.06002925241538e-05, 10777.4297529226 
2583231, 203, 2.84948994130051e-05, 40327.515646062 
1434011, 1044, 3.13932316192629e-05, 34906.6737744173 
2684212, 644, 3.16025661283696e-05, 27981.5829721035 
376805, 449, 3.05614131597445e-05, 239786.475503842 
413503, 29, 2.6655293741337e-05, 8.14489502243847 
63186, 407, 2.82286520818631e-05, 17164.8240359629 
1006, 423, 2.84519304634819e-05, 25101.2832939819 
1306274, 4, 2.06155812563135e-05, 9488.22193523805 
143223, 492, 2.77369428341608e-05, 14556.9916552009 
1526571, 542, 3.10221808593144e-05, 29112.152445876 
1584, 705, 3.09693403530505e-05, 27155.4016230457 
1615494, 755, 3.10925937441701e-05, 41798.4212752682 
232259, 411, 2.83607487237663e-05, 14504.1057208295 
2584122, 417, 2.73702649441647e-05, 18085.8237641383 
2590012, 11, 2.12499203127988e-05, 4168.58258531713 
2706887, 420, 2.87422395953093e-05, 27995.7630318323 
2862509, 455, 2.76060070671378e-05, 9105.48086039245 
2908840, 47, 2.56508913684751e-05, 603.890185569168 
935222, 430, 2.72005222500272e-05, 9049.05957805126 
1761794, 677, 2.98783949326242e-05, 38582.5001095858 
2529032, 387, 2.49078409883431e-05, 6256.90426014411 
2567937, 410, 2.77307894955769e-05, 11217.1020405095 
2782686, 161, 2.75391055298524e-05, 1513.25314229343 
2896860, 431, 2.7311211252219e-05, 7883.07109881306 
2904129, 40, 2.69665345306475e-05, 82.7510419259447 
296745, 284, 2.69447363457549e-05, 20555.6928549925 
338191, 422, 2.89410470870836e-05, 5268.95818992802 
38308, 514, 3.00697618474862e-05, 37642.9641497982 
1591409, 535, 2.87488500459982e-05, 15120.7519832919 
1869241, 424, 2.98587680272312e-05, 12400.317213011 
199, 34, 2.69294985727366e-05, 26873.5620915945 
2015076, 492, 2.78071297480674e-05, 18512.5886729033 
2107709, 56, 2.56351098464457e-05, 826.884272406421 
2685834, 375, 2.81618744543637e-05, 22714.3931554479 
2733484, 477, 2.88134616492825e-05, 17532.9689767619 
2893884, 427, 2.67486960010699e-05, 15217.0491541653 
2895489, 16, 2.54530645489717e-05, 14.101466033822 
2932268, 470, 2.58571650204272e-05, 13384.8298845838 
2976431, 29, 2.50225202682414e-05, 115.001159449472 
2986823, 395, 2.68211565282695e-05, 8190.27480812459 
882104, 650, 2.9440339152707e-05, 24154.8755740455 
96345, 440, 2.67065484456789e-05, 35788.1123008165 
1476754, 2, 1.54161592180924e-05, 0 
1717717, 420, 2.750123755569e-05, 16153.4656416281 
182337, 394, 2.8434940855323e-05, 6625.22603550814 
2585771, 399, 2.8169014084507e-05, 11579.0756573623 
2605424, 8, 2.34082397003745e-05, 26.1897699695205 
471, 461, 2.69730808652964e-05, 60031.2282985824 
553611, 172, 2.92774329546785e-05, 38872.1060402939 
1218801, 431, 2.98302657876682e-05, 129841.718023149 
1505, 78, 2.39211558702516e-05, 2554.47236699523 
178899, 660, 2.86172161172161e-05, 28719.7074935194 
2047, 435, 2.95220382015174e-05, 10518.0358266457 
241425, 418, 2.91349823733357e-05, 15441.6919435153 
2893202, 439, 2.71282079105854e-05, 7753.6738011135 
2911176, 5, 2.34554580850964e-05, 2.39734945894129 
2933777, 165, 2.96287517406892e-05, 26484.8401576303 
3034146, 463, 2.67916945746818e-05, 10772.1432728606 
86304, 366, 2.84389841594858e-05, 17909.2785542936 
150247, 7, 1.63601858517113e-05, 9240.55752983947 
1761453, 434, 2.7957951241333e-05, 17774.6533335933 
2058136, 25, 2.5642340632853e-05, 281.624749552612 
2202721, 421, 2.75239458328746e-05, 10469.5865091307 
2487065, 494, 2.6914278024492e-05, 14672.2288651201 
2818390, 84, 2.70570091182121e-05, 12042.7112504468 
2853439, 362, 2.71444082519001e-05, 14686.2526304975 
2994319, 486, 2.73104653703299e-05, 13650.939609712 
542, 337, 3.02206104563312e-05, 138653.291657101 
232346, 420, 2.85494047449111e-05, 13820.4566303611 
2508307, 395, 2.84252416145537e-05, 7798.21754201692 
2681983, 12, 2.3235280449835e-05, 369.952399543606 
2893885, 420, 2.77261762830288e-05, 12414.3771353611 
2966552, 558, 2.83728188395517e-05, 23215.0413767401 
3003263, 463, 2.76403438458774e-05, 11303.9798221227 
40214, 25, 2.63247953247164e-05, 1757.07754650963 
403957, 5, 1.92707931858475e-05, 1.1941534337926 
53419, 656, 2.96823983377857e-05, 39522.7473650174 
551989, 418, 2.86754795973963e-05, 14850.3061250378 
1232428, 14, 2.73545422217359e-05, 2.29371212173532 
1397703, 600, 3.07276302851524e-05, 28480.3017147146 
1493, 114, 2.25199864880081e-05, 4423.80639904331 
1561003, 73, 2.03309884926605e-05, 10045.9047428125 
161360, 10, 2.28143821865304e-05, 9956.75184425702 
2338073, 260, 2.89787875275298e-05, 5191.31116700429 
2494375, 414, 2.69730808652964e-05, 7884.20428714157 
271865, 138, 2.94160906015591e-05, 11249.9870016585 
2745514, 5, 2.40987083092346e-05, 8.99399515956714 
425, 567, 2.86049372121628e-05, 19022.6936756718 
545, 346, 2.8730678618629e-05, 9092.19674143473 
568768, 446, 2.85746942507715e-05, 13411.7091697826 
585425, 623, 2.89620018535681e-05, 35608.4226803121 
595468, 529, 2.81404772624944e-05, 23406.0055643086 
1470434, 426, 3.08308925543394e-05, 92335.3673929432 
1534110, 26, 2.55010965471515e-05, 112.76487623018 
2209, 10, 2.4563385817101e-05, 10978.9253968236 
2614693, 195, 2.89159413584709e-05, 28713.0847357826 
3003257, 459, 2.70496902810463e-05, 5992.12585542292 
3073563, 395, 2.48052785632783e-05, 3600.22889291183 
554, 346, 3.09033035631509e-05, 72339.9253402488 
664683, 598, 2.9655990510083e-05, 52714.7374947176 
99807, 517, 2.91434733191502e-05, 17171.3596713902 
1400866, 689, 2.98801804762901e-05, 26235.4483705031 
1868325, 620, 2.92980194538849e-05, 28051.9051878819 
1871021, 542, 2.93444450965432e-05, 22512.2316637284 
2005462, 598, 3.10983953228013e-05, 34475.1630381229 
238, 404, 2.78536014706702e-05, 14760.6550095989 
2686366, 432, 2.56403681956873e-05, 4849.53335485302 
2937786, 357, 2.46968462127386e-05, 841.772893461739 
3023076, 175, 2.80859429855357e-05, 1298.68445637782 
3032287, 2, 1.68421052631579e-05, 9218 
312277, 418, 2.55141093024443e-05, 3636.32027841184 
59893, 3, 2.01049478276604e-05, 0 
1069494, 107, 2.62281322946993e-05, 9686.65629013223 
161154, 432, 2.73882559158633e-05, 14472.4360941898 
1712410, 426, 2.90124173146107e-05, 84461.5049002323 
2320, 347, 2.80410521002748e-05, 43041.1246695455 
2881428, 586, 2.78947808864961e-05, 33119.4926129942 
300825, 2, 1.82818698696503e-05, 21.5236171451797 
57706, 444, 2.95290122545401e-05, 28152.2291098936 
1630406, 308, 2.44379276637341e-05, 14369.839985077 
1936021, 577, 2.75763174585666e-05, 37386.8760984263 
2082587, 2, 2.31192490867897e-05, 0 
2675298, 62, 2.76854928017719e-05, 5935.81470802683 
2742624, 456, 2.90132590593901e-05, 12672.5810459916 
291990, 482, 2.77685216039098e-05, 15287.2160735023 
298596, 13, 2.2337383845604e-05, 1102.1016502161 
3002643, 1, 2.28331354461595e-05, 0 
3074378, 24, 2.52404149524218e-05, 124.003646276005 
398743, 409, 2.74235568353215e-05, 9585.66842111779 
485448, 233, 3.05754295847857e-05, 81212.2766556765 
131111, 281, 2.74438772709808e-05, 8070.39199749067 
1727196, 512, 2.86090290095554e-05, 15836.4561053832 
2496266, 237, 2.87265519519692e-05, 19241.435353505 
2707174, 40, 2.02437345641524e-05, 57.7264830204944 
2839024, 484, 2.9440339152707e-05, 88477.4551501388 
2867408, 46, 2.60715403066013e-05, 6254.16395983811 
3029399, 4, 2.29526257803893e-05, 10.3399780933192 
756892, 366, 3.02773404384159e-05, 132767.026600351 
779, 140, 2.2915807323892e-05, 5495.37107551965 
1017, 137, 2.71076172404446e-05, 2204.0150633663 
1458307, 377, 2.99248885297902e-05, 42808.4875060387 
1639108, 338, 2.98489642409408e-05, 38988.2733528481 
2268024, 146, 2.86590433611326e-05, 23504.7754155282 
2697010, 150, 2.3071776296057e-05, 15938.8756461685 
2976127, 462, 2.6816840976133e-05, 8773.19900553432 
298, 9, 2.4147590070511e-05, 7.55811213890735 
373687, 154, 2.79431078324531e-05, 2480.26122413651 
55197, 430, 2.53948905480217e-05, 21457.6337825159 
138074, 660, 3.02819247191351e-05, 52795.1912189532 
1671721, 585, 2.89838270245203e-05, 26229.1052766145 
2094025, 431, 2.6725105564167e-05, 4240.57815983761 
2242, 65, 2.52448752903161e-05, 828.651050698173 
2801997, 156, 2.40523378872426e-05, 355.700364312766 
2905121, 453, 2.70841232869292e-05, 11155.1668902556 
2986829, 482, 2.68846112485213e-05, 13815.4193881751 
323284, 25, 2.7401764673645e-05, 634.491591577231 
88058, 594, 2.94542134252305e-05, 21166.1796454992 
1464, 35, 2.76962277737772e-05, 991.011365008324 
1526927, 2, 1.89136026630353e-05, 1039.17524740143 
155977, 2, 2.30112525024737e-05, 6.73350454527835 
1736, 514, 2.87290278096989e-05, 22865.6707495908 
2560057, 227, 2.858041098631e-05, 7748.22020132805 
2715212, 467, 2.79329608938547e-05, 30341.1442392656 
2749995, 235, 2.41540059418855e-05, 19796.2845659119 
2895472, 20, 2.37000521401147e-05, 2969.93144489164 
2917990, 2, 1.48104265402844e-05, 0 
29533, 402, 2.80112044817927e-05, 23030.0616075617 
37637, 601, 2.95185524101898e-05, 25673.7479677138 
431306, 561, 2.92406210707915e-05, 14883.5118122205 
550984, 428, 2.87529831219989e-05, 22204.6880315499 
552, 649, 2.98891113967182e-05, 33778.3448234962 
561061, 421, 2.81341435966689e-05, 13640.1080244047 
889453, 488, 2.80473439165311e-05, 33653.3589168441 
1096868, 2, 1.89007333484539e-05, 0 
1232427, 14, 2.52155933229109e-05, 1.76641391096986 
2039166, 348, 2.63490725126476e-05, 43503.0751083738 
2079234, 196, 2.92081666033823e-05, 1517.39591085645 
2935040, 5, 2.3587130861402e-05, 2.62911923652651 
3058432, 279, 2.62894999737105e-05, 23616.2960329769 
452, 452, 2.90841404182299e-05, 133857.077566919 
571256, 125, 2.80670240534396e-05, 3491.17671269451 
82987, 244, 3.03021120572104e-05, 57579.1649239648 
82995, 488, 2.8872527789808e-05, 26480.9439955703 
1130723, 450, 2.77354042435168e-05, 22104.8881638566 
128574, 7, 2.30366974590523e-05, 19.3897329865712 
1529, 99, 2.28305289833565e-05, 21145.2970389154 
170679, 73, 2.23944103551753e-05, 4094.12194764352 
191412, 251, 2.58237785352753e-05, 5610.59926800173 
2033032, 54, 2.6160889470242e-05, 58.917579532312 
2746225, 427, 2.61048894457932e-05, 3774.10288012287 
2779359, 468, 2.79493557673496e-05, 22210.4076244921 
2914041, 534, 3.03812851283609e-05, 13336.2435073332 
863643, 549, 2.76121051468964e-05, 134613.112955879 
1987356, 29, 2.50808858568885e-05, 198.561916606918 
2026240, 521, 2.8587764436821e-05, 23561.9697659251 
2508306, 293, 2.78660201749986e-05, 5566.55956057155 
2731755, 402, 2.86911114936593e-05, 62888.8436711954 
2739063, 475, 2.87852619458837e-05, 56855.5389520869 
34085, 453, 2.81325606256681e-05, 34866.0372979009 
673, 463, 2.9678874577076e-05, 205215.259741332 
88190, 469, 2.74137836504194e-05, 22492.4669410982 
2100422, 233, 2.77507978354378e-05, 4447.54812504929 
253703, 24, 2.45603693879556e-05, 18966.7141922881 
2759736, 719, 3.030670384289e-05, 35440.7656281779 
2864201, 95, 2.47451252103336e-05, 28604.4470007687 
3032586, 444, 2.76365244306876e-05, 9625.1573698882 
483937, 395, 2.84495021337127e-05, 7863.95986758657 
2320868, 147, 2.29252636405319e-05, 17267.9252892252 
2576902, 565, 3.02498638756126e-05, 15270.7462888173 
2795973, 616, 2.85730613177896e-05, 19177.3817919757 
2865840, 2, 2.27764491515773e-05, 0 
3031997, 434, 2.6085141903172e-05, 5753.9333684247 
32207, 4, 2.40101803164542e-05, 0.0960538428461547 
339617, 402, 2.95115832964439e-05, 29467.1993594876 
391613, 553, 2.89201226213199e-05, 37653.3544530518 
568386, 391, 2.69447363457549e-05, 20356.2073703092 
839, 369, 2.89745892851969e-05, 18371.4482863005 
1124835, 465, 2.78800044608007e-05, 23449.6019055425 
1173263, 5, 1.98172846356592e-05, 0 
1217282, 420, 2.84228178381605e-05, 31084.0438240504 
1522, 47, 2.22588256243601e-05, 4245.68810525363 
1706371, 11, 2.12296195652174e-05, 9218.12167674112 
1866325, 178, 2.8705936387645e-05, 6753.36442015655 
2665646, 760, 2.95744240380919e-05, 56970.0467485457 
2814293, 389, 2.92431863375833e-05, 17296.9745631921 
1561, 155, 2.3587130861402e-05, 25082.2188016732 
1750598, 675, 2.8907582458879e-05, 35497.2207143556 
1751056, 462, 2.6724391351987e-05, 8929.67986808265 
1912324, 84, 2.52346825476935e-05, 6028.35626813821 
2099387, 353, 2.94117647058824e-05, 11325.4694725895 
2220073, 494, 2.88093111693699e-05, 92278.3389452305 
2599305, 668, 2.91146242757737e-05, 48964.8449613926 
2665645, 461, 2.70014850816795e-05, 7920.89386654036 
2675331, 406, 2.5312610742672e-05, 3735.79341799026 
2743000, 123, 2.63345008295368e-05, 4183.8047068774 
2809708, 1, 1.97246439701763e-05, 0 
2838877, 421, 2.52283162621727e-05, 6757.672444686 
290053, 440, 2.79782888478541e-05, 23380.0126128793 
2986922, 228, 2.60057732816685e-05, 3639.40253329382 
367188, 545, 2.87612528401737e-05, 50052.3041930466 
1134405, 558, 3.02855931433417e-05, 96157.9201953796 
1159327, 12, 2.56884504726675e-05, 0.685192458292861 
146786, 406, 2.84139341933284e-05, 9235.70119671201 
158481, 548, 2.9129890180314e-05, 33089.5093303477 
1813611, 340, 2.46232640598838e-05, 1732.80241022278 
1903276, 479, 2.8495711395435e-05, 12987.9769893822 
2597518, 396, 2.99186213499282e-05, 60905.2111174372 
264686, 513, 2.99007295778017e-05, 15379.7772975014 
2746060, 18, 2.26387756950104e-05, 14089.0364569232 
2761580, 483, 2.78349941546512e-05, 12951.8845679394 
2780922, 634, 2.89159413584709e-05, 23555.8164899755 
28196, 131, 2.19082046226312e-05, 3354.61390129368 
289435, 467, 2.86911114936593e-05, 12913.44862235 
2976884, 16, 2.37563548249157e-05, 5442.71836687385 
2980181, 99, 2.61506276150628e-05, 2249.56173790623 
837, 327, 2.92491737108427e-05, 55022.5473109222 
1045808, 4, 2.16188170183328e-05, 0.230919851352002 
1055688, 58, 2.52244980324892e-05, 279.25777335293 
118613, 11, 2.26039783001808e-05, 2263.56327768325 
1383885, 450, 2.67830838042692e-05, 12202.7847917336 
1597, 376, 3.02334018623776e-05, 118335.167107733 
1685010, 494, 2.68622236548741e-05, 14490.9431516273 
1702221, 504, 2.82342311818849e-05, 14427.203826794 
1729720, 435, 2.77762346536304e-05, 11371.10407219 
2597515, 126, 2.87844333784289e-05, 814.18322092318 
2744519, 21, 2.66141480811199e-05, 31.5194195794427 
2937442, 477, 2.69723533378287e-05, 13077.5186903352 
2994495, 3, 2.0717230520624e-05, 3697.52292402976 
3045146, 359, 2.6361575367744e-05, 2107.05963065898 
438033, 179, 2.844221963082e-05, 3222.65567821138 
1490, 111, 2.36524042668937e-05, 7152.70205485688 
171, 323, 3.10010230337601e-05, 269807.641684984 
246, 487, 2.69280482550625e-05, 14492.2419944165 
2478663, 434, 2.60321757692508e-05, 6030.7354861782 
2518989, 366, 2.88358949219989e-05, 16321.9636166369 
2705471, 454, 2.76632825251044e-05, 14288.1891480108 
2907623, 450, 2.73642732049037e-05, 13044.0269622058 
2996035, 436, 2.7994736989446e-05, 17783.1931425521 
633404, 1, 2.10238620834647e-05, 0 
69221, 367, 2.92543076968084e-05, 32630.821657081 
1104324, 302, 2.76762980183771e-05, 11188.7444210974 
1161942, 559, 2.86944045911047e-05, 22558.3482094592 
1905730, 455, 2.84252416145537e-05, 18520.6862259237 
2750929, 621, 2.99688324142891e-05, 89002.9455783587 
2893469, 561, 2.89326736683737e-05, 24822.7033396684 
3016339, 466, 2.69992980182515e-05, 8236.66202299088 
3031802, 434, 2.73740111138485e-05, 14338.7182932613 
445, 388, 2.80371211484005e-05, 76459.5988409769 
784, 71, 2.27086928876374e-05, 1199.7503441343 
871694, 437, 2.58892973644695e-05, 14239.5311975944 
1249480, 7, 2.10725950900853e-05, 4295.26974125085 
1598, 96, 2.76525730719243e-05, 56754.7549497864 
1718, 305, 2.85657154283429e-05, 5405.5401184754 
1882918, 194, 2.80457706977788e-05, 3833.10000864386 
1963025, 671, 2.86123032904149e-05, 35994.9240697822 
2355, 664, 3.04868754001402e-05, 65507.4340187427 
2775920, 1, 2.07060772336681e-05, 0 
2864040, 451, 2.61212548650837e-05, 15093.6687297389 
2925845, 18, 2.32099338516885e-05, 6386.25811316522 
3020906, 17, 2.51142699281732e-05, 1.05603293798933 
487173, 515, 2.87372837519398e-05, 23759.6462064247 
53409, 12, 2.43427458617332e-05, 623.710890026914 
53460, 22, 2.46081157565765e-05, 1015.46185056226 
141451, 251, 2.91902621285539e-05, 19475.8147262375 
1642, 4, 2.08833663986635e-05, 0 
1727145, 98, 2.39555385205059e-05, 637.254380612073 
194, 145, 2.83109676688749e-05, 22729.1806496827 
2041044, 439, 2.89268151576511e-05, 23962.7377827192 
2080757, 146, 2.66951414842499e-05, 617.216369831837 
2653681, 404, 2.50356758380692e-05, 9027.33302904968 
266805, 312, 2.95796728488183e-05, 66562.5467700895 
2816248, 601, 3.04933829359029e-05, 91258.5527417136 
2891210, 270, 2.86082105564297e-05, 42362.7359162846 
2956784, 444, 2.80379072506028e-05, 48762.606143604 
3032582, 375, 2.77592715967133e-05, 13221.3940638692 
359408, 267, 2.67008437466624e-05, 16338.2290491212 
373994, 290, 3.02892624564592e-05, 93962.9054555355 
45656, 467, 2.8705112380515e-05, 161113.10585365 
487316, 215, 2.65710110269696e-05, 11516.5000486248 
1241981, 380, 2.6605651040281e-05, 47499.7615969049 
1355330, 446, 2.62350132486817e-05, 6394.67532767098 
1689272, 417, 2.88783643294444e-05, 53590.5005624539 
1714849, 403, 2.67572846707516e-05, 94040.7895570618 
1862358, 330, 2.85322985619722e-05, 6981.29137500513 
200991, 314, 2.73194186427713e-05, 5379.39267010562 
247, 393, 2.63963678597825e-05, 41069.5151112944 
269673, 68, 2.7757730527952e-05, 441.765471661779 
2785025, 234, 2.34835497733837e-05, 55896.6580445006 
332951, 75, 2.56147540983607e-05, 205.703922249049 
354349, 331, 2.9603315571344e-05, 21885.8343150842 
388463, 590, 2.90976809148311e-05, 8643.5695998376 
433286, 188, 2.49650489314959e-05, 17541.6839371889 
473531, 603, 2.89410470870836e-05, 27786.0345382595 
630, 326, 3.07929176289453e-05, 189855.88233372 
1620392, 169, 2.83969899190686e-05, 4132.86961047746 
2267264, 318, 2.97574765659872e-05, 91567.4060420784 
2489010, 18, 2.55336533551221e-05, 1.6437114075309 
2546366, 143, 2.87397614599799e-05, 12799.185689116 
260364, 588, 3.01259263722359e-05, 85395.7064965337 
2704140, 468, 2.69927389532216e-05, 9671.08564634641 
2932253, 160, 2.93625392723963e-05, 8863.38264001025 
2980107, 381, 2.49382777625377e-05, 5829.28090388155 
3036302, 490, 2.82445982205903e-05, 16079.423501425 
82977, 364, 2.87811195855519e-05, 56928.8124304922 
1758730, 9, 2.39137193007628e-05, 13.8757140275629 
28118, 483, 2.79158059293172e-05, 18620.1197038333 
2867014, 244, 2.7747717750215e-05, 2856.60904642603 
3009078, 620, 3.01595439876949e-05, 62764.7590759155 
3024411, 15, 1.88707729468599e-05, 43210.3169247043 
34038, 558, 2.9442939583088e-05, 36868.2559296093 
712538, 365, 2.76755320621039e-05, 19905.2054295611 
1033846, 551, 2.89368597719775e-05, 37494.1811121717 
1357545, 7, 2.49862575583429e-05, 16201.9286793335 
2773294, 236, 2.51559669953713e-05, 45727.9313095323 
3039116, 61, 2.40726029705592e-05, 108.947536536862 
484429, 10, 2.56732818156145e-05, 10685.3388679508 
52694, 636, 2.91443226859408e-05, 70265.9081881288 
54291, 145, 2.88675269189689e-05, 5603.71061471535 
69965, 288, 2.46147787131394e-05, 39753.1003473975 
70771, 123, 2.58271133035461e-05, 6905.74489784943 
747548, 34, 1.90697763115239e-05, 95.6585622876373 
1166130, 13, 2.12820294543288e-05, 2950.88027632178 
135577, 306, 2.94906956855112e-05, 28957.2762946217 
2283194, 1, 1.53626349991551e-05, 0 
2502791, 332, 2.64739364096047e-05, 8184.13190983053 
2705547, 453, 2.80630858169164e-05, 16523.2190384213 
2748319, 384, 2.48948193880853e-05, 2245.91748258319 
28072, 364, 3.0090572623597e-05, 16431.5932238919 
2895483, 17, 2.37028609353149e-05, 44.7749132180872 
2949635, 452, 2.67859534460129e-05, 7788.6973740903 
2983222, 449, 2.83430644521286e-05, 11829.390203498 
33035, 299, 2.94117647058824e-05, 48761.8749633856 
38290, 252, 2.87645620595426e-05, 3017.42453739024 
558152, 490, 2.69461884616421e-05, 13008.2730028702 
59739, 483, 2.7708506511499e-05, 19271.286997241 
754409, 427, 2.4985633260875e-05, 21068.5895390741 
754429, 487, 2.71414612962762e-05, 13643.5736835873 
82654, 12, 2.63998521608279e-05, 7017.38718750038 
86170, 509, 2.74213008665131e-05, 13816.3215937891 
96232, 130, 2.38418806475455e-05, 2478.89564791235 
1230341, 37, 2.50150090054032e-05, 669.965838548119 
1306993, 79, 2.69679889970605e-05, 151.56059612591 
1307761, 528, 2.89410470870836e-05, 17714.5381251159 
1337936, 351, 2.87191269385411e-05, 31451.7355334467 
159743, 3, 2.2142999490711e-05, 12.5956346411153 
1615674, 24, 2.59517815898061e-05, 122.12715741657 
1723645, 6, 2.07228116710875e-05, 0.152404295051354 
1730, 340, 2.67458343363021e-05, 8271.73001348262 
2042057, 7, 1.97933573492736e-05, 53.8686191497886 
2107707, 71, 2.48009721981102e-05, 19016.4171375156 
2507935, 51, 2.81674271872007e-05, 2305.27744735059 
2562285, 483, 2.7580880933337e-05, 25635.861555362 
2813843, 11, 2.31385071035217e-05, 47.7465959057787 
29341, 76, 2.35693410012256e-05, 1971.9496537143 
3027472, 509, 2.80772686433064e-05, 33872.4414748621 
747522, 1, 1.6354834489075e-05, 0 
933262, 348, 2.86574007737498e-05, 16411.9019846399 
1050635, 564, 2.86491906603638e-05, 14623.8398886212 
1094892, 127, 2.13106020245072e-05, 962.405771786537 
111769, 270, 2.85453299840146e-05, 16671.448875329 
1129264, 700, 2.93815190245336e-05, 49845.1741108236 
1486991, 557, 2.8682882055989e-05, 45765.1013939363 
204, 664, 2.86968749103223e-05, 75470.5170486957 
2069432, 434, 2.5381999086248e-05, 23668.2634042708 
2133944, 230, 2.75345558676139e-05, 16112.3949162874 
2487074, 472, 2.78838914758944e-05, 17376.384620803 
28449, 199, 2.87538098798091e-05, 7532.57535888565 
2870839, 405, 2.48719096652241e-05, 3466.41505488426 
2937774, 141, 2.82965478211658e-05, 11447.5393312296 
29486, 339, 2.93677131361781e-05, 67250.8142377415 
335405, 2, 1.85322461082283e-05, 9218 
337479, 74, 1.9755818088427e-05, 10499.837693629 
371601, 445, 2.798376941374e-05, 24694.6919130338 
729, 266, 2.86582220439044e-05, 54197.5015199321 
1055104, 16, 2.56838320277385e-05, 1.17945040646274 
1500686, 6, 2.15146299483649e-05, 9226.77029883182 
1637831, 325, 2.77115778972455e-05, 9880.5907466613 
1854492, 2, 2.09393387356827e-05, 0 
2033033, 523, 2.91851505953771e-05, 16119.9076061572 
2678257, 76, 2.91485702626286e-05, 4575.02544475649 
2804761, 764, 3.12207305650952e-05, 13987.266019236 
1006576, 5, 1.8152114721365e-05, 6.44396769015468 
1211326, 173, 2.73403324584427e-05, 13938.4979205175 
1902245, 848, 3.10375865172724e-05, 39939.795778452 
1353147, 1059, 3.1561671506123e-05, 34374.1132625787 
398053, 156, 2.72479564032698e-05, 11457.8700955921 
129338, 1022, 3.17843748013477e-05, 37149.1794407414 
2681984, 18, 2.10770365686584e-05, 1963.06853330737 
2817025, 943, 3.17188441653186e-05, 23295.1503508498 
2870860, 106, 2.90275761973875e-05, 4639.88288432123 
2842349, 708, 3.13204710598847e-05, 14117.6701278471 
86663, 1, 1.75085354110129e-05, 0 
1903409, 846, 3.21130378933847e-05, 33349.8722886449 
2738883, 816, 3.22414237812742e-05, 33085.247269784 
3039157, 215, 2.92312189418299e-05, 77604.4729592599 
465541, 32, 1.94046648814375e-05, 2460.92484682626 
872, 1055, 3.1661600810537e-05, 35200.3557199306 
1372, 3, 1.85749312727543e-05, 4564.89935152206 
1516059, 429, 3.18928400574071e-05, 105360.832366461 
2304594, 961, 3.21916044295648e-05, 34409.0923256364 
2508880, 627, 3.06983883346124e-05, 13146.4518440747 
72276, 870, 3.20307495195388e-05, 19910.1002907407 
1936003, 1005, 3.21543408360129e-05, 40379.7072504535 
1986204, 879, 3.14594016421808e-05, 19766.1842530447 
2761579, 103, 2.85168391935438e-05, 11561.8983830863 
2861765, 164, 2.73261374504714e-05, 10963.6846486553 
3050898, 729, 3.0970299482796e-05, 17394.1551767406 
34008, 904, 3.10916270248422e-05, 21570.455729527 
1138383, 758, 3.05866519850737e-05, 21188.5062554037 
169133, 512, 2.99589562299649e-05, 12413.9912406665 
2175660, 365, 2.94993952623971e-05, 1828.47425124831 
1870820, 303, 3.00021001470103e-05, 2900.38149207863 
2662363, 859, 3.20338277220745e-05, 36166.5267324058 
2594459, 25, 1.95400277468394e-05, 135286.950343782 
2520506, 169, 2.77300205202152e-05, 19419.901424722 
29570, 1017, 3.19203268641471e-05, 38826.6421993216 
1358, 70, 2.42795056692646e-05, 7850.93215193913 
17, 47, 2.66084827843116e-05, 7664.1344384721 
2072407, 9, 2.42830431509677e-05, 369.912200939386 
2528019, 983, 3.1661600810537e-05, 27854.2668931294 
1017270, 129, 2.80914658126861e-05, 113446.101256573 
2527976, 940, 3.14425858382593e-05, 20288.3162501002 
2602067, 1047, 3.21874597656753e-05, 52191.2615420993 
2650975, 978, 3.13676286072773e-05, 33838.174623777 
2663022, 36, 2.48108175164372e-05, 59005.6808489376 
2743, 797, 3.2322709936001e-05, 152912.286750543 
253239, 1094, 3.18136989787803e-05, 35510.6810593296 
2565559, 1, 2.26316027701082e-05, 0 
2898794, 194, 2.81444372519771e-05, 28679.661344795 
33934, 27, 2.49687890137328e-05, 2780.10703880601 
797277, 641, 3.17672098859557e-05, 30603.9748026689 
1206777, 216, 3.05157155935307e-05, 14159.532908333 
2904245, 179, 2.8062298302231e-05, 33763.969753783 
2964610, 144, 2.82493855758637e-05, 1315.63954354456 
69525, 859, 3.10298817761504e-05, 25973.0108041878 
2600177, 1015, 3.17399860344061e-05, 38053.1329710804 
2916397, 779, 3.1164298180005e-05, 16147.4330008181 
321327, 1037, 3.20348539210661e-05, 47218.7899751449 
52773, 785, 3.06927350296185e-05, 21175.2895273825 
1990687, 89, 2.88217661978326e-05, 166.378976356847 
393662, 1037, 3.211613193307e-05, 44950.849014402 
73918, 791, 3.09655044280671e-05, 20623.4023582171 
202907, 183, 2.89939112786315e-05, 76278.6071403467 
1751150, 91, 2.75186438812295e-05, 14018.807196535 
2724135, 179, 2.62984878369494e-05, 41577.6189905148 
2774873, 96, 2.81127885074921e-05, 551.146127843128 
3035471, 1006, 3.22185707842e-05, 42646.3649304917 
1007105, 837, 3.21584769745305e-05, 40336.156181733 
2599296, 852, 3.16235532224401e-05, 21776.318635464 
158627, 446, 3.11895702077225e-05, 8662.83240689164 
1703338, 51, 2.72739669984999e-05, 4801.50680379104 
1925020, 90, 2.67279627946758e-05, 11703.53298665 
2615203, 152, 3.03296836613994e-05, 2991.23570229046 
463024, 545, 3.05604791883137e-05, 6753.13938569758 
1301032, 209, 2.8366380166227e-05, 41828.4849376171 
2758573, 751, 3.08384987818793e-05, 17683.5784735618 
2842354, 660, 3.08413520848754e-05, 7949.53663129538 
56957, 1014, 3.14940791131267e-05, 62206.8590740781 
43770, 826, 3.10752019888129e-05, 21936.8383906736 
2749906, 81, 2.85853128662493e-05, 106.246033407306 
3017784, 989, 3.19478610907e-05, 31430.8158734141 
33871, 1042, 3.16445682098668e-05, 38219.7409989214 
546, 560, 3.20020481310804e-05, 60970.1373954133 
2488665, 691, 3.2080071859361e-05, 72149.1665604884 
2901380, 653, 3.16545851666614e-05, 22787.8496031656 
3020907, 12, 2.57294293212577e-05, 746.292473487244 
862126, 161, 2.72308907224355e-05, 16906.278468338 
1532555, 32, 2.60994388620645e-05, 1005.40485922214 
1536773, 460, 3.05558101873071e-05, 36268.1308749241 
1537274, 9, 2.32439217144717e-05, 2183.36754942215 
2073078, 693, 3.18228105906314e-05, 22022.057966968 
2201, 848, 3.09415514093877e-05, 21425.9941841939 
2219057, 318, 3.00426605780208e-05, 3959.28741634532 
3062782, 16, 1.73199161716057e-05, 9264.13618224953 
636, 1027, 3.15646602064329e-05, 29986.8804407452 
1685, 911, 3.13459971161683e-05, 26967.7794735734 
1898733, 253, 2.84268576951504e-05, 1295.08527173345 
253, 139, 2.68651102812777e-05, 13644.7541079577 
2822844, 1027, 3.18755578222619e-05, 33001.7292884102 
2895947, 270, 2.43380062305296e-05, 3400.9336895949 
929813, 887, 3.14792079831271e-05, 24150.8039106538 
215221, 946, 3.13755020080321e-05, 27207.7123902573 
2305508, 161, 2.72524118384477e-05, 13070.2301089063 
2528007, 935, 3.14336906296168e-05, 19557.1667037779 
2777983, 18, 2.49451207343844e-05, 994.651144381007 
85072, 1041, 3.21781381729253e-05, 40172.8857933943 
43663, 11, 2.01361201723652e-05, 8112.76776546546 
1564, 7, 2.5555186425085e-05, 3212.37304887037 
1385664, 186, 2.77592715967133e-05, 37927.4757628051 
2594007, 16, 2.39114320556658e-05, 78377.8770807767 
2871174, 12, 2.30329832319882e-05, 2942.48240090215 
84096, 450, 2.96744710525535e-05, 10080.6297173648 
2527994, 902, 3.13636933885334e-05, 16151.7596420568 
265960, 1031, 3.16485742317309e-05, 31755.563576223 
169292, 962, 3.14267756128221e-05, 39899.5553912043 
204039, 764, 3.16856780735108e-05, 17804.8856050197 
2072406, 14, 2.43735985180852e-05, 268.963457925081 
208216, 1046, 3.18511912345522e-05, 39399.5279258445 
2175667, 21, 2.61540473388257e-05, 22.5759576649864 
2710596, 179, 2.77023657820378e-05, 24785.7117453129 
3015166, 20, 2.59302476338649e-05, 568.030019033664 
153496, 1094, 3.19733981327536e-05, 45207.1448221144 
2871095, 481, 3.06842589751458e-05, 21556.613215435 
3058903, 897, 3.13165476637855e-05, 29716.4951862053 
39791, 876, 3.12539067383423e-05, 23634.980437875 
53501, 914, 3.20133175400967e-05, 32312.4683639184 
1930071, 212, 2.91553689611942e-05, 8813.3248672448 
258, 150, 2.70643319169666e-05, 19822.9610671559 
321846, 803, 3.19621568063413e-05, 32464.7601053188 
1434072, 67, 3.11720698254364e-05, 13348.8913238786 
1842535, 37, 2.72717355732519e-05, 1477.40106850154 
3031113, 153, 2.77654375832963e-05, 22836.868628659 
1080068, 1016, 3.19519442758092e-05, 32069.5701022231 
1115757, 1023, 3.20369065163068e-05, 50028.6584952073 
83986, 885, 3.11419762698141e-05, 22193.7462579979 
1850526, 151, 2.73306184918965e-05, 14373.6619004964 
2072412, 17, 2.33759554921807e-05, 136.074005762344 
271, 937, 3.14811899889816e-05, 29579.9315182507 
1538553, 775, 3.22882696716283e-05, 46628.2822655326 
252514, 400, 3.19142145911789e-05, 213481.560249435 
2830990, 3, 1.88157374828306e-05, 9218 
47884, 707, 3.14722729275508e-05, 10722.532280847 
2675877, 472, 3.10221808593144e-05, 17823.8901570056 
517398, 572, 3.08727733012257e-05, 8738.53456541958 
1678129, 136, 2.86336043981216e-05, 23646.5609773847 
252307, 264, 3.1164298180005e-05, 253626.459651331 
2594462, 12, 1.81943888504785e-05, 29108.7994946492 
89053, 282, 2.87108814240597e-05, 1065.19266858188 
2257, 927, 3.1328320802005e-05, 28381.1943824375 
44577, 317, 3.12949865431558e-05, 18868.7965034666 
2185142, 164, 2.7972027972028e-05, 63865.986679517 
281093, 963, 3.21905681635281e-05, 36886.1269117308 
370405, 813, 3.20379329125685e-05, 17731.9482502475 
1525371, 97, 2.56798746822116e-05, 2500.82224499948 
232348, 965, 3.1297924947576e-05, 31197.4562533243 
2874213, 938, 3.17148203355428e-05, 25817.2819126748 
29489, 979, 3.16856780735108e-05, 28761.8540659126 
712710, 991, 3.21978234271363e-05, 48358.4817427981 
930805, 901, 3.20471734393027e-05, 35318.8719119846 
2259620, 953, 3.20975766329642e-05, 35145.3321984382 
2692235, 27, 1.87308009290477e-05, 13530.3266796035 
2867516, 156, 2.89084181313599e-05, 50704.4650900012 
2907159, 1, 1.58057785926535e-05, 0 
658644, 243, 3.02270048060938e-05, 2395.62426321743 
81, 906, 3.16015674377449e-05, 24180.7888956802 
2016196, 988, 3.21120066792974e-05, 39162.9054602389 
204042, 785, 3.25298461338278e-05, 143075.418971299 
2796470, 1020, 3.20512820512821e-05, 41933.3611966192 
2813778, 21, 2.57115676342787e-05, 626.82547463689 
68209, 31, 2.09419698016795e-05, 31126.5674149801 
984, 165, 2.7293321324272e-05, 10200.2458273805 
1274359, 19, 2.55819902788437e-05, 13765.4654979728 
1898738, 89, 2.71473558475404e-05, 1920.71021134141 
1932004, 667, 3.06072477962782e-05, 14694.7677700254 
214851, 963, 3.16927075080024e-05, 32619.1628660064 
2823518, 351, 2.93177753672051e-05, 2233.9991320516 
1076588, 655, 3.21802091713596e-05, 44537.3441376195 
129817, 829, 3.14762354422411e-05, 17441.9021927415 
1705310, 601, 3.07900732803744e-05, 8403.58833910719 
65958, 928, 3.13745176167916e-05, 26033.4067208021 
2175641, 29, 2.58037879960778e-05, 117156.492099538 
2709410, 1063, 3.18745418034616e-05, 46760.908455507 
436, 958, 3.17289082082686e-05, 30744.1275251568 
456327, 47, 2.88950531668978e-05, 5157.92912897233 
84567, 179, 2.76380520700901e-05, 12201.9777848898 
1158459, 107, 2.89737497826969e-05, 5921.50467530093 
2745482, 511, 3.09626281078738e-05, 6532.23925808718 
2819290, 26, 2.20118864186661e-05, 21008.2774470674 
135619, 415, 3.10761676870008e-05, 22962.1570467353 
1478019, 89, 2.99598537959135e-05, 8094.12342680284 
1935, 31, 1.9016106642326e-05, 4920.14976722048 
2830999, 12, 1.92274414043723e-05, 12226.5999712494 
1680, 717, 3.05502092689335e-05, 12188.8977940689 
2795687, 1058, 3.20040965243551e-05, 37499.7053631974 
1502, 29, 2.45266359266163e-05, 58058.991817599 
59610, 23, 2.44241994968615e-05, 283.203143582474 
1510225, 811, 3.12519532470779e-05, 32700.1195573378 
2303528, 1056, 3.21027287319422e-05, 41237.5251796396 
255475, 707, 3.15686460207722e-05, 13856.1082511147 
53374, 818, 3.10029452798016e-05, 18293.4282606974 
152794, 481, 2.97893890196312e-05, 4359.83636094462 
1870819, 7, 2.38293816275468e-05, 156.711624807238 
2908651, 54, 2.74062705547029e-05, 44864.4114061418 
332411, 761, 3.21367741106148e-05, 26121.4698383244 
365349, 5, 2.13615875931899e-05, 751.946555156314 
551, 931, 3.20245948888747e-05, 36029.3535041985 
3021811, 16, 2.2826880934989e-05, 15.7728458407277 
3039160, 217, 2.81112079386051e-05, 30219.2406938658 
2598458, 830, 3.14366551398931e-05, 18567.2470946126 
67260, 24, 1.90745050165948e-05, 5185.84508481484 
68043, 11, 1.79526767441025e-05, 598.524694956623 
876364, 32, 2.84697508896797e-05, 30.9588344633887 
1833852, 85, 2.66474804807205e-05, 11339.1513088162 
299308, 844, 3.10202562273164e-05, 28133.6226797105 
2997337, 990, 3.21181949574434e-05, 36819.2415833624 
365617, 941, 3.16235532224401e-05, 19201.4168972553 
1699371, 914, 3.13145863343145e-05, 29649.3879520338 
1784713, 134, 2.51939937518895e-05, 415.234537862852 
2259595, 200, 2.86705467473265e-05, 38138.5741028041 
2815360, 157, 3.06222439980402e-05, 91709.7495257498 
29510, 1074, 3.23960088117144e-05, 52470.6631138172 
528191, 10, 1.99366016068901e-05, 18445.3613417582 
1214604, 948, 3.14564328405159e-05, 29302.243609597 
1916917, 2, 1.77141642457309e-05, 9218 
2744520, 295, 3.07986079029228e-05, 10651.2266443282 
2961896, 292, 3.01613632936209e-05, 3134.72565373681 
2782660, 97, 2.79103519495381e-05, 1684.76988830229 
2879620, 13, 1.92278111059837e-05, 21444.5999712491 
1604004, 827, 3.12100121719047e-05, 28088.9688912469 
1880678, 392, 3.03646798044515e-05, 8638.69944410611 
2490452, 16, 2.58993551060579e-05, 18361.1655182561 
2608982, 885, 3.1804592583169e-05, 28099.3457759193 
2796143, 1017, 3.18126868995355e-05, 36660.2052988837 
2952228, 972, 3.19233838786911e-05, 23723.3420176084 
3029053, 183, 2.7811769941039e-05, 13296.4263710104 
414771, 809, 3.14911037631869e-05, 24489.5343773927 
1637837, 902, 3.14396202093879e-05, 22392.5409851249 
2968968, 152, 2.91860023932522e-05, 946.531586133883 
84111, 800, 3.1000062000124e-05, 23408.1489824955 
2779361, 174, 3.07967109112747e-05, 74176.1060347749 
2815936, 248, 3.04868754001402e-05, 3658.58287091096 
2434, 1057, 3.20061451798745e-05, 46046.9283350744 
2769486, 1026, 3.22528624415417e-05, 45457.0699730405 
28151, 711, 3.16896945113449e-05, 18902.6978631208 
3058963, 771, 3.18725099601594e-05, 25104.0463337049 
307249, 282, 2.90435944352473e-05, 22077.4676677655 
2070348, 3, 2.11702938436786e-05, 18434.6292692317 
2601894, 987, 3.23362974939369e-05, 45535.618424034 
2703789, 198, 2.82087447108604e-05, 27786.9391202674 
2754725, 630, 3.0304866961634e-05, 47878.9927029665 
36845, 63, 2.21611559258931e-05, 4509.20423792337 
1765219, 886, 3.1302823514681e-05, 28571.6304269138 
2490858, 1021, 3.22299932317014e-05, 51388.1152785736 
86173, 673, 3.18816552955429e-05, 34587.5222902039 
1747, 540, 3.03526983548837e-05, 7387.20597662478 
1983719, 9, 2.32753002513732e-05, 4717.12354869256 
3075619, 243, 2.85632676378178e-05, 3956.5633226336 
648999, 16, 2.42518310132415e-05, 193.052869351795 
131081, 484, 2.99410161980898e-05, 14257.6488468042 
1379870, 183, 2.78916687585418e-05, 19066.3347378912 
292414, 995, 3.15706393054459e-05, 27008.7855650879 
437505, 899, 3.22466221663281e-05, 34657.2571614035 
3059027, 192, 3.08118933908489e-05, 84990.0492162013 
35841, 2, 1.90381906103644e-05, 0 
447020, 930, 3.14415972331394e-05, 30644.2055481039 
519081, 758, 3.18897888895976e-05, 22372.9370437116 
1479019, 711, 3.06795520785397e-05, 10958.90679482 
1571, 20, 2.68889486421081e-05, 9051.94150837785 
1715691, 850, 3.20913962966529e-05, 33651.4314488349 
1866326, 1018, 3.21367741106148e-05, 38636.6746655389 
45668, 55, 2.88001843211797e-05, 94620.5544486281 
1628392, 831, 3.21068516021319e-05, 28412.3239462188 
648794, 1007, 3.20512820512821e-05, 37597.134920795 
146826, 771, 3.09942970493429e-05, 35080.226112045 
28197, 200, 2.41347685475696e-05, 14774.6453181047 
38288, 840, 3.11594428691615e-05, 22987.6559298838 
430522, 169, 2.76418719075656e-05, 9440.81599296621 
743836, 997, 3.15975733063701e-05, 34515.3346994474 
122355, 409, 3.08204401158849e-05, 16839.8975302447 
1580596, 931, 3.17611561060823e-05, 30406.4112678268 
1775880, 613, 3.05735599853247e-05, 9061.97005222968 
2738410, 24, 1.89232661557385e-05, 1669.53837023527 
54304, 2, 1.80352408606417e-05, 1.74263157568776 
74712, 155, 2.89804671651307e-05, 15889.4330903285 
1710541, 868, 3.11536184927879e-05, 35627.6693605545 
2055947, 752, 3.07210223956253e-05, 16567.4021970565 
86188, 1, 1.88419723776685e-05, 0 
2268026, 205, 2.86049372121628e-05, 38046.6117070154 
2292447, 655, 3.08470602751558e-05, 8905.70234148523 
2692134, 193, 2.85266010554842e-05, 31710.8248266213 
160808, 964, 3.21688219777392e-05, 40220.8128192684 
1619313, 787, 3.23373431638857e-05, 71604.2448852923 
2894755, 1028, 3.2020493115594e-05, 38965.8533860937 
2895493, 602, 3.07163042142769e-05, 7462.02387725951 
585455, 991, 3.19427585766307e-05, 32138.4099583866 
1873524, 794, 3.08851689418741e-05, 22433.1778044551 
1911573, 583, 3.01741045834465e-05, 9281.78313184518 
2070369, 1020, 3.22632682690757e-05, 44165.8722915888 
208199, 43, 2.53994056539077e-05, 1460.60160673135 
2213015, 675, 3.09252845126175e-05, 11326.2085841793 
33986, 956, 3.2080071859361e-05, 36519.3259599938 
407217, 667, 3.1287153494775e-05, 36316.2736136547 
714067, 954, 3.16205533596838e-05, 22349.1711007378 
657387, 964, 3.20924261874198e-05, 35768.9977696617 
136857, 749, 3.06692019873643e-05, 13906.4028376673 
1590041, 739, 3.18015582763555e-05, 23363.3703317684 
1811807, 969, 3.2139872726104e-05, 30754.0640190865 
2020311, 152, 2.84600278908273e-05, 23457.5985662076 
45498, 28, 2.15861503259509e-05, 10009.8326687086 
1344094, 512, 3.06072477962782e-05, 8329.52819352137 
1426, 164, 2.79829863443027e-05, 23080.0113870206 
155322, 15, 2.3000138000828e-05, 12681.1779412767 
2850559, 371, 3.02489488490275e-05, 12328.3593903931 
3016342, 622, 3.06513409961686e-05, 22111.3740129596 
61858, 858, 3.1201248049922e-05, 30946.6104359682 
2108523, 962, 3.13863343900066e-05, 38039.0097286394 
3062685, 24, 1.78919682954322e-05, 3852.8612252303 
398049, 172, 2.7604482968034e-05, 28098.0520026172 
45462, 995, 3.20389593745995e-05, 35032.0230352333 
95619, 23, 2.63733945196086e-05, 1226.61049935541 
200452, 908, 3.19550073496517e-05, 41036.7473374363 
267212, 871, 3.1769228325444e-05, 22360.8117416732 
2722825, 72, 2.70753235501164e-05, 218.562810679534 
1162, 679, 3.15338042381433e-05, 15680.3019922243 
2728023, 883, 3.15129360602527e-05, 26748.5564893938 
2986281, 71, 2.78233772015247e-05, 18986.8399356831 
3034675, 112, 2.99823104368423e-05, 2607.12733965443 
45401, 764, 3.1295965949989e-05, 13901.1910008845 
60847, 973, 3.15308213778969e-05, 43745.7426386623 
154046, 974, 3.22393448965117e-05, 38980.1694487557 
3017361, 736, 3.06588588772726e-05, 14071.953772585 
336203, 68, 2.804026582172e-05, 13309.5702936785 
1100, 1013, 3.2124385621125e-05, 32611.7989099223 
1111069, 954, 3.14495078152027e-05, 31830.1634791173 
118126, 967, 3.14811899889816e-05, 34965.4681348407 
2071710, 37, 2.66396717992434e-05, 2921.14338238011 
241368, 995, 3.22476620445018e-05, 40484.6127480547 
2651284, 9, 2.20109174150379e-05, 4589.0727447682 
2675219, 80, 2.90006380140363e-05, 200.135649247383 
3017781, 943, 3.19887399635328e-05, 29760.2857063154 
75293, 31, 1.87701779412869e-05, 1598.57982420861 
1325724, 25, 2.46633453361614e-05, 84.7973382620241 
1696072, 1, 1.52276534186082e-05, 0 
1788301, 473, 3.09808538323316e-05, 5156.76063770491 
2527964, 871, 3.18887719633917e-05, 25150.2434667366 
2732161, 324, 2.75330396475771e-05, 12297.3580127733 
169435, 1045, 3.1998976032767e-05, 40704.0450214286 
2201271, 182, 2.76694059378545e-05, 17888.4520139529 
2980556, 37, 1.9104021396504e-05, 9851.67933334979 
658630, 84, 2.82246683601468e-05, 336.309583735522 
1611770, 111, 2.83470816679423e-05, 545.695725025143 
1701090, 413, 2.9631385563589e-05, 5112.47643261881 
2904246, 209, 2.83824823319047e-05, 41905.4976121486 
2171755, 1004, 3.23060024552562e-05, 45479.1422160936 
2175644, 500, 2.98489642409408e-05, 6742.2349182613 
3076685, 800, 3.09214594928881e-05, 18498.8680930342 
629, 234, 3.15487270088652e-05, 112304.833266015 
875171, 891, 3.21988601603503e-05, 32417.4505413957 
1280948, 941, 3.21874597656753e-05, 29944.5639554417 
2772557, 169, 2.67472650921443e-05, 12060.1850911665 
496057, 180, 2.79134682484299e-05, 32086.348131638 
626932, 792, 3.19152331407781e-05, 30689.7537443619 
644652, 901, 3.12587915351193e-05, 23383.1904951134 
907, 922, 3.2020493115594e-05, 28354.6957219272 
1234841, 166, 2.7341827527752e-05, 8428.04620972196 
1496080, 859, 3.10809970783863e-05, 19980.3334001659 
2282475, 7, 2.18703525500831e-05, 327.513831771355 
2884220, 16, 1.86101909405591e-05, 165.040052421888 
219572, 713, 3.14584119793633e-05, 14067.6601186865 
2562282, 713, 3.23268895066917e-05, 83181.7400946596 
2583374, 348, 2.9847182425979e-05, 6497.62625336639 
29348, 32, 2.15656674574078e-05, 4850.8947078223 
2986928, 15, 2.61554154787749e-05, 1420.67359590192 
33995, 920, 3.17601473670838e-05, 30892.0606240986 
683042, 616, 3.06795520785397e-05, 15886.7603856012 
70411, 61, 2.8346278133681e-05, 3668.99723340178 
936456, 1010, 3.20553917168868e-05, 40442.0896351494 
2707299, 800, 3.09233718844703e-05, 29947.3824460219 
2718620, 986, 3.18816552955429e-05, 31841.823080762 
2895471, 81, 2.85022089211914e-05, 11463.4566574956 
2976335, 1038, 3.19938571794215e-05, 39680.8153947338 
81408, 26, 2.67572846707516e-05, 299.021516859155 
2579977, 22, 2.41487563390485e-05, 1226.05173472333 
2785908, 754, 3.12343828085957e-05, 36354.1008364255 
2956832, 57, 2.93659883123367e-05, 3495.6204364996 
1209493, 994, 3.19805558220602e-05, 40706.7531188667 
2500532, 745, 3.09856536423636e-05, 11456.3325643966 
2587850, 905, 3.14277632860869e-05, 22367.6247744299 
2784880, 890, 3.13430496787337e-05, 29465.711467881 
1176721, 174, 2.78489473097917e-05, 15326.7307648695 
2015348, 696, 3.09530442319002e-05, 9992.24804488134 
2763540, 458, 2.97610190172912e-05, 10236.1332423602 
712435, 952, 3.20996372740988e-05, 42111.704079542 
1477518, 10, 1.91960686451415e-05, 4917.38967215141 
2086577, 9, 2.07567926603981e-05, 522.538736263744 
264697, 64, 2.5792473756158e-05, 42183.8823714033 
515393, 757, 3.13952028130102e-05, 12806.8668150564 
83263, 98, 3.04701544836832e-05, 6078.15435668626 
970, 862, 3.13558259124545e-05, 22581.6135714003 
158327, 911, 3.20215184604054e-05, 31850.22953377 
2907205, 208, 2.87802912565475e-05, 33234.199123504 
419475, 239, 3.15000315000315e-05, 36649.4187310362 
434, 841, 3.20636142105938e-05, 25442.2546029878 
56956, 1011, 3.17389786396674e-05, 32744.8141575909 
2778064, 901, 3.13902752927143e-05, 19084.094589725 
2052956, 270, 2.95613101572662e-05, 15225.1689648108 
2267833, 211, 2.93616771389982e-05, 48573.0306434385 
256701, 450, 2.98178131615827e-05, 5930.91340595107 
395598, 265, 3.09386795371574e-05, 12239.0884338892 
1177, 617, 3.12080641637799e-05, 8665.06581735391 
163877, 16, 2.31749710312862e-05, 4494.87920403533 
1968839, 170, 2.74815873364846e-05, 6113.16377841699 
2587846, 780, 3.11740133424777e-05, 12767.0397757348 
441209, 999, 3.23174869922115e-05, 44804.1319471761 
1839801, 935, 3.15656565656566e-05, 25301.9282190873 
2008793, 411, 2.93841090738129e-05, 36942.2997037878 
256319, 1011, 3.21533069676216e-05, 36738.2276418747 
2582913, 769, 3.17208564631245e-05, 13840.4982486391 
2711328, 531, 3.02407161001573e-05, 9728.12542894083 
2830993, 1, 1.60346348111922e-05, 0 
472693, 845, 3.13695965869879e-05, 20705.6109515628 
556, 751, 3.24264729725348e-05, 87763.8577491309 
2866573, 1031, 3.22955690479266e-05, 47105.3965394533 
1120045, 150, 2.86771242579794e-05, 21555.7199049581 
1778675, 515, 3.04525245142822e-05, 5118.25444823178 
2492396, 66, 2.59067357512953e-05, 1287.67148620423 
651561, 262, 2.83591401508706e-05, 31825.8938033254 
1265601, 6, 1.73789124276603e-05, 2.08958189533882 
1538644, 179, 2.7385255778289e-05, 53816.7640663488 
1871047, 278, 2.90183105539595e-05, 55910.0382640493 
2662033, 18, 2.57493047687712e-05, 90.7683068879153 
2742676, 113, 2.83945709580328e-05, 1791.56940987483 
28132, 206, 2.8682882055989e-05, 21036.5319385566 
2946593, 161, 3.09798940487624e-05, 13945.6165067311 
3074898, 274, 3.03306035790112e-05, 94315.8768840413 
483913, 7, 2.12012635953103e-05, 7399.09941950684 
638619, 675, 3.0281007751938e-05, 15097.7625643426 
682410, 2, 1.58501212534276e-05, 116.82563680338 
189425, 221, 2.89838270245203e-05, 1818.13781270486 
2025658, 520, 2.97167989064218e-05, 11377.3402416589 
84565, 812, 3.07266861269012e-05, 22224.1908830791 
118060, 47, 2.1735350373848e-05, 6987.60559834788 
2498451, 334, 2.63040218849462e-05, 20983.8480670987 
2749040, 904, 3.20389593745995e-05, 62052.1796954407 
2793708, 2, 1.71019102833787e-05, 2387.59491195731 
2978683, 226, 2.8602482695498e-05, 2498.78396507458 
1016, 272, 2.78435194208548e-05, 16465.0450310211 
1174501, 58, 2.75118300869374e-05, 2014.11032062782 
1683, 738, 3.08052492144661e-05, 16634.0958510716 
1761012, 824, 3.08632449615753e-05, 57280.8623638142 
2855502, 84, 2.79010072263609e-05, 429.83932508758 
1172565, 956, 3.20697838496569e-05, 42566.7554819121 
1874317, 928, 3.18349675283331e-05, 42654.5746055946 
2488819, 683, 3.03960606705371e-05, 15683.9409109303 
2956836, 20, 2.77623542476402e-05, 1764.38514002667 
402384, 4, 2.19399284758332e-05, 5686.90180703693 
576610, 471, 3.1798524548461e-05, 184068.939749697 
960, 355, 2.72709918459734e-05, 54741.1957109521 
142864, 2, 1.850104530906e-05, 0 
174633, 754, 3.17289082082686e-05, 35553.9825611861 
1758466, 509, 3.00978179082017e-05, 4677.37883808207 
29573, 160, 2.78916687585418e-05, 4923.79025082907 
1444770, 99, 2.98989415774682e-05, 10713.9946186988 
1863, 10, 2.53299222371387e-05, 7.9271342214775 
2019, 8, 2.28195883346264e-05, 95986.3661531067 
2529408, 125, 2.78629144608526e-05, 980.139653300665 
2762320, 28, 2.79080151819603e-05, 3807.26133904546 
2866628, 16, 2.24683757611162e-05, 881.811805289332 
321332, 853, 3.13381385145722e-05, 23057.3952474852 
556325, 502, 2.9915041282757e-05, 11272.4397262389 
562959, 54, 2.84050560999858e-05, 1551.00389742558 
81462, 872, 3.11293736770016e-05, 22699.5864621431 
133539, 724, 3.09052137095528e-05, 23501.0287515292 
194197, 714, 3.13755020080321e-05, 28882.0619712227 
2576756, 937, 3.15517132580299e-05, 37255.1382898322 
3065396, 725, 3.08128427928761e-05, 14157.7996291302 
44013, 209, 3.07512531135644e-05, 126525.534712383 
579, 525, 3.08194902456313e-05, 11056.4922197789 
217159, 64, 2.2777486732114e-05, 7864.64579251771 
2714358, 857, 3.10945273631841e-05, 25686.4349287297 
28198, 55, 2.308082906338e-05, 24836.6222151458 
2971798, 32, 2.01963081148766e-05, 72475.1478323517 
1921087, 899, 3.10819631367917e-05, 39737.0336213892 
2047767, 767, 3.06644997086873e-05, 28908.782806843 
2730360, 510, 2.9893578859261e-05, 6885.88650859495 
2999116, 69, 2.23553608155236e-05, 4469.14703570605 
930972, 238, 2.83776497630466e-05, 15566.9360613307 
1563, 139, 2.68875026887503e-05, 32970.7371228136 
1853278, 619, 3.07787011388119e-05, 14072.2039288886 
2995161, 272, 2.78559291345163e-05, 14332.5390125976 
1124597, 877, 3.11954080359371e-05, 33837.0692751432 
1942, 14, 1.79678375707484e-05, 7910.84789921376 
2054914, 68, 2.73313654750191e-05, 358.397547745835 
2109558, 42, 2.19168474806584e-05, 111833.485917561 
2283160, 34, 2.40656510961904e-05, 15832.1394015546 
2578106, 236, 2.85078966873824e-05, 15692.1262920648 
2594457, 1, 1.65576620581174e-05, 0 
2766984, 197, 2.70160745643658e-05, 26234.7778516084 
28028, 19, 2.61226195762911e-05, 40.851882153749 
2841662, 6, 1.72574465882028e-05, 0.666416112034362 
35703, 166, 3.01549966829504e-05, 1209.48856902196 
61646, 597, 3.12158576556891e-05, 17299.6194730169 
1609967, 261, 2.8495711395435e-05, 2859.41920460097 
2004710, 244, 2.46998962604357e-05, 478.864311413383 
288004, 225, 2.73897562311695e-05, 46875.4737101642 
120831, 323, 2.80796338415747e-05, 17787.8399957762 
1349410, 160, 2.79314004804201e-05, 1424.55202554926 
2496028, 238, 2.85934864037972e-05, 14300.8381821784 
2705473, 334, 2.82845424975251e-05, 32073.2885929601 
2801033, 20, 1.73644272343677e-05, 56.4281718966212 
2825975, 528, 3.01431801055011e-05, 39932.0560036627 
1160973, 356, 2.9108691855388e-05, 8355.87138323815 
161879, 861, 3.13342106912327e-05, 26239.2513862903 
2748863, 3, 2.049558320182e-05, 0 
3036945, 771, 3.05306222140807e-05, 22755.7949487647 
1536648, 805, 3.10443313051037e-05, 20788.6172189013 
1724, 724, 3.08746796751984e-05, 15923.0480323083 
2754044, 954, 3.1675641431739e-05, 26970.4178417159 
31979, 34, 2.44104867451057e-05, 1207.33351489381 
664426, 827, 3.15377822631513e-05, 26024.7397867487 
101385, 378, 2.77430989041476e-05, 41315.5937167424 
1132836, 232, 3.09866137828458e-05, 104602.341507778 
1513468, 827, 3.19335781574325e-05, 47851.8073202537 
397865, 520, 3.14495078152027e-05, 52974.0872326992 
521520, 14, 2.69440103465e-05, 672.007980338268 
58180, 996, 3.2071840923669e-05, 45661.1283317226 
986, 257, 2.7900228781876e-05, 62428.9153547934 
1168034, 269, 2.89117613044987e-05, 34336.8787587058 
1336806, 436, 3.13922461152095e-05, 38355.4814288203 
1424294, 6, 2.21601737357621e-05, 316.357880912674 
1619311, 750, 3.08175906807606e-05, 20523.4690221122 
192421, 308, 2.82661541070722e-05, 37794.6052396603 
2682091, 228, 2.83671848405764e-05, 28004.6151328431 
2774461, 213, 2.99007295778017e-05, 2283.12490315689 
283686, 167, 2.88093111693699e-05, 19453.2221429132 
3051123, 2, 1.55397740516853e-05, 9218 
375288, 243, 2.88541997287705e-05, 29984.1682101536 
55212, 732, 3.16565893190668e-05, 22591.4095793313 
2603598, 49, 2.67572846707516e-05, 27.1301888362942 
2666183, 544, 2.94204177699323e-05, 12253.7462038026 
2725560, 699, 3.0096912056823e-05, 30803.6914602619 
2774460, 616, 3.05791694697572e-05, 17654.9195911244 
2816357, 375, 2.68766629935227e-05, 14113.6832584249 
2956824, 4, 2.55741394302082e-05, 0.321068513540146 
33907, 2, 2.0884674825613e-05, 0 
1906945, 87, 2.47182123788808e-05, 16125.4365720737 
3004095, 171, 2.78877795749902e-05, 940.299693732088 
1884263, 838, 3.10742363506417e-05, 22951.7199539467 
428712, 817, 3.10703743980115e-05, 18268.8663354647 
52972, 14, 2.15884803868656e-05, 48.0784412715262 
1109412, 947, 3.2079042761364e-05, 64038.8507518827 
266809, 928, 3.20348539210661e-05, 45765.4179349379 
2931921, 790, 3.08784931295353e-05, 36913.6120356183 
300181, 93, 2.7811769941039e-05, 168.362654309049 
1428684, 893, 3.14188764609778e-05, 50438.3361310372 
1493872, 346, 2.73965096846662e-05, 11379.1574805893 
1649480, 873, 3.12773676967346e-05, 21177.5472720971 
168384, 724, 3.16937119675456e-05, 82512.2883990956 
2594455, 9, 1.66369973547174e-05, 1473.12481162908 
2681766, 228, 2.78318953520735e-05, 13586.9047458653 
421058, 408, 2.77192593413904e-05, 10430.1672643373 
146827, 79, 2.88550323176362e-05, 1076.80654038536 
33074, 738, 3.13705806694482e-05, 30677.9405019082 
1114970, 39, 2.7038719446247e-05, 3794.23921104238 
1535304, 1, 1.5581177937052e-05, 0 
2748320, 306, 2.77754631558481e-05, 10511.0219825177 
2809707, 273, 2.84551688814273e-05, 31277.4490412704 
2881377, 644, 3.00255216934394e-05, 6278.40467692802 
2911172, 233, 2.80025762370138e-05, 11121.4952721 
3031919, 832, 3.12031952071892e-05, 32511.6618310366 
1296, 79, 2.36568806037236e-05, 1953.3864456641 
157, 677, 3.21181949574434e-05, 56791.8052156429 
2979464, 347, 2.87191269385411e-05, 31649.5631953002 
55209, 653, 3.17248818248152e-05, 26688.2942152401 
1561005, 898, 3.14554433644742e-05, 30740.4363897393 
2162713, 243, 2.85714285714286e-05, 23511.9156565271 
245876, 143, 2.96366546144271e-05, 7774.53771752055 
2587853, 928, 3.15437511828907e-05, 36134.3440286579 
2782655, 595, 3.17268948887972e-05, 46832.1858911939 
3035454, 825, 3.18511912345522e-05, 49653.4481920696 
1175445, 858, 3.14841634657767e-05, 23108.2463889338 
1178515, 783, 3.12910695287565e-05, 36842.640711526 
189426, 5, 2.32704256160845e-05, 7.33003885167956 
2605747, 248, 2.75953419062862e-05, 12156.6859795195 
2867024, 429, 2.97282834889113e-05, 12566.2053309791 
390884, 257, 2.87026406429392e-05, 34080.211659429 
43658, 170, 3.10800310800311e-05, 14601.8115050591 
1712516, 6, 2.34274335246574e-05, 10.0427804476471 
1968775, 28, 2.07481793472623e-05, 291.352413235532 
2781961, 291, 2.86311449594869e-05, 29010.7392719249 
2866807, 176, 2.83559235524301e-05, 1571.85801788612 
436516, 22, 2.29016374670789e-05, 17250.1812731235 
1727163, 326, 2.88533671879508e-05, 33553.9150454081 
1778678, 349, 2.98133683143522e-05, 15794.1221042973 
2026191, 1, 1.79179358537896e-05, 0 
2762318, 372, 2.83551195168288e-05, 26096.2545214797 
2895286, 272, 2.83414578845936e-05, 19649.7483469832 
336261, 16, 2.00449005772931e-05, 6383.46399685211 
75612, 98, 2.80119891313482e-05, 5083.97712959322 
96241, 22, 2.07792207792208e-05, 3110.68783096047 
1450, 913, 3.14386317907445e-05, 35803.9971783244 
1795355, 285, 2.86082105564297e-05, 36985.9706943623 
1908198, 729, 3.13194901187009e-05, 54047.7463970876 
48296, 82, 2.44911954152482e-05, 7055.37964768716 
656, 42, 2.91494199265435e-05, 50.2825428488563 
161899, 267, 2.87092328892972e-05, 3366.00676828451 
2709394, 587, 2.99742221689347e-05, 17156.6285880031 
2986824, 431, 2.63220236371772e-05, 4279.96629869658 
318147, 19, 2.31385071035217e-05, 2837.79684752836 
848, 68, 2.51641963813886e-05, 26006.6016195027 
200254, 42, 2.66304492556789e-05, 631.037166504676 
2751171, 872, 3.11332503113325e-05, 28305.955779169 
2778058, 44, 2.6763729793384e-05, 93.6353695649196 
556257, 838, 3.13784555524177e-05, 19382.0959903569 
739141, 294, 2.88035025059047e-05, 10289.6886005943 
76759, 427, 2.88483729517655e-05, 18734.0738274922 
2005464, 733, 3.08423033032107e-05, 23457.8479864042 
2094151, 799, 3.17228690162738e-05, 61187.3897003458 
2698900, 122, 2.75019938945574e-05, 1303.9729662077 
2806553, 147, 3.03794391955524e-05, 31217.1113453882 
2870346, 1, 2.22880959279649e-05, 0 
3039392, 39, 2.97548202808855e-05, 2896.53190083197 
33958, 692, 3.07219662058372e-05, 37516.8361646212 
454601, 478, 3.17793243715639e-05, 205810.380532829 
1249552, 839, 3.2311221687292e-05, 47513.9611444054 
146825, 520, 2.96305075705947e-05, 22671.9742842451 
1677857, 80, 2.22029796398677e-05, 12751.5325339049 
2565926, 727, 3.11332503113325e-05, 24277.3580960973 
2883106, 753, 3.15706393054459e-05, 35142.6390014482 
1173032, 921, 3.18704783758804e-05, 45495.9309140989 
1796620, 838, 3.11973544643414e-05, 27947.7332262324 
1954172, 728, 3.17934696213398e-05, 35130.3334039341 
2764711, 173, 2.94074400823408e-05, 669.63465718388 
3059030, 636, 3.03002757325092e-05, 10565.5538145104 
47886, 136, 2.85992106617857e-05, 8051.8362035152 
60137, 896, 3.14228255404726e-05, 29828.5011827754 
1389005, 744, 3.14623710042789e-05, 26626.668467855 
1453352, 108, 2.42406612852399e-05, 29174.7891059805 
145357, 5, 1.68893242581364e-05, 1117.14628976667 
1462996, 104, 2.88758626663972e-05, 205.503039362878 
1689834, 942, 3.15786149619478e-05, 45153.4921323206 
186803, 232, 2.8191249436175e-05, 36472.8195373261 
2545798, 603, 3.11100049776008e-05, 25948.4407059229 
2814292, 629, 3.15875923937078e-05, 27430.8230036493 
2936682, 1, 1.87987592818874e-05, 0 
1163710, 607, 3.147128245476e-05, 25036.8904146971 
2049305, 414, 2.63692218442634e-05, 16475.0481998426 
2175632, 13, 2.57115676342787e-05, 0.62919171008707 
2714594, 733, 3.07521987822129e-05, 12490.3457000834 
53946, 812, 3.14406086901842e-05, 27458.8949868979 
55079, 194, 2.83575317604356e-05, 3226.53115278518 
1920883, 797, 3.13617261494073e-05, 38716.723731127 
221341, 846, 3.13715648136529e-05, 24795.2303624843 
2859768, 294, 2.83029548284841e-05, 14457.3017950443 
98228, 277, 2.82701495490911e-05, 39854.4010712787 
1049583, 356, 2.89955926699142e-05, 5793.22661162553 
2732163, 350, 3.09894945613437e-05, 55640.7497476336 
2745498, 3, 2.46736904438797e-05, 0.109386312954328 
2924031, 8, 2.10694871686823e-05, 436.744147360712 
905, 782, 3.04293582448346e-05, 28176.6181476614 
1646377, 774, 3.14891205088642e-05, 22452.9414614306 
1891675, 805, 3.17965023847377e-05, 38460.0517426936 
1979344, 336, 2.77932184546971e-05, 24129.6850036792 
2036, 55, 2.56462864177267e-05, 2133.62320725251 
2126553, 322, 2.88192743306724e-05, 29159.9272313649 
233100, 915, 3.13391206242753e-05, 51322.3885944831 
285473, 20, 1.9712201852947e-05, 17275.7418839843 
2922394, 531, 2.9915936219224e-05, 14933.6114383453 
2942204, 15, 1.99294497478925e-05, 2577.91516352013 
712116, 201, 2.80457706977788e-05, 44839.2465088733 
1259973, 396, 3.07815433865854e-05, 6664.79367688892 
1639, 57, 2.34714235418378e-05, 5401.32319080383 
2282124, 18, 2.3467567821271e-05, 9139.38029258287 
49338, 426, 2.97486241261342e-05, 14223.8150561951 
59932, 665, 3.02142188113726e-05, 19143.6934548554 
78543, 59, 2.71503040834057e-05, 62.7168186463502 
1569, 7, 2.39091452480574e-05, 29.6760377304791 
2487892, 19, 2.80930441622654e-05, 659.780705625172 
2739061, 667, 3.16826664132053e-05, 81419.6087006696 
2986831, 377, 2.4960686918104e-05, 4614.23993660436 
2998077, 6, 1.93820986936465e-05, 936.077262736883 
485870, 392, 2.86516532003897e-05, 6803.75612605903 
520, 281, 2.95954304655361e-05, 12018.508156726 
563, 746, 3.16555872111428e-05, 34308.3862130458 
1076596, 602, 3.08185404339251e-05, 12265.0989698688 
1082704, 828, 3.1379440190787e-05, 26746.4230549511 
172042, 373, 2.92346371981524e-05, 4576.31932566454 
1763538, 1, 1.82775259540869e-05, 0 
2291, 125, 2.84074768479064e-05, 16151.3708745235 
2482728, 235, 2.79446695542825e-05, 15629.5264094537 
254, 356, 2.80080663231011e-05, 27331.1148186918 
2594883, 9, 1.99032701072786e-05, 10969.4427345461 
2703885, 775, 3.16365592078206e-05, 55325.4989330564 
2715131, 304, 2.87612528401737e-05, 26827.1797895787 
3045816, 908, 3.17450239674931e-05, 66392.5851203273 
585423, 2, 1.62308678645047e-05, 7.13689271845594 
676, 765, 3.19539862597859e-05, 38246.456090772 
1612551, 5, 2.30133707684164e-05, 0.0555555555555556 
1613, 812, 3.12178066369057e-05, 21434.472144323 
1917421, 541, 3.15457413249211e-05, 192475.887461681 
2855434, 172, 2.79243807768563e-05, 8999.28623197931 
561, 595, 3.18654005480849e-05, 78326.1048553172 
1179675, 87, 2.69832703723691e-05, 3959.00566232335 
160825, 14, 2.29716070936323e-05, 1345.49902201169 
2572088, 181, 2.46749080859674e-05, 12.195309441982 
2856523, 239, 2.74634735801384e-05, 14353.7228186698 
50340, 87, 2.83945709580328e-05, 1847.59216962 
875328, 95, 2.67744785670299e-05, 1145.05384946352 
1448929, 867, 3.1062653371851e-05, 36388.2077038839 
1548602, 84, 2.73927573549553e-05, 128.121542861894 
1844006, 836, 3.11584719885337e-05, 39567.6538150233 
2479392, 27, 2.67329644184244e-05, 640.496571233756 
2714353, 882, 3.13617261494073e-05, 35542.3960340043 
2714951, 402, 2.94542134252305e-05, 5808.06439728107 
2810347, 116, 2.79829863443027e-05, 11680.6098590643 
2872311, 24, 2.50168863983189e-05, 85.7571703475346 
2929493, 778, 3.07720712681171e-05, 21505.9354810028 
43769, 825, 3.14070351758794e-05, 24548.4791429231 
41170, 236, 2.7986118885033e-05, 4850.22089167457 
63612, 842, 3.16415643589419e-05, 25569.4802785241 
1573711, 55, 2.90663876293454e-05, 217.179954854059 
2729421, 95, 2.6077659269304e-05, 57670.0002307477 
2745518, 716, 3.06269333251662e-05, 18744.2836689998 
2834406, 24, 2.63782643102084e-05, 398.191370742146 
320324, 392, 2.46408594731784e-05, 3810.88436979999 
1778540, 799, 3.13038034121146e-05, 24110.8936982288 
2798577, 758, 3.12754112716582e-05, 28337.0614186279 
2831673, 50, 2.47072194495232e-05, 55559.2883029024 
2950604, 843, 3.12627004720668e-05, 28026.1778059778 
2996794, 80, 2.23398789178563e-05, 14709.0437966507 
3046383, 943, 3.19335781574325e-05, 68012.9289799722 
394733, 86, 2.97159158445263e-05, 10545.1950357367 
441, 883, 3.11507071210516e-05, 49440.5240955617 
120961, 443, 2.9838276541147e-05, 13618.0573935264 
1472767, 38, 2.52582657674724e-05, 9275.71785450981 
1499308, 502, 2.93703007518797e-05, 19949.8177399266 
1616788, 40, 2.85918513223731e-05, 827.343210291066 
2966453, 850, 3.11866521128957e-05, 36530.4224378595 
3067902, 903, 3.16605983853095e-05, 57077.547338085 
54298, 744, 3.18177479398008e-05, 29926.7696533043 
84642, 508, 2.93987946494194e-05, 17327.9353526448 
938406, 645, 3.13755020080321e-05, 18015.9282122876 
224012, 75, 2.87125301481567e-05, 192.277424023318 
2518177, 408, 2.68622236548741e-05, 8374.52181417311 
2588534, 108, 2.76060070671378e-05, 28741.8950674461 
2883127, 826, 3.12480469970627e-05, 27212.8676962756 
35757, 68, 2.71665308340125e-05, 80.156011867666 
683124, 342, 2.44379276637341e-05, 1572.31418619556 
1082930, 119, 2.91647223518432e-05, 6799.70228855067 
158823, 755, 3.07031010132023e-05, 29957.4909529004 
2855441, 583, 3.01304649130736e-05, 13473.2348926108 
2936507, 852, 3.08689612594536e-05, 34808.9394989042 
3057115, 12, 1.72601273797401e-05, 5.865351910402 
3069118, 303, 3.07181913128955e-05, 129559.880848168 
379893, 756, 3.17561130517625e-05, 110867.972132581 
475088, 797, 3.10549361821061e-05, 20309.9457416053 
118163, 30, 2.80512777357009e-05, 53820.2223963755 
1207075, 98, 2.70431067120991e-05, 1575.456499126 
1565, 49, 2.57645634194729e-05, 750.814865517272 
158877, 809, 3.14722729275508e-05, 49661.9612651523 
2058624, 181, 2.86377044016152e-05, 6760.89799834568 
2894156, 828, 3.06710833026623e-05, 36592.2234346672 
2993314, 789, 3.09568770702412e-05, 24749.0134356983 
3039400, 2, 2.29684413615692e-05, 0.0175438596491228 
485880, 3, 2.55571457779595e-05, 0.159628277325915 
161896, 436, 2.94863478209589e-05, 6342.32326163847 
1922217, 42, 2.30765680527992e-05, 8356.36577668882 
2175622, 3, 2.24815089588813e-05, 0 
2592655, 774, 3.11148448924982e-05, 26034.6629247088 
3003262, 374, 2.81151596941071e-05, 13607.2814386452 
3016636, 14, 2.2802417056208e-05, 361.691090163225 
1617283, 352, 2.45851259987707e-05, 5944.18722135965 
2017483, 8, 2.18035932321647e-05, 657.850026023763 
2056231, 209, 2.86647939001319e-05, 5972.70564705637 
55213, 630, 3.00066014523195e-05, 20994.6202978751 
2026193, 1, 1.5406421396438e-05, 0 
2103230, 3, 2.39900201516169e-05, 13979.6535451992 
2559073, 670, 3.03573054855651e-05, 15253.4578026033 
2735554, 18, 2.4267721503628e-05, 27752.9543271792 
2740515, 798, 3.07559820385065e-05, 22475.2184750509 
2920939, 433, 2.67615810742099e-05, 5945.76611226588 
118562, 22, 2.0250703711954e-05, 1364.66184733247 
1390, 6, 1.89068083416838e-05, 37.2345645286858 
1415568, 557, 3.17339426250317e-05, 99867.6977497279 
172713, 18, 2.45706282709649e-05, 4729.21266782958 
2296, 551, 2.99034119793068e-05, 13140.0599260874 
2303750, 2, 2.0616856341745e-05, 4.88247278743097 
2758572, 471, 2.92551635363642e-05, 13925.7021265389 
2778876, 344, 2.72531545526395e-05, 27659.8935054988 
28025, 707, 3.06654400490647e-05, 19212.8721818088 
28112, 371, 3.01895906291511e-05, 101906.587751992 
72360, 3, 2.01049478276604e-05, 0 
1486245, 315, 2.88575303725507e-05, 38738.5917564486 
2576904, 751, 3.13145863343145e-05, 34688.4901425044 
2592382, 7, 2.31846424928128e-05, 21885.867434663 
2675216, 726, 3.04293582448346e-05, 30460.4090459014 
2892541, 19, 2.16995052512803e-05, 7087.37690598116 
2979869, 362, 2.84721826775241e-05, 20823.4817590862 
43674, 45, 2.691138082295e-05, 410.183066563299 
44250, 335, 2.97468542701609e-05, 6425.27640337958 
838, 305, 2.97327030000297e-05, 115967.090474894 
1909699, 818, 3.01595439876949e-05, 44841.2879820688 
213115, 601, 2.92030487982945e-05, 20797.3843016943 
216934, 49, 2.10814799198904e-05, 17469.5367917159 
2809020, 769, 3.1104199066874e-05, 28204.7185025518 
28903, 98, 2.39320330262056e-05, 7602.01424542779 
2992143, 789, 3.06438268010909e-05, 44695.2200707977 
545501, 49, 2.51553341886147e-05, 16247.9213097019 
631220, 894, 3.11516775178343e-05, 44684.6827307526 
67780, 828, 3.08937563718373e-05, 29929.5212002795 
712157, 593, 2.98151460942159e-05, 13360.8760754202 
85683, 362, 2.82262617138986e-05, 11744.7259071319 
1752064, 3, 1.85013876040703e-05, 9218 
1871076, 410, 2.74483970136144e-05, 12639.2837675978 
1879049, 684, 3.10983953228013e-05, 31753.5836456855 
2048897, 156, 3.01331886940276e-05, 11016.4564021815 
2758563, 252, 2.93358366580615e-05, 5855.83085686346 
2885633, 430, 2.73022633576323e-05, 8345.46384213276 
3025669, 289, 2.82398124876451e-05, 13203.012600503 
3070659, 465, 2.68730517037515e-05, 10940.9435832208 
51288, 727, 3.10703743980115e-05, 27898.7048221517 
111501, 423, 2.72613270814023e-05, 15828.8410235881 
131110, 517, 2.96261183859691e-05, 9695.21455780631 
2777185, 11, 2.19250164437623e-05, 3141.48557795348 
2822410, 822, 3.04136253041363e-05, 58546.0838648623 
328812, 290, 2.98739320069308e-05, 176348.376853656 
38301, 660, 3.02544398390464e-05, 20169.1567327155 
388413, 339, 2.83422611455942e-05, 17870.7390189897 
524, 463, 2.9495914815798e-05, 7932.41913904509 
1333845, 647, 3.05064063453325e-05, 21012.0912881549 
148813, 51, 2.36994904609551e-05, 25505.6995972416 
1643824, 615, 2.91860023932522e-05, 18056.7074121548 
1898042, 746, 3.11313118734823e-05, 34019.7063153273 
212743, 16, 2.17755808636195e-05, 37092.7823448284 
3062598, 727, 3.12431655575343e-05, 28303.9518979255 
312279, 291, 2.85379983447961e-05, 22703.5184481528 
551996, 289, 2.8511960767542e-05, 14689.1602903837 
1102, 304, 2.92568753657109e-05, 8511.63246744316 
1217908, 872, 3.15437511828907e-05, 37898.7170850889 
154116, 2, 1.88544062747464e-05, 9218 
2083206, 651, 3.05941381631279e-05, 14954.4704234309 
2851642, 88, 2.76893257649176e-05, 259.427799557116 
3044166, 247, 2.98107020420331e-05, 27185.4496355085 
371142, 400, 2.74793218103377e-05, 13244.1681030434 
394935, 339, 2.94256120527307e-05, 6191.03038054782 
576131, 761, 3.10462589257994e-05, 28850.5699423346 
1397108, 753, 3.10867943297687e-05, 26255.5742224158 
1445505, 195, 3.08014538286207e-05, 25434.4453612834 
1549855, 897, 3.09013936528537e-05, 54402.9621643292 
1618, 50, 2.12725222829671e-05, 1254.37599409688 
180957, 513, 3.14940791131267e-05, 66140.0356681944 
2743772, 696, 3.00996297745538e-05, 29165.6315780191 
1619153, 920, 3.04599451720987e-05, 20839.6736330193 
2747817, 939, 3.0441400304414e-05, 21320.9666953169 
2964606, 20, 2.32331211374936e-05, 6.88731475161066 
49283, 1024, 3.08594352723345e-05, 25805.589461045 
1148509, 103, 3.01759256465192e-05, 668.685284858175 
86185, 752, 3.1930519190242e-05, 46245.9419961531 
33011, 602, 2.99814115248546e-05, 7963.84044300653 
43771, 834, 3.02151317379744e-05, 14722.4195209862 
154981, 975, 3.1174985191882e-05, 46111.0309859829 
156978, 766, 3.00598190398894e-05, 13410.8591398242 
1808979, 899, 3.15198890499905e-05, 33843.4079153302 
2570911, 10, 2.03008587263241e-05, 177054.669609559 
306, 286, 3.03619140150595e-05, 3237.30960228686 
1510150, 855, 3.15666529877837e-05, 30971.2831235706 
2954079, 138, 2.94663641453281e-05, 6701.12586439908 
297, 1042, 3.16505776230416e-05, 45501.2126092002 
2999067, 561, 2.99832094027345e-05, 7416.30640573873 
2584940, 110, 2.81809215161336e-05, 11275.820641645 
2774562, 107, 2.9868578255675e-05, 16457.4857906813 
3017782, 963, 3.11934618503962e-05, 23789.5880884894 
400092, 142, 2.70606700221898e-05, 7584.4982907177 
470931, 343, 3.06485227412039e-05, 2660.94512003914 
224402, 916, 3.06899091578689e-05, 22627.4168855863 
2509675, 231, 2.83021537939037e-05, 685.166940106497 
2672567, 7, 2.1143884131515e-05, 754.513302455138 
2682776, 1100, 3.12226801548645e-05, 32980.484422444 
371036, 20, 2.01507274412606e-05, 2207.19012424892 
302485, 918, 3.11944349128116e-05, 28404.2629265307 
670, 176, 2.99823104368423e-05, 106536.244626228 
2026885, 985, 3.09472967536286e-05, 31111.9872444576 
247480, 1, 1.59154570919277e-05, 0 
2609254, 434, 2.92602996254682e-05, 5270.49804131752 
2789857, 1088, 3.10732707724815e-05, 30045.3390459305 
1985873, 794, 3.19938571794215e-05, 48469.1095526543 
2512235, 48, 2.74386061188092e-05, 65.5204447802028 
3042026, 48, 1.94852009898482e-05, 20099.0607483467 
2932254, 186, 2.78148642634624e-05, 24480.0538733033 
55148, 1091, 3.10935605236156e-05, 40959.8225353984 
87, 1043, 3.12353584257379e-05, 40250.1961872815 
218936, 1084, 3.13509107439571e-05, 36510.0579285733 
2496837, 1030, 3.10385498789497e-05, 27961.8218034114 
2835648, 98, 2.92252389163281e-05, 38031.7394557374 
2982699, 485, 2.93703007518797e-05, 8200.82154507104 
794846, 59, 2.58024563938487e-05, 14871.8367252121 
320497, 1034, 3.13047833708991e-05, 26741.9268845641 
1565605, 851, 3.18106629342155e-05, 26736.9791475077 
1874, 234, 2.80331912984974e-05, 9338.86565681686 
441501, 866, 3.04053026847882e-05, 17776.4398283282 
1046043, 936, 3.09405940594059e-05, 31802.7245710576 
1126833, 540, 2.97335870599429e-05, 4638.26873422997 
160674, 1027, 3.08842150776738e-05, 25007.3353866316 
1853130, 605, 3.11090371752994e-05, 14515.0377444522 
68239, 31, 1.94582814445828e-05, 21950.3143071218 
84566, 131, 2.63109427210777e-05, 6024.59344429187 
1526412, 48, 2.85290425653315e-05, 23.7871546269706 
154, 1057, 3.14198636377918e-05, 40931.1985975523 
2986803, 35, 1.9351342983203e-05, 1586.1185503732 
187491, 1011, 3.1041440322831e-05, 40061.8468907561 
152260, 977, 3.09224156591113e-05, 25034.9076531969 
146923, 44, 1.89064508810406e-05, 7956.13879177348 
198620, 911, 3.13263579976192e-05, 18053.3449225643 
2918527, 149, 2.72985367984276e-05, 28416.0570922302 
1881069, 133, 2.98783949326242e-05, 27469.780859226 
2035811, 1075, 3.15020161290323e-05, 32635.5682298097 
2682541, 3, 1.86518446674376e-05, 9304.93331363489 
2913412, 36, 1.90912562046583e-05, 9257.09031372906 
79209, 17, 2.36272564029865e-05, 613.245402492867 
1457, 1058, 3.14891205088642e-05, 37416.0629159389 
2678688, 1054, 3.12139089178138e-05, 34624.3252049557 
2867022, 1046, 3.12587915351193e-05, 27455.2283598282 
2871694, 919, 3.0392365437802e-05, 20409.7657526445 
1543721, 1004, 3.18532203605785e-05, 44579.5859495174 
1891671, 387, 2.89712315670539e-05, 4508.91271064686 
1931241, 970, 3.17510715986665e-05, 30430.7525860739 
43675, 950, 3.03536196691455e-05, 19018.231443328 
1288121, 966, 3.14643508904411e-05, 46369.4340762072 
2057743, 423, 2.89620018535681e-05, 38858.6393923663 
33059, 1083, 3.1556691596453e-05, 39406.6814920086 
2855836, 35, 2.08790061593068e-05, 13294.2150543615 
1476025, 11, 2.20804168782707e-05, 1999.31910279322 
2909671, 45, 2.8388928317956e-05, 15219.6329619463 
2954092, 492, 3.08365968731691e-05, 8640.40061562426 
564064, 205, 2.77354042435168e-05, 27592.0677166412 
75787, 197, 2.8246193825382e-05, 2464.41336700725 
2152891, 877, 3.14366551398931e-05, 23452.4073244165 
2745504, 855, 3.15377822631513e-05, 26167.2545958053 
3019969, 100, 2.60933096753992e-05, 14188.0017146997 
214856, 982, 3.11313118734823e-05, 34273.0259742036 
28453, 84, 2.4942631946523e-05, 22826.1900541866 
163011, 307, 3.04822288605743e-05, 49044.4610575695 
2946605, 541, 3.14772262268249e-05, 20146.929077841 
76853, 10, 2.23005218322109e-05, 5098.77407665395 
1661, 968, 3.09520861706079e-05, 23864.666476905 
2350, 178, 2.76159178150286e-05, 25409.0134892949 
277, 1081, 3.13922461152095e-05, 43803.8597512576 
1136497, 889, 3.0828041186263e-05, 27737.9549057854 
2785056, 167, 2.8998115122517e-05, 38297.6452060156 
471827, 1104, 3.14356669076734e-05, 48542.9792437157 
181663, 1065, 3.16917031121252e-05, 35924.4964111875 
3051120, 29, 2.43872698451408e-05, 241.851938021224 
3067904, 865, 3.17077810894794e-05, 65962.423980862 
497967, 203, 2.87389355098287e-05, 40044.1705696821 
1703340, 91, 2.70782561603033e-05, 16881.8144464427 
178440, 73, 2.52461499621308e-05, 11041.8220436758 
2012, 12, 2.41481731906981e-05, 3637.966355677 
2871487, 21, 1.86226675108943e-05, 5211.3539269169 
2939437, 1065, 3.10887272275073e-05, 31290.2237003675 
2967130, 174, 2.9641925539483e-05, 48703.7287228437 
3028314, 913, 3.1266610386768e-05, 23868.086179058 
81682, 131, 3.07210223956253e-05, 146452.593844065 
2054919, 665, 3.08043002803191e-05, 8636.8027363555 
2726189, 125, 2.97601333253973e-05, 80006.1369645748 
1648923, 1, 1.73178165696869e-05, 0 
2321394, 256, 2.82885431400283e-05, 385.793531804559 
1537400, 864, 3.14574223788103e-05, 24394.1994932963 
2201356, 562, 3.10993624630695e-05, 14570.1611811857 
2585119, 1043, 3.09760555090915e-05, 30169.8435549551 
2772483, 214, 2.80198380453361e-05, 22278.050146631 
2932251, 202, 2.89067468347112e-05, 56395.2628258146 
1030, 664, 3.16937119675456e-05, 18755.0416775963 
1573718, 449, 3.05595452739663e-05, 9206.02589476631 
2590785, 11, 1.99620720630801e-05, 4918.08428995784 
2596915, 174, 2.79017857142857e-05, 16048.4549135446 
2866381, 859, 3.03637578186676e-05, 17614.491791526 
1852390, 524, 2.99733237418697e-05, 3720.32856144008 
2714934, 419, 2.9956263854772e-05, 3141.34806353536 
2883169, 599, 2.97353553374963e-05, 8988.40650014604 
81412, 1050, 3.13548427554636e-05, 42251.1099981102 
1458461, 1043, 3.18005469694079e-05, 43744.068224119 
2792013, 1, 1.49354043760735e-05, 0 
69541, 273, 2.81357267458218e-05, 8239.01510236594 
28141, 1057, 3.1562667676672e-05, 43562.2161399281 
348826, 991, 3.10945273631841e-05, 33492.2659841835 
2609258, 289, 2.8495711395435e-05, 1258.83950405054 
46680, 204, 2.98347156751596e-05, 8411.24695935246 
2906456, 164, 2.72576116880639e-05, 14110.3153780985 
1155739, 774, 3.09731772285201e-05, 18874.594611009 
392011, 1003, 3.10318076027929e-05, 29084.5552697238 
2884875, 956, 3.0717247734603e-05, 20096.3640619645 
651740, 759, 3.13745176167916e-05, 19017.3531968967 
3070682, 21, 2.24729201312419e-05, 239.573518103769 
33071, 1110, 3.13853493189379e-05, 37413.5451485419 
2014076, 85, 2.67229630421421e-05, 22399.5394847879 
2563602, 21, 1.80495641030269e-05, 382.449163480532 
71655, 1070, 3.15576874526635e-05, 35971.1807345158 
1301, 21, 2.63587959302019e-05, 29201.6397975691 
2838237, 702, 3.02544398390464e-05, 21103.0326767233 
2973088, 379, 3.08423033032107e-05, 8300.60096938852 
2980100, 835, 3.18877551020408e-05, 30534.4744020203 
310783, 1019, 3.11322810622334e-05, 31961.0611324434 
2785785, 838, 3.18674314850223e-05, 24224.4686639911 
1630135, 895, 3.08499151627333e-05, 31621.6727884901 
2931930, 909, 3.1266610386768e-05, 23983.4014866566 
2953747, 943, 3.09386795371574e-05, 30073.4766537055 
1930274, 968, 3.11429461227032e-05, 24166.2015636646 
2478464, 95, 2.63928844783446e-05, 1160.51326422609 
2747268, 157, 2.71171733058546e-05, 10077.561969227 
2867238, 147, 2.89485873089393e-05, 71452.7513823894 
721785, 22, 2.62357015426593e-05, 2622.17452577981 
1933880, 827, 3.05530094714329e-05, 18323.6371593222 
442, 994, 3.12930279133809e-05, 35567.3715399592 
44675, 1033, 3.1501023783273e-05, 24411.5795318844 
156453, 41, 2.04720863103159e-05, 15909.2973173682 
1781, 528, 2.96885669328741e-05, 6107.27914182118 
2565368, 343, 3.08556265234966e-05, 3128.29622145504 
1649486, 26, 2.50275302833116e-05, 70.0247070030288 
244566, 937, 3.15746266300401e-05, 29368.1344228469 
2953881, 952, 3.09616694532169e-05, 25106.4253578934 
1094342, 952, 3.14327025837682e-05, 32346.539422037 
1930622, 820, 3.07493619507395e-05, 13408.1807635623 
2730847, 917, 3.15935801845065e-05, 21936.1662011528 
133924, 1078, 3.14811899889816e-05, 47531.6469137867 
1986146, 1107, 3.18654005480849e-05, 48584.1121190869 
2895494, 203, 3.07399096246657e-05, 30769.1199568787 
2885078, 230, 2.81278127812781e-05, 1041.94961975293 
3028878, 987, 3.17843748013477e-05, 36880.3662821088 
3021710, 996, 3.17510715986665e-05, 34747.6659045068 
44742, 1102, 3.15646602064329e-05, 37207.7522907086 
1536772, 411, 3.06588588772726e-05, 13874.6211176536 
2057025, 156, 2.71098218884702e-05, 22509.9214189831 
2954096, 244, 3.05997552019584e-05, 5842.02534386595 
2996034, 830, 3.10867943297687e-05, 18815.194856159 
1446467, 183, 2.8181715702852e-05, 24927.2468924782 
2175621, 188, 2.79438886715475e-05, 10716.9905800607 
2886821, 988, 3.13814096529216e-05, 52027.4521498979 
3002901, 460, 2.93478898867171e-05, 31568.4950276531 
38286, 489, 2.9592803030303e-05, 5743.3883989941 
218208, 1036, 3.15527088000505e-05, 28095.3306331625 
2003188, 1001, 3.11216233038715e-05, 29855.3746716922 
1470347, 1049, 3.14425858382593e-05, 37194.3256398528 
651822, 1087, 3.1175957101883e-05, 33107.1906900208 
121872, 650, 3.025535519787e-05, 7630.46260258332 
388408, 979, 3.15228698420704e-05, 23233.6755977195 
1807358, 2, 2.19245357479555e-05, 1.7300463764358 
2964609, 376, 2.89603243556328e-05, 1774.83121626967 
748197, 193, 2.9843619434165e-05, 1040.57420399496 
1397264, 159, 2.72590977238653e-05, 24384.1451236861 
1532552, 10, 2.22811434682828e-05, 1199.54331641429 
28031, 21, 2.42942519799815e-05, 11701.7277594905 
2879621, 11, 1.99620720630801e-05, 4918.08428995784 
353800, 952, 3.10433675845156e-05, 24775.1543761068 
203557, 65, 3.00543984612148e-05, 34342.9573522187 
2590774, 10, 1.80929980097702e-05, 2901.40460217091 
414371, 936, 3.17218627077782e-05, 30930.3654802401 
208224, 38, 2.62350132486817e-05, 1212.99938007109 
2590016, 922, 3.17208564631245e-05, 28913.193143575 
106578, 18, 2.03607932565053e-05, 31629.7568815245 
1834519, 200, 2.80583613916947e-05, 29119.4133159771 
2005046, 23, 2.34510576426997e-05, 712.826343746266 
3015983, 821, 3.1930519190242e-05, 27152.0135925894 
41295, 521, 3.0829942039709e-05, 15059.8525322345 
251699, 750, 3.17470395885584e-05, 24093.7268184236 
2718, 1082, 3.17530879878068e-05, 36959.0157488959 
273384, 738, 3.04173257087237e-05, 11600.1694283037 
2735870, 192, 2.80182679106778e-05, 30944.4158480311 
3025782, 143, 2.95168098231943e-05, 25416.1258034315 
406552, 658, 3.0362835888872e-05, 9686.08117355676 
1798205, 885, 3.15417612919505e-05, 21106.9850586425 
1806885, 100, 2.82797432199316e-05, 22704.7667284861 
204038, 1013, 3.1496062992126e-05, 27676.8308519751 
575378, 122, 2.61028452101279e-05, 4483.24511551652 
83677, 17, 2.5543436613962e-05, 7754.4375178386 
1573719, 477, 3.06428877857449e-05, 9065.477520412 
2883100, 1028, 3.14772262268249e-05, 34462.2558401596 
1467, 6, 2.14073170209578e-05, 577.846677951945 
2603215, 971, 3.18076274690671e-05, 43812.4017948698 
2610902, 777, 3.02535245356084e-05, 18807.2392023664 
2954094, 698, 3.09923758755346e-05, 11172.660255086 
2055893, 1001, 3.12431655575343e-05, 47682.0656643013 
2782674, 131, 2.957267484844e-05, 24483.0819908009 
355249, 38, 2.08342014250594e-05, 37544.4320575458 
38289, 945, 3.08594352723345e-05, 24855.0896447677 
119977, 1040, 3.17067757379752e-05, 34146.8258106456 
2569541, 80, 2.81706011606288e-05, 15743.3005099183 
2880651, 1103, 3.16305551162423e-05, 34962.6754556085 
2995658, 601, 3.15218761820704e-05, 35986.641191818 
310575, 417, 3.14090081035241e-05, 15572.3725187452 
245188, 1029, 3.16265536544483e-05, 30636.944303797 
2749999, 542, 3.06194310909703e-05, 6830.64453972578 
133926, 1048, 3.12754112716582e-05, 46136.136741264 
36745, 25, 2.20989591390246e-05, 14590.2921907498 
92644, 38, 1.93532155367614e-05, 2402.86217368343 
2608981, 896, 3.21305786717219e-05, 30655.476218775 
74030, 1102, 3.17268948887972e-05, 38505.4732446101 
1890302, 40, 2.33934545114277e-05, 86574.6964060868 
2745199, 833, 3.17783144782001e-05, 29394.8425764932 
2963939, 695, 3.20184426229508e-05, 99107.3015147602 
2881234, 1062, 3.16866820875186e-05, 34097.230852281 
511062, 1065, 3.15059861373661e-05, 36945.3625306583 
169760, 1041, 3.16636058514344e-05, 44470.246995357 
2992441, 76, 2.79126891084687e-05, 73.5859504031548 
403, 856, 3.1854235020546e-05, 17299.4027154194 
2049, 249, 2.95787979176526e-05, 8977.66380734677 
2859228, 257, 2.97132669737038e-05, 6764.1641520994 
2986280, 83, 2.70863241149544e-05, 33060.3879051696 
3025671, 126, 2.62549884478051e-05, 6455.10478805604 
333367, 994, 3.13686125662662e-05, 22662.3851676209 
423351, 143, 2.69215237582447e-05, 7694.51147233582 
2730848, 565, 3.13863343900066e-05, 18512.5367333216 
44012, 1022, 3.14970550253551e-05, 26886.5590992254 
2906474, 26, 1.8262171737463e-05, 4817.12802302325 
401472, 827, 3.07361303211926e-05, 28789.993906401 
529, 104, 3.04312102492316e-05, 29481.9575763643 
1916956, 1094, 3.15606753984535e-05, 43854.1682876648 
2527973, 1034, 3.1640563202025e-05, 32310.9934719171 
36746, 194, 3.06739057084139e-05, 10393.9671491097 
1773, 510, 2.97548202808855e-05, 4080.7314245901 
2364647, 952, 3.14603913672686e-05, 26459.7609426169 
2991053, 87, 2.68940107038163e-05, 31497.8347823986 
395922, 166, 3.05492759821592e-05, 13003.654719468 
702115, 911, 3.19713536671143e-05, 29620.3078554647 
1379909, 3, 1.95740682743501e-05, 0 
2740462, 158, 2.73665197996771e-05, 12549.060038308 
163202, 867, 3.06974459724951e-05, 18713.4490120726 
42906, 881, 3.12129346401149e-05, 22839.884855159 
484770, 19, 2.15656674574078e-05, 29098.1713694358 
1980001, 12, 2.47745515806164e-05, 13666.2762376656 
2886932, 729, 3.03674460977832e-05, 13879.7622442787 
2931974, 34, 1.92185728287817e-05, 657.197395123385 
13769, 998, 3.12861746394268e-05, 33314.0850325073 
1653831, 51, 2.44828008324152e-05, 86459.3736447944 
2759525, 32, 2.20152786033507e-05, 69594.1016882968 
2853258, 704, 3.05819749839445e-05, 19181.1786641848 
2731680, 2, 2.3716352424997e-05, 0.162967143095946 
2886046, 1001, 3.19447993866599e-05, 35438.8610091124 
1332188, 29, 2.39108603127541e-05, 536.406197255287 
1420917, 977, 3.1854235020546e-05, 32799.5321302125 
2725563, 313, 2.86549372456874e-05, 31952.7834536412 
370111, 204, 3.07824909191652e-05, 152458.476128521 
392610, 149, 2.75330396475771e-05, 31465.4172954252 
44930, 962, 3.12412134087288e-05, 30442.8335537323 
61652, 1007, 3.14673211869474e-05, 36410.5292645402 
82996, 801, 3.1104199066874e-05, 20213.7595553367 
899, 1084, 3.1814711122423e-05, 35605.5368977901 
1297617, 901, 3.1161384811941e-05, 23747.3963825306 
323449, 165, 2.72881078426022e-05, 9225.67782540779 
44251, 941, 3.15278390819093e-05, 25807.4990317049 
555317, 161, 3.05306222140807e-05, 83434.4100110997 
1538158, 171, 2.93815190245336e-05, 27915.5198838438 
2364787, 1051, 3.17480474950791e-05, 34374.5653127775 
2094021, 38, 1.88529844274349e-05, 5218.52206441527 
2505977, 899, 3.08680083960983e-05, 25273.0035897017 
2756133, 62, 2.66453503863576e-05, 9895.30783394451 
430914, 805, 3.06974459724951e-05, 13581.5804317566 
454662, 26, 2.38208670795617e-05, 90.5643202400258 
2933779, 23, 2.20031684562577e-05, 31305.5422222817 
2946555, 454, 3.09080793719478e-05, 9268.71674420482 
2664893, 172, 2.80764803324255e-05, 5870.80571067636 
2749086, 997, 3.16585937252667e-05, 35549.5724895499 
421767, 11, 2.27515755466066e-05, 13410.378415255 
496056, 173, 2.75747966358748e-05, 15737.9745205068 
1334193, 946, 3.12587915351193e-05, 20191.6824067368 
1385715, 178, 2.74702634398264e-05, 15407.7254078271 
463192, 1054, 3.17279015165937e-05, 51718.902792652 
2653858, 24, 2.79814203368963e-05, 308.811145255986 
2866382, 907, 3.11866521128957e-05, 25353.5634814931 
1667168, 980, 3.11342196207852e-05, 38454.0616454612 
1769779, 839, 3.15925820617319e-05, 30400.3169714777 
2782678, 224, 3.03214069132808e-05, 49701.1624262081 
2811788, 984, 3.13440320962889e-05, 28525.5117932153 
2926399, 39, 2.75717554936723e-05, 49435.9801586735 
2714935, 773, 3.0441400304414e-05, 13686.4538617815 
2862866, 129, 2.92851495006882e-05, 16003.8748509524 
2954086, 531, 3.14455520266658e-05, 25124.5048305173 
1407, 9, 2.25179580715621e-05, 2632.81495051829 
2841064, 61, 2.85738777609509e-05, 8473.72812946588 
588898, 914, 3.09722179205253e-05, 31121.3938485922 
83219, 903, 3.14801989548574e-05, 29075.6498624883 
99, 1015, 3.21171634121274e-05, 38829.6682218712 
2906443, 169, 2.73965096846662e-05, 19747.0705477842 
2909339, 179, 2.76189687077085e-05, 20222.4271282006 
1550579, 156, 2.72316322640379e-05, 7169.59449191747 
379347, 925, 3.15497223624432e-05, 37951.6506654051 
77635, 974, 3.13165476637855e-05, 40278.3925228581 
32046, 1000, 3.15895880717715e-05, 33492.0271014282 
1325111, 143, 3.02617642608564e-05, 7652.68172015351 
2718876, 729, 3.05913304169598e-05, 21140.703476926 
166501, 758, 3.02608485141923e-05, 13939.9101999635 
2060066, 925, 3.12891113892365e-05, 25438.798388244 
470934, 46, 2.94715746662344e-05, 30.3621432620896 
108486, 910, 3.10106366483704e-05, 23740.0455462512 
2954091, 688, 3.1119686313562e-05, 11198.3563395951 
1356852, 821, 3.10819631367917e-05, 27347.4672184457 
1891787, 1073, 3.18897888895976e-05, 42880.0990907459 
2175664, 334, 2.8666437335168e-05, 3874.62227963192 
2048283, 642, 3.17339426250317e-05, 13303.3685362438 
2983233, 959, 3.12744331508991e-05, 28697.4446184304 
265959, 1077, 3.18116748846827e-05, 55929.9612746624 
1178482, 1031, 3.21409057307235e-05, 35185.3225291088 
1940, 22, 1.88380679677492e-05, 76.3601413902698 
2745947, 200, 2.84535495803101e-05, 44733.536444322 
652787, 151, 2.68420346262247e-05, 13729.7316470591 
1263550, 410, 2.99114620722661e-05, 3928.01359463641 
2953746, 900, 3.10694090598397e-05, 32838.3264385603 
2978973, 1078, 3.16886903064296e-05, 38753.3885581383 
106, 171, 2.79103519495381e-05, 13733.0431735157 
2666025, 181, 2.7873010563871e-05, 29754.3442677799 
2866626, 139, 2.93496125851139e-05, 1212.46510136015 
435905, 439, 3.18369945877109e-05, 53628.9266485622 
48073, 268, 3.15915840020219e-05, 54653.227129799 
92947, 1062, 3.16515794138128e-05, 35781.1063842393 
1421430, 841, 3.17138145376126e-05, 21035.4991074467 
2750620, 424, 2.95168098231943e-05, 3282.52770414832 
328814, 1043, 3.16045636989981e-05, 33974.8767754147 
48074, 742, 3.16786517565812e-05, 26624.0526166685 
2093824, 149, 2.60858223555498e-05, 2144.2492957953 
321662, 778, 3.17399860344061e-05, 21882.1601688495 
1197717, 1098, 3.17047652262135e-05, 39690.2179455294 
2045451, 36, 2.67229630421421e-05, 12738.1279556615 
238834, 16, 2.27283058320833e-05, 15204.3311970153 
28065, 30, 2.45350606015997e-05, 2658.18227898219 
2997335, 10, 1.70534968195228e-05, 391.799185456124 
3034020, 911, 3.1062653371851e-05, 25813.3653855566 
2093857, 1097, 3.18268618714195e-05, 45212.4776573023 
2961571, 965, 3.11507071210516e-05, 48235.2889205167 
110539, 255, 2.84236257176966e-05, 31315.3928500958 
1178516, 208, 2.8495711395435e-05, 59473.4774738127 
1335746, 1047, 3.17581300813008e-05, 34015.1813597299 
1531429, 1013, 3.1077133445211e-05, 30261.9423059013 
2886045, 611, 3.02462041013853e-05, 9628.07063651284 
3073271, 12, 2.0421916801111e-05, 314.946881644402 
2924032, 14, 2.07176597331565e-05, 3802.27772621877 
2979870, 195, 3.12431655575343e-05, 20009.6778527317 
1906738, 1038, 3.19836243843152e-05, 60330.1862812553 
2772253, 435, 2.95534474096403e-05, 6397.52846706686 
324057, 9, 2.48478071810163e-05, 259.535199954867 
1664069, 270, 3.04636568573692e-05, 156546.223763622 
2721245, 37, 1.92719073406695e-05, 2238.605022708 
1603886, 856, 3.1000062000124e-05, 26656.6426705591 
1648404, 196, 2.8021408355984e-05, 65766.0500976598 
375286, 170, 2.7681660899654e-05, 19920.4450145548 
2027860, 121, 2.64263629396686e-05, 11949.1232443246 
2527971, 937, 3.14811899889816e-05, 21743.6682921379 
1795043, 976, 3.17874058298102e-05, 36283.7988286225 
1909299, 49, 2.70775229482007e-05, 4431.64368456565 
1984801, 10, 2.12098074149487e-05, 8048.40239669281 
2161747, 750, 3.16115571853069e-05, 31970.1253874539 
1125, 3, 2.38595151746516e-05, 16.6959503278496 
2109593, 26, 1.81208661774033e-05, 3341.31978010733 
2929803, 149, 2.68154027673496e-05, 11071.7917850817 
2953753, 972, 3.12763894536015e-05, 30411.9115379025 
302484, 843, 3.08966199097819e-05, 18965.6108079521 
2678259, 850, 3.16275539249794e-05, 21734.1353349997 
2853257, 203, 2.94117647058824e-05, 74785.5090557595 
1581038, 20, 2.19809205609531e-05, 29455.5897667779 
29571, 983, 3.17884163010999e-05, 44821.1684244891 
3029061, 171, 3.10848616723656e-05, 24699.5665805232 
447471, 318, 3.17218627077782e-05, 123482.885464397 
79263, 673, 3.07474710205086e-05, 13694.4229632106 
1550024, 1022, 3.15049935414763e-05, 33245.0895091182 
1219, 7, 2.27236575999273e-05, 11.8356753041828 
2282849, 499, 3.0305785374428e-05, 10105.4569934561 
2560058, 24, 2.40714440459283e-05, 168.472660133237 
2810562, 1063, 3.17369640420197e-05, 35803.2197439191 
665914, 916, 3.14248004525171e-05, 30416.7390161461 
69527, 899, 3.11032316257659e-05, 22784.8651484705 
1520670, 795, 3.06710833026623e-05, 18304.2836622363 
2697043, 991, 3.20194678364446e-05, 31950.421038722 
2709392, 786, 3.05082677405577e-05, 20520.1398322116 
274539, 1066, 3.2008194097689e-05, 38254.9055504299 
2898795, 841, 3.09463390480906e-05, 40409.6290211083 
3004129, 1084, 3.17279015165937e-05, 36325.8388409138 
107, 178, 2.76113427395974e-05, 17991.0663653784 
2764720, 187, 2.80119891313482e-05, 20711.4369922062 
34020, 22, 2.04106625301057e-05, 56.0312369486343 
712411, 1000, 3.15059861373661e-05, 35933.3764476221 
2377, 333, 3.01277416244878e-05, 22480.6680151635 
45989, 940, 3.1201248049922e-05, 31105.1344222802 
1842536, 139, 2.8802672888044e-05, 8134.86353557845 
2494701, 177, 2.73194186427713e-05, 2458.3094048709 
2692233, 28, 1.87606701311371e-05, 15825.5313949654 
706438, 655, 3.04924531178533e-05, 12393.3662550905 
84110, 1061, 3.16766448097817e-05, 39198.175236722 
39122, 753, 2.52755029825094e-05, 12360.3437296997 
1874061, 214, 2.31123026787159e-05, 5816.31561153007 
80842, 116, 2.28493088084085e-05, 4070.10212698343 
99653, 622, 2.53755582622818e-05, 12107.0659813202 
2963432, 26, 1.9781611014401e-05, 3366.16649862445 
3016103, 512, 2.53305638583515e-05, 23999.9495978135 
2653850, 218, 2.29236870458245e-05, 5175.27902449429 
33883, 427, 2.53119700306275e-05, 28399.1281598119 
1108595, 832, 2.57605811587109e-05, 13631.0968564326 
2925844, 333, 2.49258456093123e-05, 25829.7124922591 
2907154, 221, 2.29742458703793e-05, 3779.8071392735 
502394, 972, 2.57546100752035e-05, 19279.627091665 
1458425, 99, 2.5558452180136e-05, 36088.8079120929 
1982042, 230, 2.30584762958864e-05, 8055.81033866207 
2879427, 3, 1.81409186561207e-05, 841.158226609905 
2880218, 806, 2.55734854103266e-05, 13297.4141994433 
309887, 1003, 2.57254579131509e-05, 29072.133419792 
615, 555, 2.45308475407825e-05, 17360.5236261718 
2897334, 945, 2.5616722596511e-05, 18973.2814512632 
2972478, 671, 3.02398016269013e-05, 29092.4183267189 
758793, 770, 2.55447416149386e-05, 10757.2001261199 
1389713, 860, 2.54647313470843e-05, 22216.487101363 
1725, 799, 2.55506157698401e-05, 21080.1871430192 
35806, 944, 2.58331180573495e-05, 17229.7111598608 
337191, 603, 2.52544384675607e-05, 19166.701661043 
2527972, 598, 2.52927637402939e-05, 6570.66608063924 
1921510, 262, 2.35128144838937e-05, 38243.7620116725 
3073268, 641, 2.54563042537484e-05, 46624.1556179055 
1208324, 1005, 2.58745601324777e-05, 22025.4281711295 
1368430, 120, 2.47121039885336e-05, 3369.29493006208 
1634516, 184, 2.33225272290505e-05, 7799.82977606315 
3019602, 205, 2.39200114816055e-05, 25460.739701859 
83627, 557, 2.4500196001568e-05, 15885.3568176836 
2546351, 998, 2.57294293212577e-05, 20647.0177061089 
1325112, 130, 2.36328401947346e-05, 5043.9590789585 
256618, 772, 2.59121061359867e-05, 12046.2550305941 
200252, 933, 2.55349573566212e-05, 29456.0843649576 
2489212, 21, 2.64326496087968e-05, 9648.3317266747 
317577, 1001, 2.58337854245783e-05, 22665.169973211 
53635, 905, 2.64172874729223e-05, 18161.2223602933 
1748, 831, 2.53981154598329e-05, 18137.7577716862 
1729695, 898, 2.58404609938241e-05, 19529.631338634 
2493681, 81, 2.55063000561139e-05, 1389.2424133062 
999, 1, 2.1933191498695e-05, 0 
1571470, 175, 2.47139361886168e-05, 12191.1128167826 
1858609, 97, 2.40552308099396e-05, 4438.00517936785 
1897060, 693, 2.57036370646446e-05, 14567.6793513805 
2996261, 28, 1.92137724320793e-05, 5439.42038428876 
289370, 208, 2.89678746270386e-05, 2359.69872148091 
3026162, 912, 2.60186293386064e-05, 21048.3022864228 
332055, 175, 2.30590080014758e-05, 2832.12293769309 
379684, 188, 2.49581950233359e-05, 18204.5897401456 
2660554, 934, 2.51958981077881e-05, 20032.0370963822 
2588711, 880, 2.56581310617335e-05, 16034.4759627271 
2837508, 2, 2.19524509911532e-05, 0 
536, 890, 2.61814373609111e-05, 17181.6924634858 
444444, 769, 2.53916664550694e-05, 10952.9805171 
2992140, 480, 2.44397194320209e-05, 17715.297014976 
3034026, 900, 2.61649964677255e-05, 24304.11317426 
1250539, 905, 2.5792473756158e-05, 18062.9724438424 
2806210, 772, 2.62109456909205e-05, 9108.47328344998 
1325090, 260, 2.43908388009464e-05, 17257.916645496 
2759167, 742, 2.59194940514761e-05, 12512.049214406 
2829500, 205, 2.33748626726818e-05, 6848.18607144157 
2986920, 139, 2.33726773401893e-05, 13871.7193528867 
2675524, 862, 2.54887467183239e-05, 20096.8726132953 
2812896, 6, 2.08624538418209e-05, 278.321893393648 
2811423, 213, 2.58137793954413e-05, 41876.6421449091 
549, 482, 2.60023922200842e-05, 18658.888084709 
2857059, 905, 2.57433389110568e-05, 20323.3081004954 
2873270, 815, 2.56726227151366e-05, 17279.9565456696 
410837, 27, 1.96997754225602e-05, 7884.22339019616 
311182, 676, 2.83559235524301e-05, 16013.8640995999 
722731, 775, 2.56719636484995e-05, 14228.3509040025 
2995145, 823, 2.54439977609282e-05, 18267.0447714618 
1660, 946, 2.56186913972434e-05, 16683.3383934523 
2059672, 871, 2.60695012904403e-05, 14577.8192443095 
2654982, 791, 2.56390534061482e-05, 8512.68174316097 
573, 371, 2.56134419343271e-05, 625.304460618581 
2979863, 85, 2.59929299230609e-05, 4944.74817183787 
36808, 740, 2.58899676375405e-05, 23829.311042872 
3003247, 34, 2.43261652233142e-05, 1287.27645007946 
1535204, 21, 2.10957112419045e-05, 2745.83986755609 
364197, 291, 3.01350048216008e-05, 10880.8611882157 
462710, 20, 2.6578073089701e-05, 2605.80990316367 
2493678, 145, 2.58077836275421e-05, 14937.4371569662 
2742145, 740, 2.62384550797649e-05, 19546.5985845802 
2841257, 953, 2.59013675922089e-05, 28985.2895044894 
147645, 880, 2.58524857165016e-05, 19593.3448803245 
332249, 985, 2.56022939655393e-05, 24307.4134068429 
1390395, 162, 2.26142017186793e-05, 1435.6748092567 
85021, 16, 2.05351459022116e-05, 841.531053423665 
2878150, 777, 2.57599175682638e-05, 6805.32422410453 
1671680, 745, 2.58091157796934e-05, 11437.5920848339 
2024551, 809, 2.56950511331518e-05, 8453.49195774755 
199596, 846, 2.59302476338649e-05, 9343.66708602704 
3073562, 867, 2.58765687669815e-05, 19640.213772619 
2511995, 446, 2.59652584841482e-05, 14304.7716913349 
2736649, 793, 2.54110233019084e-05, 11936.7873053918 
2678260, 586, 2.81119982008321e-05, 8677.99817001617 
980254, 696, 2.54310564060831e-05, 8962.45708622844 
3043332, 61, 2.77092742941062e-05, 172257.341316142 
701042, 785, 2.67551369863014e-05, 6788.42823943102 
93221, 774, 2.57420135402991e-05, 6747.79032385844 
2866311, 523, 2.88900444906685e-05, 10568.2437141096 
319707, 823, 2.5766555011595e-05, 15647.0868701617 
36822, 953, 2.60308204914619e-05, 27079.5326951545 
135719, 171, 2.33170890945974e-05, 4112.74033642988 
2835531, 9, 1.69761993684854e-05, 8871.17689670198 
3038927, 205, 2.36395442295873e-05, 23663.4168412755 
1749, 757, 2.57864878803507e-05, 19732.4028462946 
1919, 82, 2.14275000535687e-05, 10331.4893492857 
108010, 905, 2.65710110269696e-05, 15395.8855044639 
1545728, 855, 2.58337854245783e-05, 17381.0806171834 
3055079, 82, 2.49345468146116e-05, 4776.42455644477 
133, 802, 2.56831723854531e-05, 12075.5541123921 
2780074, 233, 2.34230435902841e-05, 20129.47307603 
2806346, 165, 2.40026883010897e-05, 14478.4407701345 
2071627, 391, 2.52359561903801e-05, 2402.96328414037 
2856555, 638, 2.59861753547113e-05, 9767.21948486465 
2493679, 177, 2.61999580800671e-05, 22552.3832363945 
2589080, 516, 2.55069506440505e-05, 10560.1523155537 
39687, 710, 2.57493047687712e-05, 10886.895359336 
2017484, 717, 2.57029764046677e-05, 13208.9645761446 
186650, 2, 1.54106950223455e-05, 0 
682798, 836, 2.67001308306411e-05, 10773.6126512163 
2961596, 891, 2.63720034811045e-05, 19423.4776904931 
1760988, 854, 2.64298551643937e-05, 12377.7244863464 
2762331, 354, 2.49837605556388e-05, 26122.3817949204 
2527978, 670, 2.59275584018253e-05, 3490.22087118439 
1577075, 53, 1.8930789035287e-05, 9049.70457424261 
475937, 674, 2.5531045751634e-05, 10320.1355599734 
1767, 736, 2.55682544552683e-05, 12065.5687465407 
655015, 849, 2.58578336306984e-05, 9975.9752325542 
2880219, 942, 2.65449139944787e-05, 21101.2463381489 
322509, 755, 2.63949743968748e-05, 15460.5363173514 
2175646, 645, 2.63289539506595e-05, 9675.02885364365 
341045, 32, 2.4133603629694e-05, 5965.52918905652 
146017, 758, 2.5720826152936e-05, 10139.4244538473 
1592790, 213, 2.32942765962403e-05, 9217.81023387615 
521689, 762, 2.62281322946993e-05, 10290.3935697308 
1945512, 4, 2.08541875208542e-05, 1.04763643431425 
2742133, 4, 1.49483534388687e-05, 0 
2108470, 412, 2.53382658490853e-05, 5001.44245895246 
399497, 818, 2.58752296426631e-05, 26767.930983712 
3034023, 853, 2.70299491836955e-05, 15066.1244798647 
40137, 664, 2.54265300414452e-05, 11115.192294939 
2071, 5, 1.58217834314284e-05, 58.0341106623612 
2060726, 165, 2.32482447575208e-05, 22534.2723797479 
249567, 82, 2.13351539331356e-05, 4799.32970571773 
28232, 686, 2.95525740291979e-05, 6526.81391067427 
3051137, 116, 2.37473284255521e-05, 6064.70426074197 
1197460, 368, 2.4563385817101e-05, 11577.6605697649 
1223566, 85, 2.33770484138673e-05, 6449.59487160872 
1778, 969, 2.60525218841184e-05, 25707.7432098812 
2893890, 633, 2.79243807768563e-05, 8681.39138238984 
47671, 744, 2.70687274991203e-05, 9264.55730395346 
1882747, 575, 2.47776208528457e-05, 11687.1345278373 
543877, 207, 2.33519370431777e-05, 8844.06639802004 
1763828, 594, 2.6203390718759e-05, 63001.2794137309 
114687, 61, 2.1795989537925e-05, 5094.50475325911 
1534349, 900, 2.59215096687231e-05, 16134.0003207415 
2736875, 266, 2.49594409085236e-05, 28450.0599350332 
340268, 676, 2.54524167069663e-05, 11571.2030768006 
231455, 379, 2.59013675922089e-05, 13759.8405302395 
2877940, 146, 2.57499678125402e-05, 13832.4371382855 
857417, 190, 2.44236029699101e-05, 193286.293033496 
148447, 834, 2.63351943537343e-05, 9957.86713188138 
2812648, 776, 2.67902590618051e-05, 7928.38708794387 
488446, 877, 2.6492171563303e-05, 13368.8063914994 
2915130, 660, 2.62143812095315e-05, 12493.5972890861 
72557, 742, 2.70365263470949e-05, 7602.26368176531 
52771, 692, 2.61349083971461e-05, 10963.0455965677 
123899, 725, 2.62584355224116e-05, 7762.85368743671 
1854057, 106, 2.76204944068499e-05, 5482.31502251425 
2183911, 857, 2.63539333245487e-05, 11005.2425753151 
242606, 523, 2.56278831368529e-05, 23021.4748472547 
2779775, 400, 2.50388101557414e-05, 8018.09701314064 
2675229, 25, 2.28728270814273e-05, 14598.5568707304 
1495650, 951, 2.61130695913305e-05, 11103.0046047588 
2909673, 185, 2.353771919501e-05, 7830.41627702075 
3025315, 165, 2.3439514333263e-05, 5496.75056794867 
475662, 1110, 2.69048643994834e-05, 26066.6074349365 
2507582, 622, 2.62908823220107e-05, 21681.2139656345 
3019890, 402, 2.53884431806642e-05, 12222.6496977775 
47960, 923, 2.69171758499098e-05, 12314.428478018 
3032001, 896, 2.67924123888115e-05, 21223.0291696202 
3064287, 797, 2.66127315307643e-05, 13831.6464964761 
3032579, 767, 2.66198157908747e-05, 9865.57214183097 
2982692, 1009, 2.66098988823842e-05, 24693.8837981259 
1325095, 512, 2.48750031093754e-05, 29242.2998941162 
2831662, 955, 2.60593109918174e-05, 19768.9277935799 
1561023, 597, 2.61499437776209e-05, 9841.61452377487 
2879618, 26, 1.9781611014401e-05, 3366.16649862445 
1853682, 892, 2.69019692241472e-05, 13595.6374130777 
674079, 853, 2.60933096753992e-05, 19304.560239741 
2953749, 923, 2.68694413843136e-05, 12502.3275883126 
69395, 248, 2.41960850734351e-05, 26085.3068582853 
2708084, 879, 2.61089788778361e-05, 20938.3786398461 
117207, 170, 2.33432152944747e-05, 3198.9272519734 
2560053, 1038, 2.65167585914298e-05, 26918.7332592176 
2743089, 924, 2.66311584553928e-05, 23546.4102499669 
2897333, 10, 2.0614306328592e-05, 418.039442735308 
71999, 744, 2.59598660470912e-05, 13342.9570471225 
2943192, 680, 2.58966722776123e-05, 4044.77961122636 
2995140, 35, 2.16628395650102e-05, 6.8684073425402 
2493671, 130, 2.60640654729325e-05, 15683.7432859392 
73141, 872, 2.67451190157796e-05, 12277.6273783769 
1710540, 1013, 2.68817204301075e-05, 23732.1295871249 
290, 723, 2.59443752594438e-05, 11249.5935863788 
146922, 60, 2.04294265459969e-05, 12542.6978204176 
186931, 900, 2.67129691465206e-05, 10234.9035154502 
53376, 709, 2.64354446441789e-05, 10027.6467277189 
1404411, 599, 2.51781353072991e-05, 9601.35813644596 
1432792, 811, 2.72472139723713e-05, 9819.4965444945 
1850250, 1040, 2.66851683834125e-05, 21485.1387742631 
56688, 915, 2.67809319764328e-05, 20569.8207196506 
1962974, 840, 2.60159217441074e-05, 6973.02750907107 
339268, 836, 2.60939905539754e-05, 12822.6660390411 
546160, 821, 2.64508279109136e-05, 17723.4780049813 
2040586, 1, 1.55392910975401e-05, 0 
2830992, 23, 1.97784810126582e-05, 841.548432100554 
1784, 670, 2.56897703334532e-05, 8844.57896277248 
1792508, 1009, 2.65343487144108e-05, 18606.9609336346 
1508451, 528, 2.66311584553928e-05, 49615.7481961998 
76758, 890, 2.77970813064628e-05, 11748.1190478829 
1273155, 828, 2.69708984006257e-05, 9560.17786700624 
2691571, 56, 2.46353961371699e-05, 3436.05211010159 
152682, 155, 2.32736751460423e-05, 3898.33637095165 
2770551, 102, 2.46542245013683e-05, 60412.6128779897 
2175655, 584, 2.63074818478375e-05, 23602.0371841277 
582702, 280, 2.61144334473664e-05, 37305.5637478236 
1071679, 851, 2.64068235231984e-05, 12494.1026795359 
33075, 695, 2.52194088570564e-05, 9796.39921176953 
1775, 959, 2.60817401737044e-05, 14985.0122950113 
2175650, 668, 2.63754813525347e-05, 9926.25998709605 
3039155, 117, 2.38703363330389e-05, 4576.71875336343 
33996, 966, 2.64382402707276e-05, 14481.0778218291 
2831106, 207, 2.41949142290291e-05, 16113.1688780496 
1837283, 72, 2.19307864380017e-05, 25738.8126672436 
1335048, 971, 2.64620269912675e-05, 19318.5405354743 
273678, 162, 2.51319426991706e-05, 4716.37815193035 
1938334, 99, 2.53736266524574e-05, 1554.34212850695 
708113, 618, 2.59289029481163e-05, 8946.99913341645 
67258, 71, 2.18986094383007e-05, 7987.86267323465 
1273, 720, 2.65062157075834e-05, 13291.1059501379 
394964, 750, 2.65027032757341e-05, 11880.6377516437 
926, 547, 2.73672687465791e-05, 45305.6140539916 
1295382, 792, 2.71547276380818e-05, 11911.0057850454 
2762576, 635, 2.77638958298628e-05, 9276.55812730079 
2175666, 493, 2.60416666666667e-05, 77547.9249926672 
57480, 933, 2.73762593079282e-05, 13365.748853202 
134, 878, 2.6160205096008e-05, 13776.2331266405 
1617967, 738, 2.56732818156145e-05, 5760.31948214964 
1682490, 797, 2.77916736145851e-05, 14482.1347730528 
28209, 842, 2.64270613107822e-05, 10263.424210552 
1503054, 954, 2.67809319764328e-05, 17248.0291974573 
2979861, 84, 2.59389914920108e-05, 4428.51581808211 
2587844, 1002, 2.69222485461986e-05, 17376.4094804438 
3031998, 898, 2.71827769924976e-05, 18358.354371347 
1267766, 235, 2.33013328362382e-05, 12682.2876905982 
155077, 34, 2.33961911000889e-05, 359.134754630408 
3041765, 71, 2.12237621240741e-05, 11203.4855803864 
2341112, 387, 2.62846628991983e-05, 103882.901280404 
2744516, 119, 2.58645216356723e-05, 5250.17083812638 
293089, 562, 2.65688931399118e-05, 76544.5935945711 
381, 214, 2.6996382484747e-05, 14593.564704777 
869886, 826, 2.68607805742835e-05, 14509.2498860855 
1943633, 990, 2.66616898179007e-05, 16907.7497722702 
1759059, 623, 2.51414204902577e-05, 3442.57041086821 
2017485, 721, 2.66021122077093e-05, 16079.3818044236 
120962, 738, 2.55623721881391e-05, 15579.3727609133 
1005039, 618, 2.55089026070098e-05, 20174.9961153556 
2780091, 353, 2.58678669356925e-05, 13412.5862746794 
279058, 105, 2.36233493184664e-05, 10372.6585742984 
536018, 321, 2.73306184918965e-05, 38545.7605332665 
2795488, 650, 2.63296471827278e-05, 8525.96186620613 
73919, 1081, 2.65301249568885e-05, 28963.0940596181 
1505757, 579, 3.06635594259782e-05, 8304.66124144343 
2962671, 969, 2.71392514994436e-05, 18489.6269735385 
186802, 533, 2.83294144310037e-05, 4455.84972059061 
2763498, 357, 2.63574064312072e-05, 32175.0207383858 
1503055, 947, 2.67723281216535e-05, 17096.7825219407 
270, 966, 2.71547276380818e-05, 10045.08889244 
38310, 839, 2.63726989820138e-05, 19232.2996265804 
126, 692, 2.74258131753606e-05, 4900.98190178378 
1704044, 640, 2.64802457366804e-05, 10291.5790582056 
1740163, 909, 2.64375413086583e-05, 13838.5638917806 
644, 863, 2.64606265876376e-05, 13750.1699724491 
2740807, 875, 2.6892564205997e-05, 11818.4309118865 
2760307, 944, 2.69005218701243e-05, 13120.6199532749 
2865837, 176, 2.67436884895165e-05, 10468.3516941726 
1248727, 919, 2.76694059378545e-05, 18272.7429507067 
2987701, 27, 2.04194147795724e-05, 17633.4519924327 
2675231, 28, 2.45218244237371e-05, 14514.2159546542 
2986927, 481, 3.0472940029254e-05, 5628.33290842953 
1549949, 124, 2.40783992680167e-05, 4134.5976146446 
3031126, 173, 2.46232640598838e-05, 20366.2309241999 
1032851, 665, 2.67336790889162e-05, 13937.5023039627 
128, 815, 2.63469898564089e-05, 8307.49051995709 
2654218, 349, 3.06063110213326e-05, 10219.1115884145 
2811421, 716, 2.64606265876376e-05, 15760.2458587265 
103816, 717, 2.63310337563853e-05, 19307.1672482002 
577492, 951, 2.65076209410205e-05, 15331.3778997929 
420953, 811, 2.63747857048661e-05, 11214.3669031287 
376489, 1076, 2.67723281216535e-05, 23690.8952898744 
2726185, 1062, 2.63894020161503e-05, 24082.5114196836 
2807096, 879, 2.63692218442634e-05, 12746.1881060831 
351052, 948, 2.7005860271679e-05, 9000.6488809027 
379895, 84, 2.47733240846257e-05, 5344.31042638418 
2835787, 587, 2.72427602364672e-05, 109084.844016977 
2282397, 195, 2.39928981021618e-05, 12653.0029110691 
2760310, 821, 2.64991917746509e-05, 28059.4134935495 
2931382, 555, 2.87571173865532e-05, 9113.34686816475 
1364945, 938, 2.6837712353399e-05, 19161.7373035523 
2483404, 147, 2.63587959302019e-05, 7873.51392090769 
357808, 726, 2.54355843825512e-05, 13244.1288057922 
1853690, 985, 2.75300077084022e-05, 18261.3962944363 
2878153, 822, 2.66673777967412e-05, 10588.3523170541 
1325115, 80, 2.36138660621517e-05, 1229.66186166974 
2862331, 304, 2.72479564032698e-05, 105903.220121231 
560555, 902, 2.67222489444712e-05, 14567.0221782181 
1547487, 885, 2.64054289561934e-05, 23090.3574208216 
120107, 145, 2.46877005875673e-05, 6300.01992725142 
2961599, 844, 2.65773667145059e-05, 15634.4706236464 
1353889, 846, 2.69854548398413e-05, 11460.2872103785 
204037, 802, 2.66113151311938e-05, 11916.2270150038 
2798724, 176, 2.40929022310027e-05, 9869.07704944911 
3068889, 968, 2.64494286923402e-05, 12529.5510269643 
1774, 972, 2.63532388130501e-05, 16902.8361006345 
1499686, 303, 3.02865103882731e-05, 13981.9340652698 
34004, 995, 2.7282152016151e-05, 18878.7013351752 
391905, 951, 2.65083236136147e-05, 15970.0119068657 
2676077, 157, 2.39240173209885e-05, 5685.38432743594 
2829815, 602, 2.62722328770722e-05, 12770.0425829425 
2991496, 75, 2.4329124394813e-05, 103142.864852334 
1312183, 212, 2.52908447142135e-05, 30653.0769930367 
2823043, 1064, 2.68434756932328e-05, 20221.7844288481 
1077935, 998, 2.71230573110201e-05, 13836.1671208956 
139021, 688, 2.64781422935367e-05, 22724.266571186 
2683590, 769, 2.67830838042692e-05, 16601.2287974184 
279113, 25, 2.44804034370486e-05, 3716.36022913685 
2745495, 636, 2.82725473565168e-05, 10207.9414101544 
1288494, 53, 2.53832876434156e-05, 1469.13400395195 
3032592, 211, 2.41277807267288e-05, 20335.820262843 
2486855, 522, 2.6580898966003e-05, 15779.1231970809 
141349, 800, 2.70438380614977e-05, 11601.5430899059 
2744515, 91, 2.67501270631035e-05, 3167.31479423534 
1310165, 494, 2.71377785014519e-05, 14158.1429986055 
160699, 168, 2.58631837579206e-05, 31484.3527859693 
1610493, 714, 2.61937815962491e-05, 29616.1232530324 
2497863, 115, 2.3467567821271e-05, 10633.5418582803 
1961362, 132, 2.39200114816055e-05, 1277.68934247646 
1211322, 1080, 2.66098988823842e-05, 22895.7437437499 
342113, 967, 2.72242186649243e-05, 16107.8597778319 
420952, 856, 2.64830508474576e-05, 10959.5967026449 
204434, 620, 2.53074859543453e-05, 2469.6332335753 
311230, 832, 2.66844563042028e-05, 9909.4634484399 
1053, 977, 2.69730808652964e-05, 9293.62386059518 
1788, 817, 2.68225953543265e-05, 16584.0078218085 
56689, 717, 2.63942777205902e-05, 11894.0113013457 
2072414, 75, 2.45098039215686e-05, 7845.73290146153 
405212, 1014, 2.64802457366804e-05, 15549.7634892604 
590652, 730, 2.68010291595197e-05, 10449.3016893183 
60548, 666, 2.61444743653429e-05, 6027.75686746579 
1183401, 159, 2.59902276743944e-05, 13254.8205988465 
683047, 521, 2.65287173365168e-05, 41131.269739773 
2681547, 408, 3.02242640391706e-05, 13247.4687390487 
1734031, 664, 2.71436714530007e-05, 13180.1406736084 
262324, 87, 2.50783699059561e-05, 16216.0982736582 
345370, 1116, 2.7500481258422e-05, 22765.1401948764 
1592106, 689, 2.59100919808265e-05, 7399.66794419926 
157782, 763, 2.82749455707298e-05, 13964.9832076274 
1263728, 927, 2.73089737287673e-05, 12795.6813052527 
296544, 156, 2.4514610707982e-05, 6079.37746560463 
2605946, 1081, 2.71473558475404e-05, 17501.4002854878 
37914, 676, 2.68716074595582e-05, 20876.3621670754 
69362, 55, 2.38390388099552e-05, 3771.00107580523 
363952, 64, 2.55316976025736e-05, 11797.8290582584 
398694, 735, 2.70168044523694e-05, 18488.4264913483 
1768, 987, 2.66545832555908e-05, 16863.9190247339 
1612173, 709, 2.59544758493602e-05, 16097.6837729975 
1799, 705, 2.64907679673634e-05, 9106.41134452999 
2895559, 966, 2.6805339623653e-05, 14858.8317282805 
29314, 859, 2.70570091182121e-05, 13324.8234041147 
2082188, 197, 2.55056495013646e-05, 31356.0537102324 
2743090, 1006, 2.74883861568487e-05, 25042.547095107 
717785, 795, 2.67022696929239e-05, 6324.22347640804 
1777866, 275, 2.73575356331902e-05, 30939.0139236327 
1913979, 897, 2.69738084320125e-05, 18007.8270567133 
2911538, 541, 2.64333483122307e-05, 12271.6557320212 
1936990, 413, 2.46883100851747e-05, 3132.43060246682 
13134, 702, 2.97450846247658e-05, 11350.455094623 
1471, 36, 2.40934827129262e-05, 6906.56830284996 
2800818, 171, 2.46329687653956e-05, 7683.93994113231 
755307, 1067, 2.78218290070389e-05, 27742.3776915706 
2691357, 758, 2.78427441808665e-05, 5602.84766918727 
1315974, 202, 2.57871528404549e-05, 89199.7108142151 
266, 946, 2.69389294469438e-05, 10615.0278290223 
1740721, 31, 2.30611350690681e-05, 1779.1889284691 
377615, 857, 2.64585262600873e-05, 7917.77942984334 
930166, 188, 2.84916519459798e-05, 7613.43825628283 
1744, 1030, 2.68788302333082e-05, 20315.8617572999 
2606451, 419, 2.60423448527305e-05, 12349.7775020994 
561184, 1003, 2.69730808652964e-05, 13261.9690933615 
2774189, 142, 2.40032644439644e-05, 1456.37467632669 
126673, 797, 2.67931302414061e-05, 17354.3642651955 
3040935, 912, 2.67687448135557e-05, 13093.423265333 
2918299, 50, 2.4514610707982e-05, 1278.8574874931 
66428, 60, 2.22015008214555e-05, 33876.7015533855 
207340, 926, 2.76250725158154e-05, 14378.6980253886 
2175091, 34, 2.35593459925552e-05, 1864.89277750507 
2916410, 705, 2.93186349243579e-05, 8969.83469886052 
292462, 857, 2.69048643994834e-05, 17405.3200586053 
75309, 393, 2.69389294469438e-05, 25315.2401439626 
1719132, 904, 2.69570843217598e-05, 15652.8262988441 
2021234, 600, 2.68118079202081e-05, 15845.1723733683 
2897773, 171, 2.52194088570564e-05, 27497.002451442 
2952527, 997, 2.73830061064104e-05, 20944.5844629061 
2961939, 1047, 2.78497228952572e-05, 29721.6152152776 
1853699, 885, 2.76563969246087e-05, 21444.0474983552 
2875729, 977, 2.74363476733977e-05, 34169.6603804654 
84112, 1038, 2.69905533063428e-05, 18101.9597456771 
12960, 193, 2.96392898426154e-05, 13224.6973536726 
2994496, 293, 2.68269127588797e-05, 27676.9030300903 
2842456, 365, 2.79314004804201e-05, 89234.1991406439 
69578, 542, 2.65837254432836e-05, 9858.11274824081 
2211210, 520, 2.62405206119289e-05, 7052.06320099304 
2419844, 961, 2.69694436203781e-05, 8448.51993049917 
645517, 203, 2.40384615384615e-05, 20857.3140768341 
1404443, 408, 2.59733513415236e-05, 34781.2988038396 
1192162, 938, 2.77023657820378e-05, 17637.6712953748 
1396826, 1029, 2.74861195096476e-05, 15078.654410301 
2498452, 897, 2.73336066694e-05, 12036.4478935803 
61645, 156, 2.89703922591112e-05, 8611.88173333059 
1658672, 75, 2.58177781220148e-05, 15743.0657874061 
2486272, 48, 1.73361302290103e-05, 252.106693318605 
2079227, 16, 1.54209138433544e-05, 10362.0428728435 
1389020, 29, 1.99425654116146e-05, 82.1606897791195 
2268449, 105, 1.75923156765125e-05, 126.880214446921 
2792008, 215, 1.82661746976948e-05, 4216.62718576566 
294, 110, 1.91585562112039e-05, 8154.64327019693 
300, 285, 2.47561519037481e-05, 13572.9043190943 
2714943, 31, 1.74079554356341e-05, 3858.16247356056 
627624, 119, 1.77424505872751e-05, 2976.40411361799 
1813880, 142, 1.74316244530828e-05, 29480.0261447393 
339, 122, 1.88918066234674e-05, 9655.79499623898 
2802641, 135, 1.79752660339373e-05, 974.344939410161 
44249, 61, 1.87751117119147e-05, 106.227575593833 
659352, 178, 1.7605013907961e-05, 11765.5931603943 
1707, 63, 1.83009406683504e-05, 10099.2880181569 
1867715, 101, 1.90810563272783e-05, 33305.9445142798 
2803858, 153, 1.82585038981906e-05, 25226.3062554067 
715475, 127, 1.76731527137126e-05, 3762.03646191181 
206389, 347, 2.25973380335796e-05, 3412.56130402424 
2851567, 153, 1.84257075471698e-05, 23670.8690676434 
1882757, 56, 1.58125266836388e-05, 2409.66083112264 
2981138, 124, 1.79327164478875e-05, 355.688249181416 
1725411, 66, 1.59487089520103e-05, 5881.50994607882 
41977, 398, 2.32959045799748e-05, 2774.10950288266 
2005884, 246, 2.15945409000605e-05, 2507.35108957565 
216778, 121, 1.90215323746481e-05, 2111.02084708573 
2938948, 38, 1.8216263480035e-05, 1784.69370675086 
715473, 193, 1.83833667297829e-05, 4089.23281934316 
316612, 165, 1.99640646835696e-05, 4221.16619273198 
335929, 106, 1.78501303059512e-05, 29424.7172507323 
941907, 55, 1.838877549144e-05, 4144.34190460031 
2045452, 78, 1.76712788704519e-05, 910.736757720262 
1522432, 123, 1.87511719482468e-05, 1817.5634465409 
1716, 98, 1.79584799942533e-05, 5047.91445453212 
3039386, 53, 1.88072445506009e-05, 2843.61114756167 
2074, 197, 1.84563139049869e-05, 9326.44173346096 
319939, 174, 2.15470803706098e-05, 2769.40552718833 
3036374, 82, 1.77210703526493e-05, 2347.23636924705 
198107, 375, 2.27159147698878e-05, 2283.92580516977 
2602016, 134, 1.82528383163582e-05, 10705.5135408649 
2528024, 77, 1.80108785706567e-05, 1425.61174562134 
2548456, 54, 1.554798886764e-05, 2342.61158845506 
3056648, 10, 1.57188217171241e-05, 165.739662223552 
2653857, 93, 1.76167993798887e-05, 19659.2338404053 
3019553, 101, 1.88235294117647e-05, 6374.9964690767 
1105204, 119, 1.88704168475082e-05, 1608.83915067195 
1855352, 218, 1.84382778648474e-05, 12362.0359758236 
2716225, 114, 1.87234361249977e-05, 2027.88502787853 
445576, 11, 1.80427251732102e-05, 28.5875696036135 
52, 92, 1.75543306533722e-05, 2175.50764527787 
204447, 18, 1.61621385741761e-05, 156.194613011177 
1355477, 33, 1.68779219902446e-05, 3112.83152736974 
860235, 53, 1.73385348938015e-05, 19.031630092901 
2742131, 104, 1.7856505124817e-05, 223.156082691421 
48736, 123, 1.85773467833324e-05, 5392.27329922822 
1915, 56, 1.55147001784191e-05, 2892.30002571916 
497727, 44, 1.78364398466066e-05, 33.0627814730581 
2745196, 159, 1.82695118386437e-05, 2061.86953350066 
1275, 8, 1.8921833904142e-05, 0.168637391023514 
2978974, 40, 1.78887676427971e-05, 390.856239001505 
1871048, 135, 1.85866696405338e-05, 3842.96030923656 
338584, 110, 1.84935180219333e-05, 16163.6113163086 
179636, 98, 1.82812014405587e-05, 3717.70692265102 
2907545, 39, 1.52251031500738e-05, 204.339264231858 
83656, 212, 1.81633246149375e-05, 6796.18545542034 
105560, 165, 2.02028364782415e-05, 3759.56377463236 
2778070, 199, 1.84713140492815e-05, 7453.26063530128 
182639, 23, 1.55366353862408e-05, 618.626410738485 
2822368, 161, 1.9133263178035e-05, 1244.76659939538 
1526658, 37, 1.86535842862206e-05, 4522.50566120127 
2772401, 20, 1.65826479172194e-05, 951.707095060729 
2806262, 125, 1.90110454173875e-05, 1478.28332348256 
1483604, 171, 1.84043434250483e-05, 7190.81997231681 
1848900, 116, 1.72247485186716e-05, 18680.5106567354 
2746961, 32, 1.47695216151949e-05, 113.127918061649 
218821, 208, 1.8671346950969e-05, 12718.5138897663 
1690815, 255, 1.86877464446562e-05, 17946.8570082236 
1045776, 76, 1.63625951075841e-05, 4981.99711942792 
2806348, 66, 1.89110989239585e-05, 1535.04741809006 
2651199, 9, 1.48966914448301e-05, 0 
1616117, 216, 1.82295464488844e-05, 8771.21215556018 
94, 140, 1.833415837046e-05, 13881.1586048487 
2609808, 9, 1.42231325027024e-05, 54.5089542391227 
49319, 76, 1.81300650869337e-05, 15941.2542941816 
73044, 189, 1.77657760090961e-05, 3489.81043371662 
2662361, 169, 1.82678431157633e-05, 3687.0305702072 
356837, 354, 2.24482007767077e-05, 6313.62535086806 
2903901, 137, 1.81927338221114e-05, 25155.2922964319 
36863, 132, 1.94556314325181e-05, 997.693169659072 
29539, 52, 1.82099608485842e-05, 5138.49205221143 
2590772, 2, 1.54717331435467e-05, 0 
3015177, 137, 1.82488411985839e-05, 20718.2808502487 
85643, 262, 2.17789006010977e-05, 3056.75137255339 
193462, 212, 1.81507968199804e-05, 2590.57673552918 
3064139, 111, 1.77110268853388e-05, 5694.34417057692 
2750812, 164, 1.86240548292174e-05, 8234.60734505889 
944492, 212, 1.8470631695604e-05, 2574.23311093908 
2108445, 93, 2.09117524048515e-05, 5745.18289464764 
2650471, 82, 1.80684795374469e-05, 3026.48281404326 
68246, 241, 1.83536753234835e-05, 7549.40934604964 
2135430, 75, 1.62079808097507e-05, 10442.7972250418 
2861283, 163, 2.03695027804371e-05, 2580.16799327144 
2802975, 463, 2.4128945082521e-05, 2009.85196031296 
2849093, 31, 1.8875047187618e-05, 1151.57152284548 
2175864, 235, 1.85504665442336e-05, 5099.95076608629 
2942996, 43, 1.79839942451218e-05, 1451.95460704065 
1847, 190, 1.8057712448987e-05, 5992.54611290651 
1882682, 2, 1.34945482025262e-05, 0 
1865, 10, 1.50152404690761e-05, 15.3284144680551 
921, 108, 2.02474235153577e-05, 1450.12957339353 
376175, 146, 1.89196859332135e-05, 5897.19144203592 
2797636, 90, 1.64549463568749e-05, 15340.307772792 
304895, 176, 1.89221919467151e-05, 15507.8364763253 
2995170, 114, 2.33765019402497e-05, 12343.1889923498 
266062, 169, 2.09200644337985e-05, 6861.30294761315 
2714844, 111, 1.72226719253225e-05, 8852.41542312681 
2750011, 228, 1.8391819318767e-05, 17660.8785446158 
135487, 122, 1.84111203166713e-05, 2183.88732942047 
1842727, 120, 1.87315026411419e-05, 7392.82690665061 
2923272, 276, 1.93498452012384e-05, 9929.88228764424 
2651974, 128, 2.01005025125628e-05, 13658.9108333417 
2136401, 245, 1.83042905256992e-05, 15513.9280802423 
2944810, 343, 2.26357010276608e-05, 2083.49303679349 
85698, 115, 1.87796953933407e-05, 14424.2442075911 
67385, 256, 1.86407187861164e-05, 11873.1275707561 
91347, 142, 1.9486340075607e-05, 4376.78218208781 
43, 142, 1.82942446306392e-05, 13959.5955676304 
33057, 371, 2.25240444174156e-05, 4964.54329074466 
2685869, 204, 1.85790725326992e-05, 9938.28859845755 
1888, 272, 1.92986857594998e-05, 9052.99848975331 
904039, 201, 1.87311517785229e-05, 47208.1982335161 
87883, 153, 1.8803000958953e-05, 11966.5803022161 
211114, 173, 1.84148497348262e-05, 1449.68705146405 
151416, 100, 1.98278938811119e-05, 9495.03007837387 
1804986, 179, 1.85168039996297e-05, 1695.82590909625 
2768066, 179, 1.76363732562036e-05, 13689.7659162546 
160791, 38, 1.87031252922363e-05, 1498.74306834378 
2917991, 101, 1.91945948021037e-05, 3896.67075745331 
3061628, 97, 1.7195130339088e-05, 22256.4677868864 
1396, 2, 1.39672607408235e-05, 0 
43357, 183, 1.87578548517192e-05, 2619.05460810405 
3073064, 185, 1.9382850054272e-05, 1234.36248702178 
53358, 76, 1.78224527259441e-05, 585.919236377445 
1561022, 35, 1.68599946048017e-05, 1319.95019959356 
2896848, 136, 1.79717125244865e-05, 516.489725548014 
37919, 156, 1.90106840044105e-05, 4519.90250877019 
2493668, 112, 2.2976885253435e-05, 8559.82943458042 
270351, 170, 1.89429816253078e-05, 22235.4359271755 
1653480, 37, 1.78180068777507e-05, 2.52342723372281 
80865, 106, 1.84406579626761e-05, 7392.72528308392 
424188, 22, 1.41829889230857e-05, 12.6791501543575 
2932244, 31, 1.9183916204654e-05, 9283.99931566913 
101571, 164, 1.90450797036586e-05, 15747.5277720516 
2762611, 161, 2.0004400968213e-05, 6746.13954192813 
2937801, 64, 1.86797175626705e-05, 3033.98720480535 
46913, 108, 1.93881112102059e-05, 10040.2779682729 
2681552, 172, 1.9429925971982e-05, 1832.58936092822 
2575374, 21, 1.59022962915845e-05, 717.856846998114 
858422, 10, 1.6495389538624e-05, 607.405554918599 
3015152, 167, 1.89922701460506e-05, 11597.3726530638 
2973977, 177, 1.93300214563238e-05, 1342.87048510619 
2675222, 208, 1.90215323746481e-05, 11564.129611199 
28447, 231, 1.95045835771406e-05, 8753.94221786033 
2078691, 258, 1.8895376301419e-05, 28995.3453702324 
2865832, 247, 1.92148800030744e-05, 4758.97016192521 
75682, 98, 1.83267662420966e-05, 2030.46987075848 
2136173, 232, 1.81692648715433e-05, 6703.97010298447 
227318, 199, 1.91721467052666e-05, 1639.2656346989 
265, 164, 1.87796953933407e-05, 11814.0370638622 
283, 109, 1.87648946351166e-05, 2069.15969597137 
2912824, 1, 1.49020192236048e-05, 0 
2782659, 2, 1.54717331435467e-05, 0 
1632864, 153, 1.88982330152131e-05, 16861.8759828272 
335406, 45, 1.94457948468644e-05, 68729.0417518032 
134623, 90, 2.4515812699191e-05, 1195.96527987827 
2751189, 176, 1.77147918511957e-05, 5838.28764305151 
2518343, 140, 2.19163671429824e-05, 1041.02242551886 
2714941, 175, 1.8500703026715e-05, 9734.61687119322 
1411117, 231, 1.9104021396504e-05, 29308.1674709555 
2726118, 167, 1.77780938327792e-05, 1590.50125222917 
2897332, 185, 1.95015406217091e-05, 3165.3310741606 
2981136, 97, 1.65398610651671e-05, 13602.5911934379 
212767, 1, 1.44959049068638e-05, 0 
1542737, 182, 1.83840426509789e-05, 5886.29438116902 
162426, 5, 1.80743579084353e-05, 61.1334435331556 
32, 155, 1.85442744552619e-05, 17114.8283450212 
2602015, 168, 1.899515623516e-05, 7287.05632386555 
85009, 165, 1.78801315977686e-05, 1804.70964247961 
2976823, 8, 1.8045004240576e-05, 18436.6664784296 
864828, 178, 1.99628690635418e-05, 4449.47616739954 
2303331, 167, 1.91394885928648e-05, 4910.20294285611 
307121, 204, 1.92949620853995e-05, 1820.39119774892 
372663, 23, 1.8741683378001e-05, 169.412567464196 
2202148, 177, 1.92182034823385e-05, 12289.9754628014 
138118, 528, 2.61656810926788e-05, 2757.77732352951 
293387, 3, 1.72750358456994e-05, 9218 
249586, 89, 1.65150038810259e-05, 9541.28362583654 
517, 151, 1.92193115642598e-05, 3692.56721896763 
455432, 187, 1.94616896638966e-05, 6704.63804178807 
2320867, 169, 2.54829009734468e-05, 5738.53435849927 
290399, 25, 1.6844658558771e-05, 2490.9046371989 
2740185, 534, 2.55030476141899e-05, 1617.90097438139 
402297, 153, 1.85435867005396e-05, 2906.53421699593 
390989, 197, 1.93558377206565e-05, 1647.95146209854 
2768069, 249, 1.87353629976581e-05, 5052.75686233689 
2712222, 145, 1.85116623472788e-05, 6029.31463994905 
47989, 88, 1.88544062747464e-05, 28736.0972795405 
2591145, 137, 1.98377273899502e-05, 2992.11028958056 
33877, 9, 1.83059659142915e-05, 50.683215175356 
76116, 394, 2.28221922997923e-05, 3554.55627416332 
192, 199, 1.92633687779319e-05, 22806.4698637502 
331696, 134, 1.83503073676484e-05, 6435.91052441702 
321985, 185, 2.01328769881216e-05, 3142.94788786306 
2024580, 168, 1.93565870465719e-05, 20213.5110210418 
2584466, 55, 2.04905436141221e-05, 3714.06698947305 
3031131, 46, 1.50051017345898e-05, 661.52946241458 
453304, 27, 1.91772940838048e-05, 360.520690998294 
2897342, 455, 2.50206420296745e-05, 728.03644645506 
106590, 45, 1.93532155367614e-05, 19477.287962007 
204441, 222, 2.01454501500836e-05, 10444.3969574965 
675281, 103, 1.9887041603691e-05, 71091.692668769 
2807101, 2, 1.34945482025262e-05, 0 
546871, 293, 1.93490963971983e-05, 46483.2750093672 
1387353, 135, 1.8450184501845e-05, 11139.464811362 
3057122, 81, 1.63789432305828e-05, 10697.7170608906 
67581, 54, 1.63406702942955e-05, 963.720756856194 
2931983, 66, 1.6321467626369e-05, 2816.82462109947 
2721173, 186, 1.78990137643416e-05, 2204.08675742088 
53461, 170, 1.93274062620796e-05, 1159.53816249408 
409290, 26, 1.68452260629338e-05, 2884.03188924403 
296591, 161, 2.0315293352836e-05, 2482.03507759004 
47858, 205, 1.95844186365328e-05, 4695.26659259007 
2202149, 171, 1.98341862033401e-05, 3639.51222301299 
284035, 62, 1.69193286410395e-05, 184.322858938961 
2567934, 5, 1.72102228723862e-05, 8716.13979957839 
2900152, 262, 1.89146758970285e-05, 19350.9895065403 
2937800, 75, 1.90226178926744e-05, 6762.39004889507 
1849967, 209, 1.81907481854729e-05, 4858.92953787038 
33914, 268, 1.95507243543373e-05, 15243.2128662443 
613, 148, 1.86870480070263e-05, 6047.91833601532 
1817, 149, 1.78037316621564e-05, 1282.06942487277 
2184053, 184, 1.78230880282318e-05, 7753.98711033611 
76115, 494, 2.4147590070511e-05, 3742.5282283553 
1636152, 138, 1.84580172397881e-05, 11886.5451208759 
2033, 85, 1.95817341583771e-05, 696.362772791109 
1927, 259, 1.8924340486734e-05, 15013.5544576476 
2681549, 72, 1.92871470452091e-05, 14762.0897273414 
1642299, 236, 1.83408836637749e-05, 3471.5786813895 
1789672, 9, 1.64511565163031e-05, 37.2078547443198 
881260, 3, 2.07805161880221e-05, 0 
3051092, 89, 1.86612424655234e-05, 1373.27603529048 
69277, 58, 2.05630153605725e-05, 7356.36860348596 
29449, 50, 1.85030992691276e-05, 4824.88263952688 
29580, 47, 1.92459439173194e-05, 2076.80838938378 
2741720, 161, 2.04951631414986e-05, 3480.66638260012 
2698682, 176, 2.00642054574639e-05, 7514.21695690653 
1842539, 50, 1.98937672827103e-05, 7851.25759857808 
2072505, 83, 1.62874407544343e-05, 11130.8373449624 
3028804, 214, 1.9680777784338e-05, 6018.01106044232 
1750527, 209, 1.99250816928349e-05, 4903.92486363602 
2880933, 247, 1.8618506795755e-05, 14988.4300748073 
1885, 157, 1.76217664058645e-05, 9029.28003109419 
873, 551, 2.70885253006826e-05, 1306.63941203465 
2973976, 20, 1.65829229059914e-05, 1524.97612902785 
2892996, 259, 1.86839056836441e-05, 9949.36529620917 
551760, 443, 2.35106032820802e-05, 5067.46004498712 
2018025, 250, 1.96629765813949e-05, 4512.88767574708 
33903, 167, 1.80365420341612e-05, 8442.60490077352 
33886, 258, 1.99449519326658e-05, 8764.65487969822 
3015151, 214, 1.99250816928349e-05, 9387.34999855122 
2321403, 42, 1.81808265003727e-05, 1025.2593733707 
397260, 89, 1.92648532018186e-05, 11928.5141950347 
76731, 151, 2.18560125890633e-05, 7767.90470887984 
2704465, 18, 1.9125944343502e-05, 1801.61755962036 
1675686, 225, 1.99848115432271e-05, 7936.12816965427 
1842537, 156, 2.11546191110829e-05, 2983.51531319674 
1608957, 240, 2.01901916049183e-05, 6767.0331004077 
2049881, 139, 1.79810838997375e-05, 17008.1844299288 
2884264, 52, 1.83425657580982e-05, 3738.42699560145 
2847991, 563, 2.60254007911722e-05, 1562.67113530632 
45398, 206, 1.81649742965614e-05, 2655.57348003379 
1593482, 206, 2.04273399517915e-05, 5374.89231421945 
2815358, 4, 2.2825317842551e-05, 665.09590468117 
2742137, 250, 1.84352186416931e-05, 2961.66371411024 
191302, 182, 2.03703326475321e-05, 13622.9547375217 
2732249, 126, 1.83914810659702e-05, 5602.7091661766 
546874, 293, 1.97988437475251e-05, 11339.7651397044 
3075199, 247, 1.86198934942092e-05, 1671.72739274333 
2684469, 262, 1.91677368653083e-05, 5095.42257945165 
2762322, 193, 2.0064608037882e-05, 15973.5008431181 
2799326, 169, 2.02298106489723e-05, 3457.31518986863 
2740529, 3, 1.54114075238492e-05, 18434 
3052846, 32, 1.79060647841424e-05, 3.45735636615071 
1473598, 144, 1.8485313418489e-05, 5838.24906662293 
3061627, 259, 1.95427008012507e-05, 21478.3673294522 
2509614, 160, 2.02367702114742e-05, 2859.75184528395 
2675233, 12, 2.02347227842979e-05, 14783.9359345537 
709879, 206, 1.83880992221834e-05, 1251.17824200239 
1436133, 256, 1.96490676517399e-05, 8395.00556689909 
2704468, 266, 1.99036662553242e-05, 5848.76542624498 
31, 167, 1.87532818243193e-05, 16300.6578679187 
2995223, 239, 1.92968237428119e-05, 1401.6134005526 
3075627, 264, 2.03235509308186e-05, 20796.2730966317 
1890, 121, 1.7552790015973e-05, 3880.96922553885 
356852, 237, 2.00432935139902e-05, 13923.4577282501 
215691, 182, 2.00904068307383e-05, 3320.17222946681 
356302, 216, 2.00180162145931e-05, 6838.75759515227 
2010972, 185, 1.9546520719312e-05, 3997.04143978388 
2527983, 24, 1.83587295759133e-05, 214.614502984506 
1914461, 194, 1.85477139942502e-05, 1057.35925986003 
84757, 259, 2.03347093153303e-05, 10105.2061998946 
2898441, 146, 2.75999116802826e-05, 30094.4183582541 
323415, 209, 2.00940401077041e-05, 5333.50923991699 
319947, 251, 1.87578548517192e-05, 3708.52103664348 
2528009, 191, 1.9607074232383e-05, 2923.43063168622 
3062779, 260, 1.91222870255283e-05, 2090.84576055423 
565, 13, 2.57023157786517e-05, 27062.0790391652 
33910, 137, 1.85044688292223e-05, 92.2555663553454 
715471, 301, 1.98949546395034e-05, 18540.8522946611 
434010, 155, 2.1328328285629e-05, 4187.75010307945 
3074430, 83, 1.68406871000337e-05, 1542.11039092361 
2704467, 254, 2.07818117583491e-05, 6351.76830595896 
1889, 96, 1.73876756155237e-05, 1743.36374117237 
2763006, 268, 1.95266734359135e-05, 4091.19479018292 
2775420, 16, 1.7459929461885e-05, 6084.14660882362 
47885, 40, 2.21439801589938e-05, 649.079368197356 
80867, 122, 2.0127609041322e-05, 18303.4503352844 
1938607, 124, 1.90657769304099e-05, 4924.6081778133 
1603606, 537, 2.63088660878716e-05, 3831.8744498601 
225991, 139, 2.12102572804208e-05, 7460.52223491298 
3004093, 157, 1.79901414025114e-05, 25144.3294120995 
2861750, 157, 2.0876390889543e-05, 483.635145722971 
37329, 245, 1.98463889495306e-05, 4956.3021201203 
1795631, 176, 1.95236235845373e-05, 2878.75687495352 
758802, 241, 1.99988000719957e-05, 35345.5564629241 
305, 213, 2.05769784764805e-05, 3668.61950025225 
69666, 137, 1.94927974113565e-05, 5454.58813105228 
2842453, 212, 1.94685096855836e-05, 1771.46729892787 
82541, 16, 1.99672537039256e-05, 982.350594672931 
47872, 250, 1.98909973346064e-05, 6997.03977407132 
204525, 243, 2.05486489263331e-05, 6315.43701256357 
292, 221, 1.98106105630176e-05, 6786.5056204003 
2008794, 491, 2.56805341551104e-05, 1941.91159869041 
40318, 213, 1.892828074426e-05, 29463.4645862533 
2768068, 261, 1.94931773879142e-05, 6337.6910539262 
745310, 120, 1.96367206676485e-05, 15470.2528564736 
261654, 293, 2.02843871072436e-05, 10553.8016580107 
1034015, 46, 2.15559052402406e-05, 96.3657897107574 
2016596, 367, 2.27956597063919e-05, 3255.1523582537 
1877, 252, 2.03856973947079e-05, 28642.4163125353 
3014784, 127, 1.94681306700931e-05, 19827.5187124297 
114616, 212, 1.96405774329765e-05, 3321.23942501682 
1274631, 19, 1.76248722196764e-05, 1749.92401652915 
1881017, 2, 1.93468503327658e-05, 0 
2653851, 59, 1.91255785487511e-05, 5844.55448926468 
2675230, 10, 2.08729048821725e-05, 35638.7164055802 
3003271, 167, 2.3693875133278e-05, 12431.5838970251 
3062449, 269, 1.9511053011531e-05, 4416.68305839636 
2765360, 194, 2.12003646462719e-05, 6464.56969074066 
1535208, 331, 2.03169443315725e-05, 61921.090853959 
119045, 209, 1.97863078749505e-05, 10814.7837118048 
2303332, 1, 1.69715895590781e-05, 0 
1926868, 152, 2.02294014120122e-05, 2645.10007257521 
1149133, 353, 2.46779527170426e-05, 2773.09498302429 
184914, 227, 1.96792285742399e-05, 5186.74163421895 
60035, 552, 2.71547276380818e-05, 1965.27683455219 
89966, 20, 1.81208661774033e-05, 10457.6680234862 
1679497, 159, 1.95733020160501e-05, 7493.3233260465 
2847989, 577, 2.66141480811199e-05, 1961.92519495575 
1463158, 185, 2.08112214105846e-05, 7337.76302451184 
3074855, 61, 2.13356091316407e-05, 277.478043672151 
1327635, 108, 1.87164274083363e-05, 3107.83436562681 
131568, 302, 2.07580852742143e-05, 5213.30185092245 
47865, 331, 2.02191758663917e-05, 14771.019663277 
2651583, 571, 2.69273231548052e-05, 1521.87675557129 
3053466, 177, 1.8306971294669e-05, 1214.75439371467 
2964669, 265, 1.98546638605408e-05, 5796.51883669963 
1641402, 350, 2.05145037541542e-05, 41422.1590242868 
223967, 249, 1.98251422453956e-05, 8227.21393162926 
83453, 203, 1.94908977507504e-05, 2194.66695346338 
436515, 183, 2.05203972748912e-05, 6302.58903642442 
2697032, 87, 2.0421499754942e-05, 54217.7058033288 
2820808, 162, 2.01547887778136e-05, 2162.6962841643 
3024246, 25, 1.99908042300542e-05, 272.353651882208 
2498704, 61, 2.00068023127863e-05, 272.273854611725 
134601, 55, 1.8782164456632e-05, 491.669656519268 
2233999, 10, 1.74009883761398e-05, 76.5509500420889 
2562284, 203, 1.98676812429221e-05, 10829.1594253481 
83681, 5, 1.62490656787235e-05, 6.69666044105395 
1463165, 567, 2.78040371461936e-05, 2483.48923127309 
47763, 287, 1.97441162533565e-05, 10767.9705857057 
2928472, 294, 2.04102459434636e-05, 15911.182327803 
83461, 199, 1.94745759411089e-05, 17569.6285074603 
1907, 169, 1.78132459296733e-05, 1493.39869158084 
55518, 462, 2.43125623009409e-05, 13236.13088244 
747, 4, 1.38291546237778e-05, 8851.88122019935 
2925842, 170, 2.06462269020337e-05, 14292.376799269 
412690, 315, 2.08986415882968e-05, 12368.0460726028 
2653852, 99, 1.97949245813373e-05, 11228.8084965201 
2823693, 130, 1.92901234567901e-05, 3070.62542169275 
361575, 16, 1.65815480533263e-05, 697.384360431473 
1881, 274, 2.03276822376713e-05, 9269.64708338107 
1038928, 273, 1.93956321036503e-05, 6406.59505536408 
1573, 325, 2.07947763521803e-05, 12938.6578277961 
299152, 273, 2.062833921241e-05, 9942.01231306832 
1901, 268, 1.96904658764226e-05, 3738.78305027306 
34070, 203, 2.09850376681426e-05, 10655.6393672812 
465721, 28, 1.80404466814598e-05, 6275.69846284046 
68214, 229, 1.84873638867834e-05, 10614.3654052575 
151783, 56, 1.97476253480519e-05, 23545.0221139694 
217203, 83, 1.88302640003013e-05, 338.037391341366 
1333528, 255, 1.88444578449478e-05, 13244.459134454 
1176533, 152, 2.06160062672659e-05, 14212.3720737663 
68895, 178, 2.02917960268663e-05, 43152.0280476506 
2305220, 279, 2.00412850471972e-05, 8522.92263011678 
1858653, 132, 2.05511827205656e-05, 2245.68835624337 
2819238, 292, 2.08055925432756e-05, 3653.64892162284 
262209, 292, 2.01077776884099e-05, 17241.6857082396 
504468, 261, 2.00742748168222e-05, 11303.6541110182 
2758442, 282, 2.07567926603981e-05, 5582.64147543452 
67308, 27, 1.58881474420083e-05, 15092.3423204992 
2742136, 263, 1.91343614863572e-05, 10661.9643013703 
285578, 282, 1.99151614123832e-05, 7841.27672910085 
2654191, 313, 2.10952662222597e-05, 6595.67840677459 
114686, 83, 1.65049184657028e-05, 2760.97370264541 
2914159, 275, 2.03761436110602e-05, 13952.2308808906 
66871, 269, 1.97223098769328e-05, 5080.09774097908 
1670831, 368, 2.09582093305948e-05, 20123.7474342765 
3049772, 163, 1.93453532461503e-05, 17967.4217409909 
2585716, 268, 2.00292426943337e-05, 13485.0305049919 
2981135, 212, 1.83840426509789e-05, 4736.62553745197 
2575440, 163, 1.90320309080182e-05, 3638.09207394199 
2908642, 238, 1.98925800676348e-05, 9975.78886237647 
3075824, 245, 1.88472991820272e-05, 2661.65537636768 
2969308, 190, 2.18264361795006e-05, 5256.08684084494 
128780, 177, 2.11068428384482e-05, 6402.43040679786 
2593653, 287, 2.10344755053533e-05, 8332.81959894862 
35, 282, 2.02494735136886e-05, 10083.3801227263 
42881, 175, 1.80733779143322e-05, 13070.539637031 
665099, 12, 2.04027502907392e-05, 553.093515040989 
2949637, 219, 1.83826908582878e-05, 7853.51261255102 
31989, 273, 2.10260723296888e-05, 5933.4826991007 
352475, 73, 2.02905608311014e-05, 20984.5780158958 
2749844, 299, 2.10190011770641e-05, 4043.87484793432 
29303, 354, 2.05478044670927e-05, 34207.0583215813 
2066, 336, 2.11041701840284e-05, 17836.3318157335 
1690220, 257, 2.01102039174677e-05, 18346.9771310123 
2041, 288, 2.02872677107847e-05, 32737.5391297624 
47880, 195, 2.47635084938834e-05, 6987.50255066266 
125216, 309, 2.08925288316898e-05, 7941.13327716527 
33050, 144, 1.97044334975369e-05, 4261.76174153717 
1210884, 138, 1.90447169955054e-05, 6054.04760522278 
2282738, 254, 1.94016530208374e-05, 2462.88623882567 
310581, 203, 2.08872921714429e-05, 11005.9300888351 
659012, 165, 2.06880857314273e-05, 2407.56997689265 
1485, 4, 1.4279186657528e-05, 10370.564741492 
1402861, 11, 2.1007079385753e-05, 72314.6954661479 
408, 269, 2.01081820192636e-05, 14800.9799797362 
2080742, 15, 2.00424900789674e-05, 11.2474738141934 
1772, 132, 2.03595496467618e-05, 20424.1759206355 
225194, 557, 2.73089737287673e-05, 2245.61567747108 
283811, 223, 1.97129790253903e-05, 5488.06577837181 
2847992, 541, 2.67995926461918e-05, 1623.94793462297 
2901869, 178, 2.07869956555179e-05, 13298.5140746621 
2825844, 209, 1.83752595505412e-05, 6608.12000355055 
3043734, 268, 2.00324525731685e-05, 11729.1596529988 
1521768, 222, 2.01349038558341e-05, 15393.948854406 
358220, 149, 2.2264772676671e-05, 2323.66638373055 
2528022, 219, 2.03948441833904e-05, 9612.4799346896 
3064901, 61, 1.60410651267244e-05, 15098.7944327326 
53457, 258, 2.00432935139902e-05, 12338.2909119286 
1950, 200, 1.85415237424212e-05, 7229.83304928421 
53362, 238, 2.04766975182243e-05, 33467.5326378093 
134537, 158, 2.22059378677858e-05, 261.821415933574 
455344, 288, 2.08185868343257e-05, 9790.43418136622 
633392, 15, 2.24850474434501e-05, 3081.71431239943 
1663, 12, 1.54197249121076e-05, 6618.51525656272 
75, 213, 1.95461386603077e-05, 11117.4340923892 
190148, 21, 1.79552555032858e-05, 7126.62621721492 
2509457, 166, 2.08624538418209e-05, 7727.54612576612 
51201, 265, 2.01422039599573e-05, 4630.43404294509 
506, 292, 2.14633727543946e-05, 7942.14943790884 
1488356, 270, 2.00204208292458e-05, 9145.95654253985 
67267, 252, 1.99001014905176e-05, 5923.3548615996 
2708082, 258, 2.02396373056995e-05, 27342.1150942806 
2819978, 209, 2.0616856341745e-05, 4037.47913667552 
3030210, 278, 2.00795148789205e-05, 12527.1283853387 
2599640, 81, 2.07736092068636e-05, 6296.05495880303 
285665, 264, 2.057951926243e-05, 4751.29077962477 
257708, 311, 2.09323257907186e-05, 11069.2302680148 
1541170, 114, 2.09793143960055e-05, 110171.735955244 
2006, 333, 2.07956412335974e-05, 11951.9275385423 
2508722, 242, 1.99716402708154e-05, 5618.13930873053 
2072590, 202, 2.10966013375245e-05, 8428.25685456361 
66425, 273, 2.00762899016262e-05, 10624.7512166565 
2528021, 153, 2.01373366358565e-05, 3403.96578509979 
3031124, 67, 1.67506993416975e-05, 4507.73333279198 
2675754, 375, 2.06957925453755e-05, 34532.2017786059 
2761107, 175, 2.13761997392104e-05, 5760.14929136182 
2721244, 209, 1.83237439073552e-05, 5921.94597181694 
1670830, 378, 2.09126270442093e-05, 20107.7612621551 
1742993, 25, 1.68449423060726e-05, 2473.97596278764 
2872652, 115, 2.00750808022002e-05, 5519.99071159047 
3020843, 165, 2.64061262212833e-05, 12629.5981163001 
2717324, 277, 2.00388754183115e-05, 13094.4237990114 
1940610, 230, 2.01093951093951e-05, 13372.0274708027 
67305, 56, 1.60390068646949e-05, 8696.14022714707 
2709380, 234, 2.02044692285934e-05, 14771.2790675992 
2705012, 338, 2.07077923422584e-05, 12773.1468055763 
2608999, 26, 2.01187003319586e-05, 107.702458103528 
2799325, 167, 2.08955847629396e-05, 2862.71628609035 
2944250, 115, 1.79375414805647e-05, 16178.6150206637 
47875, 304, 2.09516227031784e-05, 4770.85432769338 
1817965, 16, 1.81844631946465e-05, 1343.49860553483 
1806508, 408, 2.18875853615829e-05, 20822.6856359846 
1932, 85, 1.68344500185179e-05, 1978.67216973417 
710705, 187, 1.82731841023298e-05, 5440.16105560871 
2833628, 261, 2.0052939760969e-05, 10954.4869438568 
186189, 50, 2.09503058744658e-05, 2592.27021881338 
1911, 274, 2.04144125752781e-05, 12586.1828707224 
1977088, 274, 2.0116676725005e-05, 11368.5035898987 
1696, 329, 2.07339829981339e-05, 15887.5467758485 
244366, 312, 2.8899228390602e-05, 11109.3126587241 
2897772, 566, 2.51749660137959e-05, 5722.56478723812 
40566, 106, 1.84372580109886e-05, 221.046615211078 
2917725, 411, 2.11752249867655e-05, 34518.4721719767 
2061, 401, 2.12080081438751e-05, 17429.2093728194 
2587808, 62, 2.05296653664545e-05, 89.5948832568603 
2944128, 318, 2.10428854004461e-05, 12106.7097365037 
1714373, 212, 2.11046155794272e-05, 6092.18566570685 
1736306, 247, 2.0339258837408e-05, 18605.8824736028 
1286181, 141, 2.11891342119761e-05, 5273.04929646234 
2653203, 115, 2.03670135847981e-05, 2543.31580001994 
2004797, 156, 1.98534813079473e-05, 1599.91198605642 
2057, 166, 1.98739988473081e-05, 2357.32983280089 
2795690, 259, 2.08073241781107e-05, 7621.8763482789 
1630693, 141, 1.93468503327658e-05, 961.662949648154 
2283195, 422, 2.10721510451787e-05, 59397.4637859893 
2315862, 21, 1.78702264157687e-05, 135.993881750309 
3004092, 354, 2.11318202950002e-05, 24373.3958013707 
466153, 122, 1.90912562046583e-05, 14990.8816832358 
1823759, 518, 2.57758531807403e-05, 2113.7874978963 
2051553, 372, 2.11734315780559e-05, 15908.3728640185 
3020055, 35, 1.57733682450551e-05, 1322.34855356926 
535, 258, 2.09345168313515e-05, 3046.68969670417 
76862, 346, 2.14086919289231e-05, 8780.70996619307 
2528010, 233, 2.09722746529089e-05, 8175.4209516065 
675864, 342, 2.08925288316898e-05, 69608.2017973155 
1896164, 167, 2.12390884183251e-05, 3856.81352539457 
2954771, 37, 1.88348746539092e-05, 1243.664425468 
299146, 281, 2.10588383944742e-05, 4614.78550677922 
2854170, 321, 2.15137042295943e-05, 12004.8034162107 
2566013, 390, 2.15665976535542e-05, 13344.8034078039 
2816950, 158, 2.08142536008659e-05, 4890.9521493227 
1670800, 151, 2.17552103728843e-05, 23165.7776707134 
273677, 81, 2.06850901869932e-05, 4645.83608629484 
2904790, 343, 2.14178624973228e-05, 8838.66968248605 
1245526, 391, 2.5384576331421e-05, 3500.44804791397 
2926709, 151, 2.21327077154619e-05, 13109.1070746158 
2744474, 77, 1.72601273797401e-05, 472.841448523874 
362257, 277, 2.01979398101394e-05, 11158.6442462942 
65741, 376, 2.37112913169251e-05, 5076.73789402121 
1871049, 170, 2.23433729555814e-05, 5445.68238301379 
1003110, 295, 2.11327134404057e-05, 3022.95856995992 
2020, 336, 2.11193241816262e-05, 11337.8893879611 
1813468, 128, 2.05634382068682e-05, 7342.15449130506 
2488560, 259, 2.11162024621492e-05, 7170.18457662423 
28214, 132, 2.01438269242391e-05, 16031.3972842429 
76892, 233, 1.98086484559159e-05, 12567.1167746237 
2684468, 194, 1.90200852099817e-05, 2569.51834128233 
1323731, 328, 2.11108530895734e-05, 10318.2976684891 
3074146, 115, 2.84115123448021e-05, 2423.04936765768 
1914, 288, 2.06036880601628e-05, 18775.8199052683 
415229, 171, 2.24074572017567e-05, 8110.37902776564 
2692234, 264, 2.01069690754816e-05, 8343.15500814291 
43767, 417, 2.12553404042766e-05, 16257.165490259 
2762323, 194, 2.08042940062829e-05, 18250.5191462698 
2079793, 246, 2.02277646297308e-05, 8837.82216780209 
216465, 171, 2.13666082646041e-05, 3762.37652355543 
67287, 132, 1.80112029682462e-05, 15879.2463684944 
351604, 472, 2.4975024975025e-05, 6063.82803445668 
515350, 297, 2.12372841760996e-05, 4239.90006790007 
155892, 122, 1.9952114924182e-05, 5329.3188014642 
2942449, 269, 2.02576776598331e-05, 16819.2059225756 
2558931, 309, 2.12879191059074e-05, 8258.0248970506 
321984, 224, 2.0909128925689e-05, 10729.3127623193 
3012344, 127, 2.00795148789205e-05, 3318.39625522828 
2771436, 171, 2.11855429854667e-05, 3556.72283205465 
3019544, 286, 2.15489376373745e-05, 5474.77418773764 
710111, 388, 2.15875483021393e-05, 19402.1620038564 
1521117, 338, 2.09437242130396e-05, 11621.5369780192 
2742132, 310, 2.12747851246702e-05, 6497.55233943623 
1063, 352, 2.10721510451787e-05, 11498.6207435564 
1297742, 321, 2.08641949550377e-05, 9843.25109640269 
1658671, 305, 2.08034284050011e-05, 34438.5241270819 
2589797, 407, 2.11886852420807e-05, 29483.5565413099 
1896961, 345, 2.10819243580554e-05, 24807.9818545616 
2879846, 241, 1.97835677686114e-05, 3326.13526436396 
1133546, 369, 2.15466161039409e-05, 13842.7677643669 
2528026, 201, 2.0860713019171e-05, 5525.16342926181 
173860, 278, 2.04926431411123e-05, 12524.9931877383 
2995138, 159, 2.21970655479346e-05, 3786.18665675823 
1849032, 26, 1.74635884181482e-05, 6564.14887355452 
1904616, 214, 1.90132141838578e-05, 6601.14755877913 
36818, 276, 2.05086136177194e-05, 9445.54222387542 
2742135, 354, 2.16515827306976e-05, 16528.6001728151 
1437009, 299, 2.08381087332514e-05, 20397.253427388 
57704, 444, 2.15992051492505e-05, 20266.3128884907 
2698679, 131, 2.03541624262162e-05, 2972.26163505394 
2771361, 388, 2.18012165078811e-05, 14611.0496112357 
68200, 253, 2.02216290544366e-05, 5157.12307432685 
2976241, 249, 2.2314455304146e-05, 17774.4216437576 
219314, 216, 2.03599641664631e-05, 8832.40389834445 
1775910, 428, 2.15164816249247e-05, 25980.8822673876 
2728021, 217, 2.14169450869528e-05, 18935.1131663745 
202862, 270, 2.05199761968276e-05, 22957.7500408738 
2585135, 364, 2.17079841965875e-05, 23340.4514608845 
858423, 195, 2.01021187633177e-05, 12990.441975096 
194963, 142, 2.10145841213802e-05, 11155.6641207415 
680248, 106, 2.10628304231523e-05, 1646.4026539238 
2498135, 343, 2.1446341254182e-05, 10359.1405334391 
2768162, 355, 2.16122757726389e-05, 6014.62647850929 
348043, 94, 1.76587967295908e-05, 10363.9576639048 
2708539, 216, 2.05081930231127e-05, 6579.22784830159 
2866715, 255, 2.04227509445522e-05, 6956.35856049371 
1711, 438, 2.20249763231505e-05, 8531.79874938283 
2585717, 31, 2.05952013180929e-05, 153.577994537628 
2969621, 105, 2.16319113956909e-05, 5940.66318021738 
2838850, 256, 2.02191758663917e-05, 7587.4972754757 
173480, 181, 1.97925738263004e-05, 3248.45906717121 
2493680, 106, 1.98708395429707e-05, 2435.28342678832 
2731681, 114, 2.7771606309709e-05, 38440.7211076297 
2508168, 154, 2.11295877617428e-05, 2221.43804359663 
1420889, 322, 2.14477211796247e-05, 6083.31523106188 
285450, 205, 1.89354490541743e-05, 10152.13855782 
2903629, 196, 1.91945948021037e-05, 215.871495380048 
3009077, 389, 2.13356091316407e-05, 37285.678873003 
2528964, 325, 2.10961562803257e-05, 7198.00568843234 
2991545, 396, 2.19727098943113e-05, 6000.12669070198 
2811111, 343, 2.12408929671403e-05, 10663.781994504 
2657486, 246, 2.07202353818739e-05, 14477.2114824003 
2509458, 247, 2.14086919289231e-05, 7251.54000844246 
1892, 224, 2.00076028890979e-05, 1222.25582991779 
95486, 351, 2.13611312855129e-05, 14670.0650892527 
129921, 223, 2.09318876376272e-05, 7175.19750507457 
2509459, 195, 2.16188170183328e-05, 9631.67376241139 
3075198, 227, 1.99660577019068e-05, 1495.06490075768 
53462, 154, 2.09621632952521e-05, 1486.54760416537 
2067960, 477, 2.40297969482158e-05, 6981.70258872107 
2591463, 254, 2.12562440216814e-05, 5037.14282573469 
213422, 535, 2.73777583091496e-05, 1844.80432639089 
2008795, 434, 2.91800408520572e-05, 7435.92446374715 
1535768, 256, 2.0052939760969e-05, 10231.2165136221 
2565782, 165, 2.12152070604209e-05, 3604.26079580294 
2830998, 25, 1.68449423060726e-05, 1654.18329281968 
1442032, 207, 1.89440581961468e-05, 10395.337375402 
1582356, 101, 2.05069313427939e-05, 3238.34384984987 
2203205, 214, 1.90777801095065e-05, 4330.9261678234 
1906274, 2, 2.00634003450905e-05, 1239.7208288826 
31958, 176, 2.0451152422439e-05, 5208.98708054935 
665007, 207, 1.89332979911771e-05, 7441.48008818246 
1077946, 270, 2.04444626173001e-05, 9864.40368182202 
1179673, 297, 2.15922095308013e-05, 2486.95455814746 
1654, 437, 2.14242865712572e-05, 20200.2862775217 
1296669, 154, 2.17698922390334e-05, 11523.6608062478 
1868589, 322, 2.12341274897014e-05, 10152.7576159833 
171437, 382, 2.16295719507711e-05, 12679.3687440049 
2735134, 136, 2.05199761968276e-05, 7877.71101246182 
2744521, 111, 2.37976249970253e-05, 2539.88958067929 
158836, 148, 2.78520499108734e-05, 544.198378175843 
2527989, 301, 2.09969344475707e-05, 9899.21009247392 
68223, 266, 2.04997847522601e-05, 7785.6997153888 
3028709, 255, 2.02224469160768e-05, 8004.81183493475 
2126346, 402, 2.13807701353403e-05, 38128.781342981 
96773, 506, 2.52934034803723e-05, 2631.13528202644 
1960, 277, 2.10075206924079e-05, 27504.847638802 
3075825, 232, 1.92678227360308e-05, 3889.1752274841 
1792307, 93, 2.15466161039409e-05, 16284.867010013 
1795, 379, 2.17046860417164e-05, 7050.89445771341 
2969247, 227, 2.03674284084891e-05, 5629.32006228954 
2736, 169, 2.41861365065544e-05, 13377.1820924499 
53412, 244, 2.55173645665876e-05, 5402.9112597376 
1552759, 406, 2.19760900140647e-05, 17496.6108898657 
2933290, 7, 2.08446241714262e-05, 2939.66616187624 
2202825, 351, 2.11358400439625e-05, 13730.8176418326 
1736046, 231, 1.99413723652462e-05, 5519.70277657972 
80860, 212, 1.874625074985e-05, 5546.38846963199 
588673, 48, 2.07710202725158e-05, 1133.82045615806 
1914233, 140, 2.05081930231127e-05, 3398.49002191073 
53458, 282, 2.08285601216388e-05, 29256.6227288782 
1850238, 132, 2.08055925432756e-05, 8263.98214120943 
3018036, 139, 2.03736527922091e-05, 5488.86974790351 
199683, 157, 2.17169413859752e-05, 2070.79808068759 
68249, 120, 1.8321058224323e-05, 14543.5881704393 
1391653, 356, 2.12503718815079e-05, 11606.0891415543 
2987751, 438, 2.18780082261311e-05, 50918.1208512151 
49546, 77, 2.13670648063076e-05, 2028.26515992986 
630515, 172, 2.01967160139761e-05, 3071.76435945878 
1967, 260, 2.04269226840976e-05, 7474.57292622591 
2006110, 176, 2.15229650036589e-05, 2522.3200403591 
1794, 24, 1.97562083884861e-05, 1217.74225921684 
285983, 7, 2.09489892112706e-05, 144.314124405742 
399176, 158, 2.03649397197784e-05, 5782.70879743929 
3033811, 237, 2.01251786109602e-05, 3777.20979902421 
2774875, 217, 2.16759873412234e-05, 11043.6085380685 
2906072, 357, 2.18493270407271e-05, 12565.6116370805 
158500, 163, 2.0339258837408e-05, 10518.6169865009 
1609977, 153, 2.01816347124117e-05, 6104.55500507594 
2589974, 96, 1.96587245419517e-05, 1087.53765095181 
37921, 386, 2.15982721382289e-05, 15163.4969608525 
146937, 595, 2.69781746567027e-05, 5712.7413491796 
1764, 433, 2.18818380743982e-05, 9710.93481346225 
1325100, 88, 2.00722601364914e-05, 5195.7700611354 
553510, 248, 2.04152461057918e-05, 6937.32393658502 
2676871, 226, 1.9150484507258e-05, 12301.9116470609 
2082387, 101, 2.227766886473e-05, 10186.3751846416 
2991075, 158, 2.04792135981978e-05, 6393.50050376913 
862751, 225, 1.97472353870458e-05, 1194.59433083044 
1842533, 154, 2.2163611782176e-05, 2339.74395384415 
2972479, 28, 1.72628090042812e-05, 16061.0755245724 
2877941, 116, 2.20507166482911e-05, 17012.3607303791 
67367, 268, 2.05334592718835e-05, 8199.54661572591 
93064, 157, 2.05157663664526e-05, 7254.8348831838 
2292766, 329, 2.11412020887508e-05, 10495.3324748139 
538381, 400, 2.21248727819815e-05, 20664.2624883403 
1702325, 364, 2.17282663016318e-05, 11535.4841527052 
2202828, 441, 2.15614825675413e-05, 23572.9012389318 
2797167, 199, 1.90487075451931e-05, 16242.1896618408 
337, 461, 2.22950527277997e-05, 11811.6818475231 
29447, 2, 1.39672607408235e-05, 0 
2968085, 466, 2.21818020495985e-05, 11768.3523393855 
2651334, 4, 1.79620282722325e-05, 46076 
1911175, 235, 2.10397862357718e-05, 16806.5026777203 
228899, 20, 2.27992977816283e-05, 31753.5501977012 
1470176, 398, 2.17893406545518e-05, 37039.8230754013 
2171623, 459, 2.20857811740801e-05, 8395.60274957301 
3075197, 238, 2.05748616340555e-05, 10067.0017571514 
547188, 413, 2.16933856867041e-05, 12838.224044013 
2608402, 476, 2.24034411685635e-05, 15006.2865438213 
2898149, 255, 2.08934018636914e-05, 8568.47697463645 
29549, 351, 2.17807980484405e-05, 9157.38760770079 
28894, 223, 2.05685137191987e-05, 8325.74036214388 
60550, 421, 2.21474131821403e-05, 11087.1879416591 
42197, 171, 2.10079620176047e-05, 4021.03459449249 
32002, 328, 2.18741797182606e-05, 7994.17847029163 
2662397, 189, 1.88455232459529e-05, 7190.87491055501 
632569, 221, 2.08372403158926e-05, 5019.95293683134 
72763, 439, 2.18823168997133e-05, 21886.4823095808 
2015316, 140, 2.2138097451905e-05, 20100.7841086253 
2662028, 228, 2.03956761166633e-05, 9754.68971519174 
2599600, 173, 2.25382586941333e-05, 15536.3237312414 
2571115, 142, 2.18885435363131e-05, 2482.73000523492 
2483799, 407, 2.21690165824244e-05, 7787.00854922827 
150026, 437, 2.20911480769656e-05, 8882.52317133738 
480035, 372, 2.18498044442502e-05, 11844.8360510754 
288000, 263, 2.09165638268945e-05, 8714.65855958809 
60920, 414, 2.21180217641334e-05, 8097.59922997156 
67345, 92, 1.78743788653344e-05, 1386.96573113223 
399736, 520, 2.22841225626741e-05, 11214.6830978138 
2070761, 157, 2.18593568977201e-05, 9763.35205164077 
2932247, 546, 2.22846191558586e-05, 18685.4194515223 
34018, 416, 2.18622242626965e-05, 13093.3325807716 
2929802, 311, 2.19543788008518e-05, 4586.42271934218 
344163, 35, 2.03074548666816e-05, 11718.8652047966 
105219, 237, 2.25922327903667e-05, 44622.4105385708 
1859, 509, 2.22890894906943e-05, 16056.0719233595 
237610, 125, 2.11242316060753e-05, 9038.83801773025 
2686094, 211, 2.08441896821261e-05, 3953.03406170564 
416169, 209, 2.18202448231469e-05, 13473.0586710501 
488447, 406, 2.19245357479555e-05, 17432.5350217724 
1459637, 84, 2.23284061983656e-05, 277.138116385225 
2714945, 175, 2.20162479910174e-05, 6270.55212942651 
2060312, 283, 2.08916558726445e-05, 19489.6434522436 
2686304, 197, 1.892684773351e-05, 5130.36566407182 
56448, 178, 2.27314057101291e-05, 17729.0571247449 
528244, 459, 2.18741797182606e-05, 13553.0841706622 
83455, 382, 2.14141933273374e-05, 15457.7704980589 
2601898, 123, 2.00308475051579e-05, 6855.910024204 
3039384, 435, 2.24597969634355e-05, 7324.69445247847 
2020412, 68, 2.17779520013938e-05, 17668.2380144907 
2816956, 411, 2.2218765969738e-05, 7728.1405706063 
959, 128, 2.69440103465e-05, 3849.27734157133 
282217, 189, 2.1368434548485e-05, 13339.4282908562 
228602, 349, 2.17855431135898e-05, 9268.40675838556 
192812, 194, 2.05621697201489e-05, 8752.11937678675 
722472, 277, 2.11112987671002e-05, 14979.882612667 
2830997, 31, 1.79523544512863e-05, 25964.0284730405 
2837956, 222, 2.0273694880892e-05, 5749.73004335764 
3018339, 305, 2.14569252226156e-05, 2011.04239989086 
68232, 114, 1.82801988885639e-05, 8365.90757357031 
65496, 378, 2.13757428070625e-05, 22551.6553026721 
1736691, 352, 2.15987386336638e-05, 105089.96437317 
1560345, 145, 2.08598427167859e-05, 9118.3052109043 
35621, 272, 2.13219616204691e-05, 76985.7172336671 
34, 397, 2.13688911682373e-05, 14420.9931972892 
114615, 289, 2.11496975593249e-05, 14165.3552029841 
571913, 228, 2.06436696187114e-05, 14498.8303386197 
2974023, 122, 2.30909552728196e-05, 10221.9786593057 
59405, 559, 2.60233689853488e-05, 7697.97893081213 
2592652, 212, 2.17051571453377e-05, 9787.48992899292 
80880, 171, 2.17377127578636e-05, 2810.13363183656 
2017685, 25, 1.68449423060726e-05, 1654.18329281968 
2604832, 260, 2.66908663855229e-05, 11200.7484437204 
31988, 89, 2.24719101123596e-05, 6741.20472666823 
2949090, 100, 2.19351159270877e-05, 9407.76730191198 
3016086, 388, 2.21773746423898e-05, 7736.37519641962 
709883, 323, 2.15782318796798e-05, 3006.19086048201 
40567, 131, 2.10890379180902e-05, 2939.21578579688 
374606, 92, 2.28576653180644e-05, 4491.48131555074 
280236, 389, 2.2096517588828e-05, 7006.37205061086 
2725666, 93, 2.22573393576532e-05, 8641.05158783254 
593909, 135, 2.26101112417473e-05, 18331.403336157 
748811, 486, 2.40952243265385e-05, 6767.47337348551 
2768161, 448, 2.26162475122128e-05, 18591.3658150058 
2970906, 495, 2.21444705257097e-05, 18679.6434313337 
2875706, 189, 2.09722746529089e-05, 41318.5042733139 
1690221, 208, 2.01954923661039e-05, 33534.6633602302 
2743470, 114, 2.18631802181945e-05, 16759.9851453358 
13690, 136, 2.09555741827326e-05, 16891.3493365744 
3028735, 328, 2.2690658255996e-05, 24183.7638442681 
28077, 306, 2.14523222138797e-05, 15366.9576027669 
2982531, 145, 2.24482007767077e-05, 2593.32619025708 
1549858, 150, 2.06838066477755e-05, 7300.60489440001 
1286180, 424, 2.21758992327139e-05, 10498.2305292918 
318424, 431, 2.25626678098418e-05, 8865.89490214109 
1893, 239, 2.06130315585513e-05, 13867.6824988157 
661488, 20, 1.94905178630596e-05, 217.460298105219 
3028710, 216, 2.02773947603212e-05, 5285.99169874554 
2968084, 418, 2.23418753770191e-05, 8400.08275228067 
2968083, 467, 2.26891137632164e-05, 9817.81014107256 
2596913, 136, 2.07322635485342e-05, 1623.1179850658 
11, 402, 2.2306491188936e-05, 4415.98049268886 
2599401, 240, 2.06769637946364e-05, 9182.23361696317 
863372, 80, 2.32331211374936e-05, 7494.09797643994 
115808, 283, 2.11640211640212e-05, 15374.4256324476 
2703787, 35, 2.05271368749487e-05, 108.765572409648 
2871170, 443, 2.28258388495777e-05, 7377.20590866366 
2499145, 431, 2.23588596981554e-05, 8352.4227391014 
1072463, 43, 2.12377352079174e-05, 3539.16368200993 
2202827, 527, 2.23428737404205e-05, 20652.4491490222 
1735038, 587, 2.59315924590929e-05, 4797.13646409065 
375, 214, 2.07318337306935e-05, 11053.1645494003 
2771430, 117, 2.08099221708911e-05, 1790.54920927336 
68278, 67, 1.68429562756855e-05, 12396.1252089866 
767452, 462, 2.22523865684595e-05, 35521.5279615678 
2483401, 52, 2.10837022981236e-05, 5521.49625539299 
2182432, 463, 2.23964165733483e-05, 11197.6002245002 
1988, 167, 2.11228929914241e-05, 11371.3987174391 
2949093, 149, 2.0854622427061e-05, 1742.85905301375 
110937, 508, 2.27842333105491e-05, 8207.79461744116 
1357074, 330, 2.81135788585887e-05, 8791.52525678225 
2896849, 193, 2.06833788367668e-05, 5429.11633241116 
1775411, 148, 2.24371199712805e-05, 16867.5831299541 
2735133, 482, 2.26741944992404e-05, 8363.86895469495 
3068632, 111, 2.23613595706619e-05, 10453.5395633442 
2819979, 506, 2.26860254083485e-05, 15664.7185485934 
86664, 9, 1.9476093095725e-05, 3822.54132257637 
238749, 173, 2.17329885032491e-05, 2667.03236861434 
1389922, 213, 2.18073970690858e-05, 9478.57290115218 
2860336, 257, 2.19264586576622e-05, 14059.3862254871 
66892, 233, 2.07611019992941e-05, 3360.8224937328 
413497, 535, 2.92551635363642e-05, 2786.36739033998 
1856685, 352, 2.76992964378705e-05, 11202.5277713711 
113, 180, 2.0669698222406e-05, 3954.60296570173 
2998080, 435, 2.26136903281246e-05, 12767.1124373498 
212765, 492, 2.24175035868006e-05, 14197.7855620332 
2705439, 218, 2.06232341355771e-05, 9699.92842252747 
2995141, 545, 2.27852716004375e-05, 7758.78831676243 
82380, 437, 2.21670508955489e-05, 5194.4725992578 
1138587, 372, 2.22563486234448e-05, 12185.4751271002 
2903960, 171, 2.07710202725158e-05, 6577.68969569992 
553814, 161, 2.19722271049394e-05, 2398.14213483224 
209247, 454, 2.23883938566247e-05, 11698.8604050175 
163604, 451, 2.21896773620912e-05, 39258.7728285183 
2500546, 39, 1.90759604746099e-05, 99.7355318284977 
2966192, 184, 1.97550375345713e-05, 2446.1741028536 
1494466, 503, 2.24648425214539e-05, 15640.3399572456 
180282, 153, 2.17817468961011e-05, 6244.53898332388 
2109914, 170, 2.17301549360047e-05, 2369.51659170074 
