degrees , closeness , betweenness
1835721, 1, 1.00853218226194e-05, 0 
2956440, 1, 1.11059283445503e-05, 0 
251538, 4, 1.31295625229767e-05, 53555.7777713906 
2704651, 1, 1.27059959594933e-05, 0 
2755405, 1, 1.24865769298005e-05, 0 
2811091, 3, 1.3387239283515e-05, 46023 
1031542, 2, 1.09313511149978e-05, 7674 
2799564, 1, 1.27059959594933e-05, 0 
2608247, 4, 1.19320351279114e-05, 30637.9058618963 
945, 2, 1.31898280046428e-05, 7674 
171281, 3, 1.21406371406371e-05, 15347 
2097, 2, 1.3846579894766e-05, 7674 
2124, 1, 1.21385739603311e-05, 0 
2767887, 1, 1.32999946800021e-05, 0 
2792859, 1, 1.37887290928395e-05, 0 
29501, 1, 1.21385739603311e-05, 0 
2984146, 1, 1.11059283445503e-05, 0 
3071081, 1, 1.32923927636214e-05, 0 
2015871, 1, 1.07409078215291e-05, 0 
225842, 1, 1.33850890108419e-05, 0 
362837, 2, 1.27318793527113e-05, 13.9069617338442 
48003, 2, 1.09442717681565e-05, 136.820447940588 
488546, 2, 1.32927461484268e-05, 7674 
519450, 3, 1.21406371406371e-05, 15347 
83171, 1, 1.46019508206296e-05, 0 
1812111, 1, 1.4228596633514e-05, 0 
2025360, 2, 1.07459863740893e-05, 233.424389965848 
202747, 3, 1.52262622571411e-05, 19931.6636141042 
2138, 1, 1.51247031777001e-05, 0 
2811778, 2, 1.30417204637636e-05, 23016 
2983210, 1, 1.23199743744533e-05, 0 
3004105, 1, 1.44112984579911e-05, 0 
3015169, 1, 1.38102472034249e-05, 0 
31984, 2, 1.60686452525188e-05, 23016 
92758, 2, 1.35532575254462e-05, 7674 
954, 1, 1.37872082282059e-05, 0 
111844, 2, 1.42511044605957e-05, 0 
1281486, 1, 1.11059283445503e-05, 0 
2840371, 2, 1.35528901538253e-05, 7674 
81852, 1, 1.38534855369611e-05, 0 
1068590, 2, 1.28907508862391e-05, 7674 
1945658, 5, 1.38098657681047e-05, 23003.8237665299 
1987921, 1, 1.37240101557675e-05, 0 
2116, 3, 1.50235870316397e-05, 9212.0109368759 
2681470, 2, 1.09262152682932e-05, 7674 
2719911, 2, 1.54185361641766e-05, 7674 
29379, 4, 1.54923467806903e-05, 15434.0061095076 
669502, 4, 1.45949180495352e-05, 107117.392967469 
708186, 1, 1.11059283445503e-05, 0 
1346, 3, 1.55233704341887e-05, 8506.75516142632 
147709, 3, 1.48023150820788e-05, 23018 
1982153, 4, 1.17057639181533e-05, 15564.0515919349 
2133959, 2, 1.51726649268678e-05, 7674 
214888, 2, 1.33854473416502e-05, 7674 
264636, 2, 1.39458343792709e-05, 5260.07236663039 
634, 1, 1.36041465438666e-05, 0 
955, 2, 1.36362396705484e-05, 4608.06861792384 
1204537, 1, 1.12593593424534e-05, 0 
1814128, 1, 1.46019508206296e-05, 0 
1840297, 1, 1.4215449350354e-05, 0 
28199, 8, 1.72197062318117e-05, 17003.9950134741 
295596, 1, 1.53683013416527e-05, 0 
2956059, 2, 1.18557862164629e-05, 15346 
106648, 2, 1.48117427496519e-05, 7674 
1155388, 1, 1.49586393621636e-05, 0 
1471399, 13, 1.59969285897108e-05, 54377.6948542979 
1476901, 1, 1.5376572254513e-05, 0 
149016, 3, 1.52427406447679e-05, 10.1629931295851 
1660063, 1, 1.09259765091505e-05, 0 
1932669, 2, 1.42383210171857e-05, 24.6399051418177 
1982369, 2, 1.24903200019985e-05, 7631.67015921073 
2003316, 8, 1.71847880256397e-05, 11447.7421384719 
2024608, 2, 1.48515586710825e-05, 22.3429809304639 
2024979, 1, 1.5037141740098e-05, 0 
208596, 8, 1.71715090322138e-05, 23469.4167677705 
2180, 2, 1.6790355619732e-05, 4309.25077259876 
225148, 2, 1.56340384284665e-05, 24.3021264716307 
255507, 2, 1.48969133595519e-05, 7674 
2601668, 1, 1.37196795082867e-05, 0 
2817969, 2, 1.48969133595519e-05, 7674 
35795, 4, 1.51899503288624e-05, 33757.3363858958 
393005, 4, 1.54363866506128e-05, 196.028963008599 
488142, 1, 1.27702504246108e-05, 0 
52764, 1, 1.16307470428826e-05, 0 
75658, 1, 1.36332651670075e-05, 0 
1612, 8, 1.69733179441917e-05, 16917.1058746239 
1623292, 2, 1.10104268742499e-05, 7674 
191291, 1, 1.19277654524201e-05, 0 
2714930, 1, 1.36019260327262e-05, 0 
2714947, 2, 1.27705765915331e-05, 7674 
2912228, 2, 1.5620362704822e-05, 0 
51664, 1, 1.46019508206296e-05, 0 
700220, 2, 1.67106714347783e-05, 15346 
785, 2, 1.5620362704822e-05, 0 
165779, 2, 1.43055376736335e-05, 15346 
222136, 2, 1.08673208793836e-05, 7674 
225084, 3, 1.55332567026003e-05, 33.3451985405173 
246875, 1, 1.54175852977907e-05, 0 
2925318, 1, 1.16307470428826e-05, 0 
2955573, 2, 1.28546270229969e-05, 23129.9368733202 
3047865, 2, 1.54211516516053e-05, 34.0814284782546 
74706, 1, 1.2062289663824e-05, 0 
84377, 2, 1.57572128641886e-05, 180.355597427513 
1094892, 2, 1.53395407341504e-05, 7674 
157268, 3, 1.19259162085127e-05, 23018 
1574269, 3, 1.40787565642202e-05, 15347 
1625, 2, 1.39433065157071e-05, 2425.83459510346 
1660079, 3, 1.5420438248855e-05, 7674 
1737405, 1, 1.00307945392355e-05, 0 
1945657, 1, 1.37957674585437e-05, 0 
2592653, 2, 1.59560888435027e-05, 7674 
269258, 1, 1.33686265073126e-05, 0 
2823905, 1, 1.19277654524201e-05, 0 
2911527, 1, 1.00809500287307e-05, 0 
2961520, 2, 1.53341307081302e-05, 7674 
2991499, 8, 1.59726548149568e-05, 14636.3070275084 
505249, 1, 1.09311121313482e-05, 0 
712150, 1, 1.25165844744286e-05, 0 
994695, 2, 1.51260758421443e-05, 15346 
1524882, 4, 1.54292414984879e-05, 36468.047811149 
308354, 4, 1.68651128276048e-05, 548.45314661636 
317658, 2, 1.72684729489371e-05, 1513.77642941895 
417368, 3, 1.70459388050797e-05, 98.2029856443024 
53344, 3, 1.76438414171533e-05, 7730.65999580235 
589437, 3, 1.7057278340668e-05, 20.7597770028838 
70348, 3, 1.68259523489029e-05, 15347 
82688, 4, 1.57681451930809e-05, 30687 
861914, 2, 1.56118275205296e-05, 10083.9276333696 
97138, 2, 1.70209868768191e-05, 608.413727846045 
985782, 2, 1.64257555847569e-05, 114671.392967469 
1415657, 1, 1.39776078721888e-05, 0 
1896175, 32, 1.74871032613448e-05, 76025.6882833368 
1982152, 4, 1.42551674982181e-05, 31043.6185990342 
2583452, 6, 1.74040168470883e-05, 7112.02882061417 
2593672, 1, 1.36468468960247e-05, 0 
2856522, 8, 1.66780633432846e-05, 23506.1867976465 
29378, 2, 1.64836976230508e-05, 7674 
29382, 1, 1.64506152530105e-05, 0 
3070656, 4, 1.4157688332649e-05, 38358 
400060, 1, 1.46331470045948e-05, 0 
1032072, 2, 1.50575197253508e-05, 9.46059338412018 
1080223, 1, 1.36041465438666e-05, 0 
1322, 6, 1.83267662420966e-05, 61849.243542848 
157692, 1, 1.35902802315784e-05, 0 
1628248, 8, 1.68389856195063e-05, 99841.3010341755 
182262, 3, 1.57032709913475e-05, 13.1858361416433 
2563896, 1, 1.46440757391597e-05, 0 
2714928, 5, 1.56123149940673e-05, 186.169631797235 
472834, 1, 1.46453625459498e-05, 0 
650378, 21, 1.77352132659395e-05, 42251.5600327757 
69966, 4, 1.54473554127533e-05, 15348 
76634, 1, 1.31662102380451e-05, 0 
985043, 5, 1.73061280999602e-05, 5.92044460110471 
1244531, 3, 1.55014726399008e-05, 7730.24300096746 
182141, 4, 1.71606061126079e-05, 45494.3325760666 
1982895, 16, 1.71954260166796e-05, 293.729268487682 
2115968, 1, 1.58343097824366e-05, 0 
2508687, 4, 1.69819651530075e-05, 59.8952291329654 
2751179, 1, 1.14505564970458e-05, 0 
2781774, 1, 1.19774823332136e-05, 0 
322019, 6, 1.64403380133496e-05, 377.442770113434 
33045, 5, 1.6536032013758e-05, 23136.3150286396 
33970, 6, 1.72369214858226e-05, 35268.970150518 
526944, 2, 1.24080255109005e-05, 24.4050038197097 
556259, 1, 1.17303428779223e-05, 0 
65553, 2, 1.40668739186091e-05, 15346 
747548, 2, 1.64812525751957e-05, 66.1840851039092 
1032623, 12, 1.61337162401988e-05, 690.226812770991 
1303590, 2, 1.64981109662944e-05, 7674 
1340, 1, 1.51722045213169e-05, 0 
1547445, 3, 1.36063677801211e-05, 10766.3363858959 
1888195, 2, 1.27705765915331e-05, 7674 
2014347, 2, 1.14027685922142e-05, 36.9897186147186 
2948772, 2, 1.32483671387501e-05, 23016 
2955990, 2, 1.44908635105566e-05, 30684 
301953, 1, 1.40910564064988e-05, 0 
31899, 5, 1.57022846824213e-05, 17876.3115960788 
332101, 2, 1.64103910596189e-05, 746.691411761492 
76832, 4, 1.56570480201663e-05, 7720.19135206858 
109328, 3, 1.64744645799012e-05, 12.9049595592436 
1156568, 1, 1.01525934800045e-05, 0 
1193095, 3, 1.40142384662817e-05, 7674 
1235990, 1, 1.65922779538403e-05, 0 
1395624, 8, 1.72532781228433e-05, 98.7438804614269 
1583098, 4, 1.64997442539641e-05, 7697.50281323238 
2825845, 1, 1.47856815459909e-05, 0 
2911526, 1, 1.33686265073126e-05, 0 
29384, 1, 1.38102472034249e-05, 0 
2976343, 3, 1.74316244530828e-05, 4169.18997563709 
2991418, 1, 1.56035451254525e-05, 0 
3002962, 1, 1.49017971567371e-05, 0 
698776, 1, 1.49017971567371e-05, 0 
2745560, 1, 1.38709722164427e-05, 0 
2746231, 1, 1.22761143642814e-05, 0 
1196095, 27, 1.96927924379677e-05, 43691.1301997776 
1278212, 2, 1.31262880170117e-05, 30684 
1462615, 24, 1.77377299253242e-05, 2038.68025097743 
167642, 48, 1.88661447033299e-05, 38386.4919855408 
1755811, 1, 1.28897539345974e-05, 0 
2163644, 1, 1.54163968797213e-05, 0 
28110, 4, 1.7684404124003e-05, 16818.6466108688 
2845591, 8, 1.69987080981845e-05, 46076.5091120916 
2855394, 1, 1.8555285473067e-05, 0 
2878098, 1, 1.60122974444373e-05, 0 
367190, 1, 1.57475355106926e-05, 0 
45972, 18, 1.74864916851732e-05, 11701.4997094892 
71237, 16, 1.75895307113206e-05, 15493.9354586986 
89586, 18, 1.81818181818182e-05, 31667.2117492845 
985762, 1, 1.55712305943539e-05, 0 
102862, 1, 1.51867207313925e-05, 0 
1050714, 3, 1.47203862629355e-05, 15347 
1310, 1, 1.23184567437391e-05, 0 
1529069, 17, 1.76199034429291e-05, 53624.539386854 
1574161, 2, 1.6221915808257e-05, 4.11041726226757 
170573, 3, 1.86008444783393e-05, 13722.7590495478 
1904463, 1, 1.56276860085327e-05, 0 
2003121, 24, 1.77474887303447e-05, 28001.5633365213 
201, 23, 1.88019403602452e-05, 1553.44887745316 
2267275, 2, 1.47697397571855e-05, 0 
227, 13, 1.89257731178319e-05, 1491.7695128934 
267889, 3, 1.67131850316715e-05, 8734.47779813733 
2763062, 1, 1.43441153266872e-05, 0 
2904121, 2, 1.48641417444557e-05, 0 
2904123, 3, 1.71112746188464e-05, 23037.2653726089 
2925782, 7, 1.70073812034423e-05, 1000.52455325363 
294671, 1, 1.38854175345053e-05, 0 
2951137, 1, 1.53697185804528e-05, 0 
300825, 1, 1.39236981342245e-05, 0 
553981, 3, 1.69909098632232e-05, 9.42889052626474 
589873, 2, 1.77531600624911e-05, 0 
64160, 5, 1.9046893451678e-05, 365.755409341341 
658666, 5, 1.49173578375798e-05, 91999 
1293, 14, 1.74337517433752e-05, 8321.40356597907 
1308, 2, 1.8278862323609e-05, 7674 
134375, 5, 1.56159720161781e-05, 13087.2843670793 
1359, 2, 1.72619150368542e-05, 15346 
148814, 2, 1.70674676998174e-05, 0 
1504, 2, 1.59344774288127e-05, 669.993285131219 
1534743, 2, 1.88338104565316e-05, 1.51020184397671 
159, 27, 1.80157457617958e-05, 62514.481956947 
1870884, 1, 1.5420438248855e-05, 0 
2058135, 8, 1.77260963590598e-05, 8230.00899817622 
2740404, 1, 1.22764157776496e-05, 0 
286104, 1, 1.40660824553754e-05, 0 
29385, 6, 1.77572582793217e-05, 8028.19089998035 
33028, 1, 1.5037141740098e-05, 0 
34021, 1, 1.69113170533721e-05, 0 
51161, 5, 1.67776789758905e-05, 7255.83910903371 
753, 1, 1.56106089698559e-05, 0 
774, 1, 1.49934029027228e-05, 0 
813, 2, 1.23242257305185e-05, 7674 
851, 7, 1.80795863390646e-05, 69766.7541111422 
89059, 1, 1.60302651405854e-05, 0 
114186, 4, 1.64446637066272e-05, 23019 
115782, 3, 1.32273382627214e-05, 15347 
2006115, 1, 1.83793122461357e-05, 0 
2102, 2, 1.51871820183765e-05, 7674 
213, 1, 1.70569873948863e-05, 0 
247481, 1, 1.42478556977175e-05, 0 
2590551, 1, 1.5943623347842e-05, 0 
2785331, 5, 1.75521738367297e-05, 1212.13760007803 
3040675, 2, 1.20263135741001e-05, 15346 
3074145, 9, 1.6636167027117e-05, 1481.81790683129 
336988, 4, 1.51899503288624e-05, 23018 
480520, 11, 1.74025024798566e-05, 19425.9275691079 
489910, 2, 1.53739718656315e-05, 7674 
109472, 2, 1.62032536133256e-05, 7674 
114527, 1, 1.57470395565634e-05, 0 
1345, 4, 1.66245511371193e-05, 7770.1287915284 
1381597, 1, 1.67156993848623e-05, 0 
1476, 1, 1.53881664999615e-05, 0 
1591088, 3, 1.57995354936565e-05, 15347 
169402, 1, 1.51825704091703e-05, 0 
1699624, 1, 1.49934029027228e-05, 0 
1778262, 3, 1.361118294791e-05, 23018 
189834, 1, 1.47856815459909e-05, 0 
2588535, 1, 1.15693874009371e-05, 0 
2709304, 1, 1.52227854652844e-05, 0 
2762286, 3, 1.57830773844284e-05, 23070.0809612876 
2764325, 1, 1.66466906379012e-05, 0 
2764326, 9, 1.74901617839965e-05, 7789.14962188474 
2778053, 3, 1.51708234722981e-05, 4009.23508963981 
2782231, 7, 1.75112947851364e-05, 53.6491122674672 
2890406, 1, 1.46327187591454e-05, 0 
290335, 1, 1.31249097662454e-05, 0 
2908211, 4, 1.82555040344664e-05, 24230.0134360378 
2931922, 10, 1.80245133381399e-05, 8286.00439434098 
2983215, 4, 1.53560295450008e-05, 7979.27888038981 
33936, 1, 1.70668851227962e-05, 0 
54005, 4, 1.71106890474479e-05, 31427.8741584582 
856, 2, 1.50734074944982e-05, 0 
157687, 2, 1.68984571708603e-05, 7674 
1977865, 1, 1.55397740516853e-05, 0 
2066483, 1, 1.55195157911073e-05, 0 
2148, 6, 1.74231204808781e-05, 7756.42015303668 
2319, 2, 1.47208196552384e-05, 23016 
2575699, 33, 1.88274277968144e-05, 16429.919770305 
2594042, 2, 1.66223404255319e-05, 4.22089854931181 
2773709, 1, 1.56816007778074e-05, 0 
2864103, 2, 1.24553165518702e-05, 15346 
3072978, 1, 1.40171850688945e-05, 0 
511435, 16, 1.87606701311371e-05, 20013.8487063662 
59195, 1, 1.67799312022821e-05, 0 
658641, 1, 1.54576229267463e-05, 0 
68288, 11, 1.74049255939431e-05, 26951.372533263 
70255, 3, 1.67717697571448e-05, 3798.38307660752 
1076626, 1, 1.55530670648252e-05, 0 
1309, 3, 1.72292000482418e-05, 39.5477934298909 
1388755, 1, 1.23239219649261e-05, 0 
1452732, 3, 1.69428348751313e-05, 229.896362455695 
155085, 1, 1.26534227508541e-05, 0 
1749074, 3, 1.78393035535893e-05, 110.241540850679 
176102, 4, 1.68219897049423e-05, 35109.2635584409 
1965231, 1, 1.70163527149591e-05, 0 
2726954, 6, 1.7201341704653e-05, 46086.9806120412 
2787629, 1, 1.60122974444373e-05, 0 
2795384, 1, 1.522324894579e-05, 0 
28035, 1, 1.52755713063669e-05, 0 
28038, 1, 1.40910564064988e-05, 0 
28197, 7, 1.86866988077886e-05, 1902.52785806338 
2879107, 15, 1.87378204167291e-05, 2407.89782241712 
2969821, 1, 1.75281765437941e-05, 0 
377315, 1, 1.76435301175059e-05, 0 
431057, 5, 1.95936281521249e-05, 488.336630343411 
45056, 4, 1.96521568242115e-05, 2.31844621567109 
46867, 3, 1.57850704803397e-05, 38.1086807148451 
1354, 10, 1.95825010770376e-05, 98.8763790755615 
182773, 9, 1.74486573258188e-05, 23882.5603328388 
185007, 1, 1.72431630858365e-05, 0 
2016373, 3, 1.65939299404278e-05, 53688 
203804, 19, 1.92359481398838e-05, 52284.6991549338 
238836, 15, 1.98141433355129e-05, 12181.6751462274 
2483368, 4, 1.88707729468599e-05, 15415.9790817012 
265570, 6, 1.66259331304969e-05, 58420.7977530353 
2705458, 1, 1.59606729019695e-05, 0 
2781243, 116, 1.98747888303687e-05, 58958.0239560633 
2785025, 4, 1.74298014745612e-05, 28671.2375414841 
2816908, 1, 1.60670961937049e-05, 0 
2886360, 2, 1.63116171337226e-05, 9.15671539824178 
29466, 3, 1.66311868014902e-05, 778.242159704846 
3070996, 2, 1.76177304839591e-05, 455.060751100673 
33047, 2, 1.89519567895385e-05, 84.2233850926963 
401469, 6, 1.69811000356603e-05, 2940.51288592083 
43305, 1, 1.66727800193404e-05, 0 
572511, 1, 1.60743276912443e-05, 0 
89152, 7, 1.83415564644816e-05, 1809.24334795554 
1286, 1, 1.72431630858365e-05, 0 
1302659, 2, 1.64880461665293e-05, 7674 
1644130, 75, 1.94912776532502e-05, 15904.0332981069 
2059264, 4, 1.82448458310527e-05, 19664.3634459409 
227388, 1, 1.41928524794913e-05, 0 
2652177, 36, 1.96390345450618e-05, 17330.6865674811 
283734, 2, 1.64842410655413e-05, 7674 
29521, 4, 1.79781744961617e-05, 46084.5910588948 
2972483, 1, 1.83314696339206e-05, 0 
33959, 3, 1.79124796245544e-05, 5377.49726076997 
341027, 49, 1.88889518520617e-05, 50047.6818062966 
656519, 3, 1.88700607615957e-05, 27398.5737875024 
66219, 4, 1.8658805090122e-05, 17384.678439741 
718192, 2, 1.70753363841268e-05, 21.6848910653221 
731, 46, 1.9872813990461e-05, 22221.9956334336 
883811, 1, 1.86133085155886e-05, 0 
983548, 22, 1.91916477948797e-05, 69956.9843686579 
1679002, 2, 1.55894365977614e-05, 7674 
2108365, 4, 1.88718413255581e-05, 0.370540441717658 
217159, 5, 1.66866906955013e-05, 8446.98167234212 
2594883, 7, 1.92455735180908e-05, 26160.8016549054 
2714926, 26, 1.87828700225394e-05, 136875.599845785 
2738844, 51, 1.96374918995346e-05, 30545.8750398073 
2763022, 84, 1.98961421380394e-05, 64836.3724803181 
2778068, 2, 1.77075770722292e-05, 7674 
2785746, 1, 1.46442901912544e-05, 0 
2843733, 2, 1.68973150166439e-05, 15.0360537496744 
2864211, 1, 1.46455770357352e-05, 0 
2925411, 2, 1.66303570537659e-05, 2277.29202664201 
3031803, 2, 1.46748062925569e-05, 15346 
388640, 1, 1.47436086456521e-05, 0 
444, 3, 1.7660979831161e-05, 7677.93289790007 
461876, 6, 1.86560202977501e-05, 97.2662289498754 
470565, 11, 1.92815687484334e-05, 77.755743869922 
784, 4, 1.74249420620676e-05, 7695.69911154311 
83816, 2, 1.55306030533166e-05, 0 
1218, 2, 1.87055742611298e-05, 2.19897564031116 
1526927, 5, 1.71585449553878e-05, 44.0118564037945 
2029986, 1, 1.47856815459909e-05, 0 
2331, 3, 1.73265182361604e-05, 192.573667617426 
2545799, 4, 1.88757597493299e-05, 15368.9964872641 
2689569, 11, 1.957215274108e-05, 21538.2963094851 
2991940, 1, 1.3226288571164e-05, 0 
3018314, 41, 1.93191916850199e-05, 37236.7142943784 
3036714, 14, 1.87860457252353e-05, 1478.46179487683 
3057550, 2, 1.71438367906738e-05, 7198.83778334005 
313590, 28, 1.77072635194957e-05, 47092.7047414157 
327575, 13, 1.95262921523832e-05, 13.4807318707031 
45610, 5, 1.90574200064795e-05, 2305.61294141 
483, 1, 1.37515642404323e-05, 0 
726, 1, 1.59555796662093e-05, 0 
746691, 1, 1.74978127734033e-05, 0 
143222, 72, 1.90799641296674e-05, 76454.6550570385 
150247, 3, 1.67436876297636e-05, 16.0286637481759 
1563703, 1, 1.71600171600172e-05, 0 
1776742, 1, 1.55899226739835e-05, 0 
186490, 11, 2.00052013523516e-05, 43291.0562243231 
197, 2, 1.69428348751313e-05, 7674 
28125, 7, 1.89039490349534e-05, 7879.33083056483 
292691, 38, 1.89318642206698e-05, 45197.3121327138 
2998077, 1, 1.89053785802061e-05, 0 
34020, 19, 1.86730902096988e-05, 5458.25496611704 
42858, 2, 1.75395516890588e-05, 507.871528040619 
516075, 2, 1.573192794777e-05, 0 
652716, 18, 1.90501590688282e-05, 3696.08906996708 
953, 21, 1.94246421009693e-05, 7676.74916045338 
1173280, 18, 1.99119890085821e-05, 58546.7078351681 
1283, 1, 1.86219739292365e-05, 0 
140, 26, 1.70905113480995e-05, 4432.93469752984 
1577791, 2, 1.47464350493268e-05, 30684 
1705394, 11, 1.87638383307689e-05, 142.341667176501 
172045, 3, 1.70805862057186e-05, 12.6124162145158 
1849015, 3, 1.89472886429952e-05, 1.37701345624402 
188710, 2, 1.69428348751313e-05, 7674 
2008440, 1, 1.20084058841189e-05, 0 
206, 1, 1.72446498473849e-05, 0 
2487276, 2, 1.76762766690824e-05, 0 
2714110, 2, 1.8507551080841e-05, 0.51234560583025 
2806552, 1, 1.7562963223155e-05, 0 
28196, 2, 1.74203888230785e-05, 15814.1622166599 
2904119, 3, 1.84576765476762e-05, 7359.70066490609 
66821, 1, 1.51954899785744e-05, 0 
1247, 2, 1.73028342042427e-05, 113.227654219651 
1542, 4, 1.70439050995364e-05, 6742.69679787282 
1609531, 1, 1.34705533703325e-05, 0 
2931400, 16, 1.78667143112382e-05, 10309.9379148709 
3059076, 68, 1.92711645564741e-05, 45268.362370881 
33039, 1, 1.46361454247409e-05, 0 
337479, 9, 1.7190105375346e-05, 64568.0919384821 
64895, 5, 1.73855595542343e-05, 15350.2931187752 
118060, 8, 1.78284899269032e-05, 1322.0983369591 
1288, 3, 1.72197062318117e-05, 14.2466314491898 
158847, 6, 1.68191603875135e-05, 38493.2243318292 
2487928, 2, 1.51256182596464e-05, 15346 
2565914, 1, 1.6260426998813e-05, 0 
256818, 2, 1.72363272833825e-05, 7674 
2762563, 7, 1.74298014745612e-05, 1781.09050772205 
2779363, 2, 1.52432053412192e-05, 7674 
2781599, 2, 1.26966391996039e-05, 7674 
2864210, 1, 1.71417796595643e-05, 0 
2930213, 1, 1.69050275551949e-05, 0 
3023090, 3, 1.761431691679e-05, 7678.17137693673 
3035453, 1, 1.43441153266872e-05, 0 
326319, 33, 1.94677516693597e-05, 776.204671941623 
326320, 17, 1.77645136076174e-05, 17028.2967104745 
603050, 25, 1.79115171054988e-05, 50639.1845596686 
28133, 2, 1.73662365628745e-05, 15346 
2924031, 4, 1.874941408081e-05, 379.094256443202 
333962, 34, 2.00525376486394e-05, 621.825656195619 
658642, 8, 2.00348606575441e-05, 35820.7148500554 
90736, 5, 2.08294278156179e-05, 557.705239169859 
104270, 15, 2.01097995052989e-05, 13642.1594100269 
1254, 1, 1.55168668342488e-05, 0 
2360, 1, 1.51636920557417e-05, 0 
2711221, 3, 1.84597208890202e-05, 7674 
2769490, 1, 1.42539483436912e-05, 0 
2845589, 3, 1.75620378988778e-05, 17.4681959170415 
2861799, 5, 2.00509293605759e-05, 32986.4097417708 
2898725, 3, 1.92027037406867e-05, 0 
39152, 134, 2.0025231792058e-05, 29883.05084536 
433286, 9, 2.00116067319045e-05, 5.102887732611 
81947, 2, 1.83870849115581e-05, 8.6659740016774 
86663, 65, 2.00912141120688e-05, 4952.06995639712 
1073986, 3, 1.53966958690665e-05, 30834.0385193202 
1336795, 21, 2.11514869495326e-05, 16354.8504333981 
1336804, 153, 2.15104648411452e-05, 23182.5660966968 
1486034, 170, 2.02281738004693e-05, 28661.3462106382 
1706371, 2, 1.90168298944566e-05, 0 
1878942, 5, 1.98657078151695e-05, 23.9751642354099 
2026191, 1, 1.68270848758161e-05, 0 
2507159, 11, 2.11671570391381e-05, 123363.316783056 
2740837, 1, 1.46442901912544e-05, 0 
3015170, 134, 2.03487780558777e-05, 12651.7490421099 
3028318, 187, 2.01836714098294e-05, 47359.2598504618 
52584, 12, 1.94155907193476e-05, 19687.0166374435 
689, 2, 1.73160173160173e-05, 1.07279566498316 
983544, 102, 2.00208216545207e-05, 36316.2373414302 
1348613, 19, 1.9931833130693e-05, 382.009592048464 
1387555, 4, 1.92078675425454e-05, 60.4187813964243 
1826170, 3, 1.55306030533166e-05, 17.7428754682022 
2026186, 11, 1.76261148517644e-05, 66127.871952579 
2054173, 9, 1.98961421380394e-05, 475.818457169705 
2234, 1, 1.67678325899594e-05, 0 
237258, 4, 1.76787766286573e-05, 18.2963430623639 
2576922, 36, 2.02171319976548e-05, 8326.8708618545 
2597770, 1, 1.47924617614863e-05, 0 
2795386, 7, 1.84822385687354e-05, 22578.1157544758 
2798861, 1, 1.89483657034581e-05, 0 
28189, 54, 1.98428446702119e-05, 25552.106442815 
2822137, 4, 1.8895376301419e-05, 6638.29817984404 
2856608, 1, 1.71989749410935e-05, 0 
2884482, 104, 2.15531176584693e-05, 21107.5310810176 
2918755, 1, 1.9001292087862e-05, 0 
3050072, 10, 1.98015880873646e-05, 1820.53189301456 
46126, 2, 1.81662942576344e-05, 7674 
51665, 3, 1.57042574241877e-05, 17.30250280831 
58049, 18, 1.94220012430081e-05, 14929.559155136 
90964, 3, 2.00144103754703e-05, 256.861624571599 
927786, 1, 1.77977112143378e-05, 0 
1348114, 5, 1.96259297784233e-05, 10672.3610401542 
171552, 29, 2.0033255203638e-05, 1608.12318682203 
172, 2, 1.84284240011794e-05, 20.8478753947948 
1763536, 121, 2.03881911596803e-05, 18719.0063691128 
1796613, 45, 2.12797650713936e-05, 116414.566897106 
198483, 5, 1.89562678899778e-05, 22364.2916762789 
2214, 1, 1.63575097327183e-05, 0 
28229, 19, 1.95986202571339e-05, 493.423748760571 
2923279, 1, 1.80280877607312e-05, 0 
29465, 1, 1.48964695367198e-05, 0 
2984846, 6, 2.03157060723645e-05, 7652.48960338261 
2985324, 1, 1.57124002262586e-05, 0 
336810, 111, 2.03607932565053e-05, 4500.7820764656 
33945, 2, 1.95579894386857e-05, 0 
446374, 2, 1.51973374264829e-05, 30684 
512649, 2, 1.75380136445746e-05, 7674 
577469, 5, 1.89828964103343e-05, 3431.59832699335 
865, 3, 1.96556333045051e-05, 7146.00987618416 
1028752, 5, 1.88896654640246e-05, 7914.17684877046 
1241978, 4, 1.76177304839591e-05, 7675.10266913848 
158846, 2, 1.13689332529929e-05, 7674 
1716543, 1, 1.62195477990074e-05, 0 
1855823, 3, 1.94250194250194e-05, 7684.99530894338 
1935446, 5, 1.96013093674657e-05, 86.9685120492544 
202956, 2, 1.97285353535354e-05, 110.650008742688 
2058137, 206, 2.04185809086269e-05, 13092.8040081479 
2518973, 1, 1.92307692307692e-05, 0 
2686358, 10, 1.91754554170662e-05, 18495.0318931791 
314282, 2, 1.71235808832343e-05, 1 
36845, 24, 2.01122262223205e-05, 32155.3531602273 
44008, 2, 1.96240040817929e-05, 2.35310303245817 
53346, 1, 1.39703827884884e-05, 0 
713887, 2, 1.5722528811534e-05, 7674 
104268, 120, 2.06360015683361e-05, 24616.5474770324 
1304, 8, 2.02827414153297e-05, 41608.9153107427 
133925, 1, 1.20084058841189e-05, 0 
2697033, 14, 2.06615839170231e-05, 40640.1558315887 
28137, 23, 1.91673694702139e-05, 39938.8740382017 
2886510, 39, 1.92426108374384e-05, 504.013394418122 
2927224, 3, 1.74849629318786e-05, 7708.88990591799 
2984951, 4, 1.77085177970604e-05, 7880.54512873416 
585, 35, 2.00678292629086e-05, 833.445910348404 
71998, 1, 1.3226288571164e-05, 0 
1186, 5, 1.91189966350566e-05, 47664.7887324684 
1449, 1, 1.37119664331062e-05, 0 
1775403, 3, 1.70663025855448e-05, 9.01435957767167 
1915309, 8, 1.94431482345621e-05, 7851.23450855816 
2320868, 1, 1.81656342531199e-05, 0 
2576932, 34, 2.00658158760735e-05, 410.07966853284 
2774015, 5, 1.78269007932971e-05, 11326.8624745935 
28258, 3, 1.65972349006655e-05, 92.8449557406751 
2831891, 2, 1.60681288663935e-05, 15346 
2864217, 1, 1.5535669898086e-05, 0 
2991500, 1, 1.89053785802061e-05, 0 
37734, 1, 1.46030169833088e-05, 0 
54077, 3, 1.65977858553669e-05, 30.6685897435897 
724, 15, 1.98290733874006e-05, 10570.3449204507 
1314, 3, 1.58808302498055e-05, 61348 
1363, 2, 1.74718266794793e-05, 83.7438973083662 
1427364, 3, 1.85456501177649e-05, 64.6058373158184 
1497, 1, 1.53657037492317e-05, 0 
1561, 12, 1.95427008012507e-05, 4286.6613338666 
1633, 4, 1.57042574241877e-05, 39.7914899741117 
1646498, 1, 1.3737207225771e-05, 0 
1807141, 4, 1.85034416401451e-05, 15366.0203298776 
183417, 2, 1.6915894174166e-05, 7.41966481743978 
1906744, 13, 1.93644584729188e-05, 693.109644874233 
1925548, 24, 1.99904046057892e-05, 18299.5702064616 
2039240, 2, 1.5927624872579e-05, 7674 
2161872, 5, 1.92871470452091e-05, 36.146326573055 
2283194, 1, 1.76472664384287e-05, 0 
242600, 23, 1.90905272803635e-05, 535.082517447907 
2714927, 91, 1.93109840877491e-05, 12124.803511915 
2777367, 11, 1.96498398538052e-05, 7674.42300216537 
2930219, 21, 1.96166898797497e-05, 69465.427938697 
320912, 113, 1.98882281577534e-05, 70313.055281089 
810, 1, 1.92130341223486e-05, 0 
84022, 18, 1.92522428862963e-05, 57594.9379617204 
84590, 6, 1.90956309196456e-05, 277.664732228221 
109262, 3, 1.89071658158442e-05, 0.189147352887592 
1239415, 151, 2.00064020486556e-05, 31609.54515702 
135575, 2, 1.9361833952912e-05, 30.450094039312 
1427149, 1, 1.47446955957594e-05, 0 
1643951, 2, 1.46460060341545e-05, 7674 
1855910, 4, 1.8578727357176e-05, 7681.11476295986 
1891186, 3, 1.87136253906469e-05, 9.66427107788989 
3018315, 121, 1.97874824386093e-05, 83828.3634735567 
34087, 18, 1.92845434384341e-05, 2556.37507811648 
513223, 1, 1.40910564064988e-05, 0 
60480, 1, 1.40910564064988e-05, 0 
659, 1, 1.88590287600189e-05, 0 
884684, 2, 1.43047191268399e-05, 7674 
94122, 2, 1.6301778524037e-05, 38350 
1224749, 2, 1.33854473416502e-05, 7674 
1290, 40, 1.96865894952358e-05, 120345.54417483 
155866, 1, 1.8209297667389e-05, 0 
1607, 3, 1.65000165000165e-05, 23018 
196, 8, 1.91405876160398e-05, 2588.1527879338 
202951, 1, 1.64981109662944e-05, 0 
2173169, 8, 1.90175532016051e-05, 211.036287551755 
2303505, 10, 1.5547263681592e-05, 30943.7235378747 
2358479, 1, 1.76740897843761e-05, 0 
2570561, 90, 1.94039118286247e-05, 26701.1248228292 
2706014, 1, 1.40297711744321e-05, 0 
2813842, 4, 1.77828360066863e-05, 16791.4431042486 
28187, 2, 1.86428038777032e-05, 12.3114382918935 
2908650, 6, 1.92600296604457e-05, 22508.5442194992 
2912187, 1, 1.76003660876146e-05, 0 
2970966, 1, 1.54402001049934e-05, 0 
3047867, 1, 1.83170311755871e-05, 0 
313598, 138, 2.03012708595558e-05, 78796.9411480613 
326329, 56, 1.99788224482049e-05, 1645.8205532413 
53345, 2, 1.71606061126079e-05, 7674 
1260, 6, 2.11063973490365e-05, 24675.4710713283 
1492, 23, 1.88175078092657e-05, 32538.5049237341 
169679, 23, 1.91567211356104e-05, 20756.5958400947 
1816219, 9, 1.90132141838578e-05, 7686.5556269874 
2023057, 8, 1.66975571473893e-05, 31202.6574190637 
2651284, 59, 2.04825693334972e-05, 15716.7062207879 
2777185, 4, 2.00565594977838e-05, 404.727763039642 
28135, 5, 2.12350293043404e-05, 14.7278320226756 
2836161, 3, 1.83644610948892e-05, 1224.12098508875 
2968490, 132, 2.03033317767446e-05, 2744.23586210713 
2980027, 2, 1.74252456959643e-05, 0 
3002900, 41, 1.93877353186374e-05, 58015.8064505652 
314281, 34, 2.13730016243481e-05, 491.222265056955 
459529, 83, 1.99505227036948e-05, 44876.7587597874 
66969, 8, 2.15740421125302e-05, 12470.6067796142 
91844, 3, 1.93911188675587e-05, 9.74196086541314 
1173263, 7, 2.13853424862599e-05, 2194.73816718308 
1358, 33, 2.01950845164287e-05, 164.351170431983 
1501392, 41, 2.2242982339072e-05, 7531.21248200025 
1513297, 1, 1.70750448219927e-05, 0 
2077090, 4, 2.0994730322689e-05, 27992.1211716856 
2081041, 6, 2.12458570578737e-05, 51512.4224242183 
2487742, 1, 1.87272931570471e-05, 0 
2497989, 194, 2.19500417050792e-05, 30337.0966878361 
2650158, 69, 2.18842324105482e-05, 13390.6870782398 
2808963, 53, 2.17807980484405e-05, 7579.46766278191 
28116, 200, 2.21483942414175e-05, 5612.80957154836 
2932256, 3, 1.61183733337632e-05, 15347 
3015168, 194, 2.04574280921403e-05, 44069.0042880223 
33024, 3, 2.08768267223382e-05, 2377.25154844166 
363408, 129, 2.14818156430581e-05, 19156.7925310017 
367791, 133, 2.13771136621133e-05, 6574.84601070538 
417574, 12, 2.1906764808973e-05, 45.7244484993218 
449, 84, 2.14808927459025e-05, 25118.9728673173 
70863, 1, 1.61691944507325e-05, 0 
77095, 281, 2.23708641864835e-05, 22568.8025457375 
86106, 1, 1.77869479376034e-05, 0 
92793, 121, 2.03338823481567e-05, 9357.09990868564 
1743168, 11, 2.02523442088422e-05, 7984.43906656133 
1759089, 8, 1.93221779959037e-05, 26417.3163492648 
1807358, 3, 1.87055742611298e-05, 7684.91997931836 
2086577, 30, 2.00545483715707e-05, 8990.38345285807 
2099583, 4, 1.94457948468644e-05, 1834.51887964231 
2169583, 1, 1.95897898015554e-05, 0 
2560784, 1, 1.34818130342168e-05, 0 
2686362, 202, 2.22162978761219e-05, 53203.974662126 
28124, 11, 2.00879853759466e-05, 136.799460069636 
2822842, 3, 1.93772162691108e-05, 3.83197515264904 
2898187, 153, 2.1620219229023e-05, 29808.3201420536 
347209, 3, 1.73040318394186e-05, 7674 
589436, 9, 2.11407551477739e-05, 4335.2799950815 
85026, 1, 1.60864809214336e-05, 0 
1191912, 249, 2.17518978530877e-05, 45260.6488099035 
1936080, 230, 2.1749059353183e-05, 34574.1085725074 
1983719, 4, 1.90334798911285e-05, 3.56218485375474 
2057808, 152, 2.03326420235045e-05, 8848.78151333169 
2686366, 237, 2.20337115787154e-05, 22751.0910968942 
2779362, 141, 1.99832141001559e-05, 18779.1488673309 
290110, 1, 1.87663032259275e-05, 0 
2946797, 1, 1.62195477990074e-05, 0 
2982615, 2, 1.83897899885983e-05, 4.00098619329389 
3047468, 1, 1.6893889480175e-05, 0 
40216, 133, 2.20541208124738e-05, 9256.3202942316 
702745, 123, 2.02326757713708e-05, 642.305107062477 
748770, 3, 2.04064974287813e-05, 7674 
846, 15, 1.70433241299383e-05, 11592.9501615605 
116092, 2, 1.65922779538403e-05, 11.7085088120938 
1585976, 169, 2.16211541372078e-05, 5744.1373949156 
1738770, 6, 1.95118144036214e-05, 539.250667811778 
1756150, 140, 2.04077467806779e-05, 2138.09129514256 
186823, 1, 1.62773663221291e-05, 0 
2071621, 4, 1.81884321571481e-05, 23019 
212667, 2, 2.00843542880096e-05, 7383.69874880609 
260554, 5, 1.94333242644487e-05, 7695.25890357254 
265668, 6, 2.17372402399791e-05, 648.224431101894 
2686361, 164, 2.04574280921403e-05, 23054.3360664705 
2751, 14, 2.11653649967194e-05, 12759.2711946144 
2994078, 1, 1.73916068105532e-05, 0 
3020715, 1, 1.42013178822995e-05, 0 
3024411, 10, 2.15749730312837e-05, 65712.8513971131 
3059077, 180, 2.06342983306853e-05, 52250.091594192 
416916, 1, 1.88480096501809e-05, 0 
435912, 2, 2.1226014603498e-05, 8587.06473903144 
71667, 5, 2.15364072965348e-05, 15196.9108555075 
728, 1, 1.62085062240664e-05, 0 
74109, 20, 2.16933856867041e-05, 37499.3020215622 
1218315, 4, 1.91102277939153e-05, 229.530410132066 
1679449, 3, 1.91596574253252e-05, 939.253468986214 
1942464, 244, 2.15796288303841e-05, 64995.5375267449 
2213226, 62, 2.12603112509567e-05, 38348.3428650828 
3045147, 10, 2.12156571549804e-05, 4929.77474998356 
349064, 80, 2.02355417054515e-05, 10363.0861674644 
360422, 1, 1.9016106642326e-05, 0 
744515, 3, 1.79121587733754e-05, 15347 
754397, 227, 2.05014658548086e-05, 30464.9906559892 
940, 3, 1.85253797702853e-05, 15347 
104267, 99, 2.13128729752771e-05, 11241.0902088834 
1413, 43, 2.03029195598327e-05, 15225.4872487927 
1456591, 6, 2.13378854155553e-05, 26085.2580229704 
158849, 41, 2.01272039288302e-05, 10369.073670589 
158850, 48, 2.00726630402055e-05, 248.267948723367 
1751286, 4, 1.94741966893866e-05, 33514.3501877464 
1816218, 5, 1.88900222902263e-05, 46325.528609863 
2779527, 20, 1.9476093095725e-05, 462.914839995869 
2801997, 60, 2.01551950015116e-05, 4754.08365790427 
3067275, 1, 1.69187561330491e-05, 0 
69965, 72, 2.13972397560715e-05, 1851.8977645671 
76594, 165, 2.14633727543946e-05, 35461.4152056432 
780, 3, 1.84726789078952e-05, 6328.94684603753 
1084719, 1, 1.79368979928611e-05, 0 
1216932, 3, 1.67073211481271e-05, 21.5170367521952 
1249480, 1, 1.95752177742977e-05, 0 
1408281, 2, 1.41560849931343e-05, 7674 
1421, 2, 1.75882932320248e-05, 527.019749009832 
1855617, 24, 2.1439444289604e-05, 31886.8925292291 
186814, 3, 1.92864030858245e-05, 1282.35001189242 
230361, 7, 1.57067240485652e-05, 7700.77602941754 
233055, 1, 2.00404817731818e-05, 0 
2493639, 2, 1.66956057165754e-05, 81.2482814344626 
2682541, 8, 1.90338421713807e-05, 758.77728539127 
2778054, 2, 1.86873972193153e-05, 10718.0393063043 
2808900, 231, 2.15605528125741e-05, 36644.3857337159 
2828656, 2, 1.37608366588689e-05, 7674 
2929796, 137, 2.03314018501576e-05, 27081.6945426133 
2932492, 51, 1.96174595389897e-05, 8946.9312433543 
3070995, 3, 1.70981089491502e-05, 7674 
491950, 2, 1.72756327200484e-05, 38350 
71452, 4, 1.64983831584505e-05, 15351.9684527972 
75985, 15, 2.17051571453377e-05, 8590.026173456 
83552, 1, 1.2768945923514e-05, 0 
1166, 3, 1.8820695236482e-05, 25765.3827000151 
1200300, 2, 1.75155888740979e-05, 7674 
1509, 33, 2.01661692344922e-05, 3555.20520265712 
151276, 176, 2.04473888684415e-05, 29898.0269004883 
160233, 7, 1.90103226051746e-05, 136674.17061503 
1758374, 4, 1.78791725518943e-05, 15838.6258888392 
1850252, 178, 2.15717151670729e-05, 24349.1179164575 
28253, 6, 2.15174075827344e-05, 4777.00363771337 
2855841, 143, 2.00920214582789e-05, 7530.67849135022 
2918526, 100, 2.03915171288744e-05, 4291.78529367186 
2924032, 64, 2.05634382068682e-05, 43729.5307851468 
3057057, 1, 1.79720355127422e-05, 0 
375929, 6, 2.029879831114e-05, 9099.16164316678 
54120, 4, 1.92440920637364e-05, 15430.4511391492 
754417, 215, 2.15880143344415e-05, 75885.8016136778 
1166130, 1, 1.89681335356601e-05, 0 
1232667, 25, 1.97382705327359e-05, 29511.3829431471 
1677857, 7, 2.0198347775152e-05, 57318.3829075638 
1886807, 1, 1.808154778049e-05, 0 
2055892, 1, 1.61864681126578e-05, 0 
2653681, 216, 2.05044084478163e-05, 10401.3928486971 
2773454, 2, 1.83361754405266e-05, 7674 
2884834, 2, 1.75494015654066e-05, 14.4119257789275 
3047542, 91, 2.01926377642711e-05, 489.055280483601 
33952, 1, 1.36041465438666e-05, 0 
676208, 2, 1.85270958777212e-05, 0.596734206191012 
75984, 2, 1.89501610763691e-05, 6456.10976230904 
1278232, 4, 1.64701231965215e-05, 5835.43624404666 
1328770, 5, 1.8629259114365e-05, 47983.9802397095 
154288, 5, 1.55414646276265e-05, 7734.07144063107 
1587, 8, 1.57067240485652e-05, 9665.34064547311 
1855336, 76, 2.13324231499456e-05, 10089.0085417197 
1892259, 2, 1.36045166995442e-05, 7674 
2083055, 3, 1.74197819043306e-05, 8802.58628690639 
2282309, 1, 1.85559740958602e-05, 0 
2447890, 1, 1.65488937064557e-05, 0 
2676247, 12, 2.14132762312634e-05, 9247.14854236358 
2831673, 5, 1.96641365477642e-05, 6239.74620519466 
2836091, 4, 1.73786104063119e-05, 15384.6963400623 
291112, 6, 2.07168013258753e-05, 12987.4996241105 
2975055, 5, 1.93203114434205e-05, 7695.25866328002 
3035694, 8, 1.90255132132189e-05, 10153.6316685044 
3070661, 1, 1.84063759686355e-05, 0 
415095, 2, 1.53244962071872e-05, 7674 
779, 19, 2.01057562780224e-05, 75540.387500241 
795750, 1, 1.55891935710166e-05, 0 
1184387, 4, 1.98629456748436e-05, 15421.2037508508 
2583805, 1, 1.76282898795988e-05, 0 
2598455, 1, 1.67678325899594e-05, 0 
2654238, 2, 1.60046093274863e-05, 7674 
348824, 72, 2.02757502027575e-05, 4530.83326481496 
641107, 3, 1.9061779226473e-05, 13145.7657953307 
1173288, 1, 1.65488937064557e-05, 0 
2132, 11, 1.97624552874449e-05, 23113.0257623389 
2267253, 1, 1.66016435627127e-05, 0 
2282310, 2, 1.64298036638462e-05, 7674 
247523, 2, 1.83816771442226e-05, 58.1001932196566 
2560220, 1, 1.34818130342168e-05, 0 
2576928, 1, 1.53734991621443e-05, 0 
2586643, 1, 1.51148730350665e-05, 0 
263, 1, 1.61864681126578e-05, 0 
2702, 2, 1.80952897960661e-05, 15.1502437337301 
2749995, 258, 2.21493753876141e-05, 35039.7274638287 
2795691, 2, 1.3770880096947e-05, 23016 
1380604, 1, 1.73587001805305e-05, 0 
1515, 58, 2.24079593071459e-05, 218.568592989612 
1637, 75, 2.22266675557334e-05, 790.03082133328 
1740262, 1, 1.76653476540418e-05, 0 
1912795, 2, 1.59382869529183e-05, 7674 
2069432, 266, 2.21931245700082e-05, 14141.6197455308 
2596949, 3, 2.04913833732915e-05, 20898.2724761544 
2803751, 12, 2.17831703226088e-05, 2847.8348701941 
298657, 4, 1.98047254074822e-05, 0 
343874, 277, 2.26403133419367e-05, 30369.7540692084 
389348, 3, 1.85109770093666e-05, 7674 
39491, 2, 1.64460159526355e-05, 7674 
1336794, 238, 2.24542494667116e-05, 9367.06754337409 
1803865, 2, 1.74584053492554e-05, 1887.05112826096 
2562892, 251, 2.22449615162166e-05, 11549.5658647153 
2767188, 186, 2.25596137794121e-05, 24209.9366298537 
2845590, 2, 1.50375939849624e-05, 7674 
2942275, 9, 2.13260540402209e-05, 11168.3270693129 
3035470, 2, 2.11649170335252e-05, 15346 
444051, 117, 2.03549910438039e-05, 24517.273635462 
450, 14, 2.1997360316762e-05, 523.669836022957 
45495, 84, 2.27551995631002e-05, 7476.77403502089 
996801, 223, 2.20896841175171e-05, 86110.4261300238 
1099853, 111, 2.2535719114797e-05, 3771.04280760578 
1577685, 3, 1.86382867686802e-05, 2786.33071606048 
1908341, 151, 2.24356097998744e-05, 20924.2335612208 
2529032, 261, 2.21872157262985e-05, 17129.1663334221 
2708020, 79, 2.23763705526964e-05, 502.286451418521 
2719313, 2, 2.07641196013289e-05, 15346 
28152, 3, 1.96336363457876e-05, 28761.3105777651 
2880989, 5, 1.95625806956454e-05, 15433.1746333846 
2912675, 3, 2.05579425611085e-05, 15419.652391554 
29483, 2, 1.93479732997968e-05, 7674 
29497, 4, 2.15262081584329e-05, 2973.99595062264 
433296, 5, 2.23249168396848e-05, 44387.4893026214 
914150, 1, 1.45902332978304e-05, 0 
96230, 2, 1.93345062933818e-05, 0 
979, 217, 2.210433244916e-05, 32710.1342542786 
1014, 273, 2.24270560003588e-05, 75991.8909209909 
107401, 249, 2.21724573734507e-05, 43197.9281741251 
1352, 5, 2.11081794195251e-05, 23019.4703726609 
1382466, 331, 2.25311493139265e-05, 35285.5142032008 
1505, 2, 1.72914649329091e-05, 5.79586811951591 
1510, 5, 2.08398457851412e-05, 19589.5050945053 
163877, 15, 2.02798620969377e-05, 15911.5696640349 
1848904, 277, 2.21758992327139e-05, 44711.3674153226 
1855652, 3, 1.89605809522004e-05, 6.30861523897806 
2224, 3, 1.93655834850304e-05, 10214.2183125531 
2587848, 3, 2.14592274678112e-05, 11696.2891587004 
2714855, 6, 2.18388294387421e-05, 16528.6290437181 
2767881, 8, 2.1871787581199e-05, 4426.57834020867 
2777186, 267, 2.21818020495985e-05, 12223.4201629344 
2830782, 297, 2.22241977064628e-05, 24286.9773339366 
2864205, 2, 2.02285829877617e-05, 0 
2895484, 2, 2.12219604847096e-05, 8887.89023769088 
2929494, 2, 1.82083029861617e-05, 7674 
313588, 236, 2.19920388819247e-05, 14914.3002352597 
31909, 1, 2.00932325992606e-05, 0 
49899, 2, 1.70747532698152e-05, 26166.0497522006 
53442, 1, 1.65201876693319e-05, 0 
57029, 183, 2.22019937390378e-05, 18801.6591505188 
996, 283, 2.22459512368749e-05, 61914.7987074102 
1050657, 7, 2.09183139838929e-05, 7614.84021399241 
1798225, 111, 2.22286438304399e-05, 1370.46426099005 
191393, 2, 1.98381209331852e-05, 15.1570037909752 
2083053, 9, 2.16010714131421e-05, 38.8089774079382 
255519, 8, 2.2535719114797e-05, 19101.8618887116 
2662262, 2, 1.36576571654898e-05, 23016 
2697030, 7, 2.1076592336551e-05, 48345.6065247565 
2719912, 343, 2.26603217765692e-05, 39064.6895853989 
2904120, 2, 1.79108754835936e-05, 7674 
2929510, 133, 2.19423355421951e-05, 5528.74925477074 
32052, 1, 1.78772547687577e-05, 0 
86102, 2, 1.74907736169171e-05, 50.0940866322982 
1312072, 136, 2.15610176800345e-05, 23792.4959145084 
1424294, 2, 1.89872215998633e-05, 424.911306431912 
1867846, 32, 2.1746221593998e-05, 399.289211644017 
1918945, 4, 2.27629692017027e-05, 56525.1814227386 
1982746, 3, 1.25536669261091e-05, 15347 
199441, 1, 1.90799641296674e-05, 0 
2058134, 241, 2.21160651096957e-05, 18156.8524667689 
2070537, 25, 2.20999359101859e-05, 7721.89874772946 
256326, 2, 2.05102961686767e-05, 75.6928404094055 
2576917, 2, 2.08008320332813e-05, 11.1633323756912 
2593652, 1, 1.04566415358715e-05, 0 
2728853, 5, 1.93042739662561e-05, 9577.8059270881 
2731377, 1, 1.73771004570177e-05, 0 
2777984, 1, 1.71171325379572e-05, 0 
2871165, 162, 2.19264586576622e-05, 8790.70030077827 
2963092, 6, 2.16370599562931e-05, 9673.00516587714 
336261, 5, 2.02347227842979e-05, 15352.8610122004 
366522, 1, 1.57465436336724e-05, 0 
70346, 2, 1.83921575840062e-05, 23016 
718, 11, 2.20147939415287e-05, 24.4487655353447 
138072, 2, 1.91497510532363e-05, 6916.24330283785 
1394889, 3, 1.85480580183255e-05, 7674 
142877, 14, 2.01527579049193e-05, 14335.5683432351 
1643685, 2, 1.75802538588657e-05, 4631.11393673119 
1868793, 5, 1.74901617839965e-05, 5010.14004027209 
1940690, 1, 1.76631634725779e-05, 0 
2092, 2, 2.03049808117931e-05, 7674 
2238, 3, 1.76385508166649e-05, 7981.75290812021 
256839, 84, 2.24840363342027e-05, 21161.6535022163 
2724150, 10, 1.67333210622312e-05, 442.701171025815 
2738126, 1, 1.64584670583782e-05, 0 
2818493, 30, 2.12607632614011e-05, 398.844026842861 
2827482, 1, 1.96467514096544e-05, 0 
34098, 32, 2.16980927376484e-05, 178.772936384854 
396811, 1, 1.71171325379572e-05, 0 
463, 1, 1.96792285742399e-05, 0 
713, 1, 1.7833895101029e-05, 0 
88431, 9, 2.36815307741492e-05, 42988.8947816859 
1216297, 41, 2.1746221593998e-05, 6823.6360981985 
1714848, 286, 2.21395678356358e-05, 40766.6578225384 
1855880, 1, 1.74782395917083e-05, 0 
190146, 3, 1.874625074985e-05, 7674 
2778370, 7, 1.87265917602996e-05, 251.958987035799 
2819096, 3, 2.03322286155786e-05, 0.536552217769499 
2890317, 2, 1.2362620381016e-05, 15346 
2995174, 1, 2.00469097688591e-05, 0 
3043330, 7, 2.00900032144005e-05, 8760.54444888901 
3070215, 3, 2.0185708518369e-05, 8758.07407227114 
311808, 51, 2.01637294834053e-05, 159.297457906984 
766, 1, 2.01118217288122e-05, 0 
96232, 20, 2.19327104443567e-05, 10419.785766324 
1229621, 5, 2.14215329248961e-05, 41736.4094315595 
1354726, 308, 2.23323953727277e-05, 27105.588485397 
2068655, 7, 2.02778059413971e-05, 12829.2106549899 
213483, 118, 2.18856692637661e-05, 9423.24074806227 
2696063, 10, 2.25728538859168e-05, 15824.1468873553 
2697010, 245, 2.2179834094841e-05, 26342.5465426521 
2806551, 221, 2.1726850041281e-05, 31516.0393006567 
2854261, 2, 1.94272836771963e-05, 45.9514219005692 
2916754, 207, 2.21136197784215e-05, 28950.3021023307 
320324, 125, 2.15225017756064e-05, 16612.0074742687 
59600, 227, 2.22246916324036e-05, 9111.94822330117 
111782, 3, 1.81448686311511e-05, 30688 
1241982, 203, 2.17103406352446e-05, 11666.2154665408 
1968788, 3, 1.79349678067328e-05, 8039.14992124484 
2254, 1, 1.63886066406634e-05, 0 
2590015, 6, 2.09226906580186e-05, 10357.2438627699 
28084, 78, 2.23929059274022e-05, 3383.29344090858 
3035472, 9, 2.15950072343274e-05, 7882.22502550502 
326544, 3, 2.10384583017756e-05, 8570.4063503906 
36839, 90, 2.2265764161026e-05, 16785.1121320534 
1004303, 64, 2.01118217288122e-05, 27278.6876621181 
13, 1, 1.98333994446648e-05, 0 
1789226, 3, 2.05208183702366e-05, 7676.6557674121 
1852970, 205, 2.20482857457833e-05, 13471.2764178934 
1888890, 147, 2.02946787352356e-05, 32444.8313999395 
2506430, 2, 1.87360650516179e-05, 6.3906235361419 
2594004, 69, 2.15160186759042e-05, 2432.07734001706 
2686359, 6, 2.00702458605118e-05, 21395.8322067762 
271098, 2, 1.94507118960554e-05, 10091.1027489469 
2843362, 2, 1.50375939849624e-05, 7674 
2845819, 190, 2.20167327168648e-05, 11700.2222022837 
501783, 120, 2.18641362572972e-05, 6480.91174624799 
543349, 2, 1.76248722196764e-05, 21.5234584517822 
1630141, 2, 1.91953316953317e-05, 3.92350101497254 
1779135, 1, 2.10362454509119e-05, 0 
2222, 2, 1.88729098252369e-05, 9116.820113598 
28169, 1, 1.78609702079017e-05, 0 
2864203, 3, 2.01045436268597e-05, 1787.58867070541 
2996794, 1, 1.9016106642326e-05, 0 
300231, 2, 1.94586600766671e-05, 4.3798317586891 
3003623, 57, 2.00396785635558e-05, 530.784252130183 
51173, 3, 1.66497394315779e-05, 40.386905088392 
668, 11, 2.18698742482231e-05, 7792.67020290055 
754409, 261, 2.21155760001769e-05, 22355.8571124021 
754423, 204, 2.16422109682725e-05, 21439.6330161893 
88233, 2, 1.93479732997968e-05, 7674 
1508404, 3, 1.92927285706017e-05, 1400.73481623176 
1617448, 3, 2.03736527922091e-05, 80.718314357927 
1855909, 8, 2.06058108386565e-05, 429.359278542486 
203, 1, 1.24464801354177e-05, 0 
2583851, 161, 2.19577532826841e-05, 2516.35954967502 
2820661, 64, 2.01361201723652e-05, 466.193150410911 
288965, 11, 2.03686729809553e-05, 9575.08549426369 
2965074, 1, 1.40171850688945e-05, 0 
3028315, 1, 1.53841420263992e-05, 0 
3064797, 3, 1.94103146412003e-05, 7674 
59, 4, 1.76121453354233e-05, 7692.90182682592 
1273541, 1, 1.74965881653078e-05, 0 
1462527, 3, 2.00056015684392e-05, 2292.77899888526 
1622118, 248, 2.21009127676973e-05, 17849.615727556 
1630406, 229, 2.21970655479346e-05, 15426.9771546095 
1727145, 4, 2.16211541372078e-05, 1655.86021123964 
1789224, 64, 2.2052661756274e-05, 58296.938937472 
2017483, 1, 1.74410492535231e-05, 0 
2066133, 1, 2.02044692285934e-05, 0 
2576926, 6, 2.17150550476645e-05, 19357.7998153846 
2663009, 62, 1.99036662553242e-05, 11890.7356234765 
2675331, 234, 2.20862689665835e-05, 15428.6090506695 
2937786, 98, 2.23903989969101e-05, 26559.2047886771 
328515, 284, 2.25591048547194e-05, 48000.1068679356 
351679, 6, 2.03861129798381e-05, 8300.24865096142 
704125, 3, 1.95301056578716e-05, 1897.74112461966 
76258, 4, 2.0351676978183e-05, 22562.8721467994 
1178825, 281, 2.210433244916e-05, 34705.006178027 
1191459, 54, 2.13931199726168e-05, 634.255060138584 
147268, 12, 2.15549759662018e-05, 13960.3030556581 
166486, 1, 1.82076399257128e-05, 0 
1854492, 2, 1.77198142963462e-05, 0 
1944646, 1, 1.58075275446167e-05, 0 
2283160, 181, 2.19375219375219e-05, 13495.9041478434 
2552945, 43, 2.20502304249079e-05, 8402.49832852363 
2663022, 25, 2.04114957544089e-05, 10468.3536173328 
2918453, 163, 2.0339258837408e-05, 14236.2960407341 
29394, 3, 1.57995354936565e-05, 15347 
499229, 1, 1.83972330561484e-05, 0 
105, 79, 2.19317483989824e-05, 465.533724237047 
1316596, 140, 2.13972397560715e-05, 10687.7694709653 
1536775, 2, 1.85391175380052e-05, 3635.56371092006 
1604, 15, 1.78479001945421e-05, 62031.769037739 
1774273, 198, 2.15628773503536e-05, 13796.1308528476 
2050, 1, 1.55419477168879e-05, 0 
248039, 2, 1.87994660951629e-05, 15346 
1871025, 4, 2.26188052747054e-05, 171.366647561733 
3032586, 339, 2.48533651456407e-05, 38578.6470482556 
38875, 126, 2.32115500673135e-05, 60133.2063599154 
485, 4, 2.12702599225763e-05, 15350.4687385079 
52694, 7, 2.28451328444475e-05, 8161.65888898633 
824, 7, 2.41050982282753e-05, 4109.43570078098 
1225337, 6, 2.03965081178102e-05, 18787.4891252137 
128574, 1, 1.75472459597466e-05, 0 
143223, 305, 2.35599010484156e-05, 7611.97734471015 
1531, 11, 2.31128368695974e-05, 23701.6650191569 
1784713, 156, 2.27972187393138e-05, 43727.2784306489 
1813611, 219, 2.25728538859168e-05, 15315.7452325896 
2107708, 25, 2.32812609130911e-05, 6503.85703920753 
2502791, 2, 1.96028463332876e-05, 33695.2180610949 
2564040, 8, 2.33437602128951e-05, 3322.98916191011 
28223, 4, 1.99358067024182e-05, 71.9348060288649 
294699, 10, 2.49010184516547e-05, 26839.8917945252 
475, 1, 1.65738530893662e-05, 0 
54291, 5, 2.22736992159658e-05, 4462.37111489306 
1238, 3, 2.32363602565294e-05, 38489.1977737842 
1444684, 4, 1.32770386892907e-05, 0.4 
1973475, 20, 2.41440919407021e-05, 120318.87169362 
247, 332, 2.33503012188857e-05, 42787.446840378 
2686077, 330, 2.53865096087939e-05, 77664.0330243688 
2730851, 1, 1.97021041847269e-05, 0 
2949996, 393, 2.53549695740365e-05, 160428.115236887 
2986827, 382, 2.35338416643133e-05, 17340.2497111545 
33070, 4, 2.34400637569734e-05, 13107.2712639931 
331648, 344, 2.53215841183024e-05, 62995.1688988022 
81416, 12, 2.34604105571848e-05, 9219.59312097203 
1871034, 3, 1.80095810971437e-05, 207.928352316876 
2508726, 12, 1.44502405965059e-05, 8607.26225579025 
28188, 322, 2.36010478865262e-05, 12170.7195585105 
2905121, 370, 2.53260731923515e-05, 71149.9641566379 
447237, 15, 2.14910489781006e-05, 1160.34757245342 
553239, 7, 2.42353739518201e-05, 31383.2687252981 
96345, 318, 2.32991612301957e-05, 18018.496609877 
1496, 151, 2.47985120892746e-05, 66111.2108036985 
166309, 5, 2.25998915205207e-05, 25658.0497739209 
232537, 2, 2.02101859337106e-05, 7674 
2352, 20, 2.48200546041201e-05, 1734.46312303043 
2572088, 209, 2.30292702024273e-05, 18070.2667565597 
263377, 31, 2.3608848596454e-05, 8580.01871710196 
46234, 21, 2.28399150355161e-05, 11954.0724623958 
48075, 5, 2.41540059418855e-05, 5751.86485361222 
59739, 323, 2.32942765962403e-05, 21478.6626993606 
935199, 1, 1.98949546395034e-05, 0 
992289, 230, 2.3028209556707e-05, 5634.336397299 
1535304, 3, 2.1377570652871e-05, 7529.34647124614 
1592897, 33, 2.23618596122454e-05, 13562.2701288704 
1855377, 2, 2.03132300067034e-05, 149.516622596757 
2496865, 363, 2.52416891738395e-05, 75616.2850293435 
2881052, 9, 2.5046335721084e-05, 24086.7679401332 
2933959, 8, 2.27603787327021e-05, 11148.1980962692 
3026433, 30, 2.27221086116792e-05, 20674.1396071143 
371601, 4, 2.22286438304399e-05, 14676.4254228833 
687, 14, 2.46111439259697e-05, 28922.9139171928 
869806, 5, 2.16896215161045e-05, 6323.34506508657 
1295642, 2, 2.23154512184236e-05, 678.323316701413 
182710, 7, 2.040108533774e-05, 40.671976862184 
2763669, 2, 1.42023263410547e-05, 7674 
2978283, 5, 2.11850941677436e-05, 20533.9218260471 
3040348, 256, 2.47445129042635e-05, 59950.8392678617 
65093, 6, 2.34560082565149e-05, 4161.83804306168 
871694, 354, 2.31948600190198e-05, 20069.5608402897 
1639, 112, 2.51705303430743e-05, 93241.2033872202 
2741553, 7, 1.47797812592374e-05, 10746.219059092 
2772557, 3, 1.96815524808597e-05, 198.622666983594 
2778078, 1, 1.60359204618345e-05, 0 
2852098, 261, 2.34494079024505e-05, 12713.6463435864 
2864204, 1, 2.21606648199446e-05, 0 
2929491, 9, 2.28039770135912e-05, 29489.5983669249 
390846, 318, 2.34857558890533e-05, 8263.89801607936 
490, 2, 1.52552974020229e-05, 30684 
54913, 10, 2.43955990339343e-05, 28190.5109841933 
1250205, 312, 2.46785617334222e-05, 130790.523424931 
1913577, 374, 2.32585184323759e-05, 16312.2678879004 
2048654, 45, 2.02118198722613e-05, 8116.64452738958 
2516559, 370, 2.53652597402597e-05, 70454.1088800142 
257984, 5, 2.08938384070538e-05, 7973.81853986874 
2584122, 373, 2.37135404315864e-05, 14557.4268048023 
2829795, 117, 2.32217913289831e-05, 2367.00678277815 
2895472, 48, 2.31889435117336e-05, 1347.88848395972 
343403, 306, 2.32110113037625e-05, 7978.73087226452 
442694, 3, 2.04327659835312e-05, 15347 
762210, 4, 2.2517451024544e-05, 23.8921529150796 
102106, 2, 1.83519911910442e-05, 7674 
1112103, 9, 2.4492995003429e-05, 20308.9882290529 
178606, 6, 2.21714741813183e-05, 5363.00512493393 
1858656, 1, 2.0082740892477e-05, 0 
2236, 16, 2.25947851235935e-05, 20507.9152366012 
2819290, 6, 2.22652684078107e-05, 15640.1280092556 
2831148, 32, 2.48003571251426e-05, 31516.7032743326 
2901381, 108, 2.24633286160343e-05, 8028.09809250555 
3019969, 1, 2.06808123423088e-05, 0 
727, 2, 1.82578371766081e-05, 1297.13851912543 
1055487, 1, 1.76631634725779e-05, 0 
1628059, 34, 2.23548610645385e-05, 26.7951800199736 
1874361, 5, 2.02437345641524e-05, 6448.66207423626 
2282170, 336, 2.52283162621727e-05, 54854.446061161 
28090, 3, 2.1136286777139e-05, 42594.1081820052 
2811781, 5, 2.34791387851894e-05, 55.5684679991028 
2856519, 293, 2.2740193291643e-05, 12420.4517757323 
2912188, 7, 2.39963525544117e-05, 34672.4315237822 
3042029, 9, 2.212829988272e-05, 3.41659831997396 
332186, 16, 2.37755587256301e-05, 8975.36220849806 
591197, 48, 2.4805893880386e-05, 29713.1625809135 
129577, 2, 1.82695118386437e-05, 15346 
1307839, 259, 2.35454780909326e-05, 8358.37898942385 
136073, 14, 2.34604105571848e-05, 2203.19997833617 
1400865, 7, 2.3084025854109e-05, 864.941471702747 
262, 41, 2.30234378597412e-05, 193.393674501611 
2846403, 2, 1.66675000416688e-05, 0 
2937774, 2, 1.92945897970209e-05, 1851.70779806969 
2986838, 331, 2.31315491198446e-05, 20942.5396684438 
40544, 6, 2.41849666247461e-05, 11738.1738382426 
76831, 361, 2.32304225613864e-05, 45382.2035290663 
1114861, 372, 2.31975503386842e-05, 33692.4135737421 
1709477, 7, 2.11649170335252e-05, 17513.7067564108 
2133944, 1, 1.75981979445305e-05, 0 
2912314, 2, 2.04235851561383e-05, 0 
2986951, 2, 1.70096955264501e-05, 7674 
379899, 377, 2.31620882938806e-05, 22667.2997310487 
669, 2, 2.01910069255154e-05, 7674 
79885, 4, 2.12747851246702e-05, 9064.66846790304 
859144, 160, 2.28712576904604e-05, 8174.50091185366 
1117707, 1, 2.02392276710721e-05, 0 
1336802, 250, 2.32531101034763e-05, 12378.248345515 
146474, 1, 1.78249942068769e-05, 0 
1481663, 2, 2.25133954703048e-05, 269.84310638318 
1520, 58, 2.36619185083527e-05, 87970.1273813866 
1563, 14, 2.36916297472103e-05, 17247.3146072018 
1598, 1, 1.89699326567391e-05, 0 
165179, 7, 2.36624784079885e-05, 9822.54451653419 
2527775, 5, 2.08472314876584e-05, 9693.8533004726 
2751313, 3, 2.18083482357046e-05, 356.99040020257 
338192, 3, 1.32777438457657e-05, 0 
381751, 1, 1.98811109564802e-05, 0 
529884, 3, 2.09248796819418e-05, 10265.5543547761 
651456, 19, 2.17221305065601e-05, 1634.26047546897 
1055688, 7, 2.41575069452832e-05, 9909.63067889098 
1337936, 15, 2.48299150816904e-05, 21441.2126602856 
1355330, 347, 2.32677183675369e-05, 14840.5648385004 
1499973, 1, 2.26341640071524e-05, 0 
2495429, 2, 1.80397957895117e-05, 58.8891227095821 
266748, 281, 2.30351055007832e-05, 20649.1878643675 
2980181, 12, 2.28294865648472e-05, 2155.43536563569 
2987521, 2, 1.84097645391115e-05, 42.4437697367883 
3048493, 8, 2.31653076352854e-05, 19588.3082778633 
454, 4, 2.17188280520383e-05, 10878.17812298 
454155, 4, 1.97083169097359e-05, 15346.0635519122 
1507512, 3, 1.55354285447964e-05, 9.36381671623493 
1566358, 15, 2.37823439878234e-05, 19614.0637149658 
1697053, 174, 2.51870135758003e-05, 38898.1012231105 
1714849, 311, 2.31117685125266e-05, 12364.6996862431 
1853276, 4, 2.20118864186661e-05, 3189.28620232022 
2292255, 3, 2.07198060626153e-05, 9242.88849578878 
2494373, 353, 2.27842333105491e-05, 24787.2066473432 
2588536, 117, 2.31626247886411e-05, 3247.60031469351 
2664899, 2, 1.77085177970604e-05, 0 
2829812, 163, 2.49444984908578e-05, 22442.1540522778 
2912824, 240, 2.28420018730442e-05, 35938.2872473816 
3070659, 272, 2.30861575399391e-05, 9130.47427456758 
339862, 4, 2.1846463057631e-05, 224.399308793719 
70771, 11, 2.31551161229074e-05, 2034.79462756715 
97478, 1, 1.41928524794913e-05, 0 
2093856, 303, 2.35006580184245e-05, 20257.4041697301 
2736252, 326, 2.31251300788567e-05, 15379.1204729626 
2810514, 3, 1.86133085155886e-05, 7684.34444336358 
2891294, 4, 2.16614318206433e-05, 15696.3905104954 
2983267, 169, 2.04127457184266e-05, 25393.803107494 
3025667, 291, 2.25570693855454e-05, 8657.88572873304 
3058394, 5, 2.26469788930157e-05, 569.661277291763 
65555, 1, 2.04494795607452e-05, 0 
885040, 2, 2.19341536706806e-05, 29747.7132366739 
97477, 4, 2.26623759234918e-05, 404.929913889756 
111500, 346, 2.32536508231792e-05, 11089.4339272907 
1236046, 5, 2.11528291909043e-05, 869.31976169503 
1407, 6, 2.01361201723652e-05, 46079.3951703828 
142058, 2, 1.32772149713876e-05, 1083.69296414718 
1442557, 8, 2.42318503440923e-05, 65118.6531981577 
155322, 4, 2.12210597797254e-05, 4.42523049851122 
1803846, 373, 2.31744339644504e-05, 29812.5813919622 
2590900, 119, 2.31626247886411e-05, 1037.81371671219 
273376, 20, 2.50859192735118e-05, 65372.0558747626 
2820270, 285, 2.32471638460108e-05, 16460.8204472391 
2829569, 1, 1.55151816052007e-05, 0 
2976818, 296, 2.23054960742327e-05, 29084.2656978249 
312277, 370, 2.31347599768652e-05, 32544.6057883379 
454154, 3, 2.17580504786771e-05, 9346.97436919912 
63743, 5, 2.05456936226167e-05, 4369.74736352821 
754429, 120, 2.46974561620153e-05, 141726.506026544 
1178778, 391, 2.52889259793137e-05, 74005.3828515256 
1335745, 3, 2.22005150519492e-05, 99.2672570950742 
1612624, 2, 1.8828845791753e-05, 7674 
1819725, 6, 2.15086141999871e-05, 318.112628098521 
2782013, 12, 2.0994730322689e-05, 1004.5052432034 
2864201, 348, 2.47862188623126e-05, 102357.130142946 
2986834, 329, 2.26839669721441e-05, 19436.8544741376 
37636, 2, 2.00072025929335e-05, 8.59893026994479 
45243, 78, 2.33225272290505e-05, 3207.54034057231 
588067, 33, 2.18847113406574e-05, 38071.1706684939 
1467, 10, 1.97055983604942e-05, 21902.5399455415 
1476025, 121, 2.23363859727496e-05, 29722.7561837115 
1931275, 1, 1.91743523862482e-05, 0 
2496866, 207, 2.29441997063142e-05, 4397.84036440333 
2572594, 2, 2.11322668582659e-05, 0 
2742639, 1, 1.92348381388371e-05, 0 
2748319, 281, 2.2455257898637e-05, 10672.0778674035 
284581, 186, 2.28456547564653e-05, 2908.69541474019 
2895568, 65, 2.22449615162166e-05, 9593.86424019007 
2983236, 1, 1.76994283084656e-05, 0 
3023936, 54, 2.27469177926391e-05, 6379.34730323345 
474394, 45, 2.41832120142197e-05, 37000.7187419864 
666507, 2, 1.81590368446858e-05, 23016 
754476, 3, 2.124675986912e-05, 23016 
1524258, 3, 2.06893698017958e-05, 650.229556418239 
1714860, 333, 2.30547550432277e-05, 17519.2544933644 
253703, 5, 2.16820970924308e-05, 7027.2454925702 
2546356, 6, 2.27645237661628e-05, 12215.0705911063 
265883, 1, 1.72824997407625e-05, 0 
270918, 326, 2.3180880409838e-05, 14279.8518054285 
2754694, 309, 2.26772796335352e-05, 29722.6868552907 
2793103, 3, 1.86699525783205e-05, 7674 
313603, 383, 2.32120888558761e-05, 35983.3509803084 
423605, 3, 2.06334468172908e-05, 2240.7873036897 
1170699, 357, 2.52429635239177e-05, 79784.6609262132 
1453352, 375, 2.31674543601149e-05, 30817.1659668046 
1573720, 2, 2.17476403810187e-05, 0 
171438, 5, 2.30850916478138e-05, 100414.079592728 
2199, 1, 1.28065569571621e-05, 0 
2592625, 4, 1.97191986117684e-05, 16.4758330769138 
2853159, 15, 2.26198285416997e-05, 7006.89751168491 
2895947, 368, 2.28346996095266e-05, 26234.9537748781 
2908648, 6, 2.23154512184236e-05, 11289.0714710677 
3042315, 285, 2.30313917870057e-05, 50971.2422654813 
357276, 352, 2.32471638460108e-05, 12197.413241311 
35841, 2, 1.94039118286247e-05, 3784.56526404332 
398041, 91, 2.29631670800037e-05, 10639.4242209158 
446692, 3, 2.16188170183328e-05, 1273.50895960495 
112234, 288, 2.25952956594437e-05, 13483.4902358559 
1160, 7, 2.09358316759133e-05, 7807.42279581254 
1572645, 21, 2.24754455757085e-05, 74.4953701776678 
1719, 35, 2.44540630425745e-05, 113539.287651926 
1884905, 2, 1.82862158504919e-05, 7674 
2242, 34, 2.33940017779441e-05, 45654.3793575939 
2498451, 2, 2.11086249841685e-05, 5.65326755189523 
2546360, 2, 2.19669178217604e-05, 23016 
2815577, 5, 2.26551880380607e-05, 35.3987763810219 
2870839, 340, 2.29826940313944e-05, 14987.7402970848 
2895496, 4, 1.99900049975012e-05, 873.041126910927 
35786, 6, 2.24094657583363e-05, 12950.618561727 
563798, 332, 2.27722997745542e-05, 34714.096111106 
5761, 100, 1.99246846918647e-05, 15509.1714509707 
649776, 2, 1.84750678958745e-05, 7674 
907046, 355, 2.28284442415249e-05, 24629.2813172598 
1004301, 225, 2.26126676163987e-05, 9147.01405090796 
1085622, 3, 2.0598595175809e-05, 12365.9062223795 
110662, 9, 2.35954791062033e-05, 4628.77567598402 
119864, 1, 2.1122000675904e-05, 0 
1390, 4, 2.05014658548086e-05, 2702.35718033105 
1535204, 107, 2.14583065104502e-05, 15861.198302233 
1624, 10, 2.01523517794527e-05, 37293.7471509691 
1751095, 267, 2.24230329394354e-05, 17375.5274138604 
1850246, 379, 2.30388204123949e-05, 48875.3127856168 
1912324, 4, 2.06940794238768e-05, 5231.40428927247 
2731756, 1, 1.65738530893662e-05, 0 
28183, 11, 2.3872045834328e-05, 43937.9395101857 
2837511, 191, 2.1602004666033e-05, 8308.10859872787 
2847778, 8, 2.33934545114277e-05, 40032.6060845983 
292628, 2, 2.02765724481934e-05, 22.1041061087301 
2962858, 247, 2.24170010535991e-05, 6095.97885333067 
3037696, 7, 2.21097083729466e-05, 19351.153678742 
379064, 12, 2.36826524570752e-05, 27824.9004315249 
535712, 1, 1.83183733284484e-05, 0 
1357545, 14, 2.30372281607077e-05, 1536.37695736835 
2004710, 51, 2.27894257064722e-05, 39474.6981072271 
2099786, 1, 2.2433093299235e-05, 0 
2689107, 1, 1.68466449906501e-05, 0 
273528, 7, 2.31970122248254e-05, 67747.4681136328 
2800681, 62, 2.25291188861604e-05, 796.399634784467 
2906078, 330, 2.27645237661628e-05, 18690.9381604424 
2949614, 173, 2.20531480868894e-05, 32310.6072461458 
3073563, 308, 2.2761414849547e-05, 26492.2686173544 
33060, 8, 2.38140598209183e-05, 16715.3285501524 
55197, 320, 2.28691655041508e-05, 13982.8042379177 
747522, 14, 2.30356361290917e-05, 14093.4913093358 
860353, 1, 1.75675913075558e-05, 0 
1836467, 355, 2.31561884913743e-05, 22574.4359978198 
1888915, 167, 2.0482988877737e-05, 6874.01077639351 
2339259, 2, 1.12916520816161e-05, 7674 
2364271, 6, 2.2153791621436e-05, 236.560743235096 
2724, 2, 2.11685012701101e-05, 4.09947152198597 
2732364, 3, 2.07133684079705e-05, 14446.9087836628 
28087, 116, 2.31347599768652e-05, 9754.0241390647 
2818390, 1, 1.64777221196942e-05, 0 
2913621, 20, 2.22222222222222e-05, 7737.3149627226 
3045146, 8, 2.32753002513732e-05, 35321.126132236 
365349, 3, 2.07550694257072e-05, 7674 
36745, 229, 2.28545309107531e-05, 8704.98792636283 
47951, 3, 2.24987063243863e-05, 378.1361462047 
493, 2, 1.77572582793217e-05, 7674 
584609, 265, 2.28466986520448e-05, 26068.9698308424 
673862, 6, 2.17912399215515e-05, 1735.37842389017 
69710, 4, 2.25570693855454e-05, 8060.42566078051 
1131703, 6, 2.31326193064841e-05, 496.98898502744 
1737490, 4, 2.0819453697535e-05, 1620.95397294931 
1854498, 80, 1.98522988962122e-05, 9835.65916537232 
187327, 6, 2.2130748461913e-05, 16013.8742158827 
2005460, 2, 2.12440516655336e-05, 0 
2650157, 207, 2.30202578268877e-05, 7227.29152380084 
2812863, 1, 1.55419477168879e-05, 0 
2979332, 2, 1.98862506463031e-05, 16.4571188816149 
3051121, 376, 2.32266456078413e-05, 23544.0665795852 
3070660, 394, 2.31540438537591e-05, 26210.6835734398 
329854, 278, 2.31545799759192e-05, 7955.30099121585 
342950, 95, 2.18026424802686e-05, 8807.40071382859 
544645, 52, 2.4867580135777e-05, 29377.3667243412 
565560, 5, 1.94908977507504e-05, 83.2472040840754 
67313, 4, 2.02474235153577e-05, 15.3365155467394 
1470067, 7, 1.32793307217316e-05, 3.21618381618382 
158, 1, 2.07013621496294e-05, 0 
1936081, 255, 2.25881502563755e-05, 10336.9567623106 
248906, 337, 2.31841049776273e-05, 22441.9705158753 
2857064, 1, 1.59606729019695e-05, 0 
2983228, 7, 2.03773892488894e-05, 23220.9073246535 
44000, 1, 1.82675094077673e-05, 0 
51515, 2, 1.97714421289889e-05, 629.663141943904 
244582, 3, 1.77072635194957e-05, 12.037148879623 
2755562, 29, 2.08481007380228e-05, 63.6672962663451 
2820002, 79, 2.20055894197126e-05, 857.191874852846 
2953738, 2, 1.56479829749945e-05, 7674 
398736, 3, 2.13324231499456e-05, 0 
82135, 10, 2.26932328779558e-05, 30467.7522273411 
1509244, 1, 1.886080724255e-05, 0 
1816183, 4, 1.96858144021418e-05, 15942.0118660168 
252356, 301, 2.30112525024737e-05, 64117.5564322642 
2614441, 246, 2.23773720014322e-05, 14532.8694896179 
2675054, 4, 1.99836134369817e-05, 3627.48223160815 
2913620, 2, 1.90545149673215e-05, 81.0030209828077 
292566, 18, 2.42471267154842e-05, 42481.7549670175 
1165090, 314, 2.26880842181686e-05, 36435.6562089142 
1522, 2, 1.92119267641352e-05, 7674 
1769012, 248, 2.25708159349961e-05, 6892.00332024738 
2038776, 346, 2.28880089720995e-05, 14843.5595845567 
2589987, 1, 1.81976998107439e-05, 0 
2654676, 355, 2.31626247886411e-05, 21031.9123358474 
266749, 108, 2.27728183640007e-05, 10477.6416574757 
2842852, 2, 1.66675000416688e-05, 0 
2935863, 2, 2.2096517588828e-05, 0 
45658, 2, 1.74669438088418e-05, 0 
97084, 85, 2.21724573734507e-05, 8353.13432477696 
1074311, 6, 2.33612110451806e-05, 1311.30203435878 
1434100, 4, 1.87842813133969e-05, 230.872183424008 
1940790, 2, 1.86601977980967e-05, 3749.30613933897 
2109558, 168, 2.1616013142536e-05, 24422.1311258734 
2547600, 241, 2.26408259373302e-05, 6091.46628751476 
2592817, 1, 1.57475355106926e-05, 0 
2672567, 97, 2.25336878633557e-05, 2167.43115665937 
2779360, 162, 2.20891961741512e-05, 2309.90756234479 
2813779, 1, 1.59759721379046e-05, 0 
2906076, 298, 2.26101112417473e-05, 12885.7467168287 
2966554, 5, 1.97145335541361e-05, 19.0283927704133 
3050112, 33, 2.22444666889111e-05, 2809.82256525756 
3074147, 1, 1.6286910210264e-05, 0 
453161, 1, 1.03912298020471e-05, 0 
504, 1, 1.5045739046702e-05, 0 
556053, 5, 2.22118566891006e-05, 0.8959233514163 
683124, 334, 2.25103547631911e-05, 71213.1784316042 
762954, 253, 2.22207408394996e-05, 19767.6120251406 
86665, 1, 1.84955703109105e-05, 0 
1357, 1, 1.64516978152145e-05, 0 
1532552, 57, 2.23528622840155e-05, 9018.58846942144 
1570939, 2, 1.94389907276014e-05, 66.0622534593676 
1592728, 2, 1.95438466198917e-05, 1175.44162782841 
170651, 3, 1.90023752969121e-05, 306.890027105006 
1737359, 5, 1.76466436083857e-05, 23082.723745166 
197222, 2, 1.8512690449303e-05, 662.416832533119 
2020965, 18, 2.21995293699774e-05, 151414.929567048 
2049305, 170, 2.29520989694508e-05, 21389.1909212072 
2172099, 2, 2.13999871600077e-05, 9.58567596454198 
2608253, 322, 2.27345064338653e-05, 72722.8583701045 
2864209, 6, 2.19341536706806e-05, 21663.268096757 
2961619, 8, 2.06979343461523e-05, 16301.7834458955 
3038772, 84, 2.26331394427721e-05, 22060.4329708669 
45497, 4, 1.69566249533693e-05, 949.637185095448 
573501, 279, 2.23478668961048e-05, 21321.6064954628 
821, 293, 2.27283058320833e-05, 8596.71060683763 
870, 3, 1.94802664900456e-05, 278.638250748892 
2052660, 4, 1.76731527137126e-05, 177.933728293895 
2487063, 62, 2.15903447978064e-05, 44673.4181474005 
2713414, 304, 2.29594765239353e-05, 19283.9944925523 
2932268, 286, 2.23493652780261e-05, 71244.8835639543 
314343, 3, 1.9755818088427e-05, 439.849376227699 
35742, 3, 1.87427371893391e-05, 1315.6897328739 
696485, 2, 1.6498927569708e-05, 7674 
909656, 320, 2.46293286045022e-05, 170484.374701744 
1179670, 1, 1.82225704757913e-05, 0 
1482, 18, 2.01061605275857e-05, 62405.6697695944 
1500686, 16, 2.24532411253564e-05, 90.8643322807102 
1501, 4, 2.25428313796213e-05, 8636.85554216761 
191026, 1, 1.88494307471914e-05, 0 
1917830, 155, 2.29621125143513e-05, 4490.98291078147 
2108399, 1, 1.90020142135066e-05, 0 
2707174, 16, 2.02474235153577e-05, 56310.7517710888 
2735723, 2, 1.56811089680262e-05, 14.7465898629807 
28127, 15, 2.45368666421298e-05, 46009.2649974761 
38986, 7, 2.19235744195734e-05, 51427.6347541045 
52443, 16, 2.37789508726875e-05, 172143.938727106 
863, 2, 2.15940745859336e-05, 977.905265656638 
1660083, 10, 2.04813108038914e-05, 8817.86940675598 
2060084, 2, 1.98361533731379e-05, 246.482367708582 
2686365, 277, 2.25311493139265e-05, 31268.3237000832 
28895, 6, 2.18703525500831e-05, 6714.1892746565 
31953, 2, 1.8875403461749e-05, 90.6666132549683 
359303, 2, 1.89186121306141e-05, 7674 
456827, 7, 2.18007412252017e-05, 13694.4248569942 
583, 1, 1.91416867654378e-05, 0 
680279, 1, 1.68466449906501e-05, 0 
685565, 3, 2.03351228241419e-05, 0.677333601063183 
70864, 28, 2.20046209704038e-05, 7358.24133766863 
105841, 3, 1.65906262961427e-05, 7996.60787815772 
1173283, 1, 1.47169200429734e-05, 0 
118000, 1, 2.11353933296699e-05, 0 
1303, 1, 1.8772292096865e-05, 0 
1609968, 2, 1.56855363669161e-05, 32.9887636648519 
1982747, 1, 1.14505564970458e-05, 0 
2018052, 5, 2.09428469706172e-05, 7982.65925177852 
225848, 1, 1.86448894358056e-05, 0 
2500547, 145, 2.21631205673759e-05, 56682.7537592868 
2594454, 4, 1.81587071000545e-05, 15415.3455622669 
2925845, 4, 2.30027833367838e-05, 5999.12312924658 
3070681, 1, 1.4268999172398e-05, 0 
373891, 365, 2.30552865772122e-05, 22719.5221703036 
59734, 190, 2.22667557336896e-05, 63785.1572237818 
732, 6, 2.2226173541963e-05, 45872.6111726896 
1296, 178, 2.25601227270676e-05, 24228.1426126007 
1336796, 317, 2.2690658255996e-05, 21215.8831290019 
152161, 5, 2.10044319351383e-05, 1045.58557282674 
2083054, 14, 2.12521783482807e-05, 7.43599917982624 
2107707, 1, 1.67196121049992e-05, 0 
2594269, 172, 2.29684413615692e-05, 34377.3602373084 
2654325, 296, 2.23798760154869e-05, 17680.435065396 
2846399, 8, 1.91116887088143e-05, 15346.0157636691 
2897181, 301, 2.23903989969101e-05, 56560.4777314116 
2914983, 6, 2.02404566247015e-05, 169.536580900315 
2916802, 1, 1.92130341223486e-05, 0 
2986831, 249, 2.24295711465997e-05, 29649.3393765262 
1071983, 2, 1.68197261748579e-05, 0 
118968, 13, 2.20804168782707e-05, 17672.3250641804 
132920, 3, 2.19901044529962e-05, 33390.7935846475 
1763534, 268, 2.23929059274022e-05, 23917.5724977976 
182180, 1, 1.59606729019695e-05, 0 
2609256, 4, 1.91806045726561e-05, 7675.61245836239 
2920386, 213, 2.2802937018288e-05, 2706.60052114585 
2924033, 5, 2.12044105173876e-05, 4398.89001772078 
400946, 14, 2.23723656539442e-05, 66.0765225736203 
69967, 1, 1.85102917221975e-05, 0 
84032, 6, 2.14339299110492e-05, 25078.2983770481 
1018, 309, 2.27593427101825e-05, 14769.8636454155 
1736674, 300, 2.26572412543049e-05, 25167.7329632237 
1743159, 6, 1.92589168785148e-05, 335.731406939125 
1758398, 4, 2.00284403853472e-05, 0 
1790137, 259, 2.2486564277844e-05, 17984.9382380238 
191303, 8, 1.57153633392004e-05, 98.7128985625208 
2269, 2, 1.5927624872579e-05, 7674 
2668067, 2, 2.04582651391162e-05, 4311.35169478308 
28184, 2, 2.07649819344657e-05, 23016 
2980107, 267, 2.27370910165753e-05, 38709.4897464106 
3047864, 2, 1.86181601534136e-05, 9.62635254828414 
33038, 11, 2.11126359125937e-05, 6224.35077413879 
40520, 1, 1.46447191142874e-05, 0 
76123, 39, 2.26592948427445e-05, 11837.4759247678 
1441386, 3, 2.10966013375245e-05, 32486.4080997041 
1449788, 67, 1.90846978892324e-05, 32782.6145516966 
1534, 2, 2.00264348940602e-05, 7674 
156213, 3, 1.99836134369817e-05, 12685.9155824691 
2878534, 313, 2.25845792492886e-05, 18750.9734591417 
29423, 4, 2.18703525500831e-05, 8541.69065438619 
432330, 6, 1.93427339020097e-05, 138.554210456825 
628, 4, 2.14119007344282e-05, 33864.8802605453 
72803, 4, 1.79898177631461e-05, 7716.92151558944 
930802, 313, 2.28117800031936e-05, 23883.0791426569 
106654, 30, 2.16412742382271e-05, 38.5617493026492 
1177574, 136, 2.19789880873885e-05, 4956.26992005176 
1243, 44, 2.24376234069287e-05, 29110.0119249107 
1721, 3, 2.07999667200532e-05, 7674 
1756149, 238, 2.20414820692543e-05, 39591.1239492174 
198467, 28, 2.16896215161045e-05, 15314.4864399122 
2211106, 1, 1.8895376301419e-05, 0 
2686078, 194, 2.26188052747054e-05, 16833.3220957252 
2686363, 230, 2.17009179488292e-05, 43136.2015470345 
2933563, 2, 1.48991328704669e-05, 7674 
2996112, 1, 1.33704139480158e-05, 0 
3021011, 3, 2.15814917127072e-05, 1270.36202756306 
3046369, 3, 2.06130315585513e-05, 7855.95506869794 
45067, 26, 2.27811190085657e-05, 26085.4411830572 
750, 13, 2.20351681283328e-05, 7980.21285465272 
1536770, 1, 1.68256692409941e-05, 0 
1578, 3, 2.11394144382201e-05, 7674 
2070463, 29, 2.13899167932237e-05, 11813.7711443851 
2651167, 17, 2.28357425041675e-05, 75797.6358032082 
2744027, 95, 2.2146432209771e-05, 5190.09868567801 
2775246, 271, 2.28420018730442e-05, 31981.5869555497 
283735, 139, 2.19601642620287e-05, 14311.3058591356 
2906077, 104, 2.1996876443545e-05, 4340.95117469045 
3029174, 2, 1.53850887719622e-05, 15346 
3053655, 4, 2.19731927049e-05, 5351.37202832009 
403957, 11, 1.96394202443144e-05, 38798.5848390534 
906, 8, 2.1829771442293e-05, 67294.5785512157 
103810, 163, 2.21077531890434e-05, 55174.290616149 
104264, 286, 2.25815192846175e-05, 49913.4970333494 
104609, 1, 2.02044692285934e-05, 0 
2926907, 361, 2.58866166192079e-05, 36539.3434984186 
388413, 320, 2.62646425382151e-05, 41345.6011587098 
1227, 8, 2.39963525544117e-05, 8752.86957243218 
1646340, 3, 2.26055112236363e-05, 10364.3597435057 
2015076, 363, 2.54045677412799e-05, 25158.6898840898 
2583587, 183, 2.57095845331139e-05, 20892.9880245594 
2974039, 17, 2.52697546306825e-05, 2627.89657164264 
35703, 11, 2.33694001074992e-05, 5260.91451151137 
371142, 372, 2.60980765717567e-05, 54816.3353865708 
55079, 22, 2.70211846087332e-05, 26335.197802931 
2175635, 31, 2.34796900680911e-05, 12979.3499387227 
2335, 56, 2.54181282090387e-05, 27086.6882248627 
2594913, 11, 2.5560412033842e-05, 9873.10345038234 
2745498, 10, 2.36714404071488e-05, 50.4602458177225 
595468, 31, 2.49775202317914e-05, 18458.527579318 
713030, 8, 2.39389079070213e-05, 11510.964276296 
1178, 57, 2.64312523127346e-05, 82337.6219540076 
137816, 46, 2.70306798215975e-05, 100730.951043243 
226, 190, 2.81968137600451e-05, 630822.006875038 
2912855, 4, 2.29531526155117e-05, 254.785396926238 
388463, 24, 2.66524520255864e-05, 3844.23675689561 
86304, 8, 2.67015567007557e-05, 19459.0085121284 
86664, 181, 2.39251620929732e-05, 16348.8094397015 
1349410, 15, 2.47451252103336e-05, 4842.11200980833 
1871021, 38, 2.53203018179977e-05, 38355.2411268754 
2045200, 24, 1.96163050727765e-05, 7520.24912528115 
2082587, 11, 2.29589493984755e-05, 354.104865509495 
2893883, 261, 2.4634789249378e-05, 12982.6852674033 
2977321, 336, 2.5379422364347e-05, 25872.3100487459 
3070682, 53, 2.42824534991015e-05, 1267.50297120118 
839, 76, 2.57884828635531e-05, 2529.33262496222 
1470434, 1, 1.87553921752504e-05, 0 
1486991, 3, 2.38657788596931e-05, 0 
2518177, 372, 2.54660283182235e-05, 33850.5793219882 
2758563, 29, 2.54485303473724e-05, 1191.29730587896 
2872754, 1, 2.08337673701535e-05, 0 
2880221, 96, 2.399404947573e-05, 28534.6459895614 
3059078, 320, 2.61855508130614e-05, 40001.6184984788 
984207, 23, 2.59302476338649e-05, 7926.20059925314 
1241981, 315, 2.53344142683421e-05, 38764.8567622121 
2759736, 15, 2.48163589438158e-05, 29840.7714328282 
2871169, 54, 2.46075102121167e-05, 1156.63942626443 
2929800, 33, 2.55349573566212e-05, 651.061005204087 
37637, 3, 2.19760900140647e-05, 24.5611132042915 
49338, 1, 2.35676745775494e-05, 0 
649196, 346, 2.49507223234113e-05, 26066.3844734765 
930, 6, 2.3520556966789e-05, 33992.2303834968 
1038856, 1, 2.31964741359313e-05, 0 
1070314, 12, 2.42800951779731e-05, 341.469904121448 
180, 8, 2.52665622315428e-05, 44.371518067722 
200254, 17, 2.60647448261482e-05, 18827.5907332414 
2956784, 370, 2.55108548687467e-05, 64846.1508687166 
339617, 3, 2.38265427686443e-05, 13.3776246771207 
445, 226, 2.50287831005657e-05, 33649.0355981316 
1400864, 6, 2.50632847941051e-05, 23.9972818175445 
1862358, 25, 2.45290423861852e-05, 2099.91548557856 
2246, 2, 1.7102787754404e-05, 7674 
2748863, 1, 2.01344984496436e-05, 0 
2895474, 24, 2.17244900175968e-05, 15393.6333062035 
40214, 5, 2.31631613082553e-05, 13621.4623333408 
42817, 2, 2.067055273058e-05, 7.68295721120779 
1159327, 16, 2.44415114630689e-05, 9838.27967664233 
2058175, 151, 2.58037879960778e-05, 5375.47051196299 
3036302, 41, 2.6582312129509e-05, 31129.4105210246 
558152, 342, 2.49469876512411e-05, 16836.7093522325 
1648923, 3, 2.42553604346561e-05, 1.17685362296738 
2507935, 11, 2.39607044447107e-05, 7684.14563069345 
256, 294, 2.32266456078413e-05, 21459.6620409194 
2780922, 13, 2.60769792427245e-05, 2400.27540753081 
2834768, 3, 2.21645942771018e-05, 0 
2986823, 342, 2.47108826727291e-05, 25683.0345665527 
3047030, 4, 2.31181801368596e-05, 170.040749670544 
521520, 6, 2.51572327044025e-05, 4285.92466364336 
537, 8, 2.63810478552208e-05, 28174.4586451009 
756892, 41, 2.60362424494897e-05, 1755.38235789385 
1050635, 14, 2.47396155463744e-05, 34403.3572364304 
137545, 27, 2.68983511310757e-05, 7594.15091612239 
1481665, 17, 2.74371004472247e-05, 220879.05603647 
2979464, 315, 2.64585262600873e-05, 48131.753784924 
2982533, 5, 2.13146900844062e-05, 9406.34177547889 
3059026, 300, 2.52812539501959e-05, 13390.0311690169 
487173, 14, 2.5929575273557e-05, 5003.48038683893 
61435, 2, 2.29895627385167e-05, 0 
1508419, 42, 2.63782643102084e-05, 17267.8895474423 
1732569, 272, 2.46809980995631e-05, 9368.21800753225 
2293, 13, 2.45821042281219e-05, 3799.23035101646 
2885633, 318, 2.61096605744125e-05, 42464.5575315484 
3003260, 330, 2.55323494867998e-05, 20767.2455624031 
46503, 57, 2.61732143324522e-05, 61714.675844062 
568386, 157, 2.86483699077523e-05, 1557778.35174456 
1096868, 49, 2.36916297472103e-05, 18817.3584844288 
1161942, 9, 2.39240173209885e-05, 7926.88559636888 
1486245, 327, 2.62480970129666e-05, 45292.1709341445 
184117, 14, 2.24335965541996e-05, 72.779770492994 
2291, 17, 2.60118614088024e-05, 2948.32598459055 
2698672, 298, 2.62281322946993e-05, 27211.5597673648 
316068, 340, 2.61417405170836e-05, 42269.0193362346 
88190, 14, 2.4910322837784e-05, 1314.32837023817 
1076550, 4, 2.12557922033754e-05, 10424.2221092386 
1217282, 233, 2.61082972168555e-05, 21526.8901693398 
1272, 4, 2.20463414096431e-05, 6.61774340683791 
1397, 188, 2.37648233085387e-05, 11062.0924756495 
1471, 295, 2.43226151675828e-05, 27434.6892250852 
1536771, 10, 2.5094732615624e-05, 18646.9600640401 
1639108, 1, 2.19178082191781e-05, 0 
1704307, 89, 2.72553829381303e-05, 91481.211309404 
1882918, 33, 2.90242061879608e-05, 508911.787684229 
2530390, 1, 2.07253886010363e-05, 0 
2605730, 13, 2.25418150669492e-05, 1817.5998113785 
2983212, 9, 2.46718642060594e-05, 2930.93564338513 
376805, 6, 2.4965672200724e-05, 5882.31944971176 
82987, 19, 2.64165896182803e-05, 49105.3863877261 
86170, 8, 2.6123301985371e-05, 98.8249108142176 
192421, 8, 2.52518875785965e-05, 3351.89520666376 
2837504, 5, 2.43451163696562e-05, 3814.17929039996 
29320, 3, 2.03603787030439e-05, 757.327752752386 
317660, 2, 2.10966013375245e-05, 0.505242910163794 
367188, 10, 2.42230458057796e-05, 2492.18568625068 
55601, 3, 2.40021121858724e-05, 3734.14903284734 
664683, 2, 2.15262081584329e-05, 15346 
2478663, 331, 2.35249835325115e-05, 9120.74511037042 
291645, 174, 2.59228535877229e-05, 19685.0909608948 
2996035, 361, 2.62027041190651e-05, 53311.7359337524 
1032, 1, 2.09599664640537e-05, 0 
1179672, 352, 2.57971313589929e-05, 32033.8268413249 
1712410, 9, 2.49638024863947e-05, 13623.3314641186 
2183896, 330, 2.53955354648653e-05, 29903.0944356319 
311181, 1, 1.82748538011696e-05, 0 
36739, 13, 2.41750271969056e-05, 67.5671919302607 
79883, 2, 2.15545113592275e-05, 20.5454617524386 
919, 14, 2.55911556965913e-05, 15069.6848827766 
935222, 309, 2.53132514871535e-05, 21109.303372536 
131111, 21, 2.65992818193909e-05, 2621.33688417988 
1471400, 1, 1.95064859065639e-05, 0 
2980554, 301, 2.61697895948917e-05, 37364.0103979814 
3057115, 5, 2.2095541119802e-05, 2.81363322197753 
53419, 4, 2.51679963758085e-05, 11550.4724787689 
585425, 10, 2.42765585550592e-05, 976.132314489291 
1408191, 7, 2.22172850477672e-05, 286.680628083513 
158481, 3, 2.44188318030865e-05, 166.324930290432 
191412, 29, 2.67015567007557e-05, 37511.3220240839 
28129, 19, 2.74883861568487e-05, 20258.1671858931 
2839024, 6, 2.47176014039598e-05, 1031.1630294688 
320787, 325, 2.57851580630189e-05, 33933.264014069 
1117645, 369, 2.59302476338649e-05, 47302.3929916215 
1221500, 68, 2.31798057532278e-05, 8729.94499989978 
1582439, 7, 1.47806550786331e-05, 2693.0692236271 
2259638, 19, 2.66908663855229e-05, 43048.0696922226 
777, 2, 2.18112022334671e-05, 0 
1307761, 10, 2.55284386806903e-05, 6624.69644011089 
1400866, 13, 2.59235255994815e-05, 14538.7613957043 
1718, 2, 2.14725902385605e-05, 8.49957063838929 
2175622, 7, 2.2682937894116e-05, 289.032841004566 
2893469, 1, 2.15554405932057e-05, 0 
1472, 3, 2.19317483989824e-05, 7674 
1685010, 347, 2.53344142683421e-05, 85567.878130523 
190893, 201, 2.52652854977261e-05, 6747.30537679299 
2231053, 91, 2.36641582658905e-05, 6966.14635612314 
2864040, 318, 2.32509474761097e-05, 15637.6461648576 
387090, 172, 2.60661036388281e-05, 24147.8698711656 
57495, 47, 2.47237125126709e-05, 18895.895735201 
178899, 4, 2.28686425173802e-05, 7990.40467796497 
2665645, 281, 2.39750659314313e-05, 9625.00993442144 
2683272, 20, 2.51471105969924e-05, 3552.91707479243 
2782006, 328, 2.55741394302082e-05, 37935.0669186964 
3058432, 296, 2.56594478086832e-05, 24354.4935101619 
452, 1, 1.89620190757912e-05, 0 
1165, 38, 2.58785777133689e-05, 58197.9679013783 
2746060, 77, 2.3204009652868e-05, 4453.11529331156 
29533, 328, 2.55577989623534e-05, 20070.5707661552 
2966552, 24, 2.69941962478067e-05, 49481.3536158019 
38290, 85, 2.52902051035634e-05, 33048.7434857489 
457083, 36, 2.73920070123538e-05, 83702.2110474317 
104, 356, 2.61321765489848e-05, 41448.1353327734 
2010992, 382, 2.50118806433056e-05, 35608.1542009112 
2546350, 3, 2.29231615624427e-05, 28693.2106006775 
260364, 1, 1.87740542570168e-05, 0 
2715679, 19, 2.68290719824001e-05, 27105.1348869025 
2893885, 349, 2.54439977609282e-05, 26687.6832851203 
2983222, 27, 2.47072194495232e-05, 16048.3023109484 
3002643, 23, 2.63351943537343e-05, 44611.2551098163 
3019932, 2, 2.21459417561732e-05, 15.7974800899448 
556054, 3, 2.19336725741358e-05, 9031.77298846977 
576611, 7, 2.36127508854782e-05, 29774.7895973908 
670486, 3, 2.31932461267279e-05, 0 
933262, 9, 2.44672261505713e-05, 19749.7527360466 
2081477, 4, 2.32061635570407e-05, 0.204772606435239 
3042028, 3, 2.0598595175809e-05, 7682.16980469407 
3052091, 16, 2.30558181357065e-05, 58349.7287383707 
161154, 24, 2.46895291706787e-05, 5867.89450764757 
1913578, 183, 2.46803889629301e-05, 11380.869674468 
194, 2, 2.1771788116958e-05, 2838.08572264589 
2282124, 1, 1.81887629822296e-05, 0 
264697, 4, 2.09771139686602e-05, 3481.7924659864 
2742624, 5, 2.37693423022985e-05, 2322.6072910228 
2742676, 3, 2.37744282250012e-05, 550.459917867729 
2814293, 6, 2.491777135453e-05, 1973.98284705627 
29330, 38, 2.60661036388281e-05, 25534.0398765591 
1442556, 29, 2.56970319928048e-05, 71472.0510913864 
1637831, 3, 2.31599425633424e-05, 14433.7476101712 
3028622, 2, 2.19452247191011e-05, 2.81333333333333 
409, 26, 2.43155181636921e-05, 12047.3987190761 
1678728, 354, 2.5441408436371e-05, 29572.0953939083 
189426, 8, 2.54232979102049e-05, 55209.8110072118 
2099387, 40, 2.66524520255864e-05, 32422.9054502909 
238, 320, 2.58685360995421e-05, 48134.0912011399 
2492396, 2, 2.18962119553317e-05, 5525.93301489428 
2685834, 109, 2.79298402413138e-05, 1480781.50768925 
400634, 231, 2.54777070063694e-05, 20261.9699612921 
498374, 10, 1.44498229896684e-05, 3631.42723082409 
1263979, 7, 2.52079657171666e-05, 13175.9693080886 
1612552, 26, 2.50363026388263e-05, 59148.5258598152 
2810347, 7, 2.57725316357826e-05, 30915.6377626655 
2908210, 326, 2.49252243270189e-05, 27997.7008437558 
75588, 3, 2.37416904083571e-05, 7674 
1150, 28, 2.61519953972488e-05, 27663.0167817417 
1763538, 12, 2.33312335223163e-05, 3872.90515035883 
2706887, 297, 2.54006959790698e-05, 31923.1433365665 
616991, 317, 2.6267402153927e-05, 95130.3876306015 
712538, 3, 2.20512028931178e-05, 7752.93566701565 
79880, 4, 2.46998962604357e-05, 2057.55190808314 
1045808, 1, 1.55419477168879e-05, 0 
1175444, 44, 2.46008511894512e-05, 55495.952358612 
1229909, 16, 1.47832771568801e-05, 9698.62688166145 
2518994, 18, 2.64627272486702e-05, 6987.93313332309 
3073271, 107, 2.20080109159734e-05, 40325.5067321868 
569, 28, 2.6786670952534e-05, 26874.0294399827 
673, 3, 2.30335137625245e-05, 179.696330225234 
882104, 15, 2.5379422364347e-05, 9447.08783180669 
131318, 2, 2.22712189038106e-05, 3.72223358907477 
1580092, 5, 1.37578075557879e-05, 14261.1498929957 
2579248, 177, 2.51920896838393e-05, 13464.4049595213 
2585771, 315, 2.60688216892596e-05, 37377.8047174689 
2806989, 12, 2.56101621123262e-05, 16509.2838780441 
2986929, 124, 2.4275969218071e-05, 4816.69927988537 
1170562, 28, 2.51149006705678e-05, 4935.40841503054 
1452, 4, 2.35249835325115e-05, 4900.79544843169 
2093823, 182, 2.33628483984767e-05, 11180.9115865922 
2420306, 6, 2.26546747921434e-05, 8524.27874205577 
2759528, 260, 2.52429635239177e-05, 59902.6067131643 
2835869, 3, 2.18102508178844e-05, 489.505189696418 
90245, 1, 1.76025347650062e-05, 0 
1442554, 2, 1.59390490763321e-05, 15346 
1617283, 383, 2.36552017788712e-05, 13337.6160332444 
2576903, 46, 2.64298551643937e-05, 34286.0965170774 
674, 1, 2.13169619065891e-05, 0 
1416779, 363, 2.36406619385343e-05, 11069.3975052727 
1702043, 7, 2.37925291458482e-05, 7277.97750056642 
2908842, 320, 2.62480970129666e-05, 56559.9018312371 
386490, 3, 1.32773912581656e-05, 0 
43948, 6, 2.34962406015038e-05, 18257.4817980875 
630, 4, 2.49270882668196e-05, 601.55718170257 
714, 9, 2.52270433905146e-05, 20642.6597183774 
820, 17, 2.44182355383e-05, 435.752725613256 
172713, 10, 2.68875026887503e-05, 33689.9195698408 
206379, 6, 1.32789780498493e-05, 5.38101898101898 
2866278, 5, 2.46451104100946e-05, 10281.4114606082 
307249, 2, 2.18584012765306e-05, 12.721235099571 
3073092, 8, 2.35504686543262e-05, 15962.304922116 
1188228, 48, 2.75603571822291e-05, 121290.852625335 
2306165, 2, 2.07563618248993e-05, 0 
2792013, 1, 1.76360622200275e-05, 0 
2908843, 243, 2.54692713241474e-05, 48491.6481958785 
3031997, 346, 2.3983115886416e-05, 18156.477169103 
76885, 31, 2.40442414041837e-05, 9819.6558936421 
246, 371, 2.47696423263648e-05, 188867.903353806 
2494375, 117, 2.58211113406321e-05, 26372.4953224294 
2950245, 1, 1.56276860085327e-05, 0 
3034146, 366, 2.36356330804321e-05, 15554.1520326553 
46506, 187, 2.59241976460829e-05, 15045.3694377633 
70799, 43, 2.6665955574518e-05, 37592.1283823134 
146786, 24, 2.63178672000421e-05, 7766.0874325715 
2782609, 3, 2.08533177628561e-05, 7780.06038141336 
2871493, 1, 2.3000138000828e-05, 0 
63186, 267, 2.60953524177344e-05, 72090.7163170787 
1274359, 2, 2.15262081584329e-05, 671.340493501967 
153265, 286, 2.59315924590929e-05, 59823.6086743822 
1846278, 2, 1.37553473912984e-05, 0.2 
1898749, 5, 1.47795628205318e-05, 0.916666666666667 
213118, 20, 2.70980679077582e-05, 36117.0653687247 
2516557, 341, 2.53440454165294e-05, 30444.4844461978 
516051, 248, 2.55049989798e-05, 17032.5745657212 
69221, 2, 2.17216586658557e-05, 3606.57365091342 
693075, 2, 1.91611259077583e-05, 110.899797153395 
82995, 4, 2.44528670986673e-05, 2330.41198231912 
1055104, 7, 2.45272374972407e-05, 14135.6278397154 
1444770, 2, 2.1822625698324e-05, 7674 
2220073, 252, 2.48546005865686e-05, 24306.7324707502 
1280, 1, 2.2158209616663e-05, 0 
1615494, 1, 2.12707123561568e-05, 0 
1921421, 10, 2.63768727579658e-05, 2451.49075424719 
254247, 10, 2.61035265864418e-05, 9387.59544880261 
186826, 2, 1.92901234567901e-05, 1247.75061323214 
2975157, 229, 2.76977620208287e-05, 119687.079374597 
446, 217, 2.73313654750191e-05, 43956.2830316714 
986, 297, 2.59956327337007e-05, 49983.2340198712 
29573, 13, 2.58284474520237e-05, 27907.3047200261 
554344, 2, 1.97491853461045e-05, 3.16043725772937 
887061, 3, 2.28555756176719e-05, 6.9904079182222 
1092, 53, 2.94750493707077e-05, 61870.0693570966 
2567937, 311, 2.57036370646446e-05, 22508.8507019163 
3059030, 15, 2.58131130614352e-05, 3921.55406639002 
61434, 28, 2.55872268563533e-05, 13040.0045459305 
1510841, 4, 2.55643326430964e-05, 7919.04568019042 
1613, 17, 2.78357689631176e-05, 18754.0955913884 
1855380, 17, 2.41709368655129e-05, 32.9118145133668 
2377, 36, 2.80544255856361e-05, 35888.6389159973 
2714353, 13, 2.76770640170491e-05, 3024.96396710938 
2895352, 3, 2.51844762888156e-05, 30.6200189352961 
2961531, 3, 2.29463056447912e-05, 5554.22579264421 
300181, 8, 2.47145469823538e-05, 7506.9542278379 
35757, 4, 2.34719744624918e-05, 3.898597144119 
55213, 15, 2.91877061381746e-05, 85278.762977599 
67376, 125, 2.60050969990118e-05, 21971.8404644307 
69541, 45, 2.90638532856686e-05, 28176.5184033058 
1909699, 72, 3.01795684321714e-05, 320941.002608557 
2005462, 103, 2.85706122682209e-05, 156523.009376095 
3041497, 96, 2.51111166913593e-05, 12932.6848327153 
3046382, 19, 2.70943968787255e-05, 7168.57817770861 
76335, 29, 2.69694436203781e-05, 6058.64464783925 
2026255, 25, 2.47500247500248e-05, 2134.14620729946 
2675231, 235, 2.449959575667e-05, 13688.3946783565 
2870750, 3, 2.55134583492792e-05, 3358.54306810317 
2896860, 228, 2.49787680471599e-05, 26878.8804824618 
101564, 11, 2.46020616527665e-05, 15394.0414384614 
1168034, 249, 2.72687609075044e-05, 48792.1953680377 
1249553, 10, 2.66624006825575e-05, 9962.69687022334 
2103230, 12, 2.36110783179468e-05, 5327.85008025861 
2558361, 3, 2.33149145508382e-05, 7.07407794373553 
2569540, 23, 2.83905402719814e-05, 44100.0027671698 
1324352, 355, 2.58438000723626e-05, 37116.171000888 
1616788, 2, 2.49078409883431e-05, 13327.6453123702 
1686, 86, 2.61239844301053e-05, 17387.1431615349 
2175639, 25, 2.46135669981294e-05, 16826.4583684856 
2744519, 2, 1.91131498470948e-05, 175.876760048318 
2745518, 1, 2.02130454995654e-05, 0 
838, 124, 2.8534741047225e-05, 225559.244048113 
1807691, 248, 2.65688931399118e-05, 17441.2207861556 
2996051, 91, 2.56193477314068e-05, 13155.9752806775 
312279, 292, 2.6623359335481e-05, 40172.9863075681 
2748320, 309, 2.56884504726675e-05, 29196.3746155861 
3062685, 31, 2.45555446419802e-05, 2177.57590165619 
1016, 241, 2.62977962446747e-05, 12859.0732379718 
2093824, 167, 2.48182066363885e-05, 13600.4724013815 
2758572, 23, 2.42983841574535e-05, 6577.87228013496 
1134405, 32, 2.99517776380028e-05, 1901244.28336883 
1553431, 1, 2.00932325992606e-05, 0 
2591634, 247, 2.69643531251685e-05, 30174.3278991181 
1179675, 4, 2.29289432050077e-05, 896.919110928914 
173559, 96, 2.64291566456114e-05, 25412.6847805092 
2018065, 113, 2.64641278746659e-05, 42044.6735088099 
2954090, 1, 2.15308429325008e-05, 0 
3036945, 20, 2.72257010618023e-05, 1826.60828482687 
392733, 12, 2.73867557649121e-05, 17654.3558497758 
475088, 21, 2.57413509060956e-05, 890.42537625653 
859143, 17, 2.10269565583078e-05, 5509.90409415876 
2683591, 30, 2.40222926876141e-05, 548.507136458087 
2871826, 1, 1.91277735271614e-05, 0 
3039851, 1, 2.30547550432277e-05, 0 
1526571, 9, 2.76456928010616e-05, 28646.410939241 
257438, 1, 2.15026018148196e-05, 0 
2596890, 38, 2.92525961679099e-05, 338236.323670323 
1089444, 1, 2.18493270407271e-05, 0 
118323, 27, 2.77246388865785e-05, 21503.8169844499 
2609809, 5, 2.29763573283092e-05, 5.46162028796375 
2662033, 1, 1.51317979602336e-05, 0 
2938232, 5, 2.48262164846077e-05, 7175.91010804831 
586, 32, 2.78559291345163e-05, 39790.5909413277 
2005456, 4, 2.444808449258e-05, 3668.13738381404 
2036, 21, 2.45392751098133e-05, 17861.4866654225 
28072, 69, 2.88791983134548e-05, 263733.369346242 
2834406, 2, 2.07947763521803e-05, 7538.38129163796 
3003351, 3, 2.30266187712996e-05, 3.5501270546492 
1591409, 1, 2.20390532022744e-05, 0 
85336, 16, 2.34268846928735e-05, 211.301392170879 
1750598, 14, 2.66084827843116e-05, 10646.2026761144 
43674, 46, 2.57387007103881e-05, 2925.90586420878 
2815358, 1, 2.20711574114947e-05, 0 
485447, 1, 2.28608005852365e-05, 0 
1921086, 2, 2.27432964133822e-05, 215.405281809012 
2175632, 32, 2.37772546781749e-05, 46068.5697274009 
2483360, 12, 2.54006959790698e-05, 6594.29237850358 
2591606, 9, 2.51218409285032e-05, 6960.38737038286 
2708053, 3, 1.85174897690869e-05, 9.82489330765041 
2781961, 266, 2.49376558603491e-05, 16243.3228965324 
54304, 6, 2.25855994218087e-05, 2886.34649216788 
84996, 85, 2.44045294806716e-05, 6481.21070916763 
2718875, 70, 2.55382179431519e-05, 5779.56790480523 
285473, 66, 2.4204870019848e-05, 2475.51654308785 
561061, 332, 2.49638024863947e-05, 33438.5248138353 
84999, 49, 2.61130695913305e-05, 21436.7320830387 
158841, 10, 2.69171758499098e-05, 15614.796628927 
1618022, 78, 2.8239015023156e-05, 29151.3698644177 
1621989, 54, 2.76372882292789e-05, 32447.6160740625 
220697, 1, 1.96649099347125e-05, 0 
267363, 8, 2.64326496087968e-05, 20608.6031507597 
2735317, 1, 1.87828700225394e-05, 0 
3070677, 300, 2.47279920870425e-05, 33957.748051031 
367298, 4, 2.13542890089474e-05, 166829.18074677 
1642646, 91, 2.74559332271704e-05, 75454.2027824068 
1752063, 39, 2.76426360017691e-05, 39162.9473444499 
2812000, 1, 1.96672304606065e-05, 0 
340146, 5, 2.48280656454056e-05, 107.553294734004 
44250, 2, 1.99199219139061e-05, 0 
1050638, 64, 2.7975158059643e-05, 58416.1350643754 
1442555, 3, 2.42683104402272e-05, 24.5375979863367 
146825, 11, 2.35349493998588e-05, 22.9232480174926 
178440, 277, 2.65604249667995e-05, 38731.5431234936 
215743, 11, 2.57440016476161e-05, 547.477190254492 
2217867, 1, 1.72729471102359e-05, 0 
28108, 6, 2.57858229545396e-05, 19620.8659448868 
2891570, 4, 2.41271985909716e-05, 1228.38789839887 
1571, 5, 2.1037130535395e-05, 49.1353238525573 
1752064, 39, 2.72903419479846e-05, 26313.1345245731 
2971798, 33, 2.37321119206398e-05, 436.488974905633 
85, 5, 2.67186790285088e-05, 8768.78037299473 
2494701, 4, 2.25657226672684e-05, 7674 
2750929, 1, 1.86922875621519e-05, 0 
28082, 84, 2.34400637569734e-05, 4042.14232385821 
2816357, 333, 2.57353887330468e-05, 37513.5217457982 
3031802, 338, 2.49146672646187e-05, 23350.4864661357 
797291, 278, 2.58973429326151e-05, 22297.8037274233 
108007, 12, 2.61930955000262e-05, 26071.8815262575 
1211807, 15, 2.59868506535693e-05, 19158.9025362112 
2732161, 286, 2.53466149595722e-05, 16113.3224969251 
53460, 12, 2.4050024050024e-05, 299.611138413915 
1085624, 250, 2.69157268592038e-05, 40932.8974347126 
1410606, 13, 1.53779910192532e-05, 30928.6216995669 
155978, 48, 2.91604700667775e-05, 53666.494835789 
1809, 32, 2.3482446870964e-05, 9176.18521359068 
2681766, 265, 2.63047138047138e-05, 26523.3360307952 
2764711, 68, 2.82621597942515e-05, 70884.690661992 
3003257, 318, 2.4703557312253e-05, 12990.0214522541 
45065, 12, 2.69599913728028e-05, 62107.4195389146 
1184, 62, 2.82143159439099e-05, 33669.8998256903 
1530123, 61, 2.25392746861406e-05, 73.343312062391 
1769, 9, 2.29821658393087e-05, 22.3589855281504 
2547394, 289, 2.50601443464314e-05, 38450.5373088404 
258255, 3, 2.49519674626344e-05, 156.695446466517 
2875962, 267, 2.66205244243312e-05, 36969.4174113083 
61592, 2, 2.1912525199404e-05, 0.551591504466907 
1397703, 53, 2.71370420624152e-05, 25278.5533476805 
1706369, 1, 1.78593752790527e-05, 0 
2259673, 17, 1.62466897369661e-05, 130876.00210696 
2789424, 65, 2.59773996622938e-05, 8560.43525834722 
2795383, 10, 1.5376808697123e-05, 18264.3596143487 
492, 15, 2.68276324614353e-05, 17273.7734966656 
1102, 16, 2.59618879484916e-05, 3936.40915843091 
1610576, 4, 2.40113333493409e-05, 9.68761063912065 
1717, 7, 2.58277803605558e-05, 12124.4336018131 
2715131, 323, 2.63497668045638e-05, 60009.2476491304 
2809707, 204, 2.6351849899863e-05, 15245.1732897015 
2913614, 2, 2.40390393999856e-05, 7674 
2268024, 5, 2.44851986973874e-05, 1.92459346997501 
2705473, 321, 2.65519621900058e-05, 57649.0781188375 
281120, 16, 2.19274202390089e-05, 59224.0598843401 
2970818, 6, 2.48700539680171e-05, 315.31859921319 
2980557, 2, 2.41884766097431e-05, 0 
2993563, 2, 2.4924603075696e-05, 446.948115322637 
1261031, 42, 2.76678748305343e-05, 14787.0669718643 
1461582, 10, 1.94529821421624e-05, 11083.4132095323 
1795355, 224, 2.64522272775368e-05, 19487.7035053669 
291644, 255, 2.65681872525838e-05, 34653.0756598813 
338565, 8, 2.47145469823538e-05, 72.5602748612249 
971, 56, 2.81920442051253e-05, 39843.0275112908 
109266, 33, 2.63824398480371e-05, 5968.3779244758 
1158459, 11, 2.58011249290469e-05, 2190.64541965567 
1265601, 32, 2.3958408203359e-05, 681.889122629617 
1642647, 51, 2.4648147691701e-05, 3155.05082824968 
2739434, 2, 2.19408912390021e-05, 2270.5240905204 
2841662, 14, 2.37399995252e-05, 842.952286300782 
28454, 312, 2.6542800265428e-05, 60251.656779709 
3039392, 5, 2.38441546054985e-05, 39.1743869382583 
328812, 147, 2.62529206374209e-05, 18953.6249673086 
551996, 285, 2.58819266506199e-05, 42532.2806421644 
1389223, 3, 2.12833883154198e-05, 7680.47778473297 
1742359, 183, 2.45935909102088e-05, 17111.4670754283 
2801033, 11, 2.34626123272565e-05, 964.195666685693 
2859768, 261, 2.57858229545396e-05, 86841.550404198 
285983, 13, 2.42300889244264e-05, 40402.3925813509 
3070679, 255, 2.34340215124317e-05, 15155.8344448305 
833, 19, 2.70284880263798e-05, 1535.13252897553 
1232428, 5, 2.52385038614911e-05, 3625.2601110547 
1727163, 263, 2.57778465187018e-05, 15823.3199560339 
1903410, 2, 2.23808777780265e-05, 10.3916062586325 
2109593, 7, 2.29420941543544e-05, 20.2959634364559 
2588534, 5, 2.48787162582411e-05, 169.870383388308 
118163, 89, 2.79212620410443e-05, 95216.4364093061 
1218801, 91, 2.78994503808275e-05, 103932.767704474 
1306519, 260, 2.56778964667214e-05, 37155.2810737766 
1350, 28, 2.83045570336824e-05, 69771.9905914729 
1532905, 2, 1.99100067694023e-05, 8019.57011207579 
208479, 2, 2.41435090176006e-05, 0 
2829502, 12, 2.67622972755981e-05, 20304.8286178665 
2993314, 73, 2.55414793624847e-05, 29420.5806702073 
930972, 258, 2.70065896078643e-05, 44928.362065411 
1525371, 17, 2.48706725029845e-05, 882.740257400194 
1671721, 10, 2.57519571487433e-05, 15170.3440234472 
1796652, 6, 2.45754589466958e-05, 2196.95635954053 
2508306, 4, 2.45543387516574e-05, 10778.2202063861 
2557994, 351, 2.61103423065876e-05, 43277.1896542344 
38308, 4, 2.55591054313099e-05, 31.0941749593684 
528191, 13, 2.04064974287813e-05, 14.5643928819322 
88058, 2, 2.20696961002847e-05, 0 
1423, 7, 2.34907211651398e-05, 115.035855874764 
1458307, 4, 2.30829601588108e-05, 11343.6823290092 
192149, 326, 2.57745244600237e-05, 41282.052544727 
2979869, 286, 2.62680921484673e-05, 33654.5549014988 
666686, 206, 2.44947948560931e-05, 12600.3328854548 
92490, 1, 1.92596587188475e-05, 0 
1584, 6, 2.51149006705678e-05, 12662.503734778 
1692041, 2, 2.26469788930157e-05, 0 
2665646, 2, 2.12806707667426e-05, 7674 
272131, 62, 2.71968234110256e-05, 31438.6045365098 
279826, 221, 2.62350132486817e-05, 68251.4363886973 
2983214, 39, 2.59659326963025e-05, 7908.69305483299 
3031408, 14, 2.48880039820806e-05, 44723.1197843252 
580, 22, 2.64900662251656e-05, 12241.5119979451 
1229, 1, 2.21533008418254e-05, 0 
171, 19, 2.82701495490911e-05, 86355.6552083325 
2126553, 262, 2.64872596281189e-05, 20414.7930567187 
232346, 1, 1.89110989239585e-05, 0 
2795738, 343, 2.56140979995389e-05, 27160.167189569 
2942204, 6, 1.32779201465882e-05, 3.17051282051282 
354349, 31, 2.53196607165464e-05, 85.4168251772724 
1173101, 15, 2.80033604032484e-05, 24033.5508367416 
1282, 60, 2.39120038259206e-05, 29624.8057405358 
1936021, 38, 2.6445231924684e-05, 15559.3924572604 
2059875, 2, 2.2019641520236e-05, 0.414931742980054 
2743772, 5, 2.36602389684136e-05, 1317.58245861339 
37482, 5, 2.52499747500253e-05, 77.4331755233462 
135577, 7, 2.49196341797702e-05, 2798.69027740795 
1442551, 11, 2.44098908877877e-05, 883.901867617298 
1504981, 27, 2.82525780477469e-05, 28044.6527114003 
154116, 63, 2.39245896932868e-05, 29982.574035476 
2071710, 4, 2.3239060212405e-05, 15347 
2911176, 4, 2.2583049163298e-05, 0 
2983220, 26, 2.56739409499358e-05, 10212.0753161047 
1564, 13, 2.55466993664419e-05, 19130.421436936 
185300, 338, 2.6651031394915e-05, 59719.9950109437 
2487065, 94, 2.30909552728196e-05, 513.842423915674 
2653858, 21, 2.78404187198975e-05, 21945.6692466931 
291990, 112, 2.77123458500762e-05, 153204.330031311 
89153, 6, 2.42871715160052e-05, 3262.38996303596 
1475485, 22, 2.6195840100592e-05, 9384.36976426363 
152053, 5, 2.39509484575589e-05, 174.548356891253 
2709403, 21, 2.47494122014602e-05, 3271.06598733688 
2758724, 2, 2.27453656317525e-05, 0 
2934340, 7, 2.53010828863475e-05, 2361.38563929368 
837, 3, 2.31181801368596e-05, 1805.21425319905 
2027857, 362, 2.49962505624156e-05, 37383.9809286257 
2851642, 5, 2.38373340325618e-05, 43.123405620439 
2911367, 36, 2.52946830576213e-05, 6975.00429250783 
2934937, 3, 2.30446605521501e-05, 41336.8750371371 
308865, 311, 2.65223848928496e-05, 38336.5545312827 
317936, 40, 2.73388375526273e-05, 30180.0614512176 
33007, 4, 2.31347599768652e-05, 5444.23070176331 
480418, 51, 2.58277803605558e-05, 7005.51638407774 
1589, 72, 2.52264070028506e-05, 4722.76235266792 
3023076, 1, 1.13597637169147e-05, 0 
34038, 11, 2.53633296979227e-05, 44101.0320105501 
34062, 4, 2.31123026787159e-05, 4384.44387286852 
391613, 1, 2.0641965115079e-05, 0 
42239, 43, 2.50413181749887e-05, 12011.9103334767 
678932, 2, 2.15049138728199e-05, 5.21749746093937 
99807, 13, 2.39871428914102e-05, 1053.27248988778 
2502784, 347, 2.5360113613309e-05, 20425.423388614 
438, 1, 2.30723086152e-05, 0 
502, 2, 2.27324391907252e-05, 11.9344344582903 
59753, 2, 2.27453656317525e-05, 0 
641148, 6, 2.35139202407825e-05, 8810.18264358798 
890, 35, 2.65950373660275e-05, 43947.4991222236 
1069494, 20, 2.26403133419367e-05, 10412.4793707141 
1173586, 11, 2.6695854133853e-05, 5906.8178674239 
2218628, 5, 2.017023679858e-05, 27493.6200399985 
2518989, 8, 2.55277869961453e-05, 23910.9904480682 
666, 2, 2.25078214679601e-05, 8645.82493603354 
1075398, 75, 2.55121565425925e-05, 50524.3527000962 
1612551, 47, 2.47396155463744e-05, 7553.65451460737 
2183582, 6, 2.51338376856762e-05, 3009.73963889227 
2497456, 282, 2.47788487746859e-05, 45311.1674034148 
2742796, 6, 2.21165542408493e-05, 1386.944622532 
1173026, 52, 2.6758000642192e-05, 38494.80310295 
1749259, 1, 2.15169445938677e-05, 0 
1761012, 14, 2.69323996768112e-05, 14078.8325957054 
238834, 237, 2.49525900788502e-05, 66081.3370822975 
2494548, 22, 2.55375657592318e-05, 44164.8780676048 
2609807, 13, 2.30680507497117e-05, 7459.48190771221 
3022697, 21, 2.77963086502113e-05, 43929.8405696412 
48461, 320, 2.59605399792316e-05, 26686.8532516583 
1174501, 2, 2.2779562176815e-05, 1191.17785166823 
1868325, 1, 2.31320842007865e-05, 0 
2033033, 3, 2.06564623742538e-05, 4773.61536004903 
2420135, 5, 2.25017438851511e-05, 15347 
2899133, 288, 2.3906858877812e-05, 15677.8019141102 
538, 8, 2.38418806475455e-05, 815.111845377416 
958, 322, 2.40859386290284e-05, 44410.3774271018 
232259, 321, 2.62109456909205e-05, 39827.3695234676 
1659194, 20, 2.1896691409928e-05, 13.6059452846991 
186803, 1, 2.11032794496265e-05, 0 
1874277, 12, 2.43896490329504e-05, 87.136658008739 
1930071, 11, 2.63421316052895e-05, 55056.5277946891 
2675298, 22, 2.62722328770722e-05, 22573.5141600988 
2879938, 373, 2.48923406267891e-05, 99949.5829327708 
152268, 222, 2.30818945619056e-05, 7525.13095424977 
2161677, 3, 2.24185087207999e-05, 7676.78860011804 
2546366, 18, 2.51813053988719e-05, 44440.3155157913 
2594461, 67, 2.36607987885671e-05, 381.845376577996 
28031, 22, 2.2691173133651e-05, 241.107900243096 
2881428, 2, 2.30872235304982e-05, 9.51537854087525 
2907623, 375, 2.56370814746449e-05, 31642.237300835 
2950541, 3, 2.1338796065126e-05, 7679.58234709466 
1006, 371, 2.54699200244511e-05, 28706.271478874 
1279031, 7, 2.21990365618132e-05, 2.25896977901493 
1426, 6, 2.39268794563813e-05, 32616.5053996329 
1702221, 1, 1.59882326607617e-05, 0 
1725232, 36, 2.62301962018676e-05, 73792.3988804867 
1796646, 3, 2.35106032820802e-05, 4103.98880381125 
1922217, 68, 2.45651960302643e-05, 978.879634861063 
2773294, 2, 2.24840363342027e-05, 57.6322182985746 
28111, 214, 2.47451252103336e-05, 12032.2442920799 
511745, 5, 2.17306271458994e-05, 5349.5505274392 
1295392, 4, 2.28211506424154e-05, 861.503074888422 
1338368, 3, 2.4595405578238e-05, 831.10662441946 
1470066, 12, 1.47819660014782e-05, 13055.5449698155 
206662, 21, 2.32525694089197e-05, 5062.31170045451 
2806443, 5, 1.78164196123147e-05, 17793.7558992345 
29486, 1, 2.02646564127505e-05, 0 
453816, 210, 2.36322816967978e-05, 6821.58252694303 
1008, 10, 2.27159147698878e-05, 0.709342814225985 
1590, 19, 2.40801387015989e-05, 2479.94150308715 
195253, 6, 2.37636938285687e-05, 1448.48517563236 
2249356, 346, 2.36099634045567e-05, 57571.6806179433 
2778876, 2, 2.06957925453755e-05, 7674 
2898076, 295, 2.31529716839156e-05, 7941.86213656056 
2908645, 244, 2.57023157786517e-05, 38317.1603863347 
2980108, 1, 1.61809679455025e-05, 0 
3020906, 9, 2.21420189092841e-05, 367.627886896111 
52959, 362, 2.57254579131509e-05, 69540.458752787 
1871076, 330, 2.57161960602788e-05, 28380.2215829333 
2126319, 141, 2.32986183919294e-05, 2142.74418806097 
253245, 347, 2.58224448690802e-05, 31972.4399938764 
2576839, 127, 2.28310502283105e-05, 9987.4019424583 
2746225, 345, 2.35094978371262e-05, 10334.5306657254 
545, 1, 2.17249619813165e-05, 0 
17, 5, 2.37902650235524e-05, 5.12718962588686 
1730, 2, 2.03898540086453e-05, 36.3963886790969 
2316383, 21, 2.56976923472272e-05, 23986.3642131282 
2893884, 297, 2.387945650357e-05, 9193.10325138772 
289435, 1, 2.16220891262514e-05, 0 
2933872, 270, 2.33967384946538e-05, 27269.9376376664 
2994319, 345, 2.41207969511313e-05, 20396.2200713034 
82977, 3, 2.31776567389037e-05, 7682.99444630343 
1307, 2, 2.19959087609705e-05, 2167.31221784113 
150829, 9, 2.55225747173375e-05, 3020.84182305132 
1755682, 2, 1.38912040895705e-05, 23016 
1776384, 2, 1.85109770093666e-05, 114.212084831453 
2865840, 9, 2.47806908856619e-05, 8030.94589497744 
34090, 8, 2.3227185097438e-05, 7051.87371948465 
66228, 7, 2.26398007697532e-05, 86.0682968122279 
84406, 50, 2.40338396462219e-05, 2513.92653436299 
1017270, 9, 2.44456938910211e-05, 5476.23825592091 
1164, 30, 2.58779080299149e-05, 51824.2241836387 
1597, 1, 1.51185292694727e-05, 0 
1705566, 21, 2.53556124648191e-05, 50323.6408942904 
2758037, 212, 2.54757598145365e-05, 30932.6150548008 
2854186, 9, 2.42107301956227e-05, 97.4028802804855 
32064, 58, 2.47341083353945e-05, 58785.2381316408 
1761453, 354, 2.56963716723199e-05, 52155.1533548476 
1963025, 12, 2.45440934639079e-05, 508.301521971759 
2528593, 2, 2.32266456078413e-05, 0.860037008552347 
2661553, 17, 2.5783163594173e-05, 57948.7115603478 
2662364, 347, 2.53267146185797e-05, 91026.6292801513 
278132, 3, 1.93427339020097e-05, 1340.37111315529 
718286, 13, 1.47826215501057e-05, 15186.3550058679 
82654, 6, 2.31529716839156e-05, 426.399630338207 
848, 56, 2.46129611853602e-05, 8366.30933528735 
1129264, 4, 2.4918392265331e-05, 4616.85488700286 
153493, 1, 2.12729748127978e-05, 0 
2779359, 330, 2.53626864157452e-05, 47409.9762648353 
3075222, 3, 2.40975468697287e-05, 15113.0818818515 
314275, 3, 2.41855515515031e-05, 782.462367662062 
361177, 245, 2.51755998086654e-05, 8907.99132344004 
373687, 1, 2.00469097688591e-05, 0 
45404, 3, 2.32088564996403e-05, 2249.65057925582 
1323375, 21, 2.45821042281219e-05, 14305.6416018796 
13373, 7, 2.37563548249157e-05, 21460.7909932915 
1833852, 10, 2.47727103822429e-05, 53369.6912533832 
2039166, 206, 2.5904051393638e-05, 24619.3139207373 
246787, 269, 2.57393632081542e-05, 22705.0001397397 
2691580, 5, 2.25331801077086e-05, 15346.0370630944 
2789425, 2, 2.23099747897285e-05, 630.009667618178 
2929798, 19, 2.24230329394354e-05, 19467.7354246202 
3060215, 361, 2.36233493184664e-05, 14587.008253881 
551989, 2, 2.19086846025765e-05, 7674 
879567, 27, 2.64047317279256e-05, 60430.4065332515 
111501, 349, 2.53704079561599e-05, 29520.5003659262 
2202721, 321, 2.51464782357231e-05, 21792.4083102142 
2320, 16, 2.38248397779525e-05, 33125.1585267915 
2562285, 156, 2.51458459062563e-05, 62516.1172798671 
2854036, 2, 2.08407144196903e-05, 53.4202631525877 
2897333, 160, 2.16361236720829e-05, 12627.2134983226 
2903536, 2, 1.80219146482122e-05, 129.948878590473 
504090, 4, 2.41797035568344e-05, 10348.6772620424 
82976, 6, 2.22940586333742e-05, 9317.85610670593 
101385, 232, 2.58151121666624e-05, 31041.21818109 
2572090, 52, 2.55937755937756e-05, 71859.559557431 
2823902, 1, 1.74822118494432e-05, 0 
28251, 355, 2.5851817382762e-05, 48734.6971033982 
2872157, 1, 1.94764724213151e-05, 0 
2893202, 352, 2.50137575666617e-05, 33955.4106015057 
29495, 9, 2.50356758380692e-05, 15926.0351292571 
296745, 1, 1.94544959340104e-05, 0 
2968831, 1, 1.93760899050572e-05, 0 
31979, 5, 2.03458799593082e-05, 15911.8331161526 
671990, 1, 1.91883334932361e-05, 0 
1547283, 194, 2.28576653180644e-05, 7731.270372387 
1784714, 378, 2.56449710211827e-05, 39960.0359612982 
2749808, 2, 1.71197699102924e-05, 7674 
2997336, 348, 2.49252243270189e-05, 50551.624351789 
373994, 2, 2.16309755569976e-05, 0 
430451, 298, 2.36149813441647e-05, 14622.8592792513 
60478, 5, 2.2037110494072e-05, 7756.25101202069 
632773, 7, 2.46956264045638e-05, 18200.9830326945 
1218177, 5, 2.09608451412761e-05, 15776.7196053563 
1825023, 3, 1.2444621434616e-05, 7674.66666666667 
2005388, 134, 2.33464851866551e-05, 15081.4162997258 
2264, 17, 2.29105571847507e-05, 10106.8677732208 
241425, 40, 2.52665622315428e-05, 66581.0718401951 
2604941, 2, 2.2102378215896e-05, 0 
2748865, 127, 2.32861400894188e-05, 3705.57725993547 
3029399, 20, 2.23398789178563e-05, 7192.05404361088 
490759, 5, 2.39813904410178e-05, 3804.469283681 
65700, 1, 1.82882223847842e-05, 0 
712471, 10, 2.39612785738247e-05, 46180.1070410295 
155977, 1, 1.67434072833822e-05, 0 
1827144, 4, 2.2121446742617e-05, 7715.85511574278 
2487064, 219, 2.30563497187125e-05, 5511.45867628777 
2499157, 34, 2.38840192027514e-05, 13519.5415273505 
2697023, 16, 2.32439217144717e-05, 45.6546409449298 
2731755, 14, 2.51965329570651e-05, 24256.9671546054 
3016339, 358, 2.36921910538287e-05, 10324.2136590537 
35787, 29, 2.4186721489902e-05, 38407.3342768595 
398743, 329, 2.51363647789257e-05, 24374.0771504458 
999, 302, 2.35682300259251e-05, 9687.00679216202 
1751056, 368, 2.34307270554605e-05, 14892.8547234525 
1959104, 9, 1.4781092027079e-05, 943.559256319999 
2721545, 7, 2.27205598345943e-05, 38878.2497883522 
2891210, 3, 2.11537241131301e-05, 72.4105437248096 
2954080, 98, 2.21067757267603e-05, 2490.7403036227 
3003259, 340, 2.30388204123949e-05, 21481.5870511194 
3034230, 1, 2.21724573734507e-05, 0 
3073902, 1, 2.07921821395155e-05, 0 
332951, 6, 2.15693887235236e-05, 7819.60575194974 
497725, 5, 2.35045246209895e-05, 13023.3671734141 
669359, 3, 2.12521783482807e-05, 868.634045575478 
878220, 320, 2.35366111987196e-05, 18438.6597602824 
91604, 5, 2.21150869122916e-05, 111.986388398131 
1436084, 2, 1.83641238476512e-05, 268.460390370967 
2478552, 282, 2.34038569556263e-05, 7227.58888364425 
2864102, 5, 2.21911546057741e-05, 9084.76875831841 
2935040, 7, 2.20546072074456e-05, 16395.5932350234 
2998559, 1, 1.79035001342763e-05, 0 
1107, 17, 2.31905568052689e-05, 7986.19342766648 
139438, 10, 2.35006580184245e-05, 120.873009099179 
1647413, 5, 2.32342007434944e-05, 25438.2879824716 
200991, 2, 1.88629418644132e-05, 7674 
2696560, 7, 2.28461766923305e-05, 10027.1554225526 
2715212, 127, 2.5507601265177e-05, 20875.2747867328 
2867026, 9, 2.1359306249733e-05, 30792.3755927217 
2949629, 5, 2.15266715460456e-05, 64.0631780189789 
2986837, 366, 2.50551212667869e-05, 34381.4395947035 
3019933, 3, 2.23653605296117e-05, 39795.4477398917 
46257, 8, 2.54329967700094e-05, 23862.3429928716 
53409, 3, 2.27350233033989e-05, 1800.61919444359 
2067958, 2, 2.11752249867655e-05, 192.698328391475 
252966, 11, 2.3906858877812e-05, 1289.66627706841 
2704140, 329, 2.35899129532212e-05, 14903.9829309757 
2705471, 298, 2.54265300414452e-05, 37318.1874257821 
28131, 7, 2.48391663975757e-05, 12656.9480583718 
2821559, 18, 1.94140829757906e-05, 7978.40256651891 
2976884, 2, 2.12395395267831e-05, 172.446358581787 
309806, 2, 1.99250816928349e-05, 7674 
676210, 4, 2.05812134683461e-05, 1734.25816402539 
1017, 10, 2.39348970799426e-05, 1587.86653311066 
1464, 1, 2.2288592698257e-05, 0 
1476754, 21, 2.23079840274834e-05, 17581.8554145881 
1510466, 11, 1.47815290013599e-05, 3421.8865133074 
160386, 2, 1.83405472819309e-05, 17.44977791077 
2094025, 326, 2.49308169828725e-05, 18526.0010042009 
2507538, 252, 2.3945213351851e-05, 11284.5921488542 
2829597, 12, 2.48071246061869e-05, 71651.5043263108 
2862509, 324, 2.39905956864909e-05, 22324.9921703492 
2918516, 2, 1.99996000079998e-05, 200.873898150884 
2986829, 367, 2.36071765816808e-05, 8693.90662682174 
3025668, 272, 2.30888227009305e-05, 6243.4409468456 
43657, 3, 2.24769611148573e-05, 586.070026134962 
1104324, 13, 2.36066192960506e-05, 9666.84022235937 
1118202, 23, 2.46311485504569e-05, 3134.49038770375 
1383885, 205, 2.33573914465233e-05, 3320.95563297141 
1818004, 21, 2.26875694806815e-05, 3329.85818447669 
187493, 2, 1.60235867196513e-05, 7674 
203192, 8, 2.40934827129262e-05, 6752.4343935142 
2651972, 4, 2.19163671429824e-05, 5886.54159788175 
28091, 4, 2.42559487714362e-05, 7906.92495922042 
2809708, 11, 2.22970411826351e-05, 286.682126099804 
3042615, 1, 1.96776796080206e-05, 0 
458033, 10, 2.30478473310593e-05, 2752.00515139146 
228745, 1, 1.96869770646717e-05, 0 
2518971, 2, 2.06496375988601e-05, 7674 
2609667, 1, 1.91883334932361e-05, 0 
2761580, 348, 2.5766555011595e-05, 36768.7081541715 
2766537, 2, 2.12738799302217e-05, 7674 
282402, 18, 2.29405152439724e-05, 13197.0132183025 
2893886, 335, 2.31112343710278e-05, 37170.4831978228 
2937442, 357, 2.3664718271529e-05, 68339.2624908295 
2949635, 210, 2.53087669568739e-05, 49898.0131659546 
40576, 21, 2.67751954589268e-05, 203587.731309316 
55206, 4, 1.82242309374544e-05, 15347 
58138, 14, 2.38680573788099e-05, 15602.5171308459 
680, 1, 1.99242877067145e-05, 0 
729, 18, 2.50281566762608e-05, 557.595091263259 
889453, 221, 2.56390534061482e-05, 48095.9050403781 
1502, 101, 2.36748029072658e-05, 997.077674546537 
412593, 2, 2.38920081232828e-05, 15346 
44260, 1, 2.2433093299235e-05, 0 
459472, 1, 1.59882326607617e-05, 0 
712, 122, 2.49202551834131e-05, 11775.0420112442 
1241979, 335, 2.34527076150942e-05, 13785.990783101 
1441095, 39, 2.32650117488309e-05, 265.252958918262 
1605721, 2, 1.80290628493131e-05, 58.2821097582727 
2201181, 364, 2.36501667336755e-05, 15664.4248285294 
2724191, 18, 2.63608804534071e-05, 222004.267956197 
2973072, 19, 2.61917234154007e-05, 170531.751974741 
553611, 16, 2.31406488637941e-05, 171.653248125544 
1230341, 3, 1.91831801876115e-05, 130.196089669519 
169669, 3, 1.74434831147083e-05, 30687 
1890302, 5, 2.09419698016795e-05, 32831.4304608293 
2487072, 303, 2.36294896030246e-05, 12158.3607598549 
271097, 11, 2.40679679414667e-05, 9406.89204963937 
279359, 375, 2.52742253449932e-05, 92163.5685246902 
28118, 283, 2.54271765663141e-05, 51178.4816838568 
2982691, 6, 2.25713253882268e-05, 1669.71763306047 
338190, 11, 1.32802124833997e-05, 11.9207375957376 
1130723, 341, 2.53087669568739e-05, 60262.4560316276 
129958, 3, 2.20201263955255e-05, 139.521951565943 
184755, 4, 2.36848961417304e-05, 3303.88420420478 
2283318, 1, 2.02950906175796e-05, 0 
2801844, 2, 2.02790395846853e-05, 0 
29438, 3, 2.12404418011895e-05, 9115.52869942435 
358766, 9, 2.48348482590771e-05, 437.124461594119 
47678, 335, 2.53588274078207e-05, 116196.59929795 
72361, 3, 2.15531176584693e-05, 7790.58566743451 
89373, 31, 2.518955137409e-05, 415.025895472257 
1389011, 1, 1.62369292719361e-05, 0 
1500254, 2, 1.8822112217433e-05, 0 
2743000, 11, 2.24825198408238e-05, 16797.1040995663 
2853432, 1, 2.0599443815017e-05, 0 
290053, 1, 1.63302632438435e-05, 0 
2929799, 345, 2.32007795461928e-05, 43684.4921935226 
329857, 2, 1.94220012430081e-05, 15.8910002549958 
332410, 2, 2.02646564127505e-05, 15346 
580165, 229, 2.30621987500288e-05, 5371.15200745724 
1050624, 5, 2.34203007166612e-05, 428.542710414475 
2042057, 1, 1.97219209150971e-05, 0 
2487074, 308, 2.56844917039092e-05, 30117.9220198668 
2562449, 1, 1.96093811279316e-05, 0 
2742683, 8, 2.27133349989779e-05, 3487.4166527889 
28262, 1, 1.77289247407145e-05, 0 
2879939, 249, 2.29563141342026e-05, 7557.69888294557 
863643, 7, 2.36110783179468e-05, 1441.45263322862 
1380685, 1, 1.75981979445305e-05, 0 
1603555, 8, 1.44494054069675e-05, 1656.04953189272 
171695, 5, 2.23703637421144e-05, 5948.98329228473 
1729720, 343, 2.36272564029865e-05, 21947.5661348144 
2745514, 2, 1.79568676040152e-05, 47.3613533901964 
2814275, 2, 1.73307221711929e-05, 5240.72517814254 
33035, 3, 1.89890243439292e-05, 15347 
34085, 345, 2.5153435959352e-05, 32341.6581375958 
374981, 2, 2.14758182286745e-05, 16.7625446797646 
46507, 5, 2.28990153423403e-05, 36318.6168558802 
497, 18, 2.36591194075756e-05, 106.814927273903 
57487, 2, 2.15936082919456e-05, 23016 
1019, 289, 2.53113293510175e-05, 88043.7264243353 
2299, 20, 2.42001839213978e-05, 10132.7247648676 
2676309, 14, 2.07632573398115e-05, 11071.9107868683 
408139, 5, 2.39188672024493e-05, 22781.120819072 
411153, 341, 2.52646471792021e-05, 27330.3168845557 
674529, 135, 2.53472574267464e-05, 45206.5578435523 
712036, 2, 2.04356888870724e-05, 7674 
1331736, 19, 2.11023887904111e-05, 2511.99552992551 
1353976, 8, 1.88377131016295e-05, 38474.9235345536 
218284, 9, 2.22069241189403e-05, 642.736615057059 
28113, 178, 2.54861482784107e-05, 40321.6775340744 
2821536, 24, 2.40517593861991e-05, 31050.7924664101 
2849039, 14, 2.37495843822733e-05, 11758.7606435436 
2917990, 5, 2.02240828378433e-05, 28409.8224387972 
2976127, 355, 2.48478071810163e-05, 83693.6802402403 
3024242, 163, 2.27946204695692e-05, 3471.32082036935 
387661, 175, 2.50300360432519e-05, 21286.0044127152 
45656, 8, 2.55872268563533e-05, 21956.0066712395 
47715, 1, 1.92994306667953e-05, 0 
587, 6, 2.24129815989421e-05, 3477.00183876595 
880, 4, 2.17523710084399e-05, 1409.32362044246 
981385, 1, 1.81422351233672e-05, 0 
1717717, 280, 2.54803037252204e-05, 31716.2850123382 
84565, 1, 2.22895863052782e-05, 0 
67260, 14, 2.44654303469198e-05, 11.0849361545513 
1193713, 255, 2.59121061359867e-05, 37371.903770115 
1536648, 80, 2.91366801666618e-05, 14822.4070028871 
1884263, 32, 2.85820447594821e-05, 5600.53034624427 
218673, 13, 2.78210549744046e-05, 3244.69682365204 
2825975, 30, 2.67408278960317e-05, 13318.5053446098 
2895491, 16, 2.45730433714215e-05, 7599.60813130772 
565, 25, 2.89443978118035e-05, 9826.77197571971 
911, 5, 1.66608353742857e-05, 3940.00283566447 
1914861, 20, 2.73358482313706e-05, 1948.27291269442 
2144175, 109, 2.99877050409332e-05, 56743.2725984081 
2488819, 120, 2.85388127853881e-05, 16097.5367464545 
2594459, 3, 2.20351681283328e-05, 0.45333102926171 
2895522, 30, 2.72472139723713e-05, 318.969811101117 
37929, 59, 2.65470280602087e-05, 823.660587373301 
492670, 1, 2.26793368561903e-05, 0 
670, 2, 2.41820424153024e-05, 7674 
1389005, 1, 2.09432855826422e-05, 0 
1422, 79, 2.73950086294277e-05, 9370.06528391374 
146827, 6, 2.34604105571848e-05, 18.4796448306213 
2886359, 4, 2.16924445215731e-05, 0.135933420259044 
3074898, 18, 2.83494925440835e-05, 20234.8584611263 
81462, 173, 2.77608128365999e-05, 23001.1961738897 
2692235, 54, 2.58665287118469e-05, 386.985945657431 
2920939, 316, 2.58544909250737e-05, 23724.1000249776 
739141, 85, 2.67315351920661e-05, 5352.8884178139 
133539, 11, 2.712600027126e-05, 321.458088114027 
2956798, 1, 1.82952487239064e-05, 0 
3057114, 157, 2.65329406458118e-05, 12958.2929931615 
865757, 2, 2.48719096652241e-05, 107.196792744607 
1863, 11, 2.38231370306842e-05, 1.86950116543502 
2898151, 154, 2.65484376244458e-05, 4099.82746644138 
2047767, 46, 2.99419126893826e-05, 149524.474363374 
2923366, 36, 2.7766208524226e-05, 26677.6136585657 
2675230, 27, 2.27676335321707e-05, 26929.0598870828 
2835041, 145, 2.48607796340493e-05, 5647.50105875164 
2866810, 31, 2.79072363463846e-05, 411.082735719301 
556325, 121, 2.68593376487336e-05, 10083.7933186912 
66269, 1, 1.86790197250448e-05, 0 
1173032, 17, 2.82877429209923e-05, 345.542025023373 
1920883, 1, 2.32137053716514e-05, 0 
2884220, 238, 2.74265653712186e-05, 24209.6127220283 
2983230, 220, 2.72828963522768e-05, 26255.2010220212 
43658, 13, 2.84900284900285e-05, 9772.14304218111 
163011, 114, 2.73515494652772e-05, 58409.1675172145 
2751171, 54, 2.8681236734928e-05, 23509.2641339925 
2856523, 276, 2.7753108348135e-05, 110811.97077731 
1916, 54, 2.43658780244146e-05, 7209.1162026779 
3064892, 11, 2.0663718642807e-05, 215.00379406384 
1082704, 24, 2.87711827833242e-05, 26062.8725152829 
1129704, 5, 2.50884367395068e-05, 41.3851617574577 
1911573, 258, 2.77392510402219e-05, 32261.7065080133 
2025658, 1, 2.21877080097626e-05, 0 
2950604, 2, 1.7641973784027e-05, 1960.07077731869 
1536773, 14, 2.75489682911375e-05, 8936.55842593397 
1827305, 217, 2.46682125413193e-05, 4599.6831986515 
221341, 48, 2.8770355026181e-05, 15158.7210840761 
254, 302, 2.62860447388481e-05, 39655.263348649 
485880, 2, 2.14601485042277e-05, 1.35510041226375 
76890, 106, 2.77677505345292e-05, 31486.8989931697 
1109412, 3, 2.51357329579731e-05, 0.740041161099427 
155077, 4, 2.35028673498167e-05, 23041.7884940593 
2303750, 31, 2.33644859813084e-05, 107.96558275427 
2576756, 11, 2.77346350122032e-05, 5294.79379883888 
2954093, 1, 1.82932406475807e-05, 0 
142864, 108, 2.84965234241423e-05, 48307.5735193127 
1851148, 17, 2.82230751862723e-05, 45849.9465121426 
2252, 35, 2.81594953818428e-05, 3918.3675680289 
2496028, 12, 2.74770566576908e-05, 12079.6067522557 
46355, 2, 2.0641965115079e-05, 7674 
576131, 6, 2.80638733758033e-05, 1129.31661268431 
1125, 32, 2.93659883123367e-05, 30277.2257651138 
2294119, 254, 2.58271133035461e-05, 21485.3901478419 
2772483, 226, 2.71953441570803e-05, 34921.4062998119 
2878678, 140, 2.58177781220148e-05, 2949.22302228138 
2914041, 99, 2.88575303725507e-05, 31145.480077211 
75787, 12, 2.72918315548156e-05, 732.071001539858 
1160973, 123, 2.87026406429392e-05, 43825.3857920219 
121871, 210, 2.74559332271704e-05, 44510.7253293362 
2072642, 4, 2.55891911256685e-05, 40.5567320825211 
2883127, 8, 2.62736134100523e-05, 50.5866257687508 
55212, 11, 2.85910338517841e-05, 11962.4254767093 
2512235, 5, 2.55970512196995e-05, 2005.04663578777 
2576902, 112, 2.95455888435857e-05, 84774.166184428 
1125966, 72, 2.93590910425413e-05, 69653.9358271225 
1758466, 18, 2.39177230327673e-05, 98.6889486305979 
3003263, 209, 2.47200454848837e-05, 3700.99568432579 
3035454, 3, 2.60193063252934e-05, 77.6794565818677 
412384, 18, 2.28948211914465e-05, 317.633997280916 
47877, 47, 2.59929299230609e-05, 1659.27468497138 
1712516, 144, 2.64816482177851e-05, 18037.0289676897 
2153485, 58, 2.51414204902577e-05, 721.009540042004 
2675216, 46, 2.47102720600954e-05, 744.85839257301 
2929493, 125, 2.74040174289551e-05, 9938.43005556234 
299767, 26, 2.68046211166805e-05, 20065.9472311513 
300019, 2, 2.20055894197126e-05, 5941.12363809913 
1643824, 61, 2.70423754022553e-05, 1701.7907974634 
1917421, 6, 2.57029764046677e-05, 21650.1047073269 
2867023, 27, 2.83543155268232e-05, 2435.07074935277 
1499308, 14, 2.65104318549349e-05, 1502.78099929613 
1573712, 5, 2.60715403066013e-05, 16762.8218909784 
2162713, 187, 2.69294985727366e-05, 49856.8486495894 
307580, 16, 2.80198380453361e-05, 5075.22537862236 
1844006, 8, 2.59477412491243e-05, 32.1162966398376 
3043332, 199, 2.51079642462589e-05, 12898.66082969 
33074, 43, 2.86196731633325e-05, 10397.0391018638 
41202, 4, 2.5745327223109e-05, 172.30962314854 
446679, 50, 2.84794805342751e-05, 12169.1053635641 
1602166, 65, 2.26459531681688e-05, 137.506822375045 
264686, 97, 3.0717247734603e-05, 300284.303488353 
2870860, 3, 2.4094643760692e-05, 143.277945190973 
52972, 249, 2.77077387714389e-05, 100240.970383624 
1163710, 10, 2.91375291375291e-05, 74975.2856756249 
1306274, 121, 2.88950531668978e-05, 71212.1590194854 
259, 239, 2.6347684038573e-05, 38942.6199908417 
2884805, 12, 2.21891849912353e-05, 1867.13043326645 
2565926, 3, 2.1045542554087e-05, 121.40660772777 
2716226, 3, 2.56285399420795e-05, 1657.86892382723 
1912216, 104, 2.56003276841944e-05, 1949.52837867801 
375288, 210, 2.79111309590265e-05, 60311.8735683675 
1473112, 2, 1.776514478593e-05, 2275.6059154843 
161899, 10, 2.57552733922271e-05, 8.66608713637729 
1683, 62, 2.65350528047551e-05, 3219.76657223255 
2719588, 261, 2.75816416593116e-05, 39693.4086328029 
3004095, 163, 2.64739364096047e-05, 28423.8900654705 
3020900, 2, 1.8865076969514e-05, 2 
3046383, 79, 2.8602482695498e-05, 28983.7408219123 
1265399, 145, 2.5651549353581e-05, 13974.9016947216 
145357, 201, 2.62598146057089e-05, 13983.4344363228 
1561005, 51, 2.92474627826036e-05, 51885.317456968 
2738410, 175, 2.6576660376857e-05, 10052.3442501243 
2813780, 3, 2.30054292813104e-05, 804.871699805875 
2777983, 13, 2.43243900659191e-05, 1716.95842113661 
2855434, 10, 2.55571457779595e-05, 1019.21519341169 
76853, 12, 2.15391905572189e-05, 19180.8780454058 
2172098, 214, 2.6937478113299e-05, 58381.7814533742 
2293862, 10, 2.72709918459734e-05, 108.896547664291 
2936507, 113, 2.87653894833736e-05, 39040.966626398 
2996785, 72, 2.8891713856466e-05, 25608.1182124953 
3025669, 252, 2.58879569224397e-05, 24668.4077730026 
2426, 14, 2.70080483984227e-05, 26766.4122265433 
421058, 309, 2.56844917039092e-05, 18319.0044229052 
931531, 203, 2.79134682484299e-05, 65894.711040791 
985, 242, 2.78419689840466e-05, 90318.6354724827 
2048897, 60, 2.89452356142179e-05, 162141.583198419 
2900738, 228, 2.79353018409364e-05, 77415.2558164633 
905, 3, 2.28341781979267e-05, 0.110281385281385 
1898042, 1, 2.33825145556153e-05, 0 
1563479, 272, 2.30771005930815e-05, 1410.20088489934 
1611770, 1, 2.07939115427003e-05, 0 
1637975, 3, 2.08138203767301e-05, 1309.6882569479 
2599819, 3, 2.2707661565012e-05, 67.5770720091514 
2986835, 234, 2.449959575667e-05, 4533.05199330273 
2986924, 2, 2.06825232678387e-05, 10.8416625195865 
55209, 2, 2.46341823914864e-05, 0 
1050174, 2, 2.31229911901404e-05, 0 
107637, 8, 2.61697895948917e-05, 1604.08749423079 
1664033, 177, 2.65886732252061e-05, 7035.77384507103 
2052056, 2, 2.21734406527861e-05, 47.0434352957992 
28025, 233, 2.74687542919929e-05, 29742.3393045907 
28028, 131, 2.62253809236579e-05, 8129.72984179766 
280473, 237, 2.78528256691641e-05, 68770.7210540342 
2842348, 1, 2.22608076221005e-05, 0 
2904246, 258, 2.74295745672985e-05, 47215.0548697025 
579, 1, 2.35676745775494e-05, 0 
2714358, 17, 2.69781746567027e-05, 7668.72800290203 
57320, 92, 2.86352442586335e-05, 79824.4653507923 
631220, 17, 2.81301865031365e-05, 944.813315494046 
3049799, 42, 2.66922912662823e-05, 10898.5311307354 
107445, 2, 1.87931066884667e-05, 750.102932139219 
213115, 35, 2.8518465706545e-05, 23181.4850497717 
2800686, 6, 2.32120888558761e-05, 11907.5008078288 
301, 2, 2.23383818076219e-05, 0.542478904813599 
421767, 111, 2.29263148241552e-05, 1175.34285998849 
1448929, 50, 2.87240765209399e-05, 14596.421971646 
2758440, 43, 2.78411938303914e-05, 8907.93252812828 
59932, 13, 2.44798041615667e-05, 264.422123140906 
1462996, 6, 2.57911433213834e-05, 1270.98452298166 
1609967, 6, 2.40084509747431e-05, 86.0961741763931 
161896, 81, 2.61828083680256e-05, 8766.14209821726 
1979344, 256, 2.49575721273834e-05, 10682.1490402651 
2977320, 130, 2.55754475703325e-05, 4350.09519121181 
3003262, 258, 2.52206809583859e-05, 23736.9752683359 
33943, 44, 2.86368843069874e-05, 31540.3962948476 
658630, 9, 2.66205244243312e-05, 5966.18809635535 
1445505, 9, 2.70921947386958e-05, 257.473812692981 
1881022, 25, 2.38942916537239e-05, 8228.34249363491 
1903276, 7, 1.53744445981889e-05, 2204.68905439257 
2894156, 92, 2.8036335090277e-05, 30665.5668331447 
67780, 58, 2.86229498812148e-05, 12857.9288124678 
179, 59, 2.8872527789808e-05, 50622.7805652275 
1851514, 2, 1.99123855037834e-05, 7674 
2041036, 176, 2.69005218701243e-05, 10285.3980961628 
2559073, 164, 2.66723567694441e-05, 26636.104348935 
28132, 28, 2.96815173191654e-05, 99821.6193645835 
99598, 23, 2.98739320069308e-05, 50177.5968964045 
126734, 76, 2.61021638693848e-05, 8358.69350666698 
271065, 16, 2.90040025523522e-05, 25931.9276022871 
1528099, 13, 2.5416190113102e-05, 75.3255463563072 
1879049, 11, 2.77246388865785e-05, 22425.4626315211 
1921087, 26, 2.69956536997543e-05, 17691.5806343029 
2249, 225, 2.70914607715648e-05, 16643.8049370865 
2576904, 63, 2.89561314608368e-05, 16878.5131333678 
2837969, 2, 2.13369748437067e-05, 0 
2870346, 1, 2.06611570247934e-05, 0 
2994555, 284, 2.6916451335056e-05, 40307.9377871499 
1049583, 111, 2.62784464182478e-05, 19176.4384373691 
1073996, 120, 2.858041098631e-05, 59031.2102584707 
210, 3, 2.48188225950561e-05, 2163.90601645246 
224012, 76, 2.95325005168188e-05, 53858.9380041849 
2809020, 43, 2.96129586306968e-05, 76399.1668217924 
2883512, 20, 2.65717170643567e-05, 8336.68212308696 
574987, 10, 2.47102720600954e-05, 237.363718195733 
817, 132, 2.75999116802826e-05, 36649.7819248476 
1175445, 28, 2.47133254250692e-05, 1004.88637788575 
1259973, 7, 2.56508913684751e-05, 5759.80163579236 
1954171, 93, 2.98133683143522e-05, 156244.669886096 
626937, 4, 2.57612447833479e-05, 4185.55652026466 
676, 2, 2.40644928408134e-05, 19.548970387323 
1279, 216, 2.69541778975741e-05, 45217.9218268874 
1727164, 280, 2.69883680133862e-05, 66133.2659958164 
2175673, 120, 2.55134583492792e-05, 3785.72907345324 
2829187, 21, 2.22652684078107e-05, 39477.8074334742 
535744, 10, 2.44672261505713e-05, 15.2361041701655 
1920191, 51, 2.5900696728742e-05, 18315.0934200419 
2872648, 1, 2.21695080586162e-05, 0 
2971912, 3, 2.49781441238916e-05, 0 
425, 7, 2.49538354045017e-05, 8557.78232986426 
172042, 2, 2.30086052183517e-05, 0 
2563602, 19, 2.40061455732668e-05, 35.4835375878697 
3028807, 15, 2.79986560645089e-05, 15080.1965318582 
33907, 150, 2.6359490734639e-05, 18852.9240353404 
43769, 45, 2.60532006356981e-05, 544.162685796509 
626119, 76, 2.43682530399396e-05, 1081.38463932155 
2679963, 271, 2.57519571487433e-05, 25107.4670818134 
2709394, 45, 2.68838884856306e-05, 1747.27040683026 
3070678, 166, 2.47500247500248e-05, 16920.5301904629 
2126281, 5, 2.35815686459463e-05, 3.54141776124241 
3065396, 54, 2.77646666851764e-05, 15391.8770064027 
485870, 3, 2.25647042895503e-05, 606.428975526365 
1681, 106, 2.61656810926788e-05, 13232.2707210554 
269261, 26, 2.68940107038163e-05, 2716.7600047278 
78258, 83, 2.60423448527305e-05, 10634.9502151804 
1579316, 2, 2.20017161338584e-05, 114.741104208516 
219181, 227, 2.64068235231984e-05, 18992.6245694295 
2810512, 262, 2.65083236136147e-05, 34423.1324082981 
1033, 3, 2.58484762323261e-05, 4681.31001421555 
198119, 28, 2.81547384424799e-05, 135713.330882666 
2782176, 14, 2.76755320621039e-05, 9846.82137001608 
390884, 251, 2.67794976166247e-05, 36067.4931105772 
1124835, 251, 2.57307533964594e-05, 26750.0288036555 
1420916, 3, 2.45068006371768e-05, 2.45947800236056 
2812647, 10, 2.67608649111539e-05, 12408.5068830945 
2952525, 7, 2.62563671690385e-05, 7766.0739887521 
2980556, 149, 2.55676007363469e-05, 12516.6200833054 
2986922, 216, 2.57725316357826e-05, 15465.5477913855 
536441, 242, 2.64571262269492e-05, 26088.8918321537 
818, 222, 2.66979923109782e-05, 40552.3310324843 
1336806, 15, 2.89653574325107e-05, 11165.8649043727 
2684113, 5, 2.58605084175955e-05, 9342.5272876108 
2798577, 38, 2.86672591233552e-05, 22773.0853562586 
355243, 35, 2.97203316789015e-05, 110415.532412343 
651666, 1, 2.38004569687738e-05, 0 
1510570, 7, 2.63351943537343e-05, 51529.6304238453 
304207, 1, 2.26218753534668e-05, 0 
1619311, 3, 2.59693042823383e-05, 5369.32607036007 
1935, 176, 2.65322366675511e-05, 23215.7894216266 
2487892, 38, 2.758316323716e-05, 9420.84527415549 
2739061, 6, 2.62432751607401e-05, 7482.16496324953 
2814292, 20, 2.82453960004519e-05, 13998.785755615 
2962597, 1, 2.26065332881203e-05, 0 
3003258, 79, 2.42671325956125e-05, 23929.0320995311 
417367, 9, 2.43480801538799e-05, 7885.34198848252 
1178515, 8, 2.48620158122421e-05, 13148.3837543173 
2855441, 4, 2.58071176030349e-05, 0 
3025190, 96, 2.798376941374e-05, 58340.5226978124 
3045816, 9, 2.6525198938992e-05, 8019.57239746356 
1548602, 134, 2.68875026887503e-05, 29386.1591319819 
2081702, 41, 2.5444645174423e-05, 4420.9891179805 
2305221, 68, 2.58986843468352e-05, 11972.2040714186 
2675232, 287, 2.33901714499567e-05, 6137.9771408309 
2855502, 152, 2.647323555885e-05, 24168.7650609578 
2931921, 14, 2.64137985683721e-05, 2403.12226292486 
575, 1, 2.38897250292649e-05, 0 
712157, 96, 2.62839720338538e-05, 5122.23405993226 
1380432, 70, 2.70973336223716e-05, 6710.88982869187 
158823, 11, 2.6986183074266e-05, 1734.7887085537 
2774873, 1, 2.25978486848052e-05, 0 
43765, 8, 2.35582359592914e-05, 3.96285993504656 
712116, 56, 2.63268744734625e-05, 3294.25119003423 
131110, 7, 2.39681702698816e-05, 7.36683092677313 
180957, 9, 2.81262305225854e-05, 33069.4119167185 
371036, 270, 2.48360818597258e-05, 18392.2244710577 
102134, 7, 2.68593376487336e-05, 272.40194570389 
1778678, 35, 2.78373187094619e-05, 84525.4755656894 
1908198, 3, 2.67622972755981e-05, 3543.8614542909 
2822410, 3, 2.54200666005745e-05, 7946.37141575743 
338191, 4, 1.53742082282762e-05, 1993.7377082974 
1114970, 123, 2.62123197903014e-05, 36217.3469392115 
1737446, 1, 2.25937641211026e-05, 0 
487, 5, 2.6492171563303e-05, 571.892551681056 
95641, 50, 3.08052492144661e-05, 1341144.6009126 
1646, 8, 2.47072194495232e-05, 16.4590365001559 
2494702, 5, 2.47334965744107e-05, 81.4137948906735 
2703885, 9, 2.6616273189428e-05, 721.17428109884 
2762318, 228, 2.72486988746287e-05, 34030.9416582461 
3039400, 43, 2.59882013565841e-05, 5238.51861342512 
33958, 25, 2.94057105889964e-05, 21523.3167137724 
84642, 7, 2.46281154566053e-05, 1569.11651113216 
38301, 15, 2.42248062015504e-05, 46.8530411825992 
75612, 5, 2.36038332625218e-05, 3006.95954633867 
158877, 10, 2.6962899050906e-05, 29468.7117933691 
1866325, 68, 2.61042079983293e-05, 7070.41367886894 
2296, 5, 2.56851514139676e-05, 6279.97305761603 
1310418, 77, 2.43652843428683e-05, 832.580458230456 
1349409, 34, 2.63928844783446e-05, 3833.21211124385 
161895, 8, 2.31615518239722e-05, 135.123287374073 
1743, 101, 2.61800664973689e-05, 4083.59809126805 
1280380, 19, 2.45609726145155e-05, 382.888918031361 
1869241, 66, 2.95307562826684e-05, 70820.7711885877 
2740515, 25, 2.82198893780336e-05, 26382.5016053023 
2811425, 159, 2.68154027673496e-05, 23157.8787063183 
2954078, 163, 2.48169748107706e-05, 23250.1850353871 
3031919, 18, 2.80835767243316e-05, 8601.43452501083 
1942, 31, 2.4492995003429e-05, 1304.41510488168 
2745511, 2, 2.16858586515733e-05, 73.5314079279679 
28026, 33, 2.57958004436878e-05, 592.384835255777 
2872311, 99, 2.68031842182851e-05, 15835.96154943 
2881377, 53, 2.8402635764599e-05, 23425.0434243484 
2904247, 270, 2.68254734696067e-05, 29618.7419833033 
379893, 2, 2.14537029091221e-05, 150.824547144791 
2094151, 32, 2.81135788585887e-05, 8528.3882624256 
2698900, 111, 2.64802457366804e-05, 20429.654903988 
58169, 13, 2.7900228781876e-05, 22294.1324485464 
61646, 3, 2.36401030708494e-05, 245.970197622439 
665099, 6, 2.00521355524363e-05, 294.496782535654 
100716, 22, 2.73762593079282e-05, 21934.9636381948 
2946593, 9, 2.55754475703325e-05, 1420.97077274193 
401472, 469, 2.92885803825089e-05, 12125.3535741149 
463024, 3, 2.64543266051163e-05, 200.486512743357 
46679, 28, 2.61978989285059e-05, 326.429791545249 
2895480, 56, 2.72784309446521e-05, 8660.3870046767 
2173831, 55, 2.58933195235629e-05, 9676.84942572571 
48073, 5, 2.62384550797649e-05, 18.6286176810447 
2871694, 378, 2.91655729576808e-05, 8375.55101540937 
2867264, 12, 2.94663641453281e-05, 6922.97181557604 
1580596, 11, 2.78924467254268e-05, 139.325154999414 
1550024, 210, 2.83881224095838e-05, 2196.95146938708 
2743, 4, 2.62908823220107e-05, 11.216590337823 
39791, 25, 2.81428531224496e-05, 234.883016771921 
430522, 215, 2.81721884155961e-05, 85652.7662712247 
1203471, 82, 3.12168321158769e-05, 38546.239768595 
1262452, 289, 2.70138851369604e-05, 9195.52587344171 
2601894, 8, 2.77300205202152e-05, 197.545449166936 
2665156, 194, 2.63539333245487e-05, 37807.3412458428 
2919914, 121, 2.68067767531632e-05, 19859.1543624801 
2931977, 361, 2.86090290095554e-05, 5072.8002598356 
120, 27, 2.88400530656976e-05, 2868.04337002526 
169133, 298, 2.70657969523913e-05, 5343.56981650404 
2954077, 1, 1.65458817300374e-05, 0 
44013, 48, 2.63435194942044e-05, 18834.5207708249 
712710, 10, 2.97441998810232e-05, 866.72618863201 
2857077, 119, 3.14011178797965e-05, 77813.0295157199 
2055947, 83, 2.80426247896803e-05, 356.053576229963 
2609258, 115, 2.6330340451302e-05, 2709.20228624921 
2810562, 83, 3.17783144782001e-05, 94913.3215005682 
3047873, 195, 2.65816055289739e-05, 24391.2013291212 
2806553, 16, 2.47432883830261e-05, 117.252750892361 
2364787, 84, 3.09894945613437e-05, 22876.8506321146 
2599399, 462, 2.98721472099414e-05, 19852.6576320144 
2678259, 128, 2.83848992336077e-05, 32648.8693799235 
2321394, 417, 2.88275822306783e-05, 6693.89133625579 
2769486, 10, 2.87389355098287e-05, 8040.24349920444 
2822844, 42, 3.11808175610365e-05, 27438.2584372959 
2728023, 71, 3.08556265234966e-05, 212774.926102365 
3029061, 39, 3.06175561066716e-05, 28648.3416403013 
2304594, 2, 2.62522314396724e-05, 19.2160258607255 
232348, 267, 2.95107123885971e-05, 4106.59233500615 
496056, 174, 2.89209590190011e-05, 61131.1377766574 
1306526, 81, 2.84511209741664e-05, 38850.9217106467 
1111069, 360, 2.95281403177228e-05, 23872.026207459 
2853258, 27, 2.53916664550694e-05, 168.248729964006 
2954096, 20, 2.84107051537019e-05, 2543.06313553852 
1115757, 403, 3.13440320962889e-05, 171889.653644484 
1985254, 95, 2.66937162991832e-05, 22822.846683288 
33995, 60, 2.99293666946007e-05, 7515.22994215997 
83263, 9, 2.48583076464154e-05, 5.30979593092824 
2894755, 22, 2.87571173865532e-05, 2741.99435207393 
1479019, 410, 2.96621481327678e-05, 14616.716812909 
1721091, 133, 2.55571457779595e-05, 2095.44726940841 
2703789, 192, 2.78318953520735e-05, 25058.0935895733 
665914, 17, 2.84875936529641e-05, 167.503992663443 
2995155, 41, 2.88035025059047e-05, 10753.738619049 
1628392, 3, 2.44678248103744e-05, 0 
1852390, 523, 2.99383270462847e-05, 21199.3261070051 
310575, 4, 2.61663657534605e-05, 23.2647646523265 
1715691, 55, 3.04173257087237e-05, 12693.7872781384 
187145, 45, 3.05847810129679e-05, 22846.9105877841 
2615203, 17, 2.9641925539483e-05, 13452.6982292534 
2866626, 4, 2.71746514850947e-05, 155.737598945766 
2933562, 61, 2.65392781316348e-05, 3367.50510843822 
348826, 448, 2.99419126893826e-05, 17396.0104389468 
1211326, 192, 2.89578084730548e-05, 47633.6435395881 
1637837, 40, 2.85730613177896e-05, 8141.45359634507 
2005464, 247, 3.10154456919546e-05, 136606.863699091 
2725558, 25, 2.46093269349083e-05, 2802.45154883213 
2749999, 1, 2.47151578062826e-05, 0 
2951988, 400, 2.91681250729203e-05, 11932.2874156694 
152794, 396, 2.86795916026156e-05, 14163.4148370052 
2973088, 9, 2.51768674941464e-05, 41.6276675084947 
2762320, 3, 2.24936455451335e-05, 105.600179958949 
437505, 3, 2.56173788297981e-05, 41.4975662139367 
2005046, 15, 2.37829096011606e-05, 8119.37469007175 
278153, 1, 2.01122262223205e-05, 0 
2884875, 463, 2.92568753657109e-05, 11842.811103795 
3051171, 21, 2.96630280018984e-05, 984.376460736133 
2292447, 35, 3.07540902940091e-05, 21207.6445968204 
1076588, 33, 3.09664633202242e-05, 31355.8832809035 
2138101, 259, 2.99060948621329e-05, 28423.4887110461 
2587846, 16, 2.73972602739726e-05, 19.9348833735386 
2163011, 7, 2.70204544840444e-05, 2365.47820169681 
321327, 302, 3.08242401824795e-05, 84151.2104057713 
650, 43, 3.13883047176622e-05, 49441.7230165658 
1620816, 114, 3.08870768470472e-05, 71697.2457835482 
3067903, 1, 2.39652982481367e-05, 0 
2772253, 386, 2.90360046457607e-05, 6166.2374175723 
370324, 416, 2.88983932493353e-05, 8017.34692718147 
1080068, 317, 2.96463194094453e-05, 22503.2486221143 
1968839, 172, 2.8940209527117e-05, 48426.9566066128 
251699, 26, 3.00553017552296e-05, 20929.0376019812 
2901380, 30, 2.63720034811045e-05, 3416.81856539954 
2992441, 3, 2.43415607808773e-05, 0.0391630937729218 
435905, 4, 2.59612139463641e-05, 15576.6590145511 
45989, 98, 2.64221734879911e-05, 6711.56233700073 
1263550, 17, 2.8495711395435e-05, 24425.9639632011 
447471, 36, 3.03177298083919e-05, 45147.7557811201 
454171, 288, 3.12265800649513e-05, 105283.822147559 
3016342, 117, 2.64627272486702e-05, 2686.92135900758 
370405, 3, 2.58839364290521e-05, 0 
476157, 92, 2.64823495140489e-05, 20392.6115638204 
2724135, 222, 2.74921647330511e-05, 47620.7680998218 
2747817, 460, 2.94143600905962e-05, 14091.8097050725 
2830999, 20, 2.38078232507202e-05, 8465.98917227713 
2108523, 419, 2.92731477415767e-05, 12057.1683000416 
2488665, 10, 2.83543155268232e-05, 8417.74538043725 
2500532, 17, 2.81936338774705e-05, 7833.3177805261 
2558360, 52, 3.03085409468388e-05, 7801.81166914447 
2956832, 37, 2.60314981127164e-05, 5796.72317079656 
302406, 14, 2.76977620208287e-05, 611.538863478714 
2175621, 261, 2.84470742184166e-05, 4706.51364611882 
2710596, 172, 2.89754288363468e-05, 63476.9947384881 
1046043, 475, 2.95185524101898e-05, 16191.7887773906 
2052956, 132, 2.61567837618686e-05, 20287.0513218475 
83986, 290, 2.86106660563058e-05, 9300.10395034359 
899, 102, 2.96155896463899e-05, 6374.10190412143 
1603886, 375, 2.86237691779253e-05, 8033.80902826229 
2714940, 234, 2.76977620208287e-05, 41797.2277025764 
158327, 1, 1.8971012293216e-05, 0 
1516059, 2, 2.23473674801108e-05, 395.451091538547 
2761579, 1, 2.4778234798553e-05, 0 
2866381, 425, 2.94906956855112e-05, 8970.28817374313 
353800, 315, 2.9847182425979e-05, 18926.4864560769 
85874, 204, 3.04451074712294e-05, 44305.1620218988 
118126, 19, 2.56003276841944e-05, 46.7880469696021 
2886045, 332, 2.87720105880999e-05, 12189.3604072195 
2931974, 342, 2.84754257076143e-05, 7234.77984887739 
1280948, 7, 2.86237691779253e-05, 1488.30675762739 
1691904, 17, 2.78164116828929e-05, 1705.95118915213 
2055893, 460, 2.95945546019532e-05, 17239.4910850945 
13769, 283, 2.98364960019095e-05, 19024.5467986328 
447020, 261, 2.87836048586725e-05, 6527.31777262448 
1538553, 62, 3.14911037631869e-05, 64693.6059849607 
250, 258, 2.56627402674058e-05, 3413.04434583462 
2830993, 29, 2.46256895193065e-05, 20868.0939512149 
2979868, 19, 2.95072292711714e-05, 29513.8374521334 
160808, 32, 3.01023479831427e-05, 14307.460074993 
2730848, 7, 2.69084842450825e-05, 4644.9462592627 
933080, 74, 2.7698529208099e-05, 40494.3285013129 
1852381, 20, 2.88716941910151e-05, 7493.50017345995 
2527964, 14, 2.77723775932458e-05, 252.827863878756 
86173, 15, 2.8825089357777e-05, 1084.39025433433 
1538644, 213, 2.69512721000431e-05, 33563.442703051 
1705310, 4, 2.76655784872462e-05, 238.549531220318 
2675877, 2, 2.5082144021671e-05, 55.4675147904853 
2778902, 247, 2.77592715967133e-05, 66240.1605752998 
2583374, 99, 2.65604249667995e-05, 724.249343753798 
2709410, 427, 2.98953662182362e-05, 22877.9870482547 
2587850, 120, 2.84697508896797e-05, 8566.18344685289 
2725563, 433, 2.89176137185159e-05, 11947.2497648765 
465541, 140, 2.7680894646515e-05, 1040.70828491209 
2953881, 375, 2.89880279444589e-05, 7642.81408795521 
576610, 101, 2.91579192908794e-05, 85457.6953779438 
1496080, 164, 2.83679895605798e-05, 1782.68552624426 
189381, 4, 2.54991457786164e-05, 7902.01010316278 
2722825, 9, 2.31824925816024e-05, 10931.1526913037 
2562282, 1, 2.27360571129755e-05, 0 
271, 391, 2.95508274231678e-05, 12172.2643862622 
2866382, 370, 2.91664236131366e-05, 11166.2054160332 
2954091, 2, 2.31395779340985e-05, 3.28511488620745 
2961571, 422, 2.98053709278412e-05, 39926.4972894469 
1234841, 224, 2.77184910053497e-05, 45156.4345657846 
156453, 275, 2.67995926461918e-05, 12268.6418970932 
2874213, 199, 3.12539067383423e-05, 80616.8706328283 
91915, 16, 2.8998115122517e-05, 1325.73497154061 
2495582, 1, 2.30547550432277e-05, 0 
146923, 345, 2.85363696030591e-05, 10548.251184188 
2259595, 158, 2.86524741411421e-05, 37322.9514942206 
281093, 81, 2.87653894833736e-05, 992.779091793704 
2954086, 11, 2.6128762541806e-05, 10596.8135738774 
1397264, 199, 2.89586470520097e-05, 50047.9296640008 
2879622, 14, 2.16450216450216e-05, 173.958248115521 
2954094, 6, 2.85404418060392e-05, 98.5193169879136 
970, 69, 2.95525740291979e-05, 12589.845485211 
135619, 12, 2.85534806692936e-05, 5095.82572818219 
1411316, 236, 2.79438886715475e-05, 62545.6410564067 
2662363, 28, 3.00102034691795e-05, 20342.0951912276 
92644, 144, 2.62743037309511e-05, 3225.10590531687 
1385663, 7, 2.64340470526038e-05, 7675.06238509166 
2610902, 351, 2.86123032904149e-05, 8652.58731171425 
332411, 13, 2.84535495803101e-05, 7835.96312927866 
714067, 2, 2.47072194495232e-05, 7674 
2490858, 393, 2.95490810235802e-05, 19994.0391018395 
2592345, 234, 2.723979188799e-05, 65386.4567573351 
1685, 147, 2.8239015023156e-05, 1427.61572271187 
1406, 18, 2.73328595637676e-05, 9243.19601005862 
2750620, 294, 2.73365955003964e-05, 6421.76494443256 
3015983, 33, 3.16525812680024e-05, 397347.810170242 
712528, 143, 3.11303427450736e-05, 50381.9974280816 
742013, 183, 2.89880279444589e-05, 70821.6075210686 
43770, 367, 2.9341001114958e-05, 26003.8199720917 
706438, 423, 2.88975581563358e-05, 16083.6555067374 
84096, 229, 2.68889486421081e-05, 14775.9693560168 
2675219, 250, 2.79407655769768e-05, 2876.26899042863 
936456, 30, 3.02645118334241e-05, 13721.1640409925 
131081, 425, 2.89301625875137e-05, 11397.8554831235 
2605747, 247, 2.67329644184244e-05, 32132.9706083922 
2855836, 305, 2.79876854184159e-05, 5974.23915171229 
414771, 1, 2.25057952422749e-05, 0 
648999, 234, 2.67229630421421e-05, 4298.60819282035 
255247, 114, 2.61301280376274e-05, 19341.5560294714 
2952228, 65, 2.96147125892143e-05, 44349.9832810103 
1118963, 13, 2.3094688221709e-05, 1097.19204303194 
1827469, 2, 2.26208519012826e-05, 8744.87385318376 
2565559, 11, 2.24346031318706e-05, 0.786608250606814 
155894, 157, 3.07210223956253e-05, 44601.5339543882 
42838, 20, 2.7968116347364e-05, 599.013189979394 
875171, 28, 3.05960102802595e-05, 19627.2915147136 
1301, 24, 2.91188631995807e-05, 45915.7424519334 
1493872, 194, 2.63310337563853e-05, 12349.8733053476 
1916917, 2, 1.96838769364014e-05, 0 
394733, 24, 2.60145681581686e-05, 588.171982040791 
646637, 44, 2.51388923804017e-05, 436.091024810987 
698828, 59, 3.13440320962889e-05, 47062.5250285645 
1100, 58, 3.08014538286207e-05, 36738.0203975745 
129338, 181, 3.09166795486165e-05, 64785.0205798095 
2201, 331, 2.91791894021184e-05, 19697.9683795118 
2267833, 150, 2.74891417889933e-05, 20258.4343765919 
2341117, 220, 2.8604118993135e-05, 166057.961263626 
2692134, 194, 2.9060474848159e-05, 65989.3286404122 
2582913, 1, 2.08785702355103e-05, 0 
2697043, 45, 3.09482545184452e-05, 27363.2525636706 
2043170, 8, 2.83478852477605e-05, 1472.00124737213 
2875539, 195, 2.75482093663912e-05, 70715.3598374967 
1097, 134, 3.06278713629403e-05, 50828.2543601633 
2571030, 38, 2.74710180759299e-05, 2097.04211722406 
29510, 90, 3.15357931251971e-05, 85521.5696848929 
2976335, 98, 3.11545890709702e-05, 69382.9616941622 
2842349, 11, 2.81745696334488e-05, 4868.11602598941 
53374, 377, 2.83977963310047e-05, 16775.0734806567 
1209493, 365, 3.10202562273164e-05, 107303.125863788 
132132, 99, 3.08565786225623e-05, 87343.5363521593 
2745482, 44, 2.74363476733977e-05, 5489.50003803974 
2806252, 432, 2.92680071413937e-05, 12262.9410559983 
69527, 365, 2.8930999566035e-05, 24149.3201677408 
995, 242, 2.72732231495118e-05, 68714.9549122924 
2895494, 58, 2.66801846268776e-05, 9559.19858328441 
2939414, 369, 2.8402635764599e-05, 11129.5669309757 
145458, 308, 2.83205890682526e-05, 9155.81423790944 
1936003, 5, 2.61492599759427e-05, 12.1973481973812 
2175664, 276, 2.8014343343792e-05, 4215.72392090203 
644652, 322, 3.12822598304502e-05, 124068.597397924 
214851, 245, 3.04441805948793e-05, 46428.1939384157 
2789740, 222, 2.7900228781876e-05, 51079.8244822646 
2860286, 1, 2.03969241438391e-05, 0 
3015166, 320, 2.8185687307985e-05, 9564.86754846687 
169435, 166, 3.09233718844703e-05, 37335.9659604862 
2650975, 196, 2.86254079120627e-05, 4107.29443000492 
2953746, 231, 2.81246484418945e-05, 8549.97404872658 
3031113, 365, 2.83430644521286e-05, 8545.9830847464 
2721245, 206, 2.78955590270029e-05, 1652.25425630825 
68239, 251, 2.77916736145851e-05, 6323.26612866607 
2175660, 344, 2.84381754066659e-05, 6217.40563842255 
2686360, 1, 2.19746412639814e-05, 0 
2735316, 6, 2.08964580503605e-05, 0 
453162, 1, 2.34345706786652e-05, 0 
1590041, 27, 2.53504702512232e-05, 28.742634081742 
47884, 7, 2.7268017342459e-05, 8085.14064505138 
129817, 7, 2.66325769681474e-05, 1253.24158741247 
1680, 210, 2.80355490762287e-05, 2912.76734384416 
1839801, 366, 2.9448141822251e-05, 25883.7033778319 
2015348, 7, 2.67036957914975e-05, 8.58690588268401 
2964670, 5, 2.49420098271519e-05, 40.3108916653207 
3020832, 10, 2.8558373315056e-05, 1901.077331932 
876364, 2, 2.60695012904403e-05, 5.16801940834498 
1912215, 321, 2.79329608938547e-05, 6765.00617477133 
256319, 13, 2.81214848143982e-05, 1926.56551267376 
56956, 417, 2.96885669328741e-05, 43242.8361301216 
212743, 226, 2.77569600577345e-05, 67204.4266641281 
2714933, 145, 2.84187791292486e-05, 10789.2655783308 
1134687, 6, 2.73935077386659e-05, 32.0951106982218 
136857, 372, 2.82565696524442e-05, 14385.0187398729 
2073078, 3, 2.47261578023391e-05, 4.05901615155998 
2505977, 374, 2.84932755869615e-05, 12178.7447061731 
626932, 47, 2.83302170094623e-05, 3148.70222905535 
157779, 3, 2.63942777205902e-05, 12.3682929721104 
1618207, 8, 2.3930887596621e-05, 0.449239616225506 
2785907, 1, 1.76981753181247e-05, 0 
28151, 28, 2.93418620345647e-05, 4667.9616891828 
2995161, 262, 2.67451190157796e-05, 40374.1970615387 
336820, 241, 2.75504862660826e-05, 65270.5497553224 
1177712, 8, 2.7058473360933e-05, 9887.19085860851 
252307, 1, 2.30584762958864e-05, 0 
2804761, 1, 2.46172025011078e-05, 0 
186188, 108, 2.73725125229245e-05, 1257.3613410986 
19, 53, 3.13077236154159e-05, 97671.2133081037 
2907159, 51, 2.8618035085711e-05, 4521.87094729508 
2983606, 139, 2.5642340632853e-05, 4328.5889307284 
1871047, 231, 2.7714649963971e-05, 52470.8467496355 
3017361, 292, 2.76908592473624e-05, 11134.8713326824 
44930, 307, 2.80190529560101e-05, 7034.44809135183 
470934, 32, 3.02142188113726e-05, 27999.4804525397 
588898, 439, 2.94516110031219e-05, 69686.8366828511 
2608982, 40, 3.10462589257994e-05, 173355.090264001 
365617, 90, 3.01168533911577e-05, 10840.9757244724 
430914, 286, 2.89452356142179e-05, 12409.0228429697 
629, 19, 2.97123841217019e-05, 13155.9807928751 
169292, 393, 2.92192613370734e-05, 13444.4509082339 
2507162, 114, 2.96691885476932e-05, 24667.8839500496 
577, 72, 3.04497426996742e-05, 22528.8899089218 
2500533, 14, 2.85510349750178e-05, 1828.2611665238 
266809, 12, 2.74702634398264e-05, 475.91346278063 
2895493, 101, 2.65174617485614e-05, 19141.0754907405 
45655, 61, 3.04228780042592e-05, 41704.5619153044 
1068, 29, 2.91757840991977e-05, 9585.25713998922 
1471761, 1, 2.07692946747528e-05, 0 
1940636, 40, 2.17377127578636e-05, 20.582149891569 
2879620, 14, 2.19461879471536e-05, 7891.755841357 
2986803, 329, 2.79314004804201e-05, 14311.4691344857 
517398, 23, 2.73740111138485e-05, 12368.1909308529 
1132836, 153, 2.90486564996369e-05, 123738.179593432 
1842532, 20, 2.90579415354216e-05, 10909.8118936214 
2906497, 125, 2.5980774227072e-05, 3390.00537106182 
496057, 214, 2.77246388865785e-05, 47657.5414882388 
60893, 96, 3.0507337014552e-05, 40534.3809246106 
1126, 35, 3.02883450448268e-05, 35197.5069384591 
120961, 186, 2.90275761973875e-05, 11996.5583395894 
151895, 280, 2.78048102321702e-05, 96984.1102744848 
1748242, 6, 2.84220100045475e-05, 571.170295788529 
1940, 366, 2.84131268646115e-05, 12840.1186435335 
1986204, 89, 3.01640926640927e-05, 18326.863481655 
2490452, 168, 2.97203316789015e-05, 231673.0294223 
2850559, 21, 2.76977620208287e-05, 1612.02596602205 
2907205, 153, 2.88059916462624e-05, 26857.7861624467 
84111, 377, 2.86993456549191e-05, 18054.2380269572 
225422, 1, 2.33825145556153e-05, 0 
220687, 200, 2.60817401737044e-05, 18113.9213356025 
2927876, 61, 3.04395470595398e-05, 31402.6096377237 
2956823, 3, 2.25387666786873e-05, 1.21466808474225 
3029053, 232, 2.7683959913626e-05, 71008.5854027818 
2953753, 300, 2.90663876293454e-05, 21482.9222006422 
32062, 104, 2.84446467174878e-05, 4346.83290082368 
1689, 1, 2.28890567419717e-05, 0 
2754725, 279, 2.88550323176362e-05, 12265.5350252918 
2072412, 3, 2.18780082261311e-05, 0 
69525, 288, 2.90048438089161e-05, 13571.0328974756 
1389004, 40, 2.99976001919846e-05, 4307.32035301929 
1765219, 417, 2.94498763105195e-05, 52120.7289085244 
33986, 32, 2.9539479514371e-05, 17004.3610287935 
64104, 1, 2.32315019165989e-05, 0 
1206777, 2, 2.53203018179977e-05, 0 
421, 31, 3.04924531178533e-05, 36969.0342360669 
42443, 21, 2.94880868129276e-05, 13833.1503797068 
1778675, 4, 2.72042220952692e-05, 7715.85167901869 
225971, 4, 2.1994457396736e-05, 4007.05278645002 
907, 1, 2.2686540075773e-05, 0 
2794344, 15, 2.90554086643229e-05, 5108.07512009289 
121872, 319, 2.83897342720872e-05, 21106.2765598886 
1231000, 44, 2.78629144608526e-05, 317.3614405747 
1775880, 11, 2.43747867206162e-05, 2.07860473460714 
46680, 4, 2.67143963882136e-05, 10994.486581343 
556257, 24, 2.98534197092277e-05, 5464.70925674414 
665913, 48, 2.90663876293454e-05, 4443.98786315698 
2711328, 245, 2.80804223295518e-05, 8974.20323360974 
1434072, 8, 2.76640478034746e-05, 436.638056499166 
188786, 365, 2.91519692155205e-05, 19750.8824187423 
2763540, 202, 2.77231016606138e-05, 3026.33716731835 
302484, 255, 2.82629585665027e-05, 4880.51844262566 
38288, 369, 2.83704039945529e-05, 10237.6242011661 
1701090, 342, 2.8468129928545e-05, 16507.4756498248 
2983246, 9, 2.27842333105491e-05, 1615.9242461079 
2290922, 63, 2.17931395196792e-05, 11224.1292440315 
1871086, 6, 2.27298556654165e-05, 1010.90954791742 
2918171, 98, 2.17950394490214e-05, 4562.36194861333 
122358, 181, 2.09165638268945e-05, 4188.96028311376 
2774189, 2, 1.8759262385803e-05, 0.5 
1842727, 131, 2.26228988982648e-05, 5481.8887857252 
151416, 125, 2.20857811740801e-05, 9304.50458410533 
2599640, 26, 2.1421074052653e-05, 221.638094186027 
1473598, 49, 2.17056282694103e-05, 3542.26860385017 
46165, 194, 2.09845973055777e-05, 4209.52460881214 
186817, 256, 2.38777459407832e-05, 13858.7531086946 
1593482, 166, 2.42830431509677e-05, 5310.1285208248 
1708, 188, 2.11608862179148e-05, 4267.46265617217 
2604421, 88, 2.42871715160052e-05, 504.752260277417 
2004797, 44, 2.20779794233232e-05, 7543.40757162561 
2584466, 108, 2.13743721278187e-05, 5595.99784414465 
80865, 128, 2.21180217641334e-05, 3106.50826191634 
1865, 195, 2.1031821145393e-05, 8289.7220704551 
33050, 94, 2.12879191059074e-05, 1537.70088810022 
37326, 222, 2.13912894669291e-05, 11731.5759899489 
864828, 138, 2.35988200589971e-05, 2906.08567130523 
1867, 193, 2.09771139686602e-05, 7949.86548374968 
37928, 60, 2.24992125275615e-05, 44009.7559946378 
47420, 143, 2.2895345376285e-05, 5397.7539930469 
46429, 257, 2.40876791521137e-05, 23593.0118559191 
2202149, 110, 2.29985510912813e-05, 23577.8446917389 
2769491, 4, 2.06440957886045e-05, 0 
517, 42, 2.24623194591073e-05, 10291.01041795 
321984, 187, 2.42265668532112e-05, 5100.03094470926 
2591108, 233, 2.15759040303789e-05, 7681.24575403302 
2775403, 193, 2.22113633334814e-05, 41122.3543742556 
179636, 108, 2.20696961002847e-05, 2089.45582725191 
2651334, 222, 2.20109174150379e-05, 2191.97503005384 
2897332, 197, 2.23099747897285e-05, 2981.33538514021 
1327635, 78, 2.08646302787515e-05, 2061.7841955615 
2898796, 147, 2.12458570578737e-05, 5271.99629594243 
3015177, 21, 2.12228612661559e-05, 289.02881692034 
2681549, 18, 2.03881911596803e-05, 400.848541870275 
2728020, 135, 2.31964741359313e-05, 7659.48136675198 
2686094, 62, 2.36663984474843e-05, 7119.5982743315 
200618, 74, 2.19930062240208e-05, 57904.9042835265 
1675686, 102, 2.26239225356892e-05, 42327.8547723092 
1521768, 46, 2.23653605296117e-05, 2188.97822135655 
443156, 53, 2.19925225423356e-05, 36530.660905589 
1938607, 76, 2.0963921091801e-05, 2137.92189328385 
2716225, 140, 2.28963938179737e-05, 5405.7395126618 
2736, 201, 2.47831474597274e-05, 37383.8682196729 
93064, 62, 2.15717151670729e-05, 822.500870027777 
32, 128, 2.18197687104517e-05, 6052.10032341455 
3044187, 74, 2.15058388352438e-05, 25961.248322936 
1325100, 56, 2.21062870280308e-05, 30728.3830093125 
34070, 156, 2.42253930570024e-05, 4091.01619206976 
399, 141, 2.17226023677637e-05, 8127.42443555806 
69277, 110, 2.13958663186272e-05, 8104.60798780632 
1848900, 1, 1.91864927091328e-05, 0 
745310, 47, 2.13356091316407e-05, 28669.9663589488 
283, 150, 2.27432964133822e-05, 14771.386788429 
37331, 265, 2.17665752470506e-05, 7156.25995543399 
2675225, 32, 2.29200091680037e-05, 145964.540250268 
2582905, 201, 2.13981554789977e-05, 10758.1248419977 
2013, 255, 2.16778668978972e-05, 11856.3428093622 
858423, 54, 2.23049985501751e-05, 11591.8475431889 
504468, 218, 2.24074572017567e-05, 2886.9630247359 
2749991, 221, 2.18440769785273e-05, 2542.06974220527 
2970925, 259, 2.42889412450511e-05, 13247.1879141629 
1795631, 153, 2.30744381374314e-05, 7335.78035234673 
2801335, 218, 2.33078500839083e-05, 13862.9676808329 
2745198, 51, 2.36384266263238e-05, 2909.36769591121 
1105204, 191, 2.39457867388233e-05, 13262.3693419427 
2575374, 109, 2.20055894197126e-05, 1170.57814685492 
87883, 80, 2.26808800181447e-05, 6865.67186616359 
338584, 229, 2.14045677347546e-05, 6928.46319168372 
497727, 81, 2.17964646134397e-05, 33.6037167114025 
266062, 74, 2.38327891513144e-05, 49827.4281686101 
161493, 145, 2.24926336624755e-05, 4800.66618877639 
3068633, 155, 2.33464851866551e-05, 3143.4532947307 
2562284, 79, 2.26613488034808e-05, 7097.20846936624 
2802641, 265, 2.17282663016318e-05, 8422.33329650988 
795665, 159, 2.32504068821204e-05, 7694.05193710933 
404405, 58, 2.27438136826783e-05, 6871.96682998314 
1792, 31, 2.36989288084179e-05, 1340.8847157823 
31, 220, 2.24426590062391e-05, 6913.58044290488 
2072590, 185, 2.45055995294925e-05, 7105.54637203362 
2742131, 310, 2.19770559535845e-05, 3367.86116892341 
91347, 69, 2.28990153423403e-05, 9993.40195413365 
316612, 171, 2.37586124970302e-05, 13691.706206794 
1940610, 107, 2.28076177443266e-05, 17152.3201039158 
68895, 121, 2.29005885451256e-05, 25725.4034116791 
2498704, 62, 2.0708221163802e-05, 3287.74697347883 
2772401, 80, 2.28362639872117e-05, 9379.04463253263 
2760705, 163, 2.17004470292088e-05, 2911.5299313047 
2806262, 156, 2.32110113037625e-05, 7337.57612481663 
1707, 256, 2.17306271458994e-05, 4613.08561359949 
31989, 277, 2.22449615162166e-05, 5689.259393395 
2585717, 116, 2.19010074463425e-05, 8126.91859526338 
286802, 132, 2.8022978842651e-05, 4146.3865626904 
2795690, 2, 1.9992402886903e-05, 0 
3047874, 119, 2.3515026101679e-05, 11083.6238526952 
2136401, 552, 2.36596791747504e-05, 3509.48223911879 
101571, 87, 2.28670737005785e-05, 8074.94671278264 
296591, 180, 2.33083933524462e-05, 16388.5794906753 
211114, 69, 2.19775389551878e-05, 1058.52211242044 
2070761, 196, 2.42936617836406e-05, 7135.0130517842 
44249, 42, 2.33546639263861e-05, 905.113126263656 
287, 23, 2.27092085840808e-05, 1216.41476405218 
2303331, 122, 2.31755081230156e-05, 48152.4102074072 
1210884, 62, 2.26510827217541e-05, 17360.5279184625 
2872154, 245, 2.19741583897337e-05, 6881.28541077748 
2034, 305, 2.22010079257598e-05, 13521.6556474172 
2518371, 83, 2.23503643109383e-05, 49882.5821967405 
2932773, 273, 2.1861268390792e-05, 6559.00286992822 
3014784, 57, 2.0860713019171e-05, 1350.86309232507 
2762322, 178, 2.32883092687471e-05, 5038.72111448954 
80867, 166, 2.30414746543779e-05, 9385.3692657463 
467094, 264, 2.19760900140647e-05, 2772.53631588766 
2651199, 101, 2.24557621485673e-05, 1979.94074097666 
2996826, 258, 2.19235744195734e-05, 6305.84424693851 
2760089, 251, 2.1912525199404e-05, 9162.80274387989 
335406, 1, 1.74034110685694e-05, 0 
1750527, 249, 2.25784601490178e-05, 5435.3161744919 
546871, 253, 2.16197518052493e-05, 5395.04027495075 
2995142, 99, 2.24921277552857e-05, 1106.81820527052 
2799326, 52, 2.24860586436409e-05, 1624.09881890089 
2801030, 1, 1.82731841023298e-05, 0 
2928472, 218, 2.29842787533327e-05, 15949.5690465354 
1849032, 69, 2.1792189679219e-05, 1032.39546377268 
53358, 97, 2.1749059353183e-05, 749.780465900177 
2981138, 283, 2.1953896816685e-05, 5141.40898640046 
47857, 280, 2.19847865277228e-05, 7755.3579439038 
2203219, 10, 2.45465033505977e-05, 267.149241204606 
715475, 274, 2.18116779723864e-05, 6240.35333203303 
223967, 239, 2.3069115068746e-05, 15908.0031589358 
2698682, 74, 2.32910213112845e-05, 10388.3885430369 
2732249, 172, 2.24941515206046e-05, 3631.11143544878 
3019544, 23, 2.23418753770191e-05, 57.5259233108089 
588673, 321, 2.20867567806343e-05, 4101.49097533261 
3056937, 44, 2.2369362920544e-05, 4059.28961525501 
32002, 98, 2.46469326892268e-05, 5141.36390717659 
506, 56, 2.32660943207464e-05, 22107.8620630403 
2082386, 179, 2.40471323794638e-05, 12006.5803993935 
37919, 323, 2.22246916324036e-05, 7673.77110850343 
310581, 157, 2.33116534955824e-05, 3385.72355651915 
408, 200, 2.32061635570407e-05, 10562.3466540819 
613, 63, 2.33323222660351e-05, 6543.5179305462 
2527983, 36, 2.13356091316407e-05, 796.231767198436 
675281, 8, 2.00060018005402e-05, 3.30636936843842 
2528009, 20, 2.27009602506186e-05, 3741.94373516861 
13690, 206, 2.25855994218087e-05, 26149.2115859735 
110321, 103, 2.28060572888159e-05, 25324.0182193463 
715472, 288, 2.19355970869527e-05, 3141.29937689449 
2986920, 257, 2.41557563167303e-05, 9173.7244861129 
449461, 285, 2.20921241577378e-05, 6971.72477732524 
2861283, 160, 2.44774073530132e-05, 2432.2846436189 
722472, 62, 2.28995397192516e-05, 10377.5320851522 
2651974, 171, 2.33940017779441e-05, 16134.967728041 
198618, 2, 2.14735124224269e-05, 0.445880976198316 
1971, 307, 2.2102378215896e-05, 9376.96708460351 
2558918, 267, 2.20181870224806e-05, 6644.9143189745 
215691, 79, 2.32617646374654e-05, 13518.2619417996 
1483604, 313, 2.22687391439897e-05, 6798.72704005063 
42253, 16, 2.18947737175136e-05, 112.431387718248 
715473, 305, 2.2019641520236e-05, 4246.94494902947 
128785, 123, 2.26793368561903e-05, 8308.84538030806 
2830997, 19, 2.14169450869528e-05, 9.79733547442332 
2762611, 78, 2.32942765962403e-05, 11202.8566001734 
356302, 69, 2.33967384946538e-05, 5972.11155213206 
659012, 67, 2.08333333333333e-05, 2543.70668609073 
85009, 301, 2.21131307770554e-05, 6708.42946882693 
357, 168, 2.29716070936323e-05, 12579.7083395846 
2593653, 223, 2.31486839973148e-05, 6528.82784531636 
47760, 307, 2.21160651096957e-05, 3432.39240779086 
3039159, 59, 2.32818029428199e-05, 2511.16968586779 
3047871, 181, 2.39040015298561e-05, 7980.66233961434 
2567941, 88, 2.43682530399396e-05, 3973.13468697327 
2750812, 294, 2.18770509735288e-05, 5113.07439307923 
1286181, 13, 2.17202432667246e-05, 1.88759955663404 
2878388, 354, 2.2363359871187e-05, 8477.57028648133 
1357916, 119, 2.24815089588813e-05, 8160.63485446379 
2806347, 171, 2.3851547965463e-05, 6947.11059047512 
2898149, 63, 2.33421255339511e-05, 6394.68866853741 
42684, 198, 2.20760298467924e-05, 4130.74393981802 
2202825, 294, 2.31128368695974e-05, 6906.17432471843 
316, 72, 2.35133673493381e-05, 29001.441377395 
2830667, 173, 2.32612235403582e-05, 3863.90762933453 
2675222, 321, 2.20288578037229e-05, 4470.74232127519 
2663857, 302, 2.21709826179496e-05, 8324.64621106899 
2268449, 307, 2.20312844238819e-05, 4512.24986971448 
2969621, 8, 2.14776632302406e-05, 13.1632654931015 
2778070, 324, 2.22796542197665e-05, 7194.0865709621 
304895, 353, 2.24592925322852e-05, 6920.73612182867 
186650, 93, 2.27935813274982e-05, 86.5543980281137 
3015152, 304, 2.19418540866703e-05, 3640.35502078011 
216778, 113, 2.24992125275615e-05, 7889.42754109547 
343, 93, 2.21641030187508e-05, 6449.68147402922 
56458, 19, 2.16342513467321e-05, 366.873336619751 
117567, 4, 2.10997172637887e-05, 0.711188625958151 
105560, 183, 2.39894446443565e-05, 12090.9123998661 
1855352, 357, 2.23713646532438e-05, 7521.80590051397 
288000, 41, 2.32742168226039e-05, 9073.37935883189 
125216, 301, 2.32671769934154e-05, 5453.72810640037 
375, 85, 2.34598601792333e-05, 10148.4165428212 
83637, 57, 2.31674543601149e-05, 12074.738972537 
1630693, 74, 2.28613232133876e-05, 12572.0611377006 
2714941, 328, 2.22459512368749e-05, 4023.02394766262 
339, 135, 2.23994265746797e-05, 11162.2500505634 
2653857, 300, 2.19303054891555e-05, 3562.23957995333 
2745196, 355, 2.23558605888534e-05, 7860.54435863654 
1914233, 52, 2.33945490700667e-05, 6873.69240019787 
1858653, 11, 1.98534813079473e-05, 99.460866768936 
1817, 346, 2.24386303460037e-05, 6003.04320688956 
1795, 4, 2.03740678863942e-05, 4025.66615008568 
2594003, 5, 2.02375892983628e-05, 2.43993332971606 
1389922, 3, 2.13201432713628e-05, 10.1707041021528 
2074, 353, 2.23613595706619e-05, 6102.08350380956 
2976823, 23, 2.46202329074033e-05, 2086.97102473911 
114615, 94, 2.36010478865262e-05, 7792.54017360553 
2973977, 341, 2.23224251082638e-05, 6231.92947789076 
2321403, 187, 2.32606824684236e-05, 15356.4163418392 
1813871, 102, 2.35355033067382e-05, 3095.06620321615 
1437009, 159, 2.33978333606308e-05, 7616.33655321985 
2903901, 38, 2.2047799629597e-05, 974.196363105004 
904039, 358, 2.25611406912734e-05, 4549.10899004808 
1842539, 40, 2.33415806918445e-05, 1251.51487053749 
3043848, 49, 2.1394493057487e-05, 1958.07912509907 
28214, 64, 2.14399039492303e-05, 5311.41118693334 
2970464, 172, 2.42718446601942e-05, 4575.63793568038 
2854170, 238, 2.32244879000418e-05, 2143.35958181388 
2792008, 367, 2.24931395924243e-05, 7946.17332687079 
459526, 4, 2.11676050971593e-05, 0 
1411117, 330, 2.23598595800818e-05, 5341.033199374 
3012344, 40, 2.13174163291409e-05, 1448.53414353735 
47989, 320, 2.20414820692543e-05, 3321.69114431468 
1871048, 170, 2.27826760531292e-05, 10381.755373914 
3016000, 183, 2.24547536713522e-05, 8734.67895476991 
56730, 205, 2.36451338314575e-05, 10472.3269766331 
323415, 38, 2.12219604847096e-05, 183.614348263444 
758802, 415, 2.2777486732114e-05, 7823.48148217276 
135487, 367, 2.2518465141416e-05, 7316.04130467737 
55508, 160, 2.52927637402939e-05, 4187.21950016097 
2082949, 394, 2.31369010434742e-05, 2434.36257324515 
2024580, 359, 2.24911160091764e-05, 6916.361666071 
83453, 347, 2.31085640338309e-05, 11221.1155467089 
2528964, 134, 2.36300479689974e-05, 8321.65672139077 
1868589, 131, 2.36250236250236e-05, 9483.31875569789 
43357, 378, 2.25311493139265e-05, 7891.43145414372 
1176533, 46, 2.29716070936323e-05, 3352.19711720642 
2799325, 62, 2.32471638460108e-05, 3492.98986012176 
2057, 372, 2.26603217765692e-05, 3800.0967407421 
543, 84, 2.39957767432932e-05, 12893.9950781862 
1847, 366, 2.25265813660119e-05, 3583.53565884373 
29449, 186, 2.39360428933889e-05, 18118.9361166103 
1813468, 49, 2.16010714131421e-05, 4296.47019357293 
2509614, 185, 2.39877182882364e-05, 10179.2662591708 
400770, 224, 2.35982631678308e-05, 9419.42793317585 
470, 32, 2.24532411253564e-05, 17.3365524415304 
2896848, 380, 2.26526220410012e-05, 3708.60815405217 
160826, 359, 2.26009130768883e-05, 6980.84383648371 
305, 92, 2.40263328608155e-05, 52690.5948434128 
29448, 68, 2.37761240162629e-05, 6839.70741261046 
307121, 367, 2.25301340542976e-05, 5219.8278596453 
115808, 49, 2.35194505856343e-05, 1050.16261662061 
2567934, 36, 2.27852716004375e-05, 28372.0128884703 
659352, 383, 2.2607044355021e-05, 4184.20113278611 
2762323, 186, 2.39211558702516e-05, 13920.4731764275 
292, 115, 2.40194076814066e-05, 25726.1026509124 
2528022, 3, 2.04725054252139e-05, 0 
2973976, 42, 2.32034712392974e-05, 12200.3713087824 
2483798, 353, 2.26336517133674e-05, 7284.54323634484 
3074855, 138, 2.23249168396848e-05, 9738.74084245401 
2940492, 254, 2.49407656815064e-05, 11200.0123519818 
162426, 15, 2.2642876551037e-05, 9675.29890062509 
1653480, 364, 2.26147131323639e-05, 3353.84057053212 
2051553, 387, 2.35682300259251e-05, 11946.5666411247 
1664560, 126, 2.30760355370947e-05, 2806.58377616163 
419476, 358, 2.25407988459111e-05, 8514.39262866928 
1541170, 28, 2.07835394367661e-05, 269.570638262398 
2861282, 167, 2.43932186852055e-05, 5306.56714254516 
1801, 22, 2.2981109527968e-05, 14820.4836781767 
290399, 137, 2.28717807968528e-05, 1624.54871934244 
83461, 338, 2.34433608402101e-05, 14372.4436246282 
1702325, 177, 2.39102885971834e-05, 11431.8815841438 
85030, 383, 2.25063017644941e-05, 4368.92439638903 
2488560, 100, 2.42635997476586e-05, 23203.9251708571 
2528021, 137, 2.24794874676857e-05, 7531.3773235326 
1515612, 172, 2.35316265060241e-05, 2846.52001051829 
1969, 353, 2.27339895878328e-05, 3329.75562285025 
218821, 363, 2.26341640071524e-05, 3916.32728710369 
2872652, 33, 2.11662609799979e-05, 697.641187877476 
204525, 407, 2.35449237144472e-05, 5183.99465292749 
47872, 381, 2.26608352783884e-05, 2716.68428828758 
1774216, 340, 2.25657226672684e-05, 6755.53608654363 
89966, 127, 2.41394293438903e-05, 26215.7191659236 
2010972, 136, 2.32899364184736e-05, 2721.56499846586 
436515, 187, 2.38384705237312e-05, 9955.06821354105 
72557, 3, 2.53613999492772e-05, 0.0253212008081761 
2823693, 35, 2.36820916023303e-05, 3550.45913023089 
2830998, 103, 2.22915737851092e-05, 4298.83032405287 
2653203, 45, 2.13196887325445e-05, 1962.21363246275 
913, 44, 2.23383818076219e-05, 797.248327568379 
1275, 296, 2.26613488034808e-05, 5179.5089496175 
2698679, 48, 2.15049138728199e-05, 3144.59751199902 
184914, 156, 2.33328666759998e-05, 1956.28578984861 
76892, 17, 2.19896208989357e-05, 191.034554912262 
255045, 75, 2.36848961417304e-05, 15362.733758217 
3052846, 481, 2.30266187712996e-05, 2173.65740957687 
53462, 13, 2.211900022119e-05, 5277.53898545966 
352475, 163, 2.24592925322852e-05, 6786.08447693451 
2741720, 191, 2.43125623009409e-05, 9437.22408370713 
257708, 395, 2.36501667336755e-05, 6335.11133489013 
2590772, 17, 2.35732302397398e-05, 9.90389416506095 
2589074, 313, 2.26880842181686e-05, 5425.38366345438 
450734, 348, 2.27262397163765e-05, 9143.54418910676 
227318, 413, 2.27562352084471e-05, 3937.94432438427 
2486273, 156, 2.31943220299671e-05, 2968.50228318554 
68246, 426, 2.31545799759192e-05, 5333.62312806376 
1463158, 128, 2.39131474484672e-05, 40764.2735173276 
2714938, 148, 2.24840363342027e-05, 5647.05106637104 
546874, 373, 2.24855530321768e-05, 3496.42551061677 
2865832, 394, 2.27722997745542e-05, 3425.01024517331 
1616117, 437, 2.31144395904121e-05, 4315.62284684531 
193462, 414, 2.27640055544174e-05, 4522.78800804249 
1413221, 11, 2.12535333999277e-05, 9667.52667579541 
2033, 240, 2.28008573122349e-05, 2440.75320847216 
1725411, 454, 2.29837504884047e-05, 3167.31473654277 
1766, 19, 2.24129815989421e-05, 1366.30123529331 
2819978, 21, 2.2288592698257e-05, 213.108207467396 
2735134, 66, 2.23005218322109e-05, 11324.5629107549 
67304, 433, 2.28974423556889e-05, 3871.77589613283 
455432, 434, 2.33704924162752e-05, 5007.8041323761 
1827580, 72, 2.28409584066147e-05, 7441.23506139419 
83656, 437, 2.31422554442156e-05, 5313.81916845382 
2015316, 18, 2.28060572888159e-05, 2752.3465938153 
28447, 462, 2.343621833181e-05, 7598.08085132378 
3073064, 466, 2.32959045799748e-05, 5165.14483949491 
2482763, 99, 2.22960469108827e-05, 897.240704440906 
3068632, 21, 2.18278654530373e-05, 775.07002356188 
2592334, 96, 2.22930646275944e-05, 1188.69109389329 
1804986, 438, 2.31208526970475e-05, 5369.34175640526 
2202828, 379, 2.41423432558364e-05, 8939.58913616882 
442121, 130, 2.39957767432932e-05, 6664.12005608479 
1690815, 412, 2.30526291523548e-05, 5264.55641483808 
44255, 116, 2.42236325759411e-05, 15008.6793392176 
1333996, 121, 2.4349265869634e-05, 18150.7102120812 
2697032, 160, 2.45736472207205e-05, 21501.8987003043 
1663, 12, 2.02815073216241e-05, 7.36318563378862 
75, 54, 2.27624510607302e-05, 1638.4535121539 
2078691, 451, 2.32304225613864e-05, 4100.21565989358 
1582356, 63, 2.2161647053609e-05, 3616.59465479769 
33886, 471, 2.33165454206305e-05, 6360.52836648142 
2940488, 251, 2.54071495718895e-05, 9259.27824271795 
117157, 433, 2.2822713164141e-05, 3762.96327523328 
2984843, 326, 2.43920286850257e-05, 15340.3357528232 
2991075, 50, 2.13903743315508e-05, 620.031870750926 
748247, 106, 2.49525900788502e-05, 40076.5245753767 
2305220, 30, 2.26675129204824e-05, 3.39910280128952 
2528010, 22, 2.34516076077015e-05, 8540.9709060258 
3061627, 413, 2.27339895878328e-05, 4504.80278339277 
2020412, 15, 2.17230742494678e-05, 564.842658031489 
2761107, 60, 2.36512854473641e-05, 9660.44519750048 
390989, 445, 2.32002412825093e-05, 6345.24720897283 
47865, 427, 2.27790432801822e-05, 5344.94606332582 
1670830, 476, 2.3857238286096e-05, 11537.3665388456 
374606, 150, 2.28665508094759e-05, 9749.61755246371 
2736757, 353, 2.27712626665149e-05, 5891.8038978317 
2925842, 75, 2.32959045799748e-05, 9088.96830101735 
642780, 414, 2.28331354461595e-05, 8832.68927975539 
1353891, 57, 2.5374914359664e-05, 2405.17320176843 
2057741, 35, 2.3950374823366e-05, 3398.08707356563 
225991, 229, 2.44283760015634e-05, 4558.35621513979 
2136173, 461, 2.3204009652868e-05, 5179.52991427214 
46913, 226, 2.35133673493381e-05, 8107.8219779228 
2099695, 4, 2.10997172637887e-05, 0.711188625958151 
67385, 483, 2.33710386089558e-05, 4288.98157868079 
2203204, 140, 2.29384103681615e-05, 3395.12323898169 
364317, 235, 2.44696209655712e-05, 4838.64800933487 
1896164, 50, 2.28393933857117e-05, 1910.71571755901 
1608957, 491, 2.34653651210813e-05, 4345.60818269968 
2027911, 244, 2.43658780244146e-05, 10998.5629903821 
282217, 192, 2.45248313917842e-05, 8322.51991782706 
1670831, 462, 2.39131474484672e-05, 10559.642439783 
82541, 97, 2.4909081851243e-05, 29702.6583896045 
44577, 7, 2.04611953430319e-05, 433.812165997468 
231454, 125, 2.68976276292431e-05, 17967.0458663792 
2779519, 646, 3.07948141532966e-05, 24558.0473409243 
158822, 59, 3.17551046330698e-05, 73159.9204111585 
2987688, 421, 3.16095587305601e-05, 60844.4043793592 
441500, 579, 2.99454991914715e-05, 15439.0352833587 
274537, 237, 3.15208825847124e-05, 24308.5093241601 
135740, 23, 2.88408848383468e-05, 165.815337136824 
1703, 613, 3.05586114166972e-05, 16841.9765917947 
2817656, 53, 3.01213891984698e-05, 16503.3645546306 
62320, 607, 2.99643424325053e-05, 13431.1362727322 
2217913, 104, 3.19315387808539e-05, 80506.7822454887 
3031114, 397, 2.90554086643229e-05, 4106.63777301919 
290400, 175, 3.1164298180005e-05, 12861.729652477 
2904242, 5, 2.8366380166227e-05, 18.0597669572408 
485898, 16, 2.88425485275879e-05, 16660.6600667097 
61645, 7, 2.54323499491353e-05, 49.2285220377379 
152260, 308, 3.11371279113215e-05, 22162.3645109821 
33918, 531, 2.95919273222265e-05, 15024.9795629671 
28097, 82, 3.0229746070133e-05, 99094.0005693143 
1333523, 639, 3.06955614218184e-05, 17845.0240757709 
2728024, 62, 2.93057468569587e-05, 13404.5623198696 
3038545, 89, 2.61035265864418e-05, 14594.6040247036 
2009329, 70, 2.81444372519771e-05, 254.968589963531 
3067904, 48, 3.0421027013872e-05, 3182.40160804485 
2732163, 305, 2.87067604420841e-05, 3951.88132423687 
2000, 124, 2.7103209019948e-05, 778.249432018221 
204461, 115, 3.19193079894028e-05, 60754.109992844 
2953750, 590, 3.01905020680494e-05, 11668.2579465943 
3061632, 144, 3.06241195565627e-05, 7235.83723644031 
2584944, 117, 3.16967257282323e-05, 37479.5248920473 
2842357, 22, 2.89594856795343e-05, 96.3644859764538 
544580, 528, 3.00138063509214e-05, 11445.8109266968 
2666185, 2, 2.67873884974954e-05, 0 
29311, 602, 3.01159463936154e-05, 16484.6347860866 
33071, 360, 3.12656328164082e-05, 27672.5593522321 
1736226, 16, 2.76403438458774e-05, 10929.1732720329 
2954084, 126, 2.8184892897407e-05, 18203.2517819125 
2496837, 221, 3.12578144536134e-05, 16911.8137160281 
265606, 25, 3.01059730250482e-05, 2362.02320513608 
2867238, 20, 2.44570534142047e-05, 1079.18854742756 
1183413, 157, 2.72553829381303e-05, 40053.2336592528 
154981, 40, 2.94602875324063e-05, 873.360860891065 
3033389, 599, 2.99769177733145e-05, 12875.1885383663 
340320, 493, 2.94689691754582e-05, 6637.45719984687 
1661694, 539, 2.95377344557672e-05, 10643.4580059623 
462710, 156, 2.74770566576908e-05, 485.328027181586 
87, 6, 2.75269764369082e-05, 0.556314294081367 
1703340, 47, 2.62020175553518e-05, 4862.50935204725 
3019098, 12, 2.56930705788649e-05, 160.061133097307 
2962673, 541, 3.05651496164074e-05, 16109.174239794 
160674, 4, 2.53968253968254e-05, 0 
184748, 8, 2.87265519519692e-05, 3258.91603613736 
2886936, 8, 2.40540735573569e-05, 4.35194535393055 
95301, 32, 2.92825768667643e-05, 440.16573411233 
55968, 415, 2.8041838422927e-05, 7085.3599204154 
1586232, 662, 3.08937563718373e-05, 34484.9857309335 
2057798, 655, 3.05483427524057e-05, 17918.0476080917 
2910984, 191, 3.00616263339847e-05, 3041.36972024325 
388408, 68, 3.10173697270471e-05, 21037.2792491661 
2079535, 585, 2.99481896319367e-05, 14114.1098906179 
1619153, 16, 2.92149931344766e-05, 86.4048224793578 
2057800, 596, 2.97885016383676e-05, 14450.7504074926 
2816859, 13, 2.38384705237312e-05, 3158.35816505575 
2967130, 61, 2.61137515015407e-05, 943.850963377282 
2730359, 127, 3.14011178797965e-05, 27462.5648306319 
199136, 250, 2.74431241252504e-05, 12077.7384384913 
184917, 572, 3.13204710598847e-05, 45151.9968707903 
702114, 18, 2.86656155940949e-05, 11380.4611079816 
2932251, 78, 3.17258883248731e-05, 460906.609543506 
426114, 76, 2.86147594929465e-05, 7992.44118446001 
2872158, 614, 3.04599451720987e-05, 14516.9511046476 
629680, 555, 2.97070881112233e-05, 10787.0078790299 
1656, 578, 2.97335870599429e-05, 12837.184845801 
2781023, 15, 2.42330247661513e-05, 806.267511279412 
296842, 458, 3.11458560438534e-05, 29272.9190623856 
3017782, 168, 3.04191762487072e-05, 3395.37792020502 
313985, 101, 3.10375865172724e-05, 11962.1080878985 
2931930, 131, 3.13145863343145e-05, 30899.6967368184 
2675233, 99, 2.60967144236541e-05, 4172.1604392888 
2816475, 565, 2.98098133905682e-05, 14872.7959559773 
2675229, 181, 2.62818996557071e-05, 25034.1074421377 
2979870, 37, 2.39739163789797e-05, 4464.2360224113 
1771309, 416, 3.09616694532169e-05, 13983.9007694405 
487184, 66, 3.19866935354892e-05, 125463.747752509 
675090, 556, 2.96243630761939e-05, 12064.8525193091 
1649184, 513, 2.92680071413937e-05, 7234.38945387611 
3019968, 4, 2.4759829652372e-05, 7675.95872785094 
1499686, 2, 2.52697546306825e-05, 0 
171404, 2, 1.95805838930117e-05, 7357.49820702971 
2742133, 26, 2.41464239146182e-05, 9012.77810738849 
261284, 426, 3.07635513443672e-05, 17711.1678108232 
2652443, 650, 3.15726328418527e-05, 84986.7312865561 
2722820, 546, 2.95875495591455e-05, 9792.34813559423 
33011, 461, 2.9419552234415e-05, 5519.58859784306 
1851167, 457, 2.90461252468921e-05, 5785.90169718568 
2906514, 212, 3.17551046330698e-05, 55857.227374746 
2592049, 5, 2.64263629396686e-05, 2.87644842744284 
2951804, 577, 2.98659020995729e-05, 12641.5223980368 
172827, 509, 3.10472228259182e-05, 35059.3150448827 
1821621, 4, 2.804026582172e-05, 0.321207804257831 
414371, 115, 3.03094595823356e-05, 3777.16903086812 
2126321, 74, 3.07200786434013e-05, 3506.49857202423 
2750025, 546, 2.95945546019532e-05, 9552.02016375203 
2718876, 540, 3.08470602751558e-05, 30468.4033426904 
640205, 25, 2.90040025523522e-05, 3233.67470515885 
99, 12, 2.86270468338486e-05, 106.158369368438 
894, 98, 3.06306858210555e-05, 6246.63516395883 
129985, 141, 2.66148564128497e-05, 20548.2192477996 
2781024, 15, 2.33062204302328e-05, 34.3212674867851 
3032281, 554, 3.00111041085202e-05, 13841.4752839469 
35746, 627, 3.04312102492316e-05, 21188.7889308558 
481, 27, 2.92312189418299e-05, 1135.56093496596 
2697565, 573, 2.98133683143522e-05, 15902.6337234847 
1537274, 21, 2.56489176156766e-05, 123.765528070822 
2875777, 402, 2.92320734309685e-05, 4067.29521370883 
1932360, 569, 3.00183111698136e-05, 12908.52559659 
2489212, 9, 2.54634345080464e-05, 1.91319646837059 
2714936, 93, 2.61862365140882e-05, 14702.1559784627 
2909672, 513, 2.9410034703841e-05, 24538.1759737979 
44750, 579, 2.97805175853956e-05, 12014.9321699469 
1670, 171, 2.73455659164866e-05, 1093.60811164994 
2583823, 240, 3.06917930145479e-05, 16575.2830288405 
1907662, 331, 3.05278261135025e-05, 11077.3866505492 
2962672, 600, 3.0206917384081e-05, 12004.4435624362 
2932249, 1, 2.56864709357581e-05, 0 
1126833, 14, 2.99895036737142e-05, 6609.12069752223 
147206, 665, 3.09224156591113e-05, 36657.703419744 
158836, 9, 2.76678748305343e-05, 769.603090607474 
2867022, 226, 3.04330624790773e-05, 7923.51545088011 
1335613, 615, 3.0834695199038e-05, 29008.410359353 
2745503, 88, 2.6046414711015e-05, 6973.41352695299 
328813, 281, 3.08947108255067e-05, 16025.1524093606 
2682228, 280, 2.78504985239236e-05, 2139.61643681187 
876, 358, 3.0821390044691e-05, 10831.9401181498 
2804758, 470, 2.83310196333966e-05, 10232.4864166329 
1813451, 3, 2.55532273726172e-05, 3.28505633760727 
423351, 205, 2.84171639670361e-05, 46087.1537562639 
2020716, 14, 2.94048459186074e-05, 256.299789108058 
2909671, 8, 2.74770566576908e-05, 656.920145280223 
45401, 47, 2.95875495591455e-05, 1177.47227590948 
555317, 62, 2.66028198989093e-05, 5885.00379437522 
1407499, 638, 3.04071517620944e-05, 27346.6786840557 
239759, 140, 3.12812812812813e-05, 26869.7801855813 
2906443, 198, 2.80135585623442e-05, 50073.750724591 
471827, 472, 3.13371564664222e-05, 44077.8700841969 
1808979, 38, 3.09262409154167e-05, 45022.6176442868 
442, 164, 3.28579877768285e-05, 407641.051124397 
2881234, 2, 2.35626767200754e-05, 7674 
67351, 399, 2.78287972393833e-05, 7731.99296484077 
75291, 500, 2.83005518607613e-05, 7393.64506215047 
2991051, 35, 3.08994839786176e-05, 11526.4725978389 
948519, 1, 2.17202432667246e-05, 0 
638849, 369, 3.14980471210785e-05, 49270.6603174575 
2740163, 322, 3.14891205088642e-05, 42062.5127784995 
29442, 9, 2.81452293836195e-05, 3729.34625274084 
2805590, 301, 2.75330396475771e-05, 3908.60329579304 
1173025, 675, 3.09549605324253e-05, 38165.7821636641 
897, 56, 2.96112048799266e-05, 525.472355047174 
1198456, 5, 2.59013675922089e-05, 485.533490282573 
2761047, 447, 2.8036335090277e-05, 5729.84383035687 
49283, 508, 3.13883047176622e-05, 75136.5981023441 
2489213, 408, 3.03453298537355e-05, 14771.1483444976 
635, 7, 2.6291573550677e-05, 7675.77124898413 
154, 299, 3.05492759821592e-05, 8257.19157893276 
302485, 12, 2.98659020995729e-05, 3187.05581338128 
1301032, 152, 2.7378507871321e-05, 45468.5554364658 
33059, 155, 3.11003296634944e-05, 22207.1233559337 
558537, 180, 2.78792271878224e-05, 37546.380401918 
1134435, 26, 2.99634445975909e-05, 2056.20624463488 
2954079, 149, 2.68701633705933e-05, 11630.6654605061 
2175619, 576, 2.96991476344629e-05, 11155.7026572419 
364197, 37, 2.90655427990118e-05, 4315.99805472615 
2932248, 14, 2.95901760615476e-05, 2298.80847958947 
2675099, 593, 2.98187022900763e-05, 13577.9511139509 
401471, 134, 2.75717554936723e-05, 13768.2118554597 
1510150, 117, 3.12861746394268e-05, 544775.405792919 
164759, 165, 2.68586162440911e-05, 26518.6945491297 
2012, 361, 2.76342332881974e-05, 8201.98524465291 
1648404, 29, 2.38509790826913e-05, 463.865628796858 
472181, 47, 3.09348512033657e-05, 20894.0200253941 
67294, 543, 2.9589300508936e-05, 11891.5635994582 
2565554, 75, 2.60572738880058e-05, 29765.8303526267 
2796139, 102, 3.00543984612148e-05, 6500.42284689482 
2086585, 595, 3.1108069433211e-05, 47737.6592074804 
2675218, 498, 2.93737516155563e-05, 13253.4561569981 
2878542, 140, 2.64375413086583e-05, 9815.42637528993 
84993, 147, 2.75186438812295e-05, 988.185307598216 
1538158, 135, 2.87678720405052e-05, 33907.0981541818 
2999067, 247, 2.98178131615827e-05, 4409.69953457357 
3032283, 562, 2.97486241261342e-05, 16110.7795640652 
392011, 583, 3.07229100740422e-05, 22597.5969418284 
445930, 615, 3.02947680935502e-05, 23799.1535669318 
47879, 119, 2.79688985847737e-05, 14933.028601403 
2259622, 59, 2.59463947484497e-05, 13319.6681882231 
421628, 13, 2.79970883028165e-05, 167.418280854381 
575378, 201, 2.91579192908794e-05, 85221.6376303821 
2731552, 7, 2.61656810926788e-05, 70.2761668116353 
86265, 75, 2.63206380122654e-05, 6835.11852405526 
1155739, 237, 3.05296901236452e-05, 12027.4106299943 
2590016, 21, 3.09472967536286e-05, 12755.4016788075 
2726189, 1, 2.27324391907252e-05, 0 
28065, 196, 2.89527780190509e-05, 65796.0694783464 
2497325, 454, 2.9592803030303e-05, 6774.79085739524 
191292, 348, 2.77392510402219e-05, 19925.3781233378 
337243, 497, 2.93651259763904e-05, 6745.69748637463 
1737425, 574, 2.98552022689954e-05, 15853.9631492216 
1442136, 23, 2.95875495591455e-05, 2955.08372984068 
2609252, 511, 2.94898260100265e-05, 8536.91420708996 
1605838, 1, 2.51724311534008e-05, 0 
245188, 2, 2.59262139949703e-05, 0 
3002903, 66, 3.01177604433334e-05, 36200.9138253101 
1487865, 558, 3.04682977362055e-05, 15389.8412669921 
2045451, 69, 2.63144045050261e-05, 5193.92651722478 
1795043, 47, 3.16766448097817e-05, 68697.0649903109 
3024245, 174, 2.68333914723482e-05, 22523.0126454239 
794846, 55, 2.60715403066013e-05, 5236.60310958797 
1072256, 562, 2.97273997443444e-05, 12097.5159985116 
2961598, 621, 3.04321363359708e-05, 22226.3139461878 
166501, 564, 3.05483427524057e-05, 22247.8835649065 
216142, 27, 3.02014436290055e-05, 4933.68622647582 
42353, 8, 2.09283830731238e-05, 855.235578243825 
231439, 221, 3.16385610782422e-05, 70641.9220769656 
2949307, 576, 3.00788064729592e-05, 13799.0536298298 
634157, 589, 3.01877679164403e-05, 13311.2777949629 
2769067, 508, 2.94785248946143e-05, 9772.58489589664 
582, 50, 3.09559187716691e-05, 67411.6739021412 
2884876, 575, 3.0389594602808e-05, 18170.4057325945 
71254, 570, 2.98739320069308e-05, 13384.1671624549 
218936, 102, 3.0446961393253e-05, 22868.0830934566 
38304, 461, 2.96709491736641e-05, 8472.8954998124 
2079791, 337, 2.96252407050807e-05, 4243.30235861212 
34008, 47, 2.85266010554842e-05, 103.961027580456 
74030, 77, 2.99571612593991e-05, 3808.79150621969 
2853257, 209, 2.81444372519771e-05, 49984.959725086 
936337, 105, 2.66737796745799e-05, 759.24856727154 
44675, 167, 3.07049864898059e-05, 5047.16561338343 
1543721, 1, 2.43896490329504e-05, 0 
41295, 1, 2.38726157225047e-05, 0 
2794089, 621, 3.06682614162603e-05, 24025.1562350343 
285091, 12, 2.90191526407429e-05, 400.238209632025 
323450, 1, 2.41487563390485e-05, 0 
471, 2, 2.06799569856895e-05, 0 
35701, 446, 3.07730182176268e-05, 20649.4977992104 
78448, 558, 3.02535245356084e-05, 15317.8531632424 
2590774, 13, 2.19620934267454e-05, 741.20673108795 
2681547, 17, 2.88325692702477e-05, 6163.56039302449 
1684, 571, 3.08842150776738e-05, 32576.1393423546 
2185142, 48, 2.47543134391168e-05, 17361.5499138708 
59561, 576, 2.97415459655593e-05, 15794.9486921329 
1537400, 10, 2.58765687669815e-05, 7042.1883648022 
2173174, 418, 2.78636908244866e-05, 12089.5373460572 
38302, 535, 2.95525740291979e-05, 9711.57171207117 
55148, 569, 3.08603876064683e-05, 29323.1663671951 
2733571, 557, 3.05036146783394e-05, 22074.0600713984 
1188319, 58, 3.09310238168883e-05, 12901.7182552992 
44252, 147, 3.15328098886892e-05, 35242.8755248695 
2842355, 9, 2.6629030969563e-05, 304.109545163959 
2049, 566, 2.97062056263553e-05, 12916.6547775854 
3074146, 85, 2.82023802808957e-05, 8398.11865431943 
200450, 2, 2.36166544647285e-05, 7674 
265959, 60, 2.97062056263553e-05, 964.787165805125 
379347, 12, 2.70899929566018e-05, 14.2545628858178 
68203, 81, 2.5851817382762e-05, 412.262781980419 
2501295, 58, 2.68110890664379e-05, 5991.06878488219 
2653189, 20, 2.68046211166805e-05, 3.12669715711262 
2938695, 616, 3.0028226532941e-05, 16802.8646959947 
2949995, 551, 2.96753516529171e-05, 10644.025213708 
3025782, 10, 2.71024744559178e-05, 7706.39916491968 
3051119, 76, 2.6060669237986e-05, 16632.7750604031 
1930274, 30, 3.09511281686217e-05, 31201.0549344088 
2789857, 541, 3.08470602751558e-05, 43274.36593865 
2734634, 494, 3.03831312855103e-05, 16810.55508681 
2319843, 4, 2.81159501785363e-05, 477.027726807055 
277, 526, 3.08137922534126e-05, 30555.828848465 
1404244, 479, 2.94334069168506e-05, 8846.30147144083 
2963105, 147, 2.62233177741648e-05, 11212.6692943199 
2883100, 43, 3.00851409488853e-05, 2299.80627343872 
1985873, 1, 2.13260540402209e-05, 0 
2939437, 355, 3.06842589751458e-05, 21789.0435683404 
2745490, 1, 2.56469441666025e-05, 0 
2886940, 12, 2.43232067715808e-05, 11.8940580745065 
651822, 383, 3.0729518775736e-05, 27487.6099448278 
2029983, 182, 2.88309067320167e-05, 41960.1219953866 
2975049, 31, 2.61978989285059e-05, 2480.09282728278 
200451, 19, 2.94351396697377e-05, 2474.01631517429 
89154, 566, 2.97115013221618e-05, 15046.4867608912 
2609808, 114, 2.67186790285088e-05, 8507.83600157746 
2682776, 564, 3.12324317571366e-05, 44001.9560353173 
191610, 636, 3.00309318598156e-05, 20416.9050245936 
2585118, 233, 3.02288322602098e-05, 5162.82969696795 
2836432, 612, 3.05371484410786e-05, 21619.6800156147 
88724, 616, 3.07995564863866e-05, 34634.0199800865 
310783, 246, 3.02087424100535e-05, 3956.54900959083 
2678688, 111, 2.99751206498606e-05, 1574.2557320341 
2964609, 2, 2.16971511640522e-05, 20.5064909661133 
660522, 607, 2.98454008237331e-05, 17860.3974475096 
1283291, 95, 2.7526218723334e-05, 3817.26734374082 
168934, 1, 2.24059510205911e-05, 0 
2740462, 192, 2.83551195168288e-05, 37870.7474701927 
2785627, 1, 2.18775295893588e-05, 0 
2811108, 499, 2.94854784018871e-05, 14952.4928976399 
57494, 558, 2.98187022900763e-05, 13244.6549977494 
2599296, 213, 3.05315543614325e-05, 17267.1280596911 
2879621, 14, 2.28979666605605e-05, 1210.2175641223 
2918528, 60, 3.1187624750499e-05, 20972.9445417512 
413810, 565, 3.03729801968169e-05, 21436.9067540683 
2961574, 559, 2.97282834889113e-05, 14465.2691933689 
187491, 515, 3.02142188113726e-05, 10911.3980721706 
2724122, 91, 2.61656810926788e-05, 29990.8562836758 
3022676, 44, 3.02956858943286e-05, 19505.2986991592 
2842356, 19, 2.80835767243316e-05, 493.728065698925 
3039157, 9, 2.68290719824001e-05, 2838.3530608189 
38289, 566, 3.02645118334241e-05, 15604.3359639795 
652787, 216, 2.89134331810559e-05, 61453.057806614 
2903900, 11, 2.27946204695692e-05, 36856.8748306105 
3021710, 13, 2.89485873089393e-05, 6637.27550628061 
1550579, 191, 2.88508698537261e-05, 36835.5112403823 
2584940, 60, 3.17299149638279e-05, 45919.3928072849 
54299, 22, 2.67773463649752e-05, 216.195040560851 
120831, 209, 2.63539333245487e-05, 18495.8323401335 
2982524, 580, 3.03665239440041e-05, 21518.1863867678 
929813, 1, 2.33236151603499e-05, 0 
191390, 19, 3.01823010986358e-05, 10582.9243278904 
2585119, 515, 3.05539429863424e-05, 19209.9668264724 
2994972, 328, 2.88650271331255e-05, 2725.27227973202 
2953748, 535, 3.00156081162204e-05, 10556.9157586354 
2724121, 97, 2.65308288230924e-05, 11058.0004397742 
2895473, 190, 2.75413809248396e-05, 35291.9695612851 
3025671, 212, 2.88775303936007e-05, 68630.3044715714 
1853130, 35, 2.71473558475404e-05, 3222.51358363866 
1886, 377, 2.77955360369125e-05, 7997.9262374041 
81412, 572, 3.08365968731691e-05, 46676.2363353354 
1871022, 547, 3.01150394507017e-05, 11362.7708376588 
306, 7, 2.71916467261257e-05, 8550.75947614476 
2035811, 382, 3.10135218955465e-05, 31616.6003301524 
2859228, 1, 2.56864709357581e-05, 0 
483547, 187, 3.25489047293559e-05, 196108.925598121 
1332080, 166, 2.73149412728763e-05, 35606.8987116645 
1446467, 67, 3.19070865639258e-05, 18009.8436414558 
1904944, 147, 2.73740111138485e-05, 38968.4168458163 
2886821, 132, 3.18177479398008e-05, 118708.040613869 
2086471, 2, 2.31518996133633e-05, 0 
405, 6, 2.49712830245218e-05, 1651.1989497124 
2675378, 53, 2.94689691754582e-05, 3854.11598640576 
2932254, 5, 2.66127315307643e-05, 388.213944433725 
3075123, 428, 2.9585798816568e-05, 6390.25387236214 
403, 33, 3.14238129654652e-05, 90866.8480767158 
2590785, 12, 2.14818156430581e-05, 726.595409984932 
869888, 474, 3.02334018623776e-05, 15082.8081533042 
92947, 35, 2.90942946088272e-05, 125.665330971816 
198620, 16, 2.66908663855229e-05, 79.4756558772982 
2247, 516, 2.96155896463899e-05, 11802.2051949742 
28453, 186, 2.7757730527952e-05, 25801.6390503235 
427923, 204, 3.02966037507195e-05, 12557.7371928262 
1277350, 161, 3.05483427524057e-05, 21856.3427445107 
171549, 147, 2.88342320002307e-05, 36366.4867035101 
1007105, 2, 2.16192844016863e-05, 1.12180353122408 
564064, 79, 3.131556696834e-05, 317152.253457886 
1335746, 26, 3.02160447197462e-05, 8463.9861059688 
2735906, 7, 2.58324507246002e-05, 4.63467851300966 
2961941, 192, 2.47610558114198e-05, 13874.9709146334 
1891787, 213, 3.00869512892259e-05, 10619.3992347616 
359110, 25, 2.95063586202827e-05, 35959.2456680266 
1930622, 351, 3.03388853493523e-05, 12439.2657799223 
2878535, 562, 2.99688324142891e-05, 17617.3316242977 
1470347, 68, 3.07436898576567e-05, 12344.1829499478 
1679096, 577, 2.99652403212274e-05, 19178.4134902462 
2706126, 1, 2.37045465320248e-05, 0 
1906738, 41, 3.01595439876949e-05, 3381.51398467857 
2527867, 540, 2.96428042092782e-05, 11139.9835432447 
29570, 56, 3.10935605236156e-05, 19951.0927474515 
43771, 586, 3.02142188113726e-05, 14334.1912908703 
2735870, 108, 3.0484087306426e-05, 83541.454102011 
1531429, 211, 3.01195747116051e-05, 6973.58818155302 
181663, 87, 3.01722837401563e-05, 2300.59402499334 
2835648, 54, 3.12636778590633e-05, 82883.6037257107 
3002901, 433, 2.97282834889113e-05, 5507.24867057191 
3016087, 404, 2.88808664259928e-05, 9794.36610690244 
43675, 538, 2.99769177733145e-05, 9353.49656011948 
156978, 495, 2.97672203369649e-05, 11177.7549870179 
2718, 12, 2.96129586306968e-05, 4281.88637471784 
648794, 15, 2.86911114936593e-05, 111.039015276036 
1987723, 1, 1.99115925291705e-05, 0 
984, 166, 2.68067767531632e-05, 23545.2106579314 
1931241, 3, 2.6160205096008e-05, 7.69793936494642 
3041098, 43, 3.17803343291171e-05, 121121.092711215 
2320270, 20, 2.79916025192442e-05, 1243.40012673908 
2886932, 3, 2.57413509060956e-05, 0.110082732715535 
446660, 528, 2.99311583358276e-05, 10428.3391542209 
1402861, 11, 2.29184332958999e-05, 13734.904142234 
1506334, 169, 2.79438886715475e-05, 24956.12348446 
153496, 103, 3.13528766264305e-05, 37898.6967393825 
398053, 182, 2.88425485275879e-05, 29783.9053169907 
2060066, 123, 3.16445682098668e-05, 38713.2078868923 
3028314, 11, 2.7753108348135e-05, 9.97030533298732 
471189, 561, 2.97831784608053e-05, 12334.0000856704 
702115, 3, 2.35260904342916e-05, 3.7594365540651 
1457, 237, 3.03637578186676e-05, 9024.33665951047 
2895490, 167, 2.66396717992434e-05, 19764.3360907018 
930805, 9, 2.75953419062862e-05, 1907.02733891994 
2902624, 623, 3.06297476108797e-05, 39725.4380367165 
3048891, 163, 2.49388996957454e-05, 3068.75423523215 
1177, 101, 3.17762948840165e-05, 37905.1654554636 
1812935, 1, 1.99932023112142e-05, 0 
83654, 16, 2.89025694384231e-05, 225.168057615554 
85017, 238, 2.72806634657355e-05, 1573.24337524058 
1451, 144, 2.46749080859674e-05, 2836.91113252107 
2961597, 430, 2.92269472453602e-05, 14222.8586603266 
413497, 21, 2.87100571330137e-05, 298.768655598466 
743836, 24, 2.96533523114788e-05, 1776.67443179233 
511062, 9, 2.82007896221094e-05, 43.494709993401 
1481672, 274, 2.778318006279e-05, 3942.90831520992 
2202000, 380, 2.78318953520735e-05, 3119.57936467706 
3059028, 562, 3.02883450448268e-05, 22260.6656673412 
1630135, 524, 2.96480773221857e-05, 15353.0655921267 
1909299, 30, 2.42889412450511e-05, 10215.548955596 
745377, 575, 3.02764237488268e-05, 16446.4435697479 
2986280, 195, 2.89855072463768e-05, 73865.4022032087 
1986146, 154, 3.24538344205368e-05, 121805.188125382 
29489, 62, 3.00833308263891e-05, 28648.0502160794 
2963939, 18, 2.82669531051248e-05, 5919.12562576699 
1178516, 88, 3.06701426161632e-05, 91597.3130762357 
1933880, 146, 2.72955562834371e-05, 518.269663342852 
2815309, 83, 3.19969282948837e-05, 56609.9791911021 
2815936, 81, 2.75968649961364e-05, 4270.38853060931 
72276, 20, 2.94559486288256e-05, 8203.11981898684 
2237, 456, 3.04525245142822e-05, 23818.1044244421 
3033392, 538, 3.01277416244878e-05, 18847.9333533968 
2201271, 207, 2.7269504513103e-05, 38178.0016071057 
71655, 10, 2.97876143099699e-05, 1949.52554725972 
1330547, 16, 2.9415225320626e-05, 4713.75080819438 
133926, 540, 2.99490865528601e-05, 17937.8825188711 
2737173, 508, 2.96076980014804e-05, 11357.0703173165 
2058624, 87, 2.69469145782808e-05, 11259.5444847521 
2911172, 202, 2.69215237582447e-05, 39110.8741643341 
3028878, 63, 3.16205533596838e-05, 11790.9701957187 
3070658, 6, 2.0069037488962e-05, 74739.2406334797 
2350, 186, 2.91002211616808e-05, 79819.7832235789 
436, 1, 2.23643601556559e-05, 0 
2003188, 551, 3.04173257087237e-05, 24871.0183177192 
214856, 334, 3.08756329504755e-05, 51291.6808640305 
215221, 255, 3.04812997226202e-05, 23366.2638625109 
441501, 498, 2.94646277144288e-05, 13644.6740717092 
1565605, 1, 2.18035932321647e-05, 0 
3045157, 138, 2.8692757947894e-05, 19456.6173591786 
53246, 115, 3.0441400304414e-05, 205441.885782537 
2895495, 89, 2.68882256459896e-05, 6007.93440880099 
53413, 30, 2.60878639257018e-05, 1887.79015902582 
171163, 526, 2.94846090340842e-05, 15161.4693277747 
218208, 117, 3.22559834849365e-05, 80886.220521428 
2726989, 5, 2.61711593823606e-05, 30.4766605950621 
2748873, 411, 2.90023201856148e-05, 8412.05122530105 
239934, 206, 2.97132669737038e-05, 148619.891168858 
2697027, 35, 3.02938503483793e-05, 2351.03498471766 
2726956, 22, 2.79610781791746e-05, 9624.14234379407 
2994661, 93, 2.87918922031556e-05, 15586.0147993993 
83677, 423, 2.90486564996369e-05, 6042.73737401871 
2811788, 5, 2.79892521271832e-05, 828.691824879366 
2996034, 7, 2.83905402719814e-05, 344.907190322916 
636, 55, 3.19928336052724e-05, 30680.6952490167 
1162, 209, 3.23018282834808e-05, 149781.650214874 
2929803, 200, 2.82749455707298e-05, 35578.3087231614 
3015158, 338, 2.77269450451949e-05, 11812.5059074033 
373672, 240, 2.57247961309907e-05, 6256.0011796723 
3038924, 321, 2.98962599778768e-05, 12812.0471141468 
571, 36, 3.04859459789037e-05, 21674.1754344164 
1751150, 196, 2.8947749312491e-05, 57814.4546196965 
2608981, 21, 3.03306035790112e-05, 13019.8883152044 
29571, 10, 2.83278094104983e-05, 6391.83419541923 
497967, 17, 2.97229818095351e-05, 11703.3884837597 
2282849, 1, 2.22182723071454e-05, 0 
3033390, 488, 2.9235491887151e-05, 9241.9348015824 
2259620, 27, 3.11993011356546e-05, 40850.9374346902 
244566, 6, 2.65604249667995e-05, 3117.79229610011 
2596915, 21, 3.03352040042469e-05, 6294.41939389137 
2779361, 20, 2.53382658490853e-05, 5477.36877878153 
2994971, 441, 2.81388935787045e-05, 7281.39561825007 
110539, 253, 2.85038337656415e-05, 2754.7280541187 
1903409, 32, 3.1239261503858e-05, 97921.4059133581 
2775159, 88, 2.6704408897909e-05, 9124.30221707254 
2874282, 155, 2.45948006591407e-05, 347.463966527158 
29404, 182, 2.66531623977185e-05, 27761.298228996 
1176257, 1, 2.31369010434742e-05, 0 
2057743, 480, 2.91494199265435e-05, 8853.90283144899 
271420, 3, 2.60206604043611e-05, 7894.36649575882 
2745197, 38, 2.72985367984276e-05, 10203.1095553642 
3017784, 1, 2.31787311962543e-05, 0 
1356852, 166, 3.14782170737849e-05, 55741.3657918304 
1661, 452, 2.98578765078228e-05, 10430.9334300774 
2175149, 500, 2.95342449570277e-05, 13540.6651049442 
2883169, 475, 2.94516110031219e-05, 10775.6991439983 
1148509, 6, 2.76349969601503e-05, 2464.88454694781 
1834519, 166, 2.96524730162496e-05, 112271.47077498 
1457250, 502, 2.93151969981238e-05, 11792.4072148204 
79263, 26, 3.08024025874018e-05, 18697.1492044182 
2745504, 4, 2.69971113090899e-05, 7954.52425728211 
65958, 19, 2.94108996794212e-05, 7450.64616649245 
146939, 32, 2.99850074962519e-05, 10264.5900022999 
2603215, 12, 2.95263965985591e-05, 5958.13533848475 
3015150, 390, 2.75618764125462e-05, 6120.00415124647 
85072, 13, 3.03168106715174e-05, 12362.2622988499 
2714935, 397, 2.90056851142824e-05, 10273.5501684086 
3027225, 147, 2.71983028259037e-05, 39806.6831526382 
1874, 126, 2.64893645201452e-05, 2614.82128318573 
3041264, 27, 2.41557563167303e-05, 2943.97852186177 
47716, 453, 2.92577313555107e-05, 8271.8178973977 
2527973, 66, 2.9847182425979e-05, 81107.8186743116 
2880651, 504, 3.04645849200305e-05, 23618.4225727101 
1288121, 200, 3.01486327595044e-05, 13241.4321388122 
1785161, 7, 2.69331250504996e-05, 5958.67103091006 
253, 184, 2.7050421986583e-05, 25001.770991004 
2572921, 545, 3.0475726084174e-05, 40600.0866935234 
395598, 69, 2.72657868906097e-05, 11432.6447303349 
183795, 33, 2.72219953722608e-05, 5743.86944224172 
2058625, 77, 2.77870401244859e-05, 8976.42340055792 
2867516, 145, 2.77223331115547e-05, 21987.5610501607 
2978973, 19, 2.75133439718263e-05, 50.5185581583127 
548, 49, 3.11206547785765e-05, 23028.5788205093 
328814, 194, 3.02260911618909e-05, 21594.3268851141 
1679444, 107, 3.10723052543268e-05, 270282.390846556 
223182, 539, 2.96973836604995e-05, 16202.6411626816 
3033809, 219, 2.70848568565315e-05, 3667.96861679949 
862126, 201, 2.90225214766659e-05, 107928.19997554 
258, 201, 2.72650434877444e-05, 33678.0294075338 
56957, 579, 3.07031010132023e-05, 45668.6962423438 
747, 117, 2.74468902673327e-05, 4069.98211440874 
1138383, 431, 2.91604700667775e-05, 10766.1133730317 
2049589, 1, 2.32763837810158e-05, 0 
2762577, 16, 2.88159525113103e-05, 7073.13834795913 
2520506, 171, 2.8682882055989e-05, 18397.9873743475 
2983233, 514, 2.97459694211434e-05, 22171.9378058378 
1703338, 45, 2.66951414842499e-05, 7785.84592879337 
2978474, 220, 2.93513354857646e-05, 4923.274825996 
1906, 6, 2.55591054313099e-05, 0.0636276539060119 
3022791, 6, 2.73717632889911e-05, 7717.8917641378 
59282, 28, 2.88933834151979e-05, 244.138219680842 
107, 172, 2.86672591233552e-05, 31110.7054934655 
1214604, 49, 2.94941749004572e-05, 3717.92438040139 
2916397, 98, 2.90351615806742e-05, 3259.58006077493 
416273, 475, 2.9434273267793e-05, 13484.6108717029 
1505757, 86, 2.99994000119998e-05, 6279.32821393787 
2745947, 33, 2.79602963791416e-05, 24931.0297669652 
1334193, 63, 3.19376576921849e-05, 57943.7632900553 
1842535, 7, 2.28336568101381e-05, 82.63032414624 
3031916, 483, 3.00914780934039e-05, 33583.2802979325 
1073, 21, 2.91290416545296e-05, 13706.5393938182 
2966625, 151, 2.25443560204703e-05, 95.495378266604 
2982699, 378, 2.93927458703192e-05, 13030.9689912757 
61652, 14, 2.95255248162036e-05, 2230.46197922309 
1566351, 395, 3.06494621019401e-05, 29777.445769474 
1781, 387, 2.87935502447452e-05, 8897.92155192758 
2201356, 132, 2.78272484416741e-05, 12906.7887259548 
2862866, 124, 2.72464715819301e-05, 15612.6574851582 
2876194, 514, 2.93910181048672e-05, 11094.829492886 
2878680, 456, 3.03278439935705e-05, 30297.9492253367 
77635, 530, 3.02663438256659e-05, 25281.2887301057 
1188315, 410, 2.89653574325107e-05, 11569.7674282283 
1017351, 501, 2.98926852599169e-05, 29420.0195353749 
1960083, 515, 2.92928701154139e-05, 9363.21175558519 
2876190, 469, 3.0517578125e-05, 34125.4938357534 
748197, 107, 3.09377223648795e-05, 19032.6201467159 
32046, 96, 2.98560936287096e-05, 7296.29381884066 
46677, 24, 2.99913025222685e-05, 2710.96392195468 
47878, 1, 2.32872246285688e-05, 0 
2609254, 412, 2.88167828943577e-05, 13488.7035791815 
2986824, 51, 2.37987577048478e-05, 2328.66651056051 
2795293, 81, 3.13273393690674e-05, 38223.0730302488 
2070369, 2, 2.67859534460129e-05, 34.432566860565 
1136497, 466, 2.95359896033317e-05, 9868.18762319555 
2072405, 59, 2.81270216296796e-05, 11528.6029412897 
265960, 97, 3.20625861682003e-05, 37999.7190172805 
3004129, 82, 3.09243281689705e-05, 56910.1183758663 
48074, 30, 3.01704631166088e-05, 12219.326350272 
73918, 560, 3.03840544482256e-05, 29935.3337250881 
3053904, 513, 2.97592476862185e-05, 20974.5410357876 
41170, 20, 2.71857329273597e-05, 31075.2305511482 
437900, 22, 3.04822288605743e-05, 51685.1631619928 
2714934, 299, 2.76235463108754e-05, 3692.03328055359 
333367, 384, 3.09080793719478e-05, 51635.7372947649 
2678257, 13, 2.50544935234134e-05, 46.3528921603397 
2937524, 484, 3.01259263722359e-05, 14088.426792587 
2057025, 170, 2.90461252468921e-05, 31781.3792761361 
2161747, 41, 3.12139089178138e-05, 71769.5192199376 
29284, 502, 2.94394724446538e-05, 10516.2449915619 
2666025, 175, 2.94707061181186e-05, 66453.3765213819 
2739062, 70, 2.4682825689885e-05, 1781.97267503029 
2898794, 170, 2.90014790754328e-05, 51707.4186207971 
441209, 12, 2.84559786011041e-05, 4913.01176768537 
1902245, 362, 2.89376971380618e-05, 6988.28110102627 
872, 167, 3.18887719633917e-05, 93233.9056914053 
2209, 2, 1.84842883548983e-05, 0 
1520670, 340, 2.91587694999271e-05, 6263.09912958866 
163202, 389, 2.94724432655467e-05, 7842.38389728595 
239935, 38, 3.13843643097009e-05, 164258.815580753 
1866326, 26, 3.0218783996132e-05, 15532.438991084 
1870819, 13, 2.65329406458118e-05, 792.61815724843 
2724123, 4, 2.25382586941333e-05, 0.121690054634716 
2434, 5, 2.73672687465791e-05, 16415.8734605123 
398049, 209, 2.91358312452654e-05, 93432.9592951226 
44742, 474, 3.05642154165903e-05, 39222.2596976315 
28141, 23, 3.07266861269012e-05, 8088.1618215378 
74712, 480, 2.92466073935424e-05, 8678.47023359377 
1678129, 160, 2.77008310249307e-05, 21777.1810535434 
1773, 447, 2.91036088474971e-05, 12687.7711154218 
2785785, 5, 2.78481717675235e-05, 3120.20249994188 
3033810, 294, 2.72182906913446e-05, 6134.90249279047 
12960, 27, 2.95150674419291e-05, 8197.56141615644 
1891671, 493, 2.93513354857646e-05, 21107.0712126413 
2997335, 17, 2.32509474761097e-05, 4834.37232630298 
1667168, 345, 2.98302657876682e-05, 6229.93648211413 
2728022, 221, 2.71399880584053e-05, 43020.3050897162 
555573, 583, 3.05744947564741e-05, 42558.9932897906 
1850526, 171, 2.88958881151212e-05, 54986.3269229122 
106, 122, 2.86172161172161e-05, 13729.5398084323 
2594007, 218, 2.70299491836955e-05, 9795.13820710482 
2876193, 484, 3.0101441859065e-05, 15861.846472696 
29542, 249, 3.20965464116061e-05, 161464.853914864 
3058963, 15, 2.94846090340842e-05, 10592.0130231709 
33871, 420, 2.95307562826684e-05, 18528.7072049957 
387341, 430, 2.91027618520998e-05, 9312.0940006787 
1495638, 396, 2.87496765661386e-05, 5655.81113124378 
2305508, 201, 2.90959876633012e-05, 62837.8380464985 
2861765, 197, 2.87282024763711e-05, 56358.7430492055 
53501, 32, 3.08994839786176e-05, 12211.7422769173 
1581038, 5, 2.05499157453454e-05, 531.811251244041 
1769779, 17, 2.93944738389183e-05, 7161.66903110963 
2600177, 191, 3.17510715986665e-05, 99542.2383181122 
318147, 203, 2.67895413630519e-05, 22374.0459493162 
203557, 215, 2.91877061381746e-05, 80043.0244171454 
1178482, 29, 2.95281403177228e-05, 9078.24967468878 
2044521, 59, 2.77215646051063e-05, 160.142965468233 
3017781, 77, 3.10723052543268e-05, 13235.1830989611 
2016196, 68, 3.23331608898086e-05, 496510.115912639 
42906, 2, 2.51471105969924e-05, 2.36207792434334 
1710539, 393, 2.93797925786644e-05, 6358.31870851063 
1916956, 479, 3.00246201885546e-05, 13467.892670745 
2527971, 31, 3.04025294904536e-05, 14757.0497230935 
2527976, 73, 3.13922461152095e-05, 118214.636400606 
2908651, 273, 2.88783643294444e-05, 4343.25264953175 
114707, 58, 2.94785248946143e-05, 26101.9702826318 
169760, 7, 2.84438376425747e-05, 860.843040837048 
2020311, 31, 2.75118300869374e-05, 408.027002622499 
1765049, 30, 3.00057010832058e-05, 33222.6073585694 
2986281, 174, 2.82238717507268e-05, 15128.0479823636 
252514, 6, 2.6785235977929e-05, 15797.7254576538 
2730847, 3, 2.61342253815597e-05, 4.03713032882313 
273384, 415, 2.88708606403557e-05, 13200.1684228306 
2745199, 19, 2.87191269385411e-05, 4600.86124177401 
2598458, 16, 2.82717480421814e-05, 10131.1476682884 
3033387, 547, 2.9655990510083e-05, 20688.3611997516 
38286, 455, 2.9217553906387e-05, 12505.4105956308 
2709392, 384, 2.92474627826036e-05, 7301.2461698286 
3059027, 48, 2.62763749113172e-05, 1500.66731534902 
657387, 6, 2.73104653703299e-05, 485.95018899218 
2364647, 1, 2.49128051818635e-05, 0 
2528007, 13, 2.81984039703353e-05, 1043.43479811349 
2878545, 170, 2.69483669289641e-05, 22649.4611166029 
2997337, 61, 2.99329501915709e-05, 12448.959312481 
31993, 57, 3.08727733012257e-05, 13436.969508753 
2980100, 24, 3.03508558941362e-05, 27215.2933891935 
3073561, 85, 2.6054558244965e-05, 1405.7917861567 
1421430, 3, 2.35449237144472e-05, 236.45138572282 
274539, 302, 2.97893890196312e-05, 7613.92034790279 
3025666, 210, 2.75573192239859e-05, 39971.4312798581 
179637, 484, 2.93134783373395e-05, 14190.5312825714 
208216, 71, 2.96894483700493e-05, 8070.43031046293 
2171755, 58, 3.08680083960983e-05, 21976.1059899391 
349221, 3, 2.47420639829775e-05, 7674 
463192, 175, 3.04358412466521e-05, 11099.1252879255 
1120045, 115, 2.80355490762287e-05, 11580.5263903951 
2528019, 16, 2.85722449212835e-05, 2713.8591727894 
28231, 62, 3.08128427928761e-05, 30094.1808684105 
1906272, 2, 2.01417982597486e-05, 7.70924493594485 
253239, 381, 3.15925820617319e-05, 138840.008950826 
1176721, 230, 2.84924637433399e-05, 77109.9446026984 
1420917, 6, 2.68485206465124e-05, 2541.67111855368 
204038, 65, 3.16796553253501e-05, 47316.9520245784 
2796470, 181, 3.02087424100535e-05, 41715.9785335638 
2815360, 4, 2.46451104100946e-05, 0.297870962773225 
2884832, 159, 2.4634789249378e-05, 2763.05676693593 
2898795, 437, 2.90621639687291e-05, 9870.23995363701 
3033388, 456, 2.97885016383676e-05, 30025.5030989634 
3050898, 106, 3.20625861682003e-05, 132032.309895642 
2796143, 200, 2.98552022689954e-05, 15175.5297201312 
2602067, 1, 2.30584762958864e-05, 0 
546, 1, 2.51724311534008e-05, 0 
73029, 24, 3.04998932503736e-05, 32448.3570536685 
1259844, 96, 2.45428886979998e-05, 12410.3585946789 
1379040, 416, 2.99293666946007e-05, 9215.9684587163 
2738883, 7, 2.75413809248396e-05, 9106.20107886491 
3035471, 5, 2.76518084282712e-05, 29.9752748907036 
2953747, 475, 2.97265160523187e-05, 16663.2653502779 
2961570, 445, 2.9509841532151e-05, 12947.7801454637 
1197717, 466, 3.01987074953192e-05, 18538.475614301 
2508880, 65, 2.6476039184538e-05, 326.116694207816 
86185, 2, 2.40841983574577e-05, 2023.76228765007 
1353147, 320, 2.97814044910358e-05, 3983.60944739947 
1632780, 60, 3.08613399993828e-05, 43759.5489212159 
248903, 4, 2.07455967470904e-05, 33.4926511575138 
2964610, 3, 2.26958080842468e-05, 1343.4567467416 
1928, 311, 2.72836407290189e-05, 7158.11686008337 
2093857, 387, 2.91231033578938e-05, 10401.698574911 
292414, 9, 2.65498473383778e-05, 0.298235869886036 
2926710, 5, 2.12915451274299e-05, 146.644182153885 
393662, 43, 3.1071339796172e-05, 21744.4337831146 
2666139, 23, 2.61103423065876e-05, 8757.98084086509 
84110, 462, 2.95159386068477e-05, 10179.8363103452 
2763010, 457, 2.99607514156455e-05, 26559.2062697949 
2795687, 8, 2.80457706977788e-05, 3504.43858226184 
2871095, 9, 2.50425723730342e-05, 39.5112564763773 
2885078, 505, 2.99043062200957e-05, 21129.7362711378 
3034025, 364, 2.89578084730548e-05, 4334.20940458517 
375489, 39, 3.008876184745e-05, 44062.2338305999 
712411, 521, 2.98169240861113e-05, 21327.4672003383 
108486, 414, 2.90157845868152e-05, 12455.4137245787 
2303528, 143, 3.13932316192629e-05, 33778.8232647004 
2654218, 22, 3.04924531178533e-05, 9088.68310381435 
37448, 195, 2.92380562540202e-05, 98113.2135190977 
551, 3, 2.53903770470991e-05, 4.6805211100994 
224402, 353, 2.99454991914715e-05, 19265.665193294 
2758573, 210, 2.71252644713286e-05, 3855.5529029071 
2527994, 26, 2.96903298595647e-05, 25963.5780964966 
3032584, 508, 3.02920150248395e-05, 23641.1091878562 
3051120, 74, 2.62536098713573e-05, 8970.3514502667 
3034024, 501, 3.16025661283696e-05, 338445.736607622 
52773, 377, 2.8705112380515e-05, 5005.03819378154 
1550728, 68, 2.67809319764328e-05, 19759.8234692437 
2027860, 209, 2.85095221804083e-05, 75896.3176203106 
418223, 103, 3.11419762698141e-05, 37220.1191441581 
1297617, 309, 2.95578150863088e-05, 13275.7087815092 
1385664, 5, 2.62501640635254e-05, 2.47392370990807 
484429, 206, 2.64578262249974e-05, 44044.4271176745 
1379870, 137, 2.92235307869897e-05, 49092.5853430281 
1811807, 6, 2.65618359541011e-05, 24.8312375212291 
80840, 2, 1.21753740883689e-05, 7674 
286, 1, 1.11349894774349e-05, 0 
9606, 4, 1.34298491827937e-05, 15346 
1658665, 1, 1.65215523650602e-05, 0 
2518343, 1, 1.59367629247147e-05, 0 
34073, 8, 1.49711804775807e-05, 8261.89908320512 
94132, 7, 1.49705080990449e-05, 6400.52296060673 
80864, 8, 1.49714046171812e-05, 8369.54654913703 
103731, 50, 1.98172846356592e-05, 40.2407352861341 
13687, 2, 1.37063282117354e-05, 0 
85006, 8, 1.40185605742002e-05, 1.07051810083641 
41297, 2, 1.37063282117354e-05, 0 
68, 6, 1.58363158394831e-05, 91.2515419416597 
2951806, 3, 1.38140627158447e-05, 7674 
32033, 5, 1.58848664876972e-05, 4.24613464253168 
3037797, 9, 1.53369528542069e-05, 7488.30706358812 
1855912, 4, 1.49273783045484e-05, 334.030948005072 
2802971, 3, 1.37155397064874e-05, 0 
1873, 13, 1.44919135122602e-05, 6.63400682654797 
358220, 2, 1.81573882412754e-05, 7674 
2760713, 1, 1.57306905773163e-05, 0 
2884022, 20, 1.5055932790316e-05, 85.6718860914896 
380, 21, 1.78903678259625e-05, 12374.8452813642 
1586287, 1, 1.24900079936051e-05, 0 
191495, 20, 1.5055932790316e-05, 85.6718860914896 
32008, 4, 1.49273783045484e-05, 334.030948005072 
85698, 49, 2.09573308743398e-05, 671.72388406565 
156977, 1, 1.87945195181085e-05, 0 
2933797, 19, 1.50959346647948e-05, 112.546317654125 
83451, 22, 1.56663690056556e-05, 3792.39613768084 
106592, 24, 1.77405620210048e-05, 7655.87060245809 
119060, 6, 1.53160466220459e-05, 7783.57373435274 
407, 5, 1.56062237620363e-05, 50.8000750957391 
861299, 19, 1.50561594748412e-05, 95.7132569674994 
1839, 9, 1.55137374144805e-05, 916.934592354706 
85023, 23, 1.55622646207476e-05, 3066.40072048599 
379, 11, 1.54509355541478e-05, 9101.78550886625 
204457, 4, 1.53172196182949e-05, 15346 
1827, 17, 1.61906612266045e-05, 1262.87860375744 
2807101, 1, 1.45463008756873e-05, 0 
624315, 26, 1.6279751245401e-05, 292.50382615398 
94625, 1, 1.60869984878221e-05, 0 
1882682, 4, 1.63741157977469e-05, 7688.6952766784 
2812560, 28, 1.61935452528622e-05, 1138.1840206177 
453783, 12, 1.76258041773156e-05, 3763.25834045914 
106589, 13, 1.68554476806904e-05, 41355.7962735683 
946333, 47, 1.89204018693357e-05, 9865.25202865137 
164546, 22, 1.79410814883921e-05, 846.057275904691 
217204, 5, 2.13602187286398e-05, 15346.8418172951 
386874, 6, 1.73547838461672e-05, 7264.61340684277 
2782641, 7, 1.62124479175111e-05, 152.336575063815 
1353889, 2, 1.835266480693e-05, 7674 
1736675, 30, 1.80988923477883e-05, 3541.61092403264 
1894999, 15, 1.66096402351925e-05, 5528.29457603161 
28056, 28, 1.61935452528622e-05, 1138.1840206177 
68287, 14, 1.66306336271412e-05, 8573.39759614886 
1861, 30, 1.62826671008711e-05, 2514.95452424826 
2997333, 30, 1.63743839138052e-05, 412.913412659763 
1762, 32, 1.64625312788094e-05, 975.752007710506 
450367, 53, 2.16174149895156e-05, 329.367063863596 
138336, 30, 1.64111990021991e-05, 615.05472238764 
85007, 31, 1.62983245322381e-05, 2870.90558039364 
589382, 16, 1.68705187684521e-05, 268.458688595103 
1710, 3, 1.87846341692496e-05, 0 
33882, 11, 1.65845730301673e-05, 607.068531396462 
2782665, 4, 1.67731763364028e-05, 6488.52971695147 
1231, 4, 1.68876129359115e-05, 150.594935335826 
358, 89, 2.03782197587219e-05, 5444.08021716439 
1866885, 12, 1.61877782274383e-05, 34.3432991069472 
2528023, 11, 1.72592336900242e-05, 10356.774178205 
674703, 14, 1.73271186734358e-05, 22775.3701559609 
1076124, 31, 1.72574465882028e-05, 1317.93527883594 
48, 36, 1.70111422982053e-05, 15305.4162492723 
1842533, 10, 2.10961562803257e-05, 15347.4508396842 
927083, 6, 1.6803898504453e-05, 15233.0186711684 
1176646, 9, 1.73559886838954e-05, 15998.157604622 
165695, 33, 1.86664675576794e-05, 583.628934936427 
43767, 38, 2.19620934267454e-05, 7689.50644772029 
496014, 40, 1.68639751762285e-05, 6354.58635460751 
2753607, 35, 1.89433404686582e-05, 20923.7515980741 
2949664, 41, 1.68642595746834e-05, 6360.24980225797 
2594473, 35, 1.88005264147396e-05, 2257.75268848078 
2865833, 17, 1.71918785565699e-05, 1398.04712901841 
222, 27, 1.91197277350771e-05, 21769.2473856707 
2904252, 19, 1.9124847001224e-05, 3242.68150822173 
1274631, 1, 1.65152766308836e-05, 0 
54571, 17, 1.74684694127101e-05, 79.3300650822974 
2567896, 11, 1.7923716661887e-05, 22.7045349382967 
338, 26, 1.80848177954607e-05, 1664.60235467555 
2978473, 84, 2.1092596498629e-05, 134.047498427471 
191, 20, 1.77188723709623e-05, 13771.7785977484 
2899220, 109, 2.16333153055706e-05, 1109.76347910091 
382, 47, 1.9866891824774e-05, 34617.214931738 
2865112, 55, 1.94367237458454e-05, 3389.84417881813 
40323, 22, 1.83634493903335e-05, 6325.01964016036 
1076, 12, 1.80235387415965e-05, 1502.6216736278 
34072, 36, 1.8937241980078e-05, 30287.2307303831 
1045317, 10, 1.81993557428067e-05, 99.3814989882255 
294, 86, 2.06932229694775e-05, 6022.3948062054 
2732067, 19, 1.86790197250448e-05, 6520.13757817786 
391953, 51, 1.98751838454506e-05, 1220.88473684978 
477641, 48, 1.75969592454424e-05, 13246.079391609 
35754, 44, 1.76345072036962e-05, 5376.04963062074 
662548, 68, 1.99282582702272e-05, 4398.9368102617 
182640, 3, 1.72392987053287e-05, 0 
2070, 48, 1.75963399612881e-05, 6300.50645933653 
2763008, 10, 1.80316636012839e-05, 1442.24697817056 
204447, 45, 1.80163949193766e-05, 7700.24016625699 
96344, 95, 2.05010455533232e-05, 6795.94251626234 
106590, 78, 2.01641360675902e-05, 9281.77524282517 
3056648, 11, 1.79629962277708e-05, 6331.18247049186 
2478662, 11, 2.16966804078976e-05, 7.75965910019883 
28105, 42, 1.89807345544273e-05, 2149.56266235453 
1881017, 4, 2.06177064863305e-05, 0.028560132128231 
2071607, 35, 1.9352091961141e-05, 5952.37540036073 
2992573, 41, 1.97690969476514e-05, 1739.91302511634 
39643, 10, 1.84518867054156e-05, 1386.50047542219 
1437360, 17, 1.84195984527537e-05, 373.244050260909 
332055, 88, 2.20303137116673e-05, 1960.2809436434 
2849093, 72, 2.17197715080037e-05, 3288.32727885338 
28068, 50, 1.97925738263004e-05, 1327.83635912223 
477697, 61, 2.00360649168503e-05, 2000.88107261739 
41294, 16, 1.83820150364883e-05, 190.826895950045 
2714952, 76, 2.08159866777685e-05, 2013.56539389473 
2017486, 15, 1.93745882899988e-05, 9694.32206334928 
207745, 73, 2.02634245187437e-05, 4770.48133373477 
2742128, 43, 1.98633402192913e-05, 20.0476247555872 
1034889, 49, 1.96645232336342e-05, 1620.26074731107 
1268, 3, 1.72392987053287e-05, 0 
2774151, 23, 1.84375979497391e-05, 6861.32413682227 
435897, 53, 1.96912413358538e-05, 2668.04595918744 
303, 36, 2.04549173621339e-05, 3156.38094458209 
2740529, 19, 1.83590666250528e-05, 694.583987454532 
2653851, 50, 1.83779611489901e-05, 8811.0007306493 
3002436, 5, 1.72500043125011e-05, 4.1382971337167 
354356, 92, 2.12974400477063e-05, 3385.56250183891 
758826, 19, 2.21773746423898e-05, 38.7985865409217 
49319, 53, 1.83160246900013e-05, 12970.288328754 
2781735, 21, 1.97219209150971e-05, 213.726877104538 
2062, 69, 1.80880889933978e-05, 10214.7553252516 
1813, 65, 1.80502157000776e-05, 11027.3211050284 
2527974, 30, 1.87209824771604e-05, 15273.5790576903 
2712222, 40, 1.95068664169788e-05, 2787.72023862573 
2732487, 28, 1.97067633611856e-05, 39689.4808372053 
2728827, 58, 1.84304618673744e-05, 6996.76619739434 
2898431, 68, 2.02934431885058e-05, 15831.3718231951 
1763, 64, 1.84409980268132e-05, 22927.5675688344 
1822464, 24, 1.92185728287817e-05, 19302.5814253979 
2763317, 45, 2.00642054574639e-05, 1749.91397618049 
75682, 93, 2.13935776479901e-05, 621.167142294454 
1789672, 45, 1.87167777195478e-05, 4807.06558900971 
2764186, 13, 1.94916575705598e-05, 16168.2178608 
1838286, 89, 2.07150847246965e-05, 5053.66022225837 
370777, 63, 2.15452234239669e-05, 3764.65309456213 
2795387, 66, 2.08947115485071e-05, 3935.81742568384 
103733, 62, 1.99549019216571e-05, 991.804098016124 
2714944, 11, 1.94772311168244e-05, 4518.71787667825 
2813578, 5, 1.68936040814947e-05, 0 
2722752, 64, 1.8561829453911e-05, 5546.76380010213 
69, 47, 1.95947799506212e-05, 1590.51304506613 
1850238, 94, 2.1032263492197e-05, 13060.2113114832 
406548, 23, 1.93397412342623e-05, 2423.45011501452 
69666, 16, 2.29726625315874e-05, 3270.06143843702 
2789776, 70, 1.86692554700919e-05, 2734.27738558745 
363835, 15, 1.89616595244416e-05, 12999.9989245083 
314722, 42, 2.11528291909043e-05, 8674.78167684402 
40324, 60, 1.97601122374375e-05, 5306.10283620404 
82115, 41, 1.92196809532962e-05, 14304.7114182641 
2932244, 52, 1.9790223629527e-05, 4889.09738056323 
2565556, 129, 2.29636943991549e-05, 1598.75659618639 
114, 30, 1.93057647013398e-05, 2081.2896064475 
262324, 3, 2.06121817994435e-05, 0 
157920, 46, 2.18598347396494e-05, 6107.66394888499 
2082387, 149, 2.23994265746797e-05, 2299.27974097712 
94254, 17, 2.21101972229592e-05, 21.0134121991755 
2775420, 53, 1.91464512052691e-05, 3482.03485521595 
940133, 14, 1.94939373854731e-05, 8844.89621576681 
1544730, 4, 1.7239595903872e-05, 0.333333333333333 
284016, 18, 1.951447974397e-05, 50.6864342801988 
2598579, 25, 1.96598840066844e-05, 1347.59691694954 
35753, 68, 1.87811062071556e-05, 1045.14402609961 
434009, 102, 2.10610560013479e-05, 15371.9426949577 
165697, 15, 1.87097739859303e-05, 128.648705883647 
190148, 3, 1.8912171873818e-05, 7688.93666285361 
2849779, 72, 1.88544062747464e-05, 6948.69771320891 
2804617, 13, 1.89358076121947e-05, 5174.67164392904 
2601898, 145, 2.31326193064841e-05, 4876.15291333781 
2219224, 45, 1.91714115910354e-05, 573.944706072327 
434008, 103, 2.08755192785421e-05, 9777.11601319045 
2728835, 68, 2.06389829109221e-05, 884.409909757178 
2843215, 78, 1.89648959775456e-05, 4542.0301731094 
1755504, 13, 2.23423745475669e-05, 0.960448966121466 
2884263, 79, 1.91732494823223e-05, 7827.33128754753 
196914, 85, 1.91317989630565e-05, 10229.4449954717 
2894081, 30, 1.98479645912312e-05, 8661.38038897083 
2496836, 42, 1.94768517616812e-05, 1122.87596427776 
2843216, 78, 1.90233416401925e-05, 5246.70978796559 
2849501, 94, 1.96147659958417e-05, 5565.23174810419 
2714942, 22, 1.99461454074e-05, 3732.06071409853 
433659, 99, 1.96683909289381e-05, 7464.63956899002 
3018446, 50, 2.01466677411556e-05, 723.81320905829 
2709380, 29, 2.17202432667246e-05, 179.484258221403 
34029, 96, 2.11403082256939e-05, 14759.463593598 
860235, 102, 1.95863365716076e-05, 4571.49781428678 
1235591, 1, 1.97472353870458e-05, 0 
29539, 82, 1.91842842343552e-05, 8357.08556180314 
2975441, 103, 2.17665752470506e-05, 2987.13238449165 
76731, 152, 2.33524823688758e-05, 2131.37401344175 
2978392, 161, 2.14689022950257e-05, 10034.5173848636 
1355477, 32, 2.01795984259913e-05, 5889.81592336215 
1357915, 45, 2.05119789957335e-05, 1067.29817058943 
1522432, 120, 2.26649441309127e-05, 4654.35540904172 
215580, 86, 2.106149957877e-05, 4945.76601373508 
553814, 216, 2.42283277608179e-05, 15515.2254534132 
2879617, 46, 2.05178710656982e-05, 828.825676994658 
384, 61, 2.00088038737044e-05, 6665.38996218978 
2986923, 182, 2.22118566891006e-05, 8406.7983957197 
467976, 83, 1.92715359414145e-05, 14969.00194296 
2840469, 48, 1.99330250358794e-05, 2765.09892658986 
1824, 87, 1.96055366035368e-05, 1629.66061353495 
419479, 93, 1.95034423575761e-05, 5167.99935013432 
80816, 38, 2.01422039599573e-05, 9654.75033346093 
2904253, 70, 2.06113321103943e-05, 2871.4110577214 
3019553, 110, 2.18412143715191e-05, 2828.86630919189 
82633, 45, 2.03732377149377e-05, 11098.9627887946 
2711231, 112, 2.11940741368713e-05, 8459.65968487103 
1324796, 83, 2.2145451324298e-05, 19004.0564860117 
2782169, 20, 2.06245101678835e-05, 1228.06066064938 
2233999, 85, 2.00068023127863e-05, 12682.179993721 
2045208, 70, 2.12219604847096e-05, 328.458065183429 
149698, 97, 2.18665267208957e-05, 1348.9376840244 
204455, 63, 2.00940401077041e-05, 7571.18328694319 
2851567, 100, 1.93573364305072e-05, 1936.59098090798 
2509455, 33, 1.89785731908675e-05, 1364.87753967847 
2565368, 14, 2.23428737404205e-05, 1.85101353370349 
80878, 42, 2.30776331579433e-05, 132.725211444325 
1909395, 107, 1.97156996116007e-05, 9032.42371589507 
335929, 50, 2.06641456408985e-05, 13385.349948172 
3039386, 100, 2.20643396143153e-05, 2632.5042529561 
2836373, 97, 1.93667086278687e-05, 1398.29739094976 
2914710, 104, 2.1573111274108e-05, 8107.59848392955 
914, 17, 2.10646051439766e-05, 1925.92171023462 
2918170, 56, 2.05778253354186e-05, 17713.7369044381 
2714943, 21, 2.10137009330083e-05, 20819.8337167572 
871742, 113, 2.26546747921434e-05, 3973.82267272194 
1798224, 72, 1.94389907276014e-05, 4843.53811462697 
217203, 16, 2.05935048085834e-05, 278.568183537775 
94, 54, 2.04687340088016e-05, 15723.7500935895 
93944, 105, 1.9853875476493e-05, 1972.00902767253 
1817965, 77, 2.00823375840948e-05, 1740.91060661173 
1597781, 103, 2.16169476869866e-05, 5111.93531202762 
12916, 69, 2.35233233751264e-05, 387.967359838703 
2681552, 158, 2.2648004710785e-05, 7923.3035535954 
1892855, 126, 2.00859679427952e-05, 9551.77819332301 
2938948, 17, 1.96672304606065e-05, 494.008103653945 
2782168, 43, 2.13638694240301e-05, 11961.1364229948 
404386, 111, 1.99135750841349e-05, 1044.29670273106 
946334, 92, 1.9853875476493e-05, 1910.29113659009 
3018929, 51, 2.09538177856005e-05, 856.668790297912 
2653852, 107, 2.00807245125404e-05, 23264.8252767478 
56438, 125, 1.96452075516178e-05, 2274.32039087422 
160791, 37, 2.03218988782312e-05, 2417.4700691961 
2736640, 129, 1.98743938309882e-05, 2714.34521558098 
2840457, 76, 1.99872081867605e-05, 1439.16904893606 
413882, 97, 2.1771788116958e-05, 9956.90178190522 
2789216, 15, 2.27634873662645e-05, 60.0591907053257 
2014920, 71, 2.03840352236129e-05, 1943.25853750831 
2045, 124, 1.96282411133138e-05, 1879.95106466421 
2053, 138, 2.02630139206906e-05, 4075.67617603132 
41, 9, 2.02334945268397e-05, 3.04610888696771 
1643322, 124, 2.00779022607718e-05, 3230.31161455618 
1866, 112, 2.03124047856026e-05, 773.548900749743 
2954771, 68, 2.06611570247934e-05, 16287.3496859103 
2714939, 154, 2.01037352740139e-05, 2613.03410474886 
135621, 43, 2.11112987671002e-05, 20490.2198600378 
1605891, 85, 2.20036526063327e-05, 21835.1581502334 
2925843, 103, 2.15856843741231e-05, 8448.17519749304 
1391654, 46, 2.10943762392946e-05, 17127.7276960492 
1867715, 108, 2.14192387602545e-05, 5825.59295876021 
68270, 339, 2.21542824227923e-05, 5129.42868035823 
135614, 87, 2.07952087838962e-05, 17154.6935896309 
941907, 102, 2.03285087006017e-05, 112.814225244752 
453304, 73, 2.02679421958289e-05, 1798.48005683438 
639200, 116, 2.20361392684002e-05, 8060.21590146172 
85015, 141, 2.04023340270127e-05, 4809.22233442344 
2745, 66, 2.11514869495326e-05, 14995.1134744865 
66880, 30, 2.29784691743836e-05, 105867.759036421 
33877, 70, 2.05617469260188e-05, 2242.18462960854 
240495, 150, 2.02601402001702e-05, 4293.24196328585 
113562, 140, 2.05081930231127e-05, 3547.42811941557 
39689, 34, 2.05233453052848e-05, 3330.57613153992 
649831, 142, 2.0131255787736e-05, 2771.56542004148 
196162, 102, 2.01118217288122e-05, 2236.09010489946 
1993, 158, 2.05069313427939e-05, 4783.33263469592 
88688, 18, 2.05456936226167e-05, 933.775127393227 
2518370, 145, 2.04813108038914e-05, 5723.00498386729 
642, 38, 2.15387266304816e-05, 7109.56161559409 
204441, 70, 2.1092596498629e-05, 2562.59176186983 
331696, 50, 2.12679980433442e-05, 5906.97136346327 
29580, 127, 2.26952929962326e-05, 1852.50876566381 
298654, 183, 2.1117094287826e-05, 17383.64528775 
2942996, 28, 2.06406869220608e-05, 11860.9689382713 
2576891, 192, 2.25524909226224e-05, 9916.44142499316 
2728021, 212, 2.42512428761974e-05, 5268.36389699216 
2937800, 168, 2.04331834899877e-05, 9240.83136166173 
404589, 74, 2.10939312759719e-05, 2780.35235986557 
588932, 38, 2.60179523871471e-05, 12360.5093706474 
34071, 138, 2.28211506424154e-05, 4568.69070146985 
3049772, 35, 2.11976682564918e-05, 4469.37488446902 
1387353, 40, 2.1346995410396e-05, 5753.61753667606 
1315974, 255, 2.36250236250236e-05, 13590.3995004734 
84531, 112, 2.15415104907156e-05, 4605.38540230193 
2937801, 166, 2.04152461057918e-05, 7969.83536372381 
114616, 126, 2.12071086228104e-05, 3060.31987024199 
1707785, 131, 2.25443560204703e-05, 3205.75701627002 
2895565, 16, 2.10446567616482e-05, 25453.3580219578 
1404, 200, 2.33475753542995e-05, 3553.57866938414 
119045, 120, 2.13661517424097e-05, 8197.74031027916 
2931390, 95, 2.06036880601628e-05, 3023.22987715134 
28095, 45, 2.14123592137382e-05, 3627.77978132521 
1882749, 112, 2.17955144831194e-05, 4172.73873416535 
1389020, 76, 2.06257863581049e-05, 3125.03918236058 
1716, 152, 2.10123762896346e-05, 18792.6732158748 
48736, 71, 2.18211971108735e-05, 39319.5252495691 
1526658, 48, 2.16529891951584e-05, 8156.48479916204 
1141883, 114, 2.23688625433397e-05, 1509.98673193506 
2712223, 132, 2.05706292555489e-05, 5307.5084891129 
83618, 90, 2.11528291909043e-05, 3638.1155246597 
110319, 23, 2.03330554482422e-05, 3661.5392988904 
2528024, 20, 2.04846672265809e-05, 1373.53085201972 
2079227, 57, 2.15345521889872e-05, 1188.80172907233 
2108445, 125, 2.17547370940022e-05, 8538.36684236826 
2591633, 145, 2.22084036599449e-05, 5884.51896132852 
2822368, 52, 2.33377675091601e-05, 119631.978663109 
53359, 166, 2.07206647189242e-05, 6480.5046179783 
2917724, 91, 2.04319310218009e-05, 3484.9416180483 
2001, 26, 1.99187315751733e-05, 50.6009315843538 
1219491, 199, 2.0998257144657e-05, 5465.58098550985 
1836, 178, 2.0523766521632e-05, 11162.8586121876 
1636152, 54, 2.14739735440646e-05, 343.08322056833 
2995138, 194, 2.44899958367007e-05, 3469.46346731118 
2824561, 205, 2.3095755000231e-05, 12704.3626883328 
107709, 105, 2.14665979735532e-05, 6531.04432370479 
2080742, 89, 2.08942749686586e-05, 3893.49528070385 
1632864, 86, 2.10685993595146e-05, 7660.94246390705 
2315862, 165, 2.4483999706192e-05, 25480.96525835 
36863, 155, 2.31862551879246e-05, 7613.14563872308 
457921, 90, 2.1950523519986e-05, 1797.16178869039 
3064139, 68, 2.16197518052493e-05, 19257.8296301054 
52, 50, 2.18421684904877e-05, 25879.9506224361 
2650471, 13, 2.02724618877717e-05, 15006.3275006101 
161492, 107, 2.1446341254182e-05, 12759.3500436143 
465721, 32, 2.00268359601867e-05, 87.8910848983619 
3064278, 128, 2.29289432050077e-05, 7301.48513175241 
265, 182, 2.13251444778538e-05, 9956.88978917451 
1926868, 194, 2.33187202686317e-05, 10756.0124735885 
2899123, 23, 1.95725358177405e-05, 639.231073467727 
466153, 19, 2.1777477732529e-05, 4589.28785876576 
47858, 104, 2.18235781938807e-05, 894.421500356508 
1858609, 87, 2.40188307633184e-05, 3816.95605670565 
2202249, 170, 2.08207541277145e-05, 5300.36471118567 
376175, 135, 2.27894257064722e-05, 7496.85992242868 
2738142, 229, 2.56713046157006e-05, 12372.048574268 
2202148, 154, 2.15959399632869e-05, 5419.76730878971 
3040509, 176, 2.04019177802713e-05, 7074.13152701 
397260, 20, 2.0064608037882e-05, 490.770091936149 
270351, 162, 2.16665944446852e-05, 8543.74600341141 
192, 137, 2.15968727728225e-05, 3759.34666673793 
321985, 159, 2.34027615258601e-05, 4163.07890802104 
1794, 10, 2.14702851253865e-05, 256.348377234703 
39956, 584, 2.56825127770501e-05, 11206.4128905485 
1482074, 170, 2.63490725126476e-05, 11697.1396291325 
374432, 545, 2.57918085216135e-05, 27533.8748031426 
463025, 179, 2.65971594233736e-05, 15484.3985633053 
72763, 666, 2.48632521133764e-05, 5861.68819960221 
1988, 605, 2.46038775711052e-05, 6783.37984440348 
1333528, 668, 2.4931438544004e-05, 4791.76836230941 
1133546, 681, 2.49401436552275e-05, 6266.6309571192 
2654248, 149, 2.35465869222256e-05, 4544.36146181088 
463040, 169, 2.65703050271017e-05, 56775.5824004864 
1890, 664, 2.49712830245218e-05, 5221.61304239259 
653931, 90, 2.29268404521173e-05, 8830.87738776372 
2498135, 673, 2.50657977190124e-05, 7211.51708766342 
3064286, 42, 2.4440914090187e-05, 9457.40151915461 
1771, 647, 2.49600638977636e-05, 3679.33944786334 
1855519, 268, 2.4985633260875e-05, 17562.9358082247 
1349819, 165, 2.55493101686254e-05, 1084.35637584442 
633392, 593, 2.5010629517545e-05, 11064.2824676002 
2997354, 105, 2.21175325680667e-05, 2763.74570869403 
2493672, 192, 2.37124158209238e-05, 5016.92358563013 
2684468, 322, 2.42341993020551e-05, 2237.92602808768 
2107713, 60, 2.3753533338084e-05, 101259.877615701 
2066, 678, 2.52117789431222e-05, 6361.16713771851 
273677, 559, 2.48774784187875e-05, 5482.62661302008 
2608999, 152, 2.61876080238831e-05, 79597.181763126 
555315, 284, 2.46475401754905e-05, 17458.4836178673 
362257, 170, 2.40269101393561e-05, 552.674440501769 
285578, 674, 2.4976896370857e-05, 6456.95420606427 
31958, 640, 2.48849073037203e-05, 6558.1365866167 
1896961, 676, 2.49469876512411e-05, 6699.05614189123 
2116657, 227, 2.53049243382762e-05, 8033.38839384146 
2716812, 691, 2.50997715920785e-05, 5533.57968668362 
1298, 347, 2.58331180573495e-05, 11324.024627577 
158892, 119, 2.46232640598838e-05, 11086.5196222363 
2654191, 669, 2.49737775335897e-05, 7943.89723096084 
2717324, 670, 2.48979185340106e-05, 5677.32195764989 
2014887, 172, 2.64900662251656e-05, 34774.1729713179 
1286180, 688, 2.50783699059561e-05, 3974.24569670956 
1678, 668, 2.59134490800726e-05, 29196.880991369 
648995, 223, 2.57632358624243e-05, 24072.5927632796 
2653200, 494, 2.56930705788649e-05, 3701.59195067696 
50338, 216, 2.55356094073185e-05, 19142.2724982739 
39960, 57, 2.24789821516882e-05, 3877.46835257309 
439387, 99, 2.60450579502539e-05, 6425.0541453906 
76116, 201, 2.65710110269696e-05, 31501.2766221777 
2026199, 161, 2.64487291385649e-05, 16911.9063877856 
2493669, 181, 2.37017373373468e-05, 3992.05156316474 
307486, 193, 2.65188681747063e-05, 184572.82162391 
2908837, 2, 2.0025231792058e-05, 0 
120107, 271, 2.46767347744546e-05, 15896.5034510853 
2981134, 638, 2.49270882668196e-05, 3320.97187232113 
66425, 698, 2.50664260289768e-05, 5409.20318140589 
2283195, 637, 2.47978971383227e-05, 3945.81934073456 
2304600, 218, 2.62233177741648e-05, 8143.02717988537 
2762748, 44, 2.15968727728225e-05, 472.645998428171 
267128, 66, 2.23408771028351e-05, 350.095665183545 
666685, 5, 2.42812742812743e-05, 1530.87870468237 
1936990, 3, 2.04813108038914e-05, 208.806698707825 
212765, 710, 2.53762021975791e-05, 5326.69922504386 
2282738, 680, 2.49725302167616e-05, 5685.76021957492 
3061628, 84, 2.35888000377421e-05, 1067.37802243987 
29303, 689, 2.52461499621308e-05, 6132.36671807074 
2964669, 700, 2.49918776397671e-05, 5602.00705491336 
2720714, 643, 2.48274492278663e-05, 4703.28250057195 
2782662, 11, 2.36591194075756e-05, 10.4303528442466 
1764, 696, 2.52818931081559e-05, 5666.52913203749 
3018339, 627, 2.47899055504599e-05, 3953.71745975038 
2917725, 652, 2.48570718369376e-05, 5489.48526279326 
1488356, 692, 2.51870135758003e-05, 6075.09690930935 
1149133, 162, 2.56154102307948e-05, 3169.55580496088 
2600159, 29, 2.19606465214336e-05, 469.181091252367 
1758194, 103, 2.63817438332674e-05, 4625.20262935473 
692370, 57, 2.2730889005069e-05, 2268.56857976349 
372663, 670, 2.50350490686962e-05, 5699.91744432335 
83614, 63, 2.3301875801002e-05, 1326.42711114538 
2493680, 190, 2.35988200589971e-05, 6646.7063478025 
82380, 298, 2.47066090179123e-05, 9603.43389835566 
146017, 36, 2.3813492724978e-05, 13966.5573035051 
121428, 256, 2.47506373289112e-05, 12830.9949880444 
2282523, 571, 2.59511081123164e-05, 15302.3210795899 
2493675, 195, 2.3930887596621e-05, 8586.84467809727 
1323731, 690, 2.51876479774319e-05, 5465.66764398401 
2972485, 69, 2.28493088084085e-05, 3418.19531808273 
2758442, 672, 2.49737775335897e-05, 6532.7031903914 
3004092, 699, 2.52812539501959e-05, 6320.16181077795 
51201, 699, 2.52404149524218e-05, 8409.56203935027 
2890321, 50, 2.17537905980117e-05, 1167.60433584955 
632569, 685, 2.5143949108647e-05, 6428.21121147656 
341045, 203, 2.62081979243107e-05, 11986.559759304 
2338327, 93, 2.33170890945974e-05, 10898.3064851398 
67267, 705, 2.52155933229109e-05, 5072.97283417348 
2589903, 202, 2.36406619385343e-05, 10763.8573284196 
3030210, 680, 2.49625561657514e-05, 5031.44062729976 
2801029, 19, 2.30552865772122e-05, 0.792150760014825 
680247, 281, 2.43391909652923e-05, 14777.1094431302 
2880934, 193, 2.39612785738247e-05, 6122.64018823724 
450378, 149, 2.27469177926391e-05, 4603.0931798358 
2904790, 656, 2.49525900788502e-05, 4881.56186120768 
2944810, 163, 2.65554876915315e-05, 12912.2254782669 
67367, 117, 2.40760804141086e-05, 1377.13727601351 
36809, 456, 2.74642278432342e-05, 14209.3627973516 
1796921, 234, 2.59517815898061e-05, 25028.5485002395 
2126346, 691, 2.51212098374658e-05, 5675.2491120943 
3009077, 598, 2.48570718369376e-05, 9192.15896154359 
1914525, 174, 2.39693192713327e-05, 6869.72701356243 
402297, 575, 2.4796052468447e-05, 23058.0904157781 
2016596, 192, 2.66106069879454e-05, 13967.4948080431 
426, 303, 2.67551369863014e-05, 37462.787254904 
2865839, 207, 2.35910259737196e-05, 8745.34412478929 
2082188, 267, 2.47874476365169e-05, 16496.7259475273 
2578107, 73, 2.30611350690681e-05, 1236.03662280343 
2662028, 209, 2.39348970799426e-05, 6596.10127126252 
318424, 703, 2.5218136884047e-05, 4368.10560736628 
67581, 468, 2.47911346902348e-05, 9650.83569567372 
3028312, 154, 2.63247953247164e-05, 8632.88073689055 
2040, 54, 2.3737745388943e-05, 101022.007530397 
2566013, 701, 2.50494727085995e-05, 6110.30385726476 
1752398, 205, 2.45380708168724e-05, 6882.49096698395 
185951, 43, 2.15992051492505e-05, 639.793960297529 
1225128, 474, 2.65076209410205e-05, 32619.5931795241 
2942449, 702, 2.52365930599369e-05, 5296.66031212628 
2969247, 129, 2.36871402515574e-05, 2569.81977752002 
671077, 682, 2.60111848094681e-05, 35091.2285918942 
2742135, 724, 2.55388701603841e-05, 6052.5965356563 
2867012, 702, 2.56410256410256e-05, 9201.8310675085 
2978974, 219, 2.45043985395378e-05, 6837.63628745911 
1513, 16, 2.34126240869077e-05, 1003.43901376707 
3034358, 195, 2.68838884856306e-05, 35260.3171518282 
48935, 198, 2.37304224015187e-05, 7562.89722222405 
2657486, 255, 2.40789790512882e-05, 19110.0094651802 
1914, 709, 2.54705687578004e-05, 6254.54331728019 
3033811, 679, 2.53209429519155e-05, 3363.80001129828 
76862, 698, 2.51749660137959e-05, 5208.93604481514 
1226757, 714, 2.52844500632111e-05, 4438.89077739347 
2833628, 678, 2.50413181749887e-05, 3638.99268891063 
630515, 645, 2.48787162582411e-05, 3864.06405734729 
68214, 688, 2.51111166913593e-05, 6262.31791769752 
2820278, 229, 2.63067897824428e-05, 8835.14206645591 
2986947, 35, 2.56917503789533e-05, 18.5224903947814 
2714844, 623, 2.51426847358761e-05, 7452.40894613059 
2751189, 720, 2.52225893510228e-05, 5528.99612104173 
2571748, 195, 2.65561929041853e-05, 17467.8042101625 
75105, 200, 2.6732249786142e-05, 22722.1486981096 
551760, 168, 2.66035276277634e-05, 9314.97168180202 
150026, 699, 2.5123103205708e-05, 3915.64557402411 
36813, 63, 2.37993240991956e-05, 1274.17922103284 
2981135, 714, 2.52569898719471e-05, 4809.41772341133 
85025, 698, 2.51464782357231e-05, 5031.54106465964 
1552759, 726, 2.54433503803781e-05, 6246.85217618289 
1859, 730, 2.59376458992582e-05, 13382.8142986909 
651, 1, 2.37473284255521e-05, 0 
173860, 710, 2.52838107759602e-05, 5017.02420619045 
68200, 735, 2.53010828863475e-05, 5382.44646854046 
344163, 34, 2.41091663050292e-05, 63291.3533383566 
2962064, 27, 2.36607987885671e-05, 33147.2762202114 
2782659, 48, 2.66169816342827e-05, 4169.90878364256 
92647, 193, 2.70138851369604e-05, 14842.8512245005 
1416806, 178, 2.67658788576323e-05, 8380.60721892699 
1800, 732, 2.56871307474955e-05, 5537.72048995569 
3068893, 259, 2.68261930949379e-05, 45084.8476758722 
1002689, 206, 2.64200792602378e-05, 14261.5238113679 
2932247, 714, 2.55049989798e-05, 7503.13830818374 
121719, 129, 2.64019431830183e-05, 12741.3009245465 
1810504, 222, 2.67665952890792e-05, 20044.119674839 
1644131, 124, 2.62075110726734e-05, 3695.44296617002 
1911, 734, 2.55440890977828e-05, 6210.57199849984 
2755382, 721, 2.53222253171609e-05, 3979.74963679726 
2049881, 650, 2.5209872185948e-05, 5234.79319193713 
1197460, 48, 2.57818341196793e-05, 9678.8485901208 
280236, 717, 2.53562553882043e-05, 5052.26282863617 
2992140, 87, 2.63213308064856e-05, 16110.2692064549 
863372, 184, 2.60030683620667e-05, 6719.1282700007 
2742136, 679, 2.50670543704409e-05, 4015.18985876122 
36818, 720, 2.53113293510175e-05, 5683.12559424461 
71433, 288, 2.42195257816852e-05, 16892.2864318239 
134601, 352, 2.53408342202625e-05, 1606.67659365125 
2867005, 623, 2.54939451880178e-05, 2147.71525522783 
1977088, 716, 2.51724311534008e-05, 5055.2802290855 
2585716, 687, 2.50526104820122e-05, 4073.50926738296 
1249101, 273, 2.42724337969368e-05, 408.189069100391 
1484109, 599, 2.68060581691462e-05, 40958.8121057963 
748811, 172, 2.66049431984463e-05, 4449.81137535964 
1325112, 135, 2.67830838042692e-05, 7432.40211817707 
709883, 650, 2.48379324904995e-05, 5112.49847930112 
106370, 743, 2.57958004436878e-05, 7340.91008661138 
2509457, 713, 2.54349374300539e-05, 5775.24578617151 
2171623, 743, 2.5872551809785e-05, 9864.34666498015 
152480, 279, 2.75504862660826e-05, 64578.8888710842 
38300, 602, 2.51781353072991e-05, 19113.7041170603 
709810, 418, 2.66965668215068e-05, 20398.5843174289 
2949637, 679, 2.54239442707142e-05, 3007.89714562996 
2692234, 703, 2.52143217347453e-05, 4887.68454860074 
3024246, 708, 2.52168650393383e-05, 4782.60261965806 
547, 98, 2.53318471982977e-05, 1789.71047537425 
46351, 727, 2.56785558380197e-05, 4766.18424972764 
1658671, 672, 2.50218941573877e-05, 4976.65111000593 
1404864, 111, 2.63914913831781e-05, 3995.59640162289 
2585135, 688, 2.50997715920785e-05, 4642.11111626981 
2483401, 54, 2.45025972753112e-05, 24957.6406425649 
1609758, 183, 2.37591769821093e-05, 3344.15791492022 
2721173, 715, 2.53363399123363e-05, 4702.86531230961 
202862, 704, 2.54110233019084e-05, 3538.41354020217 
359, 203, 2.58257792928902e-05, 18387.1685946746 
652764, 320, 2.6683032259786e-05, 15131.5903202112 
80866, 238, 2.59201658890617e-05, 17281.7240592248 
2714923, 254, 2.5953802232027e-05, 17534.8170469356 
2987751, 696, 2.50582604555592e-05, 5354.80904251161 
321983, 108, 2.61793811194303e-05, 4237.6702072104 
1176198, 728, 2.53350561171493e-05, 5800.3521454299 
3049070, 35, 2.30616668972833e-05, 8884.6550301185 
2748629, 148, 2.66354144470488e-05, 7918.94012811529 
43057, 694, 2.59551495016611e-05, 5641.36288815987 
3004094, 671, 2.5379422364347e-05, 4165.70925255166 
65496, 716, 2.53697643148895e-05, 5509.69997981672 
3075605, 51, 2.25098480585256e-05, 2535.28237877787 
1050370, 198, 2.6663111585122e-05, 61133.3742530423 
480035, 738, 2.52972426005565e-05, 5316.95074193611 
2170729, 122, 2.62301962018676e-05, 901.93716593353 
228602, 731, 2.58825965420851e-05, 6442.29491920107 
2775404, 170, 2.34290801743124e-05, 3241.77003718621 
237, 226, 2.58651906264549e-05, 14997.938379802 
1828, 729, 2.55362614913177e-05, 5203.47767170251 
33903, 721, 2.54764088454092e-05, 3996.23746481287 
104336, 131, 2.43837019336276e-05, 897.32532625583 
964, 180, 2.59848248622804e-05, 7641.35235799907 
3016086, 675, 2.50764832739857e-05, 4292.26879296126 
1841249, 741, 2.5616722596511e-05, 5009.22413572649 
68223, 759, 2.57115676342787e-05, 5861.38959513191 
111831, 447, 2.66304492556789e-05, 25707.6663174899 
2839983, 205, 2.67723281216535e-05, 69399.7253490101 
93220, 184, 2.74002630425252e-05, 17442.4357420719 
75697, 162, 2.71414612962762e-05, 9995.51752573363 
375549, 271, 2.44295695509845e-05, 12000.372961339 
39692, 714, 2.564168312008e-05, 4178.32442485443 
92645, 181, 2.60511644870526e-05, 9707.07198965879 
1701758, 332, 2.66702226963595e-05, 9726.72894286167 
2865838, 239, 2.46299352232704e-05, 18013.8379797071 
1759059, 78, 2.64641278746659e-05, 6071.30060906463 
3043847, 81, 2.33524823688758e-05, 781.453613442742 
716925, 205, 2.50544935234134e-05, 4332.03200784115 
1072463, 43, 2.35238767348859e-05, 29399.6388067608 
3019602, 242, 2.5445940100257e-05, 11616.1507970863 
216929, 745, 2.59060646097251e-05, 5371.59982909203 
2731680, 4, 2.08233554755013e-05, 60.1394323877933 
80869, 254, 2.61745844784714e-05, 25269.3952933632 
1911175, 691, 2.5234045774559e-05, 3956.04545531805 
399736, 736, 2.59645843070052e-05, 7054.67598532165 
571913, 688, 2.53196607165464e-05, 4485.73449101534 
114686, 656, 2.55369136086213e-05, 7904.9204157596 
3072793, 247, 2.63456016018126e-05, 3481.55071001457 
80679, 283, 2.69759913676828e-05, 44923.2831179529 
83627, 207, 2.72420180887e-05, 30446.4003208177 
1843368, 281, 2.5104812592574e-05, 25624.7745097195 
3004093, 706, 2.52429635239177e-05, 3807.95860092881 
85693, 679, 2.5490695895998e-05, 4052.64660933434 
2571747, 200, 2.7387505819845e-05, 16336.257662022 
1742992, 31, 2.20162479910174e-05, 494.767787232045 
1852022, 198, 2.66574254258524e-05, 5323.18802717787 
1854, 744, 2.6054558244965e-05, 7623.64136553124 
2879846, 727, 2.53023632407267e-05, 4686.69396969122 
39695, 239, 2.49140465394389e-05, 430.246243440102 
2483799, 726, 2.52978825672291e-05, 4270.4059328891 
41977, 180, 2.73238974807367e-05, 5513.71270913518 
1492898, 35, 2.43635034717992e-05, 5119.23569517613 
2590775, 131, 2.40749211546332e-05, 5408.29655618648 
57043, 558, 2.52467873463102e-05, 8090.42493190636 
1386, 50, 2.4704167593073e-05, 151.07519494681 
424800, 52, 2.22494159528312e-05, 1671.43033614559 
67287, 707, 2.54006959790698e-05, 3230.29197925708 
455344, 730, 2.54032770227359e-05, 3906.83832451983 
522, 655, 2.68240343347639e-05, 52359.8264595039 
1960, 744, 2.59235255994815e-05, 5818.35340183351 
279, 284, 2.72294077603812e-05, 18161.4297657644 
2072505, 492, 2.51622968144532e-05, 6510.51470059599 
3039155, 92, 2.64928734170508e-05, 2114.64995241976 
2861279, 71, 2.29758294274423e-05, 923.744212411226 
279113, 174, 2.64711332292135e-05, 6739.25911955167 
1711, 726, 2.5312610742672e-05, 4638.63977189171 
1967, 747, 2.59147921633669e-05, 5400.61384223723 
67081, 30, 2.39681702698816e-05, 29255.1095120534 
2565555, 55, 2.23274091274449e-05, 1938.903727274 
482462, 529, 2.53106887038396e-05, 1805.19880247508 
2029849, 639, 2.65259025438341e-05, 16411.4245734901 
2995154, 113, 2.62570565839569e-05, 4459.37397007212 
463014, 171, 2.73246440965106e-05, 9834.54523467083 
1745854, 110, 2.63490725126476e-05, 4533.41602500064 
682998, 513, 2.68658320348181e-05, 13757.831831302 
53360, 700, 2.53729828478636e-05, 3973.66305671737 
37927, 724, 2.55440890977828e-05, 4066.86398613978 
1889, 691, 2.54576003665894e-05, 3315.64998046504 
2698673, 149, 2.30049000437093e-05, 3618.95669680828 
2969308, 131, 2.40038406144983e-05, 7922.99204373461 
2984338, 747, 2.564168312008e-05, 4369.40247607928 
424188, 121, 2.5779840164991e-05, 401.823577999335 
1619308, 734, 2.57089235673702e-05, 4796.74664237682 
2499145, 706, 2.52672006468403e-05, 3547.0195098556 
348043, 695, 2.55859175110019e-05, 3748.17268622437 
209247, 733, 2.60193063252934e-05, 4558.81201430063 
2991545, 756, 2.61465251268106e-05, 6770.8221989592 
530584, 731, 2.56298536535356e-05, 4491.04916872167 
2866715, 712, 2.54213590258535e-05, 3497.59785297071 
1267217, 245, 2.60457363129656e-05, 24905.9936168627 
2067415, 67, 2.3084025854109e-05, 7255.03730657655 
335928, 86, 2.59760500818246e-05, 1487.28436208583 
2527984, 18, 2.45194193801491e-05, 1313.04919522526 
3075430, 17, 2.3664718271529e-05, 57.5202361116189 
2613770, 236, 2.54692713241474e-05, 21451.9526159924 
2714937, 737, 2.5560412033842e-05, 4045.47873735377 
1858, 765, 2.60186293386064e-05, 5221.40134075698 
1697043, 119, 2.67172513291833e-05, 880.45832285032 
2744523, 164, 2.45851259987707e-05, 5037.06791943839 
2811423, 273, 2.52735865746708e-05, 17415.4428466655 
13689, 79, 2.25382586941333e-05, 3995.85962544618 
445710, 6, 2.23898976781676e-05, 2333.84864861026 
76115, 196, 2.71694832364288e-05, 4316.22252977556 
1077946, 738, 2.58946605210006e-05, 4510.94249221848 
3028709, 726, 2.54764088454092e-05, 3678.04599719085 
2825844, 726, 2.55538803567322e-05, 3736.84920584293 
2838850, 736, 2.56891103861073e-05, 3793.78855278541 
2968085, 740, 2.54835503682373e-05, 4201.48026666688 
2744522, 196, 2.47935933354821e-05, 9234.76615075873 
1842540, 190, 2.74077728443787e-05, 5352.29181371668 
2968084, 725, 2.54452926208651e-05, 3815.78795477239 
1416803, 186, 2.763041556145e-05, 10549.6239563406 
1882831, 190, 2.75535227178795e-05, 58591.2813878857 
1470176, 748, 2.5728767334757e-05, 4154.70415536368 
356851, 677, 2.5285089382791e-05, 3913.55534108509 
1907, 720, 2.54472351579001e-05, 3674.03855513998 
2290923, 248, 2.7747717750215e-05, 31697.8428528332 
141948, 81, 2.48138957816377e-05, 28033.0429185272 
42881, 693, 2.55832992222677e-05, 3419.77910996096 
2575440, 457, 2.48898623590612e-05, 19944.0219174464 
2596828, 674, 2.53549695740365e-05, 3740.76405457811 
993502, 6, 2.25876400433683e-05, 385.662232067229 
42255, 736, 2.60599900972038e-05, 6526.58238224863 
281362, 201, 2.78396436525612e-05, 33228.7441234377 
2201350, 9, 2.48607796340493e-05, 2328.05196551778 
37487, 293, 2.77377121934983e-05, 59093.7042187287 
2109915, 253, 2.63026381546069e-05, 19537.9838548954 
444444, 470, 2.6816840976133e-05, 8483.24104784442 
2721244, 720, 2.55506157698401e-05, 3571.77018370713 
53458, 689, 2.53453301229249e-05, 4459.38585122276 
2711215, 107, 2.26577546165175e-05, 5088.43159125825 
59814, 17, 2.7452164603179e-05, 997.669337957914 
1384459, 157, 2.64347458299188e-05, 2064.9985586951 
2071, 33, 2.63310337563853e-05, 2.2725075995685 
2748098, 713, 2.61376408165399e-05, 6411.39995164339 
2976822, 33, 2.59107633310877e-05, 435.883055347077 
1517554, 49, 2.20974941441641e-05, 1386.30563398765 
1969806, 355, 2.68542886298942e-05, 7395.08521493838 
2735133, 757, 2.58605084175955e-05, 7272.57038867243 
3015161, 711, 2.53865096087939e-05, 3863.30512856215 
80842, 187, 2.64256646054648e-05, 8937.0826027923 
1162966, 746, 2.57612447833479e-05, 4869.43783750255 
2294034, 690, 2.55323494867998e-05, 8325.18441691261 
53451, 672, 2.57473158423234e-05, 9807.47533556838 
2715959, 18, 2.35760090531875e-05, 29.7779940383403 
2742129, 2, 2.15266715460456e-05, 0 
2860336, 244, 2.46262959588248e-05, 9227.02102552912 
2811415, 132, 2.70036724994599e-05, 1999.42849623441 
43668, 758, 2.61725293132328e-05, 7028.37447977565 
1805827, 734, 2.55251805906527e-05, 3991.97905681946 
1791, 689, 2.56462864177267e-05, 2657.96098177929 
1404411, 51, 2.61519953972488e-05, 11753.0677952734 
2070347, 758, 2.59855000909493e-05, 5581.71342530879 
1229727, 745, 2.66396717992434e-05, 11561.5517592708 
370764, 38, 2.37846066026068e-05, 84256.718264606 
1179673, 733, 2.55506157698401e-05, 5845.42291100055 
163604, 746, 2.58117804966187e-05, 4491.08682214628 
3075825, 705, 2.53762021975791e-05, 4238.20267610032 
47885, 103, 2.55623721881391e-05, 5146.30748777254 
186189, 748, 2.57678829107401e-05, 4162.08168889186 
2003315, 75, 2.23588596981554e-05, 988.809664476933 
1545044, 694, 2.62322604338816e-05, 6001.13207277857 
11, 705, 2.55819902788437e-05, 4030.65245034541 
55518, 280, 2.70738574832142e-05, 6341.38979228232 
396, 172, 2.54576003665894e-05, 17516.1293784745 
40318, 727, 2.56574727389352e-05, 3308.99208358636 
2067960, 184, 2.75801202493243e-05, 14060.01208947 
2697569, 69, 2.35072872590503e-05, 1729.44076912904 
1926494, 232, 2.77854959711031e-05, 17312.2893675729 
237610, 47, 2.65561929041853e-05, 1777.73947984243 
1823, 758, 2.59094206653539e-05, 7146.76411272107 
69367, 9, 2.30011960621952e-05, 1662.60359234186 
2829501, 550, 2.96173439165976e-05, 7454.93886372604 
3074897, 270, 2.74070216789541e-05, 18381.3301197146 
370524, 422, 2.79415462851714e-05, 3587.85415606647 
1484116, 480, 3.11604138102954e-05, 26551.098056388 
2962676, 701, 2.93255131964809e-05, 12553.1748004809 
60890, 4, 2.8049704075622e-05, 12.43310450182 
52774, 633, 2.87397614599799e-05, 8088.99225580116 
562, 56, 3.01823010986358e-05, 15575.6373149029 
670052, 521, 2.82254650145361e-05, 6157.68880362584 
119977, 119, 2.83607487237663e-05, 45962.4278412023 
3016097, 557, 2.82469916953844e-05, 9360.43406540252 
196024, 27, 3.00336376741951e-05, 642.840221214382 
2764185, 99, 2.59767248545303e-05, 35933.3054071902 
256821, 649, 2.92800046848007e-05, 12838.4459135302 
2991496, 640, 2.86944045911047e-05, 9901.40131835313 
3024400, 19, 2.89620018535681e-05, 588.818502462982 
2674991, 87, 3.05231670838166e-05, 3277.29769945271 
649841, 156, 3.08889849879533e-05, 12031.0072095396 
2053930, 93, 2.67215348849638e-05, 8046.99561898828 
2605945, 101, 3.05213038701013e-05, 3304.264434029 
2796366, 188, 2.79134682484299e-05, 26816.0354996194 
2901142, 96, 3.13587757533946e-05, 39825.9515544608 
405559, 18, 2.87620800736309e-05, 15408.3954929495 
2583231, 135, 2.87505031338048e-05, 66958.4784928416 
2814653, 103, 3.08423033032107e-05, 6875.26298643276 
1353136, 526, 3.08147417724639e-05, 20979.7953843862 
2011159, 7, 2.18469403360059e-05, 0.324482796525413 
2743090, 747, 3.00327356818933e-05, 21701.2039398473 
33888, 597, 2.84754257076143e-05, 8140.81450318425 
1949083, 538, 3.14248004525171e-05, 72038.3046902576 
1309411, 489, 3.06222439980402e-05, 15962.6188009749 
38305, 581, 2.82645562464669e-05, 7650.6233596631 
206506, 23, 2.92483182217023e-05, 15714.1443776785 
755307, 701, 2.95910516659762e-05, 12257.931972164 
2005885, 561, 2.82445982205903e-05, 7108.95426802397 
1826864, 12, 2.14288775553937e-05, 45330.9677672095 
2528017, 23, 2.86532951289398e-05, 762.208469968164 
43306, 212, 3.1694716490761e-05, 32440.5063885694 
451876, 157, 2.83824823319047e-05, 28708.8777472402 
1716143, 377, 3.08061982070793e-05, 12810.0934063626 
1844971, 191, 2.77800927855099e-05, 37230.0153945584 
2880932, 52, 2.92800046848007e-05, 1606.77277273899 
2817475, 85, 2.75580786507565e-05, 47.8955379132029 
2961939, 703, 2.94074400823408e-05, 11813.4863933777 
1281578, 230, 3.18268618714195e-05, 50990.755856744 
158787, 686, 3.00571085061617e-05, 16144.2988214949 
1477518, 48, 2.523786689549e-05, 35986.0670388254 
1853690, 691, 2.93634014564247e-05, 11806.4460613258 
3075121, 675, 2.90832945556073e-05, 11331.195099524 
520734, 172, 2.69360269360269e-05, 13741.9908708448 
33008, 568, 2.9292012068309e-05, 9639.47303556243 
3058420, 376, 3.06870838064259e-05, 15851.7299548832 
35814, 110, 3.13420673227606e-05, 183370.873891585 
1118379, 619, 2.92765758116931e-05, 9831.22699447217 
1223514, 638, 2.87943793371534e-05, 8868.78629148801 
1908, 688, 2.95150674419291e-05, 12042.4678028964 
853, 430, 3.11575011684063e-05, 20374.5782207946 
125287, 502, 2.78862242052426e-05, 8136.59821659243 
2782004, 596, 2.8602482695498e-05, 9370.58226979307 
2862880, 564, 2.8459217940691e-05, 10681.8536825675 
2070337, 603, 2.91936708121679e-05, 8798.63791964397 
679318, 594, 2.86680809586606e-05, 8233.63993494778 
575200, 705, 2.92243848266994e-05, 10762.4522410917 
2746, 260, 3.05688869868248e-05, 4161.57961345211 
88723, 676, 2.91996379244897e-05, 10171.8083847528 
1775881, 219, 3.02645118334241e-05, 4563.07777964192 
2866311, 115, 3.13863343900066e-05, 179057.752829893 
2704465, 6, 2.84276658043608e-05, 8592.90784351032 
92945, 21, 2.90469689487902e-05, 2906.74871164456 
670516, 563, 2.88068214553206e-05, 6230.2485811034 
2892442, 16, 2.45664029872746e-05, 6859.71672586564 
274, 698, 3.07247979844533e-05, 26032.4339478051 
2931976, 632, 2.93797925786644e-05, 11551.3518446448 
1644056, 723, 2.96982656212877e-05, 15817.9359223691 
1742989, 202, 2.77515679635899e-05, 1098.06115809375 
100225, 620, 2.88967231115991e-05, 10255.0932914879 
2663121, 213, 2.77315585135885e-05, 14922.397129016 
2495594, 174, 3.1379440190787e-05, 17922.4020174992 
3015995, 97, 2.84123195817707e-05, 1010.70020747357 
106633, 169, 3.14811899889816e-05, 33684.0957004844 
1695218, 218, 3.12656328164082e-05, 14508.6004261074 
3041766, 639, 2.88983932493353e-05, 8669.03381271329 
2251, 691, 2.96753516529171e-05, 11746.765268572 
1411621, 299, 3.06880255324372e-05, 9676.93181573872 
162496, 501, 2.81333520889014e-05, 15215.0917489852 
33010, 630, 2.90242061879608e-05, 9535.28865195647 
1453760, 694, 3.06927350296185e-05, 24552.7169307734 
1748965, 319, 3.20883070209216e-05, 108427.640793845 
2850561, 554, 2.85934864037972e-05, 10688.7417655584 
61647, 144, 3.12842171124668e-05, 12804.2016629974 
292800, 722, 3.00643376826409e-05, 17522.4320392446 
2953890, 69, 3.05623471882641e-05, 5365.55764499036 
2691417, 10, 2.29621125143513e-05, 199.003542237509 
2930049, 199, 2.7083389757062e-05, 32461.8239971134 
1198301, 619, 2.94550810014728e-05, 9141.48084815379 
1872084, 50, 2.58024563938487e-05, 626.95250538932 
104087, 132, 2.74800769442154e-05, 15655.0482331791 
2587847, 35, 2.99823104368423e-05, 473.379905761868 
1853699, 695, 2.919111422483e-05, 10027.0527733957 
393765, 109, 3.07031010132023e-05, 6206.21041608487 
980251, 88, 3.08985292300087e-05, 57836.0698639012 
1851, 549, 2.82151120139947e-05, 8568.19395009993 
78331, 549, 2.88142918887768e-05, 7369.34102189952 
81475, 28, 2.78940027894003e-05, 2149.14511817039 
1930277, 72, 3.14861460957179e-05, 41049.8275602492 
571177, 319, 3.18349675283331e-05, 89073.7363138881 
651143, 40, 3.03287637995875e-05, 10486.5146346817 
2698684, 124, 3.12197558615092e-05, 427303.479394672 
2898441, 13, 2.53273560772991e-05, 61.2708021870727 
59779, 116, 2.93332551113197e-05, 1206.95094907019 
533, 38, 2.99338461998982e-05, 1705.3588305312 
85016, 527, 2.82023802808957e-05, 5419.95209279414 
2925841, 33, 2.77184910053497e-05, 1628.9780793873 
57497, 658, 3.08356460067838e-05, 21409.6488744138 
1768108, 661, 3.0826140567201e-05, 24210.4278909974 
2306583, 65, 2.83350334353395e-05, 21294.1008947138 
1331910, 49, 3.07588200916613e-05, 12806.9598260373 
1537215, 176, 3.0305785374428e-05, 7593.73436369383 
2505979, 101, 2.81920442051253e-05, 23008.8758758583 
2587855, 462, 2.87943793371534e-05, 4425.771947561 
2823875, 36, 2.70336027682409e-05, 6312.67896061148 
564137, 215, 3.10887272275073e-05, 11752.8120800816 
157783, 8, 2.78233772015247e-05, 292.531516744244 
2904243, 640, 2.92902961248938e-05, 10238.7339310034 
1806885, 43, 2.42977937603266e-05, 4762.8648064669 
2846775, 473, 2.85648994515539e-05, 6055.82546993563 
1282737, 657, 2.97070881112233e-05, 15061.4252235309 
2931975, 711, 3.07824909191652e-05, 32082.1689878214 
2733487, 299, 3.17530879878068e-05, 75993.8133082082 
2831968, 585, 2.83977963310047e-05, 8055.81338289405 
420402, 18, 2.95735494174011e-05, 313.143356200334 
2763071, 134, 3.14238129654652e-05, 22466.710684675 
2838237, 64, 3.09262409154167e-05, 21841.5525226161 
2058657, 633, 2.93040293040293e-05, 11160.1318123065 
2911520, 147, 3.14811899889816e-05, 35155.7325052995 
29288, 650, 2.93418620345647e-05, 10411.3830262663 
37930, 604, 2.92278014847723e-05, 9920.62690854043 
150123, 510, 2.82246683601468e-05, 6562.07682261967 
2886938, 8, 1.97710512267937e-05, 30689 
28901, 15, 2.870428842069e-05, 924.309563423882 
2560010, 640, 2.92988778529782e-05, 11003.5829644344 
869889, 736, 3.08661028458547e-05, 34359.6579059029 
1727, 616, 2.92577313555107e-05, 10357.6254308611 
3031727, 189, 3.02160447197462e-05, 2016.67812442024 
56459, 112, 2.65794859527417e-05, 42362.5605823714 
1873716, 61, 3.0484087306426e-05, 2313.33221454641 
2161816, 540, 2.86516532003897e-05, 6768.7272029848 
2699430, 146, 3.14623710042789e-05, 23543.4576672604 
3049801, 655, 2.95971823482404e-05, 11302.7453983473 
33887, 580, 2.88358949219989e-05, 8623.69452412325 
652, 207, 3.04952427421322e-05, 3086.78290368666 
2508289, 110, 3.17803343291171e-05, 57159.8165710387 
93222, 70, 3.09061688713067e-05, 16750.5503948225 
43356, 598, 2.84389841594858e-05, 8788.31425151668 
3061629, 588, 2.85371839506877e-05, 9041.14362582217 
2819280, 78, 3.14782170737849e-05, 42651.0810301972 
2756133, 17, 2.49625561657514e-05, 28.3290418875664 
511, 28, 2.63088660878716e-05, 282.385963900824 
2812658, 121, 2.86467285436003e-05, 1038.22476634402 
563172, 199, 2.84010224368077e-05, 67648.4401766747 
521, 95, 3.13528766264305e-05, 84150.2362692369 
2116510, 618, 2.95945546019532e-05, 10244.4019304148 
283878, 603, 2.87199517504811e-05, 9879.64605712317 
28448, 199, 3.03370445651185e-05, 5518.44839048695 
3068341, 208, 2.81579095567945e-05, 65731.419321385 
352858, 162, 2.68889486421081e-05, 12911.1413945555 
2963433, 652, 2.93694381626479e-05, 9976.48333344956 
43617, 93, 2.58879569224397e-05, 13429.6430261988 
1299, 553, 3.03370445651185e-05, 19900.8916998043 
1578165, 476, 2.87084086929062e-05, 19395.0733144114 
1652545, 286, 2.79649878352303e-05, 1513.16830481672 
1890424, 599, 3.09262409154167e-05, 26124.4987586898 
332158, 58, 2.75778384490224e-05, 3891.29509751041 
550, 1, 2.24971878515186e-05, 0 
1335757, 19, 2.91027618520998e-05, 923.974912294454 
881, 459, 3.15079715167938e-05, 60892.6373029855 
164608, 107, 2.6651031394915e-05, 9561.98743831041 
2987689, 578, 3.0729518775736e-05, 21175.7984580441 
2081970, 101, 3.19928336052724e-05, 96564.0979662328 
216851, 608, 2.99069892633909e-05, 15357.3250669762 
2072413, 3, 2.493268175925e-05, 22.0749600724465 
58346, 641, 2.90748386346456e-05, 10177.0102997956 
2796927, 589, 3.12363341038296e-05, 59640.0519971605 
324057, 159, 2.85787773999028e-05, 20144.3210746319 
3029084, 557, 3.14287510214344e-05, 50401.9833273011 
2879427, 597, 2.89217954650625e-05, 8420.22267975805 
2759954, 138, 2.65773667145059e-05, 44757.9983987499 
2494550, 251, 3.03214069132808e-05, 5198.28295629723 
1547898, 672, 3.02060049537848e-05, 18700.7668728512 
1207075, 158, 2.68470790378007e-05, 18884.8759467033 
1547448, 614, 3.01159463936154e-05, 15034.0310381479 
2713573, 126, 2.58037879960778e-05, 738.083089806099 
1637853, 143, 3.14970550253551e-05, 31261.2024857269 
2949993, 619, 2.9125648045669e-05, 9679.15533923575 
1382803, 106, 3.20862478341783e-05, 62881.7943404967 
2876939, 620, 2.87034645081661e-05, 9445.74145653071 
2881056, 650, 2.96305075705947e-05, 10599.6786298461 
959, 186, 2.7356787218909e-05, 52377.2850655402 
901, 593, 3.139816006782e-05, 50695.7750602632 
2028345, 5, 2.66645335039863e-05, 24.7442966590546 
2708079, 392, 2.82055621368534e-05, 5409.55728862198 
2079536, 630, 2.92380562540202e-05, 9061.30464992716 
2782674, 11, 2.81960187221564e-05, 1381.82515457124 
29543, 161, 3.10443313051037e-05, 14624.0294201581 
95300, 73, 2.87695273166662e-05, 22049.784276695 
1434011, 89, 3.06795520785397e-05, 7320.36752406163 
1967501, 108, 2.81761573356626e-05, 23920.1897760785 
3052086, 545, 2.86172161172161e-05, 7094.84209888916 
3068275, 690, 2.96674281306554e-05, 12973.0208860819 
349751, 582, 2.86229498812148e-05, 7617.38409269626 
1637862, 61, 3.04525245142822e-05, 1090.25979034798 
2527968, 25, 2.93057468569587e-05, 3802.57533065714 
1499392, 105, 3.1266610386768e-05, 70369.6392950612 
2675878, 218, 3.17148203355428e-05, 42209.6441013792 
1758178, 43, 3.02727575454848e-05, 3772.25069131669 
56450, 40, 2.52270433905146e-05, 1862.23380277948 
1436290, 77, 2.82111321127317e-05, 11385.9991533456 
2758038, 267, 2.93083235638921e-05, 6519.27918752552 
299262, 343, 3.074179962495e-05, 11554.965000392 
639313, 575, 2.99976001919846e-05, 11868.8406789902 
2008795, 131, 3.19478610907e-05, 69053.1800394519 
1795032, 508, 2.82238717507268e-05, 6634.64297268872 
758782, 134, 3.22997416020672e-05, 261849.265479636 
1586233, 615, 2.92757187188945e-05, 9066.85600861729 
296, 20, 2.82143159439099e-05, 6477.02772197047 
361111, 167, 3.14376434342482e-05, 18718.3437068372 
1961713, 560, 2.84373666998436e-05, 8372.13955739757 
1121358, 615, 2.97982657409339e-05, 23748.0968941066 
1830, 512, 2.80426247896803e-05, 6409.60537321309 
879, 358, 3.1119686313562e-05, 20208.8528702362 
2775080, 1, 2.54841997961264e-05, 0 
265976, 540, 2.82422051513782e-05, 9918.68272545323 
2678258, 11, 2.68103702512132e-05, 1191.10322299441 
2886935, 264, 2.73837559559669e-05, 2792.70434120052 
178339, 614, 3.05064063453325e-05, 17245.6662763174 
203135, 623, 2.9576173434681e-05, 9560.57420228536 
517719, 457, 2.97654482676509e-05, 5855.23441854476 
1401995, 579, 2.97273997443444e-05, 13294.2294431418 
2587842, 561, 3.07663907946959e-05, 19154.9326313106 
2866808, 22, 2.84697508896797e-05, 6871.64401642995 
2747268, 193, 2.77092742941062e-05, 54527.3616523684 
1552990, 604, 3.00688576840966e-05, 15545.3247526943 
387343, 671, 3.04506699147381e-05, 19177.5682302596 
2806263, 60, 3.00444658093979e-05, 6222.36238128183 
507626, 75, 3.05511426127337e-05, 7981.11948657728 
81032, 31, 2.97521644699652e-05, 627.65061307074 
2480625, 572, 2.97327030000297e-05, 14363.7366912337 
2748080, 1, 2.34868591023322e-05, 0 
2152891, 67, 3.03748253447543e-05, 83984.7505716751 
182210, 441, 3.14099946603009e-05, 42920.135928658 
2964616, 2, 1.71670872603045e-05, 7674 
63561, 235, 3.19345979434119e-05, 87947.7249633826 
2739057, 641, 3.01114122252334e-05, 14764.34553125 
2902623, 672, 3.0833744449926e-05, 36386.6211760413 
699433, 682, 3.08480118456365e-05, 37916.2088082337 
1851505, 663, 3.09779746600167e-05, 29617.6269487004 
2509675, 409, 3.13971742543171e-05, 30034.2457370848 
461393, 654, 2.93418620345647e-05, 11148.7753972864 
1655, 584, 2.86278663651198e-05, 8075.02611833249 
2017482, 51, 2.96885669328741e-05, 414.465959692624 
3039160, 177, 2.83486888731396e-05, 52721.2337251326 
3029060, 60, 2.97017939883569e-05, 42587.2945430719 
3042299, 15, 2.82039711191336e-05, 72.3329565004714 
192389, 19, 2.261522456918e-05, 0.0375508207595559 
658446, 7, 2.77585010409438e-05, 3.2119915943226 
1833, 9, 2.62646425382151e-05, 4.33182734645069 
3040943, 77, 3.09626281078738e-05, 16323.8498946946 
31963, 587, 2.86368843069874e-05, 8126.53082007631 
913107, 277, 3.10916270248422e-05, 30400.0250272035 
72274, 30, 2.93772032902468e-05, 13669.043305356 
2511069, 626, 3.11158130561952e-05, 55802.1127687709 
2518599, 49, 3.01522689582391e-05, 6355.52602377422 
68909, 588, 3.02736740130782e-05, 11313.7606532359 
816, 180, 2.89771080846132e-05, 82850.2610648315 
255984, 48, 2.46968462127386e-05, 13979.3809706629 
2583822, 369, 2.80528515723623e-05, 4418.84650214138 
3026418, 158, 2.67601487864273e-05, 54570.2288857339 
189691, 216, 3.12998841904285e-05, 18071.4653738397 
196013, 206, 2.92628683463553e-05, 107405.809163339 
118613, 87, 2.56864709357581e-05, 8812.84266583923 
1108, 325, 3.10916270248422e-05, 33919.3076912565 
2909283, 137, 2.71112918530568e-05, 28400.0160228176 
1850093, 199, 3.10010230337601e-05, 11507.8314560569 
1938604, 88, 3.10173697270471e-05, 15089.9547261582 
2026885, 553, 3.04376940402995e-05, 10843.5911529925 
229731, 654, 3.02837588201448e-05, 16991.5862868111 
2498848, 152, 2.83093647378553e-05, 48808.2682237569 
2909339, 180, 2.77046682365979e-05, 27476.7484107285 
1434191, 117, 3.08147417724639e-05, 4579.24450908005 
28232, 635, 3.09061688713067e-05, 30013.1676955882 
2867016, 505, 2.98338255914556e-05, 7823.51458754489 
2806442, 488, 2.93659883123367e-05, 9403.07991876134 
2860285, 588, 2.88076513121885e-05, 7804.95939618951 
1851395, 592, 3.00797112347721e-05, 18920.2007661197 
2916410, 389, 3.14030900640623e-05, 30023.8720297833 
304378, 41, 2.55330014043151e-05, 5714.95448985427 
358099, 580, 3.03886711034126e-05, 13626.7371679452 
2721243, 460, 2.81404772624944e-05, 6449.6165277561 
2782660, 2, 2.44373304660199e-05, 0 
2835531, 185, 2.68679975281442e-05, 4556.77500768071 
2867020, 344, 3.10212185134632e-05, 16336.3852829468 
1463165, 212, 3.18826717678942e-05, 52742.5965669989 
3048007, 471, 3.02105676565663e-05, 8466.74933000955 
81, 39, 3.01431801055011e-05, 7330.87425033261 
2871174, 114, 2.5929575273557e-05, 8413.53396689186 
76760, 22, 2.83358363322093e-05, 2132.35894466662 
2705472, 1, 2.0806458324664e-05, 0 
392610, 173, 2.7142197975192e-05, 61512.0624552002 
2231055, 22, 2.89922300823379e-05, 1482.37408581496 
604330, 656, 3.11003296634944e-05, 41616.1669060636 
1637869, 153, 3.25446675562209e-05, 590885.015014503 
2866592, 1, 2.28034570040818e-05, 0 
2883205, 1, 2.30213177402275e-05, 0 
289370, 1, 2.16896215161045e-05, 0 
538949, 550, 3.07663907946959e-05, 24706.8176343068 
1883414, 38, 2.99213069626881e-05, 3932.49994982938 
2527691, 134, 2.75717554936723e-05, 27922.8905259133 
2968969, 9, 2.73171797743601e-05, 67.8969411632224 
1529068, 158, 2.83398514991781e-05, 871.050240762728 
52022, 591, 3.14821810855056e-05, 88769.7828018463 
122, 6, 2.84139341933284e-05, 488.499521096697 
2859226, 537, 3.02050925786088e-05, 15644.017120867 
1632865, 27, 2.96929746421997e-05, 8276.90386302964 
74033, 119, 3.04673694473219e-05, 3606.12226222944 
2080740, 634, 3.01150394507017e-05, 12074.5613526998 
1325111, 55, 3.07144173475029e-05, 12757.5259642107 
2918527, 143, 2.78605856295099e-05, 12593.7716031517 
20, 96, 2.78590332915448e-05, 9992.44589130095 
28099, 139, 2.87067604420841e-05, 24749.961204836 
3026423, 174, 2.72249598431842e-05, 42975.3758956154 
376170, 695, 3.08071472581639e-05, 30242.5976736594 
3031996, 640, 3.02215237692284e-05, 17865.1533779376 
947919, 127, 3.17591386921587e-05, 36303.511345414 
1860122, 3, 2.60409885159241e-05, 0.541927091565606 
2712698, 108, 3.04905936518584e-05, 7844.43350399412 
2830842, 82, 3.12607458813967e-05, 42235.5130217747 
2861288, 469, 2.80914658126861e-05, 5361.60541724477 
2039234, 639, 3.03960606705371e-05, 18773.4496042397 
2877939, 56, 3.07597662257767e-05, 29023.7353539647 
518753, 200, 2.85013965684319e-05, 25509.7323061061 
2731681, 60, 2.82190930383497e-05, 10131.7205119032 
216816, 611, 3.06410099276872e-05, 17519.1332268339 
2782678, 24, 2.90402207056774e-05, 590.045593164165 
2707525, 201, 2.96894483700493e-05, 122481.424212336 
2807626, 51, 2.70540811081352e-05, 1751.87944055087 
2895486, 138, 2.83382452958513e-05, 40716.3078853731 
3064288, 568, 2.98329355608592e-05, 9862.54094722604 
2697563, 550, 2.88683602771363e-05, 10829.767711779 
291594, 430, 2.78986720232117e-05, 8079.63506685484 
195913, 359, 3.10241057301523e-05, 31532.8129780705 
2704463, 138, 3.2488628979857e-05, 251394.079574955 
2710758, 35, 3.04127003436635e-05, 8529.64747714607 
3028711, 587, 2.97495091330993e-05, 15122.0170181718 
2867236, 20, 2.26398007697532e-05, 118.933131435406 
2894187, 5, 2.04185809086269e-05, 5943.42947960804 
163359, 104, 3.14871375043295e-05, 22413.5392372257 
1881069, 28, 2.68398733157979e-05, 1670.95496402282 
2718938, 151, 2.72353405779339e-05, 28930.3908385477 
1048396, 637, 3.08223400320552e-05, 22121.5187941568 
2874628, 27, 2.7880781777121e-05, 1486.12817204172 
297, 270, 3.19213458039391e-05, 111200.698797904 
413496, 334, 3.12304809494066e-05, 27491.7111442801 
2906456, 185, 2.77184910053497e-05, 27565.5984593046 
320497, 286, 3.08622924510833e-05, 18965.0225008592 
3038546, 42, 2.56686688228348e-05, 2751.96697101857 
319501, 505, 3.10279561885259e-05, 22546.0148259877 
2599595, 23, 2.99841084225361e-05, 1091.06212041362 
3003261, 42, 2.43172920263599e-05, 7684.50531833709 
84567, 200, 2.78001723610686e-05, 19454.0711836218 
488732, 78, 3.09693403530505e-05, 15122.4942291989 
70775, 42, 2.98329355608592e-05, 42632.3157790781 
3049075, 83, 2.43303082650057e-05, 351.474405344597 
2502781, 95, 3.20883070209216e-05, 215230.582180404 
1889240, 363, 3.15328098886892e-05, 43957.7526242892 
2774562, 54, 2.59463947484497e-05, 5386.61969275028 
721785, 154, 2.7356787218909e-05, 34687.2119298975 
960, 71, 2.55277869961453e-05, 68.8854487377221 
1458461, 12, 2.79126891084687e-05, 3517.10999398361 
2842350, 72, 2.465483234714e-05, 7804.20489334345 
1028989, 13, 2.70599377621431e-05, 3288.64681663449 
2901189, 82, 3.15586833717297e-05, 64560.327814415 
2961595, 662, 3.01923251109568e-05, 16346.4571684305 
92942, 64, 3.18056041474508e-05, 34306.9441713236 
2239, 668, 3.07881773399015e-05, 26124.5144960871 
2094021, 140, 2.62267565370191e-05, 1873.67639490426 
2994951, 50, 3.11681835182646e-05, 195464.823390621 
355249, 250, 2.80096353145482e-05, 14700.3023037757 
515393, 4, 2.47426761678543e-05, 246.286713423086 
585455, 7, 2.74989687886704e-05, 1975.59345987582 
614, 1, 2.23638600022364e-05, 0 
216572, 55, 2.98632264229827e-05, 13835.5040761231 
241368, 49, 2.98864315600717e-05, 24084.1754053275 
45462, 99, 2.86204922724671e-05, 3529.05319462813 
2606626, 33, 2.89586470520097e-05, 8362.6418070664 
2984842, 32, 2.55859175110019e-05, 6498.52124441773 
69218, 49, 3.08147417724639e-05, 94739.8021595601 
2008793, 28, 2.89427223524645e-05, 14009.1619219995 
2741953, 78, 2.80159130386059e-05, 462.248421077816 
2946555, 144, 3.04980328768794e-05, 662128.764843683 
3034020, 307, 2.86311449594869e-05, 11577.042535907 
3042026, 131, 2.60267555046588e-05, 1159.34963459387 
418701, 28, 2.98195914715968e-05, 17687.3102838918 
69223, 5, 2.65964520332988e-05, 48.7906959378664 
1821625, 210, 2.69541778975741e-05, 10497.435996192 
2895471, 40, 2.52998026615392e-05, 2581.38969365194 
90627, 42, 2.9915041282757e-05, 36514.4303374361 
1573719, 2, 2.2049744222967e-05, 6601.12614681623 
204039, 15, 2.83599444145089e-05, 2600.1271663586 
204042, 35, 3.02535245356084e-05, 58989.8932727556 
3034675, 10, 2.82869427472279e-05, 12643.2866319347 
79604, 93, 2.92928701154139e-05, 19842.9292864357 
267212, 15, 2.82214821922447e-05, 1262.43898869614 
36746, 9, 2.72754548182091e-05, 8962.57798790272 
86188, 19, 2.38817376352303e-05, 120.455221250679 
1457365, 28, 3.10694090598397e-05, 69539.5147935949 
1803177, 170, 2.74220528148737e-05, 3256.59911339616 
2219057, 2, 2.30250282056596e-05, 14993.4632331195 
2268026, 208, 2.70694602349629e-05, 39492.8734219696 
2830990, 11, 2.24673661506662e-05, 474.559463858766 
2867010, 17, 2.88658603469676e-05, 5844.48123481587 
38284, 339, 2.81017282562878e-05, 10988.9519599406 
1903411, 10, 2.79259404060432e-05, 20896.8674937407 
2995658, 6, 2.57864878803507e-05, 2175.4902170714 
519081, 19, 2.83615530786466e-05, 19155.2996717005 
520, 9, 2.83881224095838e-05, 12246.3611578125 
683042, 17, 2.54258835494533e-05, 8.00197300925802 
1336740, 273, 2.78450700303511e-05, 4076.78480792391 
2358, 112, 3.22559834849365e-05, 560077.131210386 
2751170, 174, 2.84470742184166e-05, 15328.5879014112 
89053, 115, 2.6291573550677e-05, 1467.04329709428 
1525, 117, 2.84195867792082e-05, 2473.05500636144 
2495645, 216, 2.984005729291e-05, 43963.0076960709 
2823518, 259, 2.77369428341608e-05, 7420.5191264431 
52227, 8, 2.81984039703353e-05, 1169.07761769114 
618, 1, 2.28608005852365e-05, 0 
2175091, 189, 2.64026402640264e-05, 48732.3634078457 
2954101, 1, 1.65458817300374e-05, 0 
986106, 37, 2.97468542701609e-05, 20591.7919930307 
1653831, 194, 2.77192593413904e-05, 55673.5692912153 
1710541, 109, 2.798376941374e-05, 6120.55695602684 
3060154, 212, 2.75846849828975e-05, 56049.9954455866 
68209, 225, 2.71886895051659e-05, 8331.97163979498 
154046, 22, 2.81317692069654e-05, 12258.6902867165 
2257, 110, 2.74830978947947e-05, 5918.57278093865 
2763056, 108, 2.7968116347364e-05, 2184.73324869369 
2956833, 1, 2.37880013321281e-05, 0 
195250, 233, 2.85983927703263e-05, 32121.5697528566 
2714594, 8, 2.80441976555051e-05, 1811.98598646415 
658644, 2, 2.63928844783446e-05, 950.731460866271 
1898733, 259, 2.7698529208099e-05, 11701.6278179925 
2213015, 3, 2.72509265315021e-05, 804.376879756541 
233100, 4, 2.40963855421687e-05, 32.7550185970675 
2745510, 7, 2.74280698867221e-05, 2784.74497362577 
285107, 6, 2.66609789911486e-05, 73.7482595141412 
34102, 265, 2.78908908350533e-05, 98953.0428038991 
43768, 168, 2.75542819354128e-05, 4509.54787192101 
638619, 288, 2.83486888731396e-05, 16065.8015988623 
1051, 22, 2.966830831306e-05, 24741.6157842027 
2708346, 1, 1.87691210420616e-05, 0 
3070676, 202, 2.52200448916799e-05, 19384.1173048818 
406552, 325, 2.88641939673835e-05, 18086.5863432138 
428712, 307, 3.01695528872262e-05, 143345.316011497 
2371, 10, 2.45531329797682e-05, 21.0624955785165 
2707299, 133, 2.98694704142896e-05, 34068.4997449904 
316277, 7, 2.75216733177377e-05, 4431.72474262748 
318683, 27, 2.91647223518432e-05, 6594.89019890748 
1052, 7, 2.69019692241472e-05, 168.111474413352 
2263, 158, 2.79642058165548e-05, 18006.0365821494 
2509456, 7, 2.7955606496883e-05, 4564.15850792669 
2961896, 2, 2.32412206289074e-05, 0 
1973486, 67, 3.16455696202532e-05, 232926.530443148 
2853439, 217, 2.45031976672956e-05, 3180.8271983473 
29494, 33, 3.09597523219814e-05, 73556.6317710328 
2909669, 2, 2.55180157190977e-05, 97.2784437495714 
50741, 8, 2.94507436312767e-05, 16401.0955492466 
556, 16, 2.93401402458704e-05, 1585.4671335275 
655307, 3, 2.61403738073454e-05, 585.118503915328 
712435, 26, 2.69978401727862e-05, 7917.69894596123 
1981174, 33, 2.76678748305343e-05, 10098.8849963258 
219572, 1, 2.27117874176698e-05, 0 
2741301, 30, 2.93478898867171e-05, 3968.32608507819 
60847, 147, 3.00039005070659e-05, 27492.4655443096 
188932, 233, 2.68817204301075e-05, 47639.1512185904 
3059080, 235, 2.79657698976453e-05, 4889.95333716536 
1788301, 1, 2.45062000686174e-05, 0 
227319, 255, 2.8048130592096e-05, 5891.8273212757 
651561, 263, 2.69723533378287e-05, 42003.0215929085 
9, 105, 2.7597626604112e-05, 26367.4083510596 
2055160, 176, 3.06091215182124e-05, 140079.754032437 
2175667, 243, 2.74695088451818e-05, 7868.05918603091 
3044166, 245, 2.7674766148226e-05, 85576.1466779178 
1619313, 2, 2.45260343855002e-05, 15346 
1056, 44, 3.09760555090915e-05, 80919.3951100407 
158627, 5, 2.68947340110806e-05, 115.420802001549 
301375, 219, 2.8021408355984e-05, 10088.9062738005 
679663, 75, 2.70482269887209e-05, 2366.0182525007 
2175644, 114, 2.7104678267469e-05, 3197.19481556699 
2866588, 202, 2.82821426551276e-05, 20394.7688120592 
2895476, 28, 2.50225202682414e-05, 248.93177228086 
2897177, 34, 3.04025294904536e-05, 57536.26130778 
2908839, 13, 2.83535115824095e-05, 4038.09010643179 
2956834, 1, 2.17518978530877e-05, 0 
1172565, 7, 2.56699866516069e-05, 10580.5847624871 
1249552, 6, 2.68154027673496e-05, 94.2323688804049 
2906474, 67, 2.54790052996331e-05, 1776.04747566058 
3016636, 66, 2.59322649240185e-05, 2379.92923080509 
65551, 183, 2.89737497826969e-05, 28638.1635847061 
2722756, 13, 2.74778116670788e-05, 321.512164349317 
2906798, 90, 3.02929326588107e-05, 34941.1731946802 
1891279, 9, 2.62109456909205e-05, 16845.5818704862 
220684, 205, 2.51641963813886e-05, 8409.12616166542 
3020899, 13, 2.564168312008e-05, 142.612263717618 
3058903, 133, 2.75088028169014e-05, 3710.64354493552 
518898, 8, 2.90444379901249e-05, 7846.02413005006 
927, 30, 3.05772994129158e-05, 165906.999396932 
1873425, 8, 2.62006445358556e-05, 4433.59838719956 
2496867, 258, 2.80725394419179e-05, 17771.853456137 
2933779, 298, 2.78024911032028e-05, 6612.8688422896 
1389192, 1, 2.4059282071023e-05, 0 
2483033, 3, 2.50909547108267e-05, 1.33041645043514 
2831149, 154, 2.6222630129802e-05, 2331.79026377982 
3076685, 311, 2.88076513121885e-05, 39664.112982869 
312285, 13, 2.42647772493449e-05, 5.3675313889622 
418719, 2, 2.18045440669836e-05, 7674 
2782686, 4, 2.52844500632111e-05, 1.84142878947147 
2793010, 59, 2.96982656212877e-05, 12591.496561441 
28100, 220, 2.75839240890409e-05, 52075.4453516215 
2939415, 14, 2.31208526970475e-05, 1754.53216842536 
1137095, 154, 3.05576776165011e-05, 76481.2230635052 
1870862, 36, 2.75019938945574e-05, 11640.3567367122 
2592655, 2, 2.58564964447317e-05, 0 
2602769, 103, 2.52665622315428e-05, 72210.418750685 
2682487, 77, 2.4563385817101e-05, 6895.54485539226 
2899122, 1, 2.16141442960273e-05, 0 
2841064, 3, 2.4247714652894e-05, 1576.84900912544 
2913412, 151, 2.69658073562722e-05, 14629.3786437444 
570267, 13, 2.6796720081462e-05, 72.9864694985573 
607712, 10, 2.64319509422991e-05, 9357.73102719395 
664426, 23, 2.89636795458495e-05, 13203.3071159171 
1190508, 71, 2.76357606743126e-05, 6464.12082738192 
2482728, 273, 2.70314104989998e-05, 40546.5126712026 
1076926, 3, 2.65900872154861e-05, 51.1847904957635 
135622, 112, 2.94715746662344e-05, 135403.83050701 
2664893, 107, 2.78629144608526e-05, 18351.3614887854 
2754044, 89, 2.94933050197605e-05, 21709.4523366639 
2682091, 247, 2.78497228952572e-05, 65385.8075156198 
2730360, 3, 2.50859192735118e-05, 1.88006988695028 
3075620, 230, 2.73119571748511e-05, 24378.7212299646 
181487, 278, 2.80796338415747e-05, 12628.1533404208 
1873524, 172, 2.79438886715475e-05, 7160.11767903007 
1874317, 7, 2.68730517037515e-05, 6482.39552613256 
2917832, 71, 2.99132515704457e-05, 32354.9399559832 
3075619, 294, 2.77909012589278e-05, 11916.1460750906 
81682, 69, 2.62136940337632e-05, 13072.0184717258 
156976, 83, 3.01350048216008e-05, 23539.6974989266 
1704499, 9, 2.78613618633679e-05, 2044.4554414105 
2904245, 230, 2.70511537317067e-05, 68148.4982792106 
3056445, 16, 2.72264423207819e-05, 9743.34504777737 
672, 3, 2.70650644148533e-05, 258.962350164933 
898, 15, 2.85779606767261e-05, 11626.2141873336 
1033997, 7, 1.74206922983119e-05, 75964.6047312 
110932, 18, 2.56226299067336e-05, 73.2795716856697 
1332188, 199, 2.56232864427191e-05, 19831.0318486417 
1628086, 2, 2.26167590184327e-05, 1556.553539592 
416213, 4, 2.54213590258535e-05, 1377.07950627004 
1649480, 11, 2.77746917009221e-05, 6587.95752495994 
1740721, 233, 2.53414763944147e-05, 25726.5142418193 
221352, 107, 2.72390499019394e-05, 711.295654016567 
2979862, 187, 2.70357953931005e-05, 36833.6984682213 
395922, 118, 2.87736663405651e-05, 51215.2196818943 
470932, 8, 2.61848651479445e-05, 25589.9937583842 
67825, 7, 2.64655286489348e-05, 1436.64237170767 
75293, 202, 2.64872596281189e-05, 8513.48863665707 
2681983, 20, 2.41359335779108e-05, 142.672794568296 
3003256, 244, 2.56640574874888e-05, 10942.399151267 
53946, 4, 2.64340470526038e-05, 7656.29633495065 
367825, 3, 2.48262164846077e-05, 29.2762391033097 
2735554, 118, 2.62027041190651e-05, 12707.9395534715 
2735563, 27, 2.91562190215173e-05, 19640.4706639734 
2867025, 5, 2.50607723730045e-05, 15.4939409026546 
146826, 195, 2.84665091519827e-05, 21888.8719317957 
1653176, 98, 2.7466490881125e-05, 1273.43106511921 
2735795, 73, 2.8495711395435e-05, 11330.9103211515 
2784880, 147, 2.80112044817927e-05, 18468.6757203164 
2609415, 1, 2.26203402099168e-05, 0 
407217, 5, 2.6695854133853e-05, 102.432788274036 
1536772, 7, 2.60078023407022e-05, 22.6785250821334 
2956836, 42, 2.58598396689941e-05, 11223.4309564381 
1898738, 129, 2.72754548182091e-05, 6012.14324620903 
252130, 13, 2.74581948982674e-05, 9055.3480175569 
2785909, 7, 2.59720021816482e-05, 4561.24843166556 
489632, 15, 2.80104198761939e-05, 16687.9230186892 
174633, 119, 3.20595024365222e-05, 1441501.06452927 
1984801, 354, 2.8036335090277e-05, 24911.7731343001 
2976983, 47, 3.01322807123271e-05, 75472.0979397764 
1182568, 195, 2.84746148808337e-05, 13906.6462353425 
1932004, 288, 2.81960187221564e-05, 49845.9219013521 
1945512, 5, 2.18312011526874e-05, 2632.84890299184 
2714355, 118, 2.80930441622654e-05, 6702.60015392982 
162209, 6, 2.70767897758042e-05, 1686.32413986115 
199592, 16, 2.36010478865262e-05, 2544.20149109103 
2303332, 2, 1.98396952622808e-05, 0 
2725288, 29, 2.90267336216656e-05, 1066.1818729898 
539, 13, 2.81262305225854e-05, 12722.5804401777 
54911, 9, 2.75057762130047e-05, 10023.9703982172 
1536774, 2, 2.47641217404225e-05, 0 
703, 9, 2.75656752212145e-05, 10569.0433937029 
920, 9, 2.76556320694709e-05, 999.134908043874 
1785145, 5, 2.65801924405933e-05, 747.513192955063 
2040586, 21, 2.40517593861991e-05, 102.357490769886 
222819, 5, 2.68882256459896e-05, 792.588370424256 
2600320, 85, 2.69570843217598e-05, 1566.26876430078 
2774461, 70, 2.75444153697838e-05, 11719.8193853546 
2916755, 220, 2.70182643466984e-05, 70276.8454591266 
299308, 273, 2.7680894646515e-05, 15177.6090125138 
590, 17, 3.00138063509214e-05, 16900.7797081381 
76759, 3, 2.3146540749485e-05, 2235.41519191125 
2718620, 38, 2.9376340295526e-05, 13998.6094079399 
321332, 3, 2.34274335246574e-05, 66.0824126517532 
48076, 19, 2.90554086643229e-05, 15176.4433612481 
2578106, 267, 2.7766208524226e-05, 83064.1127825214 
2661630, 1, 2.22316089015362e-05, 0 
456327, 28, 2.59909031838856e-05, 878.934696326355 
59505, 94, 2.82717480421814e-05, 17682.6547704582 
2866628, 109, 2.65554876915315e-05, 15035.2337563863 
2895475, 233, 2.7387505819845e-05, 72902.1866814539 
741759, 286, 2.68752183611492e-05, 17614.6257305761 
1930593, 57, 3.00607226597727e-05, 34279.2010777602 
203263, 154, 2.74815873364846e-05, 3196.53825409085 
938406, 89, 3.10010230337601e-05, 288798.665360651 
2529408, 137, 2.71473558475404e-05, 10175.3463172395 
2764720, 230, 2.77062034189455e-05, 54838.7902038449 
2768834, 34, 2.59121061359867e-05, 8315.83151332217 
2817025, 213, 3.01150394507017e-05, 99433.7618640828 
38313, 8, 2.77246388865785e-05, 5056.85183433189 
157, 5, 2.63921879123779e-05, 84.3088520747837 
2072407, 1, 2.2155264090748e-05, 0 
2579935, 1, 2.13716312966169e-05, 0 
2175674, 230, 2.77246388865785e-05, 18257.4459243936 
2785908, 1, 2.3696682464455e-05, 0 
45663, 27, 2.89511015894155e-05, 3288.12028527411 
98671, 188, 2.72524118384477e-05, 7771.36591257876 
1295327, 3, 2.04796330049766e-05, 8244.26396060598 
1796620, 43, 2.75542819354128e-05, 16333.4574047974 
441, 1, 2.26922029590633e-05, 0 
1549855, 38, 2.73867557649121e-05, 2230.78001765219 
847, 5, 2.51730648206419e-05, 12.1984609062439 
1082930, 20, 2.57320776079461e-05, 98.2123748416094 
1954172, 109, 2.97247488258724e-05, 98000.918463089 
1604004, 117, 2.70299491836955e-05, 5595.04566651672 
194197, 2, 2.47163795447243e-05, 20.3292944285582 
2838877, 296, 2.51395243601991e-05, 19654.3248215086 
454601, 1, 2.41960850734351e-05, 0 
61858, 116, 2.61444743653429e-05, 2254.62481661852 
1699371, 288, 2.82398124876451e-05, 10755.9247614017 
47917, 23, 2.87084086929062e-05, 955.090125307457 
60137, 1, 2.27526108620964e-05, 0 
1239307, 6, 2.72590977238653e-05, 1470.1344938376 
135079, 230, 2.7955606496883e-05, 13762.2450929611 
1925550, 83, 2.59121061359867e-05, 1030.95385451937 
2692233, 123, 2.62860447388481e-05, 4397.43651965375 
1649468, 240, 2.79306203390777e-05, 68223.686514753 
495, 37, 3.03979086238867e-05, 67195.3411954406 
524, 141, 2.95255248162036e-05, 51914.5328434711 
911045, 16, 2.88259202675045e-05, 25445.2730928681 
1510225, 271, 2.78598094389034e-05, 15990.6847879861 
1751046, 2, 2.39813904410178e-05, 0 
2810563, 21, 2.7466490881125e-05, 1462.0163137597 
486398, 252, 2.493641214902e-05, 13631.4115381017 
699041, 90, 2.82438004857934e-05, 19269.5695252577 
1115758, 3, 1.94204925036899e-05, 0 
2545455, 218, 2.79033428204699e-05, 50633.6430378301 
2866807, 83, 2.61526793419986e-05, 14528.2325880407 
3069118, 35, 3.07436898576567e-05, 73124.811178306 
93378, 11, 2.63643553915107e-05, 5586.66771893176 
1219, 4, 2.57612447833479e-05, 362.804404907122 
1646377, 18, 2.80159130386059e-05, 33774.9417698815 
1814290, 74, 2.96015629625244e-05, 39611.7834741581 
55779, 77, 2.97938267191038e-05, 38480.4404887943 
1008152, 65, 2.70892591087634e-05, 5308.7033823719 
2714951, 1, 1.97219209150971e-05, 0 
2020313, 184, 2.66752027315408e-05, 39773.3643789853 
2745519, 4, 2.63713080168776e-05, 2248.25665330417 
2895286, 281, 2.68607805742835e-05, 37681.6413141064 
2944933, 1, 1.78192768937437e-05, 0 
1855331, 3, 1.89523159730119e-05, 15347 
940557, 19, 2.78280228189787e-05, 1653.4196641886 
2019, 136, 2.54731640217031e-05, 190511.46676016 
2175641, 317, 2.78636908244866e-05, 16828.1243763251 
2587853, 2, 2.22034726231183e-05, 7674 
1397108, 15, 2.86861732644865e-05, 3780.06232274885 
1724, 300, 2.80851541874965e-05, 59578.5979427927 
657, 10, 2.78745644599303e-05, 6187.38712975301 
1124597, 6, 2.55336533551221e-05, 1098.12409266032 
137584, 6, 2.65343487144108e-05, 7908.24912382491 
260552, 1, 2.32839713141473e-05, 0 
2782643, 21, 2.88791983134548e-05, 3216.17514291553 
2883106, 7, 2.68737738840665e-05, 3705.71049384978 
2966453, 12, 2.8328611898017e-05, 1278.98659545227 
3070680, 262, 2.50125062531266e-05, 15774.3046106845 
40545, 12, 2.81246484418945e-05, 11314.3787072548 
161879, 18, 2.64872596281189e-05, 150.190929296699 
2495430, 96, 2.67236771779797e-05, 4386.84958938296 
2714932, 5, 2.62508531527275e-05, 8847.47252218357 
472569, 261, 2.76296521426795e-05, 23097.7598493785 
1076596, 7, 2.74566870761374e-05, 2176.4485817802 
1664069, 8, 2.57898130238556e-05, 18030.7830722913 
2610895, 120, 3.01731941343311e-05, 82627.3928450444 
2950108, 32, 3.07380198567608e-05, 101550.674333085 
63612, 25, 3.04571620016447e-05, 33494.1465179071 
2072406, 32, 2.58879569224397e-05, 1342.61982395955 
58180, 22, 2.88358949219989e-05, 8613.50251038725 
116718, 25, 2.95482079011908e-05, 66366.1622194917 
1902, 99, 2.67622972755981e-05, 19540.1933891062 
2871487, 24, 2.42218723507327e-05, 1283.11996608462 
2906062, 3, 2.25754018421528e-05, 365.065351988206 
1428684, 75, 2.91417747340813e-05, 20842.6094620023 
1450, 36, 2.99670362601139e-05, 39930.4587848134 
2070348, 16, 2.38027230315148e-05, 3101.94023897664 
95619, 27, 2.71598902740433e-05, 5575.81845146638 
1891675, 5, 2.65357569324665e-05, 14318.1709929341 
916, 4, 1.85418675368983e-05, 155553.01742465 
78543, 73, 2.70738574832142e-05, 8462.8633534313 
169134, 134, 2.66965668215068e-05, 5860.21209470523 
1965282, 1, 2.15782318796798e-05, 0 
2211160, 172, 2.5792473756158e-05, 17461.2448636248 
2742134, 30, 2.51445813427206e-05, 53.73506908674 
3048535, 210, 2.54019864353392e-05, 16931.6543086018 
1217908, 19, 2.87422395953093e-05, 1594.15532899297 
1853278, 33, 2.91036088474971e-05, 75644.9691700275 
2528020, 25, 3.01440887441973e-05, 36218.6251932077 
502558, 4, 2.47978971383227e-05, 12.6432836514948 
562959, 1, 2.22182723071454e-05, 0 
160825, 238, 2.78357689631176e-05, 73300.8807597566 
265175, 10, 2.71975630983464e-05, 3199.35131705464 
2792224, 151, 2.65083236136147e-05, 18679.4388142117 
2830994, 9, 2.12454056810215e-05, 2646.74744971843 
2961994, 223, 2.7680894646515e-05, 21336.0384214748 
3067902, 20, 2.87084086929062e-05, 27641.3859083132 
33905, 182, 2.72279249598388e-05, 6153.36124484837 
74829, 309, 2.90723028171061e-05, 4730.59710437391 
1353260, 18, 2.17410209583442e-05, 4734.28652030474 
654, 36, 2.90393773957486e-05, 8327.83078213081 
2838157, 206, 2.76732344476422e-05, 48915.9949345066 
3026161, 221, 2.54666768533374e-05, 36896.450506409 
2880219, 308, 2.97707651086633e-05, 38735.6842707085 
1778, 795, 2.86295055684388e-05, 18136.1284079132 
582702, 140, 2.53196607165464e-05, 9538.12064843956 
351052, 289, 2.96815173191654e-05, 27752.165173049 
2654282, 358, 2.96348980559507e-05, 23373.5415898986 
2758710, 764, 2.8163460726054e-05, 7349.48083476245 
1183401, 147, 2.59551495016611e-05, 25990.0912887271 
173366, 330, 2.87637346833113e-05, 7324.99463095654 
40990, 735, 2.7162841233193e-05, 4973.65899179539 
69395, 11, 2.72212543554007e-05, 2747.74547990327 
2021234, 108, 2.77277138499931e-05, 32325.5082328937 
2919578, 158, 2.75224307810866e-05, 11216.8009685761 
1432792, 30, 2.75178866263071e-05, 58.4830086191307 
1854057, 189, 2.56357670221493e-05, 16458.496649257 
1761016, 187, 2.97557056565596e-05, 33082.279235628 
2843200, 738, 2.78171854571754e-05, 9684.27127225896 
2175648, 742, 2.80072818932923e-05, 7768.65397537061 
2762729, 84, 2.41219606329602e-05, 2273.5537980101 
231455, 146, 2.60437013308331e-05, 10919.142451625 
2698828, 93, 2.38669180648703e-05, 7371.99234217622 
377615, 683, 2.93772032902468e-05, 45058.785425022 
2792603, 252, 3.05642154165903e-05, 117003.255004729 
399497, 718, 2.70643319169666e-05, 5901.4885871781 
2561924, 15, 2.59020384904292e-05, 26657.1366478672 
458032, 259, 2.99859066238868e-05, 83653.1479264721 
208439, 730, 2.76671093404161e-05, 7360.06782898922 
3014995, 655, 2.6807495375707e-05, 6066.60740746206 
2763498, 37, 2.62749940881263e-05, 11856.5430677044 
2861285, 6, 2.25815192846175e-05, 348.734470975424 
722731, 807, 2.85657154283429e-05, 15790.711314672 
1123043, 134, 3.01941483740451e-05, 73752.4108468627 
1069220, 772, 2.8291744468964e-05, 10723.1954327705 
354, 322, 2.96024392409935e-05, 16658.8702798006 
444103, 723, 2.70299491836955e-05, 7927.63457381877 
60552, 19, 2.74401119556568e-05, 105.487010811921 
556533, 9, 2.50720822364297e-05, 35.1037522495358 
2726185, 741, 2.93634014564247e-05, 49484.4573609219 
56689, 682, 2.78024911032028e-05, 6937.4068385962 
68278, 620, 2.68817204301075e-05, 14109.2396291794 
110505, 752, 2.81056773468241e-05, 10314.28470719 
1799, 651, 2.79337411659544e-05, 5674.3746501839 
1325724, 1, 2.19760900140647e-05, 0 
1503055, 270, 2.97176820208024e-05, 20633.3857976487 
1704044, 1, 1.7166497862771e-05, 0 
1905847, 768, 2.80575741421397e-05, 9665.09055554709 
266, 660, 2.84835365158938e-05, 8135.51928197574 
1503054, 220, 2.93841090738129e-05, 6573.53228372731 
674079, 756, 2.7831120759233e-05, 9574.04310812865 
2927975, 70, 2.85755107872553e-05, 424.285202497986 
370622, 78, 2.80057131654858e-05, 301.365607293011 
380021, 52, 2.88043321715586e-05, 6552.77933954504 
2060726, 171, 2.67888237027512e-05, 16624.7839363732 
3015999, 13, 2.512373439188e-05, 17548.9503756958 
1295382, 78, 2.84268576951504e-05, 1057.42822005815 
169430, 223, 3.05324865657059e-05, 105781.019910572 
2708084, 768, 2.85885817204608e-05, 11957.0231476472 
2952571, 165, 2.77654375832963e-05, 27475.3038985462 
3019890, 87, 2.67830838042692e-05, 8441.317933043 
1402135, 173, 2.99356383774884e-05, 17106.2971942209 
2866627, 762, 2.92560194259969e-05, 34184.6920610012 
337191, 735, 2.83623574791537e-05, 7316.40477224035 
33069, 91, 2.90892166273962e-05, 77381.7416687276 
1671680, 738, 2.79033428204699e-05, 9197.56160702059 
1897060, 744, 2.77978540056708e-05, 9521.01556471577 
1084, 194, 2.87844333784289e-05, 2305.0618952563 
1756988, 42, 2.5340192078656e-05, 213.972933500909 
2527980, 20, 2.76411078556029e-05, 100.484866254056 
2815343, 233, 3.05978826265222e-05, 62600.271629598 
2697363, 416, 2.90841404182299e-05, 13828.730741481 
1192162, 109, 2.97291672860243e-05, 9932.42781213132 
34004, 697, 2.82023802808957e-05, 7441.31071022222 
1310165, 148, 2.89813070569483e-05, 73283.1575874087 
656179, 193, 3.0229746070133e-05, 26310.4990474333 
191579, 11, 2.42553604346561e-05, 0.924015294041551 
2816454, 224, 2.82055621368534e-05, 1118.37775400418 
2703788, 266, 3.02663438256659e-05, 25458.3126216849 
2835787, 117, 2.8346278133681e-05, 2264.60419745053 
3050069, 770, 2.81864817633463e-05, 10856.2027225993 
78587, 60, 2.608990581544e-05, 3904.80338767669 
1784, 768, 2.84115123448021e-05, 11008.6167194601 
1248727, 163, 2.95325005168188e-05, 6005.38500315679 
138118, 207, 3.01686427127644e-05, 15209.3637437572 
2840373, 778, 2.80985697827981e-05, 10889.6442424881 
467975, 462, 2.74197970935015e-05, 43683.5725445806 
549, 66, 2.95290122545401e-05, 3712.83776611135 
2911538, 38, 2.76617520953777e-05, 893.057946577207 
423349, 193, 2.76893257649176e-05, 51440.4976698974 
1486262, 9, 2.75520044083207e-05, 113.601581724868 
32003, 114, 2.93272332688134e-05, 3018.66486311633 
1245526, 21, 2.80033604032484e-05, 55.9365860334725 
1938606, 111, 2.81547384424799e-05, 27021.6367072473 
398, 169, 2.63977614698274e-05, 10828.1920212206 
57480, 177, 2.99034119793068e-05, 6865.33345225847 
3026420, 784, 2.82661541070722e-05, 10813.8394490953 
2683590, 688, 2.750123755569e-05, 7856.81000503113 
2746961, 2, 2.56049161438996e-05, 0.0190385904317588 
29447, 205, 2.6111705877745e-05, 50725.5874951704 
3015167, 696, 2.74340895997366e-05, 7429.43696680733 
339268, 748, 2.8328611898017e-05, 11149.1121251572 
363852, 21, 2.48688169903758e-05, 17.9068881164298 
574727, 60, 2.82973485384419e-05, 9292.60812100565 
561184, 444, 2.82071533340855e-05, 4114.00106492544 
38501, 543, 2.73950086294277e-05, 9078.36292431901 
1729695, 812, 2.86606861368261e-05, 17848.7535180622 
2838156, 209, 2.76365244306876e-05, 47299.7083012457 
204286, 243, 2.90689224150461e-05, 3863.93484849558 
3035531, 71, 2.54226515825601e-05, 41842.7229805571 
2871820, 150, 2.53697643148895e-05, 11868.6839774544 
3039156, 157, 2.69498194362098e-05, 7318.71107573353 
1547487, 724, 2.87298531904502e-05, 9818.9923865692 
3074437, 128, 2.99544692068057e-05, 10515.2792651083 
560555, 733, 2.85992106617857e-05, 12836.9636156336 
1112, 59, 2.3301875801002e-05, 7310.79436444003 
2066070, 91, 2.5970653161927e-05, 5726.42273849802 
1396826, 444, 2.92320734309685e-05, 10550.4636939087 
375286, 156, 2.78427441808665e-05, 16101.8004067873 
2684212, 151, 2.71835159159486e-05, 25920.9600284358 
702113, 165, 2.54148982133327e-05, 19915.9974857088 
2175645, 754, 2.79025642456542e-05, 9405.19128999776 
2942909, 757, 2.79111309590265e-05, 9357.1846212592 
453230, 431, 2.97159158445263e-05, 32079.4351875071 
2768071, 767, 2.86450873675165e-05, 11173.4873376767 
486698, 759, 2.81833042105856e-05, 9362.19762504574 
3073268, 741, 2.78885573249296e-05, 8369.44402749411 
3016103, 697, 2.77400205276152e-05, 6393.10312323264 
146937, 146, 2.94993952623971e-05, 2186.04664797806 
215813, 573, 2.84462650054048e-05, 13017.4073082921 
1485, 135, 2.65554876915315e-05, 17521.339244681 
940615, 350, 2.99886043303545e-05, 41855.1404307265 
1823759, 468, 2.93212138982554e-05, 17785.4959041978 
2739433, 93, 2.41557563167303e-05, 5480.70497158078 
577492, 663, 2.79321806653445e-05, 7843.67438696598 
1725, 800, 2.86516532003897e-05, 14118.9181916472 
2867233, 29, 2.22732031093392e-05, 991.859368222924 
1161, 207, 3.02498638756126e-05, 22177.1606159601 
1826872, 28, 2.44224100034191e-05, 23556.640066869 
1744, 771, 2.85640835213802e-05, 11270.7200780026 
36808, 793, 2.8666437335168e-05, 15371.4481862507 
2175620, 778, 2.82398124876451e-05, 13384.0203579382 
2486855, 388, 2.71643169532502e-05, 8336.24005929748 
2694929, 52, 2.53453301229249e-05, 611.232950502572 
60136, 567, 2.89745892851969e-05, 8620.72501590005 
75692, 29, 2.80662363177098e-05, 112.68499277034 
2979461, 43, 2.23318966479823e-05, 251.898386421663 
2751478, 124, 2.81365183872148e-05, 27709.0262969154 
68192, 730, 2.80386933968877e-05, 8725.88572856376 
160699, 183, 2.73837559559669e-05, 35290.7269399727 
36822, 729, 2.8048130592096e-05, 7080.11967454346 
1064539, 619, 2.9539479514371e-05, 28370.7612009315 
943830, 59, 2.85200924050994e-05, 8152.93076964278 
2603277, 139, 2.67594327000268e-05, 7997.77529022634 
1610493, 669, 2.75095595719513e-05, 6587.11861714718 
2831662, 772, 2.88900444906685e-05, 14209.8469124856 
345370, 542, 2.96621481327678e-05, 31249.8550686683 
1331258, 135, 3.01659125188537e-05, 8038.3038458054 
3070683, 75, 2.69643531251685e-05, 506.544542463134 
2986927, 2, 2.61048894457932e-05, 47.3883425912493 
135613, 153, 2.95910516659762e-05, 87811.7010940512 
2898442, 24, 2.77932184546971e-05, 4325.71983345596 
225992, 144, 2.79775060851076e-05, 21623.7809580637 
2830995, 28, 2.34725254090088e-05, 5778.89267869131 
33883, 310, 2.64075208619415e-05, 16900.136591778 
1643826, 708, 2.9434273267793e-05, 31425.0785273365 
1896196, 59, 2.37028609353149e-05, 5619.07428199929 
204037, 107, 2.99958005879177e-05, 6964.2738626056 
2779775, 734, 2.83599444145089e-05, 8083.87165521926 
342113, 213, 3.0425654912222e-05, 25347.0701659428 
1678128, 181, 2.79806373989199e-05, 36227.9339763849 
2760310, 763, 2.84527399988619e-05, 11557.0098688585 
2795216, 169, 2.65076209410205e-05, 14066.0836580764 
1267768, 715, 2.92568753657109e-05, 19084.8909462024 
2811421, 722, 2.83093647378553e-05, 10217.3211327079 
3041175, 46, 2.51060731590972e-05, 516.47111549364 
1938334, 20, 2.29505186817222e-05, 0.983153480101092 
3068324, 41, 2.3696682464455e-05, 1771.70665363658 
36873, 212, 3.07342410179181e-05, 83748.5580405561 
2862331, 656, 2.86401649673502e-05, 11740.9314413061 
1930532, 71, 2.76060070671378e-05, 10608.5579978682 
2293838, 799, 2.93100416202591e-05, 27387.4254074117 
2895559, 746, 2.85339268390116e-05, 10981.6210494186 
1419277, 31, 2.75755570262519e-05, 661.708476174295 
38310, 746, 2.86336043981216e-05, 10913.6185042753 
497726, 26, 2.42189392104626e-05, 20431.7420158368 
68280, 749, 2.83294144310037e-05, 9297.26949380625 
1796606, 197, 2.78411938303914e-05, 54101.0176629595 
414, 82, 2.91647223518432e-05, 1105.01250346214 
2017484, 763, 2.85469597487868e-05, 10400.1617756724 
3025663, 58, 2.56049161438996e-05, 486.769416603281 
469, 150, 2.68463582914978e-05, 15903.3898684476 
2211211, 225, 3.03979086238867e-05, 26064.2832589159 
2604537, 74, 2.42060418280403e-05, 3764.49048745961 
2822761, 195, 3.04664412150017e-05, 29059.0990739591 
544, 206, 3.05997552019584e-05, 66789.7581385494 
1750, 710, 2.80804223295518e-05, 9508.21060192292 
459858, 747, 2.88641939673835e-05, 15761.4625617601 
1263728, 315, 2.77231016606138e-05, 7369.61753079352 
2319844, 101, 2.4349265869634e-05, 11434.6948124363 
712122, 795, 2.89192862720148e-05, 16735.0534238489 
2762331, 704, 2.79142474318892e-05, 6412.13954581765 
2895796, 139, 2.79298402413138e-05, 289.698163037662 
1562974, 191, 2.80324054607126e-05, 60030.4118915198 
186192, 792, 2.93866995797702e-05, 30577.2108301262 
1945662, 632, 2.91774866512999e-05, 13433.4616227748 
2996004, 753, 2.84851592320401e-05, 10542.0962015601 
2259340, 691, 2.92149931344766e-05, 18499.3281022726 
2028343, 171, 2.76510438269045e-05, 28901.675623179 
659350, 558, 2.8534741047225e-05, 8091.20419831592 
1659, 792, 2.85054587953593e-05, 13077.5818621493 
1211322, 790, 2.92303645026453e-05, 26730.9227782435 
169765, 752, 2.86944045911047e-05, 13239.0700433824 
1719132, 679, 2.9120559114735e-05, 15370.7158542183 
1348774, 156, 2.57367134216961e-05, 29968.7399155089 
2735433, 166, 3.02507789575582e-05, 11270.6548566497 
56455, 68, 2.48299150816904e-05, 4864.50572057344 
1917485, 485, 2.94412059117941e-05, 12846.777715786 
1049, 237, 3.06701426161632e-05, 32548.6047304894 
47759, 777, 2.84794805342751e-05, 11729.3806764571 
2587844, 677, 2.95115832964439e-05, 41870.0173512804 
2994496, 147, 2.75413809248396e-05, 22882.9201714537 
683047, 113, 2.65055131467345e-05, 17732.8516658155 
370038, 473, 3.00607226597727e-05, 19284.5354803698 
53376, 764, 2.89905490809996e-05, 18318.3721322785 
2507582, 740, 2.84050560999858e-05, 9757.39739363966 
1933044, 227, 3.06306858210555e-05, 58081.0472628472 
52771, 759, 2.86861732644865e-05, 16401.5154718029 
2795215, 746, 2.85485896996688e-05, 10926.0819729874 
3068640, 299, 3.0633500796471e-05, 41484.6386578877 
500, 785, 2.91664236131366e-05, 27128.5049860743 
1492737, 1, 2.04930630981413e-05, 0 
1658672, 188, 2.76281254316895e-05, 28968.1924133257 
2065379, 694, 2.91757840991977e-05, 13792.3577315375 
28104, 146, 2.53030034665115e-05, 11117.2071970179 
155177, 764, 2.87150035893754e-05, 14173.185509302 
3028808, 651, 2.77585010409438e-05, 12267.4844108124 
551759, 216, 3.0409001064315e-05, 22606.2525497236 
2974552, 89, 2.93849725250507e-05, 2137.28709940104 
3036127, 532, 2.9539479514371e-05, 20992.6361818042 
1138194, 133, 2.73575356331902e-05, 8757.15608217635 
1561022, 609, 2.77108099869759e-05, 9093.7165469407 
1768, 792, 2.89276519424918e-05, 18827.1783645845 
564369, 42, 2.89695529997972e-05, 33593.0897165666 
2841594, 720, 2.81080473339517e-05, 7933.81388907861 
2920382, 175, 2.77446383486391e-05, 38683.9304647247 
1534110, 1, 2.07322635485342e-05, 0 
155925, 15, 2.29874488529263e-05, 1771.0289051084 
2847991, 377, 2.9888218064439e-05, 16916.9705859375 
2911539, 51, 2.87645620595426e-05, 16131.5397198781 
3046670, 170, 2.77669795079691e-05, 32268.6117874964 
76758, 14, 2.78055833611389e-05, 94.4459035836257 
1285192, 643, 2.78745644599303e-05, 9196.24131624714 
396595, 159, 3.00408555635664e-05, 4793.03321383367 
1395974, 35, 2.83679895605798e-05, 9225.51376627903 
1798806, 25, 2.38231370306842e-05, 17169.0392676709 
3025670, 208, 2.58578336306984e-05, 33136.743361585 
1915078, 435, 2.94846090340842e-05, 10545.1125681457 
56460, 123, 2.58031221777835e-05, 21871.7916621067 
518, 41, 2.84220100045475e-05, 393.93952047869 
2856555, 717, 2.82111321127317e-05, 9381.17549716748 
106634, 104, 2.90849863300564e-05, 1353.26453671314 
2842456, 139, 2.97026762111266e-05, 124777.834901267 
488731, 201, 3.06485227412039e-05, 23781.5761546501 
103816, 669, 2.80504908835905e-05, 7953.91433823599 
206351, 176, 3.02407161001573e-05, 13063.1798613382 
292462, 685, 2.84454558384298e-05, 9225.3060667788 
2961893, 10, 2.65519621900058e-05, 31.9231507866952 
48664, 182, 2.62805182518199e-05, 32938.0083992383 
2851959, 286, 3.06955614218184e-05, 24187.6339885236 
1548548, 442, 3.06119325313007e-05, 68312.0412629396 
1538159, 174, 2.7680894646515e-05, 19940.1109816009 
132919, 728, 2.84892168314293e-05, 11219.6042259641 
2764705, 130, 2.97070881112233e-05, 2462.04901646595 
2840183, 309, 3.12129346401149e-05, 163171.844468339 
881260, 35, 2.67201068804275e-05, 6486.99797581756 
2021862, 124, 2.90731480404698e-05, 3801.65134878135 
2803845, 154, 3.09463390480906e-05, 37576.0752639499 
1788, 615, 2.8513586724074e-05, 8060.16940148727 
2910158, 177, 2.7038719446247e-05, 27964.5350553469 
93218, 208, 3.06391322997733e-05, 66273.4456510543 
187303, 117, 2.9302311952413e-05, 1655.92820453628 
263913, 116, 2.48329980878591e-05, 20426.5127739266 
2719023, 656, 2.79743754720676e-05, 7581.77612861595 
279828, 713, 2.85608202667581e-05, 12283.0877510499 
2952527, 447, 2.92877225866917e-05, 7724.60725014306 
29314, 674, 2.83607487237663e-05, 7443.85804944146 
453842, 530, 2.92937282127896e-05, 9858.01686196176 
28049, 762, 2.86935812458753e-05, 17313.6178911517 
2211210, 277, 2.69360269360269e-05, 4249.51052627668 
2759167, 737, 2.8534741047225e-05, 11756.6603929349 
546160, 647, 2.79657698976453e-05, 6644.39783521195 
1416614, 421, 3.05483427524057e-05, 49443.5326902571 
1891926, 130, 2.94386057876299e-05, 28008.8888739406 
39775, 132, 2.99571612593991e-05, 9696.678527741 
398694, 736, 2.85934864037972e-05, 13147.4855009771 
71999, 760, 2.86172161172161e-05, 12361.9449297771 
470076, 763, 2.88225969159821e-05, 15720.4810013563 
2740185, 575, 3.01123189496823e-05, 70551.879589777 
141349, 706, 2.870428842069e-05, 9736.05096498581 
1138190, 167, 2.77123458500762e-05, 30617.0846912774 
2840468, 128, 2.84478834774693e-05, 38850.0016992028 
3026424, 57, 2.87620800736309e-05, 12928.5717473965 
1404741, 83, 2.93289535429376e-05, 9756.36640387987 
28256, 56, 2.92517404785585e-05, 1581.91439300229 
1891094, 91, 3.04460344040189e-05, 46163.2033779561 
501023, 637, 2.80300482116829e-05, 7337.10917162107 
1603606, 415, 3.12480469970627e-05, 221330.994015343 
1273, 742, 2.85437004053205e-05, 14342.877659243 
205844, 83, 2.4083038316114e-05, 3936.39856477246 
502682, 142, 2.49712830245218e-05, 18242.1239904449 
1913979, 669, 2.85233463589948e-05, 8932.20583774899 
2527990, 104, 2.98534197092277e-05, 19635.0775658254 
2971236, 1, 2.0505249343832e-05, 0 
477680, 186, 2.82709487730408e-05, 55546.901003735 
2725477, 43, 2.89620018535681e-05, 6593.99951306931 
311182, 175, 3.07493619507395e-05, 46626.8368199657 
590652, 656, 2.81309778327895e-05, 7597.60191882083 
2915130, 712, 2.82621597942515e-05, 12234.1577509804 
553982, 221, 3.06363162893294e-05, 18170.9276634353 
1883416, 390, 3.02270048060938e-05, 15472.0975973838 
2614442, 19, 2.66120233121324e-05, 1154.70604983021 
2841257, 741, 2.95020061364173e-05, 24715.1190917394 
2785056, 164, 2.83013528046641e-05, 43905.4638429456 
2770551, 649, 2.78040371461936e-05, 7226.9986465922 
322509, 683, 2.81080473339517e-05, 11559.3466180072 
179879, 226, 3.09914153779403e-05, 43398.4604766385 
1978566, 564, 2.78140906183072e-05, 13243.1821964597 
3055079, 42, 2.48459550785132e-05, 1625.46401184907 
56453, 81, 2.51193167545843e-05, 4050.45370380433 
1649453, 107, 2.92457520545141e-05, 14835.9223573562 
33900, 760, 2.91919663708547e-05, 21540.3711061742 
2483403, 199, 2.58484762323261e-05, 21818.5715225218 
2738409, 682, 2.8220685762664e-05, 9058.97490153537 
69578, 650, 2.81270216296796e-05, 7889.07661278392 
82367, 485, 2.9238911142949e-05, 6695.39364098569 
1534348, 624, 2.86779466590192e-05, 8452.76266168287 
2606451, 285, 2.6905588290688e-05, 2596.86676466847 
171865, 114, 3.03140535952468e-05, 11279.7489196022 
119981, 770, 2.89494253539067e-05, 17095.7553946259 
32012, 136, 2.98195914715968e-05, 127352.600442847 
2077182, 68, 2.4240073689824e-05, 4138.00540938282 
83676, 711, 2.85755107872553e-05, 10810.1158990035 
213422, 311, 3.05744947564741e-05, 27013.8126695611 
2875729, 695, 2.87339808057008e-05, 11550.3133372121 
2830983, 19, 2.28942970306097e-05, 166.063820883742 
345632, 485, 2.97947144176623e-05, 24384.8822250456 
412963, 91, 3.00733790448695e-05, 25401.3536067142 
1649486, 63, 2.51775013847626e-05, 12320.9303688895 
2775496, 674, 2.83278094104983e-05, 9789.2696726697 
701042, 690, 2.83229954399977e-05, 9521.18105601086 
2080419, 800, 2.96700688345597e-05, 36329.4698700113 
931866, 54, 2.93530585887049e-05, 21750.3615443619 
2694930, 313, 2.75877289781505e-05, 9270.13147002008 
37931, 11, 2.24320868570403e-05, 12037.6002780834 
1561023, 702, 2.87488500459982e-05, 11165.8500511878 
2854260, 49, 2.3693875133278e-05, 3100.76950655474 
37914, 720, 2.85502198366927e-05, 12536.9547692023 
1184720, 178, 2.79728104282637e-05, 39946.0241385692 
2979467, 154, 2.60314981127164e-05, 52068.9226226082 
69964, 329, 3.01695528872262e-05, 15740.6549730983 
2704462, 580, 2.90040025523522e-05, 8068.18294821494 
870903, 336, 3.14228255404726e-05, 244172.832305174 
555316, 28, 2.69447363457549e-05, 614.821527974074 
2589076, 92, 2.7378507871321e-05, 198.331824066091 
69362, 101, 2.60199833472107e-05, 14224.6876280018 
31998, 727, 2.9171528588098e-05, 15721.2418394558 
1564506, 538, 2.93823823235588e-05, 9774.87286741432 
54298, 58, 2.7266530334015e-05, 6.70571249289417 
1780, 652, 2.8613121977739e-05, 9163.47424086518 
2773266, 617, 2.81404772624944e-05, 8937.78230837746 
2878391, 751, 2.94933050197605e-05, 17706.0236446098 
68175, 724, 2.86730129602019e-05, 11152.807380878 
1765967, 54, 2.9016626527e-05, 330.708717745123 
2041385, 62, 2.74672453099679e-05, 5018.73970405331 
1400387, 6, 2.41744427790939e-05, 7685.46166995253 
2979324, 21, 2.2129768965212e-05, 8261.4653554946 
2175646, 647, 2.83278094104983e-05, 10135.7775071623 
3064287, 713, 2.87521564117309e-05, 12530.6941310093 
249567, 677, 2.85567422468445e-05, 10835.1935401613 
2597769, 358, 3.10424039237599e-05, 143921.805888705 
3030011, 461, 2.83824823319047e-05, 4501.46738267283 
186822, 56, 3.03112970203995e-05, 2247.71521079849 
1775910, 425, 2.44666275200626e-05, 13614.2282274619 
2867410, 482, 2.33361336693737e-05, 7168.84438948064 
2929802, 80, 2.14785858499076e-05, 1064.21712795858 
2528026, 16, 2.34241409196318e-05, 3056.51785329762 
98668, 34, 2.41721053903795e-05, 66480.0064931861 
1063, 479, 2.41884766097431e-05, 11812.2599317425 
944492, 450, 2.29363058785752e-05, 3762.68110038604 
3036374, 227, 2.28466986520448e-05, 9587.05688931572 
53461, 444, 2.27469177926391e-05, 8122.83000303544 
2995170, 247, 2.47733240846257e-05, 10513.9226749118 
171437, 354, 2.42283277608179e-05, 8661.33054578475 
2006, 440, 2.2936831964769e-05, 4261.54287706028 
2233851, 178, 2.44552591034702e-05, 8214.21761520335 
65656, 197, 2.45380708168724e-05, 12109.2623407764 
158500, 143, 2.22732031093392e-05, 5782.62955872214 
399176, 93, 2.17079841965875e-05, 6216.94745616593 
2765360, 156, 2.45984306201264e-05, 7527.82479812624 
2017685, 53, 2.22345747637576e-05, 1400.73726700245 
2843330, 330, 2.43546030199708e-05, 9016.6136583854 
1772, 388, 2.38151940938319e-05, 1031.21634983365 
2851598, 32, 2.22494159528312e-05, 873.807153145093 
2970906, 280, 2.4390243902439e-05, 8600.57612215385 
538381, 158, 2.43652843428683e-05, 4443.0124394641 
3015151, 471, 2.33024187910705e-05, 6551.01067060254 
535, 108, 2.45272374972407e-05, 17822.1748843045 
587753, 75, 2.42930716159751e-05, 8027.04465583869 
2486272, 102, 2.25514737388088e-05, 2144.73988764885 
3028804, 456, 2.32358203406371e-05, 4988.63904473969 
35, 403, 2.3665838362324e-05, 5827.81244740399 
912, 47, 2.23179413930859e-05, 804.002806356254 
34018, 272, 2.43646906902517e-05, 14423.539185919 
28077, 128, 2.46858722752968e-05, 14467.0889144896 
173480, 177, 2.40390393999856e-05, 6199.78828565273 
1813880, 450, 2.31171112857737e-05, 12592.2205849666 
2175864, 497, 2.34686693264492e-05, 3649.783862081 
2901869, 122, 2.36294896030246e-05, 12020.6635597365 
113, 99, 2.44098908877877e-05, 32064.4834701357 
33910, 518, 2.36222332459311e-05, 2411.77510282739 
83291, 483, 2.33639400948576e-05, 4814.26458741057 
3065910, 195, 2.55944306518901e-05, 7301.68808547022 
2972479, 111, 2.28169849636069e-05, 2336.78449289568 
2820808, 187, 2.33056772629813e-05, 15040.7174339967 
83681, 418, 2.30128411653703e-05, 4065.22885240023 
1296669, 189, 2.46038775711052e-05, 3954.01710833046 
2877941, 176, 2.46487552378605e-05, 2763.21534334536 
2592652, 73, 2.14952065689351e-05, 1716.3654185794 
2906072, 305, 2.43178833714314e-05, 5857.76485143694 
1325564, 4, 2.07904530239714e-05, 23.0335073197396 
3015154, 478, 2.34076917675148e-05, 4379.93971224623 
2862869, 213, 2.43161094224924e-05, 28530.4864605992 
1814, 499, 2.34329232571763e-05, 4607.49250459015 
2604832, 258, 2.59484145518709e-05, 15306.9671043189 
1609977, 109, 2.20867567806343e-05, 4736.46542760125 
2060312, 170, 2.32099338516885e-05, 5993.36910329213 
1874061, 171, 2.37930952437603e-05, 3046.02271101684 
627192, 181, 2.29452526272314e-05, 8995.22775327081 
2898793, 16, 2.28477426430269e-05, 2285.00080744656 
68212, 2, 2.06992196394196e-05, 0.0212765957446809 
1670800, 10, 2.09841569614941e-05, 8.77830259676248 
1696, 543, 2.37028609353149e-05, 5834.62009969503 
1856685, 231, 2.60409885159241e-05, 15215.611150935 
2816950, 213, 2.46069046974581e-05, 12433.7881551798 
2725666, 159, 2.30563497187125e-05, 4549.68456526666 
528244, 392, 2.46281154566053e-05, 11996.3820335863 
1792307, 51, 2.3999808001536e-05, 941.534898785957 
2806348, 251, 2.37800818034814e-05, 13083.5587924141 
1385, 28, 2.44373304660199e-05, 616.004239338741 
2558931, 513, 2.4528440727023e-05, 18236.2609815804 
1560345, 88, 2.1688210288887e-05, 7123.56849216085 
73044, 511, 2.35028673498167e-05, 3695.23709777925 
2018025, 543, 2.43167007100477e-05, 19238.1487354962 
1742993, 75, 2.2607044355021e-05, 9135.81552486728 
1391653, 239, 2.47334965744107e-05, 24782.9415750047 
2527989, 179, 2.49787680471599e-05, 19833.4000310396 
216465, 216, 2.47800768182381e-05, 9948.67712844296 
2704467, 466, 2.3303504847129e-05, 6361.33127326498 
2771436, 64, 2.37947936991386e-05, 33381.9703525644 
1877, 444, 2.30536920487816e-05, 5975.83879327321 
1690220, 499, 2.32790930465349e-05, 2517.16883193132 
1047172, 678, 2.51338376856762e-05, 2934.59339949279 
2782654, 58, 2.40900002409e-05, 1040.76587266215 
1881, 483, 2.34197522190215e-05, 3952.56282603732 
2917991, 253, 2.40789790512882e-05, 14239.3256402869 
2903629, 31, 2.30542235337514e-05, 5.03408237744782 
2995223, 504, 2.3448308204563e-05, 3656.8911160437 
356852, 490, 2.31256648628648e-05, 5621.02288540109 
412690, 523, 2.33530277200439e-05, 2216.79858352461 
78327, 13, 2.74906531779195e-05, 4.97638170432683 
410, 413, 2.4791749305831e-05, 12488.1517076975 
158899, 208, 2.55610653852053e-05, 12504.7558562807 
165696, 156, 2.23818796302513e-05, 5384.30374785952 
445576, 530, 2.34907211651398e-05, 5127.71700609586 
28450, 87, 2.58104480693785e-05, 1369.5644693142 
84757, 562, 2.371072910492e-05, 3987.34340189546 
129921, 423, 2.46718642060594e-05, 1799.41719069465 
238749, 245, 2.48095864241943e-05, 13386.415708821 
1297742, 415, 2.42435996896819e-05, 3374.93591929634 
206389, 104, 2.50978817387812e-05, 6564.16538361332 
524884, 549, 2.36529637163537e-05, 4308.40435445255 
2771361, 566, 2.47524752475248e-05, 13010.9886393264 
2865673, 14, 2.39687447568371e-05, 8.25095621137004 
2800373, 22, 2.37591769821093e-05, 55.4866648810326 
34, 9, 2.33628483984767e-05, 445.05455818954 
2768162, 404, 2.46008511894512e-05, 5897.20516785488 
3075432, 549, 2.35404896421846e-05, 4330.4403737171 
2202827, 505, 2.49140465394389e-05, 18665.4906362598 
31988, 169, 2.32077792476038e-05, 9754.56895014024 
2565782, 66, 2.3835061375283e-05, 32358.0758550311 
2981136, 548, 2.43025177408379e-05, 2209.40441407752 
2797636, 531, 2.36155390246782e-05, 2732.91194606309 
563835, 237, 2.50287831005657e-05, 50288.2052114438 
2508168, 53, 2.32137053716514e-05, 3578.60138511022 
2704468, 553, 2.3719727697526e-05, 4444.31734168503 
3039153, 113, 2.48750031093754e-05, 16385.242247297 
715471, 506, 2.3183567487365e-05, 5163.83020640641 
627624, 467, 2.33792345638604e-05, 14064.5805479042 
53399, 83, 2.46846535508874e-05, 19284.0599452259 
3018036, 37, 2.31572609591737e-05, 125752.966475385 
2771430, 68, 2.38367658276125e-05, 212420.506561883 
1842537, 219, 2.47371675943105e-05, 7804.42874531668 
2903960, 75, 2.25052887428546e-05, 12941.4336152204 
2907545, 65, 2.4634789249378e-05, 256.648792141368 
2730915, 67, 2.25550342836521e-05, 1131.3243704836 
2811111, 553, 2.36916297472103e-05, 4140.13901434692 
2579971, 574, 2.47880620693074e-05, 10357.8826919874 
2591145, 513, 2.31900190158156e-05, 4824.4505907208 
1679497, 21, 2.42371361399937e-05, 6331.31812146928 
2565366, 105, 2.281490269444e-05, 2692.00474734367 
3051092, 48, 2.2642876551037e-05, 65.9203701740902 
945844, 159, 2.54517688979384e-05, 6320.93186338281 
299152, 516, 2.32704256160845e-05, 2341.74239580391 
2768069, 569, 2.37270440848479e-05, 3863.37497852176 
116188, 556, 2.37659528958814e-05, 2487.37726772925 
2931983, 418, 2.43285325029194e-05, 13621.8688254638 
434010, 225, 2.48490420694282e-05, 10973.4694595824 
2842453, 557, 2.36893847866771e-05, 4147.8099294085 
409290, 154, 2.32547323380308e-05, 3406.48168482208 
95486, 120, 2.55473520169634e-05, 12234.4450158183 
963, 194, 2.55447416149386e-05, 6900.1256040079 
2900152, 555, 2.36663984474843e-05, 3514.74000589666 
2135430, 571, 2.3815761270809e-05, 7551.31054334793 
433, 237, 2.4913425845188e-05, 7872.71616168313 
2742204, 97, 2.48706725029845e-05, 2142.07283090239 
2045452, 445, 2.34219463637428e-05, 13978.9224954674 
3032282, 214, 2.50300360432519e-05, 29364.1826975081 
39, 518, 2.47279920870425e-05, 14087.3054576918 
1535768, 557, 2.37186024999407e-05, 3402.23376702266 
3075627, 573, 2.44116785470169e-05, 4615.85945718255 
392593, 233, 2.55741394302082e-05, 18691.0063440943 
285665, 524, 2.36082912318806e-05, 2774.10970069989 
85413, 109, 2.47880620693074e-05, 32741.8865714355 
2774875, 224, 2.47800768182381e-05, 10650.998608605 
37329, 573, 2.40824583373471e-05, 3077.06061927868 
2202826, 433, 2.52175009456563e-05, 15645.6801779009 
1573, 584, 2.40610187435336e-05, 3373.93647008182 
155892, 41, 2.52060595367126e-05, 2981.93651519152 
1914461, 521, 2.33481204763017e-05, 2160.51848333934 
1806508, 322, 2.4579687346377e-05, 5406.96094472733 
2968500, 128, 2.27640055544174e-05, 2380.73062530419 
1682113, 6, 2.14560044628489e-05, 4862.1579003092 
2803858, 386, 2.33426704014939e-05, 14561.1690608676 
2220096, 282, 2.51667295834906e-05, 9186.75961970996 
67282, 382, 2.40171001753248e-05, 4939.3960805046 
2005884, 116, 2.5455656246818e-05, 6842.52244496762 
547188, 331, 2.54329967700094e-05, 18907.5722545963 
29549, 351, 2.49744012387303e-05, 14497.999903235 
2599600, 89, 2.23343904944834e-05, 1691.1786200178 
1620215, 176, 2.64382402707276e-05, 29846.4568540405 
2493668, 212, 2.35083924961211e-05, 7103.83451653463 
192812, 71, 2.24845418774592e-05, 4413.21597514767 
2708539, 147, 2.40720234942949e-05, 10942.8144862888 
2819238, 574, 2.40147931125573e-05, 3070.07259711314 
1654, 595, 2.46220515093318e-05, 7567.42787219354 
361575, 35, 2.2369362920544e-05, 1533.34958829781 
2768161, 519, 2.51161622504081e-05, 6664.54885869206 
709879, 545, 2.38396071232746e-05, 1985.20214806413 
53412, 237, 2.56489176156766e-05, 10389.3368677337 
2944128, 561, 2.37298592819345e-05, 3613.3005103497 
1950, 355, 2.43735985180852e-05, 11500.5722468194 
2708082, 558, 2.4077239785231e-05, 5139.32860536168 
418699, 134, 2.56990131578947e-05, 12681.0221017994 
2184053, 602, 2.45966155057064e-05, 3299.93632115468 
119219, 182, 2.54563042537484e-05, 81650.4952202217 
3043734, 645, 2.49059799257802e-05, 6091.91188365536 
2041, 223, 2.33497559950499e-05, 5831.1568437558 
2662361, 469, 2.34697709350357e-05, 16435.740223247 
2991972, 155, 2.55937755937756e-05, 17017.6974763151 
3038927, 241, 2.43735985180852e-05, 15383.8544666771 
2714945, 149, 2.39923224568138e-05, 14162.6018754239 
269660, 507, 2.53132514871535e-05, 20819.894191116 
85643, 141, 2.57512940025236e-05, 17851.4096644713 
563996, 86, 2.2878059940517e-05, 6228.38482657635 
593909, 155, 2.31765823811621e-05, 8796.18963429585 
261654, 560, 2.38891543239369e-05, 2476.17511969755 
1079, 258, 2.53961804144657e-05, 15637.287124937 
2976241, 217, 2.40853585105614e-05, 8490.36187113993 
1592790, 281, 2.42500666876834e-05, 21883.9355301139 
2743470, 216, 2.47622820919176e-05, 8281.82284990671 
2570229, 156, 2.57672189440594e-05, 10870.7811558486 
2898433, 127, 2.21503566207416e-05, 5417.26295560584 
83455, 112, 2.43825128617755e-05, 1556.22427079204 
180282, 225, 2.47121039885336e-05, 5681.34927354555 
1082851, 203, 2.48508946322068e-05, 6504.32039721884 
53362, 580, 2.41283628905779e-05, 2605.27257050126 
2587808, 36, 2.29879772878784e-05, 4969.80173721933 
2292766, 311, 2.52219531880549e-05, 19434.7760923519 
2547399, 155, 2.57818341196793e-05, 23660.0132980109 
2896849, 106, 2.21513379408116e-05, 4310.00078469359 
105219, 170, 2.51679963758085e-05, 37377.5765611321 
1523415, 48, 2.17320438987287e-05, 819.630924922987 
2949093, 55, 2.20172174640569e-05, 2202.53945628752 
42256, 596, 2.45176159070292e-05, 5630.71923693745 
2973512, 170, 2.42989745832726e-05, 15047.8551649815 
2684469, 578, 2.40952243265385e-05, 3670.56842635546 
1775411, 157, 2.34241409196318e-05, 13515.9681402368 
2184519, 184, 2.56627402674058e-05, 8938.50353440615 
370526, 532, 2.43391909652923e-05, 8404.17157801503 
2020, 570, 2.41173065792012e-05, 2938.53080416629 
2880933, 593, 2.41721053903795e-05, 4235.62234781329 
47875, 570, 2.40812984636132e-05, 3074.56876477633 
1521117, 236, 2.47426761678543e-05, 3385.35766881368 
1447062, 238, 2.33127404126355e-05, 14102.7090943887 
1030157, 151, 2.31064282083276e-05, 7035.16406803468 
2589974, 195, 2.36361917367874e-05, 7021.00746152313 
2711156, 108, 2.24441701268096e-05, 5798.65287404585 
3028735, 9, 2.42271537939723e-05, 7.31064682304581 
1882757, 532, 2.45905670584764e-05, 4036.63289767759 
2911495, 180, 2.37101669195751e-05, 3854.46769812926 
1379270, 379, 2.4975024975025e-05, 26947.8050131882 
1842534, 272, 2.46432884004041e-05, 10859.6335299864 
2908642, 557, 2.40743415667582e-05, 4942.43499643037 
29405, 570, 2.37778200494579e-05, 3507.25820271565 
3075824, 623, 2.42977937603266e-05, 4230.09626373788 
2182432, 212, 2.57765175924733e-05, 34160.6501012156 
1436133, 625, 2.45615758707079e-05, 4763.93418052576 
3075199, 632, 2.4349265869634e-05, 4310.06089747617 
249586, 589, 2.45332548269179e-05, 3232.54808043372 
137722, 299, 2.55349573566212e-05, 14822.0373562474 
33914, 632, 2.44182355383e-05, 5066.76095682458 
2949090, 197, 2.46937969182141e-05, 4340.57929809634 
2937788, 89, 2.29058341159493e-05, 10401.7612008266 
258505, 2, 1.98267145151377e-05, 294.701356301229 
33057, 134, 2.57552733922271e-05, 5820.16574844454 
2976533, 164, 2.33704924162752e-05, 3459.0199668734 
191302, 209, 2.44875970321032e-05, 7644.94270358904 
37921, 616, 2.47108826727291e-05, 5176.90715991889 
2571749, 196, 2.32796349753236e-05, 8199.21236354259 
39691, 5, 2.07279661719592e-05, 0.983277675162716 
1736306, 152, 2.34159134547839e-05, 3850.34259763213 
2497863, 212, 2.64214753751849e-05, 12302.8520438704 
2986949, 292, 2.51635631605435e-05, 8887.41324573861 
131568, 603, 2.42553604346561e-05, 3367.26073298481 
1915, 78, 2.32212520899127e-05, 486.648422115988 
1427356, 52, 2.47457375467076e-05, 2542.86376755277 
1549858, 44, 2.15926757643807e-05, 331.123745852471 
2596913, 47, 2.15950072343274e-05, 627.74306003719 
1927, 622, 2.43314922504197e-05, 4419.20386088414 
1229164, 134, 2.35460324935248e-05, 56330.6253039048 
2675754, 616, 2.46196267664582e-05, 4245.3619585538 
319947, 569, 2.39612785738247e-05, 2641.38631249885 
2789327, 270, 2.49900039984006e-05, 21359.3521640677 
2710756, 624, 2.43066527308524e-05, 4289.33926146064 
2589797, 580, 2.41173065792012e-05, 3323.69619627368 
66871, 668, 2.48861458825872e-05, 5892.55482575578 
1542730, 20, 2.29189585625229e-05, 20806.8105161266 
1335043, 240, 2.35537968720558e-05, 12226.6459191054 
1736691, 284, 2.43914337284746e-05, 872.255033073395 
262209, 593, 2.44756100545806e-05, 2876.53206773876 
40566, 309, 2.44283760015634e-05, 3984.01344063955 
416169, 3, 2.03827887731599e-05, 2.22270746650153 
80880, 215, 2.53478999264911e-05, 31050.9759982401 
1003110, 579, 2.41680160475627e-05, 3548.98919770115 
139208, 601, 2.4661520629362e-05, 3543.74392305475 
2219696, 50, 2.17485863418878e-05, 729.219469637588 
279058, 210, 2.62315723204449e-05, 12201.6853949718 
45398, 634, 2.47512499381219e-05, 4066.57685515605 
710111, 650, 2.51927243412103e-05, 7944.07967628646 
2006110, 104, 2.39343242143558e-05, 23968.2476049941 
2914159, 642, 2.48465724153353e-05, 4830.16638566243 
152142, 20, 2.2825317842551e-05, 429.718737860989 
334542, 61, 2.91112340252103e-05, 236.946713665958 
128780, 105, 2.39194393283421e-05, 11168.9193633271 
1223566, 2, 2.00654132471858e-05, 0 
2099693, 284, 2.50156347717323e-05, 3947.63138033178 
194963, 252, 2.42795056692646e-05, 8845.90237308082 
1768242, 243, 2.60084787640771e-05, 17500.5420253238 
2768068, 614, 2.42341993020551e-05, 4782.84298317979 
2937787, 78, 2.2806577416927e-05, 6203.56998918295 
299146, 615, 2.42960227410773e-05, 4245.28386188214 
879274, 144, 2.30637944554638e-05, 3240.9349403434 
2599297, 82, 2.20589857278362e-05, 5350.86202864569 
488447, 142, 2.58071176030349e-05, 3848.21149319145 
1835, 638, 2.43451163696562e-05, 5408.09207074447 
2109914, 220, 2.54362313679605e-05, 16002.7401389397 
3031126, 277, 2.45019969127484e-05, 13885.8345062635 
47763, 662, 2.50156347717323e-05, 6374.32179775961 
991904, 408, 2.54232979102049e-05, 21543.1543860908 
2742137, 624, 2.46517934179712e-05, 4188.79660215973 
3053466, 660, 2.5e-05, 6818.28350213405 
2589976, 171, 2.33138274310494e-05, 3112.98691861915 
3062449, 647, 2.48811923067353e-05, 5399.97686737971 
2923272, 667, 2.48354650440829e-05, 5764.22885517818 
2884264, 163, 2.35023149780253e-05, 5964.41072710801 
93217, 144, 2.62453414518923e-05, 22015.9892297156 
2744521, 208, 2.37366184813311e-05, 8007.9338947696 
219314, 174, 2.36860181434899e-05, 4594.71169404453 
2676077, 260, 2.46536166855678e-05, 12365.5520922153 
356837, 166, 2.61663657534605e-05, 10537.915192139 
1714373, 567, 2.47108826727291e-05, 7964.20256707797 
1325120, 83, 2.4988130637947e-05, 6765.08775824392 
1813879, 59, 2.22172850477672e-05, 1818.39638897702 
1420889, 586, 2.40182538729434e-05, 2890.97188972809 
2826993, 108, 2.47567647859778e-05, 348.170675134243 
675864, 608, 2.42948422049999e-05, 3938.10349447704 
2493676, 182, 2.33726773401893e-05, 3726.91431384371 
2571746, 181, 2.62542991414844e-05, 54149.1509315195 
1494466, 221, 2.64256646054648e-05, 71925.4234787205 
1715720, 229, 2.55623721881391e-05, 16297.1125002663 
2781734, 436, 2.44057207009323e-05, 9229.75610385717 
1535208, 614, 2.46706468643608e-05, 3738.76819986977 
2079793, 218, 2.37428177976162e-05, 6137.49721590269 
57704, 496, 2.51591315067804e-05, 4430.99579854016 
283811, 626, 2.4703557312253e-05, 3581.42970494841 
2685869, 559, 2.45314493180257e-05, 26254.4782531238 
2109913, 210, 2.47899055504599e-05, 7363.71959141893 
319939, 31, 2.50400641025641e-05, 486.664889617457 
1867719, 236, 2.43421533068815e-05, 8146.06676127399 
2509458, 365, 2.44063163546726e-05, 16080.3441137375 
2744518, 174, 2.33257913274708e-05, 3551.25798313999 
2749844, 615, 2.46208390781958e-05, 3517.68352741948 
36861, 177, 2.63372751455134e-05, 13550.9935681006 
1850374, 143, 2.52684775742262e-05, 2279.73861538226 
2777475, 188, 2.37394359510018e-05, 5476.0573537378 
515350, 602, 2.42435996896819e-05, 3849.95869616888 
60550, 176, 2.62570565839569e-05, 10548.8786936106 
1641402, 650, 2.50037505625844e-05, 6203.51515860747 
3031124, 99, 2.36955594521587e-05, 3186.46251455105 
3003265, 141, 2.33836080907284e-05, 5730.90565170811 
553, 78, 2.72598408025297e-05, 623.479529611824 
3020843, 249, 2.61944677284158e-05, 14281.9764250475 
2508722, 637, 2.49594409085236e-05, 5121.12348640812 
3057122, 616, 2.47059986164641e-05, 3687.72767933082 
1542737, 604, 2.46627370705601e-05, 15615.6641147947 
1849967, 650, 2.47997420826823e-05, 5911.17917106164 
7, 178, 2.55558395093279e-05, 11880.6332117921 
2892996, 650, 2.47543134391168e-05, 4815.96959700452 
2603276, 502, 2.57327397648028e-05, 20176.8292027435 
337, 203, 2.65590141293955e-05, 33453.9415838526 
53457, 598, 2.47475747376757e-05, 5966.27811300257 
2813577, 266, 2.50708250808534e-05, 7400.12734314958 
36814, 11, 2.26659715768716e-05, 811.080137784061 
2026624, 29, 2.308082906338e-05, 80826.0513979309 
199683, 220, 2.56016385048643e-05, 16193.8631754733 
1325102, 59, 2.68896716771088e-05, 6421.24656880271 
1901, 664, 2.49818881311049e-05, 8371.00380812651 
658062, 159, 2.59443752594438e-05, 10722.7019673532 
1404888, 29, 2.37169149037093e-05, 7490.71714456924 
1642299, 647, 2.47549262303198e-05, 3976.03881427439 
1885, 630, 2.50595163513344e-05, 7355.79349648445 
198107, 181, 2.63650504890717e-05, 8664.74719381838 
2061, 663, 2.51933590305595e-05, 7780.50838169835 
1888, 635, 2.47334965744107e-05, 4944.04094655386 
2742132, 615, 2.46305418719212e-05, 3759.41538973609 
1862145, 218, 2.5851817382762e-05, 5102.07536808426 
248026, 202, 2.56627402674058e-05, 26400.2234737805 
1038928, 656, 2.48009721981102e-05, 5456.84535150143 
292913, 146, 2.33301448801997e-05, 5455.38889208036 
2027405, 182, 2.63574064312072e-05, 57068.1374460111 
2493673, 203, 2.35476958579603e-05, 7502.44033275872 
2054227, 89, 2.30850916478138e-05, 714.777801252957 
434014, 208, 2.54110233019084e-05, 9861.91947624724 
1045776, 626, 2.50118806433056e-05, 7616.80752468962 
33899, 31, 2.3697805583203e-05, 54206.5453424049 
2763006, 678, 2.4976272541086e-05, 8788.50350044438 
3062779, 619, 2.46396451891093e-05, 3674.14205467978 
2705012, 679, 2.5123103205708e-05, 9566.32070561075 
2781962, 11, 2.16769270788173e-05, 9.09954938809216 
1166950, 230, 2.65413912997319e-05, 24059.588001142 
680248, 273, 2.34488580406134e-05, 9104.54946576416 
135719, 245, 2.44941948758144e-05, 16717.2271880239 
76259, 170, 2.63859204728357e-05, 11280.5589290862 
223390, 112, 2.54207127967868e-05, 1746.73465327867 
3075198, 723, 2.55898459491274e-05, 4044.82984931656 
60920, 747, 2.57692109467608e-05, 4912.08161825561 
85012, 693, 2.54265300414452e-05, 4123.83215530958 
125, 161, 2.5652865425068e-05, 32976.9079433857 
66892, 289, 2.46785617334222e-05, 3251.76514074504 
41899, 389, 2.78854465854271e-05, 52644.9227089544 
2829815, 581, 2.62123197903014e-05, 7965.41797633707 
1871049, 144, 2.49016385278151e-05, 13355.940804451 
1893, 754, 2.57658911133442e-05, 4483.83581911019 
2750011, 696, 2.54848492571166e-05, 3245.63915922398 
1882747, 49, 2.60355645812179e-05, 3099.96828629309 
553510, 762, 2.58364552383413e-05, 5527.54482501169 
2884874, 89, 2.44804034370486e-05, 18737.3468118133 
1904616, 752, 2.60708605991084e-05, 4731.68876049141 
415229, 124, 2.40975468697287e-05, 10925.0267046202 
1932, 623, 2.54394667887761e-05, 8948.06690083833 
234, 72, 2.44128704653093e-05, 11866.8976747626 
1851544, 178, 2.76418719075656e-05, 19038.276585435 
1746199, 184, 2.7708506511499e-05, 28672.3439728802 
182639, 6, 2.11246778486628e-05, 10.5241171054851 
907364, 721, 2.58779080299149e-05, 3260.94495526503 
1288636, 702, 2.53832876434156e-05, 3878.91189582981 
37330, 755, 2.63102504735845e-05, 6938.92838400116 
2055889, 773, 2.61745844784714e-05, 5461.17250403305 
47, 721, 2.60695012904403e-05, 6693.89281269185 
39694, 745, 2.60708605991084e-05, 4924.63419440309 
570, 247, 2.78287972393833e-05, 33886.6260436034 
710705, 750, 2.58124467618286e-05, 4976.19342373685 
2789856, 769, 2.6383135899533e-05, 5848.79723502489 
407020, 207, 2.50425723730342e-05, 31006.8155705451 
2995141, 722, 2.58311161625294e-05, 4075.11407054965 
2760308, 771, 2.59268861809697e-05, 5386.20552828742 
104663, 165, 2.59814492452389e-05, 4186.21063745829 
2819979, 735, 2.56200040992007e-05, 3851.48332534372 
285450, 750, 2.59882013565841e-05, 3549.09969090736 
2072936, 266, 2.50639129780941e-05, 22610.9294401314 
1892, 738, 2.57519571487433e-05, 5860.53653312194 
2812896, 54, 2.65787795024452e-05, 327.571103751801 
2909587, 635, 2.564168312008e-05, 18177.6468488295 
1325095, 86, 2.67916945746818e-05, 1806.79620668865 
110322, 236, 2.5025025025025e-05, 13433.2748083478 
110937, 773, 2.62929561170562e-05, 6635.74280358386 
2672569, 693, 2.5631824473266e-05, 4899.31621037716 
665007, 742, 2.57334019557385e-05, 3881.7170275765 
3023370, 727, 2.57406883060053e-05, 2947.63325024469 
2608402, 689, 2.54394667887761e-05, 3463.49225694631 
1325090, 60, 2.67143963882136e-05, 2119.14364598934 
2597701, 198, 2.59841496687021e-05, 10283.044373805 
684552, 715, 2.58926490769271e-05, 2833.19783540078 
1392877, 89, 2.72553829381303e-05, 716.45018487805 
261302, 191, 2.77261762830288e-05, 24670.318946109 
1906274, 615, 2.59841496687021e-05, 7655.33106800028 
1517551, 81, 2.33967384946538e-05, 10152.735585638 
1549949, 96, 2.66318676928813e-05, 3377.4558515379 
1980001, 3, 2.32228698822601e-05, 2590.7456794999 
2985506, 778, 2.64529270163744e-05, 8210.82556030113 
2998080, 778, 2.63338073418655e-05, 5898.1768779792 
2837956, 727, 2.59141206043173e-05, 14562.1504786802 
40137, 15, 2.51641963813886e-05, 29.486576753807 
3016096, 573, 2.63372751455134e-05, 2233.73443064499 
3039384, 714, 2.56561561946789e-05, 4453.82084236731 
2861782, 271, 2.78264741074658e-05, 20357.4752962658 
319706, 746, 2.63907948907421e-05, 4152.93053736191 
3015996, 17, 2.57023157786517e-05, 2743.09797272266 
2219043, 591, 2.70467638547048e-05, 25534.0873957005 
2602070, 308, 2.8000224001792e-05, 59184.5093922796 
2930091, 277, 2.51717975180608e-05, 17128.4225855367 
2571115, 99, 2.42836328314716e-05, 7610.94635415554 
56448, 197, 2.49681655888742e-05, 8899.56578296287 
65741, 70, 2.69519984906881e-05, 2848.98835976903 
767452, 729, 2.56265696273897e-05, 4159.10895108953 
2816956, 752, 2.58351202624848e-05, 4918.73971206934 
388357, 699, 2.56351098464457e-05, 2725.287403314 
2714925, 255, 2.63005628320446e-05, 24860.4376985464 
2818388, 245, 2.80985697827981e-05, 33521.9669386196 
2676871, 711, 2.55780642520974e-05, 5427.01799368187 
2733867, 238, 2.53781341995736e-05, 24558.8749004291 
2759526, 97, 2.26305784375849e-05, 4638.20311459321 
2976824, 101, 2.71665308340125e-05, 6980.17841168379 
2699395, 269, 2.79181440017868e-05, 28029.2958733236 
40567, 505, 2.54809529876417e-05, 11371.0917757263 
3064531, 22, 2.26039783001808e-05, 5186.25778988613 
47853, 606, 2.75474504834578e-05, 3479.43435448091 
1921510, 27, 2.1784593935169e-05, 67.2895874936643 
1061, 580, 2.70482269887209e-05, 20873.271174103 
1390395, 135, 2.34813440721347e-05, 2788.61970391505 
1914471, 220, 2.7833444667112e-05, 12018.5741050946 
43263, 2, 2.25286113363972e-05, 0.0420517627656541 
2033869, 783, 2.63852242744063e-05, 7218.6636018929 
49, 165, 2.77438686050383e-05, 15539.7499607964 
2382165, 769, 2.60314981127164e-05, 4569.32874806737 
2991074, 81, 2.3497896938224e-05, 16313.9226927017 
1176536, 153, 2.34951365067431e-05, 5702.10522864451 
134537, 196, 2.78404187198975e-05, 21200.602791595 
2613773, 206, 2.57778465187018e-05, 17644.7384539756 
133, 237, 2.78512741957945e-05, 18332.6651657116 
323620, 201, 2.54045677412799e-05, 6801.18503211556 
2797167, 714, 2.58899676375405e-05, 10824.0473642368 
2509459, 730, 2.57161960602788e-05, 4429.54436908218 
2480810, 39, 2.32487852509706e-05, 725.695094178747 
3058426, 586, 2.57705391196784e-05, 7129.06439871824 
2821832, 120, 2.69353014060227e-05, 1523.44036882361 
862751, 773, 2.60226917872385e-05, 4715.27813044503 
252970, 192, 2.7972027972028e-05, 21758.4976025474 
1269, 766, 2.62130068940208e-05, 5022.19670988424 
2933290, 747, 2.60233689853488e-05, 3892.53340511658 
2780074, 208, 2.40217156309304e-05, 13049.085210725 
67345, 665, 2.5792473756158e-05, 4221.68747030376 
42197, 336, 2.52966026662619e-05, 2682.16919097048 
28209, 323, 2.75375888087239e-05, 10078.3914031109 
2596916, 779, 2.62508531527275e-05, 5817.39776821345 
1736046, 751, 2.5872551809785e-05, 3451.35353480318 
2761578, 765, 2.6282590412111e-05, 5467.44176722646 
2968083, 739, 2.57214877308504e-05, 3664.4919909258 
39688, 714, 2.57838283828383e-05, 3124.33541481107 
2744474, 581, 2.55734854103266e-05, 8354.29025494756 
445709, 165, 2.75694750771945e-05, 4040.44801012783 
2003551, 720, 2.57698750161062e-05, 3596.42579727015 
392734, 214, 2.76258356815294e-05, 9471.20252733399 
1138587, 760, 2.60193063252934e-05, 5102.44349621087 
2726118, 784, 2.65660698156315e-05, 5383.8320439587 
1797, 738, 2.60844614862926e-05, 4550.92783056857 
1395951, 225, 2.63657456232862e-05, 17070.0252880394 
2759943, 704, 2.57891479265525e-05, 3636.11731400427 
2736875, 180, 2.76885590873851e-05, 22978.58845997 
2714924, 243, 2.61951538965291e-05, 19288.4459420237 
1144307, 220, 2.52882864657091e-05, 29426.5733150064 
146919, 797, 2.68384326355341e-05, 26158.2953177418 
446860, 727, 2.5790478155465e-05, 3501.0644239086 
2025349, 153, 2.36748029072658e-05, 4272.18806419413 
1798193, 24, 2.21970655479346e-05, 1429.60826175746 
85085, 46, 2.2842523642012e-05, 612.831284157332 
1804, 733, 2.60633861551293e-05, 3171.54017336089 
2950605, 83, 2.36529637163537e-05, 13096.2027113236 
37332, 782, 2.63199452545139e-05, 5722.28618893738 
483545, 785, 2.63227165043432e-05, 5834.46999061828 
1442032, 700, 2.56811936618814e-05, 3551.51816498745 
1090615, 765, 2.60790194288695e-05, 4806.2207704113 
2686304, 748, 2.59780745051177e-05, 4684.5000182863 
582680, 667, 2.58091157796934e-05, 12041.7803240776 
204434, 154, 2.7753878604535e-05, 15727.1354100436 
2293571, 784, 2.61533633225233e-05, 5783.70574783511 
340268, 82, 2.69505457485514e-05, 4670.79553335716 
2213200, 713, 2.5991578728492e-05, 4335.09574917769 
2583243, 714, 2.5727443463943e-05, 3111.80021179386 
871203, 244, 2.81666338055939e-05, 55502.9182200685 
3016093, 711, 2.56101621123262e-05, 3507.86013999282 
1532023, 45, 2.2730889005069e-05, 3682.72587578397 
1379903, 691, 2.69186249966352e-05, 17000.4088518321 
2861750, 664, 2.58157786038827e-05, 2893.81051399642 
103855, 219, 2.79353018409364e-05, 14429.128273945 
334852, 461, 2.75330396475771e-05, 13863.5311350825 
2601677, 708, 2.62839720338538e-05, 4991.83472071161 
2035, 785, 2.67265341030575e-05, 10752.2112564813 
2419774, 722, 2.61205725629506e-05, 4883.49030705472 
2810513, 762, 2.62522314396724e-05, 5760.83159029453 
3028710, 754, 2.5929575273557e-05, 4201.20068195814 
475937, 90, 2.71547276380818e-05, 7121.71783923815 
49546, 241, 2.59848248622804e-05, 24357.5291860743 
84595, 733, 2.59659326963025e-05, 3880.31199588925 
2974023, 167, 2.77361735175015e-05, 110514.735710065 
150203, 80, 2.36552017788712e-05, 16467.7445716002 
2734, 758, 2.69941962478067e-05, 19529.9029830676 
2063, 776, 2.6282590412111e-05, 5583.27784542578 
2508882, 720, 2.57102455328448e-05, 3095.42695567238 
3031131, 727, 2.60389542755963e-05, 3462.29228575324 
2758041, 285, 2.78295717028915e-05, 14942.7014010725 
515361, 199, 2.51946285052027e-05, 5908.28257249001 
1555112, 754, 2.72747108880646e-05, 28543.2042183511 
3074430, 649, 2.55643326430964e-05, 5123.23267306438 
2599401, 790, 2.62288202276662e-05, 7097.68001497364 
94624, 151, 2.76105803743995e-05, 4214.70422979632 
1758689, 762, 2.59598660470912e-05, 5265.59855923928 
35621, 779, 2.62301962018676e-05, 6140.34452421561 
1906741, 221, 2.78071297480674e-05, 10958.6959881702 
2499144, 250, 2.42483026188167e-05, 11642.5904428516 
39645, 228, 2.47224900491978e-05, 7410.52476151449 
2609253, 798, 2.65865525217345e-05, 6702.83404513308 
1016987, 240, 2.48960589538676e-05, 23352.5819882199 
117207, 192, 2.46524011438714e-05, 10610.8446722086 
74313, 18, 2.43688468661663e-05, 12603.2369019216 
3038773, 771, 2.7341827527752e-05, 8388.4984479389 
256618, 128, 2.74974564852751e-05, 5913.31042516399 
2059884, 741, 2.59450483875152e-05, 3296.06225963126 
3075197, 744, 2.58558279036095e-05, 4114.32975922599 
76947, 224, 2.54517688979384e-05, 29495.6432364514 
2527979, 60, 2.70255661856116e-05, 6173.81977134662 
2820884, 772, 2.63560170786991e-05, 6571.84307079322 
190721, 198, 2.77446383486391e-05, 108802.669405522 
2911537, 36, 2.62487859936478e-05, 6681.06797794334 
2662397, 749, 2.62715426649853e-05, 4318.45579340633 
285, 243, 2.64312523127346e-05, 16913.9203880904 
2996782, 482, 2.65957446808511e-05, 12422.773866607 
311180, 599, 2.76487502764875e-05, 15628.4034176545 
2714931, 783, 2.63026381546069e-05, 5855.14054380675 
53522, 793, 2.63852242744063e-05, 6663.58223197984 
1812480, 774, 2.63268744734625e-05, 4914.92372688291 
2654547, 768, 2.62618835022848e-05, 5568.79652779013 
2419771, 736, 2.58698745311085e-05, 4605.64606170741 
2589888, 235, 2.48138957816377e-05, 12193.7143732973 
2725414, 176, 2.61581521881294e-05, 9373.54259116096 
2781978, 785, 2.63338073418655e-05, 6024.82229184977 
192843, 210, 2.6516055471588e-05, 15742.2906911303 
2871170, 772, 2.60213374967473e-05, 4824.0524845786 
317, 157, 2.80206231786595e-05, 119495.803361779 
40988, 758, 2.6007125952511e-05, 5324.04974766434 
169427, 204, 2.86303252404947e-05, 54536.691964192 
329, 191, 2.77955360369125e-05, 116461.315506036 
204891, 794, 2.65413912997319e-05, 8227.51249539171 
152500, 258, 2.8405862970117e-05, 13177.1471172329 
1288495, 218, 2.636991719846e-05, 13541.7843664338 
2795974, 76, 2.7142197975192e-05, 3495.35287815088 
2654982, 219, 2.86278663651198e-05, 50431.7571559634 
2857060, 773, 2.62894999737105e-05, 6971.07732863062 
655015, 282, 2.7880781777121e-05, 10747.4187273675 
3068634, 747, 2.63365815117198e-05, 5490.51122333452 
33051, 135, 2.34532576574886e-05, 8498.32920324333 
2008794, 138, 2.75345558676139e-05, 719.438523545639 
2589967, 256, 2.54071495718895e-05, 19442.7886139374 
1385591, 247, 2.83013528046641e-05, 31817.5089867862 
3015149, 732, 2.57938043282004e-05, 4429.38758746304 
2778082, 192, 2.53697643148895e-05, 13072.8816946284 
3039154, 46, 2.65745415891576e-05, 793.972809430668 
2174846, 777, 2.61294452718769e-05, 4795.38813994315 
1460244, 734, 2.60437013308331e-05, 4000.75962487655 
904291, 716, 2.61369576581286e-05, 6121.7748368911 
1404443, 39, 2.63873129799193e-05, 675.176220568937 
758793, 236, 2.85461448431389e-05, 16589.6970371585 
1405, 43, 2.49706594751167e-05, 288.219164212311 
32013, 226, 2.64788434041201e-05, 19528.9303967473 
2944234, 11, 2.66894416568805e-05, 977.937419104575 
2926709, 219, 2.59551495016611e-05, 18677.6473007218 
290, 98, 2.73306184918965e-05, 3684.49179067374 
1572644, 219, 2.53813548567223e-05, 2028.84990115462 
1981880, 187, 2.79595146228261e-05, 3479.08166043526 
2774137, 240, 2.48490420694282e-05, 14162.9414689972 
717785, 123, 2.79181440017868e-05, 3519.7778601954 
2527995, 103, 2.7681660899654e-05, 32758.7443764579 
2853163, 206, 2.63490725126476e-05, 11340.9275286255 
2851650, 33, 2.4077239785231e-05, 932.666745900456 
1169025, 751, 2.62384550797649e-05, 4047.6526146594 
2918765, 54, 2.33247031931519e-05, 8442.48842463465 
3017325, 250, 2.48546005865686e-05, 11196.8668292099 
353, 225, 2.80780569984557e-05, 9402.15446500893 
2203205, 733, 2.58411287405034e-05, 4247.03274815122 
540747, 646, 2.78226030827444e-05, 41931.6328530059 
2607753, 773, 2.62894999737105e-05, 4913.56473151075 
2010829, 7, 2.57367134216961e-05, 65.5315539447242 
2976680, 292, 2.47825332705509e-05, 32545.6547833734 
28894, 710, 2.56976923472272e-05, 3083.45149039388 
1982042, 89, 2.35971494643447e-05, 4362.20757710275 
57975, 315, 2.88958881151212e-05, 67520.2465146098 
2591463, 9, 2.26572412543049e-05, 2313.55438214804 
286727, 512, 2.79869021298033e-05, 40938.4385160895 
2591109, 245, 2.85861300097193e-05, 12822.6325579022 
1894, 783, 2.65118375354596e-05, 5535.78639629827 
28047, 707, 2.61636273252924e-05, 11818.6279269796 
296544, 203, 2.49084614043391e-05, 18030.1800829647 
168695, 759, 2.61615738802846e-05, 4523.91436760488 
2897334, 585, 2.77924460131736e-05, 26378.3454107278 
1826607, 665, 2.76701715550636e-05, 19897.1137522215 
887464, 753, 2.62832812048256e-05, 4538.46141677997 
948107, 164, 2.83929585462805e-05, 3157.71685737087 
1085, 326, 2.77746917009221e-05, 13863.6020625875 
1810, 737, 2.6411705667952e-05, 5755.08709160463 
728066, 31, 2.32201736868992e-05, 8433.63381628048 
33889, 786, 2.64522272775368e-05, 5780.41392601101 
2020377, 744, 2.63338073418655e-05, 21235.9132973743 
80868, 245, 2.66901540021886e-05, 27142.5208885099 
2665642, 797, 2.6637542953038e-05, 5918.55996387752 
2944250, 677, 2.59047224308992e-05, 4748.69548507163 
2742603, 776, 2.62370782389673e-05, 4888.04590714959 
2802975, 305, 2.83390483747556e-05, 33323.7069000468 
2025949, 164, 2.77924460131736e-05, 28343.9229182221 
1690221, 765, 2.62432751607401e-05, 4582.86322068287 
1715989, 6, 2.51528032799255e-05, 7468.93021894405 
1907575, 769, 2.62068242570365e-05, 4806.02154954012 
3050384, 77, 2.47935933354821e-05, 33333.2389474147 
1881061, 267, 2.7466490881125e-05, 3805.72357726341 
2878150, 246, 2.88700271378255e-05, 36854.0753408422 
3016006, 224, 2.80812108618124e-05, 3409.34492082047 
2596911, 79, 2.40292195309496e-05, 5683.01932375107 
2927875, 49, 2.44875970321032e-05, 1458.72372316964 
768507, 256, 2.587723838112e-05, 21759.0264137992 
2897772, 227, 2.87240765209399e-05, 15200.517143838 
2654249, 151, 2.51193167545843e-05, 13074.2218428128 
84159, 227, 2.84575981787137e-05, 7756.89962744559 
2831106, 246, 2.53736266524574e-05, 25585.9268323159 
1274, 776, 2.64480296217932e-05, 5108.40738043349 
187137, 797, 2.7865243681556e-05, 54342.0549856903 
2894310, 814, 2.79955207166853e-05, 49063.7204703638 
1663591, 329, 2.86418055794237e-05, 26908.6170850056 
2502843, 169, 2.39865675221876e-05, 11896.870276506 
2982531, 116, 2.52748641476052e-05, 12730.0072051341 
2762325, 784, 2.66283218831549e-05, 6290.64543234401 
2662261, 763, 2.61828083680256e-05, 5105.56811526455 
3034022, 763, 2.63261813873898e-05, 4130.60341239444 
193, 785, 2.76143926214343e-05, 13496.9397798359 
1484693, 237, 2.72546401024774e-05, 39032.4509762883 
2055, 743, 2.61021638693848e-05, 5283.51826184883 
67296, 733, 2.61383240106644e-05, 7680.84829666311 
1652028, 805, 2.73702649441647e-05, 19039.5228047595 
1795630, 798, 2.69309490466444e-05, 7973.33558994406 
40989, 738, 2.59645843070052e-05, 4484.18291540169 
2759707, 6, 2.46499704200355e-05, 0.328761513847796 
2502779, 88, 2.45742510996977e-05, 1221.19186217662 
3061626, 712, 2.58377903521691e-05, 2827.95532248611 
93221, 214, 2.88475407471513e-05, 53057.4043193531 
220927, 791, 2.65547825163312e-05, 6526.94817182796 
2962047, 744, 2.61513114882711e-05, 5022.17608522885 
1783515, 669, 2.59827993868059e-05, 9570.358427193 
2567881, 785, 2.63914913831781e-05, 4696.59535764762 
2909588, 104, 2.50997715920785e-05, 6286.41471607344 
2527972, 7, 2.50363026388263e-05, 169.577765198825 
3020055, 16, 2.32975327912774e-05, 227.286147897495 
2038343, 772, 2.63504611330698e-05, 5475.45514538311 
2051957, 798, 2.66574254258524e-05, 7052.45878490265 
1458426, 196, 2.76464571065218e-05, 60200.0169720846 
3049069, 46, 2.42983841574535e-05, 17644.7897115404 
33075, 258, 2.86295055684388e-05, 17107.514614259 
1226968, 655, 2.77592715967133e-05, 24557.4959822664 
199596, 187, 2.844221963082e-05, 13024.5168444589 
80860, 752, 2.61499437776209e-05, 4766.80951839236 
2099694, 794, 2.67308206361935e-05, 7173.1867434199 
1078471, 789, 2.63462957108231e-05, 6280.66699172041 
2724914, 733, 2.61062524474612e-05, 6948.27389763919 
51671, 36, 2.30271490086812e-05, 1176.89443218059 
482564, 38, 2.5823111684958e-05, 0.190060561767964 
273251, 242, 2.87447181580385e-05, 20795.9490286188 
2976459, 279, 2.48410174880763e-05, 20604.7734216395 
2831967, 486, 2.72724793410969e-05, 11536.6972922711 
2907154, 79, 2.33650318932685e-05, 3129.19463263554 
2675523, 16, 2.24300742435457e-05, 1805.70231519377 
748280, 263, 2.864426684999e-05, 14071.7772970433 
1325115, 79, 2.73373428102788e-05, 3342.04219486031 
447217, 507, 2.86090290095554e-05, 66960.0541385283 
2567884, 744, 2.61855508130614e-05, 4107.46425186748 
53408, 50, 2.67773463649752e-05, 42.5251018434973 
1969821, 15, 2.65104318549349e-05, 38.9304995605171 
75385, 753, 2.60640654729325e-05, 4160.33841832836 
1355015, 748, 2.63643553915107e-05, 5215.85619645662 
2496847, 237, 2.84478834774693e-05, 4970.95203334959 
2653850, 98, 2.3309479965502e-05, 5558.49824508119 
743009, 686, 2.64200792602378e-05, 5836.46345176067 
2493678, 217, 2.48799542208842e-05, 7387.87692878265 
36805, 66, 2.45929860803699e-05, 6123.46788448772 
2705439, 749, 2.61999580800671e-05, 5493.08767286109 
68249, 671, 2.60824204486176e-05, 4822.01007350449 
121292, 109, 2.44373304660199e-05, 12777.4175806155 
2493679, 186, 2.48348482590771e-05, 11087.556593449 
84292, 60, 2.45984306201264e-05, 15650.2390469837 
44010, 783, 2.81721884155961e-05, 13907.1847560149 
2547601, 130, 2.40749211546332e-05, 6006.67810515352 
2708338, 679, 2.62556777903222e-05, 8111.8411863319 
336203, 141, 2.64103105852525e-05, 26334.1665392453 
3057176, 208, 2.84155489884065e-05, 5298.93654625327 
1798223, 740, 2.62081979243107e-05, 5458.65169792804 
1653478, 789, 2.66120233121324e-05, 8755.54578695304 
2603206, 771, 2.64816482177851e-05, 5851.928190001 
2904523, 755, 2.62660222735869e-05, 5638.13072583706 
3064901, 588, 2.60105082453311e-05, 19597.2341328882 
2742145, 135, 2.82278552475583e-05, 2335.43078548602 
3015156, 712, 2.61294452718769e-05, 18128.8351326765 
3049073, 52, 2.45778749969278e-05, 13582.2701051394 
2024551, 290, 2.87348064710784e-05, 26671.6376814916 
234612, 798, 2.65223848928496e-05, 6172.81322622485 
391905, 350, 2.88475407471513e-05, 35477.243788916 
2763257, 32, 2.3664718271529e-05, 864.334702685731 
185642, 821, 2.80591486854289e-05, 20960.8274793312 
322009, 786, 2.63261813873898e-05, 5238.94361672682 
2662065, 686, 2.64263629396686e-05, 24355.1894548903 
2880218, 236, 2.84535495803101e-05, 5878.14238698524 
1891644, 766, 2.636991719846e-05, 5166.91425091601 
3016090, 735, 2.6054558244965e-05, 4464.44545042218 
447588, 228, 2.85257873117298e-05, 6743.78150146448 
1033854, 258, 2.87397614599799e-05, 38906.9095932869 
47421, 221, 2.73291246481375e-05, 57728.4658160886 
3016092, 761, 2.61903514745168e-05, 4480.55148441266 
1617967, 350, 2.88783643294444e-05, 46984.1511464051 
1648182, 762, 2.6203390718759e-05, 6217.55627751346 
57493, 776, 2.63824398480371e-05, 5214.39281736155 
1793, 756, 2.64158918005072e-05, 7997.14141621804 
2929795, 811, 2.75398639530721e-05, 11618.6879219364 
2056258, 1, 2.17807980484405e-05, 0 
2752316, 226, 2.71879503004268e-05, 27457.2166795896 
47671, 117, 2.77507978354378e-05, 902.896944298187 
1288494, 20, 2.36350744504845e-05, 833.583905403896 
664962, 780, 2.74906531779195e-05, 11246.0720879696 
2588711, 779, 2.79595146228261e-05, 15319.7460262411 
47312, 795, 2.67737617135207e-05, 6898.73404493453 
1138189, 196, 2.62667121956345e-05, 13935.9873577512 
2729175, 763, 2.61506276150628e-05, 5261.69309378738 
1267766, 192, 2.53254317986122e-05, 17011.0211224004 
1276, 794, 2.6567481402763e-05, 6536.03013190122 
2763107, 193, 2.82127239384963e-05, 5227.74056456187 
1071679, 235, 2.88800323456362e-05, 23197.6813946098 
3028316, 207, 2.56897703334532e-05, 18629.5184206632 
2829500, 133, 2.38333571666905e-05, 11071.4265230718 
1639348, 333, 2.86524741411421e-05, 10296.5449822686 
2831000, 25, 2.18703525500831e-05, 1578.46252898045 
2565558, 227, 2.70350644786288e-05, 30117.5569257571 
2963431, 721, 2.62694722463026e-05, 24254.7360314107 
1906742, 80, 2.45712320015726e-05, 2280.2498716548 
148447, 155, 2.84729933657925e-05, 28950.6351914162 
3033808, 747, 2.64683306423864e-05, 5370.88974366813 
147645, 779, 2.79978721617157e-05, 13532.5492792653 
1903186, 809, 2.78551532033426e-05, 16668.4301493995 
2851648, 20, 2.255299954894e-05, 2296.44200164124 
43348, 767, 2.68578948781994e-05, 6791.35503898903 
2736649, 294, 2.64830508474576e-05, 1272.22770008515 
134, 307, 2.90040025523522e-05, 19997.050303044 
420953, 226, 2.86409852498926e-05, 16265.5096980836 
3031712, 221, 2.84640783331436e-05, 8950.485127984 
2782167, 54, 2.47322731432246e-05, 13057.8746255791 
2594265, 736, 2.63907948907421e-05, 7010.2200825839 
2268461, 80, 2.52175009456563e-05, 12711.6730390191 
1312183, 212, 2.5438172521686e-05, 8572.66360109216 
2575923, 802, 2.67329644184244e-05, 7605.45822060591 
1270, 804, 2.73680177344755e-05, 12337.1633390989 
2996261, 48, 2.27691887338054e-05, 17872.37411322 
340345, 785, 2.6414496275556e-05, 5704.25355310736 
3039801, 147, 2.80591486854289e-05, 5341.97490741134 
2995166, 208, 2.82047666055563e-05, 6082.68348228774 
351604, 280, 2.86804141451803e-05, 10133.1247351361 
482957, 202, 2.86771242579794e-05, 5287.67744049723 
1042, 29, 2.24185087207999e-05, 2412.10617515407 
912630, 30, 2.26055112236363e-05, 1572.66347984311 
3049774, 249, 2.4910322837784e-05, 21823.9061508802 
93681, 115, 2.70988022329413e-05, 2807.19181079068 
2541726, 141, 2.54790052996331e-05, 6240.86071494221 
34007, 521, 2.75428980637343e-05, 5651.31773652243 
123899, 209, 2.92337825591253e-05, 18690.7666769704 
1285901, 758, 2.64347458299188e-05, 7408.84559631541 
120962, 247, 2.81309778327895e-05, 3746.64274037692 
2934161, 745, 2.63469898564089e-05, 6615.48358847232 
3002640, 775, 2.65153523890332e-05, 5668.76757701601 
2493671, 195, 2.51914550584442e-05, 6274.0797187769 
132473, 811, 2.67486960010699e-05, 7324.5836089023 
980254, 29, 2.68240343347639e-05, 143.414654609815 
2546351, 769, 2.84640783331436e-05, 44038.5203123436 
53437, 788, 2.78179592745076e-05, 22819.2558215048 
2599293, 791, 2.67572846707516e-05, 6346.53196536145 
66374, 765, 2.68824430764268e-05, 7854.96150178408 
2919322, 741, 2.6492171563303e-05, 5912.47959218485 
521689, 296, 2.91545189504373e-05, 35736.1288352554 
1250539, 626, 2.81523605754343e-05, 10318.4807628601 
1740163, 281, 2.92466073935424e-05, 31041.8242337103 
2760083, 799, 2.79908190113643e-05, 14934.170220901 
1644061, 782, 2.83519038303422e-05, 14689.035729465 
2935861, 789, 2.6578073089701e-05, 7080.81017007471 
60894, 785, 2.66581360631265e-05, 6914.92423632096 
1431246, 695, 2.68297918008156e-05, 4565.50107378396 
3051137, 223, 2.6840593713933e-05, 20157.2375415717 
2895818, 764, 2.66389621460348e-05, 6722.63765446613 
2083786, 251, 2.57499678125402e-05, 25677.2538783602 
2952477, 171, 2.6083781104909e-05, 5481.86562028325 
134623, 209, 2.7526218723334e-05, 42287.9555507046 
2527982, 171, 2.82597637483751e-05, 1808.4440502023 
2071627, 591, 2.65837254432836e-05, 4927.97258369859 
2878153, 246, 2.94334069168506e-05, 59884.8181037438 
2994664, 796, 2.78450700303511e-05, 14358.8126801222 
1579979, 256, 2.89661964487443e-05, 11476.3569583909 
3069708, 815, 2.79080151819603e-05, 18269.7679338891 
2812648, 107, 2.79501369556711e-05, 19120.6389764993 
924, 176, 2.89494253539067e-05, 22735.2760692402 
2898276, 751, 2.65062157075834e-05, 5622.97146985855 
357808, 520, 2.82294489611563e-05, 21754.7884226624 
2934158, 745, 2.63574064312072e-05, 5958.39229395121 
1634516, 57, 2.24406444953099e-05, 2538.17931971781 
1763535, 206, 2.73097195291804e-05, 29208.1048628393 
2500546, 332, 2.56147540983607e-05, 26329.1325083526 
2420509, 792, 2.78714568410491e-05, 12156.8355963601 
47850, 245, 2.57228109887849e-05, 3852.38824933799 
47880, 66, 2.66673777967412e-05, 2284.43604856315 
69665, 133, 2.85755107872553e-05, 4237.39591039441 
2201999, 712, 2.60817401737044e-05, 3324.56307920339 
2614639, 282, 2.60294653547816e-05, 6920.85719870578 
56454, 159, 2.54200666005745e-05, 18537.4388218706 
1208324, 791, 2.85714285714286e-05, 32421.0233843664 
1936029, 506, 2.74891417889933e-05, 2325.83471163041 
133453, 689, 2.84600278908273e-05, 35162.9606460712 
2282397, 220, 2.52416891738395e-05, 16956.3825979979 
1268041, 756, 2.68838884856306e-05, 6856.21909489649 
207340, 606, 2.844221963082e-05, 12093.7038136629 
2108470, 640, 2.66616898179007e-05, 4735.09804096113 
2600304, 726, 2.6725105564167e-05, 5975.24089108751 
60548, 199, 2.93358366580615e-05, 24168.5924201679 
367477, 77, 2.4995625765491e-05, 22793.6689832332 
227605, 333, 2.89687137891078e-05, 15243.1716462722 
157592, 230, 2.95884250081368e-05, 16281.4439429145 
2511995, 206, 2.67351085445407e-05, 46419.1644844961 
1069, 297, 2.90630086026505e-05, 18128.6329538018 
3032592, 148, 2.4358162420227e-05, 11610.3602984249 
444597, 783, 2.77963086502113e-05, 10000.4936441506 
1829, 809, 2.85437004053205e-05, 28981.7529600603 
2966192, 759, 2.66098988823842e-05, 6495.69548665233 
1760988, 293, 2.92431863375833e-05, 35475.8015182172 
95485, 169, 2.84608378870674e-05, 3010.14003726005 
2931399, 44, 2.374394529395e-05, 2622.71737409494 
1920, 777, 2.72643001254158e-05, 8901.84768080326 
3016089, 738, 2.63796560092856e-05, 11003.893856308 
556288, 814, 2.82941459412048e-05, 19792.7947655949 
2897774, 770, 2.66823202945728e-05, 6460.42397131917 
247333, 764, 2.65041081367612e-05, 6492.9423558513 
2875706, 764, 2.68716074595582e-05, 6993.20691671009 
2943192, 32, 2.69403809369864e-05, 3564.17132180881 
2614638, 279, 2.58277803605558e-05, 2209.74130894495 
68232, 568, 2.58892973644695e-05, 3892.98378394531 
75294, 791, 2.66524520255864e-05, 8733.26965948298 
228899, 14, 2.50156347717323e-05, 6565.83915962612 
3003272, 84, 2.50501002004008e-05, 25101.6115403083 
126, 67, 2.75671950379049e-05, 14526.5840285006 
67305, 527, 2.59902276743944e-05, 29496.9345600936 
2341112, 2, 2.45766669124333e-05, 0.270645840412295 
96773, 239, 2.87678720405052e-05, 8345.44809238164 
682798, 134, 2.85298564948218e-05, 5743.41931981095 
2905871, 766, 2.6623359335481e-05, 5921.86295572714 
1912, 762, 2.69157268592038e-05, 9077.76277905424 
2760307, 662, 2.7643400138217e-05, 5042.20902723712 
2734618, 62, 2.49507223234113e-05, 1019.86724954226 
2981137, 204, 2.89084181313599e-05, 5693.15422194742 
2615214, 321, 2.91214071463933e-05, 51221.9194556426 
284035, 743, 2.6914278024492e-05, 5631.07392704366 
1459637, 31, 2.4633575563493e-05, 5030.46628455562 
1495650, 662, 2.84082838555723e-05, 24020.9196917125 
186931, 264, 2.94568163072935e-05, 30770.6897192161 
2691357, 107, 2.75580786507565e-05, 54790.5069225089 
332249, 741, 2.85648994515539e-05, 47005.9005262857 
2715678, 177, 2.88300755347979e-05, 4460.45698377562 
1446794, 770, 2.75945804244046e-05, 8234.90697234224 
53335, 131, 3.06720240468669e-05, 11180.2476870498 
615, 222, 2.94750493707077e-05, 21837.2197034034 
2211108, 270, 2.95998105612124e-05, 23673.1708870236 
2999062, 814, 2.80057131654858e-05, 15422.6856839536 
436397, 800, 2.79360822438261e-05, 11023.0332547021 
242606, 77, 2.82717480421814e-05, 15575.7386385791 
281472, 744, 2.64270613107822e-05, 9871.0505896674 
420952, 164, 2.90469689487902e-05, 13449.3216049294 
1804624, 117, 2.49239818553412e-05, 11275.382891264 
2968086, 554, 2.62632629477886e-05, 72278.1296275918 
2807096, 197, 2.80135585623442e-05, 1492.17226968911 
1331682, 801, 2.82031756775813e-05, 17144.4410383569 
2774190, 7, 2.21562458457039e-05, 8199.99705320603 
311230, 259, 2.93815190245336e-05, 58233.1565441184 
1312364, 6, 2.16891510866265e-05, 0.75 
1792508, 472, 2.88209355275672e-05, 22403.792803979 
2419844, 321, 2.91834471487772e-05, 12894.0975350387 
337004, 752, 2.74793218103377e-05, 6923.54656446262 
108010, 331, 2.93815190245336e-05, 38539.2583263729 
2830996, 30, 2.3530519083251e-05, 2114.206148099 
321662, 119, 2.60294653547816e-05, 3798.43449220161 
2675524, 788, 2.82190930383497e-05, 10579.1904921363 
2925844, 32, 2.50118806433056e-05, 3483.53192297364 
35554, 251, 2.9129890180314e-05, 12493.4804140322 
2721246, 760, 2.7142197975192e-05, 6204.99804228504 
1223565, 172, 2.6414496275556e-05, 13216.1547147402 
33996, 415, 2.86385245432155e-05, 12699.7361920573 
662, 146, 2.83149757906957e-05, 74171.2507373867 
1207504, 446, 2.92201151272536e-05, 39742.2594425161 
2498452, 273, 2.84713720354184e-05, 7405.45052832564 
22, 239, 2.95359896033317e-05, 43099.1304536774 
2744516, 194, 2.53119700306275e-05, 11268.4591067861 
200252, 828, 2.85820447594821e-05, 30871.9786669636 
2014, 810, 2.82453960004519e-05, 15339.8948869997 
2493681, 182, 2.55421317463155e-05, 12331.0534887697 
2589080, 132, 2.87331551877712e-05, 45133.4997595739 
2909673, 84, 2.3606062036731e-05, 9247.58976751978 
1458425, 189, 2.77746917009221e-05, 50897.392870415 
1962974, 302, 2.92637246868781e-05, 35571.3780212422 
545619, 725, 2.68312315535283e-05, 4747.15750112621 
2901164, 216, 2.94698376211947e-05, 18790.6452076941 
1592106, 268, 2.93246532359755e-05, 18378.9361230806 
3049071, 38, 2.44188318030865e-05, 795.755634454647 
1259258, 759, 2.69752636832025e-05, 6560.86858306552 
414996, 764, 2.69658073562722e-05, 6693.51590354494 
2877940, 149, 2.65724231392661e-05, 11316.306417537 
2663859, 411, 2.59255418438245e-05, 31609.7432964803 
59732, 165, 2.82214821922447e-05, 22475.6268077991 
875808, 763, 2.691138082295e-05, 5790.78552665437 
333966, 719, 2.6655293741337e-05, 13109.7421236651 
2875948, 38, 2.43718164314786e-05, 4525.57326643227 
85968, 747, 2.6916451335056e-05, 6309.88542805148 
1763524, 75, 2.89326736683737e-05, 14251.8578073502 
536, 181, 2.94464075382803e-05, 9005.25064965183 
347, 138, 2.53813548567223e-05, 14444.2125587943 
1332264, 794, 2.80025762370138e-05, 12085.1829741836 
1735038, 236, 2.91010680091959e-05, 13074.7526831346 
35806, 779, 2.80693875259642e-05, 13713.5813238746 
59405, 168, 2.91010680091959e-05, 4472.36691608739 
120959, 799, 2.81017282562878e-05, 9029.89628923503 
2560053, 790, 2.81872762634947e-05, 12622.2116558059 
2527978, 95, 2.85485896996688e-05, 18381.446801884 
1005039, 277, 2.91681250729203e-05, 21944.9539350644 
152682, 32, 2.21097083729466e-05, 1532.47459309907 
1534349, 752, 2.72101439416615e-05, 5150.8589337707 
1935379, 737, 2.79415462851714e-05, 7388.471873621 
2963406, 758, 2.69179004037685e-05, 6426.17996289117 
2782166, 38, 2.40517593861991e-05, 6642.92315098862 
543877, 112, 2.40055692920758e-05, 7197.48586011168 
56464, 81, 2.36989288084179e-05, 2793.75145794206 
2865837, 158, 2.4738391509784e-05, 12302.3398016858 
1404367, 21, 2.65830187676113e-05, 2637.41312812542 
363952, 216, 2.71598902740433e-05, 23445.4199677937 
3040935, 202, 2.84754257076143e-05, 1913.07739298642 
2879618, 59, 2.32763837810158e-05, 1621.01763877668 
319707, 736, 2.77963086502113e-05, 7880.90329212902 
2660554, 803, 2.86960514233242e-05, 35663.1541776888 
191494, 712, 2.67794976166247e-05, 10275.5466321336 
1874630, 767, 2.76204944068499e-05, 6161.74224130457 
2483404, 198, 2.54569522936714e-05, 13583.2048783617 
2780091, 23, 2.70892591087634e-05, 1287.18542191309 
692036, 174, 2.93703007518797e-05, 43178.6153416791 
1389713, 752, 2.80434112005384e-05, 9710.58970178492 
2183911, 161, 2.89050757312984e-05, 4011.52885510913 
39687, 699, 2.72717355732519e-05, 4959.56093919364 
1508451, 615, 2.86524741411421e-05, 15388.1595566666 
1575, 733, 2.69005218701243e-05, 5198.49491789075 
2830992, 71, 2.40338396462219e-05, 8563.01249621598 
556499, 798, 2.80245495053667e-05, 11474.3767039686 
79328, 187, 2.68940107038163e-05, 25387.9524293682 
661481, 234, 2.63199452545139e-05, 26570.512439856 
405212, 674, 2.87662169548083e-05, 45392.383398881 
2963432, 26, 2.24260500997959e-05, 3447.67598893634 
1234, 2, 2.1084591380619e-05, 1.63808602652896 
379895, 213, 2.76510438269045e-05, 43705.943633373 
134536, 153, 2.89771080846132e-05, 6939.46294116974 
2691354, 23, 2.66652445202923e-05, 1172.25239411673 
39122, 793, 2.80772686433064e-05, 10034.2337411617 
1034015, 26, 2.44379276637341e-05, 5547.52510467943 
1682490, 253, 2.94898260100265e-05, 13714.2813098004 
644, 48, 2.82159081290031e-05, 482.553170693805 
3068889, 283, 2.94091697791371e-05, 28871.6643145216 
43669, 800, 2.83631619252914e-05, 15919.8956191363 
645517, 137, 2.47561519037481e-05, 22019.0359524807 
3016419, 729, 2.67658788576323e-05, 6092.79554969615 
2857059, 741, 2.80261203441608e-05, 6847.48775613572 
1335048, 290, 2.79392042914618e-05, 2068.79736698503 
2014534, 73, 2.54588966114209e-05, 14691.3518179385 
2203210, 793, 2.79087940610086e-05, 12404.5913415182 
244734, 28, 2.71606279537183e-05, 590.168102792971 
410837, 33, 2.2802417056208e-05, 8685.79561677181 
2806346, 217, 2.65322366675511e-05, 21735.0604709385 
312306, 18, 2.74725274725275e-05, 13.8668341583274 
1571470, 187, 2.56088504187047e-05, 6306.24322097697 
2665643, 788, 2.81064672981253e-05, 11229.4172372177 
1850250, 721, 2.84470742184166e-05, 14044.6830000494 
3049072, 66, 2.53106887038396e-05, 4877.77520015852 
99653, 767, 2.70899929566018e-05, 6127.02973291697 
73141, 246, 2.94993952623971e-05, 17845.1208031891 
280, 357, 2.93789294318115e-05, 16709.0911345458 
940614, 305, 3.0016509079994e-05, 103662.571265629 
2971235, 99, 2.5379422364347e-05, 8613.06690115936 
2740807, 218, 2.91553689611942e-05, 8295.99582212619 
3027808, 769, 2.81777452168277e-05, 9285.01620682984 
3003271, 137, 2.56976923472272e-05, 28693.6942865015 
311231, 169, 2.93057468569587e-05, 8896.93283259848 
128, 100, 2.89326736683737e-05, 4652.60920841389 
111015, 814, 2.82095404665858e-05, 14238.0908611316 
2593973, 691, 2.67501270631035e-05, 4444.62442665046 
1108595, 205, 2.95150674419291e-05, 11043.8328693657 
2932245, 779, 2.81960187221564e-05, 10459.3962955396 
2582831, 776, 2.75050196660891e-05, 6532.25889555201 
2918299, 195, 2.72881078426022e-05, 24992.2059243036 
1748, 815, 2.83101661806755e-05, 12240.1480873915 
1784719, 750, 2.81246484418945e-05, 15032.3186510925 
2078786, 87, 2.70189943530302e-05, 713.104274630899 
379684, 10, 2.59531286496587e-05, 215.154602420335 
2039870, 713, 2.67315351920661e-05, 6995.55043798894 
53635, 818, 2.84754257076143e-05, 16658.4625856948 
1930058, 804, 2.83519038303422e-05, 12644.6309798855 
2857058, 807, 2.83575317604356e-05, 12600.4906910846 
1404768, 139, 2.90959876633012e-05, 15957.4313737692 
309887, 795, 2.89092538521581e-05, 41916.8937342575 
2048898, 33, 2.44086992604164e-05, 4989.72593730761 
488446, 101, 2.82190930383497e-05, 770.939232064883 
73919, 741, 2.88159525113103e-05, 33149.7376642873 
1136941, 783, 2.78924467254268e-05, 9623.66019031057 
293958, 170, 2.70065896078643e-05, 21143.6874566418 
1069221, 749, 2.72064424855806e-05, 7986.33535716616 
31957, 683, 2.65470280602087e-05, 7475.78660118589 
1004901, 813, 2.84470742184166e-05, 17313.0738927446 
36821, 778, 2.81404772624944e-05, 8420.03204568248 
273678, 7, 2.24754455757085e-05, 25.2335730385666 
2823043, 789, 2.83655755375277e-05, 14893.3139588101 
3064529, 766, 2.81984039703353e-05, 7840.27168915644 
656178, 184, 2.96445617051552e-05, 20258.6695260825 
926, 117, 2.87877479344791e-05, 37318.0950136893 
191493, 816, 2.85600045696007e-05, 15042.5946760705 
2897342, 376, 2.87488500459982e-05, 14767.205066548 
293089, 61, 2.77015983822267e-05, 815.106162210719 
2811104, 779, 2.80064975074217e-05, 8483.76547641537 
37923, 804, 2.83197870352015e-05, 13857.0088293899 
2059672, 229, 2.95648060548723e-05, 16208.1293251245 
2592654, 701, 2.73485573635991e-05, 15336.5562053381 
3047875, 83, 2.6536461097548e-05, 2291.49465630718 
1775, 748, 2.83197870352015e-05, 9417.56445233099 
2884455, 199, 2.76227832716424e-05, 34679.5063350557 
569860, 180, 2.92560194259969e-05, 21025.3489625023 
2083284, 644, 2.65583087668977e-05, 11953.8504681571 
2211140, 311, 2.96551110583909e-05, 30654.6607592219 
2806210, 97, 2.83695991375642e-05, 58639.6060887862 
1077935, 675, 2.86237691779253e-05, 12328.6562569596 
3047478, 8, 2.57433389110568e-05, 24.8857737704689 
536018, 153, 2.50676827434072e-05, 9379.4505067208 
1852, 570, 2.68348316114316e-05, 26541.7903666861 
3049047, 756, 2.82111321127317e-05, 11307.0732758797 
381, 226, 2.53536838902693e-05, 16488.3394705389 
2770322, 148, 2.54679740226665e-05, 19299.5526303389 
1972068, 188, 2.9322933466264e-05, 10863.8723110903 
2943498, 761, 2.71186440677966e-05, 5742.51435039067 
376489, 376, 2.97707651086633e-05, 53857.1183008942 
1545728, 784, 2.82214821922447e-05, 10343.2466776426 
1230998, 786, 2.82111321127317e-05, 9705.89101650959 
2597660, 781, 2.78800044608007e-05, 7470.27631720578 
47960, 222, 2.96112048799266e-05, 11250.3027341831 
1522758, 749, 2.78528256691641e-05, 6323.31332346507 
2609257, 766, 2.80064975074217e-05, 9254.45682937579 
2320867, 74, 2.68024658268561e-05, 9486.61012702512 
1678028, 163, 2.72910867310736e-05, 17394.4761739635 
1793722, 764, 2.79649878352303e-05, 7444.54067679111 
1961362, 29, 2.1933191498695e-05, 219.425832214055 
2987701, 53, 2.32358203406371e-05, 4104.26858429913 
3025315, 65, 2.29568411386593e-05, 4858.74677692441 
1940612, 173, 2.92457520545141e-05, 217774.884105996 
280333, 36, 2.77731489196245e-05, 446.693353327173 
1712261, 94, 2.89972742562199e-05, 5277.87043090549 
93219, 194, 2.97601333253973e-05, 57049.8005974007 
188770, 800, 2.82453960004519e-05, 10731.4421152587 
126673, 759, 2.83278094104983e-05, 9610.82934878632 
2742602, 780, 2.81499831100101e-05, 10210.0326753023 
502394, 786, 2.8825089357777e-05, 29233.7185736784 
2872646, 141, 2.52608179452851e-05, 12689.5773796304 
1040979, 213, 2.75398639530721e-05, 37714.100021423 
2995145, 778, 2.81872762634947e-05, 8543.43082628522 
1437453, 695, 2.76288887660938e-05, 8149.68129464669 
2798724, 50, 2.33584826329682e-05, 420.12729479324 
479978, 550, 2.62701623496033e-05, 6257.47356363714 
2744515, 158, 2.52882864657091e-05, 8198.38614716325 
475662, 590, 2.91579192908794e-05, 23964.8187863443 
1660, 823, 2.86598647254385e-05, 18681.265986428 
300, 127, 2.8802672888044e-05, 24164.9000223119 
1943633, 675, 2.87331551877712e-05, 16135.6672403596 
1804990, 778, 2.81246484418945e-05, 7952.18065414754 
300028, 769, 2.78001723610686e-05, 8038.41442887237 
1855416, 87, 2.40563881738796e-05, 4469.38553480342 
1938605, 8, 2.19130053686863e-05, 6739.63656224967 
346, 97, 2.55349573566212e-05, 12492.3208203336 
106591, 209, 2.56009830777502e-05, 26660.6602289074 
2962065, 81, 2.87389355098287e-05, 9436.66383131456 
3015997, 1, 2.05296653664545e-05, 0 
925818, 693, 2.90993743634512e-05, 26261.6406561264 
270, 592, 2.89871876630529e-05, 22908.6130825265 
3055080, 152, 2.60437013308331e-05, 59772.181430723 
2054, 787, 2.83109676688749e-05, 11046.0628749518 
2605946, 658, 2.91638717956196e-05, 23601.8607650844 
3073562, 757, 2.80198380453361e-05, 8547.7219397288 
2873270, 748, 2.81769512538743e-05, 7050.13744433454 
1273155, 201, 2.99526747738573e-05, 23358.2282666115 
1767, 779, 2.82190930383497e-05, 8844.01800168747 
75309, 117, 2.52812539501959e-05, 6159.91059070947 
2782568, 47, 2.2650569661827e-05, 1082.91383627487 
2885079, 278, 2.8855864954552e-05, 4794.41066753366 
2982692, 547, 2.94221489937625e-05, 46468.8474741728 
3015163, 704, 2.67737617135207e-05, 6933.68856207153 
317577, 785, 2.8883368956155e-05, 21028.6849571188 
1749, 797, 2.8185687307985e-05, 10547.5481746459 
506591, 1, 2.11832990869998e-05, 0 
1777866, 197, 2.5555186425085e-05, 18513.0335448332 
1053, 345, 2.98489642409408e-05, 65000.6188781534 
347534, 300, 3.05362159521192e-05, 22542.4268342155 
2822760, 185, 2.84965234241423e-05, 45208.6168075841 
2984530, 54, 2.50941028858218e-05, 3184.76198456993 
446683, 180, 2.80685996575631e-05, 46204.1749831438 
2023229, 99, 2.3719727697526e-05, 3762.02308067963 
394964, 775, 2.95263965985591e-05, 21184.2549214201 
2991728, 717, 2.89234685023428e-05, 14750.935771606 
1461694, 309, 2.88583631536419e-05, 2779.80172656906 
1870985, 786, 2.96375329717554e-05, 34458.2957803999 
34003, 83, 2.85290425653315e-05, 319.439335177829 
531813, 169, 2.66595574513463e-05, 20973.7326823462 
2860258, 233, 3.09013936528537e-05, 30451.5931580684 
3045175, 94, 2.70284880263798e-05, 5817.69803894324 
186802, 298, 3.11167812801444e-05, 59581.7026816875 
2744517, 127, 2.55369136086213e-05, 14098.4864934118 
1075, 78, 2.75846849828975e-05, 124.891231809803 
2651583, 263, 3.0235230090101e-05, 13164.5729595056 
1176587, 174, 2.83470816679423e-05, 42216.3541264964 
249058, 677, 2.8534741047225e-05, 9500.21457715044 
3021811, 5, 2.64131008980454e-05, 5.14385994396776 
2847045, 284, 3.14901121047991e-05, 57689.7143255699 
2737050, 754, 2.9915041282757e-05, 47278.0899319445 
2919917, 125, 2.61793811194303e-05, 13677.3457304354 
1073531, 605, 2.83486888731396e-05, 8548.48332766381 
1897729, 730, 2.97176820208024e-05, 28358.2674843512 
200644, 200, 2.79267202859696e-05, 100567.698840153 
2975482, 138, 2.8682882055989e-05, 30952.8410485593 
1827195, 203, 3.13952028130102e-05, 80203.8387560197 
2175650, 671, 2.90267336216656e-05, 10969.7786129153 
1478, 162, 2.64676300884019e-05, 20676.6581815543 
2596912, 633, 2.83229954399977e-05, 10021.5832706814 
1081866, 332, 3.01023479831427e-05, 9545.58528648625 
404941, 142, 2.78295717028915e-05, 632.242767697544 
2021, 648, 2.81333520889014e-05, 8885.68890035529 
2847989, 502, 3.06936771025169e-05, 43820.8516137851 
2735528, 136, 2.7360529699855e-05, 14544.6216387181 
190323, 458, 2.77046682365979e-05, 7251.24525243125 
2897773, 643, 2.83736238792419e-05, 10466.7709836667 
2811424, 705, 2.93109007239792e-05, 15823.8404590557 
2856823, 558, 2.9495914815798e-05, 12874.3766042448 
3041435, 157, 3.08508669093602e-05, 16490.1049521504 
35798, 16, 2.29636943991549e-05, 3528.88850428011 
69823, 478, 3.10568651200348e-05, 68328.1317741953 
2060, 688, 2.85428856857428e-05, 12797.854549618 
1897061, 635, 2.79923860709887e-05, 9936.04218073183 
1548547, 4, 2.45869394177813e-05, 15.8611319162575 
1789, 704, 2.8666437335168e-05, 10560.9259279238 
1325114, 15, 2.76395798783858e-05, 99.4457903846695 
2855503, 496, 2.83165793572137e-05, 4804.62108173929 
55080, 240, 3.05185094759972e-05, 9926.22617390368 
3034026, 787, 2.9618221129639e-05, 27575.9185702489 
88138, 473, 2.76969948760559e-05, 17835.1891608028 
139021, 726, 2.87686996547756e-05, 11459.9022502176 
2175655, 718, 2.86779466590192e-05, 12791.7653034972 
2603292, 613, 2.79806373989199e-05, 9024.2549770883 
390988, 601, 2.78388686283789e-05, 6398.60164530371 
168471, 102, 2.98489642409408e-05, 1888.88424118917 
1041, 54, 2.37676474782526e-05, 2378.88265241088 
119, 52, 2.89603243556328e-05, 12421.2828328328 
237609, 19, 2.77092742941062e-05, 548.23729094329 
199591, 692, 2.88541997287705e-05, 11588.9439381725 
2735434, 166, 3.09789343246592e-05, 33750.7966860997 
522259, 82, 2.75360722546536e-05, 19139.506233148 
2795488, 694, 2.8855864954552e-05, 12143.0299332747 
2004, 499, 2.77978540056708e-05, 7821.15221734037 
67308, 32, 2.6281208935611e-05, 4318.40913477962 
1225769, 62, 2.92611558156547e-05, 868.5059458683 
2789739, 613, 2.81293952180028e-05, 8521.07653002227 
81479, 190, 2.85168391935438e-05, 54793.6946358113 
1694, 748, 2.98962599778768e-05, 28962.2598037103 
79329, 172, 2.8191249436175e-05, 28346.0719903804 
2017485, 693, 2.87100571330137e-05, 12388.840288488 
225326, 759, 2.91740817457771e-05, 23332.6311431324 
930166, 96, 2.78094496509914e-05, 18146.6987437735 
2587852, 666, 2.9440339152707e-05, 17272.1024883564 
2821543, 236, 3.1204168876962e-05, 43629.6764999627 
1399, 5, 2.20366248705348e-05, 2248.08455744137 
293088, 2, 2.52882864657091e-05, 0.265438346765848 
2731096, 154, 2.80489173117918e-05, 34547.462513082 
1094342, 82, 2.84082838555723e-05, 17263.9629418415 
63, 162, 2.84778584650434e-05, 61513.2384975394 
2991729, 663, 2.88425485275879e-05, 11142.5542280065 
712270, 620, 2.8589399050832e-05, 9177.56512869205 
2771012, 121, 3.01595439876949e-05, 4400.44379209138 
2594795, 164, 3.04339886785562e-05, 30643.1008704137 
84112, 686, 2.96876855480347e-05, 25815.9809324404 
3016094, 554, 2.78559291345163e-05, 7271.20938282329 
2731112, 177, 2.77677505345292e-05, 49708.5603164533 
2674997, 67, 3.01250188281368e-05, 7203.36999170872 
400061, 73, 2.97627905592428e-05, 1578.79905691656 
507, 5, 2.57334019557385e-05, 36.6213605699807 
857417, 602, 2.79376431804213e-05, 7136.38934348349 
129337, 307, 3.14980471210785e-05, 57981.7226673045 
2792015, 111, 2.73950086294277e-05, 16222.9331750953 
1705399, 370, 2.98783949326242e-05, 8935.25684588034 
2051959, 353, 3.16796553253501e-05, 71809.5299582834 
2821406, 141, 3.03370445651185e-05, 14775.5320768446 
59930, 705, 2.97309350379069e-05, 19976.8383084872 
169176, 207, 2.68240343347639e-05, 55438.2141843827 
62140, 742, 2.99868058054456e-05, 31121.99577293 
240521, 186, 2.77154180870818e-05, 31299.2692428342 
3026192, 645, 2.83374422624614e-05, 11555.8631887454 
3003247, 10, 2.43344527181584e-05, 7688.10849326043 
2847992, 644, 3.13961885027158e-05, 204978.054147967 
3039385, 1, 2.33492107966751e-05, 0 
308754, 684, 2.91214071463933e-05, 11878.3822106617 
33052, 72, 2.56219734043916e-05, 10230.2365124231 
89184, 231, 2.91587694999271e-05, 1662.15742334312 
1609966, 143, 2.87414135027161e-05, 1694.30645248467 
2220095, 609, 2.88842032292539e-05, 9614.42308391258 
2587849, 665, 2.98115907464822e-05, 19598.9566082823 
3009083, 116, 2.53434031121699e-05, 12683.2965184083 
2953657, 144, 2.98427288191232e-05, 3256.00781863521 
1981173, 153, 2.77169544610438e-05, 13791.5194819965 
2182384, 64, 2.37214156940886e-05, 2979.51558315913 
159346, 654, 2.92141396435875e-05, 10172.8794523574 
195105, 198, 3.01459061859399e-05, 14037.6146277303 
2893890, 53, 2.98275964922747e-05, 4098.09969739337 
1032851, 668, 2.89661964487443e-05, 11373.8345129442 
2800818, 1, 1.89365247689744e-05, 0 
2867231, 30, 2.24059510205911e-05, 30.8149963580904 
1710540, 703, 2.91392272276939e-05, 17640.4518611812 
34002, 291, 2.91002211616808e-05, 2920.70801038094 
1919, 699, 2.8705112380515e-05, 11586.9836657792 
2781021, 41, 2.3898288882516e-05, 6835.68855772032 
2795779, 125, 3.06550994757978e-05, 48614.3624315069 
2202141, 34, 2.90832945556073e-05, 429.61426193982 
1009682, 83, 2.97362395551459e-05, 900.660922756092 
2184083, 189, 3.10077519379845e-05, 22964.7763191971 
2692330, 204, 3.08232900779829e-05, 10639.8462291118 
74031, 735, 2.93634014564247e-05, 15597.1036506669 
361183, 67, 2.3885730664501e-05, 5323.57895336637 
2878151, 141, 3.14930872673448e-05, 49760.6389888821 
1620421, 5, 2.66716453738031e-05, 20.6491003833299 
208223, 3, 2.50331689488572e-05, 30.0861911722635 
2982694, 182, 3.10260308398747e-05, 24767.937095977 
1396, 113, 2.6704408897909e-05, 11690.1927058866 
223392, 645, 2.8511960767542e-05, 20825.7857497634 
72000, 690, 2.88550323176362e-05, 13951.6601417003 
2743089, 784, 2.98596595998806e-05, 31637.8698087516 
2587163, 564, 2.95237814059225e-05, 10806.6535866547 
191028, 99, 2.9332394696703e-05, 1181.47585710829 
1368430, 150, 2.67572846707516e-05, 18162.162545771 
2175666, 689, 2.85975749256463e-05, 10554.0701985355 
2861284, 53, 2.62791369931411e-05, 2973.72950367726 
2829499, 681, 2.89989560375826e-05, 13040.3599502598 
1478019, 195, 2.80954120192173e-05, 30811.4026131424 
487698, 185, 2.73373428102788e-05, 64779.3042607808 
1963268, 702, 2.93160564040925e-05, 12246.4118420519 
2920387, 72, 2.67101151205962e-05, 1615.85618377923 
56688, 769, 2.96823983377857e-05, 23134.6728246441 
2691571, 23, 2.3665838362324e-05, 3765.71596677757 
2604158, 617, 3.07730182176268e-05, 70676.1653408106 
1265445, 55, 2.53871541000254e-05, 36.4484486572304 
2690837, 734, 2.95490810235802e-05, 17605.5450803535 
2691359, 1, 2.03915171288744e-05, 0 
1872427, 161, 3.11963812197785e-05, 53285.6217262754 
2528642, 211, 3.08128427928761e-05, 14331.012602171 
386911, 680, 2.91120815138282e-05, 12330.3007265597 
1938841, 689, 2.85038337656415e-05, 11520.976017614 
85021, 143, 2.66410912190963e-05, 25308.323978906 
13134, 1, 2.55069506440505e-05, 0 
1385715, 54, 2.98427288191232e-05, 1495.9558052797 
3031330, 64, 2.81737758494393e-05, 28818.5380564101 
1903704, 379, 3.15059861373661e-05, 52264.8810262165 
2781022, 21, 2.37456367392492e-05, 2879.97016405661 
2605989, 58, 2.93513354857646e-05, 52790.1518476243 
416, 167, 3.13587757533946e-05, 157237.302712702 
60035, 492, 3.0852770578798e-05, 46298.9005633237 
1550733, 94, 2.54738129203179e-05, 20634.5577651086 
2587851, 68, 2.40222926876141e-05, 1996.74712537986 
2716227, 589, 2.8247789610463e-05, 10437.1489392505 
2692125, 1, 2.32915637955932e-05, 0 
2219225, 62, 2.63824398480371e-05, 535.859077984779 
328692, 719, 2.9709735880448e-05, 22372.7371786705 
84566, 186, 2.73336066694e-05, 62305.5617036983 
173479, 446, 2.88425485275879e-05, 10996.7379261789 
1805478, 764, 2.95919273222265e-05, 20211.3752269292 
2678260, 90, 2.86869961846295e-05, 27711.9446252196 
2930199, 414, 2.94620234517707e-05, 6510.99033008023 
2979863, 116, 2.66645335039863e-05, 20809.1541626215 
2057246, 613, 2.82541745542904e-05, 9002.6820207582 
2894192, 19, 2.47163795447243e-05, 1022.89183119408 
2932250, 503, 3.00797112347721e-05, 12847.2008537534 
221822, 38, 2.83776497630466e-05, 76.5017903138698 
2724527, 37, 2.34912729920834e-05, 2602.55245494655 
1930273, 33, 2.87009930543597e-05, 2733.59644756486 
1964449, 628, 2.85714285714286e-05, 9196.84025544282 
35799, 15, 2.30457227138643e-05, 4994.61617002896 
41276, 1, 2.24361131677548e-05, 0 
158080, 474, 2.99204117048651e-05, 9879.08005450074 
2202254, 714, 2.92286557741209e-05, 13082.663444107 
2840474, 46, 2.75633958103638e-05, 434.973409548601 
3041765, 462, 2.78373187094619e-05, 9842.49167174776 
1837283, 651, 2.86057554780022e-05, 13209.0498465647 
242605, 89, 2.81864817633463e-05, 24871.1662877911 
3026162, 727, 2.93109007239792e-05, 15145.8200009736 
2235, 758, 2.97503941927231e-05, 24234.7632261746 
1050, 200, 3.1175957101883e-05, 22474.7853499474 
1357074, 87, 2.80946226892173e-05, 14681.9536633733 
3016091, 544, 2.81769512538743e-05, 8317.22867253917 
2681310, 203, 3.15836017939486e-05, 69024.9730672534 
2762576, 3, 2.4883668848135e-05, 0 
3034023, 690, 2.90841404182299e-05, 11194.4256488454 
2779671, 556, 2.82973485384419e-05, 5770.50511239379 
130049, 329, 3.08327937594425e-05, 14512.7146503602 
114687, 717, 2.9375477351507e-05, 15735.6767775354 
157782, 114, 3.06428877857449e-05, 44903.5306391114 
2020486, 16, 2.26044892515654e-05, 8522.5013472536 
2583377, 515, 3.13096840852876e-05, 59106.0935807332 
2653853, 32, 2.91307387555348e-05, 9347.98131650934 
2683284, 38, 2.85241599634891e-05, 45.521446125933 
2813744, 679, 2.92594434853849e-05, 16305.3294418966 
1325107, 56, 3.04358412466521e-05, 7581.91271142377 
2527996, 16, 2.78009452321379e-05, 183.918549103554 
2878152, 163, 3.07948141532966e-05, 12433.6845979152 
2708301, 121, 3.06983883346124e-05, 24420.8406387529 
2742, 43, 2.94941749004572e-05, 9961.2976659301 
2127060, 50, 3.01968836816041e-05, 11407.8858388407 
2613965, 349, 3.04887344126345e-05, 28871.5490159418 
2961596, 751, 2.95272684323973e-05, 17835.6565346318 
2023772, 590, 3.00724746639401e-05, 19985.5739604146 
573737, 176, 3.13745176167916e-05, 53228.3323695654 
1526572, 14, 2.85266010554842e-05, 44.0307685925141 
1549850, 260, 2.8724901617212e-05, 1604.03242337165 
2493674, 87, 2.52111433253498e-05, 10779.2331357109 
1783348, 664, 2.86147594929465e-05, 11675.0067090285 
886343, 705, 2.98035943134742e-05, 22246.1394029725 
2755559, 706, 2.92577313555107e-05, 15463.271854634 
1393, 244, 3.03158915903717e-05, 4216.57578809676 
29581, 90, 2.7466490881125e-05, 13685.3656502311 
202907, 189, 2.86000286000286e-05, 53851.2019043727 
2883126, 74, 2.81278127812781e-05, 172.932862920068 
67258, 664, 2.88134616492825e-05, 17013.513966828 
488729, 82, 3.07834385100816e-05, 12768.7088946723 
187304, 21, 2.76571618220538e-05, 423.168482997747 
1564114, 601, 2.84486927825666e-05, 10011.405525898 
2081791, 112, 2.77654375832963e-05, 15787.4846132666 
2842346, 127, 2.63345008295368e-05, 7249.22127221383 
2961599, 735, 2.96507145822214e-05, 18588.5203420248 
2590869, 51, 2.71134970988558e-05, 2112.0409786869 
512402, 602, 2.8589399050832e-05, 9077.4705444593 
2494234, 116, 3.078438615934e-05, 5558.18812492074 
2497861, 164, 3.1008713448479e-05, 8657.36999327945 
2094119, 666, 2.88975581563358e-05, 10037.9035315776 
2811422, 114, 3.03656018462286e-05, 4054.79767461853 
2986919, 257, 2.76456928010616e-05, 5271.22673695983 
2872309, 494, 2.82342311818849e-05, 6503.1974561151 
432329, 736, 2.9592803030303e-05, 18006.7081861234 
2494374, 381, 2.94325406169061e-05, 9440.40628458868 
980427, 688, 3.02681760397118e-05, 28886.4251396133 
2798804, 194, 2.88750288750289e-05, 108668.131320654 
2828862, 1, 1.7166497862771e-05, 0 
641491, 689, 3.02727575454848e-05, 25425.3393694318 
1411902, 368, 3.02151317379744e-05, 10830.2441041511 
1734031, 723, 2.92483182217023e-05, 14305.2427178409 
2011015, 87, 2.76327060709055e-05, 10733.3872701558 
2609255, 620, 2.93169158604515e-05, 13122.4030743174 
2907343, 475, 3.09482545184452e-05, 34802.0796938848 
3016341, 25, 2.86508323066785e-05, 10192.3518603103 
3032001, 710, 2.90697674418605e-05, 14325.9673827242 
2169400, 163, 2.91681250729203e-05, 1545.15175400406 
3029055, 368, 3.08918476414074e-05, 15131.9700731841 
2020312, 147, 2.81928390188892e-05, 36823.7805199565 
134034, 709, 2.92218228573098e-05, 13175.8640422334 
499555, 658, 2.8872527789808e-05, 10515.1124999336 
2972478, 67, 2.91766353504114e-05, 24335.0082421758 
404432, 104, 2.9592803030303e-05, 969.180796278278 
656366, 1, 1.51687523701176e-05, 0 
2886352, 311, 2.74378532623608e-05, 477.685021968841 
2867011, 227, 2.8534741047225e-05, 879.498281114354 
2979861, 75, 2.67058352249967e-05, 14526.077941361 
368607, 116, 2.68276324614353e-05, 13063.0044150885 
244596, 16, 2.87117057624393e-05, 1165.77473746373 
1546107, 624, 2.8518465706545e-05, 14802.2019099497 
2931382, 20, 2.74740370350019e-05, 1600.22893494391 
2676868, 174, 2.82829425573437e-05, 35389.7737219316 
2909249, 61, 2.38811673114582e-05, 2547.13499724627 
1414719, 698, 2.93539202160449e-05, 12200.3343365638 
66428, 644, 2.87927212000806e-05, 8979.98106947724 
2766784, 71, 2.64312523127346e-05, 19412.1283662524 
46352, 625, 2.87397614599799e-05, 11526.8041014738 
1484118, 585, 3.0902348578492e-05, 50444.0072737035 
2773299, 638, 3.060162800661e-05, 42060.4153186604 
74426, 672, 3.04701544836832e-05, 37872.6349755576 
1809410, 164, 2.80159130386059e-05, 18590.7615865636 
2723776, 222, 3.14366551398931e-05, 25708.2104086663 
1125847, 2, 2.36490481258129e-05, 0 
59737, 611, 2.89552930275654e-05, 9784.803576524 
83564, 275, 3.08365968731691e-05, 17616.7760748974 
2597659, 698, 2.98000417200584e-05, 23461.0764677873 
482, 140, 3.11303427450736e-05, 78288.2202557797 
74329, 2, 2.10637177461822e-05, 939.314869711067 
1307763, 382, 3.12705212795897e-05, 38740.5853157209 
488730, 51, 3.02288322602098e-05, 8221.46915811314 
2995143, 3, 2.63213308064856e-05, 16092.9740076014 
413, 118, 3.15477317180895e-05, 273693.975658523 
2584094, 71, 2.43267570000243e-05, 4919.35127917782 
435, 187, 3.12989045383412e-05, 28951.8871391717 
1364945, 693, 2.90073678714393e-05, 11665.6671872536 
2604047, 138, 3.10896937665164e-05, 17258.8411632665 
2979468, 575, 2.81365183872148e-05, 10280.5571148786 
419475, 4, 2.43724104313917e-05, 0.0866601593941186 
63745, 110, 3.03545410393395e-05, 4149.86786764569 
35760, 711, 2.94134949114654e-05, 14305.8906025211 
470931, 18, 2.80284769325635e-05, 6780.69889167767 
1046, 191, 3.11119407628648e-05, 29019.9583525505 
332999, 168, 2.72538973073149e-05, 2515.80166096171 
219687, 591, 2.86270468338486e-05, 8162.38504121043 
225194, 369, 3.11332503113325e-05, 31767.304255713 
3017783, 605, 2.94654959042961e-05, 9365.18143169532 
55395, 65, 2.98659020995729e-05, 8345.98632668754 
1294143, 60, 3.0598818885591e-05, 4860.58011750727 
2571029, 672, 2.89351851851852e-05, 16214.0557655964 
1176649, 142, 2.6665955574518e-05, 17124.5410216329 
1306787, 2, 2.52953228947968e-05, 7674 
1323948, 168, 3.1287153494775e-05, 17603.4084889421 
2744574, 698, 2.90478126997037e-05, 12598.8781912917 
2953749, 734, 2.9708853238265e-05, 20267.5012024375 
2917691, 610, 3.11225918894526e-05, 88454.5010551763 
1491, 83, 2.69019692241472e-05, 1829.3362003909 
2703787, 166, 2.83816767894647e-05, 36289.5944525583 
2777556, 670, 2.90934481554754e-05, 15150.6243845931 
2962671, 608, 2.94316743679548e-05, 9146.88067302947 
3032579, 733, 2.96208530805687e-05, 15132.3041976066 
2773308, 117, 3.09971792566876e-05, 8184.37442458601 
1494608, 4, 2.05735917376456e-05, 0 
43927, 700, 2.95796728488183e-05, 14171.400339919 
194924, 234, 3.16676166951675e-05, 40968.7004484839 
266951, 50, 2.39040015298561e-05, 9474.13907131783 
33072, 474, 3.11516775178343e-05, 25556.3849915002 
1003114, 92, 2.61458415039088e-05, 33954.1117113353 
2956797, 666, 3.10752019888129e-05, 53530.7358386635 
715179, 121, 2.72828963522768e-05, 35562.2060275299 
1302308, 610, 2.86459079320519e-05, 7734.76033837644 
3050071, 316, 3.13587757533946e-05, 41614.1782224933 
3033386, 750, 3.02032679935969e-05, 25992.5185131611 
869886, 691, 2.90816029779561e-05, 11151.0312637472 
1773489, 66, 2.89134331810559e-05, 379.606381032268 
167964, 108, 3.02160447197462e-05, 2315.8545243822 
648, 1, 2.49202551834131e-05, 0 
1853682, 731, 2.96815173191654e-05, 17269.3653493469 
2993564, 219, 3.16646084671163e-05, 72423.0559661064 
1288970, 1, 1.99545037314922e-05, 0 
2079792, 228, 2.74280698867221e-05, 13222.3516238027 
3045156, 132, 2.80379072506028e-05, 24087.3810088626 
2072414, 65, 2.5642340632853e-05, 19476.2775491654 
430679, 61, 2.75050196660891e-05, 11754.370650987 
47883, 16, 2.92483182217023e-05, 11613.5664719869 
2607656, 115, 3.09052137095528e-05, 9739.84142137615 
2493670, 112, 2.57307533964594e-05, 12696.8921990547 
2963434, 612, 2.97840655249442e-05, 10101.3700385608 
2745495, 148, 3.12734550913185e-05, 71353.48472863 
83262, 652, 2.9410034703841e-05, 17771.0325211867 
2917727, 84, 2.66318676928813e-05, 2634.32672583821 
373, 97, 2.67873884974954e-05, 8241.98766662873 
140098, 143, 3.07758594158742e-05, 9541.51745411519 
156980, 156, 2.66709340161092e-05, 928.449491376348 
2600596, 50, 2.89578084730548e-05, 740.878323264032 
686597, 6, 2.78559291345163e-05, 34.0305632762483 
2875540, 193, 2.86065737906571e-05, 56297.417775031 
376, 20, 2.78800044608007e-05, 157.656811495834 
146922, 634, 2.88242584959502e-05, 10632.0328750693 
873, 631, 3.03269242433432e-05, 36584.697426454 
408015, 657, 2.88983932493353e-05, 13753.3428400388 
2055955, 72, 2.4778234798553e-05, 24752.1074749702 
2493677, 149, 2.67386828524827e-05, 54007.6894004544 
2908006, 11, 2.80764803324255e-05, 158.84050153541 
1972846, 586, 2.8379260436473e-05, 7449.84080870811 
2733488, 151, 3.09770150548293e-05, 6239.84428851132 
122277, 44, 2.95150674419291e-05, 3011.87538856573 
74318, 141, 3.09444238148286e-05, 12799.4059623797 
2528027, 26, 2.87612528401737e-05, 24750.470346236 
3031998, 742, 2.97229818095351e-05, 18476.7762951019 
388459, 496, 2.82541745542904e-05, 4457.87765033778 
1849581, 20, 2.67838011570602e-05, 337.726185361182 
645, 11, 2.88408848383468e-05, 666.120012594577 
1577075, 496, 2.81610813855252e-05, 4145.52254438448 
1484898, 36, 2.92218228573098e-05, 539.788543093409 
352, 366, 3.17894268366341e-05, 73655.4627704087 
119484, 329, 3.10530074837748e-05, 19468.1018200302 
